FPI,SPI,AI,SFI,FFI,FPD,SPD,AD,SFD,FFD,API_X,API_Y,API_Z,APD_X,APD_Y,APD_Z,AFD_X,AFD_Y,AFD_Z,AFI_X,AFI_Y,AFI_Z
34727.61249999999,118.05000000004657,-8613.449999999997,66.29999999998836,13444.5,24164.92499999999,-148.35000000000582,-517.8875000000116,-393.47499999999854,-8390.575000000012,0.375,-0.11250000000000004,0.025000000000005684,-0.037499999999999645,0.5999999999999996,-0.48750000000001137,0.0375,0.11249999999999982,-0.2749999999999999,-0.30000000000000004,-0.9375,-0.5374999999999943
34669.61249999999,97.05000000004657,-8610.449999999997,6.2999999999883585,13382.5,24158.92499999999,-157.35000000000582,-371.88750000001164,-313.47499999999854,-8444.575000000012,0.375,-0.11250000000000004,-0.9749999999999943,-0.037499999999999645,0.5999999999999996,0.5124999999999886,0.0375,0.11249999999999982,-0.2749999999999999,-1.3,0.0625,0.4625000000000057
34639.61249999999,-41.949999999953434,-8468.449999999997,-44.70000000001164,13319.5,24083.92499999999,-174.35000000000582,-440.88750000001164,-134.47499999999854,-8374.575000000012,-0.625,-0.11250000000000004,0.025000000000005684,-0.037499999999999645,-0.40000000000000036,0.5124999999999886,0.0375,0.11249999999999982,-0.2749999999999999,-0.30000000000000004,0.0625,0.4625000000000057
34626.61249999999,-73.94999999995343,-8404.449999999997,54.29999999998836,13307.5,23991.92499999999,309.6499999999942,-506.88750000001164,59.525000000001455,-8320.575000000012,-0.625,-0.11250000000000004,0.025000000000005684,-0.037499999999999645,-0.40000000000000036,0.5124999999999886,0.0375,0.11249999999999982,-0.2749999999999999,-0.30000000000000004,0.0625,-0.5374999999999943
34593.61249999999,-267.94999999995343,-8681.449999999997,15.299999999988358,13208.5,24001.92499999999,64.64999999999418,-428.88750000001164,224.52500000000146,-8295.575000000012,-0.625,-0.11250000000000004,0.025000000000005684,-0.037499999999999645,-0.40000000000000036,-0.48750000000001137,0.0375,-0.8875000000000002,0.7250000000000001,-0.30000000000000004,-0.9375,0.4625000000000057
34693.61249999999,-368.94999999995343,-8885.449999999997,-1.7000000000116415,13106.5,24104.92499999999,-463.3500000000058,-585.8875000000116,329.52500000000146,-8362.575000000012,0.375,-0.11250000000000004,0.025000000000005684,-0.037499999999999645,-0.40000000000000036,0.5124999999999886,0.0375,0.11249999999999982,0.7250000000000001,-0.30000000000000004,0.0625,0.4625000000000057
34554.61249999999,-204.94999999995343,-8729.449999999997,-17.70000000001164,13229.5,24158.92499999999,-421.3500000000058,-474.88750000001164,235.52500000000146,-8078.575000000012,0.375,0.8875,-0.9749999999999943,-0.037499999999999645,0.5999999999999996,0.5124999999999886,0.0375,0.11249999999999982,-0.2749999999999999,-0.30000000000000004,0.0625,0.4625000000000057
34559.61249999999,-138.94999999995343,-8541.449999999997,41.29999999998836,13148.5,24185.92499999999,26.64999999999418,-425.88750000001164,62.525000000001455,-8256.575000000012,0.375,0.8875,-1.9749999999999943,0.9625000000000004,-0.40000000000000036,-0.48750000000001137,0.0375,0.11249999999999982,0.7250000000000001,-1.3,0.0625,-0.5374999999999943
34558.61249999999,-66.94999999995343,-8509.449999999997,50.29999999998836,12974.5,24307.92499999999,370.6499999999942,-327.88750000001164,-144.47499999999854,-8349.575000000012,-0.625,0.8875,0.025000000000005684,-0.037499999999999645,-0.40000000000000036,-0.48750000000001137,0.0375,0.11249999999999982,-0.2749999999999999,-0.30000000000000004,0.0625,-0.5374999999999943
34438.61249999999,-131.94999999995343,-8348.449999999997,228.29999999998836,13045.5,24130.92499999999,7.649999999994179,-427.88750000001164,-95.47499999999854,-8113.575000000012,0.375,0.8875,-0.9749999999999943,0.9625000000000004,0.5999999999999996,-0.48750000000001137,0.0375,-0.8875000000000002,0.7250000000000001,-0.30000000000000004,0.0625,-0.5374999999999943
34610.61249999999,-286.94999999995343,-8416.449999999997,245.29999999998836,13035.5,23872.92499999999,-80.35000000000582,-573.8875000000116,-204.47499999999854,-7985.575000000012,0.375,0.8875,0.025000000000005684,-0.037499999999999645,0.5999999999999996,-0.48750000000001137,0.0375,0.11249999999999982,1.725,-0.30000000000000004,-0.9375,0.4625000000000057
34623.61249999999,-179.94999999995343,-8381.449999999997,274.29999999998836,12852.5,23944.92499999999,43.64999999999418,-554.8875000000116,-255.47499999999854,-8069.575000000012,0.375,0.8875,1.0250000000000057,-0.037499999999999645,0.5999999999999996,0.5124999999999886,0.0375,0.11249999999999982,-0.2749999999999999,0.7,0.0625,-0.5374999999999943
34372.61249999999,-161.94999999995343,-8203.449999999997,262.29999999998836,12916.5,24018.92499999999,121.64999999999418,-654.8875000000116,-234.47499999999854,-8321.575000000012,0.375,-0.11250000000000004,0.025000000000005684,0.9625000000000004,0.5999999999999996,1.5124999999999886,-0.9625,0.11249999999999982,0.7250000000000001,-0.30000000000000004,0.0625,-0.5374999999999943
34410.61249999999,-147.94999999995343,-8181.449999999997,191.29999999998836,12964.5,23847.92499999999,88.64999999999418,-654.8875000000116,-17.474999999998545,-8083.575000000012,0.375,-0.11250000000000004,-0.9749999999999943,0.9625000000000004,0.5999999999999996,0.5124999999999886,0.0375,0.11249999999999982,0.7250000000000001,-0.30000000000000004,0.0625,0.4625000000000057
34514.61249999999,-194.94999999995343,-8355.449999999997,100.29999999998836,12882.5,23947.92499999999,-212.35000000000582,-656.8875000000116,35.525000000001455,-8097.575000000012,1.375,-0.11250000000000004,0.025000000000005684,-0.037499999999999645,-0.40000000000000036,-0.48750000000001137,0.0375,0.11249999999999982,-0.2749999999999999,-0.30000000000000004,0.0625,0.4625000000000057
34481.61249999999,-85.94999999995343,-8440.449999999997,176.29999999998836,12856.5,23705.92499999999,-163.35000000000582,-554.8875000000116,78.52500000000146,-8489.575000000012,0.375,0.8875,0.025000000000005684,0.9625000000000004,-0.40000000000000036,-0.48750000000001137,0.0375,0.11249999999999982,0.7250000000000001,-0.30000000000000004,-0.9375,0.4625000000000057
34313.61249999999,-142.94999999995343,-8446.449999999997,245.29999999998836,12827.5,23672.92499999999,-29.35000000000582,-821.8875000000116,202.52500000000146,-8618.575000000012,0.375,0.8875,1.0250000000000057,-0.037499999999999645,-0.40000000000000036,-0.48750000000001137,0.0375,0.11249999999999982,0.7250000000000001,-0.30000000000000004,0.0625,-0.5374999999999943
34300.61249999999,-71.94999999995343,-8659.449999999997,162.29999999998836,13153.5,23741.92499999999,-64.35000000000582,-827.8875000000116,15.525000000001455,-8508.575000000012,-0.625,-0.11250000000000004,0.025000000000005684,0.9625000000000004,0.5999999999999996,0.5124999999999886,0.0375,0.11249999999999982,0.7250000000000001,-0.30000000000000004,0.0625,-0.5374999999999943
34419.61249999999,-155.94999999995343,-8695.449999999997,91.29999999998836,13028.5,23723.92499999999,-57.35000000000582,-750.8875000000116,-211.47499999999854,-8585.575000000012,0.375,-0.11250000000000004,1.0250000000000057,-0.037499999999999645,-0.40000000000000036,0.5124999999999886,0.0375,0.11249999999999982,-0.2749999999999999,0.7,-0.9375,0.4625000000000057
34516.61249999999,-126.94999999995343,-8713.449999999997,237.29999999998836,13030.5,23714.92499999999,-134.35000000000582,-699.8875000000116,-296.47499999999854,-8562.575000000012,0.375,-0.11250000000000004,1.0250000000000057,-0.037499999999999645,-0.40000000000000036,0.5124999999999886,-0.9625,0.11249999999999982,0.7250000000000001,-0.30000000000000004,-0.9375,-0.5374999999999943
34441.61249999999,-43.949999999953434,-8594.449999999997,311.29999999998836,13300.5,23481.92499999999,22.64999999999418,-811.8875000000116,-397.47499999999854,-8746.575000000012,0.375,-0.11250000000000004,1.0250000000000057,-0.037499999999999645,-0.40000000000000036,0.5124999999999886,0.0375,0.11249999999999982,-0.2749999999999999,-1.3,0.0625,0.4625000000000057
34461.61249999999,-11.949999999953434,-8756.449999999997,93.29999999998836,13411.5,23650.92499999999,-122.35000000000582,-648.8875000000116,-280.47499999999854,-8906.575000000012,0.375,0.8875,1.0250000000000057,-0.037499999999999645,-0.40000000000000036,-0.48750000000001137,0.0375,0.11249999999999982,0.7250000000000001,-1.3,-0.9375,0.4625000000000057
34395.61249999999,-260.94999999995343,-8854.449999999997,159.29999999998836,13094.5,23558.92499999999,-25.35000000000582,-739.8875000000116,-234.47499999999854,-8463.575000000012,0.375,-0.11250000000000004,0.025000000000005684,-0.037499999999999645,-0.40000000000000036,-0.48750000000001137,0.0375,0.11249999999999982,0.7250000000000001,-0.30000000000000004,0.0625,-0.5374999999999943
34355.61249999999,-383.94999999995343,-8913.449999999997,109.29999999998836,13178.5,23698.92499999999,40.64999999999418,-833.8875000000116,-615.4749999999985,-8589.575000000012,0.375,-0.11250000000000004,0.025000000000005684,-0.037499999999999645,-0.40000000000000036,0.5124999999999886,0.0375,0.11249999999999982,-0.2749999999999999,0.7,0.0625,0.4625000000000057
34249.61249999999,120.05000000004657,-8896.449999999997,74.29999999998836,13161.5,23938.92499999999,-104.35000000000582,-592.8875000000116,-709.4749999999985,-8664.575000000012,0.375,-0.11250000000000004,0.025000000000005684,-1.0374999999999996,0.5999999999999996,0.5124999999999886,0.0375,0.11249999999999982,0.7250000000000001,-0.30000000000000004,0.0625,0.4625000000000057
34190.61249999999,114.05000000004657,-8762.449999999997,29.29999999998836,13300.5,24070.92499999999,208.64999999999418,-580.8875000000116,-613.4749999999985,-8597.575000000012,0.375,-0.11250000000000004,0.025000000000005684,-0.037499999999999645,0.5999999999999996,-0.48750000000001137,0.0375,0.11249999999999982,-0.2749999999999999,-0.30000000000000004,0.0625,-0.5374999999999943
34249.61249999999,63.050000000046566,-8474.449999999997,203.29999999998836,13291.5,24116.92499999999,-142.35000000000582,-750.8875000000116,-805.4749999999985,-8553.575000000012,0.375,0.8875,1.0250000000000057,-0.037499999999999645,0.5999999999999996,-0.48750000000001137,0.0375,0.11249999999999982,-0.2749999999999999,-0.30000000000000004,0.0625,0.4625000000000057
34264.61249999999,119.05000000004657,-8539.449999999997,177.29999999998836,13166.5,24106.92499999999,-94.35000000000582,-583.8875000000116,-737.4749999999985,-8733.575000000012,0.375,-0.11250000000000004,0.025000000000005684,0.9625000000000004,0.5999999999999996,-0.48750000000001137,0.0375,0.11249999999999982,-0.2749999999999999,-0.30000000000000004,0.0625,-0.5374999999999943
34226.61249999999,31.050000000046566,-8581.449999999997,-52.70000000001164,13086.5,24039.92499999999,-107.35000000000582,-719.8875000000116,-625.4749999999985,-8590.575000000012,0.375,0.8875,0.025000000000005684,-0.037499999999999645,0.5999999999999996,-0.48750000000001137,0.0375,0.11249999999999982,-0.2749999999999999,0.7,0.0625,-0.5374999999999943
34268.61249999999,22.050000000046566,-8567.449999999997,-99.70000000001164,13125.5,24247.92499999999,-159.35000000000582,-638.8875000000116,-614.4749999999985,-8524.575000000012,0.375,-0.11250000000000004,1.0250000000000057,-0.037499999999999645,0.5999999999999996,-0.48750000000001137,0.0375,0.11249999999999982,-0.2749999999999999,-0.30000000000000004,0.0625,-0.5374999999999943
34231.61249999999,110.05000000004657,-8408.449999999997,-119.70000000001164,13071.5,24293.92499999999,-215.35000000000582,-643.8875000000116,-658.4749999999985,-8762.575000000012,0.375,0.8875,0.025000000000005684,-0.037499999999999645,0.5999999999999996,0.5124999999999886,0.0375,0.11249999999999982,-0.2749999999999999,-0.30000000000000004,0.0625,0.4625000000000057
34140.61249999999,178.05000000004657,-8451.449999999997,-198.70000000001164,13032.5,24250.92499999999,-198.35000000000582,-539.8875000000116,-576.4749999999985,-8611.575000000012,0.375,-0.11250000000000004,0.025000000000005684,-0.037499999999999645,-0.40000000000000036,0.5124999999999886,0.0375,0.11249999999999982,0.7250000000000001,-0.30000000000000004,0.0625,-0.5374999999999943
34241.61249999999,132.05000000004657,-8396.449999999997,-263.70000000001164,13132.5,24174.92499999999,-168.35000000000582,-613.8875000000116,-616.4749999999985,-8606.575000000012,0.375,-0.11250000000000004,-0.9749999999999943,0.9625000000000004,-0.40000000000000036,-0.48750000000001137,0.0375,0.11249999999999982,-0.2749999999999999,-0.30000000000000004,0.0625,0.4625000000000057
34349.61249999999,42.050000000046566,-8367.449999999997,-369.70000000001164,13157.5,24216.92499999999,39.64999999999418,-497.88750000001164,-729.4749999999985,-8667.575000000012,0.375,-0.11250000000000004,-0.9749999999999943,-0.037499999999999645,-0.40000000000000036,0.5124999999999886,0.0375,0.11249999999999982,0.7250000000000001,0.7,0.0625,0.4625000000000057
34304.61249999999,190.05000000004657,-8484.449999999997,-107.70000000001164,13216.5,24264.92499999999,14.64999999999418,-445.88750000001164,-813.4749999999985,-8680.575000000012,-0.625,0.8875,0.025000000000005684,0.9625000000000004,0.5999999999999996,-0.48750000000001137,0.0375,0.11249999999999982,-0.2749999999999999,-0.30000000000000004,0.0625,0.4625000000000057
34377.61249999999,237.05000000004657,-8798.449999999997,-84.70000000001164,13172.5,24156.92499999999,-14.35000000000582,-475.88750000001164,-891.4749999999985,-8605.575000000012,0.375,-0.11250000000000004,0.025000000000005684,-1.0374999999999996,0.5999999999999996,0.5124999999999886,0.0375,-0.8875000000000002,-0.2749999999999999,-0.30000000000000004,0.0625,0.4625000000000057
34218.61249999999,270.05000000004657,-8737.449999999997,-97.70000000001164,13086.5,24096.92499999999,-85.35000000000582,-556.8875000000116,-874.4749999999985,-8610.575000000012,0.375,-0.11250000000000004,0.025000000000005684,-1.0374999999999996,-0.40000000000000036,0.5124999999999886,0.0375,-0.8875000000000002,-0.2749999999999999,-0.30000000000000004,0.0625,0.4625000000000057
34319.61249999999,209.05000000004657,-8759.449999999997,-38.70000000001164,13192.5,24085.92499999999,132.64999999999418,-756.8875000000116,-905.4749999999985,-8816.575000000012,-0.625,-0.11250000000000004,1.0250000000000057,0.9625000000000004,-0.40000000000000036,0.5124999999999886,0.0375,0.11249999999999982,-0.2749999999999999,0.7,0.0625,0.4625000000000057
34320.61249999999,208.05000000004657,-8652.449999999997,-54.70000000001164,13141.5,24045.92499999999,-44.35000000000582,-554.8875000000116,-917.4749999999985,-8913.575000000012,-0.625,-0.11250000000000004,0.025000000000005684,-0.037499999999999645,0.5999999999999996,-0.48750000000001137,0.0375,0.11249999999999982,-0.2749999999999999,-0.30000000000000004,0.0625,0.4625000000000057
34240.61249999999,149.05000000004657,-8673.449999999997,-35.70000000001164,13171.5,23996.92499999999,-197.35000000000582,-623.8875000000116,-979.4749999999985,-8858.575000000012,0.375,-0.11250000000000004,-0.9749999999999943,-0.037499999999999645,-0.40000000000000036,0.5124999999999886,0.0375,0.11249999999999982,-0.2749999999999999,-0.30000000000000004,0.0625,-0.5374999999999943
34275.61249999999,139.05000000004657,-8749.449999999997,106.29999999998836,13318.5,23797.92499999999,91.64999999999418,-631.8875000000116,-1036.4749999999985,-8740.575000000012,0.375,-0.11250000000000004,-0.9749999999999943,-0.037499999999999645,-0.40000000000000036,-0.48750000000001137,0.0375,0.11249999999999982,-0.2749999999999999,-0.30000000000000004,0.0625,0.4625000000000057
34278.61249999999,236.05000000004657,-8658.449999999997,77.29999999998836,13404.5,23887.92499999999,14.64999999999418,-536.8875000000116,-925.4749999999985,-8711.575000000012,0.375,-0.11250000000000004,-0.9749999999999943,-0.037499999999999645,-0.40000000000000036,0.5124999999999886,0.0375,0.11249999999999982,-0.2749999999999999,-0.30000000000000004,0.0625,0.4625000000000057
34241.61249999999,162.05000000004657,-8592.449999999997,68.29999999998836,13322.5,24028.92499999999,-138.35000000000582,-594.8875000000116,-938.4749999999985,-8890.575000000012,0.375,-1.1125,-0.9749999999999943,-0.037499999999999645,-0.40000000000000036,-0.48750000000001137,0.0375,-0.8875000000000002,-0.2749999999999999,-0.30000000000000004,0.0625,0.4625000000000057
34239.61249999999,126.05000000004657,-8551.449999999997,-11.700000000011642,13327.5,24054.92499999999,-78.35000000000582,-661.8875000000116,-745.4749999999985,-8889.575000000012,0.375,-0.11250000000000004,0.025000000000005684,0.9625000000000004,-0.40000000000000036,-0.48750000000001137,0.0375,0.11249999999999982,-0.2749999999999999,-0.30000000000000004,-0.9375,-0.5374999999999943
34236.61249999999,253.05000000004657,-8655.449999999997,-193.70000000001164,13438.5,23892.92499999999,-19.35000000000582,-595.8875000000116,-537.4749999999985,-8795.575000000012,0.375,0.8875,0.025000000000005684,-0.037499999999999645,-0.40000000000000036,0.5124999999999886,0.0375,0.11249999999999982,-0.2749999999999999,-0.30000000000000004,0.0625,0.4625000000000057
34311.61249999999,180.05000000004657,-8689.449999999997,-243.70000000001164,13365.5,24054.92499999999,-63.35000000000582,-593.8875000000116,-481.47499999999854,-8878.575000000012,0.375,0.8875,0.025000000000005684,-1.0374999999999996,-0.40000000000000036,0.5124999999999886,0.0375,0.11249999999999982,-0.2749999999999999,-0.30000000000000004,0.0625,0.4625000000000057
34223.61249999999,38.050000000046566,-8573.449999999997,-269.70000000001164,13314.5,23908.92499999999,-116.35000000000582,-567.8875000000116,-362.47499999999854,-8826.575000000012,-0.625,-0.11250000000000004,0.025000000000005684,-0.037499999999999645,0.5999999999999996,0.5124999999999886,0.0375,0.11249999999999982,-0.2749999999999999,-0.30000000000000004,0.0625,-0.5374999999999943
34344.61249999999,23.050000000046566,-8537.449999999997,-159.70000000001164,13059.5,23876.92499999999,27.64999999999418,-728.8875000000116,-126.47499999999854,-8557.575000000012,0.375,-0.11250000000000004,0.025000000000005684,-0.037499999999999645,-0.40000000000000036,0.5124999999999886,0.0375,0.11249999999999982,-0.2749999999999999,-0.30000000000000004,0.0625,-0.5374999999999943
34387.61249999999,-76.94999999995343,-8717.449999999997,-72.70000000001164,12901.5,23769.92499999999,22.64999999999418,-533.8875000000116,-35.474999999998545,-8768.575000000012,0.375,-0.11250000000000004,1.0250000000000057,0.9625000000000004,0.5999999999999996,0.5124999999999886,0.0375,-0.8875000000000002,-0.2749999999999999,-0.30000000000000004,0.0625,-0.5374999999999943
34276.61249999999,52.050000000046566,-8657.449999999997,65.29999999998836,12982.5,24073.92499999999,-118.35000000000582,-553.8875000000116,52.525000000001455,-8529.575000000012,0.375,-0.11250000000000004,0.025000000000005684,0.9625000000000004,0.5999999999999996,0.5124999999999886,0.0375,0.11249999999999982,0.7250000000000001,-0.30000000000000004,0.0625,0.4625000000000057
34288.61249999999,15.050000000046566,-8579.449999999997,82.29999999998836,13019.5,24194.92499999999,-94.35000000000582,-596.8875000000116,-71.47499999999854,-8529.575000000012,-0.625,0.8875,-0.9749999999999943,-0.037499999999999645,-0.40000000000000036,-0.48750000000001137,0.0375,0.11249999999999982,-0.2749999999999999,-0.30000000000000004,-0.9375,-0.5374999999999943
34365.61249999999,49.050000000046566,-8465.449999999997,6.2999999999883585,13183.5,24306.92499999999,-91.35000000000582,-491.88750000001164,-374.47499999999854,-8484.575000000012,0.375,-0.11250000000000004,0.025000000000005684,-0.037499999999999645,0.5999999999999996,-0.48750000000001137,0.0375,0.11249999999999982,-0.2749999999999999,-0.30000000000000004,0.0625,0.4625000000000057
34218.61249999999,88.05000000004657,-8557.449999999997,-28.70000000001164,13187.5,24316.92499999999,-117.35000000000582,-489.88750000001164,-527.4749999999985,-8384.575000000012,0.375,-0.11250000000000004,0.025000000000005684,-0.037499999999999645,-0.40000000000000036,-0.48750000000001137,0.0375,0.11249999999999982,-0.2749999999999999,0.7,0.0625,-0.5374999999999943
34351.61249999999,2.050000000046566,-8843.449999999997,-145.70000000001164,13230.5,24100.92499999999,52.64999999999418,-797.8875000000116,-237.47499999999854,-8594.575000000012,0.375,-0.11250000000000004,0.025000000000005684,-0.037499999999999645,-0.40000000000000036,-0.48750000000001137,0.0375,0.11249999999999982,-0.2749999999999999,-0.30000000000000004,0.0625,0.4625000000000057
34283.61249999999,139.05000000004657,-8788.449999999997,-159.70000000001164,13217.5,24231.92499999999,-89.35000000000582,-649.8875000000116,-297.47499999999854,-8679.575000000012,0.375,-0.11250000000000004,0.025000000000005684,-0.037499999999999645,-0.40000000000000036,-0.48750000000001137,0.0375,0.11249999999999982,-0.2749999999999999,-0.30000000000000004,-0.9375,-0.5374999999999943
34256.61249999999,139.05000000004657,-8606.449999999997,-163.70000000001164,13269.5,24102.92499999999,-117.35000000000582,-600.8875000000116,-188.47499999999854,-8644.575000000012,-0.625,-0.11250000000000004,-0.9749999999999943,-0.037499999999999645,-0.40000000000000036,0.5124999999999886,0.0375,0.11249999999999982,-0.2749999999999999,-0.30000000000000004,-0.9375,0.4625000000000057
34226.61249999999,21.050000000046566,-8709.449999999997,-142.70000000001164,13219.5,23971.92499999999,-20.35000000000582,-668.8875000000116,-190.47499999999854,-8527.575000000012,0.375,-0.11250000000000004,-0.9749999999999943,-0.037499999999999645,0.5999999999999996,-0.48750000000001137,0.0375,0.11249999999999982,-0.2749999999999999,-0.30000000000000004,0.0625,0.4625000000000057
34307.61249999999,-143.94999999995343,-8849.449999999997,233.29999999998836,13219.5,24026.92499999999,-14.35000000000582,-584.8875000000116,-149.47499999999854,-8575.575000000012,0.375,-0.11250000000000004,0.025000000000005684,-0.037499999999999645,0.5999999999999996,0.5124999999999886,0.0375,0.11249999999999982,-0.2749999999999999,-0.30000000000000004,0.0625,-0.5374999999999943
34332.61249999999,-8.949999999953434,-8824.449999999997,280.29999999998836,13246.5,24009.92499999999,-59.35000000000582,-565.8875000000116,-123.47499999999854,-8702.575000000012,-0.625,-0.11250000000000004,1.0250000000000057,-0.037499999999999645,-0.40000000000000036,0.5124999999999886,0.0375,0.11249999999999982,-0.2749999999999999,0.7,0.0625,-0.5374999999999943
34264.61249999999,-97.94999999995343,-8777.449999999997,281.29999999998836,13325.5,24063.92499999999,37.64999999999418,-685.8875000000116,-104.47499999999854,-8748.575000000012,-0.625,-0.11250000000000004,-0.9749999999999943,0.9625000000000004,-0.40000000000000036,0.5124999999999886,0.0375,0.11249999999999982,-0.2749999999999999,-0.30000000000000004,0.0625,0.4625000000000057
34271.61249999999,-56.949999999953434,-8623.449999999997,326.29999999998836,13254.5,24039.92499999999,-64.35000000000582,-624.8875000000116,-176.47499999999854,-8615.575000000012,0.375,-0.11250000000000004,-0.9749999999999943,-0.037499999999999645,-0.40000000000000036,0.5124999999999886,0.0375,0.11249999999999982,-0.2749999999999999,-0.30000000000000004,0.0625,0.4625000000000057
34298.61249999999,-43.949999999953434,-8636.449999999997,270.29999999998836,13188.5,23791.92499999999,-73.35000000000582,-628.8875000000116,-118.47499999999854,-8499.575000000012,0.375,0.8875,-0.9749999999999943,-0.037499999999999645,-0.40000000000000036,1.5124999999999886,0.0375,0.11249999999999982,-0.2749999999999999,-0.30000000000000004,0.0625,0.4625000000000057
34290.61249999999,-121.94999999995343,-8709.449999999997,264.29999999998836,13276.5,24115.92499999999,-120.35000000000582,-590.8875000000116,-59.474999999998545,-8568.575000000012,-0.625,-0.11250000000000004,0.025000000000005684,-0.037499999999999645,-0.40000000000000036,-0.48750000000001137,0.0375,0.11249999999999982,0.7250000000000001,0.7,0.0625,-0.5374999999999943
34205.61249999999,-26.949999999953434,-8693.449999999997,285.29999999998836,13331.5,23997.92499999999,-167.35000000000582,-609.8875000000116,-90.47499999999854,-8638.575000000012,0.375,-0.11250000000000004,0.025000000000005684,-0.037499999999999645,0.5999999999999996,-0.48750000000001137,0.0375,0.11249999999999982,-0.2749999999999999,-0.30000000000000004,0.0625,-1.5374999999999943
34271.61249999999,52.050000000046566,-8674.449999999997,154.29999999998836,13372.5,24038.92499999999,-149.35000000000582,-557.8875000000116,-194.47499999999854,-8574.575000000012,-0.625,0.8875,-0.9749999999999943,-0.037499999999999645,0.5999999999999996,-0.48750000000001137,0.0375,-0.8875000000000002,0.7250000000000001,-0.30000000000000004,0.0625,0.4625000000000057
34363.61249999999,44.050000000046566,-8519.449999999997,227.29999999998836,13275.5,23993.92499999999,-133.35000000000582,-707.8875000000116,-228.47499999999854,-8495.575000000012,0.375,-0.11250000000000004,0.025000000000005684,-0.037499999999999645,0.5999999999999996,0.5124999999999886,0.0375,0.11249999999999982,-0.2749999999999999,-0.30000000000000004,0.0625,0.4625000000000057
34255.61249999999,54.050000000046566,-8405.449999999997,321.29999999998836,13257.5,23932.92499999999,-141.35000000000582,-651.8875000000116,-157.47499999999854,-8571.575000000012,-0.625,0.8875,1.0250000000000057,-0.037499999999999645,0.5999999999999996,-0.48750000000001137,0.0375,0.11249999999999982,-0.2749999999999999,-0.30000000000000004,0.0625,-0.5374999999999943
34303.61249999999,-80.94999999995343,-8539.449999999997,107.29999999998836,13199.5,24131.92499999999,89.64999999999418,-502.88750000001164,-205.47499999999854,-8622.575000000012,0.375,-0.11250000000000004,0.025000000000005684,-0.037499999999999645,0.5999999999999996,0.5124999999999886,0.0375,1.1124999999999998,-0.2749999999999999,0.7,0.0625,-0.5374999999999943
34130.61249999999,63.050000000046566,-8540.449999999997,147.29999999998836,13166.5,24192.92499999999,66.64999999999418,-422.88750000001164,-312.47499999999854,-8630.575000000012,0.375,-0.11250000000000004,0.025000000000005684,-0.037499999999999645,0.5999999999999996,0.5124999999999886,0.0375,0.11249999999999982,-0.2749999999999999,0.7,0.0625,-0.5374999999999943
34214.61249999999,32.050000000046566,-8479.449999999997,59.29999999998836,12996.5,24059.92499999999,23.64999999999418,-563.8875000000116,-448.47499999999854,-8650.575000000012,-0.625,-0.11250000000000004,1.0250000000000057,-0.037499999999999645,-0.40000000000000036,0.5124999999999886,0.0375,0.11249999999999982,0.7250000000000001,0.7,0.0625,-0.5374999999999943
34324.61249999999,56.050000000046566,-8555.449999999997,155.29999999998836,13049.5,24161.92499999999,-22.35000000000582,-616.8875000000116,-377.47499999999854,-8547.575000000012,0.375,-0.11250000000000004,0.025000000000005684,0.9625000000000004,-0.40000000000000036,-0.48750000000001137,0.0375,0.11249999999999982,-0.2749999999999999,-0.30000000000000004,0.0625,-0.5374999999999943
34199.61249999999,82.05000000004657,-8567.449999999997,170.29999999998836,13113.5,24237.92499999999,-57.35000000000582,-636.8875000000116,-318.47499999999854,-8487.575000000012,-0.625,-0.11250000000000004,0.025000000000005684,-0.037499999999999645,-0.40000000000000036,0.5124999999999886,0.0375,0.11249999999999982,-0.2749999999999999,-0.30000000000000004,0.0625,0.4625000000000057
34200.61249999999,37.050000000046566,-8583.449999999997,-2.7000000000116415,13139.5,24193.92499999999,-19.35000000000582,-576.8875000000116,-323.47499999999854,-8549.575000000012,-0.625,-0.11250000000000004,1.0250000000000057,-0.037499999999999645,-0.40000000000000036,-0.48750000000001137,0.0375,0.11249999999999982,0.7250000000000001,0.7,-0.9375,0.4625000000000057
34208.61249999999,229.05000000004657,-8593.449999999997,43.29999999998836,13218.5,23987.92499999999,-31.35000000000582,-501.88750000001164,-406.47499999999854,-8679.575000000012,0.375,-0.11250000000000004,-0.9749999999999943,0.9625000000000004,-0.40000000000000036,-0.48750000000001137,0.0375,0.11249999999999982,-0.2749999999999999,-0.30000000000000004,0.0625,-0.5374999999999943
34261.61249999999,174.05000000004657,-8641.449999999997,-30.70000000001164,13208.5,23991.92499999999,-10.35000000000582,-665.8875000000116,-374.47499999999854,-8709.575000000012,0.375,-0.11250000000000004,-0.9749999999999943,-0.037499999999999645,0.5999999999999996,-0.48750000000001137,0.0375,0.11249999999999982,0.7250000000000001,-0.30000000000000004,-0.9375,0.4625000000000057
34124.61249999999,92.05000000004657,-8607.449999999997,98.29999999998836,13210.5,24112.92499999999,45.64999999999418,-535.8875000000116,-362.47499999999854,-8629.575000000012,0.375,-0.11250000000000004,-0.9749999999999943,-0.037499999999999645,-0.40000000000000036,-0.48750000000001137,0.0375,0.11249999999999982,-0.2749999999999999,0.7,-0.9375,-0.5374999999999943
34129.61249999999,72.05000000004657,-8723.449999999997,111.29999999998836,13249.5,24000.92499999999,58.64999999999418,-448.88750000001164,-347.47499999999854,-8568.575000000012,0.375,-0.11250000000000004,0.025000000000005684,0.9625000000000004,-0.40000000000000036,-0.48750000000001137,0.0375,-0.8875000000000002,-0.2749999999999999,-0.30000000000000004,0.0625,-0.5374999999999943
34382.61249999999,39.050000000046566,-8647.449999999997,-13.700000000011642,13361.5,24055.92499999999,-17.35000000000582,-588.8875000000116,-333.47499999999854,-8595.575000000012,-0.625,-0.11250000000000004,1.0250000000000057,-0.037499999999999645,0.5999999999999996,-0.48750000000001137,0.0375,0.11249999999999982,-0.2749999999999999,0.7,0.0625,0.4625000000000057
34359.61249999999,-35.949999999953434,-8672.449999999997,-121.70000000001164,13285.5,23981.92499999999,-36.35000000000582,-733.8875000000116,-258.47499999999854,-8592.575000000012,-0.625,-0.11250000000000004,0.025000000000005684,0.9625000000000004,-0.40000000000000036,-0.48750000000001137,0.0375,0.11249999999999982,-0.2749999999999999,0.7,0.0625,-0.5374999999999943
34290.61249999999,-7.949999999953434,-8649.449999999997,-60.70000000001164,13190.5,23894.92499999999,242.64999999999418,-669.8875000000116,-118.47499999999854,-8756.575000000012,0.375,0.8875,0.025000000000005684,-0.037499999999999645,0.5999999999999996,-0.48750000000001137,0.0375,0.11249999999999982,-0.2749999999999999,0.7,0.0625,-0.5374999999999943
34317.61249999999,15.050000000046566,-8575.449999999997,-5.7000000000116415,13193.5,24046.92499999999,-41.35000000000582,-543.8875000000116,-91.47499999999854,-8608.575000000012,0.375,-0.11250000000000004,-0.9749999999999943,-0.037499999999999645,0.5999999999999996,-0.48750000000001137,0.0375,0.11249999999999982,-0.2749999999999999,0.7,0.0625,0.4625000000000057
34352.61249999999,90.05000000004657,-8565.449999999997,181.29999999998836,13173.5,24030.92499999999,26.64999999999418,-499.88750000001164,-124.47499999999854,-8713.575000000012,0.375,-0.11250000000000004,-0.9749999999999943,-0.037499999999999645,-0.40000000000000036,-0.48750000000001137,0.0375,0.11249999999999982,0.7250000000000001,-0.30000000000000004,0.0625,0.4625000000000057
34125.61249999999,243.05000000004657,-8536.449999999997,62.29999999998836,13228.5,24111.92499999999,-19.35000000000582,-452.88750000001164,-16.474999999998545,-8599.575000000012,0.375,-0.11250000000000004,0.025000000000005684,-0.037499999999999645,-0.40000000000000036,0.5124999999999886,0.0375,-0.8875000000000002,-0.2749999999999999,-0.30000000000000004,0.0625,-0.5374999999999943
34201.61249999999,284.05000000004657,-8512.449999999997,-18.70000000001164,13049.5,24035.92499999999,121.64999999999418,-607.8875000000116,-13.474999999998545,-8652.575000000012,-0.625,-0.11250000000000004,0.025000000000005684,-0.037499999999999645,0.5999999999999996,0.5124999999999886,0.0375,-0.8875000000000002,-0.2749999999999999,0.7,0.0625,-0.5374999999999943
34272.61249999999,203.05000000004657,-8505.449999999997,-34.70000000001164,12982.5,23899.92499999999,153.64999999999418,-605.8875000000116,31.525000000001455,-8508.575000000012,0.375,0.8875,-0.9749999999999943,-0.037499999999999645,-0.40000000000000036,0.5124999999999886,0.0375,-0.8875000000000002,-0.2749999999999999,-0.30000000000000004,0.0625,0.4625000000000057
34182.61249999999,156.05000000004657,-8470.449999999997,-56.70000000001164,13106.5,23974.92499999999,37.64999999999418,-571.8875000000116,20.525000000001455,-8607.575000000012,-0.625,-0.11250000000000004,1.0250000000000057,-0.037499999999999645,0.5999999999999996,-0.48750000000001137,0.0375,0.11249999999999982,-0.2749999999999999,-0.30000000000000004,0.0625,-0.5374999999999943
34270.61249999999,81.05000000004657,-8389.449999999997,-17.70000000001164,13075.5,24062.92499999999,-7.350000000005821,-484.88750000001164,-109.47499999999854,-8596.575000000012,-0.625,-0.11250000000000004,0.025000000000005684,-0.037499999999999645,-0.40000000000000036,2.5124999999999886,0.0375,0.11249999999999982,0.7250000000000001,-0.30000000000000004,0.0625,3.4625000000000057
33715.61249999999,172.05000000004657,-8509.449999999997,-102.70000000001164,12196.5,22973.92499999999,-8.35000000000582,-777.8875000000116,-190.47499999999854,-10852.575000000012,1.375,0.8875,1.0250000000000057,-0.037499999999999645,-0.40000000000000036,2.5124999999999886,0.0375,0.11249999999999982,-0.2749999999999999,0.7,0.0625,0.4625000000000057
33540.61249999999,95.05000000004657,-8475.449999999997,-0.7000000000116415,11953.5,22591.92499999999,55.64999999999418,-699.8875000000116,-272.47499999999854,-10809.575000000012,0.375,-0.11250000000000004,0.025000000000005684,-0.037499999999999645,-0.40000000000000036,1.5124999999999886,0.0375,0.11249999999999982,-0.2749999999999999,0.7,0.0625,0.4625000000000057
33569.61249999999,95.05000000004657,-8550.449999999997,-166.70000000001164,11869.5,22863.92499999999,3.6499999999941792,-613.8875000000116,-373.47499999999854,-10550.575000000012,-0.625,-0.11250000000000004,0.025000000000005684,0.9625000000000004,1.5999999999999996,0.5124999999999886,0.0375,1.1124999999999998,-0.2749999999999999,-0.30000000000000004,1.0625,-0.5374999999999943
33713.61249999999,-15.949999999953434,-8724.449999999997,-188.70000000001164,12217.5,23179.92499999999,-123.35000000000582,-695.8875000000116,-390.47499999999854,-10077.575000000012,-0.625,0.8875,0.025000000000005684,-0.037499999999999645,0.5999999999999996,0.5124999999999886,0.0375,0.11249999999999982,-0.2749999999999999,-0.30000000000000004,0.0625,-0.5374999999999943
33743.61249999999,4.050000000046566,-8748.449999999997,-69.70000000001164,12390.5,23284.92499999999,-160.35000000000582,-929.8875000000116,-238.47499999999854,-9520.575000000012,0.375,-0.11250000000000004,-0.9749999999999943,-0.037499999999999645,0.5999999999999996,0.5124999999999886,0.0375,0.11249999999999982,-0.2749999999999999,-0.30000000000000004,0.0625,-0.5374999999999943
33597.61249999999,102.05000000004657,-8701.449999999997,-10.700000000011642,12448.5,23436.92499999999,-258.3500000000058,-831.8875000000116,-199.47499999999854,-9370.575000000012,1.375,-0.11250000000000004,1.0250000000000057,-0.037499999999999645,0.5999999999999996,-0.48750000000001137,0.0375,0.11249999999999982,0.7250000000000001,0.7,0.0625,-0.5374999999999943
33705.61249999999,-5.949999999953434,-8841.449999999997,14.299999999988358,12536.5,22932.92499999999,132.64999999999418,-777.8875000000116,-49.474999999998545,-9839.575000000012,-0.625,-1.1125,-0.9749999999999943,-0.037499999999999645,-0.40000000000000036,-1.4875000000000114,0.0375,0.11249999999999982,-0.2749999999999999,-0.30000000000000004,1.0625,-1.5374999999999943
34165.61249999999,-374.94999999995343,-8938.449999999997,-343.70000000001164,12331.5,22880.92499999999,-190.35000000000582,-624.8875000000116,-456.47499999999854,-10992.575000000012,1.375,-1.1125,1.0250000000000057,-0.037499999999999645,-2.4000000000000004,-0.48750000000001137,0.0375,-0.8875000000000002,0.7250000000000001,-0.30000000000000004,0.0625,0.4625000000000057
33583.61249999999,43.050000000046566,-8844.449999999997,-69.70000000001164,12114.5,22379.92499999999,409.6499999999942,-731.8875000000116,-625.4749999999985,-11099.575000000012,-0.625,-0.11250000000000004,0.025000000000005684,-1.0374999999999996,-2.4000000000000004,-3.4875000000000114,0.0375,0.11249999999999982,-0.2749999999999999,0.7,0.0625,-0.5374999999999943
33376.61249999999,116.05000000004657,-8886.449999999997,335.29999999998836,12017.5,21903.92499999999,298.6499999999942,-690.8875000000116,28.525000000001455,-10955.575000000012,0.375,-0.11250000000000004,-1.9749999999999943,-0.037499999999999645,0.5999999999999996,-2.4875000000000114,0.0375,-0.8875000000000002,-0.2749999999999999,-0.30000000000000004,0.0625,0.4625000000000057
33964.61249999999,-477.94999999995343,-8831.449999999997,-196.70000000001164,11560.5,22101.92499999999,-480.3500000000058,-704.8875000000116,-497.47499999999854,-12136.575000000012,0.375,-1.1125,0.025000000000005684,-1.0374999999999996,-0.40000000000000036,-0.48750000000001137,0.0375,0.11249999999999982,-0.2749999999999999,0.7,0.0625,0.4625000000000057
33325.61249999999,-186.94999999995343,-8593.449999999997,352.29999999998836,11868.5,21571.92499999999,-132.35000000000582,-754.8875000000116,-250.47499999999854,-12203.575000000012,1.375,-0.11250000000000004,0.025000000000005684,-0.037499999999999645,1.5999999999999996,-1.4875000000000114,0.0375,0.11249999999999982,-0.2749999999999999,-1.3,1.0625,0.4625000000000057
32924.61249999999,256.05000000004657,-8541.449999999997,515.2999999999884,11904.5,21604.92499999999,354.6499999999942,-971.8875000000116,-226.47499999999854,-11472.575000000012,-1.625,0.8875,-2.9749999999999943,-2.0374999999999996,-1.4000000000000004,-3.4875000000000114,0.0375,0.11249999999999982,-0.2749999999999999,0.7,0.0625,-0.5374999999999943
33785.61249999999,-631.9499999999534,-8701.449999999997,-403.70000000001164,10966.5,22603.92499999999,-366.3500000000058,-686.8875000000116,-1406.4749999999985,-12452.575000000012,-0.625,0.8875,1.0250000000000057,0.9625000000000004,-0.40000000000000036,-0.48750000000001137,0.0375,0.11249999999999982,-0.2749999999999999,-0.30000000000000004,1.0625,0.4625000000000057
32475.61249999999,-287.94999999995343,-8187.449999999997,453.29999999998836,11556.5,21965.92499999999,668.6499999999942,-842.8875000000116,-763.4749999999985,-11129.575000000012,-0.625,-2.1125,-1.9749999999999943,-0.037499999999999645,-0.40000000000000036,-1.4875000000000114,0.0375,0.11249999999999982,0.7250000000000001,1.7,1.0625,1.4625000000000057
32904.61249999999,102.05000000004657,-8265.449999999997,460.29999999998836,11190.5,21579.92499999999,269.6499999999942,-863.8875000000116,-987.4749999999985,-11170.575000000012,2.375,-0.11250000000000004,-3.9749999999999943,-0.037499999999999645,1.5999999999999996,-3.4875000000000114,0.0375,0.11249999999999982,-0.2749999999999999,0.7,3.0625,-3.5374999999999943
33580.61249999999,-573.9499999999534,-8545.449999999997,-337.70000000001164,11005.5,22741.92499999999,-476.3500000000058,-389.88750000001164,-1295.4749999999985,-11708.575000000012,-1.625,1.8875,1.0250000000000057,-0.037499999999999645,-2.4000000000000004,-0.48750000000001137,0.0375,0.11249999999999982,0.7250000000000001,-0.30000000000000004,0.0625,-0.5374999999999943
33316.61249999999,63.050000000046566,-8404.449999999997,278.29999999998836,10858.5,22344.92499999999,-502.3500000000058,-470.88750000001164,-1239.4749999999985,-12087.575000000012,-2.625,1.8875,0.025000000000005684,1.9625000000000004,1.5999999999999996,-3.4875000000000114,0.0375,-0.8875000000000002,-0.2749999999999999,-0.30000000000000004,-0.9375,2.4625000000000057
31981.61249999999,736.0500000000466,-8242.449999999997,810.2999999999884,11472.5,21787.92499999999,763.6499999999942,-695.8875000000116,229.52500000000146,-10347.575000000012,-1.625,1.8875,-1.9749999999999943,-36.0375,72.6,84.51249999999999,0.0375,0.11249999999999982,-0.2749999999999999,2.7,2.0625,-1.5374999999999943
32689.61249999999,-455.94999999995343,-8355.449999999997,-986.7000000000116,10130.5,29921.92499999999,5204.649999999994,-212.88750000001164,-627.4749999999985,-12952.575000000012,-6.625,-13.1125,109.025,-23.0375,-24.4,-31.48750000000001,-0.9625,0.11249999999999982,1.725,2.7,7.0625,1.4625000000000057
43336.61249999999,123529.05000000005,-2346.449999999997,671.2999999999884,12476.5,145921.925,212242.65,-303.88750000001164,135.52500000000146,-9333.575000000012,-2.625,15.8875,-17.974999999999994,40.9625,-0.40000000000000036,-26.48750000000001,0.0375,0.11249999999999982,-2.275,-3.3,9.0625,-8.537499999999994
52584.61249999999,177532.05000000005,-2037.449999999997,1345.2999999999884,11434.5,308118.925,201896.65,686.1124999999884,678.5250000000015,-8111.575000000012,0.375,3.8875,0.025000000000005684,4.9625,1.5999999999999996,-18.48750000000001,0.0375,0.11249999999999982,-0.2749999999999999,5.7,-14.9375,-9.537499999999994
44883.61249999999,183032.05000000005,-3018.449999999997,-315.70000000001164,8450.5,185970.925,165033.65,1874.1124999999884,-1381.4749999999985,-10424.575000000012,-4.625,1.8875,-7.974999999999994,-5.0375,3.5999999999999996,5.512499999999989,0.0375,0.11249999999999982,-0.2749999999999999,-2.3,0.0625,-11.537499999999994
38191.61249999999,144504.05000000005,-3609.449999999997,-45.70000000001164,9473.5,145595.925,128024.65,2653.1124999999884,-918.4749999999985,-10691.575000000012,3.375,-0.11250000000000004,-5.974999999999994,7.9625,0.5999999999999996,-7.487500000000011,0.0375,0.11249999999999982,-0.2749999999999999,2.7,-4.9375,-12.537499999999994
24551.61249999999,21895.050000000047,-5997.449999999997,452.29999999998836,13483.5,144872.925,119900.65,1985.1124999999884,-47.474999999998545,-9250.575000000012,-5.625,-12.1125,10.025000000000006,-0.037499999999999645,8.6,-5.487500000000011,0.0375,1.1124999999999998,-1.275,4.7,3.0625,-1.5374999999999943
18573.61249999999,16566.050000000047,-8904.449999999997,-495.70000000001164,12158.5,128381.92499999999,102436.65,2340.1124999999884,-635.4749999999985,-10361.575000000012,-0.625,20.8875,-1.9749999999999943,-1.0374999999999996,4.6,-25.48750000000001,0.0375,0.11249999999999982,-0.2749999999999999,1.7,6.0625,-2.5374999999999943
29670.61249999999,60827.05000000005,-8233.449999999997,-505.70000000001164,11136.5,90432.92499999999,80870.65,2999.1124999999884,-1050.4749999999985,-12131.575000000012,-2.625,-1.1125,3.0250000000000057,-10.0375,-6.4,-6.487500000000011,0.0375,0.11249999999999982,0.7250000000000001,1.7,-1.9375,-0.5374999999999943
54812.61249999999,140514.05000000005,-5110.449999999997,339.29999999998836,12068.5,119132.92499999999,157180.65,1937.1124999999884,617.5250000000015,-9928.575000000012,0.375,-0.11250000000000004,10.025000000000006,-14.0375,0.5999999999999996,29.51249999999999,0.0375,0.11249999999999982,-0.2749999999999999,0.7,3.0625,-0.5374999999999943
55031.61249999999,144685.05000000005,-4981.449999999997,882.2999999999884,11439.5,119016.92499999999,172271.65,3071.1124999999884,247.52500000000146,-9774.575000000012,13.375,7.8875,-22.974999999999994,-7.0375,0.5999999999999996,7.512499999999989,0.0375,0.11249999999999982,0.7250000000000001,0.7,0.0625,0.4625000000000057
48195.61249999999,120427.05000000005,-5714.449999999997,-561.7000000000116,10258.5,112027.92499999999,150816.65,3665.1124999999884,-1144.4749999999985,-11868.575000000012,1.375,-4.1125,5.025000000000006,1.9625000000000004,-0.40000000000000036,1.5124999999999886,0.0375,-0.8875000000000002,0.7250000000000001,-1.3,-0.9375,4.462500000000006
42294.61249999999,82569.05000000005,-7182.449999999997,-559.7000000000116,10272.5,111393.92499999999,141017.65,3291.1124999999884,-590.4749999999985,-11829.575000000012,5.375,0.8875,-9.974999999999994,-1.0374999999999996,-0.40000000000000036,-2.4875000000000114,0.0375,0.11249999999999982,0.7250000000000001,0.7,-0.9375,2.4625000000000057
45924.61249999999,81993.05000000005,-7466.449999999997,797.2999999999884,11309.5,109724.92499999999,141795.65,2869.1124999999884,795.5250000000015,-10137.575000000012,-6.625,-2.1125,10.025000000000006,-3.0374999999999996,-0.40000000000000036,3.5124999999999886,0.0375,0.11249999999999982,-0.2749999999999999,-0.30000000000000004,1.0625,-0.5374999999999943
49603.61249999999,100784.05000000005,-7062.449999999997,-116.70000000001164,10586.5,110675.92499999999,140366.65,2746.1124999999884,-110.47499999999854,-11089.575000000012,-5.625,-5.1125,16.025000000000006,-0.037499999999999645,0.5999999999999996,-3.4875000000000114,0.0375,0.11249999999999982,-1.275,-0.30000000000000004,-0.9375,-1.5374999999999943
52585.61249999999,107188.05000000005,-7071.449999999997,-672.7000000000116,10234.5,115766.92499999999,150563.65,2880.1124999999884,-679.4749999999985,-11867.575000000012,-4.625,-6.1125,9.025000000000006,-3.0374999999999996,0.5999999999999996,6.512499999999989,0.0375,0.11249999999999982,-0.2749999999999999,0.7,-0.9375,1.4625000000000057
45964.61249999999,85324.05000000005,-7110.449999999997,65.29999999998836,11086.5,111973.92499999999,149019.65,2891.1124999999884,359.52500000000146,-10516.575000000012,0.375,-0.11250000000000004,0.025000000000005684,-0.037499999999999645,-0.40000000000000036,-1.4875000000000114,0.0375,-0.8875000000000002,-0.2749999999999999,1.7,0.0625,-0.5374999999999943
49479.61249999999,94171.05000000005,-6995.449999999997,-387.70000000001164,10447.5,114031.92499999999,157057.65,3091.1124999999884,-514.4749999999985,-11107.575000000012,-1.625,-1.1125,-0.9749999999999943,0.9625000000000004,0.5999999999999996,-1.4875000000000114,-0.9625,0.11249999999999982,-0.2749999999999999,-0.30000000000000004,1.0625,1.4625000000000057
53917.61249999999,102103.05000000005,-7322.449999999997,-303.70000000001164,10325.5,116822.92499999999,167589.65,3116.1124999999884,-462.47499999999854,-11072.575000000012,-0.625,0.8875,3.0250000000000057,-3.0374999999999996,0.5999999999999996,2.5124999999999886,0.0375,0.11249999999999982,-0.2749999999999999,-0.30000000000000004,0.0625,-0.5374999999999943
53408.61249999999,103422.05000000005,-7007.449999999997,366.29999999998836,10952.5,114583.92499999999,161441.65,2708.1124999999884,105.52500000000146,-10449.575000000012,1.375,-1.1125,-4.974999999999994,2.9625000000000004,0.5999999999999996,-5.487500000000011,0.0375,0.11249999999999982,-0.2749999999999999,0.7,0.0625,-2.5374999999999943
49157.61249999999,89682.05000000005,-7600.449999999997,373.29999999998836,11141.5,110871.92499999999,152491.65,2893.1124999999884,467.52500000000146,-10243.575000000012,-1.625,-2.1125,-4.974999999999994,-2.0374999999999996,-0.40000000000000036,-0.48750000000001137,0.0375,0.11249999999999982,-0.2749999999999999,-0.30000000000000004,1.0625,-0.5374999999999943
42218.61249999999,68237.05000000005,-8086.449999999997,-644.7000000000116,10734.5,109854.92499999999,148795.65,3207.1124999999884,-924.4749999999985,-11016.575000000012,0.375,-2.1125,0.025000000000005684,-2.0374999999999996,1.5999999999999996,6.512499999999989,0.0375,-0.8875000000000002,-0.2749999999999999,-1.3,0.0625,1.4625000000000057
59481.61249999999,93146.05000000005,-6981.449999999997,886.2999999999884,11354.5,111678.92499999999,177003.65,2806.1124999999884,820.5250000000015,-9744.575000000012,-0.625,-1.1125,9.025000000000006,-1.0374999999999996,1.5999999999999996,2.5124999999999886,0.0375,0.11249999999999982,-0.2749999999999999,0.7,-0.9375,-0.5374999999999943
61256.61249999999,110217.05000000005,-7056.449999999997,-298.70000000001164,10479.5,110397.92499999999,165785.65,3066.1124999999884,-274.47499999999854,-10920.575000000012,3.375,-0.11250000000000004,-5.974999999999994,3.9625000000000004,-1.4000000000000004,-5.487500000000011,0.0375,0.11249999999999982,-0.2749999999999999,0.7,0.0625,0.4625000000000057
51459.61249999999,74955.05000000005,-7756.449999999997,-345.70000000001164,10745.5,104982.92499999999,149354.65,3048.1124999999884,-554.4749999999985,-10475.575000000012,0.375,-0.11250000000000004,1.0250000000000057,-2.0374999999999996,0.5999999999999996,1.5124999999999886,0.0375,0.11249999999999982,-0.2749999999999999,0.7,0.0625,0.4625000000000057
44162.61249999999,63244.05000000005,-8325.449999999997,-70.70000000001164,11167.5,100678.92499999999,148603.65,2884.1124999999884,-371.47499999999854,-10080.575000000012,1.375,-0.11250000000000004,4.025000000000006,3.9625000000000004,-5.4,-1.4875000000000114,0.0375,-0.8875000000000002,-0.2749999999999999,1.7,0.0625,0.4625000000000057
51638.61249999999,88150.05000000005,-7733.449999999997,470.29999999998836,11386.5,94302.92499999999,161335.65,2580.1124999999884,481.52500000000146,-9715.575000000012,-3.625,-1.1125,14.025000000000006,-7.0375,-0.40000000000000036,12.512499999999989,0.0375,0.11249999999999982,-0.2749999999999999,0.7,1.0625,0.4625000000000057
62759.61249999999,107495.05000000005,-7540.449999999997,187.29999999998836,10473.5,95518.92499999999,179549.65,3127.1124999999884,-203.47499999999854,-10276.575000000012,5.375,2.8875,-3.9749999999999943,11.9625,3.5999999999999996,-17.48750000000001,0.0375,-0.8875000000000002,-0.2749999999999999,0.7,-0.9375,-1.5374999999999943
62449.61249999999,90172.05000000005,-7844.449999999997,-182.70000000001164,10933.5,86924.92499999999,173768.65,3222.1124999999884,-276.47499999999854,-10781.575000000012,0.375,-5.1125,6.025000000000006,6.9625,5.6,0.5124999999999886,0.0375,0.11249999999999982,0.7250000000000001,-0.30000000000000004,-1.9375,0.4625000000000057
47320.61249999999,61445.05000000005,-8431.449999999997,-217.70000000001164,10989.5,80047.92499999999,160201.65,3015.1124999999884,8.525000000001455,-10069.575000000012,-0.625,-6.1125,3.0250000000000057,-2.0374999999999996,-1.4000000000000004,2.5124999999999886,0.0375,0.11249999999999982,-0.2749999999999999,0.7,0.0625,-2.5374999999999943
51974.61249999999,69508.05000000005,-7887.449999999997,564.2999999999884,11485.5,75426.92499999999,163817.65,3370.1124999999884,731.5250000000015,-10125.575000000012,-0.625,-1.1125,-9.974999999999994,3.9625000000000004,3.5999999999999996,-2.4875000000000114,0.0375,0.11249999999999982,-0.2749999999999999,0.7,0.0625,-0.5374999999999943
51229.61249999999,76011.05000000005,-8114.449999999997,-773.7000000000116,10029.5,77981.92499999999,168857.65,3667.1124999999884,-296.47499999999854,-11813.575000000012,0.375,-4.1125,15.025000000000006,5.9625,0.5999999999999996,-5.487500000000011,0.0375,0.11249999999999982,0.7250000000000001,-0.30000000000000004,1.0625,0.4625000000000057
49371.61249999999,65957.05000000005,-8262.449999999997,104.29999999998836,10167.5,73538.92499999999,170027.65,3541.1124999999884,382.52500000000146,-11091.575000000012,3.375,7.8875,-8.974999999999994,0.9625000000000004,2.5999999999999996,14.512499999999989,0.0375,-0.8875000000000002,-0.2749999999999999,-0.30000000000000004,-0.9375,1.4625000000000057
50131.61249999999,72729.05000000005,-7871.449999999997,278.29999999998836,10089.5,63727.92499999999,170514.65,3289.1124999999884,144.52500000000146,-10322.575000000012,0.375,5.8875,7.025000000000006,-1.0374999999999996,-0.40000000000000036,18.51249999999999,0.0375,0.11249999999999982,0.7250000000000001,0.7,1.0625,-0.5374999999999943
50505.61249999999,94801.05000000005,-7215.449999999997,278.29999999998836,10480.5,64964.92499999999,197009.65,3506.1124999999884,71.52500000000146,-11042.575000000012,-1.625,-9.1125,2.0250000000000057,-0.037499999999999645,3.5999999999999996,0.5124999999999886,0.0375,-0.8875000000000002,-0.2749999999999999,-1.3,3.0625,-1.5374999999999943
47231.61249999999,72571.05000000005,-7685.449999999997,235.29999999998836,10238.5,52008.92499999999,193412.65,3682.1124999999884,362.52500000000146,-10446.575000000012,1.375,-10.1125,-1.9749999999999943,-5.0375,2.5999999999999996,8.512499999999989,0.0375,0.11249999999999982,0.7250000000000001,0.7,0.0625,0.4625000000000057
36407.61249999999,51104.05000000005,-8055.449999999997,-269.70000000001164,10265.5,44055.92499999999,148362.65,3222.1124999999884,-437.47499999999854,-10662.575000000012,-0.625,4.8875,5.025000000000006,0.9625000000000004,5.6,-16.48750000000001,0.0375,0.11249999999999982,-0.2749999999999999,-1.3,-1.9375,-1.5374999999999943
31675.61249999999,73485.05000000005,-7866.449999999997,40.29999999998836,10614.5,48137.92499999999,144423.65,3137.1124999999884,85.52500000000146,-10633.575000000012,1.375,-12.1125,1.0250000000000057,-7.0375,-2.4000000000000004,9.512499999999989,0.0375,0.11249999999999982,-0.2749999999999999,-0.30000000000000004,0.0625,-2.5374999999999943
33210.61249999999,90256.05000000005,-7076.449999999997,370.29999999998836,9768.5,48797.92499999999,186758.65,3265.1124999999884,117.52500000000146,-11318.575000000012,1.375,6.8875,-9.974999999999994,10.9625,0.5999999999999996,-30.48750000000001,0.0375,0.11249999999999982,-0.2749999999999999,0.7,0.0625,-2.5374999999999943
30675.61249999999,81881.05000000005,-7198.449999999997,195.29999999998836,10421.5,39354.92499999999,159594.65,3484.1124999999884,549.5250000000015,-10319.575000000012,-2.625,-2.1125,13.025000000000006,2.9625000000000004,-3.4000000000000004,30.51249999999999,0.0375,-0.8875000000000002,-0.2749999999999999,0.7,-0.9375,-3.5374999999999943
24026.61249999999,75314.05000000005,-7372.449999999997,-327.70000000001164,9812.5,34216.92499999999,162134.65,3851.1124999999884,-683.4749999999985,-11502.575000000012,2.375,1.8875,-1.9749999999999943,-4.0375,1.5999999999999996,15.512499999999989,0.0375,0.11249999999999982,-0.2749999999999999,-0.30000000000000004,4.0625,3.4625000000000057
22631.61249999999,69218.05000000005,-7056.449999999997,83.29999999998836,10534.5,34662.92499999999,193151.65,3376.1124999999884,49.525000000001455,-10990.575000000012,0.375,0.8875,-3.9749999999999943,2.9625000000000004,-1.4000000000000004,5.512499999999989,0.0375,0.11249999999999982,-0.2749999999999999,0.7,0.0625,-3.5374999999999943
21160.61249999999,70626.05000000005,-6937.449999999997,748.2999999999884,10805.5,20701.92499999999,171778.65,3687.1124999999884,795.5250000000015,-10896.575000000012,2.375,7.8875,-0.9749999999999943,1.9625000000000004,6.6,10.512499999999989,0.0375,0.11249999999999982,0.7250000000000001,2.7,4.0625,3.4625000000000057
15849.612499999988,81833.05000000005,-7543.449999999997,-261.70000000001164,9658.5,19139.92499999999,158045.65,3394.1124999999884,-1557.4749999999985,-12124.575000000012,1.375,0.8875,3.0250000000000057,15.9625,-8.4,-16.48750000000001,0.0375,0.11249999999999982,0.7250000000000001,-2.3,1.0625,4.462500000000006
14505.612499999988,76719.05000000005,-7322.449999999997,1107.2999999999884,10447.5,11865.924999999988,183693.65,3220.1124999999884,356.52500000000146,-9230.575000000012,3.375,4.8875,-1.9749999999999943,-21.0375,-1.4000000000000004,34.51249999999999,0.0375,0.11249999999999982,-1.275,0.7,4.0625,-0.5374999999999943
3297.6124999999884,88303.05000000005,-6995.449999999997,-390.70000000001164,11798.5,9389.924999999988,171272.65,3255.1124999999884,-482.47499999999854,-9738.575000000012,4.375,12.8875,-13.974999999999994,30.9625,15.6,-16.48750000000001,0.0375,0.11249999999999982,1.725,2.7,-1.9375,3.4625000000000057
5331.612499999988,69134.05000000005,-7233.449999999997,-542.7000000000116,11469.5,4701.924999999988,175726.65,3096.1124999999884,-2056.4749999999985,-11992.575000000012,-5.625,14.8875,27.025000000000006,-13.0375,-1.4000000000000004,11.512499999999989,0.0375,-0.8875000000000002,0.7250000000000001,1.7,2.0625,-7.537499999999994
-3471.3875000000116,73531.05000000005,-8100.449999999997,277.29999999998836,11637.5,7858.924999999988,158460.65,2697.1124999999884,912.5250000000015,-7788.575000000012,6.375,4.8875,-13.974999999999994,10.9625,-0.40000000000000036,18.51249999999999,0.0375,-0.8875000000000002,1.725,4.7,-7.9375,3.4625000000000057
-7188.387500000012,79980.05000000005,-7026.449999999997,-510.70000000001164,10536.5,3591.9249999999884,160853.65,3192.1124999999884,-620.4749999999985,-11261.575000000012,6.375,13.8875,-16.974999999999994,-3.0374999999999996,3.5999999999999996,32.51249999999999,0.0375,0.11249999999999982,-0.2749999999999999,1.7,8.0625,-4.537499999999994
-8697.387500000012,70647.05000000005,-8732.449999999997,328.29999999998836,12913.5,-8150.075000000012,162566.65,2155.1124999999884,1109.5250000000015,-8263.575000000012,-2.625,-35.1125,-1.9749999999999943,-7.0375,19.6,43.51249999999999,0.0375,0.11249999999999982,-0.2749999999999999,1.7,5.0625,-2.5374999999999943
-20286.38750000001,81231.05000000005,-8481.449999999997,-253.70000000001164,12262.5,-4867.075000000012,204350.65,1126.1124999999884,897.5250000000015,-6500.575000000012,2.375,9.8875,-8.974999999999994,14.9625,-0.40000000000000036,4.512499999999989,0.0375,-0.8875000000000002,0.7250000000000001,0.7,-13.9375,1.4625000000000057
-34912.38750000001,93892.05000000005,-7257.449999999997,364.29999999998836,12084.5,1627.9249999999884,203137.65,2299.1124999999884,-61.474999999998545,-9157.575000000012,9.375,-18.1125,-16.974999999999994,8.9625,12.6,2.5124999999999886,0.0375,0.11249999999999982,-0.2749999999999999,-2.3,6.0625,3.4625000000000057
-22202.38750000001,78874.05000000005,-8123.449999999997,-327.70000000001164,13141.5,8331.924999999988,192363.65,919.1124999999884,-402.47499999999854,-7986.575000000012,16.375,1.8875,-36.974999999999994,-11.0375,-2.4000000000000004,35.51249999999999,0.0375,-0.8875000000000002,-1.275,-0.30000000000000004,-1.9375,-5.537499999999994
-16598.38750000001,58990.05000000005,-8752.449999999997,-216.70000000001164,10810.5,7110.924999999988,156552.65,2079.1124999999884,-2937.4749999999985,-8519.575000000012,1.375,7.8875,-3.9749999999999943,15.9625,20.6,23.51249999999999,0.0375,-0.8875000000000002,0.7250000000000001,1.7,-0.9375,7.462500000000006
-31944.38750000001,71193.05000000005,-8635.449999999997,-1321.7000000000116,11701.5,-9571.075000000012,181915.65,888.1124999999884,459.52500000000146,-11415.575000000012,-0.625,1.8875,-9.974999999999994,-8.0375,17.6,-3.4875000000000114,0.0375,-0.8875000000000002,-0.2749999999999999,-1.3,2.0625,5.462500000000006
-45595.38750000001,80270.05000000005,-7006.449999999997,727.2999999999884,12907.5,-16820.07500000001,173991.65,519.1124999999884,39.525000000001455,-8268.575000000012,-2.625,-8.1125,-16.974999999999994,27.9625,-1.4000000000000004,-17.48750000000001,0.0375,0.11249999999999982,-1.275,4.7,-5.9375,-3.5374999999999943
-33204.38750000001,44564.05000000005,-7330.449999999997,-254.70000000001164,12273.5,12333.924999999988,117804.65,952.1124999999884,380.52500000000146,-8559.575000000012,-3.625,9.8875,-3.9749999999999943,-16.0375,-1.4000000000000004,-15.487500000000011,-0.9625,0.11249999999999982,-1.275,-0.30000000000000004,8.0625,-0.5374999999999943
10604.612499999988,2379.0500000000466,-9126.449999999997,-971.7000000000116,10999.5,21904.92499999999,28989.649999999994,-1864.8875000000116,-886.4749999999985,-10318.575000000012,-1.625,-19.1125,17.025000000000006,-8.0375,0.5999999999999996,9.512499999999989,-0.9625,-0.8875000000000002,0.7250000000000001,-0.30000000000000004,-0.9375,12.462500000000006
18158.61249999999,419.05000000004657,-6264.449999999997,143.29999999998836,11321.5,6560.924999999988,-179.35000000000582,-6489.887500000012,696.5250000000015,-9757.575000000012,-10.625,2.8875,15.025000000000006,-64.0375,-101.4,18.51249999999999,-0.9625,0.11249999999999982,-0.2749999999999999,-9.3,6.0625,1.4625000000000057
30015.61249999999,5346.050000000047,-5330.449999999997,975.2999999999884,11728.5,55547.92499999999,50679.649999999994,-9937.887500000012,-475.47499999999854,-5720.575000000012,18.375,21.8875,25.025000000000006,177.9625,-17.4,69.51249999999999,0.0375,0.11249999999999982,0.7250000000000001,-25.3,10.0625,-0.5374999999999943
64319.61249999999,147171.05000000005,-6665.449999999997,-1500.7000000000116,9189.5,273238.925,253695.65,-44659.88750000001,-583.4749999999985,-8613.575000000012,32.375,-12.1125,-146.975,-105.0375,82.6,-43.48750000000001,0.0375,4.1125,-0.2749999999999999,14.7,13.0625,59.462500000000006
30424.61249999999,327931.05000000005,-11429.449999999997,980.2999999999884,5890.5,436653.925,209724.65,-92062.88750000001,270.52500000000146,-4240.575000000012,-78.625,13.8875,62.025000000000006,-45.0375,39.6,18.51249999999999,0.0375,-0.8875000000000002,-1.275,36.7,9.0625,-2.5374999999999943
72273.61249999999,247264.05000000005,-6652.449999999997,3345.2999999999884,14370.5,-31746.07500000001,170550.65,-72685.88750000001,3240.5250000000015,-5397.575000000012,17.375,45.8875,-55.974999999999994,-28.0375,-7.4,28.51249999999999,-0.9625,-0.8875000000000002,-0.2749999999999999,-36.3,20.0625,-47.537499999999994
36603.61249999999,295025.05000000005,9679.550000000003,-434.70000000001164,13677.5,104483.92499999999,203904.65,-56604.88750000001,-3247.4749999999985,-16323.575000000012,13.375,17.8875,14.025000000000006,44.9625,41.6,-16.48750000000001,0.0375,-1.8875000000000002,2.725,44.7,2.0625,14.462500000000006
14714.612499999988,199961.05000000005,5928.550000000003,952.2999999999884,2288.5,118383.92499999999,182510.65,-6473.887500000012,7140.5250000000015,-1721.5750000000116,-22.625,-55.1125,40.025000000000006,-18.0375,-10.4,-14.487500000000011,-0.9625,3.1125,-2.275,-30.3,18.0625,-18.537499999999994
20975.61249999999,165278.05000000005,7308.550000000003,2229.2999999999884,15401.5,82165.92499999999,146131.65,-650.8875000000116,-3383.4749999999985,-5328.575000000012,0.375,3.8875,-56.974999999999994,-19.0375,8.6,12.512499999999989,0.0375,0.11249999999999982,-1.275,-14.3,14.0625,-24.537499999999994
23320.61249999999,70496.05000000005,-4782.449999999997,-2204.7000000000116,6683.5,15870.924999999988,90278.65,-15149.887500000012,-154.47499999999854,-10280.575000000012,-17.625,12.8875,24.025000000000006,-7.0375,13.6,23.51249999999999,0.0375,0.11249999999999982,-2.275,11.7,5.0625,-8.537499999999994
-38724.38750000001,5723.050000000047,-13089.449999999997,-451.70000000001164,17875.5,-2622.0750000000116,17748.649999999994,-26741.88750000001,-305.47499999999854,-5669.575000000012,18.375,-13.1125,-23.974999999999994,3.9625000000000004,-13.4,25.51249999999999,0.0375,0.11249999999999982,1.725,2.7,-3.9375,6.462500000000006
-36290.38750000001,990.0500000000466,-11195.449999999997,-638.7000000000116,9220.5,6392.924999999988,-155.35000000000582,-20052.88750000001,-2769.4749999999985,-3573.5750000000116,-12.625,20.8875,4.025000000000006,2.9625000000000004,2.5999999999999996,1.5124999999999886,0.0375,0.11249999999999982,1.725,-3.3,-0.9375,0.4625000000000057
-23129.38750000001,83217.05000000005,-6628.449999999997,49836.29999999999,24208.5,43785.92499999999,123009.65,-15450.887500000012,79683.525,29697.42499999999,-43.625,-11.1125,17.025000000000006,8.9625,-5.4,10.512499999999989,1.0375,-0.8875000000000002,0.7250000000000001,42.7,-15.9375,34.462500000000006
-18076.38750000001,194251.05000000005,-842.4499999999971,122380.29999999999,29850.5,90992.92499999999,256937.65,-13408.887500000012,145515.525,65792.42499999999,21.375,30.8875,-6.974999999999994,5.9625,5.6,-72.48750000000001,0.0375,-2.8875,0.7250000000000001,-47.3,17.0625,-31.537499999999994
-16204.387500000012,180285.05000000005,501.5500000000029,160081.3,36224.5,64694.92499999999,199793.65,-7307.887500000012,183711.525,92858.42499999999,-15.625,-34.1125,83.025,-22.0375,1.5999999999999996,-27.48750000000001,1.0375,-0.8875000000000002,2.725,17.7,-7.9375,15.462500000000006
-19622.38750000001,195389.05000000005,4560.550000000003,191549.3,2609.5,11849.924999999988,192652.65,242.11249999998836,194040.525,92651.42499999999,8.375,26.8875,49.025000000000006,0.9625000000000004,-5.4,-35.48750000000001,-0.9625,1.1124999999999998,-2.275,-17.3,-8.9375,-4.537499999999994
-30906.38750000001,247443.05000000005,3855.550000000003,172882.3,15405.5,-746.0750000000116,248192.65,-2898.8875000000116,148845.525,53463.42499999999,-6.625,0.8875,-15.974999999999994,11.9625,-12.4,-23.48750000000001,-0.9625,-0.8875000000000002,-0.2749999999999999,-14.3,-10.9375,-15.537499999999994
-77043.38750000001,248936.05000000005,5159.550000000003,149625.3,12630.5,5194.924999999988,238621.65,-2568.8875000000116,159977.525,52499.42499999999,-26.625,9.8875,40.025000000000006,12.9625,20.6,-25.48750000000001,1.0375,-1.8875000000000002,0.7250000000000001,31.7,9.0625,7.462500000000006
-70728.38750000001,228518.05000000005,2058.550000000003,168454.3,39453.5,75553.92499999999,221819.65,-5102.887500000012,153859.525,37856.42499999999,-4.625,-13.1125,-10.974999999999994,-27.0375,-3.4000000000000004,14.512499999999989,0.0375,1.1124999999999998,1.725,38.7,-12.9375,26.462500000000006
-41396.38750000001,166653.05000000005,-1707.449999999997,215783.3,-1273.5,39441.92499999999,182703.65,-2049.8875000000116,191099.525,60751.42499999999,25.375,9.8875,-12.974999999999994,28.9625,19.6,-35.48750000000001,0.0375,2.1125,0.7250000000000001,-15.3,-11.9375,-10.537499999999994
-52979.38750000001,174566.05000000005,-3805.449999999997,190210.3,13150.5,47799.92499999999,116284.65,-4491.887500000012,208250.525,64806.42499999999,0.375,-14.1125,1.0250000000000057,9.9625,8.6,-11.487500000000011,0.0375,0.11249999999999982,0.7250000000000001,2.7,7.0625,-4.537499999999994
-45906.38750000001,141098.05000000005,-4316.449999999997,156518.3,22250.5,37786.92499999999,146110.65,-3287.8875000000116,166721.525,41649.42499999999,11.375,9.8875,-18.974999999999994,9.9625,3.5999999999999996,-23.48750000000001,0.0375,-1.8875000000000002,-0.2749999999999999,-6.3,6.0625,-13.537499999999994
-31830.38750000001,94171.05000000005,-10273.449999999997,134738.3,4053.5,31271.92499999999,111476.65,-3054.8875000000116,164577.525,35141.42499999999,-22.625,-2.1125,33.025000000000006,-9.0375,17.6,33.51249999999999,1.0375,0.11249999999999982,2.725,14.7,-4.9375,25.462500000000006
-41686.38750000001,113034.05000000005,-11493.449999999997,110253.29999999999,23401.5,41669.92499999999,69128.65,-2210.8875000000116,118165.525,4201.424999999988,-3.625,-5.1125,0.025000000000005684,32.9625,16.6,0.5124999999999886,-0.9625,0.11249999999999982,-1.275,-17.3,-6.9375,-16.537499999999994
-48493.38750000001,101452.05000000005,-9573.449999999997,109364.29999999999,33006.5,28383.92499999999,103871.65,-3124.8875000000116,142686.525,15238.424999999988,0.375,-12.1125,-2.9749999999999943,18.9625,1.5999999999999996,-4.487500000000011,0.0375,0.11249999999999982,-0.2749999999999999,25.7,9.0625,13.462500000000006
-66482.38750000001,127157.05000000005,-6964.449999999997,156691.3,28178.5,31391.92499999999,101387.65,-1743.8875000000116,152488.525,17704.42499999999,6.375,3.8875,-7.974999999999994,-13.0375,-7.4,13.512499999999989,-0.9625,-0.8875000000000002,-1.275,19.7,-10.9375,10.462500000000006
-71297.38750000001,145207.05000000005,-6714.449999999997,176987.3,43062.5,29879.92499999999,116475.65,-2183.8875000000116,164975.525,19850.42499999999,-7.625,-2.1125,30.025000000000006,6.9625,0.5999999999999996,17.51249999999999,0.0375,-0.8875000000000002,0.7250000000000001,-14.3,3.0625,-32.537499999999994
-79867.38750000001,178376.05000000005,-5204.449999999997,162856.3,29928.5,33317.92499999999,162066.65,-2218.8875000000116,170432.525,13397.424999999988,3.375,-7.1125,-0.9749999999999943,-2.0374999999999996,-11.4,-12.487500000000011,0.0375,0.11249999999999982,0.7250000000000001,24.7,14.0625,4.462500000000006
-94379.38750000001,195985.05000000005,-4478.449999999997,169349.3,39462.5,29876.92499999999,170675.65,-1135.8875000000116,156650.525,3824.4249999999884,-10.625,-0.11250000000000004,16.025000000000006,-10.0375,-7.4,14.512499999999989,0.0375,-0.8875000000000002,0.7250000000000001,-14.3,8.0625,-27.537499999999994
-90935.38750000001,183274.05000000005,-3732.449999999997,163672.3,27453.5,27383.92499999999,191795.65,-1013.8875000000116,173880.525,5351.424999999988,18.375,4.8875,-29.974999999999994,27.9625,2.5999999999999996,-8.487500000000011,-0.9625,-0.8875000000000002,-1.275,-5.3,-8.9375,-7.537499999999994
-90121.38750000001,183752.05000000005,-3157.449999999997,169803.3,38298.5,17278.92499999999,182556.65,-968.8875000000116,167784.525,6396.424999999988,-8.625,6.8875,16.025000000000006,-13.0375,-2.4000000000000004,15.512499999999989,0.0375,-0.8875000000000002,0.7250000000000001,-12.3,1.0625,-6.537499999999994
-97628.38750000001,179887.05000000005,-3901.449999999997,183443.3,32791.5,21666.92499999999,183026.65,-1673.8875000000116,169502.525,13247.424999999988,10.375,1.8875,-24.974999999999994,-6.0375,-7.4,12.512499999999989,0.0375,0.11249999999999982,-0.2749999999999999,13.7,-6.9375,9.462500000000006
-93015.38750000001,172300.05000000005,-4480.449999999997,164903.3,24323.5,8912.924999999988,176153.65,-1368.8875000000116,165722.525,1450.4249999999884,2.375,1.8875,-10.974999999999994,-8.0375,-6.4,10.512499999999989,0.0375,0.11249999999999982,-1.275,-1.3,-0.9375,4.462500000000006
-86408.38750000001,169200.05000000005,-5943.449999999997,157221.3,53621.5,10873.924999999988,162683.65,-1488.8875000000116,135968.525,-6453.575000000012,-1.625,-3.1125,5.025000000000006,4.9625,-6.4,2.5124999999999886,0.0375,0.11249999999999982,-1.275,-0.30000000000000004,-0.9375,8.462500000000006
-69753.38750000001,157804.05000000005,-6052.449999999997,166061.3,43507.5,12003.924999999988,159319.65,-2050.8875000000116,156935.525,2250.4249999999884,3.375,1.8875,-5.974999999999994,-6.0375,-5.4,4.512499999999989,0.0375,0.11249999999999982,0.7250000000000001,3.7,-3.9375,9.462500000000006
-85157.38750000001,160693.05000000005,-5964.449999999997,150448.3,31337.5,11364.924999999988,148577.65,-1921.8875000000116,138614.525,-8599.575000000012,-0.625,-3.1125,2.0250000000000057,-7.0375,-0.40000000000000036,4.512499999999989,0.0375,0.11249999999999982,-0.2749999999999999,1.7,2.0625,2.4625000000000057
-80171.38750000001,147615.05000000005,-7321.449999999997,155593.3,36484.5,15275.924999999988,141416.65,-2385.8875000000116,146892.525,-11644.575000000012,0.375,3.8875,3.0250000000000057,7.9625,0.5999999999999996,-11.487500000000011,0.0375,1.1124999999999998,0.7250000000000001,-0.30000000000000004,4.0625,2.4625000000000057
-77714.38750000001,155758.05000000005,-6271.449999999997,179960.3,42754.5,19167.92499999999,151934.65,-2332.8875000000116,169809.525,1393.4249999999884,-1.625,-1.1125,2.0250000000000057,1.9625000000000004,-0.40000000000000036,-3.4875000000000114,0.0375,0.11249999999999982,0.7250000000000001,0.7,-0.9375,-2.5374999999999943
-87504.38750000001,168355.05000000005,-6082.449999999997,150085.3,41605.5,21500.92499999999,156788.65,-2167.8875000000116,159131.525,2023.4249999999884,-0.625,2.8875,1.0250000000000057,-2.0374999999999996,-1.4000000000000004,1.5124999999999886,0.0375,0.11249999999999982,-0.2749999999999999,0.7,-0.9375,3.4625000000000057
-87147.38750000001,172559.05000000005,-5374.449999999997,140172.3,39510.5,21502.92499999999,163195.65,-1702.8875000000116,149284.525,520.4249999999884,-1.625,2.8875,4.025000000000006,1.9625000000000004,-1.4000000000000004,-2.4875000000000114,0.0375,0.11249999999999982,-0.2749999999999999,-0.30000000000000004,1.0625,-2.5374999999999943
-88906.38750000001,180177.05000000005,-4808.449999999997,141173.3,35940.5,21832.92499999999,167808.65,-1533.8875000000116,146904.525,968.4249999999884,0.375,0.8875,-1.9749999999999943,-2.0374999999999996,-0.40000000000000036,-0.48750000000001137,0.0375,0.11249999999999982,-0.2749999999999999,0.7,4.0625,0.4625000000000057
-83740.38750000001,179167.05000000005,-4597.449999999997,143769.3,35358.5,20836.92499999999,167882.65,-1529.8875000000116,142185.525,2848.4249999999884,-1.625,-0.11250000000000004,4.025000000000006,0.9625000000000004,0.5999999999999996,-1.4875000000000114,0.0375,-0.8875000000000002,-0.2749999999999999,0.7,-1.9375,3.4625000000000057
-83819.38750000001,180760.05000000005,-4355.449999999997,153749.3,35361.5,19736.92499999999,166941.65,-1471.8875000000116,141368.525,4978.424999999988,0.375,0.8875,-0.9749999999999943,-1.0374999999999996,0.5999999999999996,2.5124999999999886,0.0375,0.11249999999999982,-0.2749999999999999,0.7,0.0625,-0.5374999999999943
-86132.38750000001,183474.05000000005,-4220.449999999997,158356.3,34201.5,18638.92499999999,169307.65,-1309.8875000000116,141439.525,6631.424999999988,0.375,-0.11250000000000004,-1.9749999999999943,1.9625000000000004,-0.40000000000000036,-3.4875000000000114,0.0375,0.11249999999999982,-0.2749999999999999,0.7,0.0625,1.4625000000000057
-85673.38750000001,182139.05000000005,-4379.449999999997,152386.3,32190.5,21059.92499999999,170322.65,-1198.8875000000116,141304.525,7739.424999999988,1.375,-1.1125,-3.9749999999999943,-0.037499999999999645,-1.4000000000000004,-2.4875000000000114,0.0375,0.11249999999999982,-0.2749999999999999,-0.30000000000000004,1.0625,0.4625000000000057
-79704.38750000001,177863.05000000005,-4710.449999999997,144405.3,31768.5,22290.92499999999,168446.65,-1003.8875000000116,143643.525,9334.424999999988,4.375,-0.11250000000000004,-8.974999999999994,0.9625000000000004,0.5999999999999996,0.5124999999999886,0.0375,-0.8875000000000002,-0.2749999999999999,0.7,0.0625,0.4625000000000057
-76931.38750000001,173757.05000000005,-4489.449999999997,144143.3,31643.5,21864.92499999999,165368.65,-1325.8875000000116,145811.525,11533.424999999988,-2.625,-2.1125,2.0250000000000057,0.9625000000000004,-1.4000000000000004,-1.4875000000000114,0.0375,0.11249999999999982,0.7250000000000001,-0.30000000000000004,0.0625,-0.5374999999999943
-78640.38750000001,180783.05000000005,-4276.449999999997,143608.3,30577.5,19516.92499999999,164821.65,-1437.8875000000116,144277.525,13189.424999999988,1.375,-0.11250000000000004,-2.9749999999999943,-1.0374999999999996,-2.4000000000000004,1.5124999999999886,0.0375,0.11249999999999982,-0.2749999999999999,0.7,0.0625,1.4625000000000057
-81073.38750000001,187128.05000000005,-4332.449999999997,141514.3,30022.5,15529.924999999988,166722.65,-1313.8875000000116,141857.525,14128.424999999988,1.375,0.8875,-1.9749999999999943,0.9625000000000004,-1.4000000000000004,0.5124999999999886,0.0375,0.11249999999999982,-0.2749999999999999,-0.30000000000000004,-0.9375,1.4625000000000057
-77057.38750000001,183644.05000000005,-4358.449999999997,140190.3,29659.5,13966.924999999988,172670.65,-1090.8875000000116,145054.525,15339.424999999988,-1.625,-0.11250000000000004,4.025000000000006,0.9625000000000004,0.5999999999999996,-0.48750000000001137,0.0375,0.11249999999999982,-0.2749999999999999,-0.30000000000000004,0.0625,-0.5374999999999943
-76588.38750000001,185512.05000000005,-4261.449999999997,139175.3,29531.5,13881.924999999988,174839.65,-846.8875000000116,147011.525,15876.424999999988,-0.625,0.8875,-0.9749999999999943,-0.037499999999999645,-0.40000000000000036,-0.48750000000001137,0.0375,0.11249999999999982,-0.2749999999999999,-0.30000000000000004,0.0625,-0.5374999999999943
-78576.38750000001,186775.05000000005,-4450.449999999997,138585.3,29210.5,11899.924999999988,174701.65,-1022.8875000000116,147295.525,15802.424999999988,0.375,0.8875,-2.9749999999999943,-0.037499999999999645,-0.40000000000000036,0.5124999999999886,0.0375,0.11249999999999982,0.7250000000000001,-0.30000000000000004,0.0625,0.4625000000000057
-80420.38750000001,184956.05000000005,-4379.449999999997,145227.3,28801.5,11408.924999999988,170360.65,-1116.8875000000116,146284.525,15237.424999999988,-0.625,-1.1125,-0.9749999999999943,-0.037499999999999645,0.5999999999999996,0.5124999999999886,0.0375,0.11249999999999982,0.7250000000000001,-0.30000000000000004,0.0625,0.4625000000000057
-81390.38750000001,180382.05000000005,-4370.449999999997,149010.3,28422.5,11017.924999999988,165846.65,-1273.8875000000116,145455.525,14744.424999999988,0.375,-0.11250000000000004,2.0250000000000057,-1.0374999999999996,-0.40000000000000036,0.5124999999999886,0.0375,0.11249999999999982,-0.2749999999999999,-0.30000000000000004,0.0625,-0.5374999999999943
-80037.38750000001,174142.05000000005,-4265.449999999997,149805.3,27850.5,10913.924999999988,165482.65,-1249.8875000000116,142836.525,14118.424999999988,0.375,0.8875,-1.9749999999999943,-0.037499999999999645,0.5999999999999996,-0.48750000000001137,0.0375,-0.8875000000000002,-0.2749999999999999,-0.30000000000000004,0.0625,-0.5374999999999943
-79840.38750000001,171279.05000000005,-4321.449999999997,148789.3,27074.5,10918.924999999988,166992.65,-864.8875000000116,141323.525,11521.424999999988,-0.625,-0.11250000000000004,0.025000000000005684,-0.037499999999999645,0.5999999999999996,0.5124999999999886,0.0375,0.11249999999999982,-0.2749999999999999,-0.30000000000000004,0.0625,0.4625000000000057
-80910.38750000001,174505.05000000005,-4455.449999999997,149659.3,26468.5,9773.924999999988,170000.65,-844.8875000000116,141487.525,10901.424999999988,-0.625,-0.11250000000000004,0.025000000000005684,-0.037499999999999645,0.5999999999999996,1.5124999999999886,0.0375,0.11249999999999982,-0.2749999999999999,-0.30000000000000004,0.0625,1.4625000000000057
-82436.38750000001,176780.05000000005,-4368.449999999997,153180.3,26176.5,9285.924999999988,170730.65,-915.8875000000116,141786.525,10728.424999999988,0.375,0.8875,0.025000000000005684,-0.037499999999999645,0.5999999999999996,-0.48750000000001137,0.0375,0.11249999999999982,0.7250000000000001,-0.30000000000000004,0.0625,-0.5374999999999943
-82898.38750000001,176991.05000000005,-4308.449999999997,155534.3,24883.5,8315.924999999988,171487.65,-917.8875000000116,141473.525,10532.424999999988,0.375,-3.1125,-0.9749999999999943,0.9625000000000004,-1.4000000000000004,0.5124999999999886,0.0375,0.11249999999999982,-0.2749999999999999,1.7,0.0625,1.4625000000000057
-81887.38750000001,175125.05000000005,-4544.449999999997,151449.3,23951.5,9246.924999999988,170940.65,-903.8875000000116,141425.525,9992.424999999988,0.375,-0.11250000000000004,2.0250000000000057,-0.037499999999999645,-1.4000000000000004,0.5124999999999886,0.0375,0.11249999999999982,-0.2749999999999999,0.7,0.0625,-0.5374999999999943
-79985.38750000001,172661.05000000005,-4354.449999999997,150094.3,23134.5,9937.924999999988,169661.65,-602.8875000000116,142749.525,9011.424999999988,2.375,-1.1125,-2.9749999999999943,0.9625000000000004,0.5999999999999996,0.5124999999999886,0.0375,-0.8875000000000002,0.7250000000000001,-0.30000000000000004,1.0625,-1.5374999999999943
-77757.38750000001,171138.05000000005,-4286.449999999997,150226.3,22825.5,10155.924999999988,168739.65,-606.8875000000116,144016.525,7411.424999999988,1.375,-0.11250000000000004,-2.9749999999999943,0.9625000000000004,0.5999999999999996,-0.48750000000001137,0.0375,0.11249999999999982,-0.2749999999999999,2.7,-0.9375,0.4625000000000057
-80409.38750000001,172778.05000000005,-4100.449999999997,151401.3,22293.5,9838.924999999988,168003.65,-639.8875000000116,143861.525,5754.424999999988,-0.625,0.8875,2.0250000000000057,-0.037499999999999645,-0.40000000000000036,1.5124999999999886,0.0375,0.11249999999999982,-0.2749999999999999,-1.3,0.0625,-1.5374999999999943
-83554.38750000001,176391.05000000005,-4129.449999999997,152179.3,21074.5,8902.924999999988,168008.65,-607.8875000000116,144581.525,5547.424999999988,0.375,-1.1125,-0.9749999999999943,0.9625000000000004,-1.4000000000000004,0.5124999999999886,0.0375,0.11249999999999982,0.7250000000000001,0.7,-0.9375,1.4625000000000057
-82722.38750000001,175692.05000000005,-4173.449999999997,153132.3,21638.5,8807.924999999988,167714.65,-556.8875000000116,147965.525,5241.424999999988,0.375,-0.11250000000000004,0.025000000000005684,1.9625000000000004,0.5999999999999996,0.5124999999999886,-0.9625,0.11249999999999982,-0.2749999999999999,-0.30000000000000004,0.0625,-1.5374999999999943
-80542.38750000001,171098.05000000005,-4578.449999999997,155144.3,22009.5,10412.924999999988,166121.65,-524.8875000000116,149084.525,4450.424999999988,0.375,0.8875,-0.9749999999999943,-0.037499999999999645,-0.40000000000000036,-0.48750000000001137,0.0375,0.11249999999999982,-0.2749999999999999,0.7,0.0625,0.4625000000000057
-78127.38750000001,167101.05000000005,-4486.449999999997,155251.3,22147.5,10516.924999999988,163761.65,-448.88750000001164,146514.525,3519.4249999999884,0.375,-0.11250000000000004,0.025000000000005684,-0.037499999999999645,0.5999999999999996,1.5124999999999886,0.0375,-0.8875000000000002,-0.2749999999999999,0.7,-0.9375,1.4625000000000057
-78468.38750000001,169925.05000000005,-4335.449999999997,155254.3,22557.5,9783.924999999988,163069.65,-547.8875000000116,143158.525,3194.4249999999884,-0.625,0.8875,1.0250000000000057,-0.037499999999999645,-0.40000000000000036,0.5124999999999886,0.0375,0.11249999999999982,0.7250000000000001,-0.30000000000000004,0.0625,-0.5374999999999943
-80744.38750000001,174739.05000000005,-4242.449999999997,153039.3,24659.5,8663.924999999988,168889.65,-540.8875000000116,143569.525,6011.424999999988,0.375,-0.11250000000000004,1.0250000000000057,0.9625000000000004,-0.40000000000000036,-0.48750000000001137,0.0375,0.11249999999999982,0.7250000000000001,1.7,0.0625,-0.5374999999999943
-81085.38750000001,175527.05000000005,-4165.449999999997,149773.3,25656.5,9336.924999999988,170496.65,-510.88750000001164,144892.525,6966.424999999988,1.375,-0.11250000000000004,0.025000000000005684,-0.037499999999999645,-0.40000000000000036,-0.48750000000001137,0.0375,-0.8875000000000002,-0.2749999999999999,-0.30000000000000004,0.0625,-0.5374999999999943
-81017.38750000001,176038.05000000005,-3984.449999999997,148697.3,26034.5,9422.924999999988,170887.65,-547.8875000000116,144858.525,7795.424999999988,0.375,-0.11250000000000004,0.025000000000005684,-0.037499999999999645,-0.40000000000000036,-0.48750000000001137,0.0375,0.11249999999999982,-0.2749999999999999,0.7,0.0625,-0.5374999999999943
-80675.38750000001,176003.05000000005,-3890.449999999997,151258.3,26408.5,9561.924999999988,169554.65,-537.8875000000116,144426.525,8242.424999999988,0.375,0.8875,1.0250000000000057,-0.037499999999999645,0.5999999999999996,-0.48750000000001137,0.0375,0.11249999999999982,-0.2749999999999999,0.7,0.0625,0.4625000000000057
-80019.38750000001,175354.05000000005,-3908.449999999997,150681.3,26607.5,9644.924999999988,167869.65,-557.8875000000116,143214.525,8464.424999999988,0.375,-0.11250000000000004,-1.9749999999999943,-0.037499999999999645,-0.40000000000000036,-0.48750000000001137,0.0375,-0.8875000000000002,-0.2749999999999999,-0.30000000000000004,0.0625,-1.5374999999999943
-79032.38750000001,174416.05000000005,-4007.449999999997,149939.3,26757.5,9658.924999999988,169585.65,-502.88750000001164,142412.525,8368.424999999988,0.375,-0.11250000000000004,0.025000000000005684,-0.037499999999999645,-0.40000000000000036,0.5124999999999886,0.0375,0.11249999999999982,0.7250000000000001,-0.30000000000000004,0.0625,-0.5374999999999943
-78722.38750000001,174118.05000000005,-4110.449999999997,150570.3,27202.5,9458.924999999988,171042.65,-461.88750000001164,142861.525,9280.424999999988,0.375,0.8875,0.025000000000005684,-0.037499999999999645,-0.40000000000000036,-0.48750000000001137,-0.9625,0.11249999999999982,-0.2749999999999999,0.7,0.0625,0.4625000000000057
-79251.38750000001,174370.05000000005,-3972.449999999997,151805.3,27912.5,9330.924999999988,171178.65,-508.88750000001164,143403.525,9283.424999999988,-0.625,0.8875,1.0250000000000057,-1.0374999999999996,0.5999999999999996,0.5124999999999886,0.0375,0.11249999999999982,-0.2749999999999999,-0.30000000000000004,0.0625,-0.5374999999999943
-79360.38750000001,174768.05000000005,-3932.449999999997,152164.3,27864.5,9363.924999999988,170430.65,-522.8875000000116,141745.525,9092.424999999988,0.375,-0.11250000000000004,0.025000000000005684,-1.0374999999999996,0.5999999999999996,-0.48750000000001137,0.0375,0.11249999999999982,-0.2749999999999999,-0.30000000000000004,0.0625,-1.5374999999999943
-79441.38750000001,174256.05000000005,-4011.449999999997,151643.3,27987.5,9218.924999999988,169776.65,-561.8875000000116,140919.525,8946.424999999988,-0.625,-0.11250000000000004,-0.9749999999999943,-0.037499999999999645,-0.40000000000000036,0.5124999999999886,0.0375,0.11249999999999982,-0.2749999999999999,-0.30000000000000004,0.0625,-0.5374999999999943
-78986.38750000001,173551.05000000005,-4082.449999999997,152135.3,28214.5,9486.924999999988,169507.65,-629.8875000000116,141383.525,9020.424999999988,-0.625,0.8875,0.025000000000005684,-0.037499999999999645,-1.4000000000000004,-0.48750000000001137,0.0375,0.11249999999999982,-0.2749999999999999,-0.30000000000000004,0.0625,-0.5374999999999943
-78881.38750000001,173406.05000000005,-4145.449999999997,151575.3,28414.5,9620.924999999988,170260.65,-635.8875000000116,142434.525,9412.424999999988,-0.625,-0.11250000000000004,0.025000000000005684,-0.037499999999999645,0.5999999999999996,0.5124999999999886,0.0375,0.11249999999999982,-0.2749999999999999,0.7,0.0625,0.4625000000000057
-78910.38750000001,173572.05000000005,-4204.449999999997,150973.3,28502.5,9590.924999999988,170966.65,-657.8875000000116,142724.525,9747.424999999988,0.375,-0.11250000000000004,-0.9749999999999943,-0.037499999999999645,-0.40000000000000036,0.5124999999999886,0.0375,0.11249999999999982,-0.2749999999999999,0.7,0.0625,-0.5374999999999943
-79134.38750000001,174060.05000000005,-4219.449999999997,151099.3,28418.5,9556.924999999988,170285.65,-639.8875000000116,142253.525,9945.424999999988,0.375,-0.11250000000000004,0.025000000000005684,0.9625000000000004,-0.40000000000000036,-0.48750000000001137,0.0375,0.11249999999999982,-0.2749999999999999,0.7,0.0625,-0.5374999999999943
-79386.38750000001,174303.05000000005,-4188.449999999997,151338.3,28362.5,9556.924999999988,169966.65,-511.88750000001164,142470.525,10098.424999999988,0.375,-0.11250000000000004,0.025000000000005684,-0.037499999999999645,0.5999999999999996,0.5124999999999886,0.0375,0.11249999999999982,0.7250000000000001,-0.30000000000000004,0.0625,0.4625000000000057
-79232.38750000001,174238.05000000005,-4133.449999999997,151054.3,28183.5,9704.924999999988,170208.65,-622.8875000000116,142616.525,10146.424999999988,0.375,-0.11250000000000004,1.0250000000000057,-0.037499999999999645,-0.40000000000000036,-1.4875000000000114,0.0375,0.11249999999999982,-0.2749999999999999,0.7,0.0625,0.4625000000000057
-79017.38750000001,173961.05000000005,-4096.449999999997,150361.3,27955.5,9817.924999999988,170609.65,-521.8875000000116,142932.525,10108.424999999988,0.375,0.8875,0.025000000000005684,0.9625000000000004,0.5999999999999996,-0.48750000000001137,0.0375,0.11249999999999982,-0.2749999999999999,0.7,-0.9375,0.4625000000000057
-78961.38750000001,173705.05000000005,-4012.449999999997,150626.3,27776.5,9770.924999999988,170588.65,-494.88750000001164,143129.525,9909.424999999988,-0.625,0.8875,1.0250000000000057,-0.037499999999999645,-0.40000000000000036,-0.48750000000001137,0.0375,0.11249999999999982,1.725,0.7,0.0625,0.4625000000000057
-79183.38750000001,173956.05000000005,-4002.449999999997,151955.3,27066.5,8922.924999999988,170539.65,-695.8875000000116,141592.525,8897.424999999988,0.375,-0.11250000000000004,-0.9749999999999943,-0.037499999999999645,-0.40000000000000036,-0.48750000000001137,0.0375,0.11249999999999982,0.7250000000000001,0.7,0.0625,0.4625000000000057
-79360.38750000001,174012.05000000005,-4009.449999999997,152127.3,26777.5,8732.924999999988,170804.65,-700.8875000000116,141896.525,8678.424999999988,0.375,-1.1125,0.025000000000005684,0.9625000000000004,-0.40000000000000036,-0.48750000000001137,0.0375,0.11249999999999982,-0.2749999999999999,-0.30000000000000004,0.0625,-0.5374999999999943
-79557.38750000001,173973.05000000005,-3933.449999999997,152122.3,26627.5,8761.924999999988,170638.65,-687.8875000000116,142242.525,8409.424999999988,0.375,0.8875,0.025000000000005684,-0.037499999999999645,-0.40000000000000036,0.5124999999999886,0.0375,0.11249999999999982,-0.2749999999999999,-0.30000000000000004,0.0625,1.4625000000000057
-79807.38750000001,173692.05000000005,-4023.449999999997,151848.3,26364.5,8907.924999999988,169956.65,-639.8875000000116,142095.525,8035.424999999988,0.375,0.8875,0.025000000000005684,0.9625000000000004,-0.40000000000000036,0.5124999999999886,0.0375,0.11249999999999982,0.7250000000000001,0.7,-0.9375,0.4625000000000057
-80137.38750000001,173656.05000000005,-3966.449999999997,150958.3,26128.5,9105.924999999988,169379.65,-600.8875000000116,142200.525,7645.424999999988,0.375,-0.11250000000000004,0.025000000000005684,-0.037499999999999645,-0.40000000000000036,-0.48750000000001137,0.0375,0.11249999999999982,-0.2749999999999999,0.7,0.0625,0.4625000000000057
-80576.38750000001,173982.05000000005,-4055.449999999997,150951.3,25818.5,9096.924999999988,169073.65,-560.8875000000116,142976.525,7176.424999999988,0.375,0.8875,0.025000000000005684,0.9625000000000004,0.5999999999999996,0.5124999999999886,0.0375,0.11249999999999982,-0.2749999999999999,-0.30000000000000004,0.0625,0.4625000000000057
-81113.38750000001,174220.05000000005,-4114.449999999997,150982.3,25055.5,8975.924999999988,168623.65,-648.8875000000116,143721.525,6238.424999999988,0.375,0.8875,0.025000000000005684,-0.037499999999999645,0.5999999999999996,-0.48750000000001137,0.0375,0.11249999999999982,-0.2749999999999999,-0.30000000000000004,0.0625,-0.5374999999999943
-81827.38750000001,174613.05000000005,-4205.449999999997,150606.3,24627.5,9048.924999999988,168067.65,-636.8875000000116,144058.525,5905.424999999988,0.375,-0.11250000000000004,0.025000000000005684,0.9625000000000004,-0.40000000000000036,-0.48750000000001137,0.0375,0.11249999999999982,0.7250000000000001,-0.30000000000000004,0.0625,-1.5374999999999943
-82026.38750000001,175065.05000000005,-4049.449999999997,149970.3,24321.5,9085.924999999988,167147.65,-731.8875000000116,144279.525,5570.424999999988,0.375,-0.11250000000000004,1.0250000000000057,-0.037499999999999645,0.5999999999999996,-0.48750000000001137,0.0375,1.1124999999999998,-0.2749999999999999,0.7,0.0625,-0.5374999999999943
-81882.38750000001,174252.05000000005,-3859.449999999997,149792.3,23771.5,9115.924999999988,166867.65,-698.8875000000116,145178.525,5529.424999999988,-0.625,-0.11250000000000004,0.025000000000005684,-0.037499999999999645,-0.40000000000000036,-0.48750000000001137,0.0375,0.11249999999999982,-0.2749999999999999,0.7,0.0625,0.4625000000000057
-81300.38750000001,174027.05000000005,-3919.449999999997,150097.3,23488.5,9254.924999999988,166774.65,-616.8875000000116,145386.525,5473.424999999988,-0.625,-0.11250000000000004,-0.9749999999999943,-0.037499999999999645,0.5999999999999996,0.5124999999999886,0.0375,0.11249999999999982,-0.2749999999999999,-0.30000000000000004,0.0625,0.4625000000000057
-81638.38750000001,174299.05000000005,-3996.449999999997,150506.3,23797.5,9166.924999999988,166955.65,-455.88750000001164,144667.525,5373.424999999988,-0.625,0.8875,0.025000000000005684,-0.037499999999999645,-0.40000000000000036,0.5124999999999886,0.0375,-0.8875000000000002,-0.2749999999999999,-0.30000000000000004,0.0625,-0.5374999999999943
-81935.38750000001,174710.05000000005,-3980.449999999997,150500.3,24618.5,9035.924999999988,167280.65,-511.88750000001164,144036.525,5610.424999999988,0.375,-1.1125,-0.9749999999999943,-0.037499999999999645,-0.40000000000000036,-0.48750000000001137,0.0375,0.11249999999999982,0.7250000000000001,-0.30000000000000004,0.0625,1.4625000000000057
-82023.38750000001,174914.05000000005,-4038.449999999997,150541.3,25095.5,8849.924999999988,167831.65,-648.8875000000116,143927.525,5997.424999999988,0.375,-0.11250000000000004,0.025000000000005684,-0.037499999999999645,-0.40000000000000036,-0.48750000000001137,0.0375,0.11249999999999982,0.7250000000000001,-0.30000000000000004,0.0625,0.4625000000000057
-81964.38750000001,175023.05000000005,-4094.449999999997,150659.3,25274.5,8608.924999999988,168444.65,-769.8875000000116,143700.525,6488.424999999988,0.375,-0.11250000000000004,0.025000000000005684,0.9625000000000004,-0.40000000000000036,0.5124999999999886,0.0375,0.11249999999999982,0.7250000000000001,-0.30000000000000004,-0.9375,0.4625000000000057
-81368.38750000001,174846.05000000005,-4208.449999999997,150263.3,25524.5,8716.924999999988,169097.65,-673.8875000000116,143923.525,6941.424999999988,-0.625,-0.11250000000000004,-0.9749999999999943,-0.037499999999999645,-0.40000000000000036,1.5124999999999886,0.0375,0.11249999999999982,-0.2749999999999999,-0.30000000000000004,0.0625,0.4625000000000057
-80969.38750000001,174707.05000000005,-4336.449999999997,149971.3,25914.5,9160.924999999988,169375.65,-602.8875000000116,143676.525,7315.424999999988,0.375,-0.11250000000000004,-0.9749999999999943,0.9625000000000004,-0.40000000000000036,-0.48750000000001137,0.0375,0.11249999999999982,0.7250000000000001,-0.30000000000000004,0.0625,-0.5374999999999943
-80654.38750000001,174391.05000000005,-4269.449999999997,149897.3,26127.5,9255.924999999988,169324.65,-599.8875000000116,143394.525,7634.424999999988,-0.625,-0.11250000000000004,-0.9749999999999943,-0.037499999999999645,-0.40000000000000036,-0.48750000000001137,0.0375,0.11249999999999982,-0.2749999999999999,-0.30000000000000004,0.0625,0.4625000000000057
-80697.38750000001,174578.05000000005,-4210.449999999997,150144.3,26594.5,9212.924999999988,169362.65,-667.8875000000116,143335.525,7904.424999999988,0.375,-0.11250000000000004,-0.9749999999999943,-0.037499999999999645,0.5999999999999996,0.5124999999999886,0.0375,0.11249999999999982,-0.2749999999999999,0.7,0.0625,0.4625000000000057
-80455.38750000001,174508.05000000005,-4287.449999999997,150351.3,26671.5,9309.924999999988,169611.65,-731.8875000000116,143271.525,8337.424999999988,0.375,-0.11250000000000004,0.025000000000005684,-0.037499999999999645,-0.40000000000000036,-0.48750000000001137,0.0375,0.11249999999999982,-0.2749999999999999,-0.30000000000000004,0.0625,0.4625000000000057
-80157.38750000001,174261.05000000005,-4129.449999999997,150478.3,26718.5,9292.924999999988,170011.65,-661.8875000000116,143206.525,8375.424999999988,0.375,-0.11250000000000004,0.025000000000005684,-0.037499999999999645,-0.40000000000000036,-0.48750000000001137,0.0375,0.11249999999999982,-0.2749999999999999,-0.30000000000000004,0.0625,-0.5374999999999943
-80097.38750000001,174204.05000000005,-4104.449999999997,150604.3,26902.5,9271.924999999988,170023.65,-674.8875000000116,142611.525,8471.424999999988,0.375,0.8875,0.025000000000005684,-0.037499999999999645,-0.40000000000000036,-0.48750000000001137,0.0375,0.11249999999999982,0.7250000000000001,-0.30000000000000004,0.0625,0.4625000000000057
-79981.38750000001,174212.05000000005,-4023.449999999997,150931.3,27086.5,9226.924999999988,169840.65,-611.8875000000116,142430.525,8574.424999999988,0.375,0.8875,0.025000000000005684,-0.037499999999999645,-0.40000000000000036,0.5124999999999886,0.0375,-0.8875000000000002,0.7250000000000001,0.7,0.0625,-1.5374999999999943
-80109.38750000001,174166.05000000005,-3928.449999999997,151322.3,27017.5,8987.924999999988,169708.65,-584.8875000000116,142190.525,8534.424999999988,-0.625,-0.11250000000000004,-0.9749999999999943,0.9625000000000004,-0.40000000000000036,-0.48750000000001137,-0.9625,0.11249999999999982,0.7250000000000001,0.7,0.0625,0.4625000000000057
-80252.38750000001,174295.05000000005,-3893.449999999997,151504.3,27284.5,9084.924999999988,170039.65,-564.8875000000116,142022.525,8419.424999999988,0.375,0.8875,1.0250000000000057,0.9625000000000004,-0.40000000000000036,-0.48750000000001137,0.0375,0.11249999999999982,0.7250000000000001,0.7,0.0625,-0.5374999999999943
-79933.38750000001,173931.05000000005,-3963.449999999997,151633.3,27237.5,9038.924999999988,170314.65,-714.8875000000116,141950.525,8312.424999999988,0.375,-0.11250000000000004,0.025000000000005684,0.9625000000000004,-0.40000000000000036,-0.48750000000001137,0.0375,0.11249999999999982,-0.2749999999999999,-0.30000000000000004,0.0625,0.4625000000000057
-79976.38750000001,173923.05000000005,-4049.449999999997,151730.3,27111.5,9205.924999999988,170417.65,-661.8875000000116,142186.525,8320.424999999988,0.375,-0.11250000000000004,0.025000000000005684,-0.037499999999999645,0.5999999999999996,0.5124999999999886,0.0375,-0.8875000000000002,-0.2749999999999999,0.7,0.0625,-0.5374999999999943
-80122.38750000001,173954.05000000005,-3955.449999999997,151708.3,27031.5,9014.924999999988,170230.65,-663.8875000000116,142376.525,8185.424999999988,0.375,0.8875,0.025000000000005684,-0.037499999999999645,0.5999999999999996,-1.4875000000000114,0.0375,1.1124999999999998,-0.2749999999999999,-0.30000000000000004,0.0625,-0.5374999999999943
-80335.38750000001,174039.05000000005,-3999.449999999997,151481.3,26984.5,8814.924999999988,169933.65,-610.8875000000116,142487.525,8158.424999999988,0.375,-0.11250000000000004,0.025000000000005684,0.9625000000000004,-0.40000000000000036,-0.48750000000001137,0.0375,0.11249999999999982,-0.2749999999999999,-0.30000000000000004,0.0625,-0.5374999999999943
-80535.38750000001,174167.05000000005,-4088.449999999997,151367.3,26706.5,8851.924999999988,169718.65,-648.8875000000116,142650.525,8199.424999999988,0.375,-0.11250000000000004,0.025000000000005684,0.9625000000000004,-0.40000000000000036,0.5124999999999886,0.0375,0.11249999999999982,-0.2749999999999999,0.7,0.0625,-0.5374999999999943
-80554.38750000001,173876.05000000005,-4099.449999999997,151098.3,26277.5,8832.924999999988,169738.65,-767.8875000000116,143040.525,8113.424999999988,0.375,-0.11250000000000004,0.025000000000005684,-0.037499999999999645,-0.40000000000000036,0.5124999999999886,0.0375,0.11249999999999982,-0.2749999999999999,-1.3,0.0625,-0.5374999999999943
-80676.38750000001,174110.05000000005,-3984.449999999997,150722.3,26223.5,8620.924999999988,169893.65,-763.8875000000116,143346.525,7941.424999999988,0.375,0.8875,1.0250000000000057,-0.037499999999999645,-0.40000000000000036,-0.48750000000001137,0.0375,0.11249999999999982,-0.2749999999999999,-0.30000000000000004,0.0625,0.4625000000000057
-81076.38750000001,174392.05000000005,-3957.449999999997,150508.3,26214.5,8783.924999999988,169135.65,-590.8875000000116,143351.525,7529.424999999988,-0.625,-0.11250000000000004,0.025000000000005684,-0.037499999999999645,-0.40000000000000036,-0.48750000000001137,0.0375,-0.8875000000000002,0.7250000000000001,-0.30000000000000004,0.0625,-0.5374999999999943
-81322.38750000001,174350.05000000005,-3892.449999999997,150511.3,25961.5,8669.924999999988,168781.65,-569.8875000000116,143182.525,7107.424999999988,-0.625,0.8875,-0.9749999999999943,-1.0374999999999996,0.5999999999999996,-0.48750000000001137,0.0375,-0.8875000000000002,-0.2749999999999999,0.7,0.0625,0.4625000000000057
-81520.38750000001,174218.05000000005,-3919.449999999997,150605.3,25767.5,8768.924999999988,168258.65,-507.88750000001164,143269.525,6666.424999999988,0.375,-0.11250000000000004,0.025000000000005684,-0.037499999999999645,0.5999999999999996,-0.48750000000001137,0.0375,0.11249999999999982,-0.2749999999999999,-0.30000000000000004,0.0625,-0.5374999999999943
-81651.38750000001,174348.05000000005,-3946.449999999997,150741.3,25694.5,8830.924999999988,167964.65,-626.8875000000116,143294.525,6359.424999999988,0.375,-0.11250000000000004,0.025000000000005684,0.9625000000000004,-0.40000000000000036,-0.48750000000001137,0.0375,0.11249999999999982,-0.2749999999999999,-0.30000000000000004,0.0625,0.4625000000000057
-81766.38750000001,174411.05000000005,-4064.449999999997,150648.3,25623.5,8786.924999999988,167932.65,-731.8875000000116,143157.525,6227.424999999988,-0.625,-0.11250000000000004,0.025000000000005684,-0.037499999999999645,-0.40000000000000036,-0.48750000000001137,0.0375,0.11249999999999982,-0.2749999999999999,-0.30000000000000004,0.0625,-0.5374999999999943
-81711.38750000001,174267.05000000005,-4029.449999999997,150283.3,25510.5,8886.924999999988,168108.65,-561.8875000000116,143435.525,6266.424999999988,0.375,-0.11250000000000004,0.025000000000005684,0.9625000000000004,-0.40000000000000036,-0.48750000000001137,0.0375,0.11249999999999982,-0.2749999999999999,0.7,-0.9375,0.4625000000000057
-81740.38750000001,174562.05000000005,-4173.449999999997,150279.3,25717.5,8885.924999999988,168626.65,-755.8875000000116,143640.525,6935.424999999988,0.375,0.8875,0.025000000000005684,-0.037499999999999645,-0.40000000000000036,0.5124999999999886,0.0375,0.11249999999999982,-0.2749999999999999,-0.30000000000000004,0.0625,0.4625000000000057
-81836.38750000001,175059.05000000005,-4161.449999999997,150103.3,25836.5,8993.924999999988,169112.65,-785.8875000000116,143218.525,7054.424999999988,0.375,-0.11250000000000004,0.025000000000005684,-0.037499999999999645,0.5999999999999996,-0.48750000000001137,-0.9625,0.11249999999999982,0.7250000000000001,-0.30000000000000004,0.0625,0.4625000000000057
-81561.38750000001,174703.05000000005,-4168.449999999997,150539.3,26070.5,8946.924999999988,169493.65,-556.8875000000116,143127.525,7354.424999999988,-0.625,-0.11250000000000004,0.025000000000005684,-0.037499999999999645,-0.40000000000000036,0.5124999999999886,0.0375,0.11249999999999982,-0.2749999999999999,0.7,0.0625,-0.5374999999999943
-81417.38750000001,174482.05000000005,-4039.449999999997,150578.3,26188.5,8821.924999999988,169553.65,-603.8875000000116,142998.525,7467.424999999988,0.375,-0.11250000000000004,1.0250000000000057,0.9625000000000004,-0.40000000000000036,-1.4875000000000114,0.0375,0.11249999999999982,0.7250000000000001,-0.30000000000000004,0.0625,-0.5374999999999943
-81407.38750000001,174608.05000000005,-4053.449999999997,150790.3,26332.5,8860.924999999988,169502.65,-712.8875000000116,142847.525,7453.424999999988,0.375,0.8875,0.025000000000005684,-0.037499999999999645,0.5999999999999996,0.5124999999999886,0.0375,0.11249999999999982,-0.2749999999999999,0.7,0.0625,-1.5374999999999943
-81539.38750000001,174693.05000000005,-4052.449999999997,151051.3,26503.5,8770.924999999988,169441.65,-700.8875000000116,142693.525,7408.424999999988,0.375,-0.11250000000000004,0.025000000000005684,-0.037499999999999645,0.5999999999999996,0.5124999999999886,0.0375,0.11249999999999982,-0.2749999999999999,-0.30000000000000004,0.0625,-0.5374999999999943
-81453.38750000001,174798.05000000005,-4028.449999999997,151202.3,26470.5,8719.924999999988,169390.65,-580.8875000000116,142348.525,7519.424999999988,0.375,0.8875,0.025000000000005684,-0.037499999999999645,0.5999999999999996,-0.48750000000001137,0.0375,0.11249999999999982,0.7250000000000001,-0.30000000000000004,0.0625,-0.5374999999999943
-81378.38750000001,174702.05000000005,-3960.449999999997,151079.3,26396.5,8580.924999999988,169457.65,-594.8875000000116,142003.525,7557.424999999988,0.375,-0.11250000000000004,-0.9749999999999943,-0.037499999999999645,-0.40000000000000036,-0.48750000000001137,0.0375,0.11249999999999982,-0.2749999999999999,0.7,0.0625,0.4625000000000057
-81237.38750000001,174529.05000000005,-3969.449999999997,151046.3,26508.5,8686.924999999988,169690.65,-525.8875000000116,142040.525,7608.424999999988,0.375,-0.11250000000000004,0.025000000000005684,-0.037499999999999645,-0.40000000000000036,0.5124999999999886,-0.9625,0.11249999999999982,-0.2749999999999999,-0.30000000000000004,0.0625,0.4625000000000057
-81237.38750000001,174664.05000000005,-4012.449999999997,151049.3,26395.5,8663.924999999988,169683.65,-732.8875000000116,142159.525,7631.424999999988,0.375,-0.11250000000000004,-0.9749999999999943,0.9625000000000004,-0.40000000000000036,0.5124999999999886,0.0375,-0.8875000000000002,-0.2749999999999999,0.7,0.0625,0.4625000000000057
-81367.38750000001,174805.05000000005,-3801.449999999997,150922.3,26385.5,8612.924999999988,169612.65,-825.8875000000116,142110.525,7641.424999999988,-0.625,-0.11250000000000004,0.025000000000005684,0.9625000000000004,-0.40000000000000036,-0.48750000000001137,0.0375,0.11249999999999982,-0.2749999999999999,-0.30000000000000004,0.0625,0.4625000000000057
-81326.38750000001,174706.05000000005,-4016.449999999997,150488.3,26606.5,8875.924999999988,169425.65,-687.8875000000116,142166.525,7705.424999999988,0.375,0.8875,0.025000000000005684,0.9625000000000004,0.5999999999999996,-0.48750000000001137,0.0375,0.11249999999999982,0.7250000000000001,-0.30000000000000004,0.0625,0.4625000000000057
-81159.38750000001,174446.05000000005,-4045.449999999997,150444.3,26630.5,9019.924999999988,169250.65,-562.8875000000116,142227.525,7529.424999999988,1.375,0.8875,0.025000000000005684,0.9625000000000004,-0.40000000000000036,0.5124999999999886,0.0375,0.11249999999999982,-0.2749999999999999,-0.30000000000000004,0.0625,-0.5374999999999943
-81071.38750000001,174285.05000000005,-3944.449999999997,150500.3,26569.5,8924.924999999988,169162.65,-500.88750000001164,142299.525,7578.424999999988,0.375,-0.11250000000000004,0.025000000000005684,-0.037499999999999645,0.5999999999999996,0.5124999999999886,0.0375,0.11249999999999982,0.7250000000000001,-0.30000000000000004,0.0625,-0.5374999999999943
-81202.38750000001,174459.05000000005,-4078.449999999997,150569.3,26650.5,8873.924999999988,169165.65,-612.8875000000116,142324.525,7576.424999999988,0.375,-0.11250000000000004,0.025000000000005684,0.9625000000000004,0.5999999999999996,-0.48750000000001137,0.0375,0.11249999999999982,0.7250000000000001,-0.30000000000000004,0.0625,-0.5374999999999943
-81291.38750000001,174443.05000000005,-3927.449999999997,150780.3,26390.5,8709.924999999988,169369.65,-628.8875000000116,142431.525,7444.424999999988,0.375,0.8875,0.025000000000005684,-0.037499999999999645,-0.40000000000000036,0.5124999999999886,0.0375,0.11249999999999982,0.7250000000000001,0.7,0.0625,0.4625000000000057
-81396.38750000001,174294.05000000005,-3946.449999999997,150885.3,26393.5,8622.924999999988,168870.65,-570.8875000000116,142508.525,7131.424999999988,0.375,0.8875,0.025000000000005684,-0.037499999999999645,-0.40000000000000036,-0.48750000000001137,0.0375,0.11249999999999982,-0.2749999999999999,-0.30000000000000004,0.0625,-0.5374999999999943
-81345.38750000001,174118.05000000005,-4002.449999999997,150959.3,26370.5,8692.924999999988,168665.65,-597.8875000000116,142502.525,6877.424999999988,0.375,-0.11250000000000004,0.025000000000005684,-0.037499999999999645,0.5999999999999996,0.5124999999999886,0.0375,-0.8875000000000002,-0.2749999999999999,-0.30000000000000004,0.0625,0.4625000000000057
-81338.38750000001,174109.05000000005,-3973.449999999997,151009.3,26449.5,8692.924999999988,168689.65,-596.8875000000116,142473.525,6655.424999999988,0.375,-0.11250000000000004,-0.9749999999999943,-0.037499999999999645,0.5999999999999996,0.5124999999999886,0.0375,0.11249999999999982,0.7250000000000001,-0.30000000000000004,-0.9375,-0.5374999999999943
-81392.38750000001,174143.05000000005,-4294.449999999997,150620.3,26214.5,8874.924999999988,168888.65,-658.8875000000116,143222.525,7111.424999999988,0.375,-0.11250000000000004,-0.9749999999999943,-0.037499999999999645,-0.40000000000000036,0.5124999999999886,0.0375,0.11249999999999982,-0.2749999999999999,-0.30000000000000004,0.0625,0.4625000000000057
-81406.38750000001,174380.05000000005,-4082.449999999997,150525.3,26289.5,8917.924999999988,168941.65,-572.8875000000116,143490.525,7317.424999999988,0.375,-0.11250000000000004,0.025000000000005684,0.9625000000000004,-0.40000000000000036,-0.48750000000001137,0.0375,0.11249999999999982,0.7250000000000001,-0.30000000000000004,0.0625,-0.5374999999999943
-81517.38750000001,174316.05000000005,-4130.449999999997,150402.3,26372.5,8886.924999999988,168903.65,-544.8875000000116,143619.525,7406.424999999988,0.375,-0.11250000000000004,-0.9749999999999943,-0.037499999999999645,-1.4000000000000004,0.5124999999999886,0.0375,0.11249999999999982,-0.2749999999999999,-0.30000000000000004,0.0625,0.4625000000000057
-81493.38750000001,174339.05000000005,-4133.449999999997,150523.3,26407.5,8787.924999999988,168970.65,-656.8875000000116,143440.525,7496.424999999988,0.375,-0.11250000000000004,0.025000000000005684,0.9625000000000004,-0.40000000000000036,-0.48750000000001137,0.0375,0.11249999999999982,-0.2749999999999999,1.7,-0.9375,0.4625000000000057
-81467.38750000001,174386.05000000005,-4163.449999999997,150763.3,26461.5,8828.924999999988,168891.65,-744.8875000000116,143200.525,7602.424999999988,0.375,-0.11250000000000004,0.025000000000005684,0.9625000000000004,0.5999999999999996,-0.48750000000001137,0.0375,0.11249999999999982,-0.2749999999999999,-0.30000000000000004,0.0625,0.4625000000000057
-81556.38750000001,174475.05000000005,-4191.449999999997,150960.3,26627.5,8991.924999999988,169182.65,-486.88750000001164,143096.525,7609.424999999988,0.375,-0.11250000000000004,0.025000000000005684,0.9625000000000004,-0.40000000000000036,-0.48750000000001137,0.0375,0.11249999999999982,-0.2749999999999999,0.7,0.0625,0.4625000000000057
-81650.38750000001,174553.05000000005,-4107.449999999997,151252.3,26562.5,8703.924999999988,169300.65,-477.88750000001164,142862.525,7506.424999999988,0.375,-0.11250000000000004,0.025000000000005684,-0.037499999999999645,-0.40000000000000036,-0.48750000000001137,0.0375,0.11249999999999982,-0.2749999999999999,-0.30000000000000004,0.0625,0.4625000000000057
-81755.38750000001,174578.05000000005,-4080.449999999997,151433.3,26655.5,8547.924999999988,169297.65,-495.88750000001164,142715.525,7572.424999999988,0.375,0.8875,0.025000000000005684,-0.037499999999999645,0.5999999999999996,-0.48750000000001137,0.0375,-0.8875000000000002,0.7250000000000001,0.7,0.0625,0.4625000000000057
-81622.38750000001,174614.05000000005,-4080.449999999997,151533.3,26568.5,8618.924999999988,169112.65,-624.8875000000116,142593.525,7572.424999999988,0.375,-0.11250000000000004,0.025000000000005684,-0.037499999999999645,-0.40000000000000036,-0.48750000000001137,-0.9625,0.11249999999999982,-0.2749999999999999,-0.30000000000000004,0.0625,1.4625000000000057
-81560.38750000001,174579.05000000005,-4004.449999999997,151410.3,26531.5,8643.924999999988,169099.65,-621.8875000000116,142452.525,7490.424999999988,-0.625,0.8875,0.025000000000005684,-0.037499999999999645,0.5999999999999996,-0.48750000000001137,0.0375,0.11249999999999982,0.7250000000000001,-0.30000000000000004,0.0625,0.4625000000000057
-81585.38750000001,174480.05000000005,-3908.449999999997,151269.3,26560.5,8543.924999999988,169214.65,-609.8875000000116,142510.525,7498.424999999988,0.375,-0.11250000000000004,0.025000000000005684,0.9625000000000004,0.5999999999999996,-0.48750000000001137,0.0375,0.11249999999999982,-0.2749999999999999,-0.30000000000000004,0.0625,0.4625000000000057
-81672.38750000001,174668.05000000005,-3852.449999999997,151176.3,26693.5,8555.924999999988,169316.65,-568.8875000000116,142908.525,7544.424999999988,-0.625,0.8875,0.025000000000005684,0.9625000000000004,0.5999999999999996,0.5124999999999886,0.0375,0.11249999999999982,-0.2749999999999999,0.7,0.0625,-0.5374999999999943
-81676.38750000001,174703.05000000005,-3921.449999999997,151057.3,26600.5,8586.924999999988,169428.65,-643.8875000000116,143012.525,7806.424999999988,0.375,-0.11250000000000004,2.0250000000000057,-0.037499999999999645,0.5999999999999996,0.5124999999999886,0.0375,0.11249999999999982,0.7250000000000001,-0.30000000000000004,0.0625,-0.5374999999999943
-81575.38750000001,174514.05000000005,-4167.449999999997,151064.3,26652.5,8598.924999999988,169404.65,-576.8875000000116,143031.525,7732.424999999988,-0.625,-0.11250000000000004,0.025000000000005684,-0.037499999999999645,-0.40000000000000036,-0.48750000000001137,0.0375,0.11249999999999982,0.7250000000000001,-0.30000000000000004,0.0625,0.4625000000000057
-81452.38750000001,174258.05000000005,-4284.449999999997,150967.3,26519.5,8607.924999999988,169323.65,-708.8875000000116,143105.525,7672.424999999988,0.375,-0.11250000000000004,0.025000000000005684,-0.037499999999999645,0.5999999999999996,-0.48750000000001137,0.0375,0.11249999999999982,-0.2749999999999999,-0.30000000000000004,0.0625,0.4625000000000057
-81499.38750000001,174223.05000000005,-4218.449999999997,150980.3,26499.5,8758.924999999988,169363.65,-688.8875000000116,143054.525,7539.424999999988,-0.625,-0.11250000000000004,0.025000000000005684,-0.037499999999999645,-0.40000000000000036,-0.48750000000001137,0.0375,0.11249999999999982,0.7250000000000001,-0.30000000000000004,0.0625,-0.5374999999999943
-81449.38750000001,174240.05000000005,-4166.449999999997,150914.3,26651.5,8737.924999999988,169356.65,-669.8875000000116,142899.525,7388.424999999988,0.375,-0.11250000000000004,0.025000000000005684,-0.037499999999999645,0.5999999999999996,0.5124999999999886,0.0375,0.11249999999999982,-0.2749999999999999,-0.30000000000000004,0.0625,0.4625000000000057
-81400.38750000001,174347.05000000005,-4137.449999999997,150769.3,26648.5,8736.924999999988,169165.65,-686.8875000000116,142901.525,7299.424999999988,0.375,-0.11250000000000004,0.025000000000005684,-0.037499999999999645,-0.40000000000000036,0.5124999999999886,0.0375,-0.8875000000000002,-0.2749999999999999,-0.30000000000000004,0.0625,0.4625000000000057
-81563.38750000001,174365.05000000005,-3993.449999999997,150698.3,26502.5,8860.924999999988,168908.65,-759.8875000000116,142919.525,7210.424999999988,-0.625,-1.1125,1.0250000000000057,0.9625000000000004,-0.40000000000000036,-0.48750000000001137,0.0375,0.11249999999999982,-0.2749999999999999,-0.30000000000000004,0.0625,-0.5374999999999943
-81687.38750000001,174152.05000000005,-3997.449999999997,150687.3,26337.5,8762.924999999988,168695.65,-664.8875000000116,142992.525,7265.424999999988,-0.625,-0.11250000000000004,-0.9749999999999943,-0.037499999999999645,-0.40000000000000036,-0.48750000000001137,0.0375,0.11249999999999982,-0.2749999999999999,-0.30000000000000004,0.0625,-1.5374999999999943
-81760.38750000001,174095.05000000005,-4001.449999999997,150289.3,26110.5,8804.924999999988,168672.65,-531.8875000000116,143248.525,7277.424999999988,0.375,-0.11250000000000004,-0.9749999999999943,-0.037499999999999645,-0.40000000000000036,-0.48750000000001137,0.0375,0.11249999999999982,0.7250000000000001,-0.30000000000000004,0.0625,-0.5374999999999943
-81897.38750000001,174446.05000000005,-3997.449999999997,150350.3,26276.5,8738.924999999988,168749.65,-590.8875000000116,143124.525,7187.424999999988,0.375,-0.11250000000000004,1.0250000000000057,0.9625000000000004,0.5999999999999996,-0.48750000000001137,0.0375,0.11249999999999982,-0.2749999999999999,-0.30000000000000004,0.0625,-0.5374999999999943
-81846.38750000001,174537.05000000005,-4087.449999999997,150416.3,26433.5,8773.924999999988,168723.65,-640.8875000000116,143016.525,7325.424999999988,0.375,-0.11250000000000004,0.025000000000005684,-0.037499999999999645,-0.40000000000000036,0.5124999999999886,0.0375,0.11249999999999982,0.7250000000000001,-0.30000000000000004,0.0625,0.4625000000000057
-81843.38750000001,174530.05000000005,-4156.449999999997,150298.3,26533.5,8860.924999999988,168938.65,-615.8875000000116,142929.525,7422.424999999988,0.375,-0.11250000000000004,0.025000000000005684,0.9625000000000004,-0.40000000000000036,0.5124999999999886,0.0375,0.11249999999999982,-0.2749999999999999,0.7,0.0625,-0.5374999999999943
-81703.38750000001,174447.05000000005,-4159.449999999997,150285.3,26483.5,8995.924999999988,169021.65,-524.8875000000116,143009.525,7443.424999999988,0.375,0.8875,0.025000000000005684,-0.037499999999999645,-0.40000000000000036,-0.48750000000001137,0.0375,0.11249999999999982,-0.2749999999999999,-0.30000000000000004,0.0625,0.4625000000000057
-81801.38750000001,174422.05000000005,-4032.449999999997,150381.3,26365.5,9003.924999999988,168989.65,-599.8875000000116,142998.525,7515.424999999988,0.375,0.8875,0.025000000000005684,0.9625000000000004,-0.40000000000000036,0.5124999999999886,0.0375,0.11249999999999982,-0.2749999999999999,-0.30000000000000004,0.0625,0.4625000000000057
-81906.38750000001,174347.05000000005,-4018.449999999997,150337.3,26325.5,8728.924999999988,169034.65,-631.8875000000116,142777.525,7551.424999999988,0.375,-0.11250000000000004,0.025000000000005684,0.9625000000000004,-0.40000000000000036,-0.48750000000001137,0.0375,0.11249999999999982,0.7250000000000001,0.7,0.0625,-0.5374999999999943
-81879.38750000001,174541.05000000005,-4078.449999999997,150276.3,26408.5,8806.924999999988,169434.65,-424.88750000001164,142773.525,7580.424999999988,0.375,-0.11250000000000004,0.025000000000005684,-0.037499999999999645,0.5999999999999996,0.5124999999999886,0.0375,0.11249999999999982,-0.2749999999999999,-0.30000000000000004,0.0625,0.4625000000000057
-81870.38750000001,174689.05000000005,-4269.449999999997,150102.3,26434.5,8978.924999999988,169138.65,-347.88750000001164,142829.525,7343.424999999988,0.375,0.8875,0.025000000000005684,-0.037499999999999645,-0.40000000000000036,1.5124999999999886,0.0375,0.11249999999999982,-0.2749999999999999,0.7,0.0625,-0.5374999999999943
-81801.38750000001,174451.05000000005,-4094.449999999997,150154.3,26405.5,8943.924999999988,168858.65,-445.88750000001164,142809.525,7341.424999999988,0.375,0.8875,0.025000000000005684,-0.037499999999999645,-0.40000000000000036,0.5124999999999886,0.0375,1.1124999999999998,-0.2749999999999999,-0.30000000000000004,0.0625,0.4625000000000057
-81831.38750000001,174430.05000000005,-4045.449999999997,150182.3,26394.5,8899.924999999988,168754.65,-657.8875000000116,142707.525,7333.424999999988,-0.625,-0.11250000000000004,-0.9749999999999943,-0.037499999999999645,-0.40000000000000036,-0.48750000000001137,0.0375,0.11249999999999982,0.7250000000000001,-0.30000000000000004,0.0625,-0.5374999999999943
-81901.38750000001,174459.05000000005,-4035.449999999997,150306.3,26419.5,8807.924999999988,168837.65,-810.8875000000116,142610.525,6964.424999999988,0.375,-0.11250000000000004,-0.9749999999999943,-0.037499999999999645,-0.40000000000000036,-0.48750000000001137,-0.9625,0.11249999999999982,-0.2749999999999999,-0.30000000000000004,1.0625,-0.5374999999999943
-81840.38750000001,174460.05000000005,-4067.449999999997,150319.3,26416.5,8689.924999999988,168699.65,-651.8875000000116,142379.525,7041.424999999988,0.375,0.8875,0.025000000000005684,0.9625000000000004,-0.40000000000000036,0.5124999999999886,0.0375,0.11249999999999982,-0.2749999999999999,0.7,0.0625,-0.5374999999999943
-81843.38750000001,174370.05000000005,-4008.449999999997,150408.3,26471.5,8786.924999999988,168760.65,-676.8875000000116,142491.525,7120.424999999988,0.375,-0.11250000000000004,0.025000000000005684,-0.037499999999999645,-0.40000000000000036,-0.48750000000001137,0.0375,0.11249999999999982,0.7250000000000001,0.7,0.0625,-0.5374999999999943
-81939.38750000001,174418.05000000005,-4033.449999999997,150396.3,26339.5,8847.924999999988,168885.65,-595.8875000000116,142513.525,7167.424999999988,-0.625,0.8875,0.025000000000005684,-0.037499999999999645,-0.40000000000000036,0.5124999999999886,0.0375,0.11249999999999982,-0.2749999999999999,-0.30000000000000004,0.0625,-0.5374999999999943
-81916.38750000001,174270.05000000005,-4031.449999999997,150447.3,26341.5,8800.924999999988,168687.65,-689.8875000000116,142411.525,7282.424999999988,0.375,-0.11250000000000004,0.025000000000005684,-0.037499999999999645,-0.40000000000000036,0.5124999999999886,0.0375,0.11249999999999982,-0.2749999999999999,-0.30000000000000004,0.0625,0.4625000000000057
-81945.38750000001,174219.05000000005,-3992.449999999997,150292.3,26431.5,8961.924999999988,168695.65,-628.8875000000116,142247.525,7159.424999999988,0.375,0.8875,1.0250000000000057,-0.037499999999999645,-0.40000000000000036,0.5124999999999886,0.0375,0.11249999999999982,0.7250000000000001,-0.30000000000000004,0.0625,0.4625000000000057
-81796.38750000001,174246.05000000005,-3972.449999999997,150142.3,26469.5,8851.924999999988,168741.65,-645.8875000000116,142676.525,7073.424999999988,0.375,0.8875,0.025000000000005684,-0.037499999999999645,-0.40000000000000036,0.5124999999999886,0.0375,0.11249999999999982,-0.2749999999999999,-0.30000000000000004,0.0625,-0.5374999999999943
-81691.38750000001,174131.05000000005,-4153.449999999997,150458.3,26515.5,8825.924999999988,168663.65,-520.8875000000116,142622.525,7103.424999999988,0.375,0.8875,0.025000000000005684,0.9625000000000004,-0.40000000000000036,0.5124999999999886,0.0375,-0.8875000000000002,0.7250000000000001,-0.30000000000000004,0.0625,-0.5374999999999943
-81716.38750000001,174129.05000000005,-4231.449999999997,150684.3,26538.5,8809.924999999988,168694.65,-514.8875000000116,142621.525,7124.424999999988,-0.625,0.8875,-0.9749999999999943,0.9625000000000004,-0.40000000000000036,0.5124999999999886,0.0375,0.11249999999999982,-0.2749999999999999,0.7,0.0625,0.4625000000000057
-81793.38750000001,174302.05000000005,-4158.449999999997,150801.3,26495.5,8573.924999999988,168764.65,-573.8875000000116,142655.525,7182.424999999988,0.375,0.8875,-0.9749999999999943,-0.037499999999999645,-0.40000000000000036,1.5124999999999886,0.0375,0.11249999999999982,-0.2749999999999999,-0.30000000000000004,0.0625,-0.5374999999999943
-81889.38750000001,174149.05000000005,-4171.449999999997,150677.3,26402.5,8655.924999999988,168774.65,-670.8875000000116,142709.525,7176.424999999988,0.375,0.8875,0.025000000000005684,-0.037499999999999645,-0.40000000000000036,0.5124999999999886,0.0375,0.11249999999999982,-0.2749999999999999,-0.30000000000000004,0.0625,-0.5374999999999943
-81730.38750000001,174227.05000000005,-4128.449999999997,150499.3,26373.5,8763.924999999988,168935.65,-676.8875000000116,142833.525,7242.424999999988,0.375,-0.11250000000000004,-0.9749999999999943,-0.037499999999999645,0.5999999999999996,0.5124999999999886,0.0375,0.11249999999999982,-0.2749999999999999,-0.30000000000000004,0.0625,0.4625000000000057
-81805.38750000001,174314.05000000005,-4132.449999999997,150406.3,26430.5,8709.924999999988,169197.65,-701.8875000000116,143190.525,7388.424999999988,0.375,-0.11250000000000004,1.0250000000000057,-0.037499999999999645,-0.40000000000000036,-0.48750000000001137,0.0375,-0.8875000000000002,-1.275,-0.30000000000000004,0.0625,-0.5374999999999943
-81939.38750000001,174492.05000000005,-4248.449999999997,150528.3,26583.5,8598.924999999988,169515.65,-657.8875000000116,143339.525,7486.424999999988,-0.625,-0.11250000000000004,0.025000000000005684,0.9625000000000004,0.5999999999999996,0.5124999999999886,0.0375,0.11249999999999982,0.7250000000000001,0.7,0.0625,-0.5374999999999943
-82141.38750000001,174629.05000000005,-4149.449999999997,150509.3,26612.5,8566.924999999988,169535.65,-552.8875000000116,143342.525,7472.424999999988,0.375,-0.11250000000000004,0.025000000000005684,0.9625000000000004,-0.40000000000000036,-0.48750000000001137,0.0375,0.11249999999999982,0.7250000000000001,-0.30000000000000004,0.0625,0.4625000000000057
-82105.38750000001,174616.05000000005,-4085.449999999997,150579.3,26674.5,8430.924999999988,169501.65,-562.8875000000116,143344.525,7585.424999999988,0.375,-0.11250000000000004,1.0250000000000057,-0.037499999999999645,-0.40000000000000036,-0.48750000000001137,0.0375,0.11249999999999982,-0.2749999999999999,-0.30000000000000004,-0.9375,0.4625000000000057
-82130.38750000001,174620.05000000005,-4186.449999999997,150552.3,26694.5,8662.924999999988,169430.65,-663.8875000000116,143291.525,7626.424999999988,0.375,-0.11250000000000004,-0.9749999999999943,0.9625000000000004,-0.40000000000000036,-0.48750000000001137,0.0375,0.11249999999999982,-0.2749999999999999,-0.30000000000000004,0.0625,-0.5374999999999943
-82092.38750000001,174643.05000000005,-4122.449999999997,150472.3,26688.5,8704.924999999988,169433.65,-583.8875000000116,143345.525,7636.424999999988,0.375,-0.11250000000000004,0.025000000000005684,-0.037499999999999645,-0.40000000000000036,-0.48750000000001137,0.0375,0.11249999999999982,0.7250000000000001,-0.30000000000000004,0.0625,-0.5374999999999943
-82011.38750000001,174591.05000000005,-4041.449999999997,150561.3,26719.5,8708.924999999988,169426.65,-552.8875000000116,143251.525,7691.424999999988,1.375,-0.11250000000000004,0.025000000000005684,-0.037499999999999645,0.5999999999999996,0.5124999999999886,0.0375,-0.8875000000000002,0.7250000000000001,-0.30000000000000004,0.0625,-0.5374999999999943
-82200.38750000001,174563.05000000005,-4226.449999999997,150629.3,26706.5,8654.924999999988,169379.65,-587.8875000000116,143298.525,7670.424999999988,0.375,-0.11250000000000004,0.025000000000005684,-0.037499999999999645,-0.40000000000000036,-0.48750000000001137,0.0375,-0.8875000000000002,-0.2749999999999999,-0.30000000000000004,0.0625,0.4625000000000057
-82320.38750000001,174691.05000000005,-4012.449999999997,150763.3,26623.5,8593.924999999988,169292.65,-559.8875000000116,143049.525,7373.424999999988,0.375,0.8875,0.025000000000005684,-0.037499999999999645,-0.40000000000000036,-0.48750000000001137,0.0375,0.11249999999999982,-0.2749999999999999,-0.30000000000000004,0.0625,0.4625000000000057
-82268.38750000001,174587.05000000005,-4079.449999999997,150826.3,26700.5,8719.924999999988,169093.65,-497.88750000001164,142998.525,7252.424999999988,-0.625,0.8875,0.025000000000005684,0.9625000000000004,-0.40000000000000036,-0.48750000000001137,0.0375,0.11249999999999982,0.7250000000000001,-0.30000000000000004,0.0625,0.4625000000000057
-82299.38750000001,174432.05000000005,-4036.449999999997,150981.3,26662.5,8660.924999999988,168930.65,-550.8875000000116,143078.525,7288.424999999988,0.375,-0.11250000000000004,0.025000000000005684,-0.037499999999999645,0.5999999999999996,0.5124999999999886,0.0375,0.11249999999999982,0.7250000000000001,-0.30000000000000004,0.0625,0.4625000000000057
-82264.38750000001,174413.05000000005,-4126.449999999997,150936.3,26664.5,8686.924999999988,169002.65,-570.8875000000116,143086.525,7244.424999999988,0.375,-0.11250000000000004,-0.9749999999999943,0.9625000000000004,0.5999999999999996,-0.48750000000001137,0.0375,0.11249999999999982,0.7250000000000001,-0.30000000000000004,0.0625,0.4625000000000057
-82251.38750000001,174527.05000000005,-4254.449999999997,150863.3,26659.5,8798.924999999988,169057.65,-501.88750000001164,143105.525,7160.424999999988,0.375,0.8875,-0.9749999999999943,-0.037499999999999645,0.5999999999999996,0.5124999999999886,0.0375,-0.8875000000000002,-0.2749999999999999,0.7,0.0625,0.4625000000000057
-82334.38750000001,174597.05000000005,-4165.449999999997,150819.3,26616.5,8726.924999999988,169006.65,-553.8875000000116,143049.525,7261.424999999988,0.375,-0.11250000000000004,0.025000000000005684,-0.037499999999999645,-0.40000000000000036,0.5124999999999886,0.0375,0.11249999999999982,-0.2749999999999999,0.7,-0.9375,0.4625000000000057
-82298.38750000001,174631.05000000005,-4211.449999999997,150638.3,26640.5,8614.924999999988,169015.65,-586.8875000000116,143109.525,7345.424999999988,0.375,-0.11250000000000004,0.025000000000005684,-0.037499999999999645,-0.40000000000000036,-0.48750000000001137,0.0375,0.11249999999999982,-0.2749999999999999,-0.30000000000000004,0.0625,0.4625000000000057
-82365.38750000001,174548.05000000005,-4109.449999999997,150499.3,26534.5,8666.924999999988,168934.65,-629.8875000000116,143086.525,7354.424999999988,0.375,-0.11250000000000004,1.0250000000000057,-0.037499999999999645,-0.40000000000000036,-0.48750000000001137,0.0375,0.11249999999999982,0.7250000000000001,-0.30000000000000004,0.0625,0.4625000000000057
-82321.38750000001,174369.05000000005,-4180.449999999997,150477.3,26507.5,8606.924999999988,168935.65,-657.8875000000116,143037.525,7351.424999999988,0.375,0.8875,-0.9749999999999943,0.9625000000000004,-0.40000000000000036,-0.48750000000001137,0.0375,0.11249999999999982,-0.2749999999999999,-0.30000000000000004,0.0625,-0.5374999999999943
-82179.38750000001,174410.05000000005,-4131.449999999997,150463.3,26661.5,8768.924999999988,169055.65,-633.8875000000116,142923.525,7220.424999999988,-0.625,-0.11250000000000004,-0.9749999999999943,0.9625000000000004,-0.40000000000000036,-0.48750000000001137,0.0375,-0.8875000000000002,0.7250000000000001,-0.30000000000000004,0.0625,-0.5374999999999943
-82166.38750000001,174505.05000000005,-4119.449999999997,150499.3,26591.5,8761.924999999988,169114.65,-692.8875000000116,143021.525,7298.424999999988,-0.625,-0.11250000000000004,0.025000000000005684,-0.037499999999999645,-0.40000000000000036,-0.48750000000001137,0.0375,0.11249999999999982,0.7250000000000001,0.7,0.0625,-0.5374999999999943
-82357.38750000001,174600.05000000005,-4155.449999999997,150567.3,26654.5,8675.924999999988,169099.65,-730.8875000000116,143149.525,7295.424999999988,0.375,-0.11250000000000004,0.025000000000005684,-0.037499999999999645,-0.40000000000000036,-0.48750000000001137,0.0375,0.11249999999999982,-0.2749999999999999,-0.30000000000000004,0.0625,0.4625000000000057
-82322.38750000001,174627.05000000005,-4161.449999999997,150587.3,26701.5,8600.924999999988,169243.65,-761.8875000000116,143116.525,7188.424999999988,0.375,-0.11250000000000004,0.025000000000005684,-1.0374999999999996,-0.40000000000000036,0.5124999999999886,-0.9625,0.11249999999999982,-0.2749999999999999,-0.30000000000000004,0.0625,-0.5374999999999943
-82128.38750000001,174594.05000000005,-4126.449999999997,150571.3,26575.5,8593.924999999988,169253.65,-575.8875000000116,143134.525,7416.424999999988,0.375,-0.11250000000000004,0.025000000000005684,-0.037499999999999645,-0.40000000000000036,-0.48750000000001137,0.0375,0.11249999999999982,-0.2749999999999999,0.7,0.0625,0.4625000000000057
-82170.38750000001,174748.05000000005,-4050.449999999997,150643.3,26676.5,8566.924999999988,169376.65,-582.8875000000116,143133.525,7404.424999999988,0.375,-0.11250000000000004,0.025000000000005684,-0.037499999999999645,-0.40000000000000036,-0.48750000000001137,0.0375,0.11249999999999982,-0.2749999999999999,-0.30000000000000004,0.0625,-0.5374999999999943
-82211.38750000001,174811.05000000005,-3938.449999999997,150615.3,26676.5,8736.924999999988,169316.65,-597.8875000000116,143164.525,7264.424999999988,0.375,0.8875,1.0250000000000057,0.9625000000000004,-0.40000000000000036,0.5124999999999886,0.0375,0.11249999999999982,-0.2749999999999999,-0.30000000000000004,0.0625,-0.5374999999999943
-82368.38750000001,174706.05000000005,-4027.449999999997,150545.3,26733.5,8518.924999999988,169405.65,-714.8875000000116,143150.525,7347.424999999988,0.375,0.8875,-0.9749999999999943,-0.037499999999999645,-1.4000000000000004,1.5124999999999886,0.0375,0.11249999999999982,-0.2749999999999999,-0.30000000000000004,0.0625,0.4625000000000057
-82505.38750000001,174770.05000000005,-4148.449999999997,150622.3,26840.5,8631.924999999988,169393.65,-610.8875000000116,143166.525,7454.424999999988,0.375,0.8875,-0.9749999999999943,-0.037499999999999645,0.5999999999999996,0.5124999999999886,0.0375,0.11249999999999982,-0.2749999999999999,0.7,0.0625,0.4625000000000057
-82398.38750000001,174699.05000000005,-4155.449999999997,150721.3,26826.5,8732.924999999988,169299.65,-618.8875000000116,143122.525,7452.424999999988,0.375,-0.11250000000000004,0.025000000000005684,-0.037499999999999645,-0.40000000000000036,0.5124999999999886,0.0375,0.11249999999999982,-0.2749999999999999,0.7,0.0625,-0.5374999999999943
-82277.38750000001,174531.05000000005,-4113.449999999997,150674.3,26740.5,8782.924999999988,169339.65,-688.8875000000116,143093.525,7446.424999999988,0.375,-0.11250000000000004,0.025000000000005684,-0.037499999999999645,-0.40000000000000036,0.5124999999999886,0.0375,0.11249999999999982,-0.2749999999999999,0.7,0.0625,-0.5374999999999943
-82282.38750000001,174758.05000000005,-4116.449999999997,150613.3,26674.5,8763.924999999988,169425.65,-657.8875000000116,143186.525,7489.424999999988,0.375,0.8875,0.025000000000005684,-0.037499999999999645,-0.40000000000000036,0.5124999999999886,0.0375,0.11249999999999982,-0.2749999999999999,0.7,0.0625,-0.5374999999999943
-82388.38750000001,174671.05000000005,-4112.449999999997,150589.3,26499.5,8663.924999999988,169382.65,-545.8875000000116,143239.525,7449.424999999988,-0.625,0.8875,0.025000000000005684,-0.037499999999999645,0.5999999999999996,0.5124999999999886,0.0375,0.11249999999999982,0.7250000000000001,-0.30000000000000004,0.0625,0.4625000000000057
-82472.38750000001,174613.05000000005,-3969.449999999997,150509.3,26625.5,8738.924999999988,169193.65,-585.8875000000116,143132.525,7322.424999999988,-0.625,0.8875,-0.9749999999999943,-0.037499999999999645,0.5999999999999996,-0.48750000000001137,0.0375,0.11249999999999982,-0.2749999999999999,-0.30000000000000004,0.0625,0.4625000000000057
-82475.38750000001,174675.05000000005,-4000.449999999997,150510.3,26656.5,8531.924999999988,169289.65,-621.8875000000116,143175.525,7232.424999999988,0.375,-0.11250000000000004,1.0250000000000057,-0.037499999999999645,-0.40000000000000036,0.5124999999999886,0.0375,1.1124999999999998,-0.2749999999999999,-0.30000000000000004,0.0625,-0.5374999999999943
-82408.38750000001,174641.05000000005,-4029.449999999997,150610.3,26566.5,8606.924999999988,169178.65,-656.8875000000116,143091.525,7273.424999999988,0.375,-0.11250000000000004,0.025000000000005684,-0.037499999999999645,-0.40000000000000036,0.5124999999999886,0.0375,0.11249999999999982,-0.2749999999999999,-0.30000000000000004,0.0625,0.4625000000000057
-82484.38750000001,174571.05000000005,-4111.449999999997,150621.3,26537.5,8636.924999999988,169123.65,-704.8875000000116,142948.525,7152.424999999988,-0.625,0.8875,1.0250000000000057,-0.037499999999999645,-0.40000000000000036,-0.48750000000001137,0.0375,0.11249999999999982,-0.2749999999999999,0.7,0.0625,0.4625000000000057
-82429.38750000001,174379.05000000005,-4140.449999999997,150634.3,26573.5,8635.924999999988,169055.65,-625.8875000000116,142910.525,7280.424999999988,0.375,-0.11250000000000004,-0.9749999999999943,0.9625000000000004,-0.40000000000000036,-0.48750000000001137,0.0375,0.11249999999999982,-0.2749999999999999,0.7,0.0625,-0.5374999999999943
-82421.38750000001,174615.05000000005,-3980.449999999997,150243.3,26708.5,8619.924999999988,169328.65,-628.8875000000116,142761.525,7400.424999999988,0.375,-0.11250000000000004,0.025000000000005684,-0.037499999999999645,0.5999999999999996,0.5124999999999886,0.0375,0.11249999999999982,0.7250000000000001,-0.30000000000000004,0.0625,0.4625000000000057
-82335.38750000001,174701.05000000005,-3991.449999999997,150205.3,26681.5,8586.924999999988,169372.65,-668.8875000000116,142716.525,7447.424999999988,0.375,-0.11250000000000004,0.025000000000005684,-0.037499999999999645,-0.40000000000000036,-0.48750000000001137,0.0375,0.11249999999999982,-0.2749999999999999,-0.30000000000000004,0.0625,1.4625000000000057
-82413.38750000001,174499.05000000005,-4028.449999999997,150224.3,26702.5,8645.924999999988,169330.65,-741.8875000000116,142747.525,7392.424999999988,-0.625,-0.11250000000000004,1.0250000000000057,-0.037499999999999645,-0.40000000000000036,-0.48750000000001137,0.0375,0.11249999999999982,-0.2749999999999999,-0.30000000000000004,0.0625,0.4625000000000057
-82495.38750000001,174446.05000000005,-3955.449999999997,150243.3,26754.5,8746.924999999988,169273.65,-737.8875000000116,142785.525,7403.424999999988,-0.625,0.8875,-0.9749999999999943,0.9625000000000004,-0.40000000000000036,-0.48750000000001137,0.0375,0.11249999999999982,-0.2749999999999999,0.7,0.0625,-0.5374999999999943
-82458.38750000001,174690.05000000005,-3949.449999999997,150306.3,26664.5,8699.924999999988,169171.65,-620.8875000000116,142611.525,7179.424999999988,0.375,-0.11250000000000004,0.025000000000005684,-0.037499999999999645,-0.40000000000000036,-0.48750000000001137,0.0375,-0.8875000000000002,0.7250000000000001,0.7,-0.9375,-0.5374999999999943
-82511.38750000001,174676.05000000005,-4058.449999999997,150324.3,26689.5,8712.924999999988,169141.65,-626.8875000000116,142558.525,6953.424999999988,0.375,-0.11250000000000004,-0.9749999999999943,-0.037499999999999645,-0.40000000000000036,-0.48750000000001137,1.0375,0.11249999999999982,0.7250000000000001,-0.30000000000000004,0.0625,0.4625000000000057
-82548.38750000001,174652.05000000005,-4108.449999999997,150427.3,26678.5,8622.924999999988,169143.65,-656.8875000000116,142517.525,6983.424999999988,0.375,-0.11250000000000004,-0.9749999999999943,-1.0374999999999996,0.5999999999999996,0.5124999999999886,0.0375,0.11249999999999982,-0.2749999999999999,-0.30000000000000004,-0.9375,-0.5374999999999943
-82574.38750000001,174749.05000000005,-4078.449999999997,150364.3,26650.5,8657.924999999988,169048.65,-674.8875000000116,142619.525,6944.424999999988,0.375,-0.11250000000000004,-0.9749999999999943,-0.037499999999999645,-0.40000000000000036,-1.4875000000000114,0.0375,-0.8875000000000002,-0.2749999999999999,-0.30000000000000004,0.0625,-0.5374999999999943
-82457.38750000001,174642.05000000005,-4109.449999999997,150434.3,26682.5,8477.924999999988,169049.65,-613.8875000000116,142544.525,7004.424999999988,1.375,0.8875,1.0250000000000057,-0.037499999999999645,-0.40000000000000036,-0.48750000000001137,0.0375,0.11249999999999982,-0.2749999999999999,-0.30000000000000004,0.0625,-1.5374999999999943
-82317.38750000001,174314.05000000005,-4275.449999999997,150328.3,26615.5,8647.924999999988,168921.65,-724.8875000000116,142406.525,7205.424999999988,0.375,-0.11250000000000004,0.025000000000005684,-0.037499999999999645,-0.40000000000000036,-0.48750000000001137,0.0375,-0.8875000000000002,0.7250000000000001,-0.30000000000000004,0.0625,0.4625000000000057
-82320.38750000001,174470.05000000005,-4212.449999999997,150134.3,26731.5,8842.924999999988,168923.65,-662.8875000000116,142497.525,7208.424999999988,0.375,-0.11250000000000004,0.025000000000005684,-0.037499999999999645,-0.40000000000000036,0.5124999999999886,0.0375,0.11249999999999982,-0.2749999999999999,0.7,0.0625,-0.5374999999999943
-82347.38750000001,174558.05000000005,-4103.449999999997,150096.3,26817.5,8765.924999999988,168997.65,-640.8875000000116,142567.525,7238.424999999988,0.375,-0.11250000000000004,0.025000000000005684,-0.037499999999999645,-0.40000000000000036,0.5124999999999886,0.0375,0.11249999999999982,-0.2749999999999999,0.7,-0.9375,0.4625000000000057
-82402.38750000001,174372.05000000005,-4151.449999999997,150255.3,26825.5,8819.924999999988,169076.65,-616.8875000000116,142675.525,7287.424999999988,0.375,0.8875,0.025000000000005684,-0.037499999999999645,-0.40000000000000036,0.5124999999999886,0.0375,0.11249999999999982,-1.275,-0.30000000000000004,0.0625,-0.5374999999999943
-82421.38750000001,174371.05000000005,-4080.449999999997,150229.3,26788.5,8867.924999999988,168920.65,-483.88750000001164,142768.525,7275.424999999988,0.375,0.8875,0.025000000000005684,-0.037499999999999645,-0.40000000000000036,0.5124999999999886,0.0375,0.11249999999999982,0.7250000000000001,0.7,0.0625,-0.5374999999999943
-82368.38750000001,174373.05000000005,-4024.449999999997,150337.3,26662.5,8815.924999999988,168909.65,-619.8875000000116,142951.525,7352.424999999988,0.375,-0.11250000000000004,0.025000000000005684,-0.037499999999999645,-0.40000000000000036,-0.48750000000001137,0.0375,0.11249999999999982,0.7250000000000001,0.7,0.0625,-0.5374999999999943
-82338.38750000001,174483.05000000005,-4039.449999999997,150519.3,26601.5,8610.924999999988,168936.65,-555.8875000000116,142989.525,7397.424999999988,0.375,-0.11250000000000004,0.025000000000005684,-0.037499999999999645,-0.40000000000000036,-0.48750000000001137,0.0375,0.11249999999999982,-0.2749999999999999,-0.30000000000000004,0.0625,-0.5374999999999943
-82469.38750000001,174548.05000000005,-3992.449999999997,150508.3,26724.5,8514.924999999988,169019.65,-495.88750000001164,142977.525,7471.424999999988,0.375,0.8875,0.025000000000005684,-0.037499999999999645,0.5999999999999996,0.5124999999999886,0.0375,0.11249999999999982,-0.2749999999999999,-0.30000000000000004,0.0625,0.4625000000000057
