FPI,SPI,AI,SFI,FFI,FPD,SPD,AD,SFD,FFD,API_X,API_Y,API_Z,APD_X,APD_Y,APD_Z,AFD_X,AFD_Y,AFD_Z,AFI_X,AFI_Y,AFI_Z
-7804.387500000012,-55.949999999953434,-4783.449999999997,-598.7000000000116,12173.5,24191.92499999999,-84.35000000000582,-1918.8875000000116,-625.4749999999985,14218.424999999988,0.375,0.8875,0.025000000000005684,-0.037499999999999645,0.5999999999999996,0.5124999999999886,0.0375,0.11249999999999982,-0.2749999999999999,-0.30000000000000004,1.0625,-0.5374999999999943
-7627.387500000012,60.050000000046566,-4745.449999999997,-549.7000000000116,12110.5,24216.92499999999,-161.35000000000582,-1819.8875000000116,-644.4749999999985,14319.424999999988,-0.625,0.8875,0.025000000000005684,-0.037499999999999645,0.5999999999999996,-0.48750000000001137,0.0375,-0.8875000000000002,-0.2749999999999999,-0.30000000000000004,0.0625,0.4625000000000057
-7719.387500000012,353.05000000004657,-4960.449999999997,-631.7000000000116,12046.5,24447.92499999999,-120.35000000000582,-1906.8875000000116,-198.47499999999854,14276.424999999988,-0.625,0.8875,0.025000000000005684,-1.0374999999999996,-0.40000000000000036,-0.48750000000001137,0.0375,0.11249999999999982,-0.2749999999999999,0.7,0.0625,-0.5374999999999943
-7775.387500000012,280.05000000004657,-5029.449999999997,-709.7000000000116,12197.5,24211.92499999999,64.64999999999418,-1884.8875000000116,-110.47499999999854,14314.424999999988,0.375,-0.11250000000000004,0.025000000000005684,-0.037499999999999645,-0.40000000000000036,-0.48750000000001137,0.0375,0.11249999999999982,-0.2749999999999999,-0.30000000000000004,0.0625,-0.5374999999999943
-7633.387500000012,139.05000000004657,-4980.449999999997,-722.7000000000116,12218.5,24403.92499999999,-103.35000000000582,-1825.8875000000116,-247.47499999999854,14240.424999999988,0.375,-0.11250000000000004,0.025000000000005684,-1.0374999999999996,-0.40000000000000036,0.5124999999999886,0.0375,-0.8875000000000002,-0.2749999999999999,-0.30000000000000004,0.0625,-0.5374999999999943
-7536.387500000012,12.050000000046566,-5147.449999999997,-641.7000000000116,12211.5,24481.92499999999,-332.3500000000058,-1776.8875000000116,-339.47499999999854,14033.424999999988,-0.625,-0.11250000000000004,1.0250000000000057,-0.037499999999999645,-0.40000000000000036,0.5124999999999886,0.0375,1.1124999999999998,-1.275,-0.30000000000000004,0.0625,0.4625000000000057
-7652.387500000012,134.05000000004657,-5136.449999999997,-548.7000000000116,12298.5,24295.92499999999,-317.3500000000058,-1816.8875000000116,-121.47499999999854,14140.424999999988,-0.625,-0.11250000000000004,0.025000000000005684,-1.0374999999999996,-0.40000000000000036,-0.48750000000001137,0.0375,0.11249999999999982,-0.2749999999999999,-0.30000000000000004,0.0625,-0.5374999999999943
-7760.387500000012,123.05000000004657,-5247.449999999997,-508.70000000001164,12438.5,24318.92499999999,-412.3500000000058,-1881.8875000000116,73.52500000000146,14103.424999999988,-0.625,-0.11250000000000004,-0.9749999999999943,-0.037499999999999645,-0.40000000000000036,-0.48750000000001137,0.0375,0.11249999999999982,0.7250000000000001,0.7,0.0625,-0.5374999999999943
-7632.387500000012,-106.94999999995343,-5273.449999999997,-399.70000000001164,12373.5,24428.92499999999,-544.3500000000058,-1998.8875000000116,11.525000000001455,14389.424999999988,0.375,-0.11250000000000004,0.025000000000005684,-0.037499999999999645,-0.40000000000000036,0.5124999999999886,0.0375,0.11249999999999982,-0.2749999999999999,0.7,-0.9375,0.4625000000000057
-7720.387500000012,-20.949999999953434,-5170.449999999997,-398.70000000001164,12494.5,24499.92499999999,-573.3500000000058,-2079.8875000000116,283.52500000000146,14518.424999999988,-0.625,-0.11250000000000004,-0.9749999999999943,-0.037499999999999645,-0.40000000000000036,-1.4875000000000114,-0.9625,0.11249999999999982,0.7250000000000001,-0.30000000000000004,0.0625,-0.5374999999999943
-7623.387500000012,185.05000000004657,-5215.449999999997,-420.70000000001164,12293.5,24656.92499999999,-281.3500000000058,-1948.8875000000116,173.52500000000146,14399.424999999988,0.375,-0.11250000000000004,0.025000000000005684,-0.037499999999999645,-0.40000000000000036,0.5124999999999886,0.0375,0.11249999999999982,-0.2749999999999999,-0.30000000000000004,0.0625,0.4625000000000057
-7543.387500000012,21.050000000046566,-5297.449999999997,-288.70000000001164,12405.5,24546.92499999999,-156.35000000000582,-1962.8875000000116,125.52500000000146,14441.424999999988,0.375,-0.11250000000000004,1.0250000000000057,0.9625000000000004,-0.40000000000000036,-0.48750000000001137,0.0375,0.11249999999999982,-0.2749999999999999,-0.30000000000000004,0.0625,0.4625000000000057
-7542.387500000012,137.05000000004657,-5126.449999999997,-230.70000000001164,12426.5,24520.92499999999,-140.35000000000582,-1831.8875000000116,190.52500000000146,14496.424999999988,0.375,0.8875,-0.9749999999999943,0.9625000000000004,0.5999999999999996,-0.48750000000001137,0.0375,0.11249999999999982,0.7250000000000001,-0.30000000000000004,0.0625,-0.5374999999999943
-7394.387500000012,-197.94999999995343,-5114.449999999997,-251.70000000001164,12284.5,24608.92499999999,-273.3500000000058,-1800.8875000000116,245.52500000000146,14375.424999999988,0.375,0.8875,0.025000000000005684,-0.037499999999999645,-0.40000000000000036,0.5124999999999886,0.0375,0.11249999999999982,-0.2749999999999999,-0.30000000000000004,0.0625,0.4625000000000057
-7371.387500000012,-182.94999999995343,-5141.449999999997,-98.70000000001164,12464.5,24573.92499999999,-250.35000000000582,-1827.8875000000116,162.52500000000146,14395.424999999988,0.375,-0.11250000000000004,0.025000000000005684,-0.037499999999999645,0.5999999999999996,0.5124999999999886,0.0375,-0.8875000000000002,-0.2749999999999999,-0.30000000000000004,0.0625,0.4625000000000057
-7523.387500000012,-48.949999999953434,-4977.449999999997,24.29999999998836,12385.5,24408.92499999999,-42.35000000000582,-1900.8875000000116,208.52500000000146,14362.424999999988,0.375,0.8875,-0.9749999999999943,0.9625000000000004,-0.40000000000000036,-0.48750000000001137,0.0375,0.11249999999999982,-0.2749999999999999,-0.30000000000000004,0.0625,-0.5374999999999943
-7680.387500000012,-152.94999999995343,-4871.449999999997,-110.70000000001164,12124.5,24328.92499999999,-37.35000000000582,-1809.8875000000116,61.525000000001455,14309.424999999988,-0.625,0.8875,0.025000000000005684,-0.037499999999999645,0.5999999999999996,0.5124999999999886,0.0375,0.11249999999999982,0.7250000000000001,-0.30000000000000004,0.0625,0.4625000000000057
-7782.387500000012,-139.94999999995343,-5005.449999999997,-139.70000000001164,12023.5,24309.92499999999,-216.35000000000582,-1803.8875000000116,-209.47499999999854,14293.424999999988,-0.625,0.8875,0.025000000000005684,-0.037499999999999645,0.5999999999999996,0.5124999999999886,0.0375,0.11249999999999982,-0.2749999999999999,-0.30000000000000004,0.0625,0.4625000000000057
-7742.387500000012,-48.949999999953434,-5038.449999999997,-114.70000000001164,12158.5,24379.92499999999,-19.35000000000582,-1792.8875000000116,-245.47499999999854,14379.424999999988,0.375,-0.11250000000000004,0.025000000000005684,-0.037499999999999645,0.5999999999999996,0.5124999999999886,0.0375,0.11249999999999982,-0.2749999999999999,-0.30000000000000004,0.0625,0.4625000000000057
-7799.387500000012,-146.94999999995343,-4857.449999999997,-109.70000000001164,12174.5,24351.92499999999,108.64999999999418,-1859.8875000000116,-370.47499999999854,14244.424999999988,0.375,-0.11250000000000004,0.025000000000005684,-0.037499999999999645,-0.40000000000000036,-0.48750000000001137,0.0375,0.11249999999999982,0.7250000000000001,-0.30000000000000004,1.0625,0.4625000000000057
-7674.387500000012,-126.94999999995343,-4820.449999999997,-159.70000000001164,12230.5,24377.92499999999,122.64999999999418,-1908.8875000000116,-226.47499999999854,14148.424999999988,-0.625,0.8875,0.025000000000005684,-0.037499999999999645,-0.40000000000000036,-0.48750000000001137,0.0375,-0.8875000000000002,-0.2749999999999999,-0.30000000000000004,0.0625,-0.5374999999999943
-7664.387500000012,-91.94999999995343,-4779.449999999997,29.29999999998836,12110.5,24468.92499999999,-21.35000000000582,-1839.8875000000116,-25.474999999998545,14127.424999999988,0.375,-0.11250000000000004,0.025000000000005684,-1.0374999999999996,0.5999999999999996,-0.48750000000001137,0.0375,-0.8875000000000002,0.7250000000000001,0.7,0.0625,-0.5374999999999943
-7776.387500000012,-80.94999999995343,-4827.449999999997,83.29999999998836,12063.5,24296.92499999999,-108.35000000000582,-1834.8875000000116,150.52500000000146,14083.424999999988,-0.625,-0.11250000000000004,0.025000000000005684,-0.037499999999999645,-0.40000000000000036,0.5124999999999886,0.0375,0.11249999999999982,0.7250000000000001,0.7,0.0625,0.4625000000000057
-7845.387500000012,109.05000000004657,-4944.449999999997,29.29999999998836,12258.5,24310.92499999999,-136.35000000000582,-1893.8875000000116,212.52500000000146,14029.424999999988,0.375,-0.11250000000000004,0.025000000000005684,-0.037499999999999645,0.5999999999999996,0.5124999999999886,0.0375,0.11249999999999982,-0.2749999999999999,0.7,0.0625,-1.5374999999999943
-7675.387500000012,19.050000000046566,-4957.449999999997,16.29999999998836,12264.5,24238.92499999999,-146.35000000000582,-1873.8875000000116,-0.4749999999985448,14188.424999999988,-0.625,0.8875,1.0250000000000057,-0.037499999999999645,0.5999999999999996,-0.48750000000001137,0.0375,-0.8875000000000002,-0.2749999999999999,-0.30000000000000004,0.0625,-0.5374999999999943
-7545.387500000012,112.05000000004657,-5060.449999999997,65.29999999998836,12422.5,24327.92499999999,-339.3500000000058,-1818.8875000000116,-274.47499999999854,14204.424999999988,-0.625,-0.11250000000000004,0.025000000000005684,-0.037499999999999645,0.5999999999999996,-0.48750000000001137,0.0375,0.11249999999999982,-0.2749999999999999,0.7,0.0625,0.4625000000000057
-7506.387500000012,24.050000000046566,-4858.449999999997,127.29999999998836,12384.5,24245.92499999999,-354.3500000000058,-1979.8875000000116,-567.4749999999985,14108.424999999988,-0.625,-0.11250000000000004,-0.9749999999999943,-0.037499999999999645,-0.40000000000000036,-0.48750000000001137,0.0375,0.11249999999999982,0.7250000000000001,-0.30000000000000004,0.0625,-0.5374999999999943
-7645.387500000012,144.05000000004657,-4946.449999999997,160.29999999998836,12467.5,24235.92499999999,-126.35000000000582,-2031.8875000000116,-618.4749999999985,14160.424999999988,0.375,-0.11250000000000004,0.025000000000005684,-0.037499999999999645,-0.40000000000000036,-0.48750000000001137,0.0375,-0.8875000000000002,0.7250000000000001,-0.30000000000000004,0.0625,-0.5374999999999943
-7700.387500000012,114.05000000004657,-5175.449999999997,122.29999999998836,12484.5,24463.92499999999,-74.35000000000582,-2070.8875000000116,-623.4749999999985,14086.424999999988,0.375,-0.11250000000000004,-0.9749999999999943,-0.037499999999999645,0.5999999999999996,-0.48750000000001137,0.0375,0.11249999999999982,-0.2749999999999999,0.7,0.0625,-0.5374999999999943
-7837.387500000012,11.050000000046566,-5091.449999999997,50.29999999998836,12390.5,24354.92499999999,-259.3500000000058,-1931.8875000000116,-737.4749999999985,14225.424999999988,0.375,-1.1125,0.025000000000005684,-0.037499999999999645,0.5999999999999996,-0.48750000000001137,0.0375,0.11249999999999982,-0.2749999999999999,-0.30000000000000004,0.0625,0.4625000000000057
-7822.387500000012,86.05000000004657,-5120.449999999997,72.29999999998836,12383.5,24327.92499999999,-117.35000000000582,-1967.8875000000116,-811.4749999999985,14259.424999999988,0.375,-0.11250000000000004,0.025000000000005684,-0.037499999999999645,-0.40000000000000036,0.5124999999999886,0.0375,-0.8875000000000002,-0.2749999999999999,0.7,0.0625,1.4625000000000057
-7744.387500000012,-110.94999999995343,-5172.449999999997,100.29999999998836,12314.5,24357.92499999999,-30.35000000000582,-2002.8875000000116,-782.4749999999985,14303.424999999988,0.375,-0.11250000000000004,-0.9749999999999943,-0.037499999999999645,-0.40000000000000036,-0.48750000000001137,0.0375,0.11249999999999982,-0.2749999999999999,-0.30000000000000004,0.0625,-0.5374999999999943
-7723.387500000012,55.050000000046566,-5176.449999999997,80.29999999998836,12388.5,24607.92499999999,-10.35000000000582,-1947.8875000000116,-567.4749999999985,14376.424999999988,0.375,-0.11250000000000004,0.025000000000005684,-0.037499999999999645,-0.40000000000000036,-0.48750000000001137,0.0375,0.11249999999999982,-0.2749999999999999,0.7,0.0625,-0.5374999999999943
-7727.387500000012,20.050000000046566,-5079.449999999997,53.29999999998836,12264.5,24530.92499999999,-44.35000000000582,-1931.8875000000116,-218.47499999999854,14228.424999999988,0.375,-0.11250000000000004,-0.9749999999999943,-0.037499999999999645,0.5999999999999996,-0.48750000000001137,0.0375,0.11249999999999982,-0.2749999999999999,-0.30000000000000004,0.0625,-0.5374999999999943
-7813.387500000012,63.050000000046566,-4953.449999999997,60.29999999998836,12260.5,24520.92499999999,-77.35000000000582,-1900.8875000000116,-184.47499999999854,14182.424999999988,0.375,-0.11250000000000004,0.025000000000005684,-0.037499999999999645,0.5999999999999996,-0.48750000000001137,0.0375,0.11249999999999982,0.7250000000000001,-0.30000000000000004,0.0625,0.4625000000000057
-7862.387500000012,74.05000000004657,-4822.449999999997,-32.70000000001164,12386.5,24494.92499999999,-107.35000000000582,-1834.8875000000116,-188.47499999999854,14437.424999999988,-0.625,-0.11250000000000004,0.025000000000005684,-0.037499999999999645,0.5999999999999996,0.5124999999999886,0.0375,0.11249999999999982,-0.2749999999999999,-0.30000000000000004,0.0625,0.4625000000000057
-7853.387500000012,95.05000000004657,-4856.449999999997,-29.70000000001164,12191.5,24518.92499999999,-137.35000000000582,-1868.8875000000116,-292.47499999999854,14465.424999999988,0.375,-0.11250000000000004,0.025000000000005684,-0.037499999999999645,-0.40000000000000036,-0.48750000000001137,0.0375,0.11249999999999982,0.7250000000000001,0.7,1.0625,-0.5374999999999943
-7849.387500000012,152.05000000004657,-4823.449999999997,-95.70000000001164,12175.5,24493.92499999999,-167.35000000000582,-1841.8875000000116,-222.47499999999854,14411.424999999988,-0.625,0.8875,0.025000000000005684,-0.037499999999999645,-0.40000000000000036,0.5124999999999886,0.0375,0.11249999999999982,0.7250000000000001,-0.30000000000000004,0.0625,0.4625000000000057
-7824.387500000012,268.05000000004657,-5056.449999999997,-107.70000000001164,12238.5,24438.92499999999,-277.3500000000058,-1840.8875000000116,-195.47499999999854,14361.424999999988,0.375,-0.11250000000000004,0.025000000000005684,0.9625000000000004,-0.40000000000000036,0.5124999999999886,0.0375,0.11249999999999982,-0.2749999999999999,-0.30000000000000004,0.0625,0.4625000000000057
-7746.387500000012,193.05000000004657,-5087.449999999997,-12.700000000011642,12281.5,24364.92499999999,-166.35000000000582,-1962.8875000000116,-301.47499999999854,14411.424999999988,-0.625,-0.11250000000000004,0.025000000000005684,-0.037499999999999645,0.5999999999999996,0.5124999999999886,0.0375,0.11249999999999982,-0.2749999999999999,0.7,0.0625,-0.5374999999999943
-7838.387500000012,185.05000000004657,-5025.449999999997,-36.70000000001164,12224.5,24305.92499999999,-113.35000000000582,-1898.8875000000116,-452.47499999999854,14166.424999999988,0.375,-0.11250000000000004,0.025000000000005684,-0.037499999999999645,0.5999999999999996,0.5124999999999886,0.0375,-0.8875000000000002,-0.2749999999999999,-0.30000000000000004,0.0625,0.4625000000000057
-7758.387500000012,235.05000000004657,-4974.449999999997,-61.70000000001164,12219.5,24290.92499999999,-45.35000000000582,-1899.8875000000116,-566.4749999999985,14144.424999999988,0.375,-0.11250000000000004,-0.9749999999999943,-0.037499999999999645,-0.40000000000000036,0.5124999999999886,0.0375,0.11249999999999982,-0.2749999999999999,-0.30000000000000004,0.0625,-1.5374999999999943
-7771.387500000012,144.05000000004657,-4968.449999999997,37.29999999998836,12367.5,24395.92499999999,-258.3500000000058,-1851.8875000000116,-583.4749999999985,14213.424999999988,0.375,-0.11250000000000004,1.0250000000000057,-0.037499999999999645,0.5999999999999996,0.5124999999999886,0.0375,0.11249999999999982,-0.2749999999999999,0.7,0.0625,0.4625000000000057
-7675.387500000012,30.050000000046566,-4958.449999999997,61.29999999998836,12397.5,24280.92499999999,-325.3500000000058,-1869.8875000000116,-339.47499999999854,14181.424999999988,-0.625,-0.11250000000000004,0.025000000000005684,-0.037499999999999645,0.5999999999999996,-0.48750000000001137,0.0375,-0.8875000000000002,-0.2749999999999999,-0.30000000000000004,0.0625,-0.5374999999999943
-7790.387500000012,-34.949999999953434,-4975.449999999997,-231.70000000001164,12328.5,24306.92499999999,-290.3500000000058,-2033.8875000000116,-334.47499999999854,14168.424999999988,0.375,-0.11250000000000004,0.025000000000005684,-0.037499999999999645,0.5999999999999996,-0.48750000000001137,-0.9625,0.11249999999999982,-0.2749999999999999,0.7,0.0625,-0.5374999999999943
-7783.387500000012,-122.94999999995343,-5174.449999999997,-150.70000000001164,12351.5,24357.92499999999,-314.3500000000058,-2063.8875000000116,-544.4749999999985,14273.424999999988,-0.625,-0.11250000000000004,-0.9749999999999943,-0.037499999999999645,-0.40000000000000036,-0.48750000000001137,0.0375,0.11249999999999982,-0.2749999999999999,-0.30000000000000004,-0.9375,0.4625000000000057
-7775.387500000012,-116.94999999995343,-5041.449999999997,-116.70000000001164,12375.5,24393.92499999999,-260.3500000000058,-1999.8875000000116,-546.4749999999985,14452.424999999988,0.375,-0.11250000000000004,0.025000000000005684,-0.037499999999999645,-0.40000000000000036,-0.48750000000001137,0.0375,-0.8875000000000002,-0.2749999999999999,-0.30000000000000004,0.0625,0.4625000000000057
-7663.387500000012,-30.949999999953434,-5056.449999999997,-277.70000000001164,12249.5,24319.92499999999,-141.35000000000582,-1994.8875000000116,-509.47499999999854,14467.424999999988,-0.625,-0.11250000000000004,0.025000000000005684,-0.037499999999999645,0.5999999999999996,0.5124999999999886,0.0375,0.11249999999999982,-0.2749999999999999,0.7,0.0625,-0.5374999999999943
-7636.387500000012,12.050000000046566,-5130.449999999997,-302.70000000001164,12426.5,24326.92499999999,-279.3500000000058,-1973.8875000000116,-518.4749999999985,14421.424999999988,-0.625,-0.11250000000000004,1.0250000000000057,-0.037499999999999645,0.5999999999999996,-0.48750000000001137,0.0375,0.11249999999999982,0.7250000000000001,0.7,-0.9375,-0.5374999999999943
-7559.387500000012,-206.94999999995343,-5112.449999999997,-311.70000000001164,12412.5,24436.92499999999,-245.35000000000582,-2015.8875000000116,-438.47499999999854,14497.424999999988,0.375,-0.11250000000000004,0.025000000000005684,-0.037499999999999645,0.5999999999999996,0.5124999999999886,0.0375,-0.8875000000000002,-0.2749999999999999,0.7,0.0625,0.4625000000000057
-7637.387500000012,-160.94999999995343,-5332.449999999997,-244.70000000001164,12424.5,24444.92499999999,-56.35000000000582,-1808.8875000000116,75.52500000000146,14504.424999999988,-0.625,-0.11250000000000004,0.025000000000005684,-0.037499999999999645,-0.40000000000000036,0.5124999999999886,0.0375,0.11249999999999982,-0.2749999999999999,0.7,0.0625,1.4625000000000057
-7742.387500000012,-87.94999999995343,-5366.449999999997,-161.70000000001164,12331.5,24493.92499999999,26.64999999999418,-1943.8875000000116,75.52500000000146,14334.424999999988,0.375,-0.11250000000000004,0.025000000000005684,-0.037499999999999645,-0.40000000000000036,0.5124999999999886,0.0375,0.11249999999999982,-0.2749999999999999,-0.30000000000000004,0.0625,-0.5374999999999943
-7746.387500000012,121.05000000004657,-4953.449999999997,-127.70000000001164,12432.5,24428.92499999999,63.64999999999418,-1891.8875000000116,53.525000000001455,14633.424999999988,0.375,-0.11250000000000004,-0.9749999999999943,-0.037499999999999645,-0.40000000000000036,0.5124999999999886,0.0375,0.11249999999999982,0.7250000000000001,-0.30000000000000004,0.0625,-0.5374999999999943
-7749.387500000012,113.05000000004657,-4989.449999999997,-72.70000000001164,12302.5,24427.92499999999,-52.35000000000582,-1877.8875000000116,-119.47499999999854,14568.424999999988,0.375,-0.11250000000000004,0.025000000000005684,-0.037499999999999645,0.5999999999999996,-0.48750000000001137,0.0375,0.11249999999999982,0.7250000000000001,0.7,0.0625,-0.5374999999999943
-7700.387500000012,54.050000000046566,-5129.449999999997,123.29999999998836,12342.5,24297.92499999999,412.6499999999942,-1923.8875000000116,180.52500000000146,14432.424999999988,-0.625,-0.11250000000000004,0.025000000000005684,-0.037499999999999645,-0.40000000000000036,-0.48750000000001137,0.0375,0.11249999999999982,0.7250000000000001,-0.30000000000000004,0.0625,-0.5374999999999943
-7849.387500000012,311.05000000004657,-5115.449999999997,61.29999999998836,12367.5,24418.92499999999,193.64999999999418,-1821.8875000000116,182.52500000000146,14477.424999999988,0.375,-0.11250000000000004,1.0250000000000057,-0.037499999999999645,0.5999999999999996,-0.48750000000001137,0.0375,0.11249999999999982,-0.2749999999999999,-0.30000000000000004,0.0625,0.4625000000000057
-7907.387500000012,312.05000000004657,-4894.449999999997,48.29999999998836,12371.5,24438.92499999999,-97.35000000000582,-1986.8875000000116,170.52500000000146,14423.424999999988,-0.625,-0.11250000000000004,0.025000000000005684,-0.037499999999999645,-0.40000000000000036,0.5124999999999886,0.0375,0.11249999999999982,-0.2749999999999999,-0.30000000000000004,0.0625,-0.5374999999999943
-7765.387500000012,290.05000000004657,-4867.449999999997,61.29999999998836,12412.5,24408.92499999999,-203.35000000000582,-1973.8875000000116,24.525000000001455,14272.424999999988,-0.625,-0.11250000000000004,-0.9749999999999943,-0.037499999999999645,-0.40000000000000036,0.5124999999999886,0.0375,0.11249999999999982,-0.2749999999999999,0.7,0.0625,1.4625000000000057
-7811.387500000012,219.05000000004657,-4923.449999999997,-61.70000000001164,12324.5,24435.92499999999,-100.35000000000582,-1855.8875000000116,-211.47499999999854,14179.424999999988,-0.625,-0.11250000000000004,0.025000000000005684,-0.037499999999999645,-0.40000000000000036,0.5124999999999886,0.0375,0.11249999999999982,-0.2749999999999999,-0.30000000000000004,0.0625,-0.5374999999999943
-7912.387500000012,248.05000000004657,-4886.449999999997,-151.70000000001164,12418.5,24445.92499999999,-128.35000000000582,-1927.8875000000116,-442.47499999999854,14175.424999999988,-0.625,0.8875,-0.9749999999999943,-0.037499999999999645,-1.4000000000000004,0.5124999999999886,0.0375,0.11249999999999982,-0.2749999999999999,-0.30000000000000004,0.0625,-0.5374999999999943
-7727.387500000012,270.05000000004657,-4961.449999999997,-21.70000000001164,12368.5,24528.92499999999,-262.3500000000058,-1910.8875000000116,-485.47499999999854,14220.424999999988,-0.625,-0.11250000000000004,-0.9749999999999943,-1.0374999999999996,0.5999999999999996,-1.4875000000000114,0.0375,0.11249999999999982,-0.2749999999999999,-0.30000000000000004,0.0625,-0.5374999999999943
-7772.387500000012,57.050000000046566,-4998.449999999997,31.29999999998836,12223.5,24525.92499999999,-270.3500000000058,-1878.8875000000116,-573.4749999999985,14225.424999999988,0.375,0.8875,0.025000000000005684,-0.037499999999999645,-0.40000000000000036,-0.48750000000001137,0.0375,0.11249999999999982,0.7250000000000001,-0.30000000000000004,0.0625,-0.5374999999999943
-7813.387500000012,71.05000000004657,-4879.449999999997,-60.70000000001164,12250.5,24315.92499999999,-253.35000000000582,-1824.8875000000116,-547.4749999999985,14322.424999999988,-0.625,0.8875,0.025000000000005684,-0.037499999999999645,0.5999999999999996,-0.48750000000001137,0.0375,0.11249999999999982,-0.2749999999999999,-0.30000000000000004,0.0625,-0.5374999999999943
-7819.387500000012,220.05000000004657,-4847.449999999997,-148.70000000001164,12337.5,24429.92499999999,-191.35000000000582,-1879.8875000000116,-349.47499999999854,14256.424999999988,0.375,-0.11250000000000004,1.0250000000000057,-0.037499999999999645,-0.40000000000000036,-0.48750000000001137,0.0375,0.11249999999999982,0.7250000000000001,0.7,0.0625,0.4625000000000057
-7810.387500000012,212.05000000004657,-5017.449999999997,-121.70000000001164,12384.5,24387.92499999999,-119.35000000000582,-2032.8875000000116,-329.47499999999854,14314.424999999988,-0.625,-0.11250000000000004,0.025000000000005684,-0.037499999999999645,0.5999999999999996,0.5124999999999886,0.0375,0.11249999999999982,-0.2749999999999999,0.7,0.0625,0.4625000000000057
-7828.387500000012,7.050000000046566,-5026.449999999997,-41.70000000001164,12348.5,24350.92499999999,-179.35000000000582,-1991.8875000000116,-356.47499999999854,14323.424999999988,0.375,-0.11250000000000004,0.025000000000005684,-0.037499999999999645,0.5999999999999996,-0.48750000000001137,0.0375,0.11249999999999982,-0.2749999999999999,-0.30000000000000004,0.0625,-0.5374999999999943
-7763.387500000012,83.05000000004657,-5044.449999999997,-4.7000000000116415,12207.5,24454.92499999999,-224.35000000000582,-1935.8875000000116,-400.47499999999854,14384.424999999988,0.375,-0.11250000000000004,0.025000000000005684,-0.037499999999999645,-0.40000000000000036,-0.48750000000001137,0.0375,0.11249999999999982,-0.2749999999999999,0.7,0.0625,0.4625000000000057
-7834.387500000012,157.05000000004657,-4880.449999999997,-118.70000000001164,12220.5,24394.92499999999,-235.35000000000582,-1917.8875000000116,-410.47499999999854,14356.424999999988,-0.625,-0.11250000000000004,-0.9749999999999943,-0.037499999999999645,-0.40000000000000036,-0.48750000000001137,0.0375,0.11249999999999982,-0.2749999999999999,0.7,0.0625,0.4625000000000057
-7651.387500000012,108.05000000004657,-4944.449999999997,-122.70000000001164,12213.5,24294.92499999999,-137.35000000000582,-1904.8875000000116,-284.47499999999854,14315.424999999988,0.375,-0.11250000000000004,0.025000000000005684,-0.037499999999999645,-0.40000000000000036,0.5124999999999886,0.0375,0.11249999999999982,-0.2749999999999999,0.7,0.0625,0.4625000000000057
-7620.387500000012,-38.949999999953434,-4893.449999999997,-296.70000000001164,12254.5,24334.92499999999,-192.35000000000582,-1888.8875000000116,-361.47499999999854,14377.424999999988,-0.625,-0.11250000000000004,0.025000000000005684,-0.037499999999999645,0.5999999999999996,-0.48750000000001137,0.0375,-0.8875000000000002,-0.2749999999999999,-0.30000000000000004,0.0625,-0.5374999999999943
-7601.387500000012,-244.94999999995343,-5031.449999999997,-285.70000000001164,12257.5,24436.92499999999,-4.350000000005821,-1914.8875000000116,-143.47499999999854,14452.424999999988,-0.625,-0.11250000000000004,1.0250000000000057,-0.037499999999999645,-0.40000000000000036,-0.48750000000001137,0.0375,0.11249999999999982,-0.2749999999999999,-0.30000000000000004,0.0625,-0.5374999999999943
-7719.387500000012,-62.949999999953434,-5223.449999999997,-65.70000000001164,12251.5,24402.92499999999,38.64999999999418,-1820.8875000000116,-167.47499999999854,14377.424999999988,0.375,-0.11250000000000004,0.025000000000005684,0.9625000000000004,-0.40000000000000036,0.5124999999999886,0.0375,0.11249999999999982,-0.2749999999999999,-0.30000000000000004,0.0625,0.4625000000000057
-7664.387500000012,-33.949999999953434,-5140.449999999997,-76.70000000001164,12272.5,24409.92499999999,61.64999999999418,-1830.8875000000116,-213.47499999999854,14423.424999999988,-0.625,-0.11250000000000004,0.025000000000005684,0.9625000000000004,-0.40000000000000036,0.5124999999999886,0.0375,0.11249999999999982,0.7250000000000001,-0.30000000000000004,0.0625,-0.5374999999999943
-7629.387500000012,-33.949999999953434,-5182.449999999997,-42.70000000001164,12244.5,24407.92499999999,20.64999999999418,-1944.8875000000116,-218.47499999999854,14497.424999999988,0.375,-1.1125,-0.9749999999999943,-0.037499999999999645,-0.40000000000000036,-0.48750000000001137,0.0375,-0.8875000000000002,-0.2749999999999999,-0.30000000000000004,0.0625,0.4625000000000057
-7647.387500000012,-17.949999999953434,-5231.449999999997,38.29999999998836,12263.5,24238.92499999999,97.64999999999418,-2108.8875000000116,-39.474999999998545,14373.424999999988,0.375,-0.11250000000000004,-0.9749999999999943,0.9625000000000004,0.5999999999999996,-0.48750000000001137,0.0375,0.11249999999999982,-0.2749999999999999,-0.30000000000000004,0.0625,-0.5374999999999943
-7731.387500000012,-99.94999999995343,-5268.449999999997,-59.70000000001164,12398.5,24412.92499999999,318.6499999999942,-2050.8875000000116,58.525000000001455,14297.424999999988,0.375,-0.11250000000000004,-0.9749999999999943,-0.037499999999999645,-0.40000000000000036,-0.48750000000001137,0.0375,0.11249999999999982,0.7250000000000001,-0.30000000000000004,0.0625,0.4625000000000057
-7669.387500000012,-178.94999999995343,-5144.449999999997,12.299999999988358,12434.5,24343.92499999999,224.64999999999418,-1999.8875000000116,5.525000000001455,14365.424999999988,0.375,-0.11250000000000004,0.025000000000005684,-0.037499999999999645,0.5999999999999996,-0.48750000000001137,0.0375,0.11249999999999982,0.7250000000000001,-0.30000000000000004,0.0625,0.4625000000000057
-7653.387500000012,-187.94999999995343,-5004.449999999997,-57.70000000001164,12277.5,24217.92499999999,98.64999999999418,-1979.8875000000116,-162.47499999999854,14368.424999999988,0.375,-0.11250000000000004,0.025000000000005684,-0.037499999999999645,-0.40000000000000036,-0.48750000000001137,0.0375,0.11249999999999982,-0.2749999999999999,-0.30000000000000004,0.0625,-0.5374999999999943
-7675.387500000012,-189.94999999995343,-4988.449999999997,-258.70000000001164,12303.5,24280.92499999999,90.64999999999418,-1841.8875000000116,-101.47499999999854,14348.424999999988,0.375,0.8875,0.025000000000005684,-0.037499999999999645,0.5999999999999996,-0.48750000000001137,0.0375,0.11249999999999982,-0.2749999999999999,-0.30000000000000004,0.0625,-0.5374999999999943
-7723.387500000012,6.050000000046566,-5013.449999999997,-252.70000000001164,12349.5,24369.92499999999,-39.35000000000582,-1823.8875000000116,-47.474999999998545,14312.424999999988,0.375,-0.11250000000000004,0.025000000000005684,-0.037499999999999645,0.5999999999999996,0.5124999999999886,0.0375,0.11249999999999982,-0.2749999999999999,-0.30000000000000004,0.0625,-0.5374999999999943
-7628.387500000012,-96.94999999995343,-5169.449999999997,-283.70000000001164,12352.5,24343.92499999999,-81.35000000000582,-1832.8875000000116,-89.47499999999854,14311.424999999988,0.375,-0.11250000000000004,-0.9749999999999943,-0.037499999999999645,0.5999999999999996,0.5124999999999886,0.0375,0.11249999999999982,-0.2749999999999999,-0.30000000000000004,0.0625,-0.5374999999999943
-7501.387500000012,-112.94999999995343,-5045.449999999997,-199.70000000001164,12237.5,24382.92499999999,-260.3500000000058,-1860.8875000000116,-49.474999999998545,14313.424999999988,0.375,-0.11250000000000004,0.025000000000005684,-0.037499999999999645,0.5999999999999996,-0.48750000000001137,0.0375,0.11249999999999982,0.7250000000000001,0.7,0.0625,0.4625000000000057
-7603.387500000012,68.05000000004657,-5035.449999999997,-312.70000000001164,12267.5,24423.92499999999,-572.3500000000058,-1827.8875000000116,32.525000000001455,14519.424999999988,0.375,0.8875,-0.9749999999999943,-0.037499999999999645,0.5999999999999996,-0.48750000000001137,0.0375,-0.8875000000000002,-0.2749999999999999,-0.30000000000000004,0.0625,-0.5374999999999943
-7690.387500000012,217.05000000004657,-5050.449999999997,-337.70000000001164,12289.5,24506.92499999999,-514.3500000000058,-1847.8875000000116,-119.47499999999854,14437.424999999988,0.375,0.8875,0.025000000000005684,0.9625000000000004,0.5999999999999996,-0.48750000000001137,0.0375,0.11249999999999982,-0.2749999999999999,-0.30000000000000004,0.0625,-0.5374999999999943
-7686.387500000012,163.05000000004657,-5049.449999999997,-360.70000000001164,12370.5,24532.92499999999,-486.3500000000058,-1808.8875000000116,-200.47499999999854,14497.424999999988,-0.625,-0.11250000000000004,0.025000000000005684,-0.037499999999999645,0.5999999999999996,-0.48750000000001137,0.0375,0.11249999999999982,0.7250000000000001,0.7,0.0625,0.4625000000000057
-7630.387500000012,137.05000000004657,-5009.449999999997,-255.70000000001164,12383.5,24524.92499999999,-413.3500000000058,-1784.8875000000116,-162.47499999999854,14562.424999999988,0.375,-0.11250000000000004,0.025000000000005684,-0.037499999999999645,0.5999999999999996,-0.48750000000001137,0.0375,0.11249999999999982,0.7250000000000001,0.7,-0.9375,1.4625000000000057
-7583.387500000012,196.05000000004657,-5005.449999999997,-191.70000000001164,12470.5,24378.92499999999,-544.3500000000058,-2056.8875000000116,-68.47499999999854,14482.424999999988,-0.625,0.8875,0.025000000000005684,-0.037499999999999645,-0.40000000000000036,-1.4875000000000114,0.0375,0.11249999999999982,-0.2749999999999999,-0.30000000000000004,0.0625,1.4625000000000057
-7663.387500000012,50.050000000046566,-5105.449999999997,-219.70000000001164,12341.5,24309.92499999999,-487.3500000000058,-1967.8875000000116,-59.474999999998545,14430.424999999988,0.375,-0.11250000000000004,0.025000000000005684,-0.037499999999999645,-0.40000000000000036,-0.48750000000001137,0.0375,0.11249999999999982,-0.2749999999999999,-0.30000000000000004,0.0625,0.4625000000000057
-7625.387500000012,-20.949999999953434,-5091.449999999997,-185.70000000001164,12002.5,24035.92499999999,-381.3500000000058,-2011.8875000000116,-70.47499999999854,14237.424999999988,0.375,-0.11250000000000004,-0.9749999999999943,-0.037499999999999645,-0.40000000000000036,0.5124999999999886,0.0375,-0.8875000000000002,-0.2749999999999999,-0.30000000000000004,0.0625,0.4625000000000057
-7823.387500000012,48.050000000046566,-5089.449999999997,-203.70000000001164,11660.5,23847.92499999999,-287.3500000000058,-2086.8875000000116,-102.47499999999854,13656.424999999988,-0.625,-0.11250000000000004,0.025000000000005684,-0.037499999999999645,-0.40000000000000036,-0.48750000000001137,0.0375,-0.8875000000000002,-0.2749999999999999,-0.30000000000000004,0.0625,0.4625000000000057
-7873.387500000012,57.050000000046566,-5257.449999999997,-127.70000000001164,11574.5,23669.92499999999,-261.3500000000058,-2345.8875000000116,-243.47499999999854,13561.424999999988,0.375,-0.11250000000000004,0.025000000000005684,-0.037499999999999645,0.5999999999999996,0.5124999999999886,0.0375,0.11249999999999982,0.7250000000000001,-0.30000000000000004,0.0625,-0.5374999999999943
-7841.387500000012,-11.949999999953434,-5313.449999999997,80.29999999998836,11454.5,23658.92499999999,-243.35000000000582,-2271.8875000000116,-505.47499999999854,13460.424999999988,0.375,-0.11250000000000004,0.025000000000005684,-0.037499999999999645,0.5999999999999996,-0.48750000000001137,0.0375,0.11249999999999982,-0.2749999999999999,-0.30000000000000004,0.0625,-0.5374999999999943
-8003.387500000012,-38.949999999953434,-5317.449999999997,-95.70000000001164,11330.5,23640.92499999999,-254.35000000000582,-2158.8875000000116,-698.4749999999985,13467.424999999988,0.375,-0.11250000000000004,0.025000000000005684,-0.037499999999999645,-0.40000000000000036,0.5124999999999886,0.0375,0.11249999999999982,0.7250000000000001,0.7,1.0625,2.4625000000000057
-7962.387500000012,45.050000000046566,-5348.449999999997,136.29999999998836,11187.5,23637.92499999999,282.6499999999942,-2238.8875000000116,-542.4749999999985,13622.424999999988,0.375,0.8875,-0.9749999999999943,0.9625000000000004,-2.4000000000000004,-2.4875000000000114,0.0375,0.11249999999999982,-0.2749999999999999,0.7,0.0625,-0.5374999999999943
-8207.387500000012,442.05000000004657,-5239.449999999997,257.29999999998836,11765.5,23627.92499999999,410.6499999999942,-2238.8875000000116,-300.47499999999854,14007.424999999988,-1.625,-1.1125,-2.9749999999999943,-1.0374999999999996,-1.4000000000000004,-2.4875000000000114,0.0375,0.11249999999999982,-0.2749999999999999,1.7,0.0625,-1.5374999999999943
-6724.387500000012,-689.9499999999534,-5732.449999999997,-692.7000000000116,10798.5,24326.92499999999,-765.3500000000058,-2242.8875000000116,-916.4749999999985,12793.424999999988,-0.625,1.8875,4.025000000000006,-0.037499999999999645,0.5999999999999996,-0.48750000000001137,0.0375,0.11249999999999982,-0.2749999999999999,-0.30000000000000004,0.0625,0.4625000000000057
-7809.387500000012,-946.9499999999534,-5927.449999999997,-761.7000000000116,11083.5,23513.92499999999,-802.3500000000058,-2376.8875000000116,-1343.4749999999985,13347.424999999988,-0.625,-0.11250000000000004,5.025000000000006,-1.0374999999999996,-0.40000000000000036,1.5124999999999886,0.0375,-0.8875000000000002,-0.2749999999999999,0.7,-0.9375,0.4625000000000057
-8736.387500000012,574.0500000000466,-5681.449999999997,235.29999999998836,11663.5,22974.92499999999,582.6499999999942,-2543.8875000000116,128.52500000000146,14072.424999999988,1.375,-2.1125,-2.9749999999999943,-1.0374999999999996,-0.40000000000000036,-5.487500000000011,0.0375,0.11249999999999982,0.7250000000000001,-0.30000000000000004,-0.9375,-0.5374999999999943
-8701.387500000012,855.0500000000466,-5588.449999999997,208.29999999998836,11381.5,23006.92499999999,989.6499999999942,-2508.8875000000116,-136.47499999999854,13725.424999999988,-2.625,-0.11250000000000004,-2.9749999999999943,-2.0374999999999996,-1.4000000000000004,-2.4875000000000114,0.0375,0.11249999999999982,-0.2749999999999999,0.7,-0.9375,-3.5374999999999943
-7332.387500000012,-74.94999999995343,-6055.449999999997,-1524.7000000000116,10748.5,23604.92499999999,-117.35000000000582,-2126.8875000000116,-1469.4749999999985,12206.424999999988,1.375,-0.11250000000000004,1.0250000000000057,1.9625000000000004,0.5999999999999996,1.5124999999999886,0.0375,0.11249999999999982,-0.2749999999999999,-0.30000000000000004,-0.9375,2.4625000000000057
-7142.387500000012,-1250.9499999999534,-5393.449999999997,-116.70000000001164,11328.5,23660.92499999999,497.6499999999942,-2040.8875000000116,-1306.4749999999985,11403.424999999988,-1.625,-0.11250000000000004,-0.9749999999999943,-1.0374999999999996,-0.40000000000000036,0.5124999999999886,0.0375,0.11249999999999982,-0.2749999999999999,-0.30000000000000004,0.0625,-2.5374999999999943
-9217.387500000012,619.0500000000466,-4917.449999999997,332.29999999998836,11218.5,22157.92499999999,613.6499999999942,-2226.8875000000116,521.5250000000015,13702.424999999988,-0.625,-0.11250000000000004,0.025000000000005684,-0.037499999999999645,-0.40000000000000036,-1.4875000000000114,0.0375,-0.8875000000000002,-0.2749999999999999,0.7,0.0625,-1.5374999999999943
-8223.387500000012,-567.9499999999534,-5230.449999999997,-818.7000000000116,10186.5,23840.92499999999,-679.3500000000058,-2035.8875000000116,-684.4749999999985,12175.424999999988,-0.625,0.8875,0.025000000000005684,-1.0374999999999996,0.5999999999999996,1.5124999999999886,0.0375,0.11249999999999982,-0.2749999999999999,-1.3,1.0625,-0.5374999999999943
-8211.387500000012,-315.94999999995343,-5251.449999999997,-675.7000000000116,10274.5,23217.92499999999,-439.3500000000058,-1894.8875000000116,-90.47499999999854,12695.424999999988,-0.625,0.8875,0.025000000000005684,-0.037499999999999645,-0.40000000000000036,0.5124999999999886,0.0375,0.11249999999999982,-0.2749999999999999,0.7,0.0625,1.4625000000000057
-8839.387500000012,514.0500000000466,-4987.449999999997,-201.70000000001164,10601.5,22931.92499999999,328.6499999999942,-2237.8875000000116,215.52500000000146,13179.424999999988,-0.625,0.8875,-0.9749999999999943,-0.037499999999999645,0.5999999999999996,-1.4875000000000114,0.0375,0.11249999999999982,-0.2749999999999999,-1.3,1.0625,-1.5374999999999943
-8544.387500000012,504.05000000004657,-4985.449999999997,73.29999999998836,10621.5,23279.92499999999,378.6499999999942,-2024.8875000000116,306.52500000000146,13223.424999999988,-0.625,0.8875,1.0250000000000057,0.9625000000000004,0.5999999999999996,-0.48750000000001137,0.0375,0.11249999999999982,0.7250000000000001,-0.30000000000000004,1.0625,-0.5374999999999943
-7618.387500000012,-418.94999999995343,-4996.449999999997,-667.7000000000116,9731.5,23735.92499999999,-287.3500000000058,-1877.8875000000116,-295.47499999999854,12586.424999999988,0.375,-1.1125,0.025000000000005684,0.9625000000000004,0.5999999999999996,0.5124999999999886,0.0375,0.11249999999999982,0.7250000000000001,-0.30000000000000004,-0.9375,2.4625000000000057
-8085.387500000012,-314.94999999995343,-4884.449999999997,-100.70000000001164,10450.5,23591.92499999999,-325.3500000000058,-1966.8875000000116,-289.47499999999854,12684.424999999988,0.375,0.8875,0.025000000000005684,-1.0374999999999996,1.5999999999999996,2.5124999999999886,0.0375,0.11249999999999982,-0.2749999999999999,0.7,-0.9375,-0.5374999999999943
-8989.387500000012,651.0500000000466,-4826.449999999997,191.29999999998836,10655.5,23089.92499999999,466.6499999999942,-2184.8875000000116,420.52500000000146,13576.424999999988,-0.625,-0.11250000000000004,-1.9749999999999943,1.9625000000000004,1.5999999999999996,-3.4875000000000114,0.0375,0.11249999999999982,-1.275,-0.30000000000000004,0.0625,-3.5374999999999943
-8662.387500000012,620.0500000000466,-5062.449999999997,-355.70000000001164,10212.5,23853.92499999999,-450.3500000000058,-2052.8875000000116,-140.47499999999854,13207.424999999988,-0.625,-1.1125,-0.9749999999999943,-1.0374999999999996,1.5999999999999996,1.5124999999999886,0.0375,0.11249999999999982,-0.2749999999999999,0.7,0.0625,-0.5374999999999943
-7867.387500000012,-457.94999999995343,-5364.449999999997,-1013.7000000000116,9788.5,23980.92499999999,-739.3500000000058,-2140.8875000000116,-576.4749999999985,12746.424999999988,0.375,0.8875,4.025000000000006,-0.037499999999999645,-0.40000000000000036,-3.4875000000000114,0.0375,-0.8875000000000002,0.7250000000000001,2.7,-2.9375,-0.5374999999999943
-4336.387500000012,26506.050000000047,-5290.449999999997,-277.70000000001164,10163.5,24037.92499999999,1662.6499999999942,-2340.8875000000116,-73.47499999999854,13619.424999999988,19.375,17.8875,-37.974999999999994,-29.0375,4.6,102.51249999999999,0.0375,0.11249999999999982,-0.2749999999999999,-1.3,9.0625,1.4625000000000057
3600.6124999999884,118110.05000000005,-4606.449999999997,42.29999999998836,9961.5,44169.92499999999,51156.649999999994,-2768.8875000000116,319.52500000000146,13530.424999999988,-4.625,8.8875,25.025000000000006,-31.0375,37.6,-85.48750000000001,0.0375,0.11249999999999982,0.7250000000000001,-2.3,-5.9375,7.462500000000006
35004.61249999999,237416.05000000005,1421.550000000003,-190.70000000001164,13111.5,353770.925,194214.65,-4305.887500000012,-390.47499999999854,17302.42499999999,-9.625,-9.1125,37.025000000000006,-25.0375,-18.4,15.512499999999989,0.0375,-0.8875000000000002,-0.2749999999999999,0.7,-5.9375,5.462500000000006
41787.61249999999,199718.05000000005,-1040.449999999997,910.2999999999884,12346.5,451971.925,219770.65,-2297.8875000000116,337.52500000000146,16178.424999999988,2.375,5.8875,3.0250000000000057,-12.0375,0.5999999999999996,20.51249999999999,0.0375,1.1124999999999998,-1.275,0.7,9.0625,4.462500000000006
45414.61249999999,145724.05000000005,-2212.449999999997,-150.70000000001164,10606.5,128262.92499999999,128106.65,-1494.8875000000116,1468.5250000000015,12519.424999999988,8.375,16.8875,-57.974999999999994,4.9625,7.6,4.512499999999989,0.0375,-0.8875000000000002,0.7250000000000001,-2.3,4.0625,12.462500000000006
41553.61249999999,100314.05000000005,-3175.449999999997,-502.70000000001164,9518.5,103677.92499999999,98661.65,841.1124999999884,-2580.4749999999985,11428.424999999988,-26.625,-15.1125,47.025000000000006,-1.0374999999999996,-29.4,-15.487500000000011,-0.9625,0.11249999999999982,-1.275,3.7,-2.9375,19.462500000000006
5047.612499999988,23303.050000000047,-7309.449999999997,-55.70000000001164,12232.5,92954.92499999999,72719.65,-94.88750000001164,541.5250000000015,15933.424999999988,19.375,3.8875,-37.974999999999994,-3.0374999999999996,6.6,-9.487500000000011,-0.9625,1.1124999999999998,-1.275,-1.3,2.0625,-3.5374999999999943
2994.6124999999884,1386.0500000000466,-7807.449999999997,350.29999999998836,10986.5,69413.92499999999,37079.649999999994,24.11249999998836,-896.4749999999985,13010.424999999988,26.375,-13.1125,-49.974999999999994,-2.0374999999999996,0.5999999999999996,-11.487500000000011,0.0375,0.11249999999999982,0.7250000000000001,4.7,2.0625,2.4625000000000057
10286.612499999988,1466.0500000000466,-7891.449999999997,-1547.7000000000116,10696.5,65287.92499999999,55578.649999999994,306.11249999998836,-548.4749999999985,13001.424999999988,-19.625,1.8875,50.025000000000006,0.9625000000000004,-3.4000000000000004,-12.487500000000011,0.0375,0.11249999999999982,1.725,0.7,-1.9375,-5.537499999999994
37584.61249999999,36980.05000000005,-3604.449999999997,-160.70000000001164,10196.5,79221.92499999999,118205.65,387.11249999998836,-951.4749999999985,12459.424999999988,9.375,-0.11250000000000004,4.025000000000006,22.9625,15.6,-12.487500000000011,0.0375,0.11249999999999982,-0.2749999999999999,-1.3,-8.9375,8.462500000000006
59490.61249999999,192265.05000000005,1595.550000000003,1437.2999999999884,9194.5,99388.92499999999,185226.65,-564.8875000000116,707.5250000000015,14865.424999999988,-7.625,-5.1125,8.025000000000006,-5.0375,10.6,19.51249999999999,-0.9625,0.11249999999999982,-0.2749999999999999,-3.3,1.0625,-17.537499999999994
60080.61249999999,176185.05000000005,1345.550000000003,1252.2999999999884,9445.5,98426.92499999999,203921.65,491.11249999998836,1799.5250000000015,12732.424999999988,7.375,18.8875,-3.9749999999999943,-3.0374999999999996,-3.4000000000000004,-5.487500000000011,0.0375,0.11249999999999982,-1.275,7.7,3.0625,-1.5374999999999943
33742.61249999999,59136.05000000005,-3188.449999999997,-683.7000000000116,11957.5,70771.92499999999,143565.65,1021.1124999999884,260.52500000000146,12658.424999999988,-14.625,-4.1125,37.025000000000006,2.9625000000000004,3.5999999999999996,1.5124999999999886,0.0375,0.11249999999999982,-0.2749999999999999,4.7,-0.9375,1.4625000000000057
233.61249999998836,11121.050000000047,-5276.449999999997,963.2999999999884,11077.5,69378.92499999999,145308.65,503.11249999998836,456.52500000000146,14636.424999999988,10.375,16.8875,-17.974999999999994,-2.0374999999999996,-15.4,-11.487500000000011,-0.9625,0.11249999999999982,-0.2749999999999999,0.7,7.0625,-9.537499999999994
16727.61249999999,27239.050000000047,-6359.449999999997,-1045.7000000000116,10552.5,70268.92499999999,148760.65,1054.1124999999884,-1032.4749999999985,13290.424999999988,5.375,-10.1125,9.025000000000006,-3.0374999999999996,8.6,-0.48750000000001137,0.0375,0.11249999999999982,0.7250000000000001,-3.3,2.0625,2.4625000000000057
33267.61249999999,63496.05000000005,-4865.449999999997,-674.7000000000116,8932.5,70569.92499999999,147845.65,134.11249999998836,-2077.4749999999985,10746.424999999988,-9.625,-10.1125,39.025000000000006,1.9625000000000004,-4.4,-7.487500000000011,0.0375,0.11249999999999982,-0.2749999999999999,3.7,2.0625,4.462500000000006
40988.61249999999,113809.05000000005,-1614.449999999997,1317.2999999999884,9672.5,69754.92499999999,156734.65,-531.8875000000116,-423.47499999999854,13770.424999999988,-1.625,9.8875,-4.974999999999994,-1.0374999999999996,-4.4,-0.48750000000001137,0.0375,-0.8875000000000002,-0.2749999999999999,3.7,-0.9375,6.462500000000006
33373.61249999999,138628.05000000005,-1713.449999999997,798.2999999999884,8804.5,66011.92499999999,170816.65,-94.88750000001164,-1269.4749999999985,12676.424999999988,0.375,-4.1125,-13.974999999999994,0.9625000000000004,15.6,13.512499999999989,0.0375,0.11249999999999982,-0.2749999999999999,-3.3,-3.9375,2.4625000000000057
24207.61249999999,109622.05000000005,-3582.449999999997,-894.7000000000116,9511.5,57697.92499999999,172862.65,327.11249999998836,-2051.4749999999985,10834.424999999988,0.375,-1.1125,-21.974999999999994,1.9625000000000004,-7.4,0.5124999999999886,0.0375,0.11249999999999982,0.7250000000000001,-2.3,3.0625,7.462500000000006
9610.612499999988,37152.05000000005,-5867.449999999997,-387.70000000001164,11314.5,43920.92499999999,165068.65,1155.1124999999884,-590.4749999999985,12790.424999999988,1.375,-9.1125,3.0250000000000057,-7.0375,-13.4,3.5124999999999886,0.0375,0.11249999999999982,-0.2749999999999999,-0.30000000000000004,-2.9375,7.462500000000006
2812.6124999999884,68159.05000000005,-5630.449999999997,980.2999999999884,11380.5,34093.92499999999,161467.65,703.1124999999884,441.52500000000146,14422.424999999988,6.375,-1.1125,-19.974999999999994,-1.0374999999999996,-2.4000000000000004,-27.48750000000001,-0.9625,0.11249999999999982,-1.275,-2.3,-1.9375,-6.537499999999994
9930.612499999988,77448.05000000005,-4904.449999999997,-828.7000000000116,9520.5,35119.92499999999,170304.65,654.1124999999884,-1344.4749999999985,12477.424999999988,-0.625,3.8875,24.025000000000006,-12.0375,-11.4,-8.487500000000011,0.0375,0.11249999999999982,0.7250000000000001,0.7,3.0625,-0.5374999999999943
9037.612499999988,79345.05000000005,-5126.449999999997,-195.70000000001164,9999.5,38371.92499999999,183355.65,622.1124999999884,-1537.4749999999985,12106.424999999988,7.375,-0.11250000000000004,12.025000000000006,2.9625000000000004,0.5999999999999996,-13.487500000000011,0.0375,0.11249999999999982,-0.2749999999999999,2.7,0.0625,4.462500000000006
2372.6124999999884,93752.05000000005,-4196.449999999997,1293.2999999999884,10457.5,32152.92499999999,174806.65,283.11249999998836,787.5250000000015,14543.424999999988,2.375,-6.1125,-34.974999999999994,8.9625,9.6,-17.48750000000001,0.0375,0.11249999999999982,-0.2749999999999999,-0.30000000000000004,5.0625,-1.5374999999999943
-595.3875000000116,75547.05000000005,-5371.449999999997,310.29999999998836,10417.5,23378.92499999999,161877.65,391.11249999998836,-437.47499999999854,13395.424999999988,2.375,6.8875,5.025000000000006,7.9625,0.5999999999999996,-40.48750000000001,0.0375,0.11249999999999982,-0.2749999999999999,1.7,-0.9375,11.462500000000006
-2943.3875000000116,48413.05000000005,-6780.449999999997,-1341.7000000000116,10456.5,19095.92499999999,188567.65,381.11249999998836,-1692.4749999999985,11799.424999999988,-1.625,-2.1125,13.025000000000006,-7.0375,11.6,-25.48750000000001,0.0375,0.11249999999999982,-1.275,-1.3,1.0625,4.462500000000006
-10629.387500000012,77549.05000000005,-4696.449999999997,315.29999999998836,12059.5,12812.924999999988,180258.65,113.11249999998836,509.52500000000146,14156.424999999988,6.375,1.8875,-3.9749999999999943,-0.037499999999999645,-22.4,-19.48750000000001,0.0375,-0.8875000000000002,-0.2749999999999999,0.7,-5.9375,1.4625000000000057
-12528.387500000012,86299.05000000005,-4193.449999999997,1296.2999999999884,11861.5,13100.924999999988,198422.65,-382.88750000001164,745.5250000000015,14630.424999999988,-9.625,2.8875,-7.974999999999994,6.9625,-4.4,-29.48750000000001,0.0375,0.11249999999999982,-0.2749999999999999,1.7,-4.9375,3.4625000000000057
-19222.38750000001,93486.05000000005,-4766.449999999997,42.29999999998836,11395.5,7092.924999999988,157613.65,-782.8875000000116,-478.47499999999854,14104.424999999988,9.375,-20.1125,-5.974999999999994,7.9625,-1.4000000000000004,-28.48750000000001,0.0375,-0.8875000000000002,-0.2749999999999999,-2.3,-3.9375,4.462500000000006
-15747.387500000012,51504.05000000005,-5960.449999999997,-58.70000000001164,10585.5,2754.9249999999884,173269.65,-421.88750000001164,430.52500000000146,14132.424999999988,5.375,14.8875,12.025000000000006,-11.0375,-5.4,-25.48750000000001,0.0375,1.1124999999999998,-0.2749999999999999,4.7,3.0625,1.4625000000000057
-29314.38750000001,78338.05000000005,-4996.449999999997,712.2999999999884,12347.5,-2647.0750000000116,176456.65,-333.88750000001164,1545.5250000000015,15010.424999999988,-8.625,0.8875,18.025000000000006,1.9625000000000004,-11.4,-16.48750000000001,0.0375,-0.8875000000000002,0.7250000000000001,-2.3,1.0625,2.4625000000000057
-27783.38750000001,75834.05000000005,-4356.449999999997,-247.70000000001164,11384.5,-9108.075000000012,194826.65,-33.88750000001164,-851.4749999999985,12351.424999999988,-2.625,5.8875,-0.9749999999999943,-14.0375,-1.4000000000000004,21.51249999999999,-0.9625,1.1124999999999998,-0.2749999999999999,0.7,5.0625,-6.537499999999994
-32543.38750000001,67325.05000000005,-5260.449999999997,729.2999999999884,13159.5,-10974.075000000012,187364.65,-923.8875000000116,1961.5250000000015,16400.42499999999,-2.625,-12.1125,4.025000000000006,17.9625,4.6,-3.4875000000000114,0.0375,0.11249999999999982,-1.275,0.7,0.0625,3.4625000000000057
-29564.38750000001,61430.05000000005,-5227.449999999997,-294.70000000001164,10848.5,-13525.075000000012,184620.65,-340.88750000001164,-330.47499999999854,11931.424999999988,5.375,4.8875,-0.9749999999999943,-2.0374999999999996,-9.4,44.51249999999999,0.0375,0.11249999999999982,-0.2749999999999999,0.7,1.0625,-0.5374999999999943
-40014.38750000001,68784.05000000005,-5217.449999999997,-1.7000000000116415,12689.5,-15886.075000000012,178984.65,-640.8875000000116,1589.5250000000015,14423.424999999988,2.375,-4.1125,9.025000000000006,1.9625000000000004,12.6,4.512499999999989,0.0375,0.11249999999999982,-0.2749999999999999,-5.3,-1.9375,-1.5374999999999943
-44215.38750000001,72961.05000000005,-5097.449999999997,-122.70000000001164,12573.5,-18469.07500000001,172645.65,-796.8875000000116,-573.4749999999985,14754.424999999988,-10.625,-8.1125,-3.9749999999999943,-5.0375,-6.4,-18.48750000000001,0.0375,-1.8875000000000002,0.7250000000000001,4.7,-0.9375,4.462500000000006
-44195.38750000001,77911.05000000005,-5298.449999999997,720.2999999999884,12456.5,-18877.07500000001,175227.65,-561.8875000000116,809.5250000000015,15239.424999999988,13.375,1.8875,-4.974999999999994,-16.0375,-5.4,13.512499999999989,0.0375,1.1124999999999998,0.7250000000000001,-5.3,0.0625,6.462500000000006
-56287.38750000001,61233.05000000005,-5637.449999999997,-493.70000000001164,11791.5,-25346.07500000001,171597.65,-1387.8875000000116,145.52500000000146,14084.424999999988,-6.625,-11.1125,16.025000000000006,2.9625000000000004,-24.4,-21.48750000000001,0.0375,0.11249999999999982,-0.2749999999999999,2.7,-4.9375,0.4625000000000057
-62679.38750000001,74717.05000000005,-4376.449999999997,52.29999999998836,12031.5,-30232.07500000001,176645.65,-1535.8875000000116,-21.474999999998545,14276.424999999988,6.375,21.8875,-13.974999999999994,-0.037499999999999645,-13.4,-5.487500000000011,0.0375,1.1124999999999998,-0.2749999999999999,-0.30000000000000004,-6.9375,11.462500000000006
-60225.38750000001,77414.05000000005,-5089.449999999997,-528.7000000000116,12193.5,-31427.07500000001,181698.65,-1742.8875000000116,699.5250000000015,14610.424999999988,4.375,1.8875,-27.974999999999994,20.9625,-22.4,-47.48750000000001,0.0375,0.11249999999999982,0.7250000000000001,-2.3,-3.9375,-3.5374999999999943
-20844.38750000001,13020.050000000047,-4947.449999999997,1105.2999999999884,13597.5,-20218.07500000001,174927.65,-1744.8875000000116,1174.5250000000015,15651.424999999988,-8.625,2.8875,27.025000000000006,-48.0375,6.6,27.51249999999999,-0.9625,0.11249999999999982,0.7250000000000001,0.7,-1.9375,4.462500000000006
3299.6124999999884,18963.050000000047,-3015.449999999997,563.2999999999884,12377.5,1278.9249999999884,84325.65,-2670.8875000000116,1698.5250000000015,15099.424999999988,-2.625,111.8875,13.025000000000006,125.9625,-99.4,-22.48750000000001,-1.9625,1.1124999999999998,-0.2749999999999999,-12.3,7.0625,-0.5374999999999943
53319.61249999999,199288.05000000005,4972.550000000003,-3418.7000000000116,8776.5,90811.92499999999,281634.65,-13651.887500000012,-1796.4749999999985,9278.424999999988,32.375,-13.1125,-41.974999999999994,101.9625,-53.4,92.51249999999999,-0.9625,-0.8875000000000002,-0.2749999999999999,0.7,-28.9375,-14.537499999999994
42688.61249999999,324434.05000000005,17285.550000000003,1891.2999999999884,5426.5,425766.925,265406.65,-51944.88750000001,4474.5250000000015,14937.424999999988,-18.625,16.8875,32.025000000000006,-117.0375,-42.4,86.51249999999999,-0.9625,-2.8875,0.7250000000000001,-3.3,-41.9375,-12.537499999999994
77662.61249999999,273853.05000000005,16207.550000000003,4045.2999999999884,7233.5,71690.92499999999,179725.65,-102537.88750000001,4256.5250000000015,17927.42499999999,-8.625,4.8875,38.025000000000006,101.9625,2.5999999999999996,31.51249999999999,1.0375,0.11249999999999982,1.725,-11.3,19.0625,-6.537499999999994
90760.61249999999,267389.05000000005,21587.550000000003,-1101.7000000000116,6823.5,-20336.07500000001,165886.65,-89215.88750000001,-3876.4749999999985,5918.424999999988,13.375,2.8875,-35.974999999999994,6.9625,13.6,-21.48750000000001,-0.9625,0.11249999999999982,-0.2749999999999999,22.7,24.0625,19.462500000000006
68777.61249999999,269020.05000000005,20493.550000000003,907.2999999999884,11580.5,73885.92499999999,206340.65,-18947.88750000001,-5732.4749999999985,1706.4249999999884,25.375,31.8875,-23.974999999999994,-7.0375,22.6,38.51249999999999,0.0375,1.1124999999999998,0.7250000000000001,-13.3,36.0625,-8.537499999999994
43992.61249999999,233441.05000000005,17264.550000000003,3667.2999999999884,12776.5,49833.92499999999,163053.65,-13710.887500000012,5623.5250000000015,17364.42499999999,-2.625,-16.1125,-21.974999999999994,6.9625,41.6,22.51249999999999,0.0375,-1.8875000000000002,-1.275,-5.3,-15.9375,-17.537499999999994
27660.61249999999,98693.05000000005,2674.550000000003,698.2999999999884,7955.5,47083.92499999999,126192.65,-8713.887500000012,-2488.4749999999985,8890.424999999988,-15.625,-3.1125,-3.9749999999999943,20.9625,1.5999999999999996,8.512499999999989,-0.9625,-1.8875000000000002,-2.275,7.7,-13.9375,-5.537499999999994
1860.6124999999884,7725.050000000047,-7237.449999999997,-3210.7000000000116,16279.5,3714.9249999999884,2679.649999999994,-6713.887500000012,-2021.4749999999985,9441.424999999988,4.375,3.8875,-19.974999999999994,2.9625000000000004,-4.4,36.51249999999999,0.0375,-0.8875000000000002,2.725,-7.3,3.0625,-12.537499999999994
-16448.38750000001,582.0500000000466,-3036.449999999997,-881.7000000000116,13500.5,3884.9249999999884,250.64999999999418,-8042.887500000012,-1114.4749999999985,10193.424999999988,16.375,-11.1125,-26.974999999999994,15.9625,11.6,24.51249999999999,0.0375,-1.8875000000000002,0.7250000000000001,5.7,14.0625,2.4625000000000057
-17723.38750000001,3277.0500000000466,-93.44999999999709,2051.2999999999884,14595.5,3135.9249999999884,4893.649999999994,-15308.887500000012,2823.5250000000015,14838.424999999988,-32.625,2.8875,4.025000000000006,-12.0375,-30.4,164.5125,1.0375,1.1124999999999998,-2.275,-12.3,11.0625,-18.537499999999994
-6261.387500000012,46952.05000000005,2548.550000000003,13655.299999999988,29758.5,10126.924999999988,59024.649999999994,-12778.887500000012,5270.5250000000015,16241.424999999988,-22.625,-13.1125,44.025000000000006,-25.0375,12.6,118.51249999999999,0.0375,-0.8875000000000002,-1.275,4.7,-3.9375,24.462500000000006
-3121.3875000000116,215979.05000000005,4226.550000000003,129182.29999999999,23009.5,9498.924999999988,212379.65,-9761.887500000012,47929.525,34759.42499999999,11.375,-41.1125,9.025000000000006,8.9625,14.6,84.51249999999999,0.0375,-0.8875000000000002,0.7250000000000001,-14.3,-26.9375,21.462500000000006
-41983.38750000001,213191.05000000005,12946.550000000003,144657.3,19559.5,42154.92499999999,238130.65,-9059.887500000012,176954.525,108096.42499999999,2.375,1.8875,19.025000000000006,0.9625000000000004,-4.4,27.51249999999999,0.0375,-0.8875000000000002,-1.275,16.7,-20.9375,29.462500000000006
-46642.38750000001,271608.05000000005,13453.550000000003,198433.3,19667.5,37654.92499999999,235142.65,-2861.8875000000116,174464.525,63798.42499999999,1.375,0.8875,13.025000000000006,0.9625000000000004,13.6,42.51249999999999,0.0375,0.11249999999999982,1.725,-25.3,-21.9375,14.462500000000006
-67382.38750000001,292980.05000000005,12604.550000000003,195003.3,7471.5,8787.924999999988,251177.65,-3949.8875000000116,146773.525,46272.42499999999,-11.625,-26.1125,59.025000000000006,-10.0375,-0.40000000000000036,-10.487500000000011,1.0375,0.11249999999999982,-0.2749999999999999,-11.3,-19.9375,1.4625000000000057
-89204.38750000001,258654.05000000005,10847.550000000003,198480.3,-3356.5,10467.924999999988,223754.65,-5080.887500000012,159116.525,51662.42499999999,10.375,-16.1125,-27.974999999999994,-9.0375,2.5999999999999996,-51.48750000000001,-0.9625,0.11249999999999982,-2.275,-30.3,2.0625,1.4625000000000057
-74476.38750000001,153905.05000000005,3780.550000000003,166207.3,2323.5,38991.92499999999,146300.65,-7230.887500000012,164884.525,23581.42499999999,5.375,-16.1125,2.0250000000000057,20.9625,22.6,-28.48750000000001,-0.9625,-0.8875000000000002,-1.275,-3.3,-12.9375,-17.537499999999994
-66491.38750000001,132366.05000000005,83.55000000000291,169195.3,7557.5,45705.92499999999,148769.65,-7884.887500000012,204777.525,45766.42499999999,0.375,-10.1125,-17.974999999999994,2.9625000000000004,7.6,-3.4875000000000114,0.0375,1.1124999999999998,1.725,0.7,10.0625,4.462500000000006
-59863.38750000001,108915.05000000005,-884.4499999999971,181163.3,3899.5,47946.92499999999,101783.65,-7552.887500000012,174104.525,26409.42499999999,-14.625,-8.1125,13.025000000000006,4.9625,-2.4000000000000004,-13.487500000000011,0.0375,-0.8875000000000002,2.725,4.7,7.0625,-2.5374999999999943
-48523.38750000001,85311.05000000005,-3291.449999999997,147123.3,1709.5,46507.92499999999,70508.65,-4613.887500000012,157366.525,15660.424999999988,15.375,-9.1125,-18.974999999999994,-27.0375,0.5999999999999996,28.51249999999999,0.0375,1.1124999999999998,-0.2749999999999999,-7.3,-7.9375,-15.537499999999994
-47575.38750000001,78150.05000000005,-3661.449999999997,111906.29999999999,14604.5,47216.92499999999,50079.649999999994,-3824.8875000000116,156406.525,7560.424999999988,-5.625,18.8875,15.025000000000006,-4.0375,-5.4,28.51249999999999,-0.9625,-0.8875000000000002,-1.275,1.7,2.0625,-5.537499999999994
-101550.38750000001,125197.05000000005,-887.4499999999971,101776.29999999999,3130.5,45753.92499999999,107839.65,-3883.8875000000116,126473.525,-3975.5750000000116,11.375,6.8875,-35.974999999999994,15.9625,4.6,-9.487500000000011,1.0375,-1.8875000000000002,2.725,1.7,-16.9375,1.4625000000000057
-95687.38750000001,150955.05000000005,638.5500000000029,126704.29999999999,4222.5,42597.92499999999,155944.65,-4566.887500000012,181485.525,3253.4249999999884,13.375,8.8875,-25.974999999999994,-3.0374999999999996,12.6,7.512499999999989,0.0375,0.11249999999999982,-0.2749999999999999,2.7,29.0625,-1.5374999999999943
-95205.38750000001,161439.05000000005,1797.550000000003,217840.3,6882.5,45857.92499999999,163421.65,-5842.887500000012,192722.525,6439.424999999988,-22.625,4.8875,56.025000000000006,-10.0375,1.5999999999999996,10.512499999999989,0.0375,0.11249999999999982,0.7250000000000001,-0.30000000000000004,-6.9375,2.4625000000000057
-100092.38750000001,163530.05000000005,1902.550000000003,178664.3,13675.5,57335.92499999999,146721.65,-5488.887500000012,180589.525,726.4249999999884,24.375,-16.1125,-24.974999999999994,-5.0375,3.5999999999999996,-4.487500000000011,-0.9625,-0.8875000000000002,-1.275,6.7,-7.9375,6.462500000000006
-122511.38750000001,216697.05000000005,3442.550000000003,156616.3,11104.5,42126.92499999999,186910.65,-5374.887500000012,200814.525,2848.4249999999884,0.375,-8.1125,9.025000000000006,-1.0374999999999996,5.6,16.51249999999999,0.0375,1.1124999999999998,0.7250000000000001,4.7,6.0625,3.4625000000000057
-121842.38750000001,196891.05000000005,3452.550000000003,165083.3,16114.5,31432.92499999999,218258.65,-4930.887500000012,178730.525,4217.424999999988,6.375,9.8875,-10.974999999999994,-6.0375,0.5999999999999996,2.5124999999999886,0.0375,-0.8875000000000002,0.7250000000000001,4.7,-3.9375,8.462500000000006
-96767.38750000001,177053.05000000005,2954.550000000003,170723.3,3571.5,47444.92499999999,180882.65,-4320.887500000012,164800.525,-4349.575000000012,8.375,-16.1125,-14.974999999999994,15.9625,11.6,-5.487500000000011,0.0375,-0.8875000000000002,1.725,-4.3,1.0625,-4.537499999999994
-93751.38750000001,166735.05000000005,1157.550000000003,172304.3,7037.5,39596.92499999999,162815.65,-4757.887500000012,151459.525,-11336.575000000012,-10.625,6.8875,21.025000000000006,-16.0375,-2.4000000000000004,12.512499999999989,0.0375,1.1124999999999998,-1.275,6.7,-6.9375,-0.5374999999999943
-76199.38750000001,158767.05000000005,616.5500000000029,174665.3,8357.5,36602.92499999999,146717.65,-4931.887500000012,136239.525,-10042.575000000012,-1.625,-4.1125,1.0250000000000057,-6.0375,-3.4000000000000004,15.512499999999989,0.0375,0.11249999999999982,0.7250000000000001,2.7,2.0625,-0.5374999999999943
-68463.38750000001,140852.05000000005,540.5500000000029,157903.3,10702.5,38739.92499999999,138088.65,-5387.887500000012,132259.525,-10021.575000000012,-5.625,-3.1125,-4.974999999999994,5.9625,2.5999999999999996,2.5124999999999886,0.0375,0.11249999999999982,0.7250000000000001,3.7,-1.9375,3.4625000000000057
-44962.38750000001,118936.05000000005,-1011.4499999999971,162939.3,10660.5,46320.92499999999,142030.65,-5489.887500000012,157253.525,-12492.575000000012,0.375,1.8875,-7.974999999999994,5.9625,-1.4000000000000004,0.5124999999999886,0.0375,0.11249999999999982,0.7250000000000001,0.7,2.0625,0.4625000000000057
-25449.38750000001,94809.05000000005,-1047.449999999997,156383.3,8170.5,40359.92499999999,138407.65,-5119.887500000012,159891.525,-16166.575000000012,-0.625,3.8875,4.025000000000006,-3.0374999999999996,3.5999999999999996,10.512499999999989,0.0375,0.11249999999999982,-0.2749999999999999,-4.3,3.0625,-3.5374999999999943
-19129.38750000001,77980.05000000005,-1673.449999999997,151025.3,9491.5,39855.92499999999,145934.65,-4913.887500000012,155406.525,-18419.57500000001,2.375,1.8875,4.025000000000006,-12.0375,1.5999999999999996,10.512499999999989,0.0375,0.11249999999999982,0.7250000000000001,-0.30000000000000004,1.0625,-3.5374999999999943
-13960.387500000012,73210.05000000005,-1193.449999999997,155049.3,6280.5,28889.92499999999,153877.65,-5460.887500000012,154099.525,-19708.57500000001,-2.625,2.8875,6.025000000000006,8.9625,6.6,-8.487500000000011,0.0375,-0.8875000000000002,-0.2749999999999999,-1.3,-0.9375,1.4625000000000057
-1099.3875000000116,48086.05000000005,-150.4499999999971,151595.3,3561.5,27317.92499999999,150581.65,-4862.887500000012,145396.525,-22912.57500000001,0.375,-7.1125,4.025000000000006,-0.037499999999999645,7.6,6.512499999999989,0.0375,0.11249999999999982,0.7250000000000001,4.7,-6.9375,10.462500000000006
6336.612499999988,46335.05000000005,-1586.449999999997,156310.3,1813.5,18782.92499999999,150294.65,-7639.887500000012,148622.525,-24898.57500000001,0.375,0.8875,-2.9749999999999943,-3.0374999999999996,5.6,8.512499999999989,0.0375,0.11249999999999982,0.7250000000000001,-5.3,-0.9375,-2.5374999999999943
8098.612499999988,39611.05000000005,-2612.449999999997,178912.3,101.5,22441.92499999999,141418.65,-7134.887500000012,162702.525,-18373.57500000001,-0.625,-3.1125,-5.974999999999994,-2.0374999999999996,1.5999999999999996,4.512499999999989,0.0375,0.11249999999999982,0.7250000000000001,0.7,5.0625,0.4625000000000057
13499.612499999988,31803.050000000047,-2661.449999999997,178481.3,-985.5,31842.92499999999,137583.65,-4486.887500000012,174050.525,-17846.57500000001,-1.625,0.8875,3.0250000000000057,-2.0374999999999996,0.5999999999999996,6.512499999999989,0.0375,0.11249999999999982,-0.2749999999999999,0.7,1.0625,-2.5374999999999943
12378.612499999988,33012.05000000005,-2936.449999999997,169231.3,3652.5,32424.92499999999,138399.65,-4305.887500000012,160549.525,-19068.57500000001,-0.625,-1.1125,2.0250000000000057,3.9625000000000004,0.5999999999999996,1.5124999999999886,-0.9625,1.1124999999999998,-0.2749999999999999,-1.3,1.0625,-0.5374999999999943
5795.612499999988,39915.05000000005,-1982.449999999997,153200.3,7038.5,32408.92499999999,141667.65,-4256.887500000012,149401.525,-19478.57500000001,-1.625,0.8875,3.0250000000000057,-1.0374999999999996,2.5999999999999996,3.5124999999999886,0.0375,0.11249999999999982,-0.2749999999999999,-0.30000000000000004,0.0625,1.4625000000000057
-4574.387500000012,50725.05000000005,-805.4499999999971,151750.3,6822.5,29212.92499999999,147478.65,-4406.887500000012,140718.525,-19989.57500000001,0.375,0.8875,-0.9749999999999943,0.9625000000000004,-0.40000000000000036,-0.48750000000001137,0.0375,0.11249999999999982,0.7250000000000001,0.7,-1.9375,-0.5374999999999943
-14182.387500000012,60697.05000000005,-157.4499999999971,155270.3,7419.5,28787.92499999999,152931.65,-4287.887500000012,144365.525,-20133.57500000001,1.375,-0.11250000000000004,-1.9749999999999943,0.9625000000000004,-0.40000000000000036,0.5124999999999886,0.0375,0.11249999999999982,0.7250000000000001,-0.30000000000000004,0.0625,0.4625000000000057
-22078.38750000001,68554.05000000005,259.5500000000029,153103.3,8342.5,27409.92499999999,159103.65,-4470.887500000012,157512.525,-15874.575000000012,-0.625,0.8875,0.025000000000005684,-1.0374999999999996,0.5999999999999996,2.5124999999999886,0.0375,-0.8875000000000002,-0.2749999999999999,-0.30000000000000004,0.0625,-1.5374999999999943
-34276.38750000001,77050.05000000005,797.5500000000029,141453.3,10505.5,23894.92499999999,164426.65,-4417.887500000012,154425.525,-14453.575000000012,0.375,-0.11250000000000004,-2.9749999999999943,0.9625000000000004,-2.4000000000000004,-2.4875000000000114,0.0375,0.11249999999999982,-0.2749999999999999,3.7,0.0625,1.4625000000000057
-40707.38750000001,83415.05000000005,1352.550000000003,139111.3,11334.5,19103.92499999999,167336.65,-4241.887500000012,147446.525,-14868.575000000012,0.375,-0.11250000000000004,-1.9749999999999943,1.9625000000000004,-1.4000000000000004,-1.4875000000000114,-0.9625,0.11249999999999982,-0.2749999999999999,0.7,1.0625,0.4625000000000057
-47625.38750000001,97077.05000000005,1541.550000000003,139808.3,11705.5,15890.924999999988,168220.65,-4425.887500000012,142114.525,-14668.575000000012,-0.625,0.8875,4.025000000000006,-0.037499999999999645,-0.40000000000000036,1.5124999999999886,0.0375,0.11249999999999982,-0.2749999999999999,1.7,0.0625,2.4625000000000057
-52767.38750000001,102696.05000000005,1807.550000000003,143670.3,10390.5,13850.924999999988,168883.65,-4473.887500000012,142123.525,-12756.575000000012,1.375,-0.11250000000000004,-0.9749999999999943,0.9625000000000004,-0.40000000000000036,0.5124999999999886,0.0375,0.11249999999999982,-0.2749999999999999,2.7,-0.9375,3.4625000000000057
-57138.38750000001,106312.05000000005,2163.550000000003,147583.3,4976.5,12287.924999999988,168916.65,-4457.887500000012,145334.525,-10981.575000000012,0.375,-0.11250000000000004,-0.9749999999999943,0.9625000000000004,-1.4000000000000004,-0.48750000000001137,0.0375,0.11249999999999982,-0.2749999999999999,-0.30000000000000004,-0.9375,-1.5374999999999943
-58562.38750000001,107390.05000000005,2228.550000000003,147027.3,3398.5,11811.924999999988,168920.65,-4400.887500000012,150913.525,-10553.575000000012,1.375,-0.11250000000000004,0.025000000000005684,1.9625000000000004,-0.40000000000000036,0.5124999999999886,0.0375,0.11249999999999982,0.7250000000000001,1.7,-0.9375,0.4625000000000057
-58570.38750000001,108202.05000000005,2195.550000000003,143005.3,4987.5,12057.924999999988,169032.65,-4347.887500000012,146977.525,-9413.575000000012,0.375,-0.11250000000000004,1.0250000000000057,-0.037499999999999645,-0.40000000000000036,1.5124999999999886,-0.9625,0.11249999999999982,-0.2749999999999999,0.7,0.0625,-1.5374999999999943
-58694.38750000001,108620.05000000005,2297.550000000003,136975.3,5877.5,12785.924999999988,168897.65,-4328.887500000012,144078.525,-9508.575000000012,0.375,-0.11250000000000004,-0.9749999999999943,1.9625000000000004,-0.40000000000000036,-1.4875000000000114,0.0375,-0.8875000000000002,-0.2749999999999999,-0.30000000000000004,0.0625,-0.5374999999999943
-57778.38750000001,107980.05000000005,2327.550000000003,139762.3,4855.5,13253.924999999988,167922.65,-4137.887500000012,144449.525,-10171.575000000012,0.375,-0.11250000000000004,-0.9749999999999943,0.9625000000000004,0.5999999999999996,-0.48750000000001137,0.0375,-0.8875000000000002,0.7250000000000001,-0.30000000000000004,-0.9375,0.4625000000000057
-57944.38750000001,107056.05000000005,2242.550000000003,144346.3,2934.5,13383.924999999988,165174.65,-4154.887500000012,145810.525,-10681.575000000012,0.375,0.8875,2.0250000000000057,-0.037499999999999645,0.5999999999999996,0.5124999999999886,0.0375,0.11249999999999982,-0.2749999999999999,0.7,0.0625,0.4625000000000057
-53443.38750000001,103307.05000000005,2460.550000000003,146866.3,900.5,14590.924999999988,164302.65,-4323.887500000012,148484.525,-12200.575000000012,-0.625,-0.11250000000000004,-0.9749999999999943,-0.037499999999999645,0.5999999999999996,-0.48750000000001137,0.0375,0.11249999999999982,-0.2749999999999999,-0.30000000000000004,1.0625,0.4625000000000057
-49762.38750000001,95751.05000000005,2256.550000000003,144772.3,1185.5,16038.924999999988,163793.65,-4228.887500000012,147272.525,-13050.575000000012,0.375,0.8875,1.0250000000000057,-1.0374999999999996,0.5999999999999996,0.5124999999999886,-0.9625,0.11249999999999982,-0.2749999999999999,-0.30000000000000004,1.0625,0.4625000000000057
-45623.38750000001,92350.05000000005,2230.550000000003,141798.3,2280.5,16217.924999999988,163763.65,-4316.887500000012,146879.525,-14360.575000000012,0.375,0.8875,0.025000000000005684,-0.037499999999999645,0.5999999999999996,0.5124999999999886,0.0375,0.11249999999999982,-0.2749999999999999,0.7,0.0625,-1.5374999999999943
-42684.38750000001,88910.05000000005,2207.550000000003,142494.3,2134.5,15844.924999999988,163202.65,-4225.887500000012,147193.525,-14808.575000000012,0.375,0.8875,0.025000000000005684,-0.037499999999999645,0.5999999999999996,0.5124999999999886,0.0375,-0.8875000000000002,-0.2749999999999999,0.7,0.0625,0.4625000000000057
-40172.38750000001,85040.05000000005,2200.550000000003,146018.3,903.5,16097.924999999988,161471.65,-4091.8875000000116,148842.525,-15697.575000000012,-0.625,0.8875,0.025000000000005684,-2.0374999999999996,-0.40000000000000036,3.5124999999999886,0.0375,0.11249999999999982,0.7250000000000001,-1.3,0.0625,-0.5374999999999943
-32867.38750000001,80891.05000000005,2191.550000000003,147851.3,21.5,17693.92499999999,157635.65,-3872.8875000000116,149046.525,-16267.575000000012,1.375,0.8875,0.025000000000005684,0.9625000000000004,0.5999999999999996,-1.4875000000000114,0.0375,0.11249999999999982,-0.2749999999999999,-0.30000000000000004,0.0625,-0.5374999999999943
-27641.38750000001,75945.05000000005,1816.550000000003,147504.3,10.5,17287.92499999999,149534.65,-4052.8875000000116,147353.525,-16315.575000000012,-0.625,-0.11250000000000004,0.025000000000005684,-1.0374999999999996,-0.40000000000000036,0.5124999999999886,0.0375,0.11249999999999982,0.7250000000000001,-0.30000000000000004,0.0625,0.4625000000000057
-22385.38750000001,70253.05000000005,1074.550000000003,150050.3,-758.5,15234.924999999988,146141.65,-4681.887500000012,149150.525,-16016.575000000012,-1.625,-0.11250000000000004,0.025000000000005684,0.9625000000000004,0.5999999999999996,-0.48750000000001137,0.0375,0.11249999999999982,0.7250000000000001,0.7,0.0625,1.4625000000000057
-16540.38750000001,64907.05000000005,567.5500000000029,155376.3,-1969.5,15794.924999999988,142928.65,-4510.887500000012,154112.525,-14763.575000000012,0.375,-0.11250000000000004,0.025000000000005684,-0.037499999999999645,0.5999999999999996,0.5124999999999886,0.0375,0.11249999999999982,-0.2749999999999999,-0.30000000000000004,-0.9375,-0.5374999999999943
-12809.387500000012,61127.05000000005,279.5500000000029,157568.3,-1229.5,15693.924999999988,142096.65,-4439.887500000012,156536.525,-14537.575000000012,1.375,-0.11250000000000004,-1.9749999999999943,0.9625000000000004,-1.4000000000000004,-1.4875000000000114,0.0375,0.11249999999999982,0.7250000000000001,-0.30000000000000004,0.0625,0.4625000000000057
-13573.387500000012,60707.05000000005,245.5500000000029,156364.3,-122.5,14757.924999999988,142878.65,-4524.887500000012,152946.525,-14627.575000000012,0.375,-1.1125,0.025000000000005684,-0.037499999999999645,-0.40000000000000036,0.5124999999999886,0.0375,0.11249999999999982,0.7250000000000001,0.7,0.0625,0.4625000000000057
-16904.38750000001,67222.05000000005,20.55000000000291,155946.3,838.5,14699.924999999988,144377.65,-4400.887500000012,150072.525,-14816.575000000012,-0.625,-3.1125,0.025000000000005684,-0.037499999999999645,-2.4000000000000004,1.5124999999999886,0.0375,0.11249999999999982,-0.2749999999999999,0.7,-0.9375,-0.5374999999999943
-23313.38750000001,71114.05000000005,236.5500000000029,154684.3,1508.5,15120.924999999988,147166.65,-4339.887500000012,151396.525,-14500.575000000012,-0.625,0.8875,3.0250000000000057,0.9625000000000004,-2.4000000000000004,0.5124999999999886,0.0375,-0.8875000000000002,0.7250000000000001,1.7,-0.9375,-0.5374999999999943
-26722.38750000001,75069.05000000005,1157.550000000003,149059.3,2966.5,17730.92499999999,150200.65,-4175.887500000012,151051.525,-14208.575000000012,1.375,-3.1125,-1.9749999999999943,0.9625000000000004,-2.4000000000000004,0.5124999999999886,0.0375,0.11249999999999982,-0.2749999999999999,-0.30000000000000004,-0.9375,-0.5374999999999943
-30463.38750000001,78770.05000000005,1316.550000000003,142114.3,6475.5,19144.92499999999,154972.65,-4105.887500000012,149148.525,-14168.575000000012,1.375,-1.1125,-0.9749999999999943,1.9625000000000004,-1.4000000000000004,-1.4875000000000114,0.0375,0.11249999999999982,-0.2749999999999999,-0.30000000000000004,-0.9375,-0.5374999999999943
-34642.38750000001,82725.05000000005,1615.550000000003,139542.3,6453.5,19713.92499999999,156270.65,-3940.8875000000116,148238.525,-14229.575000000012,0.375,-0.11250000000000004,0.025000000000005684,-0.037499999999999645,-1.4000000000000004,1.5124999999999886,0.0375,-0.8875000000000002,-0.2749999999999999,1.7,0.0625,-0.5374999999999943
-37482.38750000001,85584.05000000005,1618.550000000003,141956.3,6077.5,19549.92499999999,157240.65,-3791.8875000000116,151055.525,-13830.575000000012,1.375,-1.1125,0.025000000000005684,0.9625000000000004,1.5999999999999996,-0.48750000000001137,0.0375,0.11249999999999982,0.7250000000000001,1.7,0.0625,-0.5374999999999943
-38497.38750000001,86837.05000000005,1623.550000000003,145280.3,5639.5,19021.92499999999,157764.65,-3847.8875000000116,150344.525,-13816.575000000012,0.375,0.8875,-0.9749999999999943,0.9625000000000004,-0.40000000000000036,0.5124999999999886,0.0375,0.11249999999999982,-1.275,0.7,0.0625,-0.5374999999999943
-38902.38750000001,87117.05000000005,1702.550000000003,142627.3,6147.5,18883.92499999999,157617.65,-3816.8875000000116,148524.525,-13749.575000000012,1.375,0.8875,0.025000000000005684,0.9625000000000004,-0.40000000000000036,0.5124999999999886,0.0375,-0.8875000000000002,0.7250000000000001,1.7,0.0625,-0.5374999999999943
-38899.38750000001,86942.05000000005,1957.550000000003,141117.3,6630.5,19344.92499999999,157047.65,-3688.8875000000116,147891.525,-13857.575000000012,1.375,0.8875,-0.9749999999999943,0.9625000000000004,0.5999999999999996,-0.48750000000001137,0.0375,0.11249999999999982,0.7250000000000001,1.7,0.0625,-0.5374999999999943
-35178.38750000001,84344.05000000005,2446.550000000003,144936.3,4087.5,20294.92499999999,154587.65,-3592.8875000000116,150053.525,-14117.575000000012,0.375,0.8875,1.0250000000000057,-0.037499999999999645,0.5999999999999996,0.5124999999999886,0.0375,0.11249999999999982,-0.2749999999999999,0.7,0.0625,-0.5374999999999943
-32866.38750000001,79734.05000000005,2433.550000000003,145882.3,3726.5,20615.92499999999,150373.65,-3303.8875000000116,146943.525,-15325.575000000012,0.375,0.8875,0.025000000000005684,-0.037499999999999645,1.5999999999999996,1.5124999999999886,0.0375,0.11249999999999982,-0.2749999999999999,-0.30000000000000004,0.0625,0.4625000000000057
-27064.38750000001,73195.05000000005,2072.550000000003,151623.3,1892.5,18231.92499999999,146188.65,-3515.8875000000116,148829.525,-15113.575000000012,-0.625,0.8875,0.025000000000005684,-0.037499999999999645,0.5999999999999996,0.5124999999999886,-0.9625,0.11249999999999982,-0.2749999999999999,-0.30000000000000004,0.0625,0.4625000000000057
-24001.38750000001,70223.05000000005,1713.550000000003,152639.3,1277.5,18316.92499999999,144327.65,-3586.8875000000116,151795.525,-14923.575000000012,0.375,-0.11250000000000004,0.025000000000005684,-0.037499999999999645,-0.40000000000000036,-0.48750000000001137,0.0375,-0.8875000000000002,-0.2749999999999999,-0.30000000000000004,0.0625,-0.5374999999999943
-21446.38750000001,68305.05000000005,1421.550000000003,152118.3,1150.5,17986.92499999999,143673.65,-3910.8875000000116,152660.525,-14754.575000000012,0.375,-0.11250000000000004,-0.9749999999999943,-0.037499999999999645,-0.40000000000000036,-0.48750000000001137,0.0375,0.11249999999999982,-0.2749999999999999,-0.30000000000000004,0.0625,-0.5374999999999943
-20767.38750000001,68410.05000000005,1356.550000000003,152022.3,1774.5,17583.92499999999,143650.65,-3793.8875000000116,150020.525,-15080.575000000012,0.375,-0.11250000000000004,-0.9749999999999943,-0.037499999999999645,-0.40000000000000036,-1.4875000000000114,0.0375,0.11249999999999982,-0.2749999999999999,-0.30000000000000004,0.0625,-0.5374999999999943
-23654.38750000001,69962.05000000005,1264.550000000003,152691.3,1842.5,17286.92499999999,144434.65,-3878.8875000000116,149851.525,-15273.575000000012,-0.625,-0.11250000000000004,0.025000000000005684,-0.037499999999999645,-1.4000000000000004,0.5124999999999886,0.0375,0.11249999999999982,-0.2749999999999999,-0.30000000000000004,-0.9375,-0.5374999999999943
-25811.38750000001,72305.05000000005,1434.550000000003,152369.3,2416.5,17121.92499999999,145890.65,-3941.8875000000116,149913.525,-15097.575000000012,-0.625,-0.11250000000000004,0.025000000000005684,-0.037499999999999645,-0.40000000000000036,-0.48750000000001137,0.0375,0.11249999999999982,-0.2749999999999999,-0.30000000000000004,0.0625,1.4625000000000057
-27781.38750000001,74969.05000000005,1577.550000000003,144906.3,3666.5,17731.92499999999,149591.65,-3962.8875000000116,149598.525,-14891.575000000012,-0.625,-0.11250000000000004,0.025000000000005684,-0.037499999999999645,-1.4000000000000004,-0.48750000000001137,-0.9625,0.11249999999999982,-0.2749999999999999,-0.30000000000000004,0.0625,-0.5374999999999943
-29914.38750000001,77312.05000000005,1547.550000000003,142561.3,4829.5,18728.92499999999,151082.65,-3831.8875000000116,149054.525,-14663.575000000012,-0.625,-0.11250000000000004,0.025000000000005684,-0.037499999999999645,-0.40000000000000036,-0.48750000000001137,0.0375,0.11249999999999982,-0.2749999999999999,-0.30000000000000004,0.0625,0.4625000000000057
-32323.38750000001,81752.05000000005,1611.550000000003,143243.3,5304.5,19434.92499999999,151948.65,-3724.8875000000116,149082.525,-14533.575000000012,0.375,-0.11250000000000004,0.025000000000005684,-0.037499999999999645,-0.40000000000000036,-0.48750000000001137,0.0375,0.11249999999999982,-0.2749999999999999,-0.30000000000000004,-0.9375,0.4625000000000057
-34354.38750000001,83179.05000000005,1657.550000000003,144716.3,5152.5,20005.92499999999,152138.65,-3593.8875000000116,149711.525,-14456.575000000012,0.375,-0.11250000000000004,0.025000000000005684,-0.037499999999999645,-1.4000000000000004,0.5124999999999886,0.0375,-0.8875000000000002,0.7250000000000001,-0.30000000000000004,-0.9375,-0.5374999999999943
-35502.38750000001,83641.05000000005,1859.550000000003,144798.3,5175.5,20606.92499999999,152144.65,-3713.8875000000116,148587.525,-14515.575000000012,0.375,-0.11250000000000004,-0.9749999999999943,0.9625000000000004,-0.40000000000000036,-0.48750000000001137,1.0375,-0.8875000000000002,0.7250000000000001,0.7,0.0625,-0.5374999999999943
-33458.38750000001,82139.05000000005,1863.550000000003,143292.3,5189.5,21262.92499999999,151356.65,-3538.8875000000116,148369.525,-14567.575000000012,1.375,0.8875,1.0250000000000057,0.9625000000000004,-0.40000000000000036,-0.48750000000001137,0.0375,0.11249999999999982,0.7250000000000001,0.7,1.0625,0.4625000000000057
-31764.38750000001,80424.05000000005,1848.550000000003,144964.3,4677.5,20940.92499999999,150491.65,-3561.8875000000116,149457.525,-14423.575000000012,0.375,-0.11250000000000004,-0.9749999999999943,-0.037499999999999645,-0.40000000000000036,0.5124999999999886,0.0375,0.11249999999999982,0.7250000000000001,0.7,0.0625,-0.5374999999999943
-30275.38750000001,78620.05000000005,1839.550000000003,146531.3,3877.5,20290.92499999999,147657.65,-3571.8875000000116,149350.525,-14418.575000000012,0.375,-0.11250000000000004,0.025000000000005684,0.9625000000000004,0.5999999999999996,0.5124999999999886,0.0375,-0.8875000000000002,-0.2749999999999999,0.7,0.0625,-0.5374999999999943
-29016.38750000001,76774.05000000005,1817.550000000003,148232.3,2594.5,19651.92499999999,145951.65,-3622.8875000000116,149535.525,-14693.575000000012,1.375,-0.11250000000000004,0.025000000000005684,0.9625000000000004,0.5999999999999996,0.5124999999999886,0.0375,0.11249999999999982,0.7250000000000001,0.7,0.0625,-0.5374999999999943
-27023.38750000001,74662.05000000005,1709.550000000003,150369.3,1970.5,19159.92499999999,144281.65,-3620.8875000000116,150541.525,-14732.575000000012,0.375,-0.11250000000000004,1.0250000000000057,0.9625000000000004,-0.40000000000000036,0.5124999999999886,0.0375,0.11249999999999982,-0.2749999999999999,0.7,-0.9375,-0.5374999999999943
-24494.38750000001,72184.05000000005,1552.550000000003,151628.3,1380.5,19342.92499999999,143156.65,-3961.8875000000116,151349.525,-14666.575000000012,0.375,-0.11250000000000004,0.025000000000005684,-0.037499999999999645,0.5999999999999996,-0.48750000000001137,0.0375,0.11249999999999982,-0.2749999999999999,0.7,1.0625,0.4625000000000057
-22916.38750000001,69982.05000000005,1450.550000000003,151793.3,1445.5,18764.92499999999,142712.65,-4042.8875000000116,150915.525,-14805.575000000012,0.375,0.8875,0.025000000000005684,-0.037499999999999645,0.5999999999999996,-0.48750000000001137,-0.9625,0.11249999999999982,-0.2749999999999999,-0.30000000000000004,0.0625,-0.5374999999999943
-24331.38750000001,71399.05000000005,1432.550000000003,151755.3,1652.5,18362.92499999999,143201.65,-3878.8875000000116,150196.525,-14958.575000000012,0.375,0.8875,0.025000000000005684,0.9625000000000004,-0.40000000000000036,0.5124999999999886,0.0375,0.11249999999999982,-0.2749999999999999,0.7,0.0625,1.4625000000000057
-25929.38750000001,73146.05000000005,1678.550000000003,151207.3,1793.5,18217.92499999999,143964.65,-3747.8875000000116,150071.525,-15041.575000000012,0.375,-0.11250000000000004,0.025000000000005684,-0.037499999999999645,0.5999999999999996,0.5124999999999886,0.0375,0.11249999999999982,-0.2749999999999999,0.7,0.0625,0.4625000000000057
-27450.38750000001,74991.05000000005,1771.550000000003,149446.3,2862.5,18277.92499999999,144899.65,-3704.8875000000116,149603.525,-15012.575000000012,-0.625,-0.11250000000000004,1.0250000000000057,0.9625000000000004,0.5999999999999996,-0.48750000000001137,0.0375,0.11249999999999982,0.7250000000000001,-0.30000000000000004,0.0625,-0.5374999999999943
-30438.38750000001,78724.05000000005,1924.550000000003,144899.3,4347.5,19255.92499999999,148587.65,-3692.8875000000116,148346.525,-14995.575000000012,-0.625,0.8875,-0.9749999999999943,0.9625000000000004,-0.40000000000000036,0.5124999999999886,0.0375,0.11249999999999982,-0.2749999999999999,-0.30000000000000004,0.0625,-0.5374999999999943
-32137.38750000001,80452.05000000005,2009.550000000003,144294.3,4516.5,19945.92499999999,148958.65,-3682.8875000000116,148646.525,-14884.575000000012,0.375,-0.11250000000000004,-0.9749999999999943,-0.037499999999999645,0.5999999999999996,-0.48750000000001137,0.0375,-0.8875000000000002,-0.2749999999999999,-0.30000000000000004,0.0625,0.4625000000000057
-33548.38750000001,81512.05000000005,1857.550000000003,144593.3,4641.5,20299.92499999999,149350.65,-3709.8875000000116,149086.525,-14828.575000000012,0.375,-0.11250000000000004,0.025000000000005684,0.9625000000000004,-0.40000000000000036,-0.48750000000001137,0.0375,-0.8875000000000002,-0.2749999999999999,-0.30000000000000004,0.0625,0.4625000000000057
-33960.38750000001,81884.05000000005,1879.550000000003,144663.3,4667.5,20605.92499999999,149164.65,-3484.8875000000116,148584.525,-14995.575000000012,0.375,-0.11250000000000004,-0.9749999999999943,-0.037499999999999645,-0.40000000000000036,0.5124999999999886,0.0375,0.11249999999999982,0.7250000000000001,-0.30000000000000004,0.0625,-0.5374999999999943
-32866.38750000001,81596.05000000005,1938.550000000003,144496.3,4753.5,20657.92499999999,148787.65,-3415.8875000000116,148498.525,-15062.575000000012,0.375,0.8875,0.025000000000005684,-0.037499999999999645,-0.40000000000000036,-0.48750000000001137,0.0375,0.11249999999999982,-0.2749999999999999,0.7,-0.9375,0.4625000000000057
-31766.38750000001,80709.05000000005,1903.550000000003,144990.3,4212.5,20502.92499999999,148218.65,-3588.8875000000116,148941.525,-15092.575000000012,-0.625,-0.11250000000000004,-0.9749999999999943,-0.037499999999999645,-0.40000000000000036,-0.48750000000001137,0.0375,1.1124999999999998,0.7250000000000001,0.7,-0.9375,0.4625000000000057
-30534.38750000001,78092.05000000005,1968.550000000003,145421.3,3664.5,20019.92499999999,147291.65,-3618.8875000000116,149540.525,-14988.575000000012,-0.625,-0.11250000000000004,0.025000000000005684,-1.0374999999999996,0.5999999999999996,-0.48750000000001137,0.0375,0.11249999999999982,-0.2749999999999999,-0.30000000000000004,0.0625,-0.5374999999999943
-28443.38750000001,75347.05000000005,1849.550000000003,147714.3,2811.5,19560.92499999999,144270.65,-3660.8875000000116,150867.525,-15046.575000000012,-0.625,0.8875,0.025000000000005684,-0.037499999999999645,0.5999999999999996,0.5124999999999886,0.0375,0.11249999999999982,0.7250000000000001,-0.30000000000000004,0.0625,-0.5374999999999943
-27012.38750000001,74039.05000000005,1568.550000000003,149391.3,2434.5,19614.92499999999,143412.65,-3741.8875000000116,150916.525,-15115.575000000012,0.375,-0.11250000000000004,-0.9749999999999943,-0.037499999999999645,-0.40000000000000036,0.5124999999999886,0.0375,0.11249999999999982,-0.2749999999999999,-0.30000000000000004,0.0625,-0.5374999999999943
-26230.38750000001,73544.05000000005,1494.550000000003,150127.3,2208.5,19551.92499999999,143181.65,-3760.8875000000116,150342.525,-15077.575000000012,0.375,-0.11250000000000004,0.025000000000005684,0.9625000000000004,-0.40000000000000036,-0.48750000000001137,0.0375,0.11249999999999982,-0.2749999999999999,-0.30000000000000004,0.0625,0.4625000000000057
-26130.38750000001,73675.05000000005,1651.550000000003,148655.3,2377.5,19335.92499999999,143336.65,-3653.8875000000116,149937.525,-14855.575000000012,0.375,-0.11250000000000004,-0.9749999999999943,0.9625000000000004,-0.40000000000000036,0.5124999999999886,0.0375,0.11249999999999982,-0.2749999999999999,0.7,0.0625,0.4625000000000057
-27396.38750000001,74298.05000000005,1669.550000000003,148197.3,2676.5,19176.92499999999,143920.65,-3755.8875000000116,150041.525,-14705.575000000012,0.375,-0.11250000000000004,0.025000000000005684,0.9625000000000004,-0.40000000000000036,-0.48750000000001137,0.0375,0.11249999999999982,-0.2749999999999999,0.7,0.0625,-0.5374999999999943
-28503.38750000001,75449.05000000005,1618.550000000003,148010.3,2916.5,19559.92499999999,144722.65,-3630.8875000000116,150369.525,-14766.575000000012,1.375,-0.11250000000000004,-0.9749999999999943,0.9625000000000004,-0.40000000000000036,-0.48750000000001137,0.0375,0.11249999999999982,0.7250000000000001,0.7,0.0625,-0.5374999999999943
-29491.38750000001,76721.05000000005,1740.550000000003,147345.3,3286.5,19749.92499999999,145492.65,-3675.8875000000116,149310.525,-14810.575000000012,1.375,-0.11250000000000004,0.025000000000005684,0.9625000000000004,-0.40000000000000036,-0.48750000000001137,0.0375,0.11249999999999982,-0.2749999999999999,0.7,0.0625,-0.5374999999999943
-30742.38750000001,78903.05000000005,1918.550000000003,145610.3,4088.5,20112.92499999999,146202.65,-3725.8875000000116,148147.525,-14774.575000000012,0.375,-0.11250000000000004,0.025000000000005684,0.9625000000000004,-0.40000000000000036,0.5124999999999886,0.0375,0.11249999999999982,-0.2749999999999999,0.7,0.0625,1.4625000000000057
-30725.38750000001,78748.05000000005,1793.550000000003,145356.3,3951.5,20247.92499999999,146127.65,-3716.8875000000116,148507.525,-14808.575000000012,0.375,-0.11250000000000004,0.025000000000005684,0.9625000000000004,-0.40000000000000036,0.5124999999999886,0.0375,0.11249999999999982,-0.2749999999999999,0.7,0.0625,-0.5374999999999943
-30480.38750000001,78218.05000000005,1777.550000000003,146020.3,3688.5,20451.92499999999,145790.65,-3615.8875000000116,148710.525,-15002.575000000012,0.375,-0.11250000000000004,-0.9749999999999943,-0.037499999999999645,0.5999999999999996,-0.48750000000001137,0.0375,-0.8875000000000002,-0.2749999999999999,-0.30000000000000004,0.0625,-0.5374999999999943
-29687.38750000001,77619.05000000005,1757.550000000003,146866.3,3415.5,20349.92499999999,145128.65,-3592.8875000000116,148794.525,-15083.575000000012,0.375,-0.11250000000000004,0.025000000000005684,-0.037499999999999645,-0.40000000000000036,-0.48750000000001137,0.0375,0.11249999999999982,-0.2749999999999999,0.7,0.0625,-0.5374999999999943
-29160.38750000001,76782.05000000005,1746.550000000003,147838.3,3017.5,20017.92499999999,144479.65,-3582.8875000000116,149115.525,-15065.575000000012,0.375,0.8875,0.025000000000005684,-0.037499999999999645,-0.40000000000000036,0.5124999999999886,0.0375,-0.8875000000000002,-0.2749999999999999,0.7,0.0625,-0.5374999999999943
-28434.38750000001,76010.05000000005,1620.550000000003,148238.3,2674.5,19826.92499999999,143922.65,-3588.8875000000116,149306.525,-15155.575000000012,-0.625,-0.11250000000000004,0.025000000000005684,-0.037499999999999645,-0.40000000000000036,-0.48750000000001137,0.0375,0.11249999999999982,0.7250000000000001,-0.30000000000000004,0.0625,0.4625000000000057
-27777.38750000001,75323.05000000005,1613.550000000003,148175.3,2504.5,19999.92499999999,143450.65,-3621.8875000000116,149564.525,-15154.575000000012,0.375,0.8875,0.025000000000005684,-0.037499999999999645,1.5999999999999996,0.5124999999999886,0.0375,0.11249999999999982,-0.2749999999999999,0.7,0.0625,-0.5374999999999943
-27671.38750000001,75114.05000000005,1784.550000000003,148085.3,2803.5,19973.92499999999,143236.65,-3581.8875000000116,149854.525,-15184.575000000012,-0.625,-0.11250000000000004,1.0250000000000057,-0.037499999999999645,0.5999999999999996,0.5124999999999886,0.0375,0.11249999999999982,-0.2749999999999999,0.7,0.0625,0.4625000000000057
-28031.38750000001,75472.05000000005,1888.550000000003,148178.3,2860.5,19741.92499999999,143767.65,-3471.8875000000116,150112.525,-15176.575000000012,0.375,-0.11250000000000004,1.0250000000000057,0.9625000000000004,0.5999999999999996,-0.48750000000001137,0.0375,0.11249999999999982,-0.2749999999999999,0.7,0.0625,-0.5374999999999943
-28882.38750000001,76157.05000000005,1872.550000000003,147970.3,2935.5,19646.92499999999,144065.65,-3529.8875000000116,149522.525,-15133.575000000012,0.375,0.8875,-0.9749999999999943,0.9625000000000004,-0.40000000000000036,-0.48750000000001137,0.0375,-0.8875000000000002,-0.2749999999999999,0.7,0.0625,-0.5374999999999943
-30385.38750000001,78080.05000000005,1783.550000000003,146155.3,3480.5,19955.92499999999,145011.65,-3576.8875000000116,148770.525,-15203.575000000012,-0.625,-0.11250000000000004,0.025000000000005684,-0.037499999999999645,-0.40000000000000036,-0.48750000000001137,0.0375,0.11249999999999982,-0.2749999999999999,-0.30000000000000004,0.0625,-0.5374999999999943
-30582.38750000001,78380.05000000005,1719.550000000003,145720.3,3627.5,20277.92499999999,145301.65,-3658.8875000000116,148673.525,-14977.575000000012,0.375,-0.11250000000000004,0.025000000000005684,-0.037499999999999645,-0.40000000000000036,0.5124999999999886,0.0375,0.11249999999999982,-0.2749999999999999,-0.30000000000000004,-0.9375,0.4625000000000057
-30796.38750000001,78649.05000000005,1896.550000000003,145804.3,3699.5,20257.92499999999,145436.65,-3631.8875000000116,148652.525,-15050.575000000012,0.375,-0.11250000000000004,1.0250000000000057,0.9625000000000004,-0.40000000000000036,0.5124999999999886,0.0375,0.11249999999999982,0.7250000000000001,-0.30000000000000004,-0.9375,0.4625000000000057
-30844.38750000001,78479.05000000005,1947.550000000003,145996.3,3594.5,20191.92499999999,145363.65,-3605.8875000000116,148367.525,-14981.575000000012,-0.625,-0.11250000000000004,0.025000000000005684,0.9625000000000004,-0.40000000000000036,-0.48750000000001137,0.0375,0.11249999999999982,-1.275,-0.30000000000000004,0.0625,0.4625000000000057
-29883.38750000001,77338.05000000005,1713.550000000003,146722.3,3332.5,20384.92499999999,144043.65,-3639.8875000000116,148620.525,-15121.575000000012,0.375,-0.11250000000000004,0.025000000000005684,0.9625000000000004,0.5999999999999996,0.5124999999999886,0.0375,0.11249999999999982,-0.2749999999999999,0.7,0.0625,0.4625000000000057
-29283.38750000001,76448.05000000005,1698.550000000003,146809.3,3087.5,20330.92499999999,143715.65,-3633.8875000000116,148836.525,-15092.575000000012,0.375,-0.11250000000000004,0.025000000000005684,-0.037499999999999645,-1.4000000000000004,0.5124999999999886,0.0375,0.11249999999999982,-0.2749999999999999,0.7,0.0625,-0.5374999999999943
-28754.38750000001,75944.05000000005,1606.550000000003,146974.3,3011.5,20292.92499999999,143298.65,-3616.8875000000116,149051.525,-15062.575000000012,0.375,-0.11250000000000004,-0.9749999999999943,-0.037499999999999645,-1.4000000000000004,-0.48750000000001137,0.0375,0.11249999999999982,-0.2749999999999999,-0.30000000000000004,0.0625,0.4625000000000057
-28505.38750000001,75724.05000000005,1504.550000000003,147410.3,2823.5,20368.92499999999,143036.65,-3654.8875000000116,149180.525,-15234.575000000012,0.375,-0.11250000000000004,0.025000000000005684,-0.037499999999999645,-0.40000000000000036,0.5124999999999886,0.0375,0.11249999999999982,-0.2749999999999999,0.7,0.0625,0.4625000000000057
-28625.38750000001,75568.05000000005,1680.550000000003,147740.3,2665.5,20348.92499999999,143104.65,-3559.8875000000116,149323.525,-15158.575000000012,0.375,-0.11250000000000004,0.025000000000005684,0.9625000000000004,-0.40000000000000036,0.5124999999999886,0.0375,0.11249999999999982,-0.2749999999999999,0.7,0.0625,0.4625000000000057
-28722.38750000001,75988.05000000005,1595.550000000003,147489.3,2849.5,20575.92499999999,143386.65,-3482.8875000000116,149125.525,-15058.575000000012,0.375,-0.11250000000000004,0.025000000000005684,1.9625000000000004,-0.40000000000000036,-1.4875000000000114,0.0375,0.11249999999999982,-0.2749999999999999,0.7,0.0625,0.4625000000000057
-28940.38750000001,76351.05000000005,1647.550000000003,146723.3,3207.5,20558.92499999999,143474.65,-3584.8875000000116,148841.525,-15022.575000000012,1.375,-0.11250000000000004,0.025000000000005684,-0.037499999999999645,0.5999999999999996,-0.48750000000001137,-0.9625,0.11249999999999982,0.7250000000000001,1.7,0.0625,-0.5374999999999943
-29167.38750000001,76825.05000000005,1701.550000000003,146088.3,3204.5,20560.92499999999,143534.65,-3634.8875000000116,148750.525,-15082.575000000012,0.375,-0.11250000000000004,0.025000000000005684,-0.037499999999999645,0.5999999999999996,0.5124999999999886,0.0375,-0.8875000000000002,0.7250000000000001,0.7,0.0625,-0.5374999999999943
-29588.38750000001,77194.05000000005,1817.550000000003,146218.3,3216.5,20644.92499999999,143794.65,-3549.8875000000116,148563.525,-15077.575000000012,0.375,0.8875,0.025000000000005684,0.9625000000000004,0.5999999999999996,0.5124999999999886,0.0375,0.11249999999999982,-0.2749999999999999,0.7,0.0625,0.4625000000000057
-29870.38750000001,77474.05000000005,1801.550000000003,146239.3,3035.5,20680.92499999999,143633.65,-3520.8875000000116,148318.525,-15061.575000000012,0.375,-0.11250000000000004,0.025000000000005684,-0.037499999999999645,0.5999999999999996,-1.4875000000000114,0.0375,0.11249999999999982,-0.2749999999999999,0.7,0.0625,0.4625000000000057
-30007.38750000001,77401.05000000005,1819.550000000003,146444.3,2981.5,20645.92499999999,143502.65,-3593.8875000000116,148166.525,-15237.575000000012,0.375,-0.11250000000000004,0.025000000000005684,-0.037499999999999645,0.5999999999999996,-0.48750000000001137,0.0375,0.11249999999999982,-0.2749999999999999,0.7,0.0625,0.4625000000000057
-29732.38750000001,77222.05000000005,1858.550000000003,146456.3,2928.5,20806.92499999999,143266.65,-3539.8875000000116,148441.525,-15207.575000000012,0.375,-0.11250000000000004,0.025000000000005684,-0.037499999999999645,0.5999999999999996,-0.48750000000001137,0.0375,0.11249999999999982,-0.2749999999999999,-0.30000000000000004,0.0625,-0.5374999999999943
-29418.38750000001,76877.05000000005,1921.550000000003,146550.3,2929.5,20632.92499999999,143112.65,-3581.8875000000116,148547.525,-15234.575000000012,0.375,-0.11250000000000004,1.0250000000000057,-0.037499999999999645,0.5999999999999996,-0.48750000000001137,0.0375,0.11249999999999982,-0.2749999999999999,0.7,0.0625,0.4625000000000057
-29368.38750000001,76650.05000000005,1606.550000000003,146724.3,2929.5,20617.92499999999,142921.65,-3647.8875000000116,148633.525,-15225.575000000012,0.375,-0.11250000000000004,0.025000000000005684,-0.037499999999999645,-0.40000000000000036,0.5124999999999886,0.0375,0.11249999999999982,-0.2749999999999999,-0.30000000000000004,1.0625,0.4625000000000057
-29495.38750000001,76681.05000000005,1595.550000000003,146881.3,2978.5,20577.92499999999,142735.65,-3575.8875000000116,148848.525,-15274.575000000012,0.375,-0.11250000000000004,0.025000000000005684,-0.037499999999999645,-0.40000000000000036,-0.48750000000001137,0.0375,0.11249999999999982,-0.2749999999999999,-0.30000000000000004,0.0625,-0.5374999999999943
-29458.38750000001,76768.05000000005,1763.550000000003,146804.3,2958.5,20471.92499999999,142600.65,-3591.8875000000116,149016.525,-15399.575000000012,0.375,-0.11250000000000004,0.025000000000005684,-0.037499999999999645,-0.40000000000000036,-0.48750000000001137,0.0375,0.11249999999999982,0.7250000000000001,0.7,0.0625,-0.5374999999999943
-29311.38750000001,76777.05000000005,1776.550000000003,146628.3,3144.5,20583.92499999999,142697.65,-3556.8875000000116,149073.525,-15219.575000000012,0.375,0.8875,0.025000000000005684,0.9625000000000004,-0.40000000000000036,-0.48750000000001137,0.0375,0.11249999999999982,-0.2749999999999999,-1.3,-0.9375,0.4625000000000057
-29414.38750000001,76923.05000000005,1707.550000000003,146393.3,3287.5,20639.92499999999,142877.65,-3720.8875000000116,149132.525,-15265.575000000012,0.375,-0.11250000000000004,-0.9749999999999943,-0.037499999999999645,-0.40000000000000036,-0.48750000000001137,0.0375,0.11249999999999982,-0.2749999999999999,-0.30000000000000004,0.0625,-1.5374999999999943
-29753.38750000001,77122.05000000005,1615.550000000003,146171.3,3376.5,20599.92499999999,143019.65,-3625.8875000000116,149212.525,-15310.575000000012,-0.625,-0.11250000000000004,0.025000000000005684,-0.037499999999999645,-0.40000000000000036,0.5124999999999886,0.0375,0.11249999999999982,-0.2749999999999999,-0.30000000000000004,0.0625,-0.5374999999999943
-29984.38750000001,77268.05000000005,1577.550000000003,146081.3,3299.5,20640.92499999999,142885.65,-3524.8875000000116,149311.525,-15235.575000000012,0.375,-0.11250000000000004,-0.9749999999999943,-0.037499999999999645,-1.4000000000000004,-0.48750000000001137,0.0375,0.11249999999999982,-0.2749999999999999,-0.30000000000000004,-0.9375,0.4625000000000057
-30036.38750000001,77344.05000000005,1610.550000000003,146169.3,3303.5,20712.92499999999,142854.65,-3564.8875000000116,149447.525,-15180.575000000012,-0.625,-0.11250000000000004,0.025000000000005684,-0.037499999999999645,-0.40000000000000036,-0.48750000000001137,0.0375,0.11249999999999982,-0.2749999999999999,0.7,0.0625,0.4625000000000057
-30093.38750000001,77428.05000000005,1546.550000000003,146298.3,3232.5,20615.92499999999,142869.65,-3698.8875000000116,149388.525,-15234.575000000012,0.375,-0.11250000000000004,0.025000000000005684,-0.037499999999999645,-0.40000000000000036,0.5124999999999886,0.0375,0.11249999999999982,-0.2749999999999999,-0.30000000000000004,0.0625,-0.5374999999999943
-30088.38750000001,77602.05000000005,1735.550000000003,146463.3,3190.5,20740.92499999999,142899.65,-3612.8875000000116,149240.525,-15347.575000000012,0.375,-0.11250000000000004,1.0250000000000057,0.9625000000000004,-0.40000000000000036,0.5124999999999886,0.0375,-0.8875000000000002,-0.2749999999999999,-0.30000000000000004,0.0625,0.4625000000000057
-29868.38750000001,77399.05000000005,1789.550000000003,146648.3,3115.5,20695.92499999999,142543.65,-3760.8875000000116,149301.525,-15350.575000000012,-0.625,0.8875,0.025000000000005684,0.9625000000000004,-0.40000000000000036,0.5124999999999886,0.0375,0.11249999999999982,-0.2749999999999999,-0.30000000000000004,0.0625,0.4625000000000057
-29810.38750000001,77196.05000000005,1842.550000000003,146697.3,3125.5,20585.92499999999,142383.65,-3691.8875000000116,149402.525,-15193.575000000012,0.375,-0.11250000000000004,0.025000000000005684,-0.037499999999999645,-0.40000000000000036,0.5124999999999886,0.0375,0.11249999999999982,-0.2749999999999999,-0.30000000000000004,0.0625,0.4625000000000057
-29881.38750000001,77032.05000000005,1728.550000000003,146759.3,3020.5,20712.92499999999,142282.65,-3659.8875000000116,149519.525,-15091.575000000012,0.375,0.8875,0.025000000000005684,-0.037499999999999645,-0.40000000000000036,0.5124999999999886,-0.9625,0.11249999999999982,-0.2749999999999999,0.7,0.0625,-0.5374999999999943
-29819.38750000001,76962.05000000005,1705.550000000003,146867.3,2879.5,20956.92499999999,142216.65,-3625.8875000000116,149355.525,-15228.575000000012,0.375,0.8875,0.025000000000005684,-0.037499999999999645,-0.40000000000000036,-0.48750000000001137,0.0375,0.11249999999999982,0.7250000000000001,0.7,0.0625,0.4625000000000057
-29817.38750000001,76861.05000000005,1796.550000000003,147003.3,2814.5,21019.92499999999,142101.65,-3532.8875000000116,149329.525,-15296.575000000012,1.375,-0.11250000000000004,0.025000000000005684,0.9625000000000004,-0.40000000000000036,-0.48750000000001137,0.0375,0.11249999999999982,-0.2749999999999999,0.7,0.0625,0.4625000000000057
-29666.38750000001,76633.05000000005,1802.550000000003,147094.3,2788.5,20798.92499999999,141986.65,-3674.8875000000116,149283.525,-15257.575000000012,0.375,0.8875,0.025000000000005684,-0.037499999999999645,0.5999999999999996,-0.48750000000001137,0.0375,0.11249999999999982,0.7250000000000001,0.7,0.0625,-0.5374999999999943
-29518.38750000001,76456.05000000005,1680.550000000003,147213.3,2572.5,20668.92499999999,142023.65,-3645.8875000000116,149351.525,-15144.575000000012,0.375,-0.11250000000000004,-0.9749999999999943,-0.037499999999999645,-0.40000000000000036,-0.48750000000001137,-0.9625,1.1124999999999998,0.7250000000000001,-0.30000000000000004,0.0625,0.4625000000000057
-29726.38750000001,76872.05000000005,1684.550000000003,147048.3,2807.5,21090.92499999999,142082.65,-3519.8875000000116,149487.525,-15311.575000000012,0.375,-0.11250000000000004,-0.9749999999999943,0.9625000000000004,0.5999999999999996,-0.48750000000001137,0.0375,0.11249999999999982,-0.2749999999999999,-0.30000000000000004,0.0625,-0.5374999999999943
-29748.38750000001,76780.05000000005,1793.550000000003,147086.3,2914.5,21115.92499999999,141761.65,-3533.8875000000116,149656.525,-15327.575000000012,1.375,-0.11250000000000004,0.025000000000005684,0.9625000000000004,0.5999999999999996,0.5124999999999886,0.0375,0.11249999999999982,-0.2749999999999999,-0.30000000000000004,0.0625,-0.5374999999999943
-29845.38750000001,76757.05000000005,1781.550000000003,147193.3,2940.5,20967.92499999999,141739.65,-3517.8875000000116,149533.525,-15269.575000000012,0.375,-0.11250000000000004,-0.9749999999999943,0.9625000000000004,-0.40000000000000036,-1.4875000000000114,0.0375,0.11249999999999982,-0.2749999999999999,-0.30000000000000004,0.0625,1.4625000000000057
-29961.38750000001,76844.05000000005,1876.550000000003,147167.3,2902.5,20935.92499999999,141863.65,-3431.8875000000116,149501.525,-15309.575000000012,0.375,-0.11250000000000004,0.025000000000005684,-0.037499999999999645,0.5999999999999996,0.5124999999999886,0.0375,0.11249999999999982,0.7250000000000001,-0.30000000000000004,0.0625,0.4625000000000057
-29884.38750000001,76944.05000000005,1890.550000000003,146891.3,2867.5,20899.92499999999,142059.65,-3399.8875000000116,149490.525,-15345.575000000012,0.375,-0.11250000000000004,0.025000000000005684,-0.037499999999999645,0.5999999999999996,-0.48750000000001137,0.0375,0.11249999999999982,-0.2749999999999999,0.7,0.0625,0.4625000000000057
-29967.38750000001,77054.05000000005,1766.550000000003,146799.3,2908.5,20977.92499999999,142110.65,-3347.8875000000116,149651.525,-15329.575000000012,-0.625,-0.11250000000000004,0.025000000000005684,0.9625000000000004,0.5999999999999996,0.5124999999999886,0.0375,0.11249999999999982,-0.2749999999999999,0.7,0.0625,0.4625000000000057
-30219.38750000001,77326.05000000005,1750.550000000003,146944.3,2942.5,20863.92499999999,141927.65,-3396.8875000000116,149732.525,-15376.575000000012,0.375,-0.11250000000000004,-0.9749999999999943,-0.037499999999999645,-0.40000000000000036,-0.48750000000001137,0.0375,0.11249999999999982,-0.2749999999999999,-0.30000000000000004,0.0625,-0.5374999999999943
-30301.38750000001,77368.05000000005,1839.550000000003,146822.3,2996.5,20793.92499999999,141886.65,-3659.8875000000116,149849.525,-15325.575000000012,-0.625,-0.11250000000000004,0.025000000000005684,-0.037499999999999645,-0.40000000000000036,0.5124999999999886,0.0375,0.11249999999999982,-0.2749999999999999,-0.30000000000000004,0.0625,-0.5374999999999943
-30388.38750000001,77480.05000000005,1825.550000000003,146597.3,3138.5,20761.92499999999,141918.65,-3518.8875000000116,149884.525,-15180.575000000012,-0.625,-0.11250000000000004,0.025000000000005684,-0.037499999999999645,-0.40000000000000036,0.5124999999999886,0.0375,0.11249999999999982,-0.2749999999999999,-0.30000000000000004,0.0625,-0.5374999999999943
-30362.38750000001,77560.05000000005,1662.550000000003,146352.3,3231.5,20961.92499999999,141996.65,-3602.8875000000116,149849.525,-15220.575000000012,-0.625,-0.11250000000000004,1.0250000000000057,0.9625000000000004,-0.40000000000000036,-0.48750000000001137,0.0375,-0.8875000000000002,0.7250000000000001,0.7,0.0625,-0.5374999999999943
-30157.38750000001,77493.05000000005,1585.550000000003,146322.3,3233.5,20988.92499999999,142078.65,-3565.8875000000116,150033.525,-15251.575000000012,-0.625,-0.11250000000000004,0.025000000000005684,-0.037499999999999645,-0.40000000000000036,-0.48750000000001137,0.0375,0.11249999999999982,0.7250000000000001,0.7,0.0625,-0.5374999999999943
-30225.38750000001,77443.05000000005,1692.550000000003,146502.3,3188.5,21031.92499999999,141963.65,-3511.8875000000116,150230.525,-15067.575000000012,0.375,-0.11250000000000004,0.025000000000005684,-0.037499999999999645,0.5999999999999996,-0.48750000000001137,0.0375,0.11249999999999982,-0.2749999999999999,-0.30000000000000004,0.0625,-0.5374999999999943
-30210.38750000001,77249.05000000005,1737.550000000003,146739.3,3075.5,20930.92499999999,141756.65,-3553.8875000000116,150309.525,-15240.575000000012,0.375,-0.11250000000000004,-0.9749999999999943,-0.037499999999999645,-0.40000000000000036,-0.48750000000001137,0.0375,-0.8875000000000002,-0.2749999999999999,-0.30000000000000004,0.0625,0.4625000000000057
-30092.38750000001,77043.05000000005,1654.550000000003,146687.3,3056.5,20917.92499999999,141536.65,-3669.8875000000116,150120.525,-15318.575000000012,0.375,-0.11250000000000004,0.025000000000005684,-0.037499999999999645,-0.40000000000000036,0.5124999999999886,0.0375,0.11249999999999982,0.7250000000000001,-0.30000000000000004,0.0625,0.4625000000000057
-29970.38750000001,76865.05000000005,1609.550000000003,146751.3,3049.5,20910.92499999999,141422.65,-3603.8875000000116,149949.525,-15406.575000000012,0.375,0.8875,0.025000000000005684,-0.037499999999999645,0.5999999999999996,0.5124999999999886,0.0375,0.11249999999999982,-1.275,-0.30000000000000004,0.0625,0.4625000000000057
-30029.38750000001,77174.05000000005,1645.550000000003,146922.3,2953.5,21183.92499999999,141491.65,-3526.8875000000116,150011.525,-15393.575000000012,0.375,-0.11250000000000004,0.025000000000005684,-0.037499999999999645,0.5999999999999996,0.5124999999999886,0.0375,0.11249999999999982,-0.2749999999999999,-0.30000000000000004,1.0625,1.4625000000000057
-30201.38750000001,77201.05000000005,1705.550000000003,146849.3,2943.5,21104.92499999999,141482.65,-3458.8875000000116,149944.525,-15368.575000000012,0.375,0.8875,0.025000000000005684,-0.037499999999999645,0.5999999999999996,0.5124999999999886,0.0375,-0.8875000000000002,-0.2749999999999999,0.7,0.0625,-0.5374999999999943
-30627.38750000001,77514.05000000005,1826.550000000003,146929.3,2965.5,21205.92499999999,141480.65,-3552.8875000000116,149611.525,-15153.575000000012,-0.625,-0.11250000000000004,0.025000000000005684,0.9625000000000004,-0.40000000000000036,0.5124999999999886,0.0375,0.11249999999999982,-0.2749999999999999,-0.30000000000000004,0.0625,-0.5374999999999943
-30555.38750000001,77503.05000000005,1863.550000000003,146873.3,3002.5,21249.92499999999,141445.65,-3507.8875000000116,149543.525,-15156.575000000012,0.375,-0.11250000000000004,0.025000000000005684,-0.037499999999999645,0.5999999999999996,0.5124999999999886,0.0375,0.11249999999999982,-0.2749999999999999,0.7,0.0625,-0.5374999999999943
-30418.38750000001,77395.05000000005,1861.550000000003,146799.3,2965.5,21145.92499999999,141379.65,-3461.8875000000116,149562.525,-15014.575000000012,0.375,-0.11250000000000004,-0.9749999999999943,-0.037499999999999645,-0.40000000000000036,0.5124999999999886,0.0375,0.11249999999999982,0.7250000000000001,0.7,0.0625,-1.5374999999999943
-30343.38750000001,77236.05000000005,1728.550000000003,146796.3,2861.5,21042.92499999999,141171.65,-3465.8875000000116,149695.525,-15020.575000000012,1.375,-0.11250000000000004,1.0250000000000057,-0.037499999999999645,0.5999999999999996,0.5124999999999886,0.0375,-0.8875000000000002,-0.2749999999999999,-0.30000000000000004,0.0625,-0.5374999999999943
-30324.38750000001,77178.05000000005,1776.550000000003,146994.3,2749.5,21160.92499999999,141207.65,-3556.8875000000116,149729.525,-15195.575000000012,0.375,-0.11250000000000004,0.025000000000005684,-0.037499999999999645,-0.40000000000000036,0.5124999999999886,0.0375,-0.8875000000000002,-0.2749999999999999,-0.30000000000000004,0.0625,-0.5374999999999943
-30352.38750000001,77115.05000000005,1686.550000000003,147268.3,2658.5,21199.92499999999,141289.65,-3541.8875000000116,149767.525,-15146.575000000012,0.375,-0.11250000000000004,0.025000000000005684,0.9625000000000004,-0.40000000000000036,0.5124999999999886,0.0375,0.11249999999999982,0.7250000000000001,0.7,0.0625,0.4625000000000057
-30255.38750000001,77127.05000000005,1719.550000000003,147278.3,2767.5,21132.92499999999,141060.65,-3491.8875000000116,149773.525,-15233.575000000012,0.375,-0.11250000000000004,0.025000000000005684,-0.037499999999999645,0.5999999999999996,-0.48750000000001137,0.0375,0.11249999999999982,-0.2749999999999999,0.7,0.0625,-0.5374999999999943
-29931.38750000001,77078.05000000005,1827.550000000003,147250.3,2827.5,21288.92499999999,140960.65,-3464.8875000000116,149617.525,-15275.575000000012,-0.625,-0.11250000000000004,0.025000000000005684,-0.037499999999999645,-0.40000000000000036,0.5124999999999886,0.0375,0.11249999999999982,-0.2749999999999999,-0.30000000000000004,0.0625,-0.5374999999999943
-30045.38750000001,77043.05000000005,1831.550000000003,147217.3,2791.5,21333.92499999999,140954.65,-3356.8875000000116,149597.525,-15247.575000000012,-0.625,0.8875,-0.9749999999999943,-0.037499999999999645,-0.40000000000000036,0.5124999999999886,0.0375,0.11249999999999982,-0.2749999999999999,-0.30000000000000004,0.0625,-0.5374999999999943
-30201.38750000001,77258.05000000005,1808.550000000003,146986.3,2946.5,21301.92499999999,141162.65,-3434.8875000000116,149676.525,-15322.575000000012,-0.625,0.8875,0.025000000000005684,-0.037499999999999645,-0.40000000000000036,-0.48750000000001137,0.0375,-0.8875000000000002,-0.2749999999999999,0.7,0.0625,-0.5374999999999943
-30425.38750000001,77407.05000000005,1781.550000000003,146770.3,3022.5,21254.92499999999,141244.65,-3566.8875000000116,149630.525,-15312.575000000012,-0.625,-0.11250000000000004,0.025000000000005684,0.9625000000000004,0.5999999999999996,0.5124999999999886,0.0375,0.11249999999999982,-0.2749999999999999,-0.30000000000000004,0.0625,-1.5374999999999943
-30544.38750000001,77561.05000000005,1804.550000000003,146725.3,2980.5,21120.92499999999,141359.65,-3649.8875000000116,149656.525,-15252.575000000012,-0.625,-0.11250000000000004,0.025000000000005684,0.9625000000000004,-0.40000000000000036,1.5124999999999886,0.0375,1.1124999999999998,-0.2749999999999999,-0.30000000000000004,0.0625,-1.5374999999999943
-30621.38750000001,77769.05000000005,1871.550000000003,146542.3,3016.5,21223.92499999999,141435.65,-3727.8875000000116,149591.525,-15188.575000000012,0.375,-0.11250000000000004,0.025000000000005684,-0.037499999999999645,-0.40000000000000036,-0.48750000000001137,0.0375,-0.8875000000000002,0.7250000000000001,0.7,-0.9375,0.4625000000000057
-30759.38750000001,77956.05000000005,1773.550000000003,146197.3,3211.5,21366.92499999999,141374.65,-3509.8875000000116,149563.525,-15191.575000000012,-0.625,-0.11250000000000004,-0.9749999999999943,-0.037499999999999645,-0.40000000000000036,-0.48750000000001137,0.0375,0.11249999999999982,-0.2749999999999999,-0.30000000000000004,0.0625,-0.5374999999999943
-30804.38750000001,78055.05000000005,1699.550000000003,146105.3,3324.5,21541.92499999999,141206.65,-3566.8875000000116,149778.525,-15261.575000000012,0.375,-0.11250000000000004,0.025000000000005684,-0.037499999999999645,-1.4000000000000004,0.5124999999999886,0.0375,0.11249999999999982,-0.2749999999999999,0.7,0.0625,-0.5374999999999943
-30425.38750000001,77576.05000000005,1779.550000000003,146454.3,3058.5,21532.92499999999,140405.65,-3597.8875000000116,150057.525,-15266.575000000012,0.375,-0.11250000000000004,-0.9749999999999943,0.9625000000000004,-0.40000000000000036,-0.48750000000001137,0.0375,0.11249999999999982,-0.2749999999999999,0.7,0.0625,-0.5374999999999943
-30334.38750000001,77446.05000000005,1708.550000000003,146626.3,3037.5,21607.92499999999,140200.65,-3669.8875000000116,149953.525,-15316.575000000012,0.375,-0.11250000000000004,0.025000000000005684,-0.037499999999999645,-0.40000000000000036,-0.48750000000001137,0.0375,-0.8875000000000002,-0.2749999999999999,-0.30000000000000004,0.0625,-0.5374999999999943
-30166.38750000001,76991.05000000005,1748.550000000003,146769.3,3080.5,21509.92499999999,139928.65,-3578.8875000000116,149838.525,-15280.575000000012,-0.625,0.8875,0.025000000000005684,-0.037499999999999645,-0.40000000000000036,-0.48750000000001137,0.0375,0.11249999999999982,-0.2749999999999999,0.7,0.0625,0.4625000000000057
-30204.38750000001,77029.05000000005,1747.550000000003,146899.3,2979.5,21553.92499999999,139853.65,-3554.8875000000116,149863.525,-15443.575000000012,0.375,-0.11250000000000004,1.0250000000000057,-0.037499999999999645,-0.40000000000000036,-0.48750000000001137,0.0375,-0.8875000000000002,-0.2749999999999999,-0.30000000000000004,0.0625,-0.5374999999999943
-30239.38750000001,77027.05000000005,1793.550000000003,146723.3,2958.5,21491.92499999999,139911.65,-3622.8875000000116,149903.525,-15486.575000000012,0.375,-0.11250000000000004,-0.9749999999999943,-0.037499999999999645,-0.40000000000000036,0.5124999999999886,0.0375,0.11249999999999982,-0.2749999999999999,-0.30000000000000004,0.0625,-0.5374999999999943
-30288.38750000001,77041.05000000005,1817.550000000003,146724.3,2841.5,21357.92499999999,139932.65,-3485.8875000000116,149885.525,-15209.575000000012,0.375,-0.11250000000000004,0.025000000000005684,-0.037499999999999645,-0.40000000000000036,-0.48750000000001137,0.0375,0.11249999999999982,-0.2749999999999999,0.7,0.0625,0.4625000000000057
-30471.38750000001,77360.05000000005,1873.550000000003,146737.3,2885.5,21469.92499999999,140048.65,-3363.8875000000116,149859.525,-15242.575000000012,0.375,-0.11250000000000004,0.025000000000005684,-0.037499999999999645,-0.40000000000000036,0.5124999999999886,0.0375,0.11249999999999982,-0.2749999999999999,-0.30000000000000004,0.0625,0.4625000000000057
-30755.38750000001,77491.05000000005,1853.550000000003,146733.3,2987.5,21517.92499999999,140397.65,-3405.8875000000116,149807.525,-15325.575000000012,0.375,-0.11250000000000004,0.025000000000005684,0.9625000000000004,-0.40000000000000036,-0.48750000000001137,0.0375,-0.8875000000000002,-0.2749999999999999,0.7,-0.9375,0.4625000000000057
-30799.38750000001,77574.05000000005,1867.550000000003,146720.3,3006.5,21540.92499999999,140510.65,-3492.8875000000116,149861.525,-15343.575000000012,0.375,-0.11250000000000004,0.025000000000005684,-0.037499999999999645,-0.40000000000000036,-0.48750000000001137,0.0375,0.11249999999999982,0.7250000000000001,0.7,0.0625,0.4625000000000057
-30800.38750000001,77585.05000000005,1902.550000000003,146580.3,2928.5,21415.92499999999,140518.65,-3547.8875000000116,149857.525,-15276.575000000012,0.375,-0.11250000000000004,0.025000000000005684,0.9625000000000004,-0.40000000000000036,-0.48750000000001137,0.0375,0.11249999999999982,0.7250000000000001,0.7,0.0625,0.4625000000000057
-30767.38750000001,77595.05000000005,1828.550000000003,146536.3,2872.5,21398.92499999999,140497.65,-3483.8875000000116,149979.525,-15229.575000000012,0.375,-0.11250000000000004,0.025000000000005684,0.9625000000000004,0.5999999999999996,-0.48750000000001137,0.0375,0.11249999999999982,-0.2749999999999999,0.7,0.0625,-0.5374999999999943
-30502.38750000001,77447.05000000005,1578.550000000003,146848.3,2831.5,21580.92499999999,140344.65,-3473.8875000000116,150165.525,-15319.575000000012,0.375,-0.11250000000000004,1.0250000000000057,-0.037499999999999645,-0.40000000000000036,0.5124999999999886,0.0375,0.11249999999999982,-0.2749999999999999,0.7,0.0625,-0.5374999999999943
-30421.38750000001,77381.05000000005,1715.550000000003,147069.3,2764.5,21635.92499999999,140151.65,-3495.8875000000116,150267.525,-15289.575000000012,0.375,-0.11250000000000004,-0.9749999999999943,-0.037499999999999645,-1.4000000000000004,-0.48750000000001137,0.0375,0.11249999999999982,-0.2749999999999999,0.7,0.0625,0.4625000000000057
-30358.38750000001,76875.05000000005,1742.550000000003,147218.3,2617.5,21552.92499999999,139956.65,-3504.8875000000116,150318.525,-15225.575000000012,0.375,-0.11250000000000004,-0.9749999999999943,-0.037499999999999645,-0.40000000000000036,0.5124999999999886,0.0375,0.11249999999999982,-0.2749999999999999,0.7,0.0625,-0.5374999999999943
-30189.38750000001,76943.05000000005,1675.550000000003,147130.3,2743.5,21610.92499999999,139858.65,-3580.8875000000116,150299.525,-15128.575000000012,0.375,0.8875,0.025000000000005684,0.9625000000000004,-0.40000000000000036,-0.48750000000001137,0.0375,0.11249999999999982,-0.2749999999999999,0.7,0.0625,-0.5374999999999943
-30364.38750000001,77158.05000000005,1769.550000000003,147145.3,2796.5,21498.92499999999,139729.65,-3531.8875000000116,150408.525,-15164.575000000012,-0.625,0.8875,0.025000000000005684,-0.037499999999999645,-0.40000000000000036,0.5124999999999886,0.0375,0.11249999999999982,-0.2749999999999999,-0.30000000000000004,0.0625,0.4625000000000057
-30492.38750000001,77472.05000000005,1739.550000000003,147077.3,2898.5,21512.92499999999,139903.65,-3422.8875000000116,150128.525,-15261.575000000012,0.375,-0.11250000000000004,-0.9749999999999943,-0.037499999999999645,0.5999999999999996,-0.48750000000001137,0.0375,0.11249999999999982,-0.2749999999999999,-0.30000000000000004,0.0625,0.4625000000000057
-30694.38750000001,77654.05000000005,1697.550000000003,146732.3,2997.5,21504.92499999999,140071.65,-3522.8875000000116,150163.525,-15369.575000000012,0.375,-0.11250000000000004,0.025000000000005684,0.9625000000000004,-0.40000000000000036,0.5124999999999886,0.0375,0.11249999999999982,-0.2749999999999999,0.7,0.0625,0.4625000000000057
-30835.38750000001,77824.05000000005,1633.550000000003,146610.3,3024.5,21621.92499999999,140103.65,-3690.8875000000116,150028.525,-15369.575000000012,0.375,-0.11250000000000004,0.025000000000005684,-0.037499999999999645,-0.40000000000000036,-0.48750000000001137,0.0375,0.11249999999999982,-0.2749999999999999,-0.30000000000000004,0.0625,-0.5374999999999943
-30900.38750000001,77874.05000000005,1700.550000000003,146470.3,3126.5,21690.92499999999,140160.65,-3644.8875000000116,150042.525,-15318.575000000012,-0.625,-0.11250000000000004,-0.9749999999999943,-0.037499999999999645,-1.4000000000000004,0.5124999999999886,0.0375,-0.8875000000000002,-0.2749999999999999,-0.30000000000000004,0.0625,-0.5374999999999943
-30939.38750000001,77747.05000000005,1750.550000000003,146378.3,3204.5,21581.92499999999,140238.65,-3599.8875000000116,150029.525,-15112.575000000012,0.375,-0.11250000000000004,0.025000000000005684,-0.037499999999999645,-0.40000000000000036,-0.48750000000001137,0.0375,0.11249999999999982,-0.2749999999999999,-0.30000000000000004,0.0625,0.4625000000000057
-30874.38750000001,77726.05000000005,1685.550000000003,146346.3,3236.5,21666.92499999999,140221.65,-3536.8875000000116,150085.525,-14980.575000000012,0.375,-0.11250000000000004,0.025000000000005684,0.9625000000000004,-0.40000000000000036,-0.48750000000001137,-0.9625,0.11249999999999982,-0.2749999999999999,0.7,0.0625,-0.5374999999999943
-30643.38750000001,77398.05000000005,1637.550000000003,146766.3,2902.5,21718.92499999999,139714.65,-3399.8875000000116,150226.525,-15393.575000000012,-0.625,0.8875,0.025000000000005684,-0.037499999999999645,0.5999999999999996,-0.48750000000001137,0.0375,0.11249999999999982,0.7250000000000001,0.7,0.0625,0.4625000000000057
-30564.38750000001,77256.05000000005,1592.550000000003,146988.3,2846.5,21662.92499999999,139449.65,-3464.8875000000116,150114.525,-15354.575000000012,0.375,-0.11250000000000004,0.025000000000005684,-0.037499999999999645,-0.40000000000000036,0.5124999999999886,0.0375,0.11249999999999982,-0.2749999999999999,0.7,0.0625,0.4625000000000057
-30589.38750000001,77209.05000000005,1688.550000000003,146990.3,2862.5,21635.92499999999,139366.65,-3581.8875000000116,150279.525,-15312.575000000012,-0.625,-0.11250000000000004,0.025000000000005684,-0.037499999999999645,0.5999999999999996,-0.48750000000001137,-0.9625,0.11249999999999982,0.7250000000000001,0.7,0.0625,0.4625000000000057
-30493.38750000001,77242.05000000005,1571.550000000003,146938.3,2747.5,21665.92499999999,139375.65,-3567.8875000000116,150193.525,-15312.575000000012,0.375,-0.11250000000000004,-0.9749999999999943,0.9625000000000004,-0.40000000000000036,-0.48750000000001137,0.0375,-0.8875000000000002,0.7250000000000001,-0.30000000000000004,0.0625,0.4625000000000057
-30513.38750000001,77376.05000000005,1694.550000000003,146973.3,2779.5,21734.92499999999,139413.65,-3440.8875000000116,150027.525,-15364.575000000012,-0.625,0.8875,0.025000000000005684,0.9625000000000004,0.5999999999999996,0.5124999999999886,0.0375,0.11249999999999982,-0.2749999999999999,-0.30000000000000004,0.0625,-0.5374999999999943
-30718.38750000001,77286.05000000005,1701.550000000003,146754.3,2630.5,21599.92499999999,139615.65,-3570.8875000000116,149997.525,-15393.575000000012,0.375,0.8875,0.025000000000005684,-0.037499999999999645,-0.40000000000000036,0.5124999999999886,0.0375,-0.8875000000000002,-0.2749999999999999,0.7,-0.9375,-0.5374999999999943
-30914.38750000001,77794.05000000005,1774.550000000003,146512.3,2846.5,21927.92499999999,139681.65,-3492.8875000000116,149808.525,-15233.575000000012,0.375,0.8875,-0.9749999999999943,0.9625000000000004,-0.40000000000000036,0.5124999999999886,0.0375,0.11249999999999982,-0.2749999999999999,0.7,0.0625,0.4625000000000057
-30915.38750000001,77631.05000000005,1795.550000000003,146513.3,2809.5,21956.92499999999,139699.65,-3482.8875000000116,149890.525,-15215.575000000012,0.375,-0.11250000000000004,0.025000000000005684,0.9625000000000004,-0.40000000000000036,-0.48750000000001137,0.0375,0.11249999999999982,0.7250000000000001,0.7,0.0625,0.4625000000000057
-30899.38750000001,77489.05000000005,1837.550000000003,146765.3,2934.5,22079.92499999999,139569.65,-3620.8875000000116,150057.525,-15215.575000000012,0.375,0.8875,0.025000000000005684,-0.037499999999999645,-0.40000000000000036,0.5124999999999886,0.0375,-0.8875000000000002,0.7250000000000001,-0.30000000000000004,0.0625,-0.5374999999999943
-30808.38750000001,77297.05000000005,1827.550000000003,147016.3,2916.5,22027.92499999999,139375.65,-3579.8875000000116,150118.525,-15228.575000000012,0.375,-0.11250000000000004,0.025000000000005684,-0.037499999999999645,0.5999999999999996,0.5124999999999886,0.0375,0.11249999999999982,-0.2749999999999999,0.7,0.0625,-0.5374999999999943
-30572.38750000001,77154.05000000005,1730.550000000003,147088.3,2736.5,22025.92499999999,139193.65,-3448.8875000000116,150266.525,-15364.575000000012,0.375,-0.11250000000000004,1.0250000000000057,-0.037499999999999645,0.5999999999999996,-0.48750000000001137,0.0375,-0.8875000000000002,-0.2749999999999999,-0.30000000000000004,0.0625,-0.5374999999999943
-30318.38750000001,77067.05000000005,1626.550000000003,147068.3,2729.5,21864.92499999999,139062.65,-3380.8875000000116,150280.525,-15282.575000000012,0.375,-0.11250000000000004,1.0250000000000057,-0.037499999999999645,0.5999999999999996,-0.48750000000001137,0.0375,0.11249999999999982,-0.2749999999999999,0.7,0.0625,0.4625000000000057
-30391.38750000001,77108.05000000005,1784.550000000003,147037.3,2736.5,21776.92499999999,139191.65,-3456.8875000000116,150364.525,-15321.575000000012,0.375,-0.11250000000000004,0.025000000000005684,-0.037499999999999645,-0.40000000000000036,-0.48750000000001137,0.0375,0.11249999999999982,-0.2749999999999999,-0.30000000000000004,0.0625,-0.5374999999999943
-30553.38750000001,77287.05000000005,1899.550000000003,146845.3,2959.5,21926.92499999999,139228.65,-3478.8875000000116,150315.525,-15259.575000000012,0.375,0.8875,-0.9749999999999943,-0.037499999999999645,-0.40000000000000036,-0.48750000000001137,0.0375,0.11249999999999982,-0.2749999999999999,0.7,0.0625,-1.5374999999999943
-30752.38750000001,77709.05000000005,1769.550000000003,146633.3,3070.5,22005.92499999999,139453.65,-3497.8875000000116,150250.525,-15286.575000000012,0.375,-0.11250000000000004,1.0250000000000057,-0.037499999999999645,0.5999999999999996,-0.48750000000001137,0.0375,0.11249999999999982,-0.2749999999999999,0.7,0.0625,-0.5374999999999943
-31010.38750000001,77968.05000000005,1659.550000000003,146446.3,3121.5,21878.92499999999,139566.65,-3502.8875000000116,150201.525,-15354.575000000012,0.375,-0.11250000000000004,0.025000000000005684,0.9625000000000004,-0.40000000000000036,0.5124999999999886,0.0375,0.11249999999999982,-0.2749999999999999,0.7,0.0625,-0.5374999999999943
-31201.38750000001,78082.05000000005,1549.550000000003,146303.3,3196.5,21871.92499999999,139613.65,-3470.8875000000116,150210.525,-15404.575000000012,1.375,-0.11250000000000004,1.0250000000000057,-0.037499999999999645,-0.40000000000000036,-0.48750000000001137,0.0375,1.1124999999999998,-0.2749999999999999,-0.30000000000000004,0.0625,0.4625000000000057
-31197.38750000001,78138.05000000005,1725.550000000003,146218.3,3057.5,21917.92499999999,139655.65,-3475.8875000000116,150142.525,-15323.575000000012,0.375,-0.11250000000000004,0.025000000000005684,-0.037499999999999645,0.5999999999999996,0.5124999999999886,0.0375,0.11249999999999982,0.7250000000000001,-0.30000000000000004,0.0625,-0.5374999999999943
-31101.38750000001,77885.05000000005,1737.550000000003,146341.3,2946.5,21920.92499999999,139544.65,-3455.8875000000116,150345.525,-15213.575000000012,-0.625,-0.11250000000000004,-0.9749999999999943,-0.037499999999999645,-0.40000000000000036,-0.48750000000001137,0.0375,0.11249999999999982,-0.2749999999999999,0.7,0.0625,-0.5374999999999943
-31032.38750000001,77692.05000000005,1799.550000000003,146559.3,2961.5,21837.92499999999,139334.65,-3502.8875000000116,150437.525,-15347.575000000012,0.375,0.8875,0.025000000000005684,0.9625000000000004,-0.40000000000000036,-0.48750000000001137,0.0375,0.11249999999999982,-0.2749999999999999,-0.30000000000000004,0.0625,-0.5374999999999943
-30907.38750000001,77593.05000000005,1775.550000000003,146698.3,2855.5,21919.92499999999,139064.65,-3417.8875000000116,150230.525,-15395.575000000012,0.375,-0.11250000000000004,-0.9749999999999943,0.9625000000000004,-0.40000000000000036,0.5124999999999886,0.0375,0.11249999999999982,0.7250000000000001,-0.30000000000000004,0.0625,0.4625000000000057
-30843.38750000001,77471.05000000005,1764.550000000003,146789.3,2978.5,21964.92499999999,138816.65,-3433.8875000000116,150169.525,-15328.575000000012,0.375,-0.11250000000000004,0.025000000000005684,-0.037499999999999645,-0.40000000000000036,-0.48750000000001137,0.0375,-0.8875000000000002,-0.2749999999999999,-0.30000000000000004,0.0625,0.4625000000000057
-30662.38750000001,77372.05000000005,1737.550000000003,146893.3,2911.5,21888.92499999999,138824.65,-3510.8875000000116,150226.525,-15362.575000000012,-0.625,-0.11250000000000004,0.025000000000005684,-0.037499999999999645,-0.40000000000000036,-0.48750000000001137,1.0375,-0.8875000000000002,0.7250000000000001,-0.30000000000000004,0.0625,0.4625000000000057
-30745.38750000001,77404.05000000005,1681.550000000003,146982.3,2807.5,21851.92499999999,138910.65,-3444.8875000000116,150289.525,-15322.575000000012,0.375,-0.11250000000000004,-0.9749999999999943,-0.037499999999999645,-0.40000000000000036,-1.4875000000000114,0.0375,0.11249999999999982,0.7250000000000001,-0.30000000000000004,0.0625,0.4625000000000057
-30756.38750000001,77445.05000000005,1702.550000000003,147035.3,2753.5,22027.92499999999,138936.65,-3409.8875000000116,150271.525,-15281.575000000012,-0.625,-0.11250000000000004,0.025000000000005684,-0.037499999999999645,0.5999999999999996,0.5124999999999886,0.0375,-0.8875000000000002,0.7250000000000001,0.7,-0.9375,-0.5374999999999943
-30869.38750000001,77535.05000000005,1862.550000000003,146829.3,2816.5,22032.92499999999,138976.65,-3487.8875000000116,150195.525,-15253.575000000012,-0.625,-0.11250000000000004,0.025000000000005684,-0.037499999999999645,0.5999999999999996,-0.48750000000001137,0.0375,0.11249999999999982,-0.2749999999999999,0.7,-0.9375,-0.5374999999999943
-31071.38750000001,77676.05000000005,1771.550000000003,146599.3,2897.5,22045.92499999999,138956.65,-3474.8875000000116,150045.525,-15276.575000000012,0.375,-0.11250000000000004,-0.9749999999999943,-0.037499999999999645,0.5999999999999996,-0.48750000000001137,0.0375,0.11249999999999982,0.7250000000000001,0.7,0.0625,0.4625000000000057
-31159.38750000001,77739.05000000005,1781.550000000003,146596.3,2797.5,22027.92499999999,139181.65,-3528.8875000000116,150053.525,-15329.575000000012,0.375,-0.11250000000000004,-0.9749999999999943,-0.037499999999999645,-0.40000000000000036,0.5124999999999886,0.0375,0.11249999999999982,0.7250000000000001,0.7,0.0625,-0.5374999999999943
-31276.38750000001,77786.05000000005,1751.550000000003,146337.3,2975.5,22271.92499999999,139060.65,-3410.8875000000116,150155.525,-15327.575000000012,0.375,0.8875,-0.9749999999999943,0.9625000000000004,-0.40000000000000036,0.5124999999999886,0.0375,-0.8875000000000002,-0.2749999999999999,0.7,0.0625,0.4625000000000057
-31221.38750000001,77803.05000000005,1810.550000000003,146363.3,2983.5,22347.92499999999,138916.65,-3516.8875000000116,150281.525,-15337.575000000012,0.375,-0.11250000000000004,-0.9749999999999943,0.9625000000000004,-0.40000000000000036,-0.48750000000001137,-0.9625,0.11249999999999982,-0.2749999999999999,0.7,0.0625,0.4625000000000057
-31066.38750000001,77579.05000000005,1782.550000000003,146554.3,2885.5,22232.92499999999,138700.65,-3647.8875000000116,150423.525,-15194.575000000012,0.375,-0.11250000000000004,-0.9749999999999943,0.9625000000000004,-0.40000000000000036,-0.48750000000001137,0.0375,0.11249999999999982,-0.2749999999999999,-0.30000000000000004,0.0625,0.4625000000000057
-30925.38750000001,77373.05000000005,1737.550000000003,146699.3,2771.5,22202.92499999999,138434.65,-3595.8875000000116,150253.525,-15268.575000000012,0.375,-0.11250000000000004,-0.9749999999999943,0.9625000000000004,-0.40000000000000036,0.5124999999999886,0.0375,0.11249999999999982,-0.2749999999999999,-0.30000000000000004,-0.9375,1.4625000000000057
-30528.38750000001,77311.05000000005,1800.550000000003,146951.3,2822.5,22161.92499999999,138393.65,-3580.8875000000116,150336.525,-15346.575000000012,0.375,0.8875,-0.9749999999999943,-0.037499999999999645,-0.40000000000000036,-0.48750000000001137,0.0375,-0.8875000000000002,-0.2749999999999999,-0.30000000000000004,0.0625,-0.5374999999999943
-30686.38750000001,77202.05000000005,1782.550000000003,146934.3,2769.5,22160.92499999999,138445.65,-3467.8875000000116,150472.525,-15347.575000000012,0.375,-0.11250000000000004,0.025000000000005684,-0.037499999999999645,-0.40000000000000036,-0.48750000000001137,0.0375,0.11249999999999982,0.7250000000000001,0.7,0.0625,-0.5374999999999943
-30847.38750000001,77178.05000000005,1706.550000000003,146876.3,2812.5,21999.92499999999,138500.65,-3612.8875000000116,150375.525,-15294.575000000012,0.375,-0.11250000000000004,-0.9749999999999943,-0.037499999999999645,-0.40000000000000036,0.5124999999999886,0.0375,0.11249999999999982,-0.2749999999999999,-0.30000000000000004,0.0625,1.4625000000000057
-31093.38750000001,77358.05000000005,1604.550000000003,146714.3,2864.5,22087.92499999999,138732.65,-3517.8875000000116,150357.525,-15206.575000000012,0.375,0.8875,1.0250000000000057,0.9625000000000004,-0.40000000000000036,-1.4875000000000114,0.0375,-0.8875000000000002,0.7250000000000001,0.7,0.0625,-0.5374999999999943
-31240.38750000001,77791.05000000005,1708.550000000003,146469.3,2951.5,22222.92499999999,138856.65,-3476.8875000000116,150394.525,-15320.575000000012,0.375,-0.11250000000000004,0.025000000000005684,-0.037499999999999645,0.5999999999999996,0.5124999999999886,0.0375,0.11249999999999982,-0.2749999999999999,-0.30000000000000004,-0.9375,-0.5374999999999943
-31457.38750000001,78053.05000000005,1600.550000000003,146168.3,2986.5,22298.92499999999,138854.65,-3635.8875000000116,150313.525,-15360.575000000012,0.375,0.8875,0.025000000000005684,0.9625000000000004,-0.40000000000000036,-0.48750000000001137,-0.9625,0.11249999999999982,-0.2749999999999999,0.7,0.0625,-1.5374999999999943
