FPI,SPI,AI,SFI,FFI,FPD,SPD,AD,SFD,FFD,API_X,API_Y,API_Z,APD_X,APD_Y,APD_Z,AFD_X,AFD_Y,AFD_Z,AFI_X,AFI_Y,AFI_Z
-41606.225000000006,-22.237500000046566,1694.4750000000058,38.82500000001164,-5087.125,-21568.25,281.9125000000058,8469.0,609.9124999999985,-6436.162500000006,0.3999999999999999,0.7375,0.11249999999999716,-0.0625,-0.3875000000000002,-0.5250000000000057,0.05,0.2124999999999999,-0.3500000000000001,-0.30000000000000004,0.0625,-0.5
-41580.225000000006,-9.237500000046566,1683.4750000000058,-62.17499999998836,-5144.125,-21370.25,296.9125000000058,8270.0,555.9124999999985,-6611.162500000006,-0.6000000000000001,0.7375,1.1124999999999972,-1.0625,0.6124999999999998,0.4749999999999943,0.05,0.2124999999999999,-0.3500000000000001,-0.30000000000000004,0.0625,-0.5
-41863.225000000006,-4.237500000046566,1844.4750000000058,20.82500000001164,-5255.125,-21507.25,468.9125000000058,8151.0,455.91249999999854,-6557.162500000006,0.3999999999999999,0.7375,1.1124999999999972,-1.0625,-0.3875000000000002,-0.5250000000000057,0.05,0.2124999999999999,0.6499999999999999,0.7,0.0625,1.5
-41901.225000000006,90.76249999995343,1872.4750000000058,270.82500000001164,-5153.125,-21501.25,629.9125000000058,8048.0,525.9124999999985,-6415.162500000006,0.3999999999999999,-0.26249999999999996,0.11249999999999716,-0.0625,0.6124999999999998,-0.5250000000000057,0.05,0.2124999999999999,-0.3500000000000001,-0.30000000000000004,0.0625,-0.5
-41753.225000000006,14.762499999953434,1830.4750000000058,298.82500000001164,-5158.125,-21448.25,345.9125000000058,8127.0,53.912499999998545,-6297.162500000006,0.3999999999999999,-0.26249999999999996,0.11249999999999716,-1.0625,-0.3875000000000002,-0.5250000000000057,0.05,0.2124999999999999,-0.3500000000000001,0.7,0.0625,-0.5
-41786.225000000006,213.76249999995343,1848.4750000000058,227.82500000001164,-5343.125,-21393.25,-255.08749999999418,8165.0,-329.08750000000146,-6282.162500000006,0.3999999999999999,0.7375,-0.8875000000000028,-0.0625,-0.3875000000000002,-0.5250000000000057,0.05,0.2124999999999999,-0.3500000000000001,-0.30000000000000004,0.0625,1.5
-41824.225000000006,220.76249999995343,1893.4750000000058,96.82500000001164,-5272.125,-21223.25,-316.0874999999942,8178.0,-659.0875000000015,-6335.162500000006,0.3999999999999999,-1.2625,-1.8875000000000028,-1.0625,0.6124999999999998,-0.5250000000000057,0.05,0.2124999999999999,-0.3500000000000001,-0.30000000000000004,0.0625,0.5
-41619.225000000006,-27.237500000046566,1909.4750000000058,400.82500000001164,-5050.125,-21453.25,-21.08749999999418,8113.0,-989.0875000000015,-6309.162500000006,0.3999999999999999,-0.26249999999999996,0.11249999999999716,-0.0625,-0.3875000000000002,-0.5250000000000057,0.05,0.2124999999999999,0.6499999999999999,0.7,0.0625,0.5
-41896.225000000006,297.76249999995343,1447.4750000000058,243.82500000001164,-5054.125,-21312.25,165.91250000000582,8172.0,-999.0875000000015,-6555.162500000006,1.4,-0.26249999999999996,-0.8875000000000028,-0.0625,-0.3875000000000002,-0.5250000000000057,0.05,0.2124999999999999,-0.3500000000000001,-0.30000000000000004,0.0625,0.5
-41857.225000000006,126.76249999995343,1506.4750000000058,102.82500000001164,-4967.125,-21403.25,56.91250000000582,7894.0,-737.0875000000015,-6583.162500000006,0.3999999999999999,-0.26249999999999996,0.11249999999999716,-0.0625,-0.3875000000000002,0.4749999999999943,-0.95,-0.7875000000000001,-0.3500000000000001,0.7,-0.9375,-0.5
-41709.225000000006,214.76249999995343,1589.4750000000058,36.82500000001164,-4944.125,-21107.25,57.91250000000582,8120.0,-563.0875000000015,-6512.162500000006,0.3999999999999999,-1.2625,-0.8875000000000028,-0.0625,-0.3875000000000002,-1.5250000000000057,0.05,1.2125,0.6499999999999999,-0.30000000000000004,0.0625,-0.5
-41618.225000000006,201.76249999995343,1588.4750000000058,-81.17499999998836,-4862.125,-20951.25,29.91250000000582,8228.0,-597.0875000000015,-6533.162500000006,0.3999999999999999,-0.26249999999999996,0.11249999999999716,-0.0625,-0.3875000000000002,-0.5250000000000057,0.05,0.2124999999999999,-0.3500000000000001,0.7,0.0625,-0.5
-41655.225000000006,118.76249999995343,1656.4750000000058,-170.17499999998836,-4878.125,-21145.25,-99.08749999999418,8233.0,-560.0875000000015,-6481.162500000006,0.3999999999999999,-0.26249999999999996,-0.8875000000000028,-0.0625,0.6124999999999998,0.4749999999999943,0.05,0.2124999999999999,-0.3500000000000001,-0.30000000000000004,0.0625,-0.5
-41776.225000000006,238.76249999995343,1576.4750000000058,-338.17499999998836,-4982.125,-20981.25,-46.08749999999418,8276.0,-424.08750000000146,-6375.162500000006,-0.6000000000000001,-0.26249999999999996,-0.8875000000000028,-0.0625,0.6124999999999998,-0.5250000000000057,0.05,1.2125,0.6499999999999999,0.7,0.0625,-0.5
-41826.225000000006,340.76249999995343,1547.4750000000058,-310.17499999998836,-4987.125,-21016.25,-171.08749999999418,8262.0,-556.0875000000015,-6386.162500000006,0.3999999999999999,-0.26249999999999996,0.11249999999999716,-0.0625,0.6124999999999998,0.4749999999999943,0.05,0.2124999999999999,-0.3500000000000001,-0.30000000000000004,0.0625,0.5
-41785.225000000006,378.76249999995343,1726.4750000000058,-326.17499999998836,-5008.125,-20984.25,-173.08749999999418,8238.0,-188.08750000000146,-6422.162500000006,0.3999999999999999,0.7375,0.11249999999999716,0.9375,0.6124999999999998,-0.5250000000000057,0.05,0.2124999999999999,-0.3500000000000001,-0.30000000000000004,0.0625,-0.5
-41810.225000000006,405.76249999995343,1780.4750000000058,-273.17499999998836,-5060.125,-21115.25,-120.08749999999418,8248.0,209.91249999999854,-6321.162500000006,0.3999999999999999,0.7375,0.11249999999999716,-0.0625,-0.3875000000000002,0.4749999999999943,-0.95,0.2124999999999999,-0.3500000000000001,0.7,0.0625,-0.5
-41839.225000000006,229.76249999995343,1824.4750000000058,-309.17499999998836,-5099.125,-21180.25,-54.08749999999418,8207.0,390.91249999999854,-6325.162500000006,-0.6000000000000001,-0.26249999999999996,1.1124999999999972,-0.0625,-0.3875000000000002,1.4749999999999943,0.05,0.2124999999999999,-0.3500000000000001,0.7,0.0625,0.5
-41957.225000000006,186.76249999995343,1797.4750000000058,-363.17499999998836,-5174.125,-21013.25,-123.08749999999418,8201.0,528.9124999999985,-6380.162500000006,0.3999999999999999,-0.26249999999999996,-0.8875000000000028,-0.0625,0.6124999999999998,0.4749999999999943,0.05,0.2124999999999999,-0.3500000000000001,-0.30000000000000004,0.0625,0.5
-41938.225000000006,145.76249999995343,1826.4750000000058,-155.17499999998836,-5189.125,-21167.25,-108.08749999999418,8127.0,652.9124999999985,-6310.162500000006,0.3999999999999999,-0.26249999999999996,1.1124999999999972,-0.0625,0.6124999999999998,0.4749999999999943,0.05,0.2124999999999999,-0.3500000000000001,1.7,-0.9375,0.5
-41833.225000000006,98.76249999995343,1892.4750000000058,267.82500000001164,-5132.125,-21195.25,63.91250000000582,8176.0,613.9124999999985,-6268.162500000006,-0.6000000000000001,-0.26249999999999996,1.1124999999999972,-0.0625,0.6124999999999998,0.4749999999999943,0.05,0.2124999999999999,-0.3500000000000001,-0.30000000000000004,0.0625,-0.5
-41748.225000000006,-159.23750000004657,1832.4750000000058,290.82500000001164,-5119.125,-21017.25,57.91250000000582,8199.0,477.91249999999854,-6312.162500000006,0.3999999999999999,0.7375,0.11249999999999716,-0.0625,-0.3875000000000002,0.4749999999999943,0.05,0.2124999999999999,-0.3500000000000001,-0.30000000000000004,0.0625,-0.5
-41810.225000000006,-86.23750000004657,1599.4750000000058,404.82500000001164,-5153.125,-21153.25,-90.08749999999418,8162.0,368.91249999999854,-6393.162500000006,0.3999999999999999,-0.26249999999999996,1.1124999999999972,-0.0625,0.6124999999999998,0.4749999999999943,0.05,0.2124999999999999,-0.3500000000000001,-0.30000000000000004,0.0625,-0.5
-41822.225000000006,59.762499999953434,1655.4750000000058,346.82500000001164,-5107.125,-21144.25,-66.08749999999418,8151.0,273.91249999999854,-6354.162500000006,0.3999999999999999,-0.26249999999999996,0.11249999999999716,0.9375,-0.3875000000000002,0.4749999999999943,0.05,0.2124999999999999,-0.3500000000000001,-0.30000000000000004,0.0625,0.5
-41851.225000000006,29.762499999953434,1679.4750000000058,465.82500000001164,-5130.125,-21178.25,-0.08749999999417923,8254.0,304.91249999999854,-6387.162500000006,0.3999999999999999,-0.26249999999999996,1.1124999999999972,-0.0625,0.6124999999999998,-1.5250000000000057,0.05,0.2124999999999999,-0.3500000000000001,0.7,-0.9375,0.5
-41784.225000000006,-39.237500000046566,1657.4750000000058,435.82500000001164,-5168.125,-21222.25,-114.08749999999418,8221.0,244.91249999999854,-6334.162500000006,-0.6000000000000001,-0.26249999999999996,0.11249999999999716,-0.0625,-0.3875000000000002,-0.5250000000000057,0.05,0.2124999999999999,-0.3500000000000001,-0.30000000000000004,-0.9375,1.5
-41717.225000000006,219.76249999995343,1753.4750000000058,486.82500000001164,-5070.125,-21447.25,-263.0874999999942,8103.0,377.91249999999854,-6368.162500000006,-0.6000000000000001,-0.26249999999999996,0.11249999999999716,-0.0625,-0.3875000000000002,0.4749999999999943,0.05,0.2124999999999999,-0.3500000000000001,-0.30000000000000004,0.0625,-0.5
-41763.225000000006,231.76249999995343,1746.4750000000058,392.82500000001164,-5066.125,-21261.25,-425.0874999999942,8269.0,229.91249999999854,-6370.162500000006,0.3999999999999999,-0.26249999999999996,1.1124999999999972,-0.0625,-0.3875000000000002,0.4749999999999943,0.05,0.2124999999999999,-0.3500000000000001,-0.30000000000000004,0.0625,-0.5
-41774.225000000006,30.762499999953434,1680.4750000000058,417.82500000001164,-5134.125,-21202.25,-123.08749999999418,8104.0,152.91249999999854,-6420.162500000006,-0.6000000000000001,-0.26249999999999996,0.11249999999999716,-0.0625,-0.3875000000000002,1.4749999999999943,0.05,-0.7875000000000001,-0.3500000000000001,-0.30000000000000004,0.0625,0.5
-41884.225000000006,156.76249999995343,1753.4750000000058,493.82500000001164,-5071.125,-21041.25,-96.08749999999418,8285.0,177.91249999999854,-6402.162500000006,-0.6000000000000001,-0.26249999999999996,0.11249999999999716,-0.0625,-0.3875000000000002,-0.5250000000000057,0.05,0.2124999999999999,0.6499999999999999,-0.30000000000000004,0.0625,0.5
-41985.225000000006,151.76249999995343,1582.4750000000058,505.82500000001164,-5018.125,-21236.25,16.91250000000582,8226.0,153.91249999999854,-6327.162500000006,0.3999999999999999,-0.26249999999999996,0.11249999999999716,0.9375,0.6124999999999998,0.4749999999999943,0.05,0.2124999999999999,-0.3500000000000001,0.7,0.0625,-0.5
-41885.225000000006,278.76249999995343,1539.4750000000058,341.82500000001164,-4871.125,-21010.25,-33.08749999999418,8198.0,543.9124999999985,-6144.162500000006,0.3999999999999999,-0.26249999999999996,0.11249999999999716,-0.0625,0.6124999999999998,-0.5250000000000057,0.05,0.2124999999999999,-0.3500000000000001,-0.30000000000000004,0.0625,0.5
-41895.225000000006,315.76249999995343,1534.4750000000058,500.82500000001164,-4940.125,-21144.25,150.91250000000582,8132.0,623.9124999999985,-6120.162500000006,0.3999999999999999,-0.26249999999999996,0.11249999999999716,-0.0625,-0.3875000000000002,-0.5250000000000057,0.05,0.2124999999999999,-0.3500000000000001,0.7,0.0625,-1.5
-41786.225000000006,440.76249999995343,1653.4750000000058,376.82500000001164,-5012.125,-21219.25,89.91250000000582,8073.0,541.9124999999985,-6277.162500000006,0.3999999999999999,0.7375,0.11249999999999716,-0.0625,-0.3875000000000002,0.4749999999999943,0.05,0.2124999999999999,-0.3500000000000001,-0.30000000000000004,0.0625,-0.5
-41791.225000000006,358.76249999995343,1544.4750000000058,262.82500000001164,-4934.125,-21095.25,-76.08749999999418,8130.0,205.91249999999854,-6348.162500000006,0.3999999999999999,-0.26249999999999996,0.11249999999999716,-0.0625,-0.3875000000000002,-0.5250000000000057,0.05,-0.7875000000000001,-0.3500000000000001,-0.30000000000000004,0.0625,-0.5
-41879.225000000006,219.76249999995343,1769.4750000000058,186.82500000001164,-4833.125,-21109.25,-42.08749999999418,8146.0,165.91249999999854,-6325.162500000006,0.3999999999999999,-0.26249999999999996,0.11249999999999716,-0.0625,0.6124999999999998,-0.5250000000000057,0.05,0.2124999999999999,0.6499999999999999,0.7,0.0625,-0.5
-41848.225000000006,407.76249999995343,1746.4750000000058,313.82500000001164,-5059.125,-20959.25,438.9125000000058,8082.0,240.91249999999854,-6267.162500000006,0.3999999999999999,0.7375,0.11249999999999716,-0.0625,-0.3875000000000002,-0.5250000000000057,0.05,0.2124999999999999,-0.3500000000000001,-0.30000000000000004,0.0625,-0.5
-41877.225000000006,266.76249999995343,1784.4750000000058,205.82500000001164,-5064.125,-21023.25,240.91250000000582,8063.0,334.91249999999854,-6250.162500000006,-0.6000000000000001,0.7375,0.11249999999999716,-0.0625,0.6124999999999998,-0.5250000000000057,0.05,0.2124999999999999,-0.3500000000000001,-0.30000000000000004,0.0625,-0.5
-41865.225000000006,139.76249999995343,1824.4750000000058,237.82500000001164,-5157.125,-21082.25,-144.08749999999418,8059.0,453.91249999999854,-6180.162500000006,0.3999999999999999,0.7375,1.1124999999999972,-0.0625,0.6124999999999998,0.4749999999999943,0.05,0.2124999999999999,-0.3500000000000001,0.7,0.0625,-0.5
-41870.225000000006,246.76249999995343,1770.4750000000058,425.82500000001164,-5169.125,-21105.25,-96.08749999999418,8234.0,562.9124999999985,-6271.162500000006,-0.6000000000000001,0.7375,-0.8875000000000028,-0.0625,-0.3875000000000002,-0.5250000000000057,0.05,0.2124999999999999,-0.3500000000000001,-0.30000000000000004,0.0625,-0.5
-41866.225000000006,236.76249999995343,1853.4750000000058,154.82500000001164,-5203.125,-21257.25,-28.08749999999418,8129.0,519.9124999999985,-6257.162500000006,0.3999999999999999,-0.26249999999999996,0.11249999999999716,-0.0625,0.6124999999999998,-1.5250000000000057,0.05,0.2124999999999999,-0.3500000000000001,0.7,0.0625,-0.5
-41857.225000000006,348.76249999995343,1769.4750000000058,8.825000000011642,-5231.125,-21028.25,-31.08749999999418,8257.0,464.91249999999854,-6333.162500000006,0.3999999999999999,-0.26249999999999996,1.1124999999999972,0.9375,-0.3875000000000002,0.4749999999999943,0.05,0.2124999999999999,0.6499999999999999,-0.30000000000000004,0.0625,-1.5
-41977.225000000006,313.76249999995343,1636.4750000000058,82.82500000001164,-5101.125,-20977.25,14.91250000000582,8146.0,364.91249999999854,-6292.162500000006,0.3999999999999999,-0.26249999999999996,0.11249999999999716,-0.0625,0.6124999999999998,0.4749999999999943,0.05,0.2124999999999999,-0.3500000000000001,-0.30000000000000004,0.0625,0.5
-41938.225000000006,278.76249999995343,1728.4750000000058,100.82500000001164,-5182.125,-21070.25,11.91250000000582,8119.0,385.91249999999854,-6287.162500000006,1.4,-0.26249999999999996,0.11249999999999716,0.9375,-0.3875000000000002,-0.5250000000000057,0.05,0.2124999999999999,-0.3500000000000001,0.7,0.0625,-0.5
-41762.225000000006,294.76249999995343,1847.4750000000058,65.82500000001164,-5231.125,-21216.25,-278.0874999999942,8062.0,439.91249999999854,-6212.162500000006,0.3999999999999999,-0.26249999999999996,0.11249999999999716,-0.0625,0.6124999999999998,0.4749999999999943,0.05,0.2124999999999999,-0.3500000000000001,0.7,0.0625,-0.5
-41882.225000000006,263.76249999995343,1894.4750000000058,90.82500000001164,-5135.125,-21064.25,-144.08749999999418,8104.0,513.9124999999985,-6237.162500000006,-0.6000000000000001,-1.2625,0.11249999999999716,-0.0625,-0.3875000000000002,0.4749999999999943,0.05,0.2124999999999999,-0.3500000000000001,-0.30000000000000004,0.0625,-0.5
-41838.225000000006,135.76249999995343,1695.4750000000058,105.82500000001164,-5062.125,-21160.25,65.91250000000582,8177.0,296.91249999999854,-6377.162500000006,-0.6000000000000001,-0.26249999999999996,0.11249999999999716,-0.0625,-0.3875000000000002,-0.5250000000000057,0.05,0.2124999999999999,-0.3500000000000001,-0.30000000000000004,0.0625,0.5
-41895.225000000006,140.76249999995343,1560.4750000000058,-8.174999999988358,-4896.125,-21232.25,115.91250000000582,8155.0,350.91249999999854,-6490.162500000006,0.3999999999999999,-0.26249999999999996,0.11249999999999716,0.9375,-0.3875000000000002,0.4749999999999943,0.05,0.2124999999999999,0.6499999999999999,-0.30000000000000004,0.0625,-0.5
-41725.225000000006,87.76249999995343,1666.4750000000058,-57.17499999998836,-5156.125,-21337.25,180.91250000000582,8063.0,437.91249999999854,-6514.162500000006,-0.6000000000000001,-0.26249999999999996,0.11249999999999716,-0.0625,-0.3875000000000002,-0.5250000000000057,0.05,0.2124999999999999,-0.3500000000000001,-0.30000000000000004,0.0625,-0.5
-41881.225000000006,407.76249999995343,1595.4750000000058,45.82500000001164,-5124.125,-21012.25,25.91250000000582,8123.0,317.91249999999854,-6366.162500000006,-0.6000000000000001,-0.26249999999999996,0.11249999999999716,-0.0625,-0.3875000000000002,-0.5250000000000057,0.05,0.2124999999999999,-0.3500000000000001,-0.30000000000000004,-0.9375,0.5
-41779.225000000006,308.76249999995343,1581.4750000000058,111.82500000001164,-5072.125,-21136.25,-163.08749999999418,8124.0,687.9124999999985,-6296.162500000006,-0.6000000000000001,-0.26249999999999996,0.11249999999999716,-0.0625,-0.3875000000000002,-0.5250000000000057,0.05,0.2124999999999999,-0.3500000000000001,-0.30000000000000004,0.0625,0.5
-41855.225000000006,527.7624999999534,1473.4750000000058,194.82500000001164,-4876.125,-21170.25,-57.08749999999418,8130.0,661.9124999999985,-6322.162500000006,0.3999999999999999,-0.26249999999999996,1.1124999999999972,-0.0625,-0.3875000000000002,0.4749999999999943,0.05,0.2124999999999999,-0.3500000000000001,-0.30000000000000004,0.0625,0.5
-41729.225000000006,389.76249999995343,1555.4750000000058,247.82500000001164,-5055.125,-21196.25,63.91250000000582,8170.0,449.91249999999854,-6372.162500000006,0.3999999999999999,-0.26249999999999996,0.11249999999999716,-0.0625,0.6124999999999998,-0.5250000000000057,0.05,0.2124999999999999,-0.3500000000000001,-0.30000000000000004,0.0625,-0.5
-41870.225000000006,209.76249999995343,1680.4750000000058,126.82500000001164,-5004.125,-21130.25,-51.08749999999418,8302.0,310.91249999999854,-6446.162500000006,0.3999999999999999,-0.26249999999999996,0.11249999999999716,-0.0625,-0.3875000000000002,-0.5250000000000057,0.05,0.2124999999999999,-0.3500000000000001,0.7,0.0625,-0.5
-41767.225000000006,264.76249999995343,1604.4750000000058,92.82500000001164,-5034.125,-21096.25,-306.0874999999942,8206.0,189.91249999999854,-6395.162500000006,-0.6000000000000001,0.7375,0.11249999999999716,-0.0625,-0.3875000000000002,0.4749999999999943,0.05,-0.7875000000000001,-0.3500000000000001,-0.30000000000000004,0.0625,0.5
-41773.225000000006,271.76249999995343,1670.4750000000058,247.82500000001164,-5113.125,-21158.25,-174.08749999999418,8246.0,-369.08750000000146,-6358.162500000006,0.3999999999999999,-0.26249999999999996,-0.8875000000000028,-0.0625,1.6124999999999998,-0.5250000000000057,0.05,0.2124999999999999,-0.3500000000000001,-0.30000000000000004,0.0625,-0.5
-41967.225000000006,186.76249999995343,1785.4750000000058,160.82500000001164,-5145.125,-21164.25,-32.08749999999418,8238.0,-274.08750000000146,-6414.162500000006,0.3999999999999999,0.7375,0.11249999999999716,0.9375,-0.3875000000000002,1.4749999999999943,0.05,0.2124999999999999,-0.3500000000000001,0.7,0.0625,0.5
-41927.225000000006,198.76249999995343,1847.4750000000058,-45.17499999998836,-5173.125,-21054.25,6.912500000005821,8243.0,-296.08750000000146,-6328.162500000006,0.3999999999999999,0.7375,0.11249999999999716,-0.0625,0.6124999999999998,-0.5250000000000057,-0.95,0.2124999999999999,0.6499999999999999,0.7,0.0625,1.5
-41944.225000000006,375.76249999995343,1793.4750000000058,-74.17499999998836,-5061.125,-20998.25,-43.08749999999418,8270.0,-208.08750000000146,-6277.162500000006,0.3999999999999999,0.7375,1.1124999999999972,-0.0625,0.6124999999999998,1.4749999999999943,0.05,0.2124999999999999,-0.3500000000000001,-0.30000000000000004,0.0625,0.5
-41895.225000000006,262.76249999995343,1829.4750000000058,-20.17499999998836,-5069.125,-21085.25,-63.08749999999418,8242.0,-127.08750000000146,-6258.162500000006,-0.6000000000000001,-0.26249999999999996,1.1124999999999972,-0.0625,0.6124999999999998,0.4749999999999943,0.05,0.2124999999999999,-0.3500000000000001,-0.30000000000000004,0.0625,0.5
-41859.225000000006,301.76249999995343,1811.4750000000058,-52.17499999998836,-5120.125,-21221.25,66.91250000000582,8217.0,-236.08750000000146,-6304.162500000006,0.3999999999999999,-0.26249999999999996,0.11249999999999716,-0.0625,-0.3875000000000002,0.4749999999999943,0.05,0.2124999999999999,0.6499999999999999,-0.30000000000000004,0.0625,-0.5
-41787.225000000006,137.76249999995343,1758.4750000000058,-73.17499999998836,-5239.125,-21229.25,148.91250000000582,8186.0,-72.08750000000146,-6516.162500000006,-0.6000000000000001,0.7375,1.1124999999999972,-0.0625,-0.3875000000000002,-0.5250000000000057,0.05,0.2124999999999999,-0.3500000000000001,-0.30000000000000004,0.0625,-0.5
-41687.225000000006,129.76249999995343,1650.4750000000058,-46.17499999998836,-5214.125,-21192.25,234.91250000000582,8151.0,393.91249999999854,-6489.162500000006,0.3999999999999999,0.7375,0.11249999999999716,-0.0625,-0.3875000000000002,0.4749999999999943,0.05,0.2124999999999999,-0.3500000000000001,-0.30000000000000004,0.0625,1.5
-41816.225000000006,193.76249999995343,1616.4750000000058,-8.174999999988358,-5220.125,-20988.25,215.91250000000582,8173.0,747.9124999999985,-6407.162500000006,0.3999999999999999,-0.26249999999999996,-0.8875000000000028,0.9375,0.6124999999999998,-0.5250000000000057,0.05,0.2124999999999999,-0.3500000000000001,0.7,0.0625,-0.5
-41917.225000000006,264.76249999995343,1642.4750000000058,125.82500000001164,-5023.125,-21140.25,103.91250000000582,8150.0,872.9124999999985,-6381.162500000006,0.3999999999999999,-0.26249999999999996,0.11249999999999716,-0.0625,-0.3875000000000002,-0.5250000000000057,0.05,0.2124999999999999,-0.3500000000000001,-0.30000000000000004,0.0625,0.5
-41736.225000000006,213.76249999995343,1666.4750000000058,143.82500000001164,-5209.125,-21247.25,89.91250000000582,8072.0,690.9124999999985,-6332.162500000006,0.3999999999999999,-0.26249999999999996,0.11249999999999716,-0.0625,-0.3875000000000002,-0.5250000000000057,0.05,0.2124999999999999,-0.3500000000000001,-0.30000000000000004,0.0625,-0.5
-41930.225000000006,293.76249999995343,1704.4750000000058,269.82500000001164,-5242.125,-21042.25,86.91250000000582,8191.0,575.9124999999985,-6290.162500000006,0.3999999999999999,-0.26249999999999996,-0.8875000000000028,-0.0625,-0.3875000000000002,-0.5250000000000057,0.05,-0.7875000000000001,-0.3500000000000001,-0.30000000000000004,0.0625,-0.5
-41821.225000000006,101.76249999995343,1756.4750000000058,62.82500000001164,-4971.125,-21203.25,117.91250000000582,8343.0,280.91249999999854,-6363.162500000006,-0.6000000000000001,-0.26249999999999996,1.1124999999999972,-0.0625,-0.3875000000000002,-0.5250000000000057,0.05,0.2124999999999999,0.6499999999999999,-0.30000000000000004,0.0625,-0.5
-41983.225000000006,207.76249999995343,1823.4750000000058,176.82500000001164,-5015.125,-21305.25,32.91250000000582,8284.0,117.91249999999854,-6461.162500000006,-0.6000000000000001,0.7375,1.1124999999999972,-0.0625,-0.3875000000000002,0.4749999999999943,0.05,0.2124999999999999,-0.3500000000000001,0.7,0.0625,0.5
-41850.225000000006,148.76249999995343,1688.4750000000058,228.82500000001164,-5023.125,-21310.25,51.91250000000582,8274.0,107.91249999999854,-6459.162500000006,0.3999999999999999,-0.26249999999999996,0.11249999999999716,-0.0625,-0.3875000000000002,-0.5250000000000057,0.05,0.2124999999999999,-0.3500000000000001,0.7,0.0625,-0.5
-41757.225000000006,19.762499999953434,1609.4750000000058,46.82500000001164,-5020.125,-21315.25,-11.08749999999418,8112.0,175.91249999999854,-6435.162500000006,-0.6000000000000001,-0.26249999999999996,1.1124999999999972,0.9375,0.6124999999999998,-0.5250000000000057,0.05,-0.7875000000000001,-0.3500000000000001,-0.30000000000000004,0.0625,-0.5
-41771.225000000006,-30.237500000046566,1634.4750000000058,150.82500000001164,-4938.125,-21176.25,-56.08749999999418,8086.0,270.91249999999854,-6330.162500000006,0.3999999999999999,-0.26249999999999996,-0.8875000000000028,-0.0625,0.6124999999999998,-0.5250000000000057,0.05,0.2124999999999999,-0.3500000000000001,-0.30000000000000004,0.0625,-0.5
-41874.225000000006,-18.237500000046566,1580.4750000000058,184.82500000001164,-4903.125,-21173.25,89.91250000000582,8200.0,275.91249999999854,-6464.162500000006,0.3999999999999999,0.7375,-0.8875000000000028,-0.0625,-0.3875000000000002,0.4749999999999943,0.05,0.2124999999999999,0.6499999999999999,-0.30000000000000004,0.0625,-0.5
-41838.225000000006,98.76249999995343,1730.4750000000058,-27.17499999998836,-5113.125,-21091.25,135.91250000000582,8115.0,134.91249999999854,-6381.162500000006,-0.6000000000000001,-0.26249999999999996,0.11249999999999716,-0.0625,-0.3875000000000002,0.4749999999999943,0.05,0.2124999999999999,-0.3500000000000001,0.7,0.0625,-0.5
-41952.225000000006,1.7624999999534339,1651.4750000000058,14.825000000011642,-4983.125,-21113.25,240.91250000000582,8134.0,289.91249999999854,-6412.162500000006,0.3999999999999999,-0.26249999999999996,0.11249999999999716,-0.0625,-0.3875000000000002,0.4749999999999943,0.05,0.2124999999999999,0.6499999999999999,0.7,-0.9375,-0.5
-41868.225000000006,-0.23750000004656613,1530.4750000000058,21.82500000001164,-5199.125,-21082.25,83.91250000000582,8209.0,315.91249999999854,-6444.162500000006,0.3999999999999999,-0.26249999999999996,1.1124999999999972,-0.0625,-0.3875000000000002,-0.5250000000000057,0.05,0.2124999999999999,-0.3500000000000001,0.7,0.0625,0.5
-41794.225000000006,27.762499999953434,1723.4750000000058,-101.17499999998836,-5167.125,-21063.25,-45.08749999999418,8168.0,168.91249999999854,-6436.162500000006,0.3999999999999999,-0.26249999999999996,1.1124999999999972,-0.0625,-0.3875000000000002,0.4749999999999943,0.05,0.2124999999999999,-0.3500000000000001,-0.30000000000000004,0.0625,-0.5
-41764.225000000006,-57.237500000046566,1712.4750000000058,-186.17499999998836,-5018.125,-21072.25,-70.08749999999418,8206.0,260.91249999999854,-6508.162500000006,0.3999999999999999,-0.26249999999999996,-0.8875000000000028,0.9375,0.6124999999999998,-0.5250000000000057,0.05,0.2124999999999999,-0.3500000000000001,-0.30000000000000004,0.0625,-0.5
-41743.225000000006,24.762499999953434,1592.4750000000058,-315.17499999998836,-5021.125,-21113.25,-49.08749999999418,8171.0,112.91249999999854,-6434.162500000006,0.3999999999999999,0.7375,0.11249999999999716,0.9375,-0.3875000000000002,0.4749999999999943,-0.95,0.2124999999999999,-1.35,-0.30000000000000004,0.0625,0.5
-41768.225000000006,60.762499999953434,1702.4750000000058,-457.17499999998836,-5070.125,-21155.25,-25.08749999999418,8255.0,-43.087500000001455,-6489.162500000006,0.3999999999999999,0.7375,0.11249999999999716,-0.0625,-0.3875000000000002,-0.5250000000000057,0.05,-0.7875000000000001,-0.3500000000000001,0.7,0.0625,0.5
-41961.225000000006,-47.237500000046566,1715.4750000000058,-391.17499999998836,-5081.125,-21123.25,-332.0874999999942,8288.0,14.912499999998545,-6321.162500000006,-0.6000000000000001,0.7375,-0.8875000000000028,-0.0625,0.6124999999999998,-0.5250000000000057,0.05,0.2124999999999999,-1.35,-0.30000000000000004,0.0625,0.5
-41830.225000000006,-54.237500000046566,1706.4750000000058,-384.17499999998836,-5370.125,-21085.25,-274.0874999999942,8181.0,-87.08750000000146,-6600.162500000006,0.3999999999999999,-0.26249999999999996,-0.8875000000000028,-0.0625,-1.3875000000000002,0.4749999999999943,0.05,0.2124999999999999,-0.3500000000000001,-0.30000000000000004,0.0625,0.5
-41946.225000000006,-25.237500000046566,1658.4750000000058,-365.17499999998836,-5550.125,-21416.25,-25.08749999999418,8131.0,-165.08750000000146,-6885.162500000006,0.3999999999999999,-1.2625,0.11249999999999716,-0.0625,-0.3875000000000002,0.4749999999999943,0.05,0.2124999999999999,0.6499999999999999,0.7,0.0625,0.5
-41931.225000000006,11.762499999953434,1592.4750000000058,-374.17499999998836,-5830.125,-21615.25,17.91250000000582,8039.0,-119.08750000000146,-7184.162500000006,-0.6000000000000001,-0.26249999999999996,0.11249999999999716,-0.0625,-0.3875000000000002,-0.5250000000000057,0.05,0.2124999999999999,0.6499999999999999,0.7,-0.9375,0.5
-42005.225000000006,-16.237500000046566,1627.4750000000058,-239.17499999998836,-6127.125,-21785.25,-5.087499999994179,8098.0,-65.08750000000146,-7841.162500000006,0.3999999999999999,0.7375,-1.8875000000000028,-0.0625,0.6124999999999998,0.4749999999999943,0.05,-0.7875000000000001,0.6499999999999999,-0.30000000000000004,0.0625,0.5
-41987.225000000006,-511.23750000004657,1528.4750000000058,-300.17499999998836,-5916.125,-21671.25,132.91250000000582,8054.0,84.91249999999854,-7793.162500000006,0.3999999999999999,-0.26249999999999996,0.11249999999999716,-0.0625,-0.3875000000000002,0.4749999999999943,0.05,0.2124999999999999,-0.3500000000000001,0.7,0.0625,-0.5
-41931.225000000006,-224.23750000004657,1390.4750000000058,-73.17499999998836,-5786.125,-21655.25,109.91250000000582,7976.0,350.91249999999854,-7352.162500000006,0.3999999999999999,0.7375,-0.8875000000000028,-0.0625,0.6124999999999998,0.4749999999999943,0.05,0.2124999999999999,0.6499999999999999,-0.30000000000000004,0.0625,-0.5
-42120.225000000006,-358.23750000004657,1196.4750000000058,-115.17499999998836,-5716.125,-21804.25,72.91250000000582,8048.0,312.91249999999854,-7090.162500000006,0.3999999999999999,-1.2625,-0.8875000000000028,-0.0625,0.6124999999999998,0.4749999999999943,0.05,0.2124999999999999,-0.3500000000000001,-0.30000000000000004,0.0625,-0.5
-42023.225000000006,-332.23750000004657,1177.4750000000058,-156.17499999998836,-5582.125,-21569.25,-62.08749999999418,8026.0,356.91249999999854,-7048.162500000006,-0.6000000000000001,0.7375,2.112499999999997,-0.0625,-1.3875000000000002,0.4749999999999943,0.05,0.2124999999999999,-0.3500000000000001,0.7,0.0625,-0.5
-42029.225000000006,-267.23750000004657,1267.4750000000058,70.82500000001164,-5541.125,-21550.25,236.91250000000582,8011.0,415.91249999999854,-6986.162500000006,0.3999999999999999,-0.26249999999999996,0.11249999999999716,-1.0625,-0.3875000000000002,-0.5250000000000057,0.05,0.2124999999999999,0.6499999999999999,-1.3,0.0625,-1.5
-41821.225000000006,-336.23750000004657,1131.4750000000058,158.82500000001164,-5592.125,-21781.25,177.91250000000582,7853.0,439.91249999999854,-6776.162500000006,-0.6000000000000001,-0.26249999999999996,0.11249999999999716,0.9375,-0.3875000000000002,-0.5250000000000057,-0.95,0.2124999999999999,-0.3500000000000001,0.7,0.0625,0.5
-41713.225000000006,-40.237500000046566,1007.4750000000058,99.82500000001164,-5429.125,-21653.25,155.91250000000582,7889.0,591.9124999999985,-6911.162500000006,0.3999999999999999,-0.26249999999999996,0.11249999999999716,-0.0625,-0.3875000000000002,0.4749999999999943,0.05,-0.7875000000000001,-0.3500000000000001,-0.30000000000000004,0.0625,0.5
-41836.225000000006,-221.23750000004657,972.4750000000058,35.82500000001164,-5509.125,-21763.25,150.91250000000582,7930.0,601.9124999999985,-7066.162500000006,-0.6000000000000001,-0.26249999999999996,-0.8875000000000028,-0.0625,-1.3875000000000002,-1.5250000000000057,0.05,0.2124999999999999,0.6499999999999999,0.7,0.0625,-0.5
-41921.225000000006,-171.23750000004657,1181.4750000000058,135.82500000001164,-5597.125,-21915.25,83.91250000000582,7960.0,444.91249999999854,-7361.162500000006,0.3999999999999999,-1.2625,0.11249999999999716,-0.0625,-0.3875000000000002,-0.5250000000000057,0.05,0.2124999999999999,-0.3500000000000001,-0.30000000000000004,0.0625,-0.5
-41904.225000000006,-159.23750000004657,1292.4750000000058,10.825000000011642,-5694.125,-21925.25,180.91250000000582,7910.0,345.91249999999854,-7584.162500000006,0.3999999999999999,0.7375,2.112499999999997,1.9375,0.6124999999999998,1.4749999999999943,0.05,0.2124999999999999,-0.3500000000000001,0.7,0.0625,2.5
-42249.225000000006,52.762499999953434,1361.4750000000058,-68.17499999998836,-5732.125,-22021.25,391.9125000000058,8085.0,126.91249999999854,-7647.162500000006,1.4,-1.2625,-1.8875000000000028,-0.0625,0.6124999999999998,-1.5250000000000057,0.05,0.2124999999999999,-0.3500000000000001,0.7,0.0625,-1.5
-42101.225000000006,353.76249999995343,1339.4750000000058,-395.17499999998836,-5669.125,-22057.25,549.9125000000058,8411.0,-141.08750000000146,-7543.162500000006,1.4,-0.26249999999999996,1.1124999999999972,1.9375,0.6124999999999998,-1.5250000000000057,0.05,0.2124999999999999,-0.3500000000000001,-0.30000000000000004,1.0625,0.5
-41192.225000000006,-669.2375000000466,1162.4750000000058,-770.1749999999884,-6610.125,-21465.25,-519.0874999999942,8220.0,-400.08750000000146,-8711.162500000006,-0.6000000000000001,-0.26249999999999996,1.1124999999999972,-2.0625,-1.3875000000000002,0.4749999999999943,0.05,0.2124999999999999,-0.3500000000000001,0.7,0.0625,0.5
-42510.225000000006,-277.23750000004657,1379.4750000000058,105.82500000001164,-6057.125,-22227.25,297.9125000000058,7966.0,536.9124999999985,-7399.162500000006,-0.6000000000000001,-0.26249999999999996,3.112499999999997,-0.0625,0.6124999999999998,0.4749999999999943,0.05,0.2124999999999999,-0.3500000000000001,-0.30000000000000004,1.0625,0.5
-42543.225000000006,341.76249999995343,1711.4750000000058,-273.17499999998836,-6449.125,-21884.25,443.9125000000058,7770.0,208.91249999999854,-7512.162500000006,-0.6000000000000001,0.7375,-2.887500000000003,-0.0625,0.6124999999999998,0.4749999999999943,0.05,0.2124999999999999,-0.3500000000000001,-1.3,0.0625,-2.5
-42947.225000000006,119.76249999995343,1852.4750000000058,43.82500000001164,-6064.125,-22062.25,397.9125000000058,8151.0,315.91249999999854,-7255.162500000006,0.3999999999999999,-0.26249999999999996,-2.887500000000003,-0.0625,0.6124999999999998,-0.5250000000000057,0.05,0.2124999999999999,0.6499999999999999,-0.30000000000000004,0.0625,-0.5
-41178.225000000006,-912.2375000000466,1604.4750000000058,-666.1749999999884,-7067.125,-21160.25,-508.0874999999942,8267.0,-520.0875000000015,-8295.162500000006,-0.6000000000000001,-0.26249999999999996,1.1124999999999972,-0.0625,1.6124999999999998,2.4749999999999943,0.05,0.2124999999999999,0.6499999999999999,0.7,1.0625,1.5
-42331.225000000006,-85.23750000004657,1759.4750000000058,-844.1749999999884,-7124.125,-21307.25,-554.0874999999942,8101.0,42.912499999998545,-8111.162500000006,0.3999999999999999,-0.26249999999999996,2.112499999999997,0.9375,0.6124999999999998,-1.5250000000000057,0.05,0.2124999999999999,-0.3500000000000001,-0.30000000000000004,1.0625,-0.5
-42911.225000000006,580.7624999999534,2029.4750000000058,261.82500000001164,-6419.125,-22033.25,550.9125000000058,8034.0,254.91249999999854,-7114.162500000006,1.4,-0.26249999999999996,-0.8875000000000028,-2.0625,0.6124999999999998,-1.5250000000000057,0.05,0.2124999999999999,-0.3500000000000001,0.7,0.0625,-0.5
-41754.225000000006,-335.23750000004657,1840.4750000000058,-601.1749999999884,-7119.125,-21720.25,162.91250000000582,8124.0,-580.0875000000015,-7322.162500000006,-0.6000000000000001,0.7375,3.112499999999997,-2.0625,-0.3875000000000002,-1.5250000000000057,0.05,0.2124999999999999,0.6499999999999999,0.7,1.0625,0.5
-42452.225000000006,-156.23750000004657,1750.4750000000058,198.82500000001164,-6102.125,-22102.25,440.9125000000058,8080.0,45.912499999998545,-7035.162500000006,-0.6000000000000001,-1.2625,1.1124999999999972,-1.0625,-1.3875000000000002,-1.5250000000000057,0.05,-0.7875000000000001,-0.3500000000000001,-0.30000000000000004,1.0625,-0.5
-42497.225000000006,218.76249999995343,1913.4750000000058,93.82500000001164,-6618.125,-21516.25,-129.08749999999418,8189.0,-170.08750000000146,-7923.162500000006,0.3999999999999999,-1.2625,0.11249999999999716,-0.0625,1.6124999999999998,-0.5250000000000057,0.05,0.2124999999999999,-0.3500000000000001,-1.3,1.0625,2.5
-41524.225000000006,-590.2375000000466,1473.4750000000058,-457.17499999998836,-6784.125,-21509.25,-174.08749999999418,8113.0,-778.0875000000015,-7869.162500000006,-0.6000000000000001,-0.26249999999999996,1.1124999999999972,-0.0625,0.6124999999999998,-0.5250000000000057,0.05,0.2124999999999999,-0.3500000000000001,-0.30000000000000004,1.0625,0.5
-42144.225000000006,-154.23750000004657,1679.4750000000058,169.82500000001164,-6279.125,-22112.25,112.91250000000582,7965.0,236.91249999999854,-7430.162500000006,-0.6000000000000001,-3.2625,-0.8875000000000028,-0.0625,-2.3875,-0.5250000000000057,0.05,1.2125,-0.3500000000000001,-0.30000000000000004,0.0625,2.5
-41930.225000000006,-210.23750000004657,1294.4750000000058,127.82500000001164,-6399.125,-21655.25,-97.08749999999418,7862.0,392.91249999999854,-7475.162500000006,1.4,0.7375,3.112499999999997,-1.0625,-0.3875000000000002,0.4749999999999943,0.05,-0.7875000000000001,0.6499999999999999,0.7,-1.9375,0.5
-41728.225000000006,-144.23750000004657,1206.4750000000058,-156.17499999998836,-6378.125,-21699.25,-157.08749999999418,8025.0,379.91249999999854,-7355.162500000006,-2.6,-1.2625,-3.887500000000003,-4.0625,-0.3875000000000002,-3.5250000000000057,0.05,0.2124999999999999,0.6499999999999999,1.7,2.0625,-4.5
-42109.225000000006,3211.7624999999534,1365.4750000000058,374.82500000001164,-5884.125,-1905.25,1356.9125000000058,7960.0,855.9124999999985,-7085.162500000006,-32.6,-20.2625,101.1125,108.9375,-33.3875,-0.5250000000000057,-0.95,0.2124999999999999,-0.3500000000000001,-6.3,-3.9375,12.5
-23881.225000000006,77417.76249999995,1055.4750000000058,-1496.1749999999884,-5980.125,123685.75,147652.9125,7171.0,-418.08750000000146,-7701.162500000006,48.4,18.7375,-52.8875,5.9375,-33.3875,90.475,-0.95,-1.7875,-0.3500000000000001,-4.3,-25.9375,26.5
2120.774999999994,197476.76249999995,6697.475000000006,-22.17499999998836,-3849.125,302542.75,214330.9125,4119.0,2027.9124999999985,-3955.162500000006,3.4,-10.2625,3.112499999999997,2.9375,-24.3875,-39.525000000000006,0.05,0.2124999999999999,-1.35,-2.3,-18.9375,-0.5
13252.774999999994,204299.76249999995,5391.475000000006,2133.8250000000116,-2911.125,330330.75,208329.9125,2890.0,3062.9124999999985,-2067.162500000006,-3.6,-3.2625,-13.887500000000003,-12.0625,17.6125,24.474999999999994,0.05,-0.7875000000000001,0.6499999999999999,7.7,13.0625,3.5
20785.774999999994,195365.76249999995,5056.475000000006,-822.1749999999884,-3768.125,245899.75,162607.9125,5999.0,-1220.0875000000015,-7883.162500000006,1.4,-2.2625,-16.887500000000003,-3.0625,5.6125,20.474999999999994,-0.95,1.2125,0.6499999999999999,-1.3,14.0625,10.5
-9298.225000000006,118166.76249999995,2085.475000000006,-605.1749999999884,-1728.125,175931.75,134181.9125,4989.0,-48.087500000001455,-8886.162500000006,-14.6,3.7375,26.112499999999997,4.9375,-5.3875,6.474999999999994,0.05,0.2124999999999999,-0.3500000000000001,7.7,0.0625,7.5
-20785.225000000006,64244.76249999995,1146.4750000000058,1435.8250000000116,851.875,147572.75,114981.9125,5551.0,1477.9124999999985,-5837.162500000006,2.4,-1.2625,-18.887500000000003,-5.0625,-11.3875,-14.525000000000006,0.05,-0.7875000000000001,-1.35,4.7,-9.9375,-1.5
-21962.225000000006,20482.762499999953,658.4750000000058,193.82500000001164,463.875,80704.75,86931.9125,6526.0,723.9124999999985,-6923.162500000006,-17.6,-18.2625,26.112499999999997,-3.0625,4.6125,-6.525000000000006,0.05,0.2124999999999999,-0.3500000000000001,-2.3,0.0625,-9.5
-12701.225000000006,61526.76249999995,-1037.5249999999942,-1032.1749999999884,-428.125,70765.75,56522.912500000006,7417.0,-784.0875000000015,-10166.162500000006,17.4,3.7375,-20.887500000000003,6.9375,0.6124999999999998,-11.525000000000006,0.05,0.2124999999999999,0.6499999999999999,1.7,-3.9375,1.5
-4650.225000000006,104308.76249999995,2279.475000000006,-433.17499999998836,-1050.125,88525.75,149009.9125,7138.0,308.91249999999854,-8286.162500000006,-2.6,-1.2625,10.112499999999997,-5.0625,7.6125,18.474999999999994,0.05,1.2125,-0.3500000000000001,2.7,5.0625,1.5
3091.774999999994,136665.76249999995,4519.475000000006,1160.8250000000116,-210.125,99924.75,171149.9125,5939.0,2693.9124999999985,-4670.162500000006,-4.6,-5.2625,10.112499999999997,-0.0625,-3.3875,8.474999999999994,0.05,0.2124999999999999,-0.3500000000000001,2.7,5.0625,2.5
10901.774999999994,140538.76249999995,4399.475000000006,74.82500000001164,-624.125,102452.75,187109.9125,6784.0,830.9124999999985,-7242.162500000006,7.4,11.7375,-20.887500000000003,3.9375,0.6124999999999998,-3.5250000000000057,-0.95,0.2124999999999999,-0.3500000000000001,1.7,1.0625,4.5
-2639.225000000006,81166.76249999995,1955.4750000000058,-61.17499999998836,-763.125,96231.75,143375.9125,6920.0,86.91249999999854,-7392.162500000006,3.4,2.7375,-4.887500000000003,-4.0625,1.6124999999999998,4.474999999999994,0.05,0.2124999999999999,-0.3500000000000001,-2.3,-2.9375,0.5
1086.7749999999942,82228.76249999995,1861.4750000000058,1007.8250000000116,46.875,95039.75,141547.9125,5944.0,1311.9124999999985,-5868.162500000006,-3.6,-2.2625,-0.8875000000000028,4.9375,1.6124999999999998,-12.525000000000006,0.05,-0.7875000000000001,-0.3500000000000001,-0.30000000000000004,-0.9375,-2.5
2529.774999999994,92293.76249999995,2155.475000000006,395.82500000001164,297.875,98478.75,138752.9125,6196.0,-405.08750000000146,-7651.162500000006,-1.6,-0.26249999999999996,-0.8875000000000028,-6.0625,-1.3875000000000002,1.4749999999999943,0.05,0.2124999999999999,-0.3500000000000001,-0.30000000000000004,-0.9375,0.5
8051.774999999994,94085.76249999995,1731.4750000000058,-1113.1749999999884,-1285.125,101872.75,139203.9125,6088.0,-1424.0875000000015,-9007.162500000006,0.3999999999999999,-3.2625,3.112499999999997,-4.0625,-0.3875000000000002,10.474999999999994,0.05,0.2124999999999999,-0.3500000000000001,-1.3,-1.9375,4.5
13008.774999999994,105253.76249999995,2252.475000000006,-37.17499999998836,550.875,99521.75,159094.9125,5637.0,-419.08750000000146,-7700.162500000006,-0.6000000000000001,-1.2625,2.112499999999997,-0.0625,1.6124999999999998,-3.5250000000000057,0.05,0.2124999999999999,-1.35,0.7,1.0625,-1.5
12184.774999999994,112999.76249999995,2071.475000000006,415.82500000001164,781.875,102688.75,168812.9125,5681.0,275.91249999999854,-5172.162500000006,1.4,-6.2625,-13.887500000000003,-2.0625,-4.3875,-9.525000000000006,0.05,0.2124999999999999,-0.3500000000000001,1.7,-0.9375,-2.5
7824.774999999994,71592.76249999995,566.4750000000058,-1198.1749999999884,-531.125,104520.75,155380.9125,6491.0,-1587.0875000000015,-8703.162500000006,-0.6000000000000001,-0.26249999999999996,-2.887500000000003,-1.0625,-2.3875,-4.525000000000006,0.05,0.2124999999999999,-0.3500000000000001,-1.3,0.0625,3.5
9039.774999999994,86295.76249999995,1200.4750000000058,1716.8250000000116,683.875,91379.75,156199.9125,5996.0,1253.9124999999985,-5363.162500000006,-0.6000000000000001,-1.2625,-5.887500000000003,-1.0625,-3.3875,-5.525000000000006,0.05,0.2124999999999999,-0.3500000000000001,0.7,0.0625,-3.5
15905.774999999994,97583.76249999995,1432.4750000000058,238.82500000001164,-1222.125,92963.75,163792.9125,6578.0,872.9124999999985,-7224.162500000006,-0.6000000000000001,1.7375,-1.8875000000000028,-5.0625,-2.3875,-1.5250000000000057,0.05,0.2124999999999999,-0.3500000000000001,-1.3,1.0625,3.5
19781.774999999994,96425.76249999995,1303.4750000000058,255.82500000001164,511.875,72835.75,152775.9125,5854.0,1699.9124999999985,-7076.162500000006,-1.6,2.7375,-5.887500000000003,2.9375,1.6124999999999998,-9.525000000000006,0.05,0.2124999999999999,-0.3500000000000001,-0.30000000000000004,-0.9375,-1.5
11219.774999999994,86964.76249999995,439.4750000000058,-378.17499999998836,557.875,74371.75,161056.9125,5636.0,342.91249999999854,-5108.162500000006,0.3999999999999999,-2.2625,4.112499999999997,-7.0625,-0.3875000000000002,-4.525000000000006,0.05,0.2124999999999999,-0.3500000000000001,-0.30000000000000004,0.0625,1.5
10724.774999999994,73299.76249999995,-84.52499999999418,-1071.1749999999884,-1088.125,75563.75,159832.9125,6590.0,-1123.0875000000015,-8470.162500000006,0.3999999999999999,0.7375,3.112499999999997,6.9375,-1.3875000000000002,-9.525000000000006,0.05,0.2124999999999999,0.6499999999999999,0.7,-1.9375,2.5
12266.774999999994,75480.76249999995,75.47500000000582,204.82500000001164,-368.125,59824.75,160194.9125,6337.0,-99.08750000000146,-6260.162500000006,-0.6000000000000001,-3.2625,1.1124999999999972,-3.0625,3.6125,9.474999999999994,0.05,0.2124999999999999,-1.35,0.7,-0.9375,3.5
4522.774999999994,83017.76249999995,423.4750000000058,594.8250000000116,577.875,60311.75,166938.9125,5798.0,884.9124999999985,-5859.162500000006,2.4,-2.2625,-10.887500000000003,4.9375,3.6125,6.474999999999994,0.05,0.2124999999999999,-1.35,0.7,2.0625,-3.5
6137.774999999994,96358.76249999995,592.4750000000058,377.82500000001164,-78.125,58622.75,167255.9125,6003.0,-53.087500000001455,-6455.162500000006,-1.6,1.7375,2.112499999999997,-1.0625,1.6124999999999998,5.474999999999994,0.05,0.2124999999999999,0.6499999999999999,1.7,2.0625,2.5
853.7749999999942,78473.76249999995,-382.5249999999942,-790.1749999999884,-255.125,59003.75,169067.9125,5659.0,-364.08750000000146,-7501.162500000006,-0.6000000000000001,-2.2625,1.1124999999999972,-1.0625,5.6125,6.474999999999994,0.05,0.2124999999999999,0.6499999999999999,-0.30000000000000004,0.0625,0.5
-5509.225000000006,67140.76249999995,-15.52499999999418,201.82500000001164,611.875,46262.75,161635.9125,5835.0,832.9124999999985,-6851.162500000006,-2.6,-6.2625,2.112499999999997,5.9375,-0.3875000000000002,-13.525000000000006,0.05,0.2124999999999999,-0.3500000000000001,1.7,0.0625,-0.5
-10220.225000000006,73104.76249999995,-120.52499999999418,-58.17499999998836,473.875,35199.75,146187.9125,6025.0,495.91249999999854,-7376.162500000006,-0.6000000000000001,-0.26249999999999996,3.112499999999997,5.9375,3.6125,-24.525000000000006,0.05,0.2124999999999999,0.6499999999999999,-0.30000000000000004,-0.9375,-1.5
-11392.225000000006,79073.76249999995,-248.52499999999418,-346.17499999998836,-205.125,33987.75,161529.9125,5841.0,-267.08750000000146,-7446.162500000006,0.3999999999999999,2.7375,2.112499999999997,-10.0625,2.6125,3.4749999999999943,0.05,0.2124999999999999,-0.3500000000000001,-1.3,-0.9375,-2.5
-9126.225000000006,79690.76249999995,-14.52499999999418,288.82500000001164,332.875,34383.75,177423.9125,5615.0,570.9124999999985,-6941.162500000006,-4.6,1.7375,27.112499999999997,-1.0625,-14.3875,-13.525000000000006,0.05,0.2124999999999999,-0.3500000000000001,-1.3,0.0625,1.5
-9002.225000000006,89618.76249999995,259.4750000000058,348.82500000001164,631.875,24691.75,174297.9125,5720.0,1145.9124999999985,-6071.162500000006,-1.6,-3.2625,-13.887500000000003,-5.0625,3.6125,4.474999999999994,0.05,0.2124999999999999,-0.3500000000000001,0.7,-2.9375,0.5
-23960.225000000006,93927.76249999995,473.4750000000058,258.82500000001164,485.875,21113.75,169150.9125,5550.0,131.91249999999854,-6259.162500000006,0.3999999999999999,-3.2625,-5.887500000000003,9.9375,-10.3875,-40.525000000000006,0.05,0.2124999999999999,-0.3500000000000001,-0.30000000000000004,4.0625,-2.5
-22763.225000000006,74466.76249999995,-271.5249999999942,-610.1749999999884,84.875,16101.75,176615.9125,5766.0,204.91249999999854,-7551.162500000006,6.4,-4.2625,5.112499999999997,-8.0625,3.6125,-8.525000000000006,0.05,0.2124999999999999,-0.3500000000000001,1.7,3.0625,-0.5
-28858.225000000006,79618.76249999995,276.4750000000058,159.82500000001164,704.875,4204.75,150528.9125,6296.0,1026.9124999999985,-6639.162500000006,2.4,1.7375,-20.887500000000003,4.9375,1.6124999999999998,17.474999999999994,0.05,-0.7875000000000001,0.6499999999999999,1.7,3.0625,6.5
-32865.225000000006,71388.76249999995,-351.5249999999942,48.82500000001164,815.875,3069.75,159609.9125,5410.0,566.9124999999985,-6003.162500000006,-0.6000000000000001,-5.2625,-18.887500000000003,-3.0625,-5.3875,-4.525000000000006,0.05,0.2124999999999999,-1.35,-0.30000000000000004,0.0625,-4.5
-33697.225000000006,90325.76249999995,-210.52499999999418,-567.1749999999884,-162.125,-767.25,179897.9125,5900.0,32.912499999998545,-7006.162500000006,-6.6,-12.2625,2.112499999999997,-1.0625,-5.3875,13.474999999999994,-0.95,0.2124999999999999,-0.3500000000000001,0.7,-2.9375,-0.5
-45162.225000000006,94517.76249999995,-28.52499999999418,-141.17499999998836,864.875,-15741.25,179155.9125,5050.0,369.91249999999854,-6656.162500000006,0.3999999999999999,1.7375,-7.887500000000003,0.9375,-2.3875,-29.525000000000006,0.05,-0.7875000000000001,0.6499999999999999,0.7,1.0625,-1.5
-45681.225000000006,77465.76249999995,-13.52499999999418,1068.8250000000116,1602.875,-22842.25,176632.9125,4828.0,2109.9124999999985,-4605.162500000006,1.4,7.7375,4.112499999999997,-1.0625,1.6124999999999998,-28.525000000000006,0.05,0.2124999999999999,-0.3500000000000001,-0.30000000000000004,1.0625,0.5
-53474.225000000006,87125.76249999995,152.47500000000582,42.82500000001164,66.875,-29077.25,155070.9125,5948.0,-151.08750000000146,-6776.162500000006,-5.6,-12.2625,21.112499999999997,-1.0625,-3.3875,-4.525000000000006,0.05,0.2124999999999999,0.6499999999999999,-1.3,-0.9375,11.5
-49950.225000000006,58073.76249999995,-327.5249999999942,-327.17499999998836,202.875,-34828.25,173390.9125,5891.0,-440.08750000000146,-7540.162500000006,4.4,-3.2625,-1.8875000000000028,-14.0625,22.6125,38.474999999999994,0.05,0.2124999999999999,-1.35,-1.3,-0.9375,14.5
-69522.225,80415.76249999995,604.4750000000058,301.82500000001164,454.875,-35298.25,163340.9125,6024.0,1013.9124999999985,-5914.162500000006,14.4,0.7375,-22.887500000000003,18.9375,-0.3875000000000002,-23.525000000000006,0.05,0.2124999999999999,-0.3500000000000001,-3.3,0.0625,10.5
-64516.225000000006,84068.76249999995,384.4750000000058,757.8250000000116,1612.875,-44173.25,184127.9125,4786.0,1387.9124999999985,-4387.162500000006,-22.6,-14.2625,43.1125,-25.0625,-6.3875,8.474999999999994,0.05,1.2125,-0.3500000000000001,-0.30000000000000004,3.0625,6.5
-72457.225,74229.76249999995,-168.52499999999418,-658.1749999999884,118.875,-37332.25,172356.9125,5006.0,-936.0875000000015,-7525.162500000006,1.4,-15.2625,12.112499999999997,-27.0625,13.6125,16.474999999999994,0.05,-0.7875000000000001,1.65,-2.3,-13.9375,2.5
-71684.225,78638.76249999995,-107.52499999999418,7.8250000000116415,1213.875,-31938.25,171020.9125,5268.0,-1010.0875000000015,-6667.162500000006,-1.6,-18.2625,13.112499999999997,19.9375,6.6125,-21.525000000000006,-0.95,0.2124999999999999,-1.35,-2.3,-8.9375,4.5
-89021.225,79879.76249999995,-906.5249999999942,333.82500000001164,2409.875,-34954.25,186534.9125,3799.0,962.9124999999985,-4079.162500000006,4.4,-9.2625,-11.887500000000003,-4.0625,-5.3875,6.474999999999994,0.05,0.2124999999999999,0.6499999999999999,-2.3,-5.9375,5.5
-94463.225,82534.76249999995,-167.52499999999418,503.82500000001164,2330.875,-26192.25,172989.9125,3515.0,-518.0875000000015,-5946.162500000006,-5.6,-1.2625,11.112499999999997,16.9375,-2.3875,-24.525000000000006,0.05,0.2124999999999999,-0.3500000000000001,0.7,1.0625,5.5
-67134.225,54205.76249999995,-1499.5249999999942,-234.17499999998836,2409.875,-23580.25,164751.9125,3649.0,-273.08750000000146,-5050.162500000006,-0.6000000000000001,-11.2625,-17.887500000000003,28.9375,2.6125,-17.525000000000006,0.05,0.2124999999999999,-0.3500000000000001,2.7,3.0625,1.5
-45222.225000000006,23730.762499999953,-1130.5249999999942,-394.17499999998836,857.875,-22528.25,161181.9125,4846.0,-704.0875000000015,-6687.162500000006,12.4,19.7375,-26.887500000000003,-17.0625,0.6124999999999998,-4.525000000000006,0.05,-0.7875000000000001,1.65,1.7,5.0625,1.5
-35119.225000000006,5108.762499999953,-645.5249999999942,585.8250000000116,2901.875,-27412.25,160850.9125,4978.0,1235.9124999999985,-4369.162500000006,-4.6,-7.2625,22.112499999999997,38.9375,5.6125,14.474999999999994,0.05,0.2124999999999999,0.6499999999999999,-0.30000000000000004,-1.9375,-5.5
-35234.225000000006,919.7624999999534,-818.5249999999942,341.82500000001164,3695.875,-18672.25,121324.9125,24618.0,307.91249999999854,-5198.162500000006,-1.6,-1.2625,7.112499999999997,-40.0625,-18.3875,27.474999999999994,0.05,-0.7875000000000001,0.6499999999999999,-0.30000000000000004,-2.9375,-13.5
-33646.225000000006,-289.23750000004657,-3124.524999999994,557.8250000000116,3854.875,-15341.25,38380.912500000006,45280.0,1738.9124999999985,-2406.162500000006,57.4,-38.2625,-179.8875,-45.0625,61.6125,-227.525,-0.95,1.2125,-0.3500000000000001,8.7,-8.9375,-11.5
-27067.225000000006,16413.762499999953,-3499.524999999994,-485.17499999998836,1955.875,-4909.25,1578.9125000000058,65822.0,679.9124999999985,-4138.162500000006,-3.6,73.7375,-40.8875,23.9375,-64.3875,-81.525,-0.95,3.2125,-0.3500000000000001,6.7,24.0625,-9.5
6915.774999999994,164385.76249999995,716.4750000000058,-1324.1749999999884,-433.125,175516.75,241746.9125,70534.0,-1970.0875000000015,-6027.162500000006,36.4,9.7375,-34.8875,132.9375,23.6125,10.474999999999994,2.05,-0.7875000000000001,2.65,-18.3,33.0625,-8.5
20134.774999999994,316105.76249999995,11609.475000000006,-589.1749999999884,-3775.125,404171.75,253443.9125,50957.0,3783.9124999999985,-8318.162500000006,8.4,16.7375,-30.887500000000003,-117.0625,13.6125,-98.525,-0.95,-0.7875000000000001,-0.3500000000000001,-5.3,-4.9375,-45.5
19804.774999999994,298542.76249999995,8789.475000000006,3077.8250000000116,-1379.125,275997.75,198461.9125,-7820.0,4886.9124999999985,-3534.162500000006,-31.6,3.7375,47.1125,39.9375,22.6125,-0.5250000000000057,0.05,-1.7875,-1.35,12.7,-12.9375,-36.5
36706.774999999994,289194.76249999995,14115.475000000006,-4448.174999999988,-3483.125,-23886.25,153148.9125,5028.0,-831.0875000000015,-13390.162500000006,7.4,-1.2625,-10.887500000000003,-13.0625,-22.3875,10.474999999999994,0.05,-0.7875000000000001,2.65,-17.3,1.0625,-25.5
-13344.225000000006,247932.76249999995,11934.475000000006,760.8250000000116,1815.875,58918.75,202824.9125,50128.0,-4881.0875000000015,-6302.162500000006,13.4,53.7375,-21.887500000000003,12.9375,-25.3875,-21.525000000000006,0.05,1.2125,-0.3500000000000001,6.7,1.0625,-6.5
-26456.225000000006,197619.76249999995,1662.4750000000058,3211.8250000000116,-5973.125,95790.75,192969.9125,82098.0,5118.9124999999985,3583.837499999994,-14.6,-5.2625,25.112499999999997,-13.0625,12.6125,9.474999999999994,0.05,1.2125,-1.35,-4.3,-5.9375,-29.5
-18671.225000000006,151963.76249999995,-1581.5249999999942,1388.8250000000116,-3158.125,32886.75,124655.9125,55301.0,-3031.0875000000015,-6256.162500000006,3.4,-28.2625,-25.887500000000003,-2.0625,-9.3875,-24.525000000000006,0.05,-1.7875,1.65,8.7,-4.9375,5.5
-24115.225000000006,69250.76249999995,-13679.524999999994,-3315.1749999999884,147.875,6964.75,72823.9125,51194.0,-906.0875000000015,-9483.162500000006,15.4,-6.2625,-31.887500000000003,-6.0625,-9.3875,-10.525000000000006,0.05,0.2124999999999999,1.65,-2.3,5.0625,5.5
-61359.225000000006,9477.762499999953,-17908.524999999994,-663.1749999999884,5216.875,-9856.25,5309.912500000006,49142.0,265.91249999999854,-3830.162500000006,2.4,-14.2625,-10.887500000000003,2.9375,-2.3875,-6.525000000000006,-0.95,0.2124999999999999,0.6499999999999999,-1.3,12.0625,-0.5
-72836.225,3454.7624999999534,-16085.524999999994,2576.8250000000116,8166.875,-16629.25,3924.912500000006,52871.0,3002.9124999999985,1276.8374999999942,-1.6,-25.2625,-8.887500000000003,-10.0625,-11.3875,-48.525000000000006,-0.95,1.2125,-2.35,1.7,10.0625,-21.5
-70569.225,3841.7624999999534,-11606.524999999994,86452.82500000001,36832.875,-14880.25,17600.912500000006,60161.0,2683.9124999999985,-5453.162500000006,41.4,-32.2625,-66.8875,-68.0625,-4.3875,34.474999999999994,1.05,0.2124999999999999,1.65,12.7,-5.9375,-1.5
-55198.225000000006,72110.76249999995,-312.5249999999942,155660.825,88598.875,13947.75,133606.9125,56350.0,1142.9124999999985,-5841.162500000006,6.4,-20.2625,20.112499999999997,44.9375,16.6125,-51.525000000000006,-1.95,0.2124999999999999,-2.35,-11.3,0.0625,-9.5
-65674.225,220001.76249999995,17576.475000000006,155280.825,75582.875,-7207.25,208049.9125,52650.0,46585.9125,12308.837499999994,10.4,-37.2625,-12.887500000000003,-30.0625,11.6125,-4.525000000000006,0.05,-2.7875,1.65,-20.3,12.0625,-29.5
-80110.225,180970.76249999995,19485.475000000006,186199.825,38927.875,-4793.25,160729.9125,32367.0,131839.9125,73128.8375,1.4,3.7375,11.112499999999997,2.9375,0.6124999999999998,-27.525000000000006,0.05,0.2124999999999999,-2.35,33.7,6.0625,8.5
-76047.225,265192.76249999995,17060.475000000006,212030.825,-2707.125,-15882.25,225757.9125,13035.0,156612.9125,98432.8375,3.4,-12.2625,18.112499999999997,7.9375,-10.3875,62.474999999999994,0.05,0.2124999999999999,0.6499999999999999,-21.3,9.0625,-25.5
-103796.225,216091.76249999995,16163.475000000006,169353.825,51059.875,-12407.25,198275.9125,5341.0,165751.9125,78303.8375,-3.6,16.7375,11.112499999999997,-5.0625,-1.3875000000000002,14.474999999999994,0.05,-1.7875,0.6499999999999999,2.7,3.0625,3.5
-103340.225,178520.76249999995,11562.475000000006,177003.825,42802.875,-12315.25,157374.9125,3627.0,167519.9125,77566.8375,-8.6,-2.2625,20.112499999999997,-14.0625,0.6124999999999998,44.474999999999994,0.05,-0.7875000000000001,2.65,-13.3,3.0625,-16.5
-106667.225,193569.76249999995,12827.475000000006,180367.825,42174.875,-19976.25,177111.9125,2597.0,185490.9125,82069.8375,3.4,-8.2625,-13.887500000000003,29.9375,-0.3875000000000002,-0.5250000000000057,0.05,0.2124999999999999,-1.35,-7.3,9.0625,-30.5
-88813.225,125647.76249999995,10515.475000000006,172025.825,31821.875,-11813.25,122280.9125,775.0,187918.9125,87730.8375,6.4,9.7375,-33.8875,-14.0625,9.6125,31.474999999999994,0.05,0.2124999999999999,-1.35,17.7,9.0625,12.5
-85637.225,85702.76249999995,6261.475000000006,150816.825,34117.875,-4395.25,74799.9125,2094.0,149387.9125,60890.837499999994,9.4,3.7375,-19.887500000000003,16.9375,9.6125,-1.5250000000000057,0.05,-0.7875000000000001,0.6499999999999999,-12.3,1.0625,-23.5
-87830.225,101410.76249999995,3908.475000000006,133301.825,45576.875,-1438.25,80327.9125,2589.0,134622.9125,39031.837499999994,7.4,-9.2625,5.112499999999997,9.9375,9.6125,42.474999999999994,-0.95,0.2124999999999999,-1.35,16.7,7.0625,14.5
-87101.225,83562.76249999995,7020.475000000006,156097.825,39207.875,-1474.25,67830.9125,822.0,148566.9125,47384.837499999994,-4.6,10.7375,6.112499999999997,-1.0625,-2.3875,6.474999999999994,0.05,-0.7875000000000001,-0.3500000000000001,10.7,4.0625,2.5
-112594.225,148544.76249999995,8930.475000000006,162713.825,43883.875,-6807.25,139428.9125,1370.0,158673.9125,49109.837499999994,15.4,0.7375,-29.887500000000003,21.9375,0.6124999999999998,3.4749999999999943,0.05,0.2124999999999999,-0.3500000000000001,14.7,-6.9375,-13.5
-117614.225,141857.76249999995,8168.475000000006,165685.825,40724.875,-1056.25,140169.9125,3135.0,153675.9125,34272.837499999994,-2.6,-17.2625,20.112499999999997,-9.0625,-0.3875000000000002,24.474999999999994,0.05,0.2124999999999999,0.6499999999999999,-30.3,9.0625,-11.5
-124907.225,180706.76249999995,11050.475000000006,177744.825,19251.875,-4751.25,183014.9125,3137.0,154915.9125,35717.837499999994,-15.6,-1.2625,23.112499999999997,-10.0625,-1.3875000000000002,7.474999999999994,0.05,0.2124999999999999,-0.3500000000000001,43.7,-1.9375,21.5
-132313.225,184928.76249999995,14088.475000000006,181942.825,38639.875,-4621.25,182870.9125,2953.0,162009.9125,41135.837499999994,23.4,-0.26249999999999996,-34.8875,12.9375,-0.3875000000000002,-13.525000000000006,0.05,0.2124999999999999,-1.35,17.7,-0.9375,5.5
-141140.225,206354.76249999995,14532.475000000006,175500.825,20564.875,-9223.25,199203.9125,2654.0,163667.9125,41414.837499999994,-7.6,7.7375,15.112499999999997,-9.0625,-11.3875,1.4749999999999943,1.05,-0.7875000000000001,0.6499999999999999,7.7,3.0625,-2.5
-134727.225,199413.76249999995,14227.475000000006,170715.825,28757.875,-8364.25,207283.9125,4472.0,160485.9125,27309.837499999994,-0.6000000000000001,3.7375,7.112499999999997,6.9375,3.6125,-3.5250000000000057,0.05,-0.7875000000000001,0.6499999999999999,1.7,-1.9375,0.5
-121599.225,175700.76249999995,13157.475000000006,176492.825,35531.875,-9903.25,176563.9125,2361.0,166616.9125,42066.837499999994,-3.6,4.7375,2.112499999999997,5.9375,-2.3875,-11.525000000000006,0.05,0.2124999999999999,0.6499999999999999,7.7,1.0625,-0.5
-111857.225,157937.76249999995,11973.475000000006,150918.825,9340.875,-9262.25,149166.9125,3390.0,142955.9125,32241.837499999994,-3.6,1.7375,7.112499999999997,-7.0625,-1.3875000000000002,7.474999999999994,0.05,0.2124999999999999,-0.3500000000000001,-0.30000000000000004,-1.9375,3.5
-107799.225,149786.76249999995,10658.475000000006,135328.825,30389.875,-9723.25,142602.9125,3257.0,126614.9125,17969.837499999994,1.4,-2.2625,-2.887500000000003,6.9375,0.6124999999999998,-9.525000000000006,0.05,0.2124999999999999,-0.3500000000000001,-0.30000000000000004,0.0625,3.5
-105248.225,139314.76249999995,10114.475000000006,153156.825,37586.875,-9687.25,135811.9125,2324.0,144705.9125,16102.837499999994,2.4,-1.2625,-5.887500000000003,-0.0625,-3.3875,-4.525000000000006,0.05,0.2124999999999999,0.6499999999999999,-0.30000000000000004,-0.9375,1.5
-107627.225,143123.76249999995,10066.475000000006,176015.825,41810.875,-11160.25,138879.9125,2273.0,163900.9125,24112.837499999994,-0.6000000000000001,-3.2625,0.11249999999999716,1.9375,-2.3875,-4.525000000000006,0.05,-0.7875000000000001,0.6499999999999999,0.7,0.0625,-0.5
-111894.225,154285.76249999995,10017.475000000006,179168.825,41297.875,-11274.25,149626.9125,2452.0,162940.9125,30585.837499999994,3.4,-0.26249999999999996,-4.887500000000003,-5.0625,-0.3875000000000002,5.474999999999994,0.05,-0.7875000000000001,0.6499999999999999,0.7,0.0625,2.5
-114486.225,162101.76249999995,10265.475000000006,150007.825,40483.875,-10650.25,158864.9125,2486.0,154881.9125,30880.837499999994,1.4,1.7375,0.11249999999999716,5.9375,0.6124999999999998,-5.525000000000006,0.05,0.2124999999999999,0.6499999999999999,-0.30000000000000004,0.0625,-0.5
-114976.225,164870.76249999995,11011.475000000006,154840.825,27598.875,-9222.25,161110.9125,2610.0,146356.9125,34038.837499999994,-1.6,0.7375,4.112499999999997,1.9375,-0.3875000000000002,-2.5250000000000057,0.05,-0.7875000000000001,-0.3500000000000001,0.7,0.0625,-0.5
-117825.225,171172.76249999995,11798.475000000006,158492.825,19015.875,-9528.25,166078.9125,2780.0,145462.9125,38562.837499999994,0.3999999999999999,-2.2625,-1.8875000000000028,1.9375,-1.3875000000000002,-1.5250000000000057,0.05,-0.7875000000000001,-0.3500000000000001,-0.30000000000000004,0.0625,-0.5
-121141.225,176131.76249999995,12013.475000000006,156383.825,16498.875,-8570.25,170073.9125,2546.0,142897.9125,40259.837499999994,-0.6000000000000001,-0.26249999999999996,0.11249999999999716,-2.0625,-0.3875000000000002,3.4749999999999943,0.05,0.2124999999999999,-0.3500000000000001,-0.30000000000000004,0.0625,1.5
-122601.225,180599.76249999995,12419.475000000006,152801.825,14955.875,-7957.25,173694.9125,2741.0,142681.9125,41714.837499999994,-0.6000000000000001,0.7375,1.1124999999999972,1.9375,-1.3875000000000002,-3.5250000000000057,0.05,0.2124999999999999,0.6499999999999999,-1.3,0.0625,0.5
-121221.225,183851.76249999995,12680.475000000006,150375.825,12872.875,-6873.25,173556.9125,2950.0,143443.9125,45240.837499999994,1.4,0.7375,-0.8875000000000028,0.9375,0.6124999999999998,-1.5250000000000057,0.05,0.2124999999999999,-0.3500000000000001,-0.30000000000000004,0.0625,1.5
-117137.225,181638.76249999995,12721.475000000006,148734.825,11401.875,-6254.25,172361.9125,2929.0,145332.9125,47043.837499999994,-1.6,-0.26249999999999996,3.112499999999997,-0.0625,2.6125,1.4749999999999943,0.05,0.2124999999999999,-0.3500000000000001,-0.30000000000000004,0.0625,1.5
-110807.225,173435.76249999995,12474.475000000006,151750.825,9196.875,-4839.25,165945.9125,2959.0,144447.9125,47904.837499999994,0.3999999999999999,0.7375,-0.8875000000000028,-2.0625,0.6124999999999998,2.4749999999999943,0.05,0.2124999999999999,-0.3500000000000001,0.7,0.0625,-0.5
-110844.225,179119.76249999995,12438.475000000006,149246.825,8306.875,-4471.25,165501.9125,2921.0,141874.9125,47126.837499999994,0.3999999999999999,-0.26249999999999996,0.11249999999999716,-0.0625,-0.3875000000000002,0.4749999999999943,0.05,0.2124999999999999,-0.3500000000000001,-0.30000000000000004,-0.9375,0.5
-112041.225,183389.76249999995,12214.475000000006,146120.825,7928.875,-4871.25,168781.9125,2849.0,141473.9125,47422.837499999994,0.3999999999999999,-0.26249999999999996,-0.8875000000000028,-1.0625,-0.3875000000000002,1.4749999999999943,0.05,0.2124999999999999,-0.3500000000000001,-0.30000000000000004,0.0625,0.5
-111143.225,182887.76249999995,12180.475000000006,144763.825,8259.875,-4776.25,173151.9125,2991.0,142367.9125,48387.837499999994,-0.6000000000000001,-0.26249999999999996,1.1124999999999972,0.9375,-0.3875000000000002,-1.5250000000000057,0.05,0.2124999999999999,-0.3500000000000001,0.7,-0.9375,-0.5
-110366.225,179807.76249999995,11965.475000000006,145311.825,8595.875,-4560.25,172666.9125,3231.0,144396.9125,50184.837499999994,0.3999999999999999,-0.26249999999999996,1.1124999999999972,0.9375,-1.3875000000000002,-0.5250000000000057,0.05,0.2124999999999999,0.6499999999999999,-0.30000000000000004,0.0625,0.5
-111062.225,177674.76249999995,12022.475000000006,146591.825,9029.875,-4558.25,169990.9125,3071.0,146763.9125,50395.837499999994,-0.6000000000000001,0.7375,2.112499999999997,-0.0625,-1.3875000000000002,0.4749999999999943,0.05,0.2124999999999999,-0.3500000000000001,0.7,0.0625,0.5
-113299.225,176652.76249999995,12102.475000000006,149114.825,9741.875,-5420.25,167767.9125,3033.0,146710.9125,50025.837499999994,0.3999999999999999,-0.26249999999999996,-0.8875000000000028,-0.0625,-1.3875000000000002,-0.5250000000000057,0.05,0.2124999999999999,-0.3500000000000001,-0.30000000000000004,0.0625,-1.5
-114932.225,176744.76249999995,12080.475000000006,150710.825,9750.875,-6180.25,167023.9125,3006.0,146511.9125,49470.837499999994,0.3999999999999999,-1.2625,1.1124999999999972,-0.0625,-0.3875000000000002,-0.5250000000000057,0.05,0.2124999999999999,-0.3500000000000001,0.7,0.0625,-0.5
-115383.225,176645.76249999995,12234.475000000006,151316.825,9268.875,-6210.25,166241.9125,3085.0,146688.9125,48767.837499999994,0.3999999999999999,-0.26249999999999996,0.11249999999999716,-0.0625,1.6124999999999998,-1.5250000000000057,0.05,0.2124999999999999,-0.3500000000000001,-0.30000000000000004,0.0625,0.5
-115754.225,175697.76249999995,12468.475000000006,149867.825,8262.875,-7278.25,166543.9125,3093.0,146805.9125,48295.837499999994,0.3999999999999999,0.7375,-1.8875000000000028,-0.0625,-1.3875000000000002,-0.5250000000000057,0.05,0.2124999999999999,-0.3500000000000001,0.7,0.0625,0.5
-116743.225,175631.76249999995,12733.475000000006,149050.825,7278.875,-7758.25,167358.9125,3088.0,145743.9125,47676.837499999994,0.3999999999999999,0.7375,0.11249999999999716,-0.0625,0.6124999999999998,-0.5250000000000057,0.05,1.2125,-0.3500000000000001,0.7,0.0625,-0.5
-118408.225,175724.76249999995,12717.475000000006,150000.825,6309.875,-7802.25,166443.9125,3105.0,145071.9125,45205.837499999994,0.3999999999999999,-0.26249999999999996,0.11249999999999716,-0.0625,0.6124999999999998,0.4749999999999943,0.05,0.2124999999999999,-0.3500000000000001,-0.30000000000000004,0.0625,-0.5
-119101.225,175205.76249999995,12795.475000000006,152080.825,4420.875,-8004.25,165569.9125,3151.0,143988.9125,43488.837499999994,0.3999999999999999,-0.26249999999999996,1.1124999999999972,-0.0625,0.6124999999999998,0.4749999999999943,0.05,0.2124999999999999,0.6499999999999999,1.7,0.0625,1.5
-119236.225,173993.76249999995,12894.475000000006,153017.825,3309.875,-8408.25,165925.9125,3144.0,143689.9125,42053.837499999994,0.3999999999999999,-0.26249999999999996,-0.8875000000000028,-0.0625,0.6124999999999998,-0.5250000000000057,0.05,-0.7875000000000001,-0.3500000000000001,-0.30000000000000004,0.0625,-0.5
-118639.225,172104.76249999995,12535.475000000006,154333.825,2724.875,-8461.25,165814.9125,3251.0,144757.9125,41322.837499999994,0.3999999999999999,0.7375,0.11249999999999716,-0.0625,-0.3875000000000002,-0.5250000000000057,0.05,0.2124999999999999,0.6499999999999999,-1.3,1.0625,-0.5
-117434.225,169402.76249999995,12400.475000000006,156321.825,3046.875,-8400.25,165742.9125,3288.0,146007.9125,40027.837499999994,0.3999999999999999,-0.26249999999999996,0.11249999999999716,-0.0625,-0.3875000000000002,0.4749999999999943,0.05,0.2124999999999999,-0.3500000000000001,0.7,0.0625,-0.5
-116638.225,167505.76249999995,12271.475000000006,158409.825,4275.875,-8322.25,165551.9125,3281.0,146453.9125,37805.837499999994,0.3999999999999999,-0.26249999999999996,-0.8875000000000028,0.9375,0.6124999999999998,-0.5250000000000057,0.05,0.2124999999999999,-0.3500000000000001,-0.30000000000000004,0.0625,0.5
-115856.225,165746.76249999995,12144.475000000006,160506.825,6317.875,-8379.25,164697.9125,3234.0,147020.9125,36117.837499999994,0.3999999999999999,0.7375,1.1124999999999972,-0.0625,0.6124999999999998,0.4749999999999943,0.05,0.2124999999999999,-0.3500000000000001,0.7,-0.9375,0.5
-115596.225,165534.76249999995,12205.475000000006,160693.825,9220.875,-8408.25,163280.9125,3134.0,146826.9125,36770.837499999994,0.3999999999999999,-0.26249999999999996,0.11249999999999716,-0.0625,-0.3875000000000002,-0.5250000000000057,0.05,0.2124999999999999,-0.3500000000000001,-0.30000000000000004,0.0625,0.5
-115310.225,165936.76249999995,12160.475000000006,158362.825,10527.875,-8414.25,164658.9125,3223.0,146097.9125,38220.837499999994,0.3999999999999999,-0.26249999999999996,-0.8875000000000028,0.9375,-0.3875000000000002,-0.5250000000000057,0.05,0.2124999999999999,-0.3500000000000001,-0.30000000000000004,0.0625,0.5
-116550.225,170034.76249999995,12254.475000000006,153355.825,11795.875,-8630.25,167163.9125,3248.0,145524.9125,40247.837499999994,-0.6000000000000001,-0.26249999999999996,0.11249999999999716,-0.0625,0.6124999999999998,0.4749999999999943,0.05,-0.7875000000000001,-0.3500000000000001,0.7,-0.9375,0.5
-118208.225,173476.76249999995,12221.475000000006,152504.825,12372.875,-8803.25,168520.9125,3176.0,144915.9125,41947.837499999994,-0.6000000000000001,-0.26249999999999996,0.11249999999999716,-0.0625,0.6124999999999998,0.4749999999999943,0.05,-0.7875000000000001,-0.3500000000000001,-0.30000000000000004,0.0625,0.5
-119421.225,176125.76249999995,12364.475000000006,152576.825,12410.875,-8998.25,168431.9125,3001.0,145761.9125,43341.837499999994,0.3999999999999999,0.7375,-0.8875000000000028,-1.0625,0.6124999999999998,-0.5250000000000057,0.05,0.2124999999999999,-0.3500000000000001,-0.30000000000000004,0.0625,0.5
-119608.225,176560.76249999995,12480.475000000006,152252.825,12433.875,-8863.25,168628.9125,2960.0,146205.9125,44582.837499999994,0.3999999999999999,-0.26249999999999996,0.11249999999999716,-0.0625,-0.3875000000000002,-0.5250000000000057,0.05,-0.7875000000000001,-0.3500000000000001,-0.30000000000000004,0.0625,0.5
-118335.225,175360.76249999995,12342.475000000006,151059.825,12306.875,-8100.25,168222.9125,3161.0,145900.9125,45470.837499999994,0.3999999999999999,-0.26249999999999996,0.11249999999999716,-0.0625,-0.3875000000000002,-0.5250000000000057,0.05,0.2124999999999999,0.6499999999999999,0.7,0.0625,0.5
-116882.225,173991.76249999995,12221.475000000006,149754.825,12324.875,-7759.25,167487.9125,3234.0,145363.9125,45993.837499999994,-0.6000000000000001,-0.26249999999999996,0.11249999999999716,-0.0625,-0.3875000000000002,-0.5250000000000057,0.05,0.2124999999999999,-1.35,-0.30000000000000004,0.0625,0.5
-116887.225,174170.76249999995,12229.475000000006,149366.825,12192.875,-7681.25,167200.9125,3183.0,145484.9125,46539.837499999994,0.3999999999999999,-0.26249999999999996,0.11249999999999716,-0.0625,-0.3875000000000002,-0.5250000000000057,0.05,-0.7875000000000001,-0.3500000000000001,-0.30000000000000004,0.0625,0.5
-117799.225,175824.76249999995,12299.475000000006,150728.825,12047.875,-7918.25,167797.9125,2958.0,146217.9125,46867.837499999994,0.3999999999999999,0.7375,0.11249999999999716,-0.0625,-0.3875000000000002,0.4749999999999943,0.05,0.2124999999999999,0.6499999999999999,-0.30000000000000004,0.0625,-0.5
-117988.225,177158.76249999995,12401.475000000006,150980.825,11987.875,-8095.25,168376.9125,2962.0,146198.9125,47035.837499999994,0.3999999999999999,-0.26249999999999996,0.11249999999999716,-0.0625,-0.3875000000000002,0.4749999999999943,0.05,0.2124999999999999,-0.3500000000000001,0.7,0.0625,-0.5
-117338.225,177226.76249999995,12359.475000000006,150745.825,11851.875,-7947.25,168250.9125,3166.0,146013.9125,47003.837499999994,1.4,-0.26249999999999996,-0.8875000000000028,-0.0625,-0.3875000000000002,-0.5250000000000057,0.05,0.2124999999999999,0.6499999999999999,0.7,0.0625,-0.5
-116675.225,176133.76249999995,12311.475000000006,150440.825,11589.875,-7397.25,167503.9125,3114.0,145901.9125,47196.837499999994,0.3999999999999999,-0.26249999999999996,-0.8875000000000028,-0.0625,-0.3875000000000002,0.4749999999999943,0.05,0.2124999999999999,-0.3500000000000001,0.7,0.0625,0.5
-116761.225,175735.76249999995,12349.475000000006,150045.825,11487.875,-7546.25,167062.9125,3071.0,145917.9125,47133.837499999994,-0.6000000000000001,0.7375,0.11249999999999716,-0.0625,0.6124999999999998,-0.5250000000000057,0.05,0.2124999999999999,0.6499999999999999,0.7,0.0625,0.5
-117440.225,176618.76249999995,12469.475000000006,150181.825,11209.875,-7952.25,166953.9125,3068.0,145869.9125,46920.837499999994,0.3999999999999999,-0.26249999999999996,-0.8875000000000028,-0.0625,0.6124999999999998,0.4749999999999943,0.05,0.2124999999999999,-0.3500000000000001,0.7,0.0625,-0.5
-118027.225,177124.76249999995,12447.475000000006,151009.825,10827.875,-8183.25,167251.9125,3072.0,145792.9125,46687.837499999994,0.3999999999999999,0.7375,0.11249999999999716,-0.0625,-0.3875000000000002,0.4749999999999943,0.05,0.2124999999999999,-0.3500000000000001,-0.30000000000000004,0.0625,-0.5
-118152.225,175706.76249999995,12356.475000000006,150943.825,10175.875,-8176.25,166682.9125,3117.0,145483.9125,45873.837499999994,0.3999999999999999,-0.26249999999999996,0.11249999999999716,-0.0625,-0.3875000000000002,-0.5250000000000057,0.05,0.2124999999999999,-0.3500000000000001,-0.30000000000000004,0.0625,-0.5
-118527.225,174926.76249999995,12309.475000000006,150809.825,9141.875,-8470.25,166925.9125,3048.0,145700.9125,44746.837499999994,0.3999999999999999,-0.26249999999999996,1.1124999999999972,0.9375,-0.3875000000000002,0.4749999999999943,0.05,1.2125,-0.3500000000000001,-0.30000000000000004,0.0625,0.5
-118904.225,174959.76249999995,12364.475000000006,151198.825,8889.875,-8880.25,167202.9125,3163.0,145535.9125,43807.837499999994,0.3999999999999999,-0.26249999999999996,1.1124999999999972,0.9375,-0.3875000000000002,0.4749999999999943,-0.95,0.2124999999999999,0.6499999999999999,-0.30000000000000004,0.0625,-0.5
-119105.225,174685.76249999995,12352.475000000006,151829.825,8448.875,-9094.25,167438.9125,3058.0,145939.9125,43384.837499999994,0.3999999999999999,-0.26249999999999996,0.11249999999999716,-0.0625,-0.3875000000000002,0.4749999999999943,0.05,0.2124999999999999,-0.3500000000000001,0.7,0.0625,-0.5
-118922.225,173914.76249999995,12328.475000000006,152433.825,7667.875,-9077.25,166940.9125,3067.0,146436.9125,43029.837499999994,-0.6000000000000001,-0.26249999999999996,0.11249999999999716,0.9375,-0.3875000000000002,0.4749999999999943,-0.95,0.2124999999999999,-0.3500000000000001,-0.30000000000000004,0.0625,1.5
-117422.225,170817.76249999995,11831.475000000006,154010.825,6508.875,-8600.25,165708.9125,2960.0,145891.9125,41685.837499999994,-0.6000000000000001,0.7375,0.11249999999999716,-0.0625,-0.3875000000000002,-1.5250000000000057,0.05,0.2124999999999999,0.6499999999999999,0.7,0.0625,-0.5
-117529.225,170967.76249999995,11978.475000000006,154234.825,6267.875,-8717.25,165978.9125,3160.0,145604.9125,41356.837499999994,0.3999999999999999,0.7375,0.11249999999999716,-1.0625,-0.3875000000000002,-0.5250000000000057,0.05,0.2124999999999999,-0.3500000000000001,0.7,0.0625,1.5
-117899.225,171456.76249999995,12180.475000000006,154337.825,6437.875,-8833.25,165823.9125,3241.0,146017.9125,41992.837499999994,0.3999999999999999,0.7375,0.11249999999999716,-0.0625,0.6124999999999998,0.4749999999999943,0.05,0.2124999999999999,-0.3500000000000001,-0.30000000000000004,0.0625,-0.5
-118106.225,172042.76249999995,12161.475000000006,154295.825,7046.875,-8675.25,165901.9125,3171.0,145452.9125,42250.837499999994,0.3999999999999999,0.7375,1.1124999999999972,-0.0625,-0.3875000000000002,-0.5250000000000057,0.05,0.2124999999999999,0.6499999999999999,0.7,0.0625,-0.5
-118256.225,172704.76249999995,12349.475000000006,153730.825,7780.875,-8746.25,166397.9125,3250.0,144476.9125,42290.837499999994,0.3999999999999999,-0.26249999999999996,0.11249999999999716,0.9375,0.6124999999999998,-0.5250000000000057,0.05,-0.7875000000000001,-0.3500000000000001,0.7,0.0625,-0.5
-118731.225,173463.76249999995,12275.475000000006,152993.825,8370.875,-8693.25,166880.9125,3257.0,144387.9125,42803.837499999994,-0.6000000000000001,0.7375,0.11249999999999716,-0.0625,0.6124999999999998,-0.5250000000000057,0.05,0.2124999999999999,-0.3500000000000001,-0.30000000000000004,0.0625,-0.5
-118884.225,174063.76249999995,12352.475000000006,152054.825,9229.875,-8713.25,166946.9125,3151.0,144967.9125,43707.837499999994,0.3999999999999999,0.7375,0.11249999999999716,-0.0625,-0.3875000000000002,0.4749999999999943,0.05,0.2124999999999999,-0.3500000000000001,-0.30000000000000004,0.0625,-0.5
-118967.225,174604.76249999995,12400.475000000006,151599.825,9372.875,-8918.25,166990.9125,2994.0,145600.9125,44314.837499999994,0.3999999999999999,-1.2625,0.11249999999999716,-0.0625,-0.3875000000000002,0.4749999999999943,0.05,0.2124999999999999,-0.3500000000000001,0.7,0.0625,0.5
-118750.225,174986.76249999995,12363.475000000006,151217.825,9676.875,-8703.25,167366.9125,3069.0,145499.9125,44580.837499999994,0.3999999999999999,-0.26249999999999996,-0.8875000000000028,-0.0625,-0.3875000000000002,0.4749999999999943,0.05,0.2124999999999999,-0.3500000000000001,0.7,0.0625,-0.5
-118439.225,174634.76249999995,12249.475000000006,151292.825,9712.875,-8536.25,167160.9125,2889.0,145312.9125,44709.837499999994,0.3999999999999999,-0.26249999999999996,-0.8875000000000028,0.9375,-0.3875000000000002,0.4749999999999943,0.05,0.2124999999999999,-0.3500000000000001,-0.30000000000000004,0.0625,0.5
-118165.225,174634.76249999995,12233.475000000006,151145.825,9776.875,-8511.25,167058.9125,2992.0,145528.9125,44859.837499999994,0.3999999999999999,-0.26249999999999996,0.11249999999999716,-0.0625,-0.3875000000000002,-0.5250000000000057,0.05,0.2124999999999999,-0.3500000000000001,0.7,0.0625,-0.5
-118263.225,175079.76249999995,12273.475000000006,150617.825,9909.875,-8658.25,167356.9125,3095.0,145781.9125,45220.837499999994,0.3999999999999999,-0.26249999999999996,-0.8875000000000028,-0.0625,-0.3875000000000002,0.4749999999999943,0.05,0.2124999999999999,0.6499999999999999,-0.30000000000000004,0.0625,-0.5
-118617.225,175396.76249999995,12316.475000000006,150746.825,9880.875,-8686.25,167707.9125,3081.0,146123.9125,45291.837499999994,0.3999999999999999,-0.26249999999999996,0.11249999999999716,-0.0625,-1.3875000000000002,0.4749999999999943,-0.95,0.2124999999999999,-0.3500000000000001,-0.30000000000000004,0.0625,-0.5
-118634.225,175201.76249999995,12397.475000000006,151231.825,9834.875,-8754.25,167767.9125,3178.0,146046.9125,44934.837499999994,-0.6000000000000001,-0.26249999999999996,0.11249999999999716,-0.0625,-0.3875000000000002,0.4749999999999943,0.05,0.2124999999999999,-0.3500000000000001,-0.30000000000000004,0.0625,-0.5
-118604.225,174928.76249999995,12494.475000000006,151331.825,9627.875,-8827.25,167443.9125,3222.0,145883.9125,44633.837499999994,-0.6000000000000001,0.7375,0.11249999999999716,-1.0625,0.6124999999999998,0.4749999999999943,0.05,0.2124999999999999,-0.3500000000000001,-0.30000000000000004,0.0625,0.5
-118833.225,174754.76249999995,12419.475000000006,151253.825,9488.875,-8935.25,166940.9125,3166.0,145828.9125,44191.837499999994,-0.6000000000000001,-0.26249999999999996,-0.8875000000000028,-0.0625,-0.3875000000000002,-0.5250000000000057,0.05,0.2124999999999999,-0.3500000000000001,-0.30000000000000004,0.0625,0.5
-118818.225,174501.76249999995,12455.475000000006,151332.825,9244.875,-9043.25,166414.9125,3101.0,145914.9125,44055.837499999994,0.3999999999999999,-0.26249999999999996,0.11249999999999716,-0.0625,-0.3875000000000002,0.4749999999999943,0.05,-0.7875000000000001,0.6499999999999999,-0.30000000000000004,0.0625,-0.5
-118686.225,174570.76249999995,12326.475000000006,151386.825,9137.875,-8916.25,166767.9125,3143.0,146025.9125,44041.837499999994,-0.6000000000000001,0.7375,0.11249999999999716,-0.0625,-0.3875000000000002,0.4749999999999943,-0.95,0.2124999999999999,-0.3500000000000001,0.7,0.0625,0.5
-118960.225,174407.76249999995,12198.475000000006,151761.825,8768.875,-9029.25,167315.9125,3017.0,145962.9125,43809.837499999994,0.3999999999999999,-0.26249999999999996,0.11249999999999716,-0.0625,-0.3875000000000002,0.4749999999999943,0.05,-0.7875000000000001,-0.3500000000000001,0.7,0.0625,-0.5
-118998.225,174493.76249999995,12300.475000000006,152063.825,8643.875,-8984.25,166735.9125,2956.0,146048.9125,43666.837499999994,0.3999999999999999,-0.26249999999999996,0.11249999999999716,-0.0625,0.6124999999999998,0.4749999999999943,0.05,0.2124999999999999,-0.3500000000000001,0.7,0.0625,0.5
-118986.225,174180.76249999995,12183.475000000006,152443.825,8639.875,-8988.25,166371.9125,2999.0,146032.9125,43594.837499999994,0.3999999999999999,-0.26249999999999996,-0.8875000000000028,0.9375,0.6124999999999998,-0.5250000000000057,0.05,0.2124999999999999,-0.3500000000000001,-0.30000000000000004,0.0625,-0.5
-118800.225,173966.76249999995,12267.475000000006,152596.825,8646.875,-8855.25,166646.9125,3129.0,146133.9125,43601.837499999994,0.3999999999999999,-0.26249999999999996,1.1124999999999972,-0.0625,0.6124999999999998,0.4749999999999943,0.05,0.2124999999999999,-0.3500000000000001,0.7,-0.9375,0.5
-118674.225,173964.76249999995,12182.475000000006,152472.825,8544.875,-8902.25,167103.9125,3179.0,146485.9125,43598.837499999994,0.3999999999999999,0.7375,-0.8875000000000028,-0.0625,-0.3875000000000002,0.4749999999999943,0.05,0.2124999999999999,-0.3500000000000001,-0.30000000000000004,0.0625,-0.5
-118872.225,174126.76249999995,12417.475000000006,152543.825,8515.875,-8909.25,166671.9125,3154.0,146325.9125,43737.837499999994,-0.6000000000000001,0.7375,-0.8875000000000028,-0.0625,-0.3875000000000002,0.4749999999999943,0.05,-0.7875000000000001,0.6499999999999999,-0.30000000000000004,0.0625,-0.5
-119006.225,174234.76249999995,12466.475000000006,152533.825,8650.875,-8862.25,166549.9125,3018.0,145913.9125,43728.837499999994,0.3999999999999999,-0.26249999999999996,0.11249999999999716,-0.0625,-0.3875000000000002,0.4749999999999943,0.05,0.2124999999999999,-0.3500000000000001,-0.30000000000000004,0.0625,0.5
-119062.225,174537.76249999995,12359.475000000006,152194.825,8797.875,-8884.25,166641.9125,2969.0,145610.9125,43488.837499999994,0.3999999999999999,0.7375,1.1124999999999972,0.9375,-0.3875000000000002,0.4749999999999943,0.05,0.2124999999999999,-0.3500000000000001,0.7,0.0625,0.5
-118956.225,174603.76249999995,12349.475000000006,151888.825,8923.875,-8981.25,166904.9125,3137.0,145547.9125,43817.837499999994,0.3999999999999999,0.7375,-0.8875000000000028,0.9375,-0.3875000000000002,0.4749999999999943,0.05,0.2124999999999999,-0.3500000000000001,-0.30000000000000004,0.0625,0.5
-118987.225,174347.76249999995,12323.475000000006,151618.825,9195.875,-8952.25,166975.9125,3104.0,145913.9125,44295.837499999994,0.3999999999999999,-0.26249999999999996,0.11249999999999716,-0.0625,-0.3875000000000002,0.4749999999999943,0.05,0.2124999999999999,0.6499999999999999,0.7,-0.9375,0.5
-119007.225,174496.76249999995,12359.475000000006,151463.825,9293.875,-8942.25,167123.9125,3126.0,146024.9125,44311.837499999994,0.3999999999999999,-0.26249999999999996,0.11249999999999716,-0.0625,-0.3875000000000002,-0.5250000000000057,0.05,0.2124999999999999,-0.3500000000000001,-0.30000000000000004,0.0625,0.5
-118639.225,174542.76249999995,12249.475000000006,151466.825,9135.875,-9011.25,167210.9125,3122.0,145639.9125,44358.837499999994,0.3999999999999999,-0.26249999999999996,0.11249999999999716,-0.0625,-0.3875000000000002,0.4749999999999943,0.05,0.2124999999999999,-0.3500000000000001,-0.30000000000000004,0.0625,-0.5
-118634.225,174543.76249999995,12090.475000000006,151468.825,9358.875,-8970.25,167005.9125,3065.0,145526.9125,44351.837499999994,0.3999999999999999,-0.26249999999999996,0.11249999999999716,-0.0625,-0.3875000000000002,0.4749999999999943,0.05,0.2124999999999999,-0.3500000000000001,-0.30000000000000004,0.0625,-0.5
-118629.225,174436.76249999995,12157.475000000006,151242.825,9234.875,-8841.25,166981.9125,3058.0,145627.9125,44297.837499999994,0.3999999999999999,-0.26249999999999996,0.11249999999999716,0.9375,-0.3875000000000002,-0.5250000000000057,0.05,0.2124999999999999,-0.3500000000000001,-0.30000000000000004,0.0625,-0.5
-118611.225,174289.76249999995,12135.475000000006,151112.825,9172.875,-8851.25,167085.9125,3084.0,145669.9125,44191.837499999994,0.3999999999999999,-0.26249999999999996,1.1124999999999972,-0.0625,-1.3875000000000002,1.4749999999999943,0.05,0.2124999999999999,-0.3500000000000001,0.7,0.0625,0.5
-118675.225,174166.76249999995,12198.475000000006,151319.825,9124.875,-8777.25,166846.9125,3126.0,145664.9125,44025.837499999994,-0.6000000000000001,-0.26249999999999996,0.11249999999999716,-0.0625,0.6124999999999998,0.4749999999999943,-0.95,0.2124999999999999,-0.3500000000000001,-0.30000000000000004,-0.9375,0.5
-118524.225,173920.76249999995,12307.475000000006,151804.825,8910.875,-8896.25,166699.9125,3109.0,145591.9125,43465.837499999994,-0.6000000000000001,-0.26249999999999996,-0.8875000000000028,-0.0625,-0.3875000000000002,1.4749999999999943,0.05,0.2124999999999999,-0.3500000000000001,-0.30000000000000004,-0.9375,-1.5
-118395.225,173759.76249999995,12225.475000000006,151908.825,8780.875,-8925.25,166335.9125,3025.0,145240.9125,43314.837499999994,-0.6000000000000001,0.7375,0.11249999999999716,-0.0625,-0.3875000000000002,0.4749999999999943,-0.95,1.2125,-0.3500000000000001,-0.30000000000000004,-0.9375,-0.5
-118472.225,173641.76249999995,12391.475000000006,151848.825,8604.875,-8874.25,165979.9125,2996.0,144984.9125,43209.837499999994,0.3999999999999999,0.7375,0.11249999999999716,-0.0625,-0.3875000000000002,-0.5250000000000057,0.05,0.2124999999999999,-0.3500000000000001,0.7,0.0625,-0.5
-118601.225,173807.76249999995,12426.475000000006,152051.825,8606.875,-8922.25,166036.9125,3129.0,144980.9125,43247.837499999994,-0.6000000000000001,-0.26249999999999996,0.11249999999999716,-0.0625,0.6124999999999998,0.4749999999999943,0.05,-0.7875000000000001,0.6499999999999999,-0.30000000000000004,0.0625,-1.5
-118793.225,174042.76249999995,12486.475000000006,152246.825,8790.875,-9030.25,166169.9125,3117.0,145120.9125,43492.837499999994,-0.6000000000000001,-0.26249999999999996,0.11249999999999716,-0.0625,0.6124999999999998,-0.5250000000000057,0.05,0.2124999999999999,-1.35,-0.30000000000000004,0.0625,-0.5
-119016.225,174660.76249999995,12395.475000000006,151792.825,8965.875,-9101.25,166768.9125,3085.0,145367.9125,43757.837499999994,0.3999999999999999,-0.26249999999999996,0.11249999999999716,-0.0625,-0.3875000000000002,-0.5250000000000057,0.05,0.2124999999999999,-0.3500000000000001,-0.30000000000000004,0.0625,-0.5
-119110.225,174804.76249999995,12411.475000000006,151634.825,9090.875,-9103.25,166951.9125,3062.0,145585.9125,44074.837499999994,-0.6000000000000001,0.7375,0.11249999999999716,-0.0625,-0.3875000000000002,0.4749999999999943,0.05,0.2124999999999999,0.6499999999999999,0.7,0.0625,-0.5
-119057.225,174705.76249999995,12658.475000000006,151517.825,9099.875,-9121.25,167024.9125,3126.0,145570.9125,44330.837499999994,0.3999999999999999,0.7375,0.11249999999999716,-0.0625,-0.3875000000000002,-0.5250000000000057,0.05,0.2124999999999999,-0.3500000000000001,-0.30000000000000004,0.0625,-0.5
-118794.225,174413.76249999995,12368.475000000006,151534.825,9332.875,-8895.25,166925.9125,3113.0,145695.9125,44421.837499999994,0.3999999999999999,-0.26249999999999996,0.11249999999999716,0.9375,-0.3875000000000002,0.4749999999999943,0.05,0.2124999999999999,-0.3500000000000001,0.7,-0.9375,0.5
-118680.225,174303.76249999995,12240.475000000006,151422.825,9259.875,-8881.25,166999.9125,3092.0,145944.9125,44451.837499999994,0.3999999999999999,-0.26249999999999996,1.1124999999999972,-0.0625,-0.3875000000000002,-0.5250000000000057,0.05,0.2124999999999999,-0.3500000000000001,-0.30000000000000004,0.0625,0.5
-118845.225,174393.76249999995,12301.475000000006,151220.825,9136.875,-9012.25,167202.9125,3136.0,146015.9125,44338.837499999994,0.3999999999999999,-0.26249999999999996,0.11249999999999716,-0.0625,-0.3875000000000002,0.4749999999999943,0.05,0.2124999999999999,-0.3500000000000001,0.7,0.0625,-0.5
-118777.225,174414.76249999995,12226.475000000006,151252.825,9128.875,-8970.25,167461.9125,3189.0,146282.9125,44262.837499999994,0.3999999999999999,0.7375,0.11249999999999716,-0.0625,-0.3875000000000002,0.4749999999999943,0.05,-0.7875000000000001,-0.3500000000000001,-0.30000000000000004,0.0625,-0.5
-118575.225,174514.76249999995,12254.475000000006,151741.825,8988.875,-8963.25,167253.9125,3094.0,146227.9125,44056.837499999994,0.3999999999999999,-1.2625,0.11249999999999716,-0.0625,-0.3875000000000002,-0.5250000000000057,0.05,0.2124999999999999,-0.3500000000000001,-0.30000000000000004,0.0625,-0.5
-118491.225,174233.76249999995,12266.475000000006,151780.825,8796.875,-8981.25,166715.9125,3133.0,146186.9125,43866.837499999994,0.3999999999999999,-0.26249999999999996,0.11249999999999716,-0.0625,-0.3875000000000002,0.4749999999999943,0.05,-0.7875000000000001,-0.3500000000000001,0.7,0.0625,-0.5
-118454.225,174013.76249999995,12255.475000000006,151675.825,8584.875,-9005.25,166541.9125,3215.0,146086.9125,43506.837499999994,0.3999999999999999,-0.26249999999999996,0.11249999999999716,-0.0625,-0.3875000000000002,0.4749999999999943,0.05,0.2124999999999999,0.6499999999999999,-0.30000000000000004,-0.9375,-0.5
-118383.225,174196.76249999995,12435.475000000006,151727.825,8758.875,-9146.25,166335.9125,2999.0,145818.9125,43671.837499999994,0.3999999999999999,-0.26249999999999996,0.11249999999999716,-0.0625,-0.3875000000000002,0.4749999999999943,0.05,0.2124999999999999,0.6499999999999999,-0.30000000000000004,0.0625,-0.5
-118626.225,174456.76249999995,12228.475000000006,151744.825,8876.875,-9045.25,166892.9125,3178.0,145515.9125,43742.837499999994,0.3999999999999999,-0.26249999999999996,0.11249999999999716,-0.0625,0.6124999999999998,-0.5250000000000057,0.05,0.2124999999999999,-0.3500000000000001,-0.30000000000000004,0.0625,-0.5
-118957.225,174656.76249999995,12302.475000000006,151467.825,9107.875,-9082.25,167071.9125,3172.0,145292.9125,44099.837499999994,0.3999999999999999,-0.26249999999999996,0.11249999999999716,-0.0625,-0.3875000000000002,0.4749999999999943,-0.95,0.2124999999999999,0.6499999999999999,-0.30000000000000004,0.0625,0.5
-118810.225,174456.76249999995,12208.475000000006,151153.825,9240.875,-9042.25,166906.9125,3067.0,145192.9125,44121.837499999994,0.3999999999999999,-0.26249999999999996,0.11249999999999716,0.9375,-0.3875000000000002,0.4749999999999943,0.05,0.2124999999999999,0.6499999999999999,-0.30000000000000004,0.0625,0.5
-118728.225,174265.76249999995,12237.475000000006,151110.825,9322.875,-8881.25,166852.9125,2997.0,145104.9125,44078.837499999994,0.3999999999999999,0.7375,1.1124999999999972,0.9375,-0.3875000000000002,0.4749999999999943,0.05,0.2124999999999999,-0.3500000000000001,1.7,0.0625,0.5
-118624.225,174396.76249999995,12239.475000000006,151177.825,9249.875,-8874.25,166912.9125,3101.0,144925.9125,44113.837499999994,0.3999999999999999,-0.26249999999999996,0.11249999999999716,-0.0625,-0.3875000000000002,0.4749999999999943,0.05,0.2124999999999999,-0.3500000000000001,-0.30000000000000004,0.0625,-0.5
-118787.225,174549.76249999995,12232.475000000006,151304.825,9155.875,-8933.25,166764.9125,3086.0,144892.9125,43975.837499999994,0.3999999999999999,-0.26249999999999996,0.11249999999999716,-0.0625,0.6124999999999998,0.4749999999999943,0.05,0.2124999999999999,-0.3500000000000001,-0.30000000000000004,0.0625,0.5
-118853.225,174409.76249999995,12216.475000000006,151379.825,8983.875,-9083.25,166497.9125,3007.0,144822.9125,43751.837499999994,-0.6000000000000001,0.7375,1.1124999999999972,-1.0625,0.6124999999999998,-0.5250000000000057,-0.95,0.2124999999999999,-0.3500000000000001,-0.30000000000000004,0.0625,0.5
-118706.225,174231.76249999995,12193.475000000006,151476.825,8770.875,-8945.25,166177.9125,3078.0,144808.9125,43671.837499999994,0.3999999999999999,0.7375,0.11249999999999716,-1.0625,0.6124999999999998,0.4749999999999943,0.05,0.2124999999999999,0.6499999999999999,-0.30000000000000004,0.0625,-0.5
-118689.225,173961.76249999995,12315.475000000006,151777.825,8579.875,-8988.25,165747.9125,3184.0,144922.9125,43588.837499999994,-0.6000000000000001,-0.26249999999999996,0.11249999999999716,-0.0625,0.6124999999999998,-0.5250000000000057,0.05,0.2124999999999999,-0.3500000000000001,0.7,0.0625,0.5
-118697.225,173622.76249999995,12470.475000000006,151912.825,8602.875,-8991.25,165880.9125,3163.0,145266.9125,43517.837499999994,-0.6000000000000001,0.7375,0.11249999999999716,-0.0625,-0.3875000000000002,-0.5250000000000057,0.05,0.2124999999999999,-1.35,-0.30000000000000004,0.0625,-0.5
-118695.225,173816.76249999995,12286.475000000006,151699.825,8608.875,-8978.25,166122.9125,3131.0,145504.9125,43674.837499999994,0.3999999999999999,-0.26249999999999996,1.1124999999999972,-0.0625,-0.3875000000000002,1.4749999999999943,0.05,0.2124999999999999,-0.3500000000000001,-0.30000000000000004,0.0625,-0.5
-118653.225,174037.76249999995,12210.475000000006,151555.825,8746.875,-8939.25,166391.9125,3159.0,145514.9125,43869.837499999994,-0.6000000000000001,-0.26249999999999996,0.11249999999999716,-0.0625,-0.3875000000000002,-0.5250000000000057,0.05,0.2124999999999999,-0.3500000000000001,-0.30000000000000004,0.0625,-0.5
-118745.225,174056.76249999995,12287.475000000006,151362.825,8931.875,-8998.25,166724.9125,3145.0,145597.9125,43971.837499999994,0.3999999999999999,-0.26249999999999996,0.11249999999999716,-0.0625,-0.3875000000000002,-0.5250000000000057,0.05,0.2124999999999999,-0.3500000000000001,-0.30000000000000004,-0.9375,-0.5
-118823.225,174175.76249999995,12317.475000000006,151280.825,9123.875,-9009.25,166929.9125,3197.0,145706.9125,44156.837499999994,0.3999999999999999,-0.26249999999999996,0.11249999999999716,-0.0625,0.6124999999999998,-0.5250000000000057,-0.95,0.2124999999999999,-0.3500000000000001,-0.30000000000000004,0.0625,-0.5
-118746.225,174501.76249999995,12337.475000000006,151144.825,9211.875,-9025.25,167022.9125,3199.0,145783.9125,44289.837499999994,0.3999999999999999,-0.26249999999999996,0.11249999999999716,-0.0625,-0.3875000000000002,0.4749999999999943,0.05,0.2124999999999999,-0.3500000000000001,0.7,0.0625,0.5
-118709.225,174583.76249999995,12261.475000000006,151007.825,9235.875,-9105.25,167165.9125,3175.0,145970.9125,44443.837499999994,0.3999999999999999,-0.26249999999999996,-0.8875000000000028,-0.0625,-0.3875000000000002,-0.5250000000000057,0.05,0.2124999999999999,0.6499999999999999,-0.30000000000000004,0.0625,-0.5
-118665.225,174479.76249999995,12306.475000000006,151234.825,9112.875,-9038.25,167039.9125,3087.0,146036.9125,44461.837499999994,0.3999999999999999,-0.26249999999999996,1.1124999999999972,-1.0625,-0.3875000000000002,0.4749999999999943,0.05,0.2124999999999999,-0.3500000000000001,0.7,0.0625,-0.5
-118820.225,174558.76249999995,12216.475000000006,151278.825,9128.875,-8909.25,167064.9125,3231.0,145857.9125,44261.837499999994,-0.6000000000000001,-0.26249999999999996,1.1124999999999972,-0.0625,-0.3875000000000002,-0.5250000000000057,0.05,0.2124999999999999,-0.3500000000000001,-0.30000000000000004,0.0625,0.5
-118811.225,174570.76249999995,12165.475000000006,151665.825,9003.875,-9011.25,166933.9125,3168.0,145700.9125,44070.837499999994,0.3999999999999999,0.7375,0.11249999999999716,-0.0625,-0.3875000000000002,0.4749999999999943,-0.95,0.2124999999999999,1.65,0.7,0.0625,-0.5
-118765.225,174311.76249999995,12265.475000000006,152014.825,8804.875,-9069.25,166681.9125,3041.0,145702.9125,43823.837499999994,0.3999999999999999,0.7375,0.11249999999999716,-0.0625,0.6124999999999998,-0.5250000000000057,0.05,0.2124999999999999,-0.3500000000000001,0.7,0.0625,-0.5
-118721.225,174364.76249999995,12293.475000000006,152196.825,8684.875,-9035.25,166595.9125,3045.0,145738.9125,43684.837499999994,0.3999999999999999,-0.26249999999999996,-0.8875000000000028,-0.0625,0.6124999999999998,-0.5250000000000057,0.05,0.2124999999999999,0.6499999999999999,-0.30000000000000004,0.0625,-0.5
-118781.225,174332.76249999995,12393.475000000006,152135.825,8630.875,-9056.25,166480.9125,3069.0,145632.9125,43650.837499999994,0.3999999999999999,0.7375,-0.8875000000000028,-0.0625,0.6124999999999998,-0.5250000000000057,0.05,1.2125,-0.3500000000000001,0.7,0.0625,0.5
-118819.225,174191.76249999995,12382.475000000006,152059.825,8692.875,-9064.25,166321.9125,3119.0,145227.9125,43612.837499999994,0.3999999999999999,0.7375,0.11249999999999716,-0.0625,-0.3875000000000002,-0.5250000000000057,0.05,0.2124999999999999,0.6499999999999999,-0.30000000000000004,0.0625,0.5
-118817.225,174235.76249999995,12273.475000000006,151865.825,8746.875,-9018.25,166408.9125,3105.0,144963.9125,43675.837499999994,0.3999999999999999,-0.26249999999999996,1.1124999999999972,-0.0625,-0.3875000000000002,0.4749999999999943,0.05,0.2124999999999999,-0.3500000000000001,-0.30000000000000004,0.0625,-1.5
-118789.225,174330.76249999995,12335.475000000006,151584.825,8884.875,-8988.25,166376.9125,3069.0,144796.9125,43638.837499999994,1.4,-0.26249999999999996,0.11249999999999716,1.9375,-0.3875000000000002,2.4749999999999943,0.05,0.2124999999999999,-0.3500000000000001,0.7,2.0625,0.5
-118822.225,174433.76249999995,12273.475000000006,151393.825,8851.875,-9142.25,166428.9125,3169.0,144814.9125,43843.837499999994,-0.6000000000000001,-0.26249999999999996,0.11249999999999716,-0.0625,-0.3875000000000002,1.4749999999999943,0.05,-0.7875000000000001,-0.3500000000000001,-1.3,0.0625,-1.5
-118849.225,174606.76249999995,12073.475000000006,151320.825,9114.875,-8855.25,166865.9125,3164.0,145074.9125,44160.837499999994,0.3999999999999999,-0.26249999999999996,0.11249999999999716,-0.0625,-0.3875000000000002,-0.5250000000000057,-0.95,0.2124999999999999,-0.3500000000000001,0.7,0.0625,0.5
-118884.225,174562.76249999995,12161.475000000006,151165.825,8740.875,-9025.25,167033.9125,3007.0,145090.9125,44053.837499999994,3.4,0.7375,-0.8875000000000028,0.9375,-0.3875000000000002,1.4749999999999943,-0.95,0.2124999999999999,0.6499999999999999,0.7,1.0625,-1.5
-118611.225,174234.76249999995,12288.475000000006,150718.825,8678.875,-9083.25,166578.9125,2837.0,144602.9125,43897.837499999994,-0.6000000000000001,-0.26249999999999996,0.11249999999999716,-0.0625,1.6124999999999998,1.4749999999999943,-0.95,0.2124999999999999,-0.3500000000000001,-0.30000000000000004,0.0625,-1.5
-118555.225,173880.76249999995,12318.475000000006,150690.825,8747.875,-8884.25,166610.9125,2946.0,145215.9125,43943.837499999994,0.3999999999999999,-2.2625,-0.8875000000000028,-0.0625,0.6124999999999998,0.4749999999999943,0.05,-0.7875000000000001,-0.3500000000000001,0.7,1.0625,-0.5
-118815.225,174581.76249999995,12256.475000000006,151334.825,8682.875,-8977.25,166874.9125,2960.0,145473.9125,43917.837499999994,-0.6000000000000001,1.7375,0.11249999999999716,-3.0625,-3.3875,-0.5250000000000057,0.05,0.2124999999999999,-1.35,0.7,1.0625,3.5
-118990.225,174757.76249999995,12128.475000000006,151093.825,8408.875,-9112.25,166943.9125,2980.0,145201.9125,43607.837499999994,0.3999999999999999,2.7375,2.112499999999997,-0.0625,-0.3875000000000002,4.474999999999994,0.05,0.2124999999999999,-1.35,-0.30000000000000004,-0.9375,4.5
-118853.225,174390.76249999995,12309.475000000006,151158.825,8430.875,-9039.25,166569.9125,2760.0,144972.9125,43907.837499999994,0.3999999999999999,0.7375,0.11249999999999716,2.9375,2.6125,9.474999999999994,0.05,-0.7875000000000001,-0.3500000000000001,2.7,1.0625,-0.5
-118675.225,174188.76249999995,12378.475000000006,151537.825,8644.875,-8898.25,166296.9125,2937.0,145053.9125,43806.837499999994,-0.6000000000000001,0.7375,-2.887500000000003,-1.0625,2.6125,-0.5250000000000057,-0.95,0.2124999999999999,0.6499999999999999,-0.30000000000000004,-3.9375,-1.5
-118719.225,174267.76249999995,12342.475000000006,151095.825,8535.875,-8935.25,166388.9125,2990.0,144348.9125,43573.837499999994,0.3999999999999999,0.7375,-0.8875000000000028,0.9375,2.6125,1.4749999999999943,0.05,0.2124999999999999,-0.3500000000000001,0.7,1.0625,0.5
-118780.225,174511.76249999995,12298.475000000006,150673.825,8598.875,-9056.25,166493.9125,3105.0,144325.9125,43402.837499999994,1.4,0.7375,4.112499999999997,0.9375,-0.3875000000000002,2.4749999999999943,0.05,1.2125,-1.35,0.7,0.0625,1.5
-118788.225,174546.76249999995,12301.475000000006,151883.825,8666.875,-9085.25,166687.9125,2984.0,145131.9125,43901.837499999994,0.3999999999999999,0.7375,-0.8875000000000028,-0.0625,0.6124999999999998,1.4749999999999943,0.05,0.2124999999999999,0.6499999999999999,0.7,-0.9375,-1.5
-118986.225,174690.76249999995,12380.475000000006,151412.825,8608.875,-8939.25,167040.9125,3051.0,145566.9125,44197.837499999994,-0.6000000000000001,-1.2625,-2.887500000000003,-0.0625,1.6124999999999998,-0.5250000000000057,0.05,0.2124999999999999,-0.3500000000000001,0.7,0.0625,-0.5
-118939.225,174703.76249999995,12316.475000000006,150804.825,8748.875,-8887.25,167148.9125,3029.0,145300.9125,44202.837499999994,-0.6000000000000001,-1.2625,-1.8875000000000028,0.9375,-0.3875000000000002,0.4749999999999943,0.05,0.2124999999999999,-0.3500000000000001,0.7,0.0625,1.5
-118831.225,174483.76249999995,12170.475000000006,151326.825,8900.875,-8927.25,166885.9125,3030.0,145857.9125,44197.837499999994,1.4,-0.26249999999999996,1.1124999999999972,0.9375,-1.3875000000000002,1.4749999999999943,0.05,0.2124999999999999,-0.3500000000000001,-0.30000000000000004,0.0625,-0.5
-118730.225,174397.76249999995,12148.475000000006,151965.825,8636.875,-8964.25,166858.9125,3047.0,146207.9125,44133.837499999994,0.3999999999999999,-0.26249999999999996,1.1124999999999972,-0.0625,0.6124999999999998,1.4749999999999943,0.05,0.2124999999999999,-0.3500000000000001,-0.30000000000000004,-0.9375,-2.5
-119066.225,174624.76249999995,12161.475000000006,151636.825,8345.875,-8912.25,167205.9125,3139.0,145984.9125,43968.837499999994,-0.6000000000000001,-0.26249999999999996,-1.8875000000000028,-0.0625,-0.3875000000000002,0.4749999999999943,0.05,0.2124999999999999,-0.3500000000000001,-0.30000000000000004,-0.9375,-1.5
-119243.225,174528.76249999995,12299.475000000006,151477.825,8301.875,-8903.25,167170.9125,2968.0,146136.9125,43854.837499999994,0.3999999999999999,-0.26249999999999996,-0.8875000000000028,-0.0625,-1.3875000000000002,-0.5250000000000057,0.05,-0.7875000000000001,0.6499999999999999,-0.30000000000000004,0.0625,0.5
-118934.225,174218.76249999995,12268.475000000006,152181.825,8401.875,-8982.25,166813.9125,2953.0,146612.9125,44010.837499999994,0.3999999999999999,-0.26249999999999996,1.1124999999999972,-0.0625,-0.3875000000000002,0.4749999999999943,0.05,0.2124999999999999,0.6499999999999999,-0.30000000000000004,-0.9375,-0.5
-118724.225,174089.76249999995,12226.475000000006,151578.825,8420.875,-8988.25,166414.9125,3040.0,145975.9125,43683.837499999994,0.3999999999999999,-0.26249999999999996,0.11249999999999716,-1.0625,0.6124999999999998,0.4749999999999943,-0.95,0.2124999999999999,-0.3500000000000001,0.7,0.0625,-1.5
-118874.225,174306.76249999995,12255.475000000006,151459.825,8480.875,-8982.25,166697.9125,3010.0,145968.9125,43701.837499999994,-0.6000000000000001,-0.26249999999999996,-0.8875000000000028,-0.0625,-0.3875000000000002,-0.5250000000000057,0.05,0.2124999999999999,-1.35,-0.30000000000000004,0.0625,0.5
-118897.225,174553.76249999995,12304.475000000006,151816.825,8825.875,-9009.25,166854.9125,3019.0,146246.9125,44080.837499999994,0.3999999999999999,-0.26249999999999996,0.11249999999999716,-1.0625,-0.3875000000000002,-0.5250000000000057,0.05,0.2124999999999999,-0.3500000000000001,-0.30000000000000004,0.0625,0.5
-119056.225,174774.76249999995,12267.475000000006,151757.825,8834.875,-9019.25,166893.9125,2977.0,145912.9125,44090.837499999994,0.3999999999999999,-0.26249999999999996,0.11249999999999716,0.9375,0.6124999999999998,-0.5250000000000057,0.05,0.2124999999999999,-0.3500000000000001,-0.30000000000000004,0.0625,0.5
-119027.225,174838.76249999995,12363.475000000006,151223.825,8632.875,-9016.25,166789.9125,2901.0,145262.9125,44080.837499999994,-0.6000000000000001,-0.26249999999999996,1.1124999999999972,0.9375,0.6124999999999998,-0.5250000000000057,0.05,-0.7875000000000001,-0.3500000000000001,0.7,0.0625,-0.5
-118910.225,174656.76249999995,12275.475000000006,151243.825,8643.875,-8871.25,166675.9125,2970.0,145198.9125,44094.837499999994,0.3999999999999999,-0.26249999999999996,1.1124999999999972,-0.0625,-0.3875000000000002,0.4749999999999943,0.05,0.2124999999999999,-0.3500000000000001,0.7,1.0625,0.5
-118851.225,174503.76249999995,12392.475000000006,151152.825,8572.875,-8817.25,166472.9125,2938.0,144936.9125,43798.837499999994,-0.6000000000000001,-0.26249999999999996,0.11249999999999716,-0.0625,-0.3875000000000002,-0.5250000000000057,0.05,0.2124999999999999,-0.3500000000000001,-0.30000000000000004,0.0625,0.5
-119088.225,174498.76249999995,12481.475000000006,151673.825,8569.875,-8885.25,166247.9125,2941.0,145064.9125,43745.837499999994,-0.6000000000000001,0.7375,-0.8875000000000028,-0.0625,-0.3875000000000002,-0.5250000000000057,0.05,0.2124999999999999,-0.3500000000000001,0.7,0.0625,1.5
-119336.225,174582.76249999995,12374.475000000006,152207.825,8422.875,-9091.25,166266.9125,2960.0,145478.9125,43820.837499999994,0.3999999999999999,0.7375,2.112499999999997,-0.0625,0.6124999999999998,0.4749999999999943,0.05,0.2124999999999999,0.6499999999999999,-0.30000000000000004,0.0625,-0.5
-119199.225,174526.76249999995,12379.475000000006,151943.825,8264.875,-8856.25,166058.9125,3084.0,145372.9125,43708.837499999994,0.3999999999999999,0.7375,1.1124999999999972,-0.0625,0.6124999999999998,-0.5250000000000057,0.05,0.2124999999999999,-0.3500000000000001,0.7,0.0625,0.5
-118671.225,173774.76249999995,12330.475000000006,151547.825,8371.875,-9021.25,165896.9125,2971.0,145595.9125,43573.837499999994,-0.6000000000000001,0.7375,0.11249999999999716,-0.0625,-0.3875000000000002,0.4749999999999943,0.05,0.2124999999999999,-0.3500000000000001,0.7,0.0625,0.5
-118964.225,174068.76249999995,12297.475000000006,151684.825,8378.875,-9150.25,166415.9125,2990.0,145579.9125,43965.837499999994,0.3999999999999999,-0.26249999999999996,1.1124999999999972,-0.0625,-0.3875000000000002,0.4749999999999943,0.05,0.2124999999999999,-0.3500000000000001,-0.30000000000000004,-0.9375,-0.5
-119270.225,174683.76249999995,12351.475000000006,151457.825,8482.875,-9062.25,167227.9125,2976.0,145176.9125,43891.837499999994,1.4,-0.26249999999999996,-0.8875000000000028,0.9375,-0.3875000000000002,-0.5250000000000057,0.05,0.2124999999999999,-0.3500000000000001,0.7,0.0625,0.5
-119234.225,174880.76249999995,12333.475000000006,151564.825,8716.875,-8924.25,167258.9125,3087.0,145380.9125,43988.837499999994,-0.6000000000000001,-0.26249999999999996,0.11249999999999716,-0.0625,-0.3875000000000002,-0.5250000000000057,0.05,-0.7875000000000001,-0.3500000000000001,0.7,-0.9375,-0.5
-118899.225,174458.76249999995,12320.475000000006,151447.825,8692.875,-8948.25,166944.9125,2939.0,145774.9125,44076.837499999994,0.3999999999999999,-0.26249999999999996,-0.8875000000000028,-0.0625,-0.3875000000000002,0.4749999999999943,0.05,-0.7875000000000001,-0.3500000000000001,-0.30000000000000004,-0.9375,-0.5
-118864.225,174381.76249999995,12282.475000000006,150924.825,8627.875,-9105.25,167027.9125,2937.0,145478.9125,44041.837499999994,0.3999999999999999,0.7375,0.11249999999999716,-0.0625,0.6124999999999998,0.4749999999999943,0.05,0.2124999999999999,0.6499999999999999,-0.30000000000000004,0.0625,-0.5
-118896.225,174397.76249999995,12325.475000000006,150658.825,8762.875,-9098.25,167284.9125,2971.0,145828.9125,44036.837499999994,0.3999999999999999,0.7375,0.11249999999999716,-0.0625,-0.3875000000000002,-0.5250000000000057,0.05,0.2124999999999999,-0.3500000000000001,-0.30000000000000004,0.0625,0.5
-119098.225,174475.76249999995,12260.475000000006,151210.825,8877.875,-9133.25,167107.9125,2978.0,146004.9125,43979.837499999994,0.3999999999999999,-0.26249999999999996,0.11249999999999716,-1.0625,0.6124999999999998,0.4749999999999943,0.05,0.2124999999999999,0.6499999999999999,-0.30000000000000004,0.0625,-0.5
-119073.225,174666.76249999995,12292.475000000006,151422.825,8634.875,-9164.25,167021.9125,3107.0,145776.9125,43822.837499999994,0.3999999999999999,-0.26249999999999996,1.1124999999999972,-0.0625,-1.3875000000000002,0.4749999999999943,0.05,0.2124999999999999,-0.3500000000000001,0.7,-0.9375,-0.5
-119030.225,174609.76249999995,12399.475000000006,151365.825,8482.875,-9119.25,167022.9125,2958.0,145534.9125,43736.837499999994,0.3999999999999999,0.7375,0.11249999999999716,0.9375,-0.3875000000000002,0.4749999999999943,0.05,-0.7875000000000001,-0.3500000000000001,-0.30000000000000004,0.0625,0.5
-118882.225,174414.76249999995,12299.475000000006,151585.825,8410.875,-8996.25,166828.9125,3076.0,145789.9125,43920.837499999994,0.3999999999999999,-0.26249999999999996,0.11249999999999716,0.9375,-0.3875000000000002,-0.5250000000000057,0.05,0.2124999999999999,-0.3500000000000001,-0.30000000000000004,0.0625,-0.5
-118851.225,174415.76249999995,12272.475000000006,151801.825,8470.875,-9028.25,166892.9125,3079.0,146154.9125,44181.837499999994,0.3999999999999999,-0.26249999999999996,-0.8875000000000028,-0.0625,-0.3875000000000002,-0.5250000000000057,0.05,0.2124999999999999,-0.3500000000000001,-0.30000000000000004,0.0625,-0.5
-119145.225,174730.76249999995,12416.475000000006,151617.825,8473.875,-9189.25,167017.9125,2999.0,145926.9125,44167.837499999994,0.3999999999999999,-0.26249999999999996,-0.8875000000000028,0.9375,-0.3875000000000002,-0.5250000000000057,0.05,0.2124999999999999,-1.35,-0.30000000000000004,0.0625,0.5
-119179.225,175014.76249999995,12268.475000000006,151654.825,8718.875,-9062.25,166537.9125,3058.0,145939.9125,44008.837499999994,0.3999999999999999,-0.26249999999999996,1.1124999999999972,-0.0625,-0.3875000000000002,-0.5250000000000057,0.05,0.2124999999999999,0.6499999999999999,0.7,0.0625,-1.5
-119031.225,174860.76249999995,12321.475000000006,151832.825,8801.875,-8995.25,166487.9125,3036.0,146081.9125,44171.837499999994,0.3999999999999999,0.7375,0.11249999999999716,-0.0625,-0.3875000000000002,0.4749999999999943,0.05,0.2124999999999999,-0.3500000000000001,-0.30000000000000004,0.0625,0.5
-119044.225,174633.76249999995,12405.475000000006,151461.825,8813.875,-9086.25,166863.9125,2984.0,146184.9125,44126.837499999994,-0.6000000000000001,0.7375,0.11249999999999716,-1.0625,-0.3875000000000002,1.4749999999999943,0.05,0.2124999999999999,-0.3500000000000001,0.7,-0.9375,0.5
-119139.225,174923.76249999995,12307.475000000006,151595.825,8762.875,-9107.25,167124.9125,2984.0,146662.9125,44359.837499999994,0.3999999999999999,-1.2625,1.1124999999999972,-0.0625,-0.3875000000000002,0.4749999999999943,0.05,0.2124999999999999,-0.3500000000000001,-0.30000000000000004,0.0625,-0.5
-119095.225,175002.76249999995,12348.475000000006,152100.825,8747.875,-9205.25,167085.9125,2893.0,147054.9125,44363.837499999994,-0.6000000000000001,-0.26249999999999996,0.11249999999999716,0.9375,-0.3875000000000002,0.4749999999999943,0.05,-0.7875000000000001,-0.3500000000000001,-0.30000000000000004,0.0625,-0.5
-119124.225,174861.76249999995,12207.475000000006,152084.825,8732.875,-9025.25,166892.9125,3081.0,146637.9125,44256.837499999994,0.3999999999999999,-0.26249999999999996,1.1124999999999972,-0.0625,-0.3875000000000002,0.4749999999999943,0.05,0.2124999999999999,-0.3500000000000001,-0.30000000000000004,0.0625,-0.5
-118993.225,174427.76249999995,12177.475000000006,151748.825,8665.875,-9023.25,166916.9125,3033.0,146332.9125,43991.837499999994,-0.6000000000000001,-0.26249999999999996,0.11249999999999716,-0.0625,0.6124999999999998,-0.5250000000000057,0.05,1.2125,-0.3500000000000001,-0.30000000000000004,0.0625,0.5
-118831.225,174098.76249999995,12380.475000000006,151703.825,8567.875,-9262.25,167138.9125,3153.0,146440.9125,43873.837499999994,-0.6000000000000001,-0.26249999999999996,0.11249999999999716,-0.0625,-0.3875000000000002,-0.5250000000000057,0.05,-0.7875000000000001,-0.3500000000000001,-1.3,0.0625,0.5
-118775.225,174244.76249999995,12405.475000000006,151846.825,8660.875,-9123.25,167105.9125,3141.0,146512.9125,43881.837499999994,-0.6000000000000001,0.7375,0.11249999999999716,-0.0625,-0.3875000000000002,-0.5250000000000057,0.05,0.2124999999999999,-0.3500000000000001,-0.30000000000000004,0.0625,0.5
-119182.225,174671.76249999995,12249.475000000006,152197.825,8703.875,-9107.25,167029.9125,3008.0,145690.9125,44012.837499999994,0.3999999999999999,0.7375,0.11249999999999716,-1.0625,0.6124999999999998,0.4749999999999943,0.05,0.2124999999999999,-0.3500000000000001,-0.30000000000000004,0.0625,0.5
-119105.225,174743.76249999995,12333.475000000006,152108.825,8801.875,-9160.25,166865.9125,2949.0,145595.9125,44098.837499999994,0.3999999999999999,-0.26249999999999996,0.11249999999999716,-0.0625,-0.3875000000000002,0.4749999999999943,0.05,0.2124999999999999,-0.3500000000000001,-0.30000000000000004,0.0625,0.5
-118979.225,174790.76249999995,12407.475000000006,151854.825,8910.875,-9149.25,167102.9125,3124.0,145453.9125,44163.837499999994,-0.6000000000000001,0.7375,0.11249999999999716,-0.0625,-0.3875000000000002,0.4749999999999943,0.05,0.2124999999999999,-0.3500000000000001,0.7,0.0625,-0.5
-119200.225,174987.76249999995,12255.475000000006,151650.825,8918.875,-9012.25,167490.9125,3229.0,145491.9125,44241.837499999994,0.3999999999999999,-0.26249999999999996,0.11249999999999716,0.9375,-0.3875000000000002,-0.5250000000000057,0.05,0.2124999999999999,0.6499999999999999,-0.30000000000000004,0.0625,-0.5
-119176.225,175049.76249999995,12262.475000000006,151663.825,9039.875,-8945.25,167215.9125,2963.0,145441.9125,44322.837499999994,0.3999999999999999,0.7375,1.1124999999999972,-0.0625,0.6124999999999998,-0.5250000000000057,0.05,-0.7875000000000001,-0.3500000000000001,-0.30000000000000004,0.0625,0.5
-119113.225,175094.76249999995,12444.475000000006,151715.825,8879.875,-9061.25,167013.9125,3011.0,145542.9125,44269.837499999994,0.3999999999999999,0.7375,0.11249999999999716,0.9375,-0.3875000000000002,-0.5250000000000057,0.05,0.2124999999999999,-0.3500000000000001,-0.30000000000000004,0.0625,-0.5
-119273.225,175119.76249999995,12335.475000000006,151640.825,8883.875,-9133.25,166899.9125,2981.0,145412.9125,44239.837499999994,0.3999999999999999,-0.26249999999999996,0.11249999999999716,-0.0625,-0.3875000000000002,-0.5250000000000057,0.05,0.2124999999999999,0.6499999999999999,-0.30000000000000004,-0.9375,0.5
-119150.225,174991.76249999995,12151.475000000006,151525.825,8771.875,-9167.25,166933.9125,3087.0,145373.9125,44236.837499999994,0.3999999999999999,-0.26249999999999996,0.11249999999999716,-0.0625,-0.3875000000000002,-0.5250000000000057,0.05,-0.7875000000000001,0.6499999999999999,0.7,-0.9375,0.5
-119006.225,174777.76249999995,12114.475000000006,151509.825,8643.875,-9181.25,166721.9125,3094.0,145369.9125,44020.837499999994,0.3999999999999999,0.7375,0.11249999999999716,-0.0625,0.6124999999999998,-0.5250000000000057,0.05,0.2124999999999999,-0.3500000000000001,-0.30000000000000004,0.0625,-0.5
-118962.225,174646.76249999995,12315.475000000006,151520.825,8612.875,-9215.25,166303.9125,2947.0,145386.9125,43816.837499999994,-0.6000000000000001,0.7375,0.11249999999999716,-0.0625,-0.3875000000000002,-0.5250000000000057,0.05,0.2124999999999999,-0.3500000000000001,-0.30000000000000004,0.0625,0.5
-118996.225,174471.76249999995,12305.475000000006,151453.825,8561.875,-9167.25,166203.9125,2949.0,145161.9125,43732.837499999994,0.3999999999999999,-0.26249999999999996,0.11249999999999716,-0.0625,-0.3875000000000002,-0.5250000000000057,0.05,0.2124999999999999,0.6499999999999999,-0.30000000000000004,-0.9375,0.5
-118865.225,174277.76249999995,12181.475000000006,151155.825,8420.875,-9100.25,166230.9125,3006.0,145179.9125,43793.837499999994,0.3999999999999999,-0.26249999999999996,-0.8875000000000028,0.9375,-0.3875000000000002,0.4749999999999943,0.05,-0.7875000000000001,0.6499999999999999,-0.30000000000000004,0.0625,0.5
-118886.225,174340.76249999995,12221.475000000006,151097.825,8505.875,-9003.25,166402.9125,3157.0,145336.9125,43919.837499999994,0.3999999999999999,-0.26249999999999996,0.11249999999999716,-0.0625,0.6124999999999998,0.4749999999999943,0.05,0.2124999999999999,-0.3500000000000001,-0.30000000000000004,0.0625,0.5
-118749.225,174469.76249999995,12195.475000000006,151048.825,8562.875,-8977.25,166762.9125,3002.0,145320.9125,43921.837499999994,0.3999999999999999,0.7375,0.11249999999999716,-0.0625,-0.3875000000000002,0.4749999999999943,0.05,0.2124999999999999,0.6499999999999999,-0.30000000000000004,0.0625,0.5
-118675.225,174446.76249999995,12346.475000000006,151035.825,8841.875,-9039.25,166798.9125,2907.0,145339.9125,43882.837499999994,0.3999999999999999,0.7375,0.11249999999999716,-0.0625,-0.3875000000000002,-0.5250000000000057,0.05,0.2124999999999999,0.6499999999999999,-0.30000000000000004,0.0625,0.5
-118728.225,174288.76249999995,12186.475000000006,150894.825,8914.875,-9084.25,166692.9125,3045.0,145653.9125,43984.837499999994,0.3999999999999999,-0.26249999999999996,0.11249999999999716,-0.0625,-0.3875000000000002,-0.5250000000000057,0.05,0.2124999999999999,0.6499999999999999,-0.30000000000000004,0.0625,0.5
-118848.225,174214.76249999995,12070.475000000006,150901.825,8828.875,-9111.25,166647.9125,3039.0,145742.9125,44134.837499999994,0.3999999999999999,-0.26249999999999996,0.11249999999999716,-0.0625,-0.3875000000000002,-0.5250000000000057,0.05,0.2124999999999999,0.6499999999999999,-0.30000000000000004,0.0625,0.5
-118940.225,174176.76249999995,12272.475000000006,151193.825,8810.875,-8947.25,166844.9125,3021.0,145934.9125,44220.837499999994,-0.6000000000000001,0.7375,-0.8875000000000028,0.9375,-0.3875000000000002,0.4749999999999943,0.05,0.2124999999999999,-0.3500000000000001,-0.30000000000000004,-0.9375,-0.5
-118989.225,174311.76249999995,12351.475000000006,151433.825,8710.875,-9084.25,166850.9125,3058.0,146013.9125,44132.837499999994,0.3999999999999999,0.7375,-0.8875000000000028,-0.0625,-0.3875000000000002,-0.5250000000000057,0.05,0.2124999999999999,-0.3500000000000001,0.7,0.0625,-0.5
-119082.225,174204.76249999995,12310.475000000006,151547.825,8600.875,-9232.25,167048.9125,3064.0,146117.9125,44068.837499999994,0.3999999999999999,-0.26249999999999996,0.11249999999999716,-0.0625,-0.3875000000000002,-0.5250000000000057,0.05,0.2124999999999999,-0.3500000000000001,0.7,0.0625,-0.5
-119047.225,174289.76249999995,12359.475000000006,151652.825,8546.875,-9116.25,166904.9125,3049.0,146300.9125,43979.837499999994,0.3999999999999999,0.7375,0.11249999999999716,-0.0625,-0.3875000000000002,-1.5250000000000057,0.05,0.2124999999999999,0.6499999999999999,0.7,0.0625,-0.5
-118833.225,174261.76249999995,12382.475000000006,151526.825,8453.875,-9170.25,166756.9125,3052.0,146001.9125,43766.837499999994,0.3999999999999999,-0.26249999999999996,0.11249999999999716,-0.0625,-0.3875000000000002,0.4749999999999943,0.05,0.2124999999999999,-0.3500000000000001,-0.30000000000000004,0.0625,0.5
-118879.225,174237.76249999995,12372.475000000006,151576.825,8656.875,-9107.25,166763.9125,3111.0,145971.9125,43841.837499999994,1.4,-0.26249999999999996,0.11249999999999716,-0.0625,-0.3875000000000002,0.4749999999999943,0.05,0.2124999999999999,-0.3500000000000001,0.7,0.0625,-0.5
-118980.225,174534.76249999995,12329.475000000006,151602.825,8581.875,-9073.25,166900.9125,3017.0,145869.9125,43933.837499999994,0.3999999999999999,0.7375,0.11249999999999716,-1.0625,-0.3875000000000002,0.4749999999999943,0.05,0.2124999999999999,0.6499999999999999,0.7,0.0625,-0.5
-119022.225,174550.76249999995,12357.475000000006,151609.825,8764.875,-9242.25,167141.9125,3059.0,145897.9125,44201.837499999994,-0.6000000000000001,0.7375,0.11249999999999716,-0.0625,0.6124999999999998,-0.5250000000000057,0.05,0.2124999999999999,0.6499999999999999,-0.30000000000000004,0.0625,0.5
-118976.225,174654.76249999995,12451.475000000006,151423.825,8904.875,-9193.25,167267.9125,3089.0,146030.9125,44227.837499999994,0.3999999999999999,-0.26249999999999996,1.1124999999999972,-0.0625,-0.3875000000000002,0.4749999999999943,0.05,0.2124999999999999,0.6499999999999999,-0.30000000000000004,0.0625,-0.5
-118980.225,174697.76249999995,12322.475000000006,151356.825,8913.875,-9220.25,167243.9125,2935.0,145980.9125,44437.837499999994,0.3999999999999999,-0.26249999999999996,0.11249999999999716,-0.0625,-0.3875000000000002,-0.5250000000000057,0.05,0.2124999999999999,-0.3500000000000001,0.7,0.0625,-0.5
-119179.225,174746.76249999995,12204.475000000006,151484.825,8774.875,-9355.25,167505.9125,2958.0,145967.9125,44474.837499999994,0.3999999999999999,-0.26249999999999996,-0.8875000000000028,-0.0625,-0.3875000000000002,0.4749999999999943,0.05,0.2124999999999999,0.6499999999999999,-0.30000000000000004,-0.9375,0.5
-119209.225,174899.76249999995,12214.475000000006,151556.825,8625.875,-9228.25,167632.9125,3003.0,146080.9125,44308.837499999994,-0.6000000000000001,-0.26249999999999996,1.1124999999999972,-0.0625,-0.3875000000000002,0.4749999999999943,0.05,0.2124999999999999,-0.3500000000000001,0.7,0.0625,-0.5
