FPI,SPI,AI,SFI,FFI,FPD,SPD,AD,SFD,FFD,API_X,API_Y,API_Z,APD_X,APD_Y,APD_Z,AFD_X,AFD_Y,AFD_Z,AFI_X,AFI_Y,AFI_Z
-8793.200000000012,-195.65000000002328,5809.0,96296.975,8108.337500000023,19220.337500000023,267.7749999999942,2280.274999999994,127.25,-8353.287499999977,-0.3624999999999998,-0.4375,-0.0625,0.8250000000000002,-0.4249999999999998,-0.125,-0.8375,0.08749999999999991,-0.2749999999999999,-0.2749999999999999,0.0125,0.875
-8825.200000000012,93.34999999997672,5866.0,96337.975,8148.337500000023,19207.337500000023,127.77499999999418,2256.274999999994,217.25,-8502.287499999977,-0.3624999999999998,-0.4375,-1.0625,-0.17499999999999982,0.5750000000000002,1.875,-0.8375,0.08749999999999991,-0.2749999999999999,-0.2749999999999999,-0.9875,0.875
-8930.200000000012,24.349999999976717,5708.0,96347.975,8098.337500000023,19135.337500000023,84.77499999999418,2136.274999999994,-59.75,-8430.287499999977,-0.3624999999999998,-0.4375,-1.0625,-0.17499999999999982,0.5750000000000002,-0.125,0.1625,0.08749999999999991,-0.2749999999999999,-0.2749999999999999,0.0125,-0.125
-8989.200000000012,6.349999999976717,5636.0,96172.975,8034.337500000023,19175.337500000023,258.7749999999942,2257.274999999994,-112.75,-8508.287499999977,-0.3624999999999998,-0.4375,-0.0625,-0.17499999999999982,-0.4249999999999998,0.875,0.1625,0.08749999999999991,0.7250000000000001,-0.2749999999999999,0.0125,-0.125
-9042.200000000012,62.34999999997672,5609.0,96148.975,8113.337500000023,19205.337500000023,33.77499999999418,2246.274999999994,-22.75,-8515.287499999977,-0.3624999999999998,-0.4375,-0.0625,-0.17499999999999982,-0.4249999999999998,-0.125,0.1625,0.08749999999999991,0.7250000000000001,-0.2749999999999999,-0.9875,1.875
-9003.200000000012,85.34999999997672,5560.0,96314.975,8099.337500000023,19192.337500000023,25.77499999999418,2126.274999999994,-8.75,-8436.287499999977,-0.3624999999999998,-0.4375,-0.0625,-0.17499999999999982,-1.4249999999999998,-0.125,0.1625,0.08749999999999991,-0.2749999999999999,-1.275,0.0125,-0.125
-8878.200000000012,-0.6500000000232831,5638.0,96403.975,8086.337500000023,19301.337500000023,-29.22500000000582,2174.274999999994,35.25,-8502.287499999977,-0.3624999999999998,0.5625,-0.0625,-0.17499999999999982,-0.4249999999999998,0.875,0.1625,0.08749999999999991,-0.2749999999999999,0.7250000000000001,0.0125,-0.125
-8818.200000000012,-68.65000000002328,5722.0,96263.975,8028.337500000023,19212.337500000023,59.77499999999418,2247.274999999994,131.25,-8396.287499999977,-0.3624999999999998,-0.4375,-0.0625,-0.17499999999999982,-0.4249999999999998,-0.125,0.1625,0.08749999999999991,0.7250000000000001,0.7250000000000001,0.0125,0.875
-8897.200000000012,-30.650000000023283,5636.0,96432.975,8123.337500000023,19230.337500000023,159.77499999999418,2197.274999999994,266.25,-8263.287499999977,0.6375000000000002,-0.4375,-0.0625,-0.17499999999999982,-0.4249999999999998,0.875,0.1625,0.08749999999999991,-0.2749999999999999,-0.2749999999999999,0.0125,-1.125
-8823.200000000012,212.34999999997672,5632.0,96384.975,8094.337500000023,19335.337500000023,129.77499999999418,2373.274999999994,231.25,-8226.287499999977,0.6375000000000002,-0.4375,-1.0625,-0.17499999999999982,0.5750000000000002,0.875,0.1625,-0.9125000000000001,0.7250000000000001,-0.2749999999999999,0.0125,-1.125
-8840.200000000012,2.349999999976717,5624.0,96417.975,8159.337500000023,19313.337500000023,-95.22500000000582,2370.274999999994,142.25,-8242.287499999977,-0.3624999999999998,0.5625,1.9375,-0.17499999999999982,-0.4249999999999998,-0.125,0.1625,0.08749999999999991,-0.2749999999999999,-0.2749999999999999,0.0125,-0.125
-8818.200000000012,-45.65000000002328,5635.0,96404.975,8146.337500000023,19215.337500000023,79.77499999999418,2267.274999999994,28.25,-8205.287499999977,-0.3624999999999998,-0.4375,-1.0625,-0.17499999999999982,0.5750000000000002,0.875,0.1625,0.08749999999999991,0.7250000000000001,0.7250000000000001,0.0125,0.875
-8881.200000000012,51.34999999997672,5743.0,96340.975,8024.337500000023,19276.337500000023,77.77499999999418,2252.274999999994,-8.75,-8303.287499999977,-0.3624999999999998,0.5625,-0.0625,-0.17499999999999982,-0.4249999999999998,-0.125,-0.8375,0.08749999999999991,-0.2749999999999999,-0.2749999999999999,0.0125,-0.125
-8859.200000000012,122.34999999997672,5784.0,96287.975,7925.337500000023,19139.337500000023,212.77499999999418,2213.274999999994,-46.75,-8259.287499999977,-0.3624999999999998,0.5625,-0.0625,0.8250000000000002,0.5750000000000002,-0.125,0.1625,0.08749999999999991,-0.2749999999999999,0.7250000000000001,0.0125,0.875
-8938.200000000012,210.34999999997672,5770.0,96197.975,8186.337500000023,19311.337500000023,172.77499999999418,2245.274999999994,-40.75,-8166.287499999977,0.6375000000000002,-0.4375,1.9375,0.8250000000000002,0.5750000000000002,-0.125,0.1625,-0.9125000000000001,0.7250000000000001,0.7250000000000001,0.0125,-1.125
-9020.200000000012,231.34999999997672,5703.0,96207.975,8185.337500000023,19373.337500000023,212.77499999999418,2344.274999999994,-324.75,-8220.287499999977,0.6375000000000002,-0.4375,-0.0625,0.8250000000000002,-0.4249999999999998,-0.125,0.1625,0.08749999999999991,-0.2749999999999999,-0.2749999999999999,0.0125,-0.125
-8995.200000000012,93.34999999997672,5712.0,96173.975,8081.337500000023,19339.337500000023,298.7749999999942,2255.274999999994,-547.75,-8184.287499999977,-0.3624999999999998,-0.4375,-0.0625,-0.17499999999999982,0.5750000000000002,0.875,-0.8375,0.08749999999999991,-0.2749999999999999,-0.2749999999999999,0.0125,-0.125
-9070.200000000012,129.34999999997672,5700.0,96119.975,8065.337500000023,19304.337500000023,287.7749999999942,2333.274999999994,-593.75,-8188.287499999977,0.6375000000000002,0.5625,-0.0625,-1.1749999999999998,0.5750000000000002,-0.125,0.1625,1.0875,-0.2749999999999999,0.7250000000000001,-0.9875,-0.125
-9125.200000000012,78.34999999997672,5617.0,96172.975,8108.337500000023,19198.337500000023,249.77499999999418,2299.274999999994,-588.75,-8236.287499999977,0.6375000000000002,-0.4375,-1.0625,0.8250000000000002,-0.4249999999999998,-0.125,0.1625,0.08749999999999991,0.7250000000000001,-0.2749999999999999,0.0125,-0.125
-8902.200000000012,34.34999999997672,5608.0,96342.975,8142.337500000023,19262.337500000023,246.77499999999418,2203.274999999994,12.25,-8364.287499999977,0.6375000000000002,0.5625,-0.0625,-0.17499999999999982,-0.4249999999999998,-0.125,0.1625,0.08749999999999991,0.7250000000000001,-0.2749999999999999,0.0125,-0.125
-8924.200000000012,188.34999999997672,5612.0,96256.975,8075.337500000023,19193.337500000023,312.7749999999942,2198.274999999994,186.25,-8354.287499999977,-0.3624999999999998,0.5625,-0.0625,-0.17499999999999982,-0.4249999999999998,-0.125,0.1625,0.08749999999999991,-0.2749999999999999,-0.2749999999999999,0.0125,-0.125
-9008.200000000012,116.34999999997672,5509.0,96169.975,8174.337500000023,19169.337500000023,355.7749999999942,2087.274999999994,347.25,-8354.287499999977,-0.3624999999999998,0.5625,-0.0625,-0.17499999999999982,-0.4249999999999998,-0.125,0.1625,0.08749999999999991,-0.2749999999999999,-0.2749999999999999,0.0125,-0.125
-9115.200000000012,84.34999999997672,5575.0,96117.975,8282.337500000023,18938.337500000023,278.7749999999942,2097.274999999994,173.25,-8320.287499999977,-0.3624999999999998,0.5625,-0.0625,-0.17499999999999982,-0.4249999999999998,-0.125,-1.8375,-0.9125000000000001,-1.275,-0.2749999999999999,0.0125,-1.125
-8834.200000000012,-15.650000000023283,5519.0,95924.975,8131.337500000023,19066.337500000023,319.7749999999942,1940.2749999999942,-47.75,-8217.287499999977,0.6375000000000002,-0.4375,-1.0625,-1.1749999999999998,-0.4249999999999998,-0.125,0.1625,0.08749999999999991,-1.275,-0.2749999999999999,0.0125,-0.125
-8968.200000000012,-156.65000000002328,5616.0,95770.975,7940.337500000023,18959.337500000023,-183.22500000000582,1838.2749999999942,-87.75,-8244.287499999977,-0.3624999999999998,-0.4375,-0.0625,-1.1749999999999998,0.5750000000000002,-0.125,0.1625,0.08749999999999991,0.7250000000000001,-0.2749999999999999,0.0125,-0.125
-8915.200000000012,114.34999999997672,5646.0,95960.975,8032.337500000023,19072.337500000023,-46.22500000000582,2150.274999999994,-190.75,-8414.287499999977,-0.3624999999999998,0.5625,-0.0625,-1.1749999999999998,0.5750000000000002,-0.125,0.1625,0.08749999999999991,-0.2749999999999999,-0.2749999999999999,0.0125,-0.125
-9099.200000000012,245.34999999997672,5632.0,95900.975,8129.337500000023,19094.337500000023,212.77499999999418,2119.274999999994,-175.75,-8475.287499999977,-0.3624999999999998,0.5625,-0.0625,-0.17499999999999982,-0.4249999999999998,-1.125,0.1625,0.08749999999999991,-0.2749999999999999,-0.2749999999999999,0.0125,-0.125
-9086.200000000012,426.3499999999767,5573.0,96019.975,8176.337500000023,19159.337500000023,189.77499999999418,2135.274999999994,-106.75,-8456.287499999977,-0.3624999999999998,-0.4375,-0.0625,-0.17499999999999982,0.5750000000000002,-0.125,0.1625,0.08749999999999991,-0.2749999999999999,-0.2749999999999999,0.0125,-0.125
-8950.200000000012,408.3499999999767,5640.0,96086.975,8184.337500000023,19227.337500000023,-65.22500000000582,2157.274999999994,-162.75,-8462.287499999977,0.6375000000000002,-0.4375,0.9375,-0.17499999999999982,0.5750000000000002,-1.125,-0.8375,0.08749999999999991,0.7250000000000001,-0.2749999999999999,0.0125,0.875
-8862.200000000012,392.3499999999767,5773.0,95989.975,8174.337500000023,19185.337500000023,-66.22500000000582,1965.2749999999942,-179.75,-8391.287499999977,-0.3624999999999998,0.5625,-1.0625,-0.17499999999999982,0.5750000000000002,-0.125,0.1625,0.08749999999999991,-0.2749999999999999,-0.2749999999999999,0.0125,0.875
-9072.200000000012,376.3499999999767,5739.0,95958.975,7999.337500000023,18961.337500000023,-54.22500000000582,1940.2749999999942,59.25,-8448.287499999977,-0.3624999999999998,0.5625,-0.0625,-0.17499999999999982,-0.4249999999999998,0.875,0.1625,1.0875,0.7250000000000001,-0.2749999999999999,-0.9875,-0.125
-9060.200000000012,491.3499999999767,5656.0,96038.975,8099.337500000023,19358.337500000023,-158.22500000000582,2168.274999999994,103.25,-8377.287499999977,-0.3624999999999998,-0.4375,-1.0625,-0.17499999999999982,-0.4249999999999998,-1.125,0.1625,0.08749999999999991,0.7250000000000001,-0.2749999999999999,0.0125,-0.125
-9142.200000000012,316.3499999999767,5745.0,95970.975,8150.337500000023,19264.337500000023,-52.22500000000582,2210.274999999994,-96.75,-8252.287499999977,-0.3624999999999998,-0.4375,-0.0625,0.8250000000000002,-0.4249999999999998,0.875,0.1625,0.08749999999999991,-0.2749999999999999,-0.2749999999999999,1.0125,-0.125
-9078.200000000012,263.3499999999767,5764.0,95989.975,7999.337500000023,19362.337500000023,86.77499999999418,2166.274999999994,-66.75,-8296.287499999977,0.6375000000000002,0.5625,0.9375,-0.17499999999999982,0.5750000000000002,-0.125,-0.8375,0.08749999999999991,-0.2749999999999999,0.7250000000000001,0.0125,0.875
-9082.200000000012,296.3499999999767,5698.0,96128.975,8013.337500000023,19343.337500000023,160.77499999999418,2176.274999999994,101.25,-8353.287499999977,-0.3624999999999998,0.5625,0.9375,0.8250000000000002,-0.4249999999999998,-1.125,-0.8375,1.0875,0.7250000000000001,-0.2749999999999999,0.0125,-0.125
-9001.200000000012,139.34999999997672,5660.0,96112.975,8125.337500000023,19426.337500000023,180.77499999999418,2162.274999999994,98.25,-8246.287499999977,0.6375000000000002,0.5625,-0.0625,-0.17499999999999982,0.5750000000000002,-0.125,0.1625,-0.9125000000000001,0.7250000000000001,-0.2749999999999999,0.0125,-0.125
-8961.200000000012,85.34999999997672,5673.0,95947.975,8083.337500000023,19436.337500000023,176.77499999999418,2296.274999999994,196.25,-8165.287499999977,0.6375000000000002,-0.4375,0.9375,-0.17499999999999982,0.5750000000000002,-0.125,-0.8375,-0.9125000000000001,-0.2749999999999999,-0.2749999999999999,0.0125,-0.125
-9047.200000000012,314.3499999999767,5749.0,95926.975,8106.337500000023,19407.337500000023,-81.22500000000582,2339.274999999994,456.25,-8163.287499999977,-0.3624999999999998,0.5625,0.9375,-0.17499999999999982,0.5750000000000002,-0.125,0.1625,0.08749999999999991,-0.2749999999999999,-0.2749999999999999,0.0125,-0.125
-8983.200000000012,337.3499999999767,5606.0,95892.975,8154.337500000023,19425.337500000023,-52.22500000000582,2202.274999999994,462.25,-8101.287499999977,0.6375000000000002,-0.4375,0.9375,-0.17499999999999982,-0.4249999999999998,-0.125,0.1625,0.08749999999999991,-0.2749999999999999,-0.2749999999999999,0.0125,-0.125
-8990.200000000012,154.34999999997672,5713.0,95936.975,7946.337500000023,19435.337500000023,35.77499999999418,2087.274999999994,634.25,-8182.287499999977,-0.3624999999999998,0.5625,-0.0625,-0.17499999999999982,-0.4249999999999998,0.875,0.1625,0.08749999999999991,-0.2749999999999999,-0.2749999999999999,0.0125,-0.125
-9093.200000000012,235.34999999997672,5670.0,96070.975,8013.337500000023,19413.337500000023,19.77499999999418,2060.274999999994,784.25,-8164.287499999977,-0.3624999999999998,-0.4375,0.9375,-0.17499999999999982,-0.4249999999999998,-1.125,0.1625,0.08749999999999991,-0.2749999999999999,-0.2749999999999999,0.0125,-0.125
-9122.200000000012,241.34999999997672,5724.0,96231.975,8017.337500000023,19439.337500000023,-3.2250000000058208,2152.274999999994,786.25,-8105.287499999977,-0.3624999999999998,-0.4375,-0.0625,-0.17499999999999982,-0.4249999999999998,-0.125,0.1625,-0.9125000000000001,0.7250000000000001,-0.2749999999999999,-0.9875,0.875
-9021.200000000012,208.34999999997672,5681.0,96325.975,8184.337500000023,19414.337500000023,163.77499999999418,2349.274999999994,768.25,-8091.287499999977,0.6375000000000002,0.5625,-0.0625,-0.17499999999999982,0.5750000000000002,-0.125,0.1625,0.08749999999999991,-0.2749999999999999,0.7250000000000001,0.0125,0.875
-8941.200000000012,134.34999999997672,5842.0,96185.975,8149.337500000023,19258.337500000023,27.77499999999418,2452.274999999994,747.25,-8075.287499999977,-0.3624999999999998,-0.4375,-0.0625,-0.17499999999999982,0.5750000000000002,0.875,-0.8375,0.08749999999999991,-0.2749999999999999,-0.2749999999999999,0.0125,-0.125
-8975.200000000012,171.34999999997672,5783.0,96229.975,8184.337500000023,19311.337500000023,-28.22500000000582,2237.274999999994,902.25,-8277.287499999977,-1.3624999999999998,0.5625,-0.0625,-0.17499999999999982,-0.4249999999999998,-0.125,0.1625,0.08749999999999991,-0.2749999999999999,-0.2749999999999999,0.0125,-0.125
-9001.200000000012,188.34999999997672,5570.0,96544.975,8162.337500000023,19201.337500000023,61.77499999999418,2156.274999999994,794.25,-8297.287499999977,-0.3624999999999998,-0.4375,-0.0625,-0.17499999999999982,-0.4249999999999998,-0.125,0.1625,0.08749999999999991,-0.2749999999999999,-0.2749999999999999,0.0125,0.875
-9004.200000000012,161.34999999997672,5532.0,96616.975,8080.337500000023,19155.337500000023,88.77499999999418,2114.274999999994,831.25,-8353.287499999977,0.6375000000000002,-0.4375,-1.0625,-1.1749999999999998,0.5750000000000002,0.875,0.1625,0.08749999999999991,-0.2749999999999999,-0.2749999999999999,0.0125,-0.125
-8943.200000000012,75.34999999997672,5620.0,96723.975,8166.337500000023,19060.337500000023,103.77499999999418,2074.274999999994,917.25,-8326.287499999977,-0.3624999999999998,0.5625,-1.0625,-0.17499999999999982,-0.4249999999999998,-0.125,0.1625,0.08749999999999991,-0.2749999999999999,-0.2749999999999999,0.0125,-0.125
-8897.200000000012,-215.65000000002328,5711.0,96621.975,8045.337500000023,18987.337500000023,254.77499999999418,2049.274999999994,758.25,-8283.287499999977,0.6375000000000002,-0.4375,-0.0625,-0.17499999999999982,-0.4249999999999998,0.875,0.1625,0.08749999999999991,-0.2749999999999999,-0.2749999999999999,0.0125,-0.125
-9005.200000000012,-147.65000000002328,5725.0,96648.975,8310.337500000023,19361.337500000023,266.7749999999942,2245.274999999994,480.25,-8478.287499999977,-0.3624999999999998,-0.4375,0.9375,0.8250000000000002,0.5750000000000002,-0.125,0.1625,0.08749999999999991,-0.2749999999999999,-0.2749999999999999,0.0125,0.875
-8899.200000000012,-44.65000000002328,5788.0,96658.975,8235.337500000023,19305.337500000023,236.77499999999418,2154.274999999994,182.25,-8520.287499999977,-0.3624999999999998,-0.4375,0.9375,-0.17499999999999982,0.5750000000000002,-1.125,0.1625,0.08749999999999991,-0.2749999999999999,-0.2749999999999999,0.0125,-0.125
-8967.200000000012,31.349999999976717,5819.0,96574.975,8132.337500000023,19296.337500000023,172.77499999999418,2178.274999999994,30.25,-8231.287499999977,0.6375000000000002,-0.4375,0.9375,0.8250000000000002,-0.4249999999999998,-0.125,-0.8375,-0.9125000000000001,0.7250000000000001,-0.2749999999999999,0.0125,-1.125
-8885.200000000012,81.34999999997672,5585.0,96549.975,8206.337500000023,19249.337500000023,258.7749999999942,2191.274999999994,-213.75,-8222.287499999977,-0.3624999999999998,-0.4375,-0.0625,-0.17499999999999982,0.5750000000000002,-0.125,0.1625,0.08749999999999991,-0.2749999999999999,-0.2749999999999999,0.0125,-0.125
-8960.200000000012,96.34999999997672,5614.0,96543.975,8216.337500000023,19266.337500000023,207.77499999999418,2077.274999999994,-301.75,-8268.287499999977,0.6375000000000002,-0.4375,-0.0625,-0.17499999999999982,-0.4249999999999998,-0.125,0.1625,-0.9125000000000001,-0.2749999999999999,-0.2749999999999999,0.0125,-1.125
-8957.200000000012,169.34999999997672,5710.0,96428.975,8191.337500000023,19302.337500000023,41.77499999999418,2322.274999999994,-458.75,-8257.287499999977,-0.3624999999999998,0.5625,-1.0625,-0.17499999999999982,0.5750000000000002,0.875,0.1625,0.08749999999999991,-0.2749999999999999,-0.2749999999999999,0.0125,-0.125
-8972.200000000012,305.3499999999767,5607.0,96426.975,8173.337500000023,19343.337500000023,13.77499999999418,2126.274999999994,-660.75,-8166.287499999977,-0.3624999999999998,0.5625,-0.0625,-0.17499999999999982,0.5750000000000002,-0.125,-0.8375,0.08749999999999991,-0.2749999999999999,-0.2749999999999999,0.0125,1.875
-9098.200000000012,286.3499999999767,5691.0,96310.975,8119.337500000023,19377.337500000023,158.77499999999418,2145.274999999994,-672.75,-8108.287499999977,-0.3624999999999998,-0.4375,0.9375,0.8250000000000002,-0.4249999999999998,-0.125,0.1625,1.0875,0.7250000000000001,-0.2749999999999999,0.0125,-0.125
-9026.200000000012,250.34999999997672,5842.0,96248.975,8025.337500000023,19406.337500000023,244.77499999999418,2313.274999999994,-502.75,-8218.287499999977,0.6375000000000002,-0.4375,0.9375,0.8250000000000002,-0.4249999999999998,-0.125,-0.8375,0.08749999999999991,-0.2749999999999999,-0.2749999999999999,0.0125,-1.125
-9023.200000000012,313.3499999999767,5801.0,96328.975,8037.337500000023,19382.337500000023,164.77499999999418,2259.274999999994,-556.75,-8333.287499999977,0.6375000000000002,-0.4375,-0.0625,-0.17499999999999982,-0.4249999999999998,-0.125,0.1625,-0.9125000000000001,-0.2749999999999999,0.7250000000000001,0.0125,0.875
-9071.200000000012,304.3499999999767,5772.0,96083.975,8054.337500000023,19300.337500000023,105.77499999999418,2230.274999999994,-632.75,-8327.287499999977,0.6375000000000002,-0.4375,-1.0625,-1.1749999999999998,0.5750000000000002,-0.125,0.1625,0.08749999999999991,-0.2749999999999999,-0.2749999999999999,0.0125,-0.125
-8879.200000000012,170.34999999997672,5609.0,96021.975,8020.337500000023,19324.337500000023,86.77499999999418,2219.274999999994,-286.75,-8263.287499999977,-0.3624999999999998,-0.4375,0.9375,-0.17499999999999982,-0.4249999999999998,-0.125,-0.8375,1.0875,-0.2749999999999999,-0.2749999999999999,1.0125,0.875
-8793.200000000012,143.34999999997672,5593.0,96008.975,8166.337500000023,19445.337500000023,-51.22500000000582,2193.274999999994,-280.75,-8248.287499999977,0.6375000000000002,-1.4375,0.9375,0.8250000000000002,-0.4249999999999998,-0.125,0.1625,0.08749999999999991,0.7250000000000001,-0.2749999999999999,0.0125,-0.125
-8930.200000000012,228.34999999997672,5552.0,96099.975,8175.337500000023,19344.337500000023,74.77499999999418,2134.274999999994,-162.75,-8146.287499999977,0.6375000000000002,-1.4375,-0.0625,-0.17499999999999982,-0.4249999999999998,-0.125,0.1625,0.08749999999999991,-0.2749999999999999,0.7250000000000001,0.0125,0.875
-9031.200000000012,256.3499999999767,5498.0,96000.975,8152.337500000023,19431.337500000023,224.77499999999418,2224.274999999994,57.25,-8091.287499999977,-0.3624999999999998,-0.4375,-0.0625,-0.17499999999999982,-0.4249999999999998,-0.125,0.1625,0.08749999999999991,-0.2749999999999999,-0.2749999999999999,0.0125,-0.125
-8977.200000000012,111.34999999997672,5599.0,95907.975,8074.337500000023,19486.337500000023,-270.2250000000058,2255.274999999994,115.25,-334175.2875,-0.3624999999999998,0.5625,0.9375,-0.17499999999999982,-0.4249999999999998,-0.125,-0.8375,0.08749999999999991,-0.2749999999999999,-0.2749999999999999,0.0125,0.875
-8806.200000000012,0.34999999997671694,5636.0,96137.975,8009.337500000023,19026.337500000023,-97.22500000000582,2200.274999999994,121.25,-8235.287499999977,-0.3624999999999998,-0.4375,-1.0625,-0.17499999999999982,0.5750000000000002,-0.125,0.1625,0.08749999999999991,-0.2749999999999999,-0.2749999999999999,0.0125,-0.125
-8753.200000000012,-380.6500000000233,5581.0,96065.975,8211.337500000023,19347.337500000023,22.77499999999418,2285.274999999994,109.25,-8169.287499999977,-0.3624999999999998,-0.4375,-0.0625,-0.17499999999999982,0.5750000000000002,-0.125,0.1625,0.08749999999999991,0.7250000000000001,0.7250000000000001,0.0125,0.875
-8903.200000000012,-73.65000000002328,5522.0,96029.975,8295.337500000023,19217.337500000023,-201.22500000000582,2246.274999999994,89.25,-8203.287499999977,-0.3624999999999998,-0.4375,-1.0625,-0.17499999999999982,0.5750000000000002,-0.125,0.1625,0.08749999999999991,0.7250000000000001,-0.2749999999999999,0.0125,0.875
-8838.200000000012,-32.65000000002328,5607.0,96148.975,8174.337500000023,19158.337500000023,-343.2250000000058,2179.274999999994,57.25,-8254.287499999977,0.6375000000000002,-0.4375,-0.0625,-0.17499999999999982,-0.4249999999999998,-0.125,0.1625,0.08749999999999991,-0.2749999999999999,-1.275,0.0125,-0.125
-8814.200000000012,-126.65000000002328,5757.0,96085.975,7951.337500000023,19150.337500000023,-265.2250000000058,2159.274999999994,167.25,-8250.287499999977,0.6375000000000002,-0.4375,-0.0625,-0.17499999999999982,-0.4249999999999998,0.875,0.1625,0.08749999999999991,-0.2749999999999999,0.7250000000000001,0.0125,-0.125
-8949.200000000012,-18.650000000023283,5718.0,96004.975,8003.337500000023,19230.337500000023,-120.22500000000582,2320.274999999994,129.25,-8074.287499999977,-0.3624999999999998,-0.4375,-0.0625,-0.17499999999999982,0.5750000000000002,0.875,0.1625,0.08749999999999991,-0.2749999999999999,-0.2749999999999999,0.0125,0.875
-8822.200000000012,-60.65000000002328,5734.0,96004.975,8042.337500000023,19411.337500000023,-207.22500000000582,2103.274999999994,132.25,-8275.287499999977,0.6375000000000002,0.5625,-0.0625,-0.17499999999999982,-0.4249999999999998,-0.125,0.1625,0.08749999999999991,-0.2749999999999999,-0.2749999999999999,0.0125,-0.125
-8784.200000000012,-137.65000000002328,5730.0,95994.975,8038.337500000023,19378.337500000023,-291.2250000000058,2165.274999999994,124.25,-8290.287499999977,-0.3624999999999998,-0.4375,0.9375,-0.17499999999999982,0.5750000000000002,-0.125,-0.8375,-0.9125000000000001,0.7250000000000001,0.7250000000000001,0.0125,-0.125
-8793.200000000012,-227.65000000002328,5601.0,96118.975,7975.337500000023,19219.337500000023,-334.2250000000058,2133.274999999994,-59.75,-8232.287499999977,-0.3624999999999998,-0.4375,-1.0625,-0.17499999999999982,-1.4249999999999998,-0.125,0.1625,-0.9125000000000001,0.7250000000000001,0.7250000000000001,0.0125,-0.125
-9021.200000000012,-105.65000000002328,5633.0,96096.975,7942.337500000023,19171.337500000023,-90.22500000000582,2261.274999999994,-323.75,-8231.287499999977,-0.3624999999999998,0.5625,-0.0625,0.8250000000000002,-0.4249999999999998,-0.125,0.1625,0.08749999999999991,0.7250000000000001,-0.2749999999999999,0.0125,0.875
-8833.200000000012,-183.65000000002328,5541.0,96070.975,8056.337500000023,19470.337500000023,-111.22500000000582,2181.274999999994,-231.75,-8238.287499999977,-0.3624999999999998,-0.4375,0.9375,-0.17499999999999982,0.5750000000000002,-0.125,0.1625,0.08749999999999991,-0.2749999999999999,0.7250000000000001,0.0125,-0.125
-8794.200000000012,-248.65000000002328,5590.0,95996.975,8135.337500000023,19362.337500000023,-91.22500000000582,2010.2749999999942,-226.75,-8374.287499999977,0.6375000000000002,-0.4375,-0.0625,-0.17499999999999982,-0.4249999999999998,-0.125,0.1625,0.08749999999999991,-0.2749999999999999,-0.2749999999999999,0.0125,-0.125
-8888.200000000012,-91.65000000002328,5508.0,95875.975,8135.337500000023,19424.337500000023,-193.22500000000582,2030.2749999999942,-86.75,-8231.287499999977,0.6375000000000002,-0.4375,-0.0625,-0.17499999999999982,-0.4249999999999998,-0.125,0.1625,0.08749999999999991,-0.2749999999999999,-0.2749999999999999,0.0125,-0.125
-8731.200000000012,-69.65000000002328,5679.0,95884.975,8136.337500000023,19479.337500000023,-11.22500000000582,2173.274999999994,-120.75,-8213.287499999977,0.6375000000000002,-0.4375,0.9375,-0.17499999999999982,-0.4249999999999998,-0.125,0.1625,0.08749999999999991,0.7250000000000001,-0.2749999999999999,0.0125,-0.125
-8685.200000000012,-113.65000000002328,5588.0,95901.975,8129.337500000023,19422.337500000023,-150.22500000000582,2127.274999999994,-248.75,-8301.287499999977,-0.3624999999999998,-0.4375,-0.0625,-0.17499999999999982,-0.4249999999999998,-0.125,0.1625,0.08749999999999991,-0.2749999999999999,-0.2749999999999999,-0.9875,0.875
-8797.200000000012,-312.6500000000233,5661.0,95941.975,8024.337500000023,19247.337500000023,-159.22500000000582,2244.274999999994,-511.75,-8343.287499999977,0.6375000000000002,-0.4375,-0.0625,-0.17499999999999982,-0.4249999999999998,-1.125,0.1625,0.08749999999999991,0.7250000000000001,0.7250000000000001,-0.9875,-0.125
-8881.200000000012,-820.6500000000233,5234.0,95919.975,7695.337500000023,18937.337500000023,-235.22500000000582,2060.274999999994,-1021.75,-8056.287499999977,0.6375000000000002,-0.4375,-0.0625,-0.17499999999999982,-0.4249999999999998,-0.125,0.1625,0.08749999999999991,-0.2749999999999999,-1.275,0.0125,-0.125
-8809.200000000012,-315.6500000000233,5204.0,95643.975,7874.337500000023,19393.337500000023,-340.2250000000058,2114.274999999994,-1157.75,-8110.287499999977,0.6375000000000002,-0.4375,-0.0625,-0.17499999999999982,-0.4249999999999998,-0.125,-0.8375,0.08749999999999991,-0.2749999999999999,0.7250000000000001,0.0125,0.875
-8917.200000000012,-31.650000000023283,5585.0,95732.975,8073.337500000023,19325.337500000023,-71.22500000000582,2211.274999999994,-920.75,-8359.287499999977,-0.3624999999999998,-0.4375,-0.0625,0.8250000000000002,-0.4249999999999998,-1.125,-0.8375,0.08749999999999991,0.7250000000000001,-0.2749999999999999,0.0125,-0.125
-8963.200000000012,-14.650000000023283,5744.0,95691.975,8136.337500000023,19423.337500000023,-46.22500000000582,2248.274999999994,-957.75,-8448.287499999977,-0.3624999999999998,0.5625,-0.0625,-0.17499999999999982,0.5750000000000002,-1.125,0.1625,1.0875,-0.2749999999999999,-0.2749999999999999,0.0125,0.875
-8818.200000000012,-120.65000000002328,5793.0,95724.975,8049.337500000023,19389.337500000023,-200.22500000000582,2126.274999999994,-814.75,-8461.287499999977,0.6375000000000002,0.5625,-0.0625,-0.17499999999999982,-0.4249999999999998,-0.125,-0.8375,0.08749999999999991,-0.2749999999999999,-0.2749999999999999,0.0125,-1.125
-8763.200000000012,-181.65000000002328,5797.0,95764.975,8075.337500000023,19254.337500000023,-384.2250000000058,1917.2749999999942,-755.75,-8484.287499999977,-0.3624999999999998,0.5625,-1.0625,-0.17499999999999982,-0.4249999999999998,-0.125,-0.8375,0.08749999999999991,-0.2749999999999999,-0.2749999999999999,0.0125,-0.125
-8925.200000000012,-123.65000000002328,5769.0,95626.975,8091.337500000023,19218.337500000023,-72.22500000000582,2189.274999999994,-552.75,-8272.287499999977,-0.3624999999999998,0.5625,-0.0625,0.8250000000000002,-1.4249999999999998,-0.125,0.1625,0.08749999999999991,-0.2749999999999999,-0.2749999999999999,0.0125,-0.125
-8917.200000000012,-13.650000000023283,5568.0,95695.975,8137.337500000023,19247.337500000023,-68.22500000000582,2296.274999999994,-374.75,-8326.287499999977,0.6375000000000002,0.5625,-0.0625,-0.17499999999999982,0.5750000000000002,-0.125,0.1625,0.08749999999999991,-0.2749999999999999,-0.2749999999999999,-0.9875,0.875
-8914.200000000012,41.34999999997672,5532.0,95672.975,8026.337500000023,19207.337500000023,-136.22500000000582,2187.274999999994,-394.75,-8488.287499999977,-0.3624999999999998,0.5625,-0.0625,-0.17499999999999982,-0.4249999999999998,-0.125,0.1625,0.08749999999999991,0.7250000000000001,-0.2749999999999999,0.0125,0.875
-8963.200000000012,-91.65000000002328,5539.0,95605.975,8054.337500000023,19070.337500000023,-78.22500000000582,2107.274999999994,-199.75,-8375.287499999977,0.6375000000000002,-0.4375,0.9375,-0.17499999999999982,-0.4249999999999998,-0.125,-0.8375,0.08749999999999991,0.7250000000000001,-0.2749999999999999,0.0125,0.875
-8925.200000000012,-393.6500000000233,5473.0,95459.975,7946.337500000023,18887.337500000023,40.77499999999418,1935.2749999999942,-289.75,-8288.287499999977,0.6375000000000002,-0.4375,-0.0625,-0.17499999999999982,-0.4249999999999998,0.875,0.1625,0.08749999999999991,-0.2749999999999999,-0.2749999999999999,0.0125,-0.125
-9047.200000000012,-161.65000000002328,5579.0,95487.975,8075.337500000023,19301.337500000023,-75.22500000000582,2284.274999999994,-79.75,-8295.287499999977,0.6375000000000002,-0.4375,-0.0625,0.8250000000000002,-0.4249999999999998,-0.125,0.1625,0.08749999999999991,-0.2749999999999999,0.7250000000000001,0.0125,-0.125
-8977.200000000012,-89.65000000002328,5683.0,95503.975,8020.337500000023,19327.337500000023,36.77499999999418,2164.274999999994,162.25,-8285.287499999977,0.6375000000000002,-0.4375,-0.0625,0.8250000000000002,0.5750000000000002,-0.125,0.1625,0.08749999999999991,0.7250000000000001,-0.2749999999999999,0.0125,-0.125
-8913.200000000012,-189.65000000002328,5651.0,95528.975,7930.337500000023,19239.337500000023,61.77499999999418,2148.274999999994,51.25,-8521.287499999977,0.6375000000000002,0.5625,-1.0625,-0.17499999999999982,0.5750000000000002,0.875,-0.8375,0.08749999999999991,0.7250000000000001,-0.2749999999999999,0.0125,0.875
-8891.200000000012,-182.65000000002328,5677.0,95613.975,7748.337500000023,19214.337500000023,117.77499999999418,1959.2749999999942,-151.75,-8468.287499999977,0.6375000000000002,0.5625,0.9375,-0.17499999999999982,-0.4249999999999998,-0.125,0.1625,-0.9125000000000001,-0.2749999999999999,-0.2749999999999999,0.0125,0.875
-9056.200000000012,-145.65000000002328,5610.0,95628.975,7562.337500000023,19088.337500000023,222.77499999999418,1886.2749999999942,75.25,-8510.287499999977,-0.3624999999999998,-0.4375,0.9375,-0.17499999999999982,0.5750000000000002,0.875,0.1625,0.08749999999999991,0.7250000000000001,0.7250000000000001,0.0125,-0.125
-8904.200000000012,136.34999999997672,5470.0,95873.975,7533.337500000023,19200.337500000023,200.77499999999418,2053.274999999994,36.25,-8636.287499999977,1.6375000000000002,0.5625,0.9375,0.8250000000000002,0.5750000000000002,0.875,0.1625,0.08749999999999991,0.7250000000000001,-0.2749999999999999,0.0125,-0.125
-9036.200000000012,407.3499999999767,5746.0,96054.975,7732.337500000023,18800.337500000023,273.7749999999942,2113.274999999994,270.25,-8709.287499999977,0.6375000000000002,-0.4375,-2.0625,-0.17499999999999982,-0.4249999999999998,-1.125,-0.8375,0.08749999999999991,-0.2749999999999999,0.7250000000000001,-0.9875,-1.125
-9137.200000000012,-163.65000000002328,5586.0,95885.975,7458.337500000023,18801.337500000023,468.7749999999942,2306.274999999994,532.25,-8610.287499999977,0.6375000000000002,-2.4375,0.9375,0.8250000000000002,-0.4249999999999998,-0.125,0.1625,0.08749999999999991,-0.2749999999999999,0.7250000000000001,1.0125,-0.125
-8455.200000000012,18.349999999976717,5620.0,95713.975,7993.337500000023,18694.337500000023,328.7749999999942,1971.2749999999942,578.25,-8167.287499999977,0.6375000000000002,0.5625,0.9375,-0.17499999999999982,0.5750000000000002,0.875,0.1625,0.08749999999999991,-0.2749999999999999,0.7250000000000001,-0.9875,2.875
-9811.200000000012,637.3499999999767,6080.0,96351.975,8007.337500000023,18465.337500000023,754.7749999999942,2172.274999999994,436.25,-8152.287499999977,-0.3624999999999998,-1.4375,-2.0625,-0.17499999999999982,-0.4249999999999998,-3.125,0.1625,0.08749999999999991,-0.2749999999999999,-0.2749999999999999,-0.9875,-3.125
-8089.200000000012,-865.6500000000233,5564.0,95186.975,6572.337500000023,19084.337500000023,-858.2250000000058,2266.274999999994,-1216.75,-10380.287499999977,0.6375000000000002,-0.4375,-0.0625,-1.1749999999999998,-0.4249999999999998,0.875,-0.8375,0.08749999999999991,0.7250000000000001,0.7250000000000001,0.0125,0.875
-9858.200000000012,60.34999999997672,6030.0,96495.975,7658.337500000023,18058.337500000023,346.7749999999942,2086.274999999994,-281.75,-9087.287499999977,0.6375000000000002,-0.4375,-0.0625,-1.1749999999999998,0.5750000000000002,0.875,0.1625,-0.9125000000000001,-0.2749999999999999,0.7250000000000001,0.0125,-0.125
-9235.200000000012,760.3499999999767,6072.0,95760.975,6822.337500000023,18424.337500000023,554.7749999999942,2288.274999999994,-789.75,-8885.287499999977,-0.3624999999999998,-1.4375,-0.0625,-0.17499999999999982,0.5750000000000002,-1.125,0.1625,0.08749999999999991,-0.2749999999999999,-0.2749999999999999,1.0125,-1.125
-8676.200000000012,-513.6500000000233,5815.0,95416.975,6701.337500000023,18693.337500000023,-224.22500000000582,2424.274999999994,-845.75,-9920.287499999977,1.6375000000000002,0.5625,-1.0625,0.8250000000000002,-0.4249999999999998,0.875,0.1625,-0.9125000000000001,0.7250000000000001,-0.2749999999999999,-0.9875,2.875
-8716.200000000012,61.34999999997672,5850.0,95327.975,6569.337500000023,18667.337500000023,317.7749999999942,2319.274999999994,-616.75,-10032.287499999977,0.6375000000000002,-0.4375,-1.0625,-2.175,-1.4249999999999998,-1.125,0.1625,0.08749999999999991,-0.2749999999999999,0.7250000000000001,0.0125,-2.125
-9605.200000000012,622.3499999999767,6241.0,96184.975,7165.337500000023,18209.337500000023,533.7749999999942,2141.274999999994,222.25,-9181.287499999977,-0.3624999999999998,-0.4375,-0.0625,-0.17499999999999982,0.5750000000000002,-3.125,0.1625,0.08749999999999991,-0.2749999999999999,-0.2749999999999999,1.0125,-2.125
-8701.200000000012,-193.65000000002328,6141.0,95498.975,6470.337500000023,18953.337500000023,-226.22500000000582,2207.274999999994,-227.75,-10085.287499999977,0.6375000000000002,-0.4375,-0.0625,-0.17499999999999982,0.5750000000000002,-0.125,0.1625,0.08749999999999991,-0.2749999999999999,0.7250000000000001,0.0125,0.875
-9548.200000000012,86.34999999997672,6122.0,96058.975,6692.337500000023,18372.337500000023,356.7749999999942,2073.274999999994,-254.75,-9830.287499999977,30.6375,-15.4375,-166.0625,-7.175,3.575,-21.125,0.1625,0.08749999999999991,-0.2749999999999999,1.725,1.0125,-4.125
-8098.200000000012,3786.3499999999767,6272.0,96178.975,6470.337500000023,18269.337500000023,929.7749999999942,2147.274999999994,180.25,-9323.287499999977,-29.3625,6.5625,47.9375,-24.175,31.575,87.875,0.1625,-0.9125000000000001,-1.275,3.725,10.0125,-19.125
6800.799999999988,68826.34999999998,8766.0,94907.975,5136.337500000023,35803.33750000002,19356.774999999994,2033.2749999999942,-954.75,-9645.287499999977,16.6375,12.5625,-8.0625,32.825,-12.425,-50.125,-0.8375,1.0875,-0.2749999999999999,-5.275,11.0125,-9.125
-4044.2000000000116,167065.34999999998,15266.0,95260.975,5041.337500000023,100302.33750000002,118247.775,1244.2749999999942,-700.75,-8047.287499999977,7.6375,9.5625,-41.0625,-0.17499999999999982,-44.425,42.875,0.1625,0.08749999999999991,-0.2749999999999999,5.725,-0.9875,-3.125
8683.799999999988,209055.34999999998,16131.0,97717.975,7401.337500000023,230985.33750000002,181034.775,-2076.725000000006,2740.25,-5624.287499999977,-4.3625,-2.4375,5.9375,20.825,8.575,19.875,-0.8375,-0.9125000000000001,-1.275,-2.275,-7.9875,-22.125
22146.79999999999,221356.34999999998,15150.0,96002.975,4836.337500000023,302828.3375,176784.775,-576.7250000000058,-70.75,-9488.287499999977,3.6375,1.5625,1.9375,-25.175,12.575,15.875,-0.8375,0.08749999999999991,-1.275,0.7250000000000001,3.0125,-1.125
-2318.2000000000116,68126.34999999998,9539.0,96083.975,4273.337500000023,91224.33750000002,109086.775,630.2749999999942,26.25,-8879.287499999977,-9.3625,-6.4375,16.9375,2.825,9.575,5.875,-0.8375,0.08749999999999991,-0.2749999999999999,0.7250000000000001,1.0125,-8.125
-13411.200000000012,12127.349999999977,5937.0,96054.975,5375.337500000023,71165.33750000002,77045.775,724.2749999999942,313.25,-8737.287499999977,1.6375000000000002,-5.4375,7.9375,-6.175,-4.425,-7.125,0.1625,0.08749999999999991,-0.2749999999999999,2.725,-1.9875,6.875
-16452.20000000001,2348.3499999999767,5427.0,95618.975,4607.337500000023,54754.33750000002,58505.774999999994,305.2749999999942,-96.75,-9433.287499999977,-11.3625,-12.4375,15.9375,9.825,-8.425,-6.125,0.1625,-0.9125000000000001,1.725,3.725,-2.9875,-6.125
-6165.200000000012,40393.34999999998,5681.0,96041.975,5486.337500000023,58001.33750000002,79623.775,994.2749999999942,-84.75,-9330.287499999977,-1.3624999999999998,1.5625,3.9375,-13.175,7.575,19.875,0.1625,-0.9125000000000001,0.7250000000000001,-3.275,1.0125,-0.125
17188.79999999999,123473.34999999998,8463.0,95027.975,3987.3375000000233,86535.33750000002,132676.775,599.2749999999942,-609.75,-10700.287499999977,2.6375,-5.4375,16.9375,15.825,-9.425,-6.125,0.1625,1.0875,-0.2749999999999999,1.725,3.0125,-1.125
29753.79999999999,169671.34999999998,11114.0,97249.975,4794.337500000023,101316.33750000002,171240.775,43.27499999999418,2097.25,-7459.287499999977,1.6375000000000002,-7.4375,-3.0625,1.8250000000000002,-4.425,-7.125,0.1625,0.08749999999999991,-0.2749999999999999,2.725,-0.9875,-1.125
28645.79999999999,164889.34999999998,12072.0,95241.975,2635.3375000000233,116690.33750000002,181524.775,212.27499999999418,-1461.75,-9196.287499999977,5.6375,9.5625,-12.0625,-3.175,1.5750000000000002,-3.125,-0.8375,0.08749999999999991,0.7250000000000001,-0.2749999999999999,0.0125,7.875
-2478.2000000000116,80575.34999999998,8372.0,96775.975,4977.337500000023,81089.33750000002,134019.775,1032.2749999999942,750.25,-9361.287499999977,4.6375,3.5625,-12.0625,-3.175,1.5750000000000002,4.875,0.1625,0.08749999999999991,0.7250000000000001,2.725,-1.9875,2.875
-1314.2000000000116,45272.34999999998,6983.0,95900.975,4074.3375000000233,83700.33750000002,141833.775,1289.2749999999942,10.25,-10488.287499999977,-4.3625,1.5625,8.9375,-1.1749999999999998,-0.4249999999999998,1.875,0.1625,0.08749999999999991,-0.2749999999999999,0.7250000000000001,0.0125,1.875
14156.799999999988,95907.34999999998,7733.0,95556.975,3387.3375000000233,86523.33750000002,152425.775,1228.2749999999942,-194.75,-10861.287499999977,-2.3625,-0.4375,13.9375,0.8250000000000002,-5.425,-1.125,-0.8375,0.08749999999999991,0.7250000000000001,-1.275,-0.9875,-1.125
23828.79999999999,120594.34999999998,9172.0,96397.975,3492.3375000000233,88455.33750000002,158715.775,1066.2749999999942,280.25,-10278.287499999977,-3.3625,3.5625,1.9375,0.8250000000000002,1.5750000000000002,2.875,0.1625,-0.9125000000000001,0.7250000000000001,0.7250000000000001,-2.9875,0.875
23054.79999999999,111209.34999999998,9461.0,96428.975,2601.3375000000233,92219.33750000002,161226.775,798.2749999999942,-288.75,-10587.287499999977,-3.3625,-3.4375,5.9375,-3.175,-5.425,2.875,0.1625,0.08749999999999991,0.7250000000000001,-2.275,1.0125,-1.125
20655.79999999999,96557.34999999998,9367.0,96544.975,2336.3375000000233,72380.33750000002,155283.775,1101.2749999999942,-569.75,-11146.287499999977,0.6375000000000002,1.5625,0.9375,-4.175,5.575,0.875,-0.8375,0.08749999999999991,-0.2749999999999999,0.7250000000000001,0.0125,0.875
17998.79999999999,83550.34999999998,9216.0,96418.975,2919.3375000000233,67990.33750000002,151371.775,1536.2749999999942,-101.75,-10181.287499999977,-3.3625,1.5625,7.9375,-0.17499999999999982,3.575,-0.125,-0.8375,0.08749999999999991,-0.2749999999999999,0.7250000000000001,0.0125,-0.125
7569.799999999988,64301.34999999998,8517.0,96029.975,2346.3375000000233,71985.33750000002,153849.775,1556.2749999999942,-644.75,-10866.287499999977,-1.3624999999999998,-1.4375,6.9375,-2.175,-2.425,-0.125,0.1625,0.08749999999999991,-0.2749999999999999,-0.2749999999999999,-0.9875,-0.125
15749.799999999988,69584.34999999998,9038.0,96370.975,2389.3375000000233,73175.33750000002,160939.775,1629.2749999999942,-80.75,-10815.287499999977,-0.3624999999999998,1.5625,-2.0625,-1.1749999999999998,-2.425,-0.125,0.1625,0.08749999999999991,-0.2749999999999999,-0.2749999999999999,0.0125,-0.125
19457.79999999999,90268.34999999998,9376.0,96822.975,2083.3375000000233,73087.33750000002,171372.775,1665.2749999999942,-377.75,-10853.287499999977,0.6375000000000002,3.5625,-9.0625,0.8250000000000002,-1.4249999999999998,-1.125,0.1625,0.08749999999999991,-0.2749999999999999,-0.2749999999999999,0.0125,0.875
21214.79999999999,91680.34999999998,9440.0,96098.975,1659.3375000000233,71688.33750000002,175309.775,1819.2749999999942,-1032.75,-11608.287499999977,4.6375,-4.4375,-6.0625,-0.17499999999999982,1.5750000000000002,-2.125,-0.8375,0.08749999999999991,-0.2749999999999999,-0.2749999999999999,0.0125,-1.125
16988.79999999999,96676.34999999998,9415.0,96247.975,2349.3375000000233,59853.33750000002,166311.775,1971.2749999999942,-556.75,-10989.287499999977,-0.3624999999999998,8.5625,11.9375,-4.175,-7.425,-0.125,0.1625,0.08749999999999991,0.7250000000000001,-1.275,-0.9875,4.875
4480.799999999988,78271.34999999998,8702.0,96067.975,2334.3375000000233,51980.33750000002,157350.775,1578.2749999999942,-718.75,-10855.287499999977,3.6375,-4.4375,-9.0625,2.825,3.575,-8.125,0.1625,0.08749999999999991,0.7250000000000001,-0.2749999999999999,-0.9875,-2.125
3295.7999999999884,75398.34999999998,9247.0,96490.975,2644.3375000000233,50120.33750000002,151971.775,1548.2749999999942,-400.75,-10936.287499999977,-5.3625,-2.4375,4.9375,2.825,1.5750000000000002,-25.125,0.1625,0.08749999999999991,-0.2749999999999999,-1.275,2.0125,-1.125
3487.7999999999884,72848.34999999998,9010.0,95793.975,2461.3375000000233,50710.33750000002,155980.775,1451.2749999999942,-980.75,-11152.287499999977,-3.3625,-4.4375,-6.0625,-7.175,-6.425,4.875,0.1625,0.08749999999999991,0.7250000000000001,3.725,0.0125,-0.125
-1539.2000000000116,92165.34999999998,9359.0,96134.975,3027.3375000000233,47094.33750000002,194508.775,1526.2749999999942,-374.75,-10357.287499999977,-4.3625,0.5625,8.9375,0.8250000000000002,-2.425,-10.125,0.1625,0.08749999999999991,0.7250000000000001,2.725,-0.9875,-0.125
-2397.2000000000116,92377.34999999998,9745.0,96702.975,2481.3375000000233,37009.33750000002,169422.775,1769.2749999999942,-658.75,-10608.287499999977,1.6375000000000002,1.5625,2.9375,-11.175,-7.425,20.875,0.1625,0.08749999999999991,-0.2749999999999999,0.7250000000000001,-2.9875,-2.125
-6438.200000000012,64421.34999999998,8816.0,95502.975,2648.3375000000233,32701.337500000023,165138.775,1869.2749999999942,-1196.75,-10847.287499999977,-0.3624999999999998,7.5625,15.9375,2.825,0.5750000000000002,-10.125,-0.8375,1.0875,-0.2749999999999999,-0.2749999999999999,-0.9875,5.875
-11870.200000000012,52840.34999999998,7621.0,95391.975,3207.3375000000233,31724.337500000023,199037.775,1586.2749999999942,-421.75,-10268.287499999977,-2.3625,3.5625,6.9375,11.825,10.575,-16.125,0.1625,0.08749999999999991,0.7250000000000001,0.7250000000000001,-3.9875,-0.125
-13240.200000000012,84037.34999999998,8945.0,96468.975,3200.3375000000233,21699.337500000023,187483.775,1728.2749999999942,-302.75,-10346.287499999977,5.6375,-3.4375,-23.0625,-4.175,6.575,-21.125,-0.8375,0.08749999999999991,-0.2749999999999999,1.725,2.0125,-5.125
-21172.20000000001,74521.34999999998,8496.0,94691.975,3040.3375000000233,19366.337500000023,182617.775,1481.2749999999942,-1303.75,-11173.287499999977,2.6375,-5.4375,-22.0625,-12.175,11.575,-16.125,0.1625,0.08749999999999991,-0.2749999999999999,2.725,2.0125,-6.125
-24330.20000000001,58679.34999999998,8814.0,96441.975,4513.337500000023,12829.337500000023,167504.775,1499.2749999999942,345.25,-9123.287499999977,0.6375000000000002,-2.4375,-13.0625,4.825,-13.425,-26.125,0.1625,0.08749999999999991,0.7250000000000001,0.7250000000000001,-1.9875,-0.125
-29737.20000000001,69367.34999999998,7920.0,95542.975,3291.3375000000233,13236.337500000023,194946.775,1523.2749999999942,284.25,-10260.287499999977,-0.3624999999999998,5.5625,0.9375,-1.1749999999999998,-12.425,-4.125,-0.8375,0.08749999999999991,-0.2749999999999999,-1.275,-0.9875,-1.125
-35072.20000000001,90946.34999999998,9410.0,94837.975,3408.3375000000233,7460.337500000023,179291.775,1198.2749999999942,122.25,-10712.287499999977,-5.3625,0.5625,-0.0625,1.8250000000000002,-6.425,-3.125,-0.8375,-0.9125000000000001,0.7250000000000001,-0.2749999999999999,-0.9875,-8.125
-41483.20000000001,84744.34999999998,9787.0,95276.975,3711.3375000000233,-768.6624999999767,183733.775,891.2749999999942,-272.75,-9699.287499999977,8.6375,10.5625,-3.0625,-1.1749999999999998,-21.425,-0.125,-0.8375,0.08749999999999991,-0.2749999999999999,-0.2749999999999999,0.0125,-9.125
-40622.20000000001,70455.34999999998,9286.0,96791.975,2962.3375000000233,-4963.662499999977,188142.775,1484.2749999999942,-22.75,-10331.287499999977,0.6375000000000002,6.5625,-7.0625,0.8250000000000002,-13.425,-11.125,-0.8375,0.08749999999999991,-0.2749999999999999,-0.2749999999999999,2.0125,-10.125
-36264.20000000001,50740.34999999998,6390.0,95128.975,3887.3375000000233,-7797.662499999977,183114.775,1562.2749999999942,126.25,-10239.287499999977,6.6375,-10.4375,-15.0625,0.8250000000000002,6.575,-6.125,0.1625,1.0875,0.7250000000000001,-0.2749999999999999,0.0125,9.875
-42759.20000000001,64148.34999999998,8602.0,95622.975,4746.337500000023,-11285.662499999977,177619.775,1382.2749999999942,-860.75,-9837.287499999977,-2.3625,-11.4375,-11.0625,4.825,7.575,-20.125,0.1625,0.08749999999999991,-0.2749999999999999,2.725,-7.9875,-5.125
-53934.20000000001,58081.34999999998,7940.0,97428.975,5253.337500000023,-16311.662499999977,187228.775,1394.2749999999942,1095.25,-7989.287499999977,-8.3625,8.5625,20.9375,-13.175,13.575,-5.125,0.1625,0.08749999999999991,-1.275,2.725,-0.9875,-6.125
-61851.20000000001,72275.34999999998,8711.0,95545.975,4218.337500000023,-18577.662499999977,170829.775,831.2749999999942,-337.75,-9797.287499999977,8.6375,-8.4375,-17.0625,-1.1749999999999998,-16.425,-32.125,-0.8375,0.08749999999999991,-0.2749999999999999,-0.2749999999999999,0.0125,4.875
-70375.20000000001,84661.34999999998,9369.0,97190.975,5105.337500000023,-26238.662499999977,173236.775,677.2749999999942,716.25,-8957.287499999977,-3.3625,7.5625,14.9375,3.825,13.575,-16.125,-0.8375,0.08749999999999991,-0.2749999999999999,0.7250000000000001,-2.9875,-0.125
-72755.20000000001,74873.34999999998,10285.0,96038.975,5382.337500000023,-28920.662499999977,179519.775,-29.72500000000582,314.25,-8283.287499999977,9.6375,-3.4375,-33.0625,-8.175,-17.425,-2.125,-0.8375,-0.9125000000000001,-1.275,-0.2749999999999999,-2.9875,-1.125
-63105.20000000001,67599.34999999998,8348.0,96199.975,4951.337500000023,-33492.66249999998,179650.775,759.2749999999942,1083.25,-10328.287499999977,-3.3625,15.5625,11.9375,15.825,9.575,-16.125,0.1625,-0.9125000000000001,-0.2749999999999999,-1.275,-0.9875,1.875
-10571.200000000012,12045.349999999977,6418.0,97450.975,6738.337500000023,-34525.66249999998,149214.775,723.2749999999942,893.25,-7689.287499999977,4.6375,-0.4375,-11.0625,-34.175,-12.425,26.875,0.1625,0.08749999999999991,-0.2749999999999999,3.725,0.0125,12.875
-9872.200000000012,-1179.6500000000233,9666.0,96158.975,5969.337500000023,-21073.662499999977,74471.775,595.2749999999942,-219.75,-9410.287499999977,6.6375,-4.4375,-2.0625,28.825,-1.4249999999999998,-16.125,-0.8375,1.0875,-0.2749999999999999,-7.275,-4.9875,-4.125
-10501.200000000012,-295.6500000000233,18052.0,97587.975,4937.337500000023,4281.337500000023,10279.774999999994,-7370.725000000006,-104.75,-9821.287499999977,9.6375,-12.4375,-91.0625,-24.175,1.5750000000000002,15.875,-0.8375,0.08749999999999991,1.725,2.725,14.0125,5.875
-11305.200000000012,1138.3499999999767,20724.0,97604.975,6011.337500000023,7583.337500000023,2299.774999999994,-18274.725000000006,2288.25,-5698.287499999977,-52.3625,26.5625,112.9375,-38.175,16.575,-79.125,0.1625,0.08749999999999991,-0.2749999999999999,3.725,-8.9875,-14.125
8224.799999999988,45508.34999999998,19232.0,94384.975,3983.3375000000233,78280.33750000002,52278.774999999994,-26882.725000000006,-2227.75,-10169.287499999977,81.6375,20.5625,-108.0625,193.825,-5.425,10.875,-1.8375,1.0875,-0.2749999999999999,-8.275,12.0125,-20.125
45952.79999999999,241225.34999999998,34084.0,96197.975,4523.337500000023,324150.3375,206507.775,-35558.725000000006,423.25,-7255.287499999977,-58.3625,-11.4375,99.9375,-55.175,39.575,-59.125,0.1625,-0.9125000000000001,1.725,13.725,15.0125,15.875
93709.79999999999,253041.34999999998,32069.0,99323.975,4294.337500000023,476589.3375,234741.775,-67311.725,4312.25,-1562.2874999999767,-2.3625,9.5625,-11.0625,-69.175,42.575,87.875,-0.8375,1.0875,-1.275,-1.275,3.0125,-12.125
86980.79999999999,229223.34999999998,36290.0,98059.975,6117.337500000023,140978.33750000002,189105.775,-91189.725,1403.25,-7346.287499999977,-8.3625,-11.4375,23.9375,74.825,26.575,19.875,-1.8375,1.0875,-2.275,16.725,-1.9875,-6.125
78232.79999999999,258490.34999999998,35291.0,95003.975,1762.3375000000233,-14961.662499999977,105520.775,-85104.725,-2615.75,-13049.287499999977,-11.3625,-13.4375,24.9375,5.825,-52.425,9.875,-0.8375,-0.9125000000000001,-0.2749999999999999,11.725,-3.9875,-0.125
43280.79999999999,120281.34999999998,21433.0,98271.975,8328.337500000023,141210.33750000002,93060.775,-26592.725000000006,2017.25,-5872.287499999977,-0.3624999999999998,2.5625,3.9375,14.825,5.575,58.875,-0.8375,0.08749999999999991,-3.275,7.725,-10.9875,-16.125
59566.79999999999,82852.34999999998,14926.0,96030.975,2991.3375000000233,108019.33750000002,21668.774999999994,-23125.725000000006,-1306.75,-9206.287499999977,20.6375,3.5625,-10.0625,-3.175,-12.425,104.875,0.1625,0.08749999999999991,1.725,0.7250000000000001,-9.9875,8.875
61918.79999999999,42748.34999999998,14742.0,94166.975,6993.337500000023,29009.337500000023,-7027.225000000006,-28995.725000000006,-3085.75,-9879.287499999977,28.6375,48.5625,-72.0625,-9.175,17.575,29.875,1.1625,0.08749999999999991,0.7250000000000001,1.725,-3.9875,12.875
49527.79999999999,9961.349999999977,16417.0,97641.975,10521.337500000023,9182.337500000023,1490.7749999999942,-34028.725000000006,2060.25,-5560.287499999977,-13.3625,-7.4375,15.9375,41.825,11.575,57.875,-0.8375,-0.9125000000000001,-0.2749999999999999,0.7250000000000001,-0.9875,-5.125
66497.79999999999,75131.34999999998,19646.0,97692.975,8053.337500000023,24511.337500000023,24744.774999999994,-19122.725000000006,217.25,-8659.287499999977,8.6375,5.5625,-37.0625,-51.175,-22.425,84.875,0.1625,-1.9125,0.7250000000000001,0.7250000000000001,4.0125,3.875
54887.79999999999,190413.34999999998,27831.0,97911.975,5004.337500000023,87877.33750000002,172144.775,-14056.725000000006,1443.25,-10330.287499999977,-12.3625,-6.4375,14.9375,-20.175,0.5750000000000002,17.875,0.1625,-0.9125000000000001,0.7250000000000001,3.725,-3.9875,-7.125
75514.79999999999,234998.34999999998,31618.0,96995.975,2362.3375000000233,63070.33750000002,183683.775,-23504.725000000006,1447.25,-8524.287499999977,0.6375000000000002,-1.4375,-8.0625,-7.175,-8.425,-13.125,0.1625,0.08749999999999991,0.7250000000000001,0.7250000000000001,-1.9875,-1.125
73359.79999999999,220559.34999999998,33589.0,95185.975,-251.66249999997672,29176.337500000023,239461.775,-35945.725000000006,-1118.75,-11809.287499999977,-6.3625,-18.4375,7.9375,4.825,-0.4249999999999998,-28.125,0.1625,0.08749999999999991,-0.2749999999999999,-2.275,-1.9875,-2.125
68712.79999999999,222459.34999999998,33031.0,95840.975,1241.3375000000233,18352.337500000023,222566.775,-37205.725000000006,-485.75,-10234.287499999977,-4.3625,-3.4375,-5.0625,-5.175,8.575,17.875,-0.8375,0.08749999999999991,0.7250000000000001,1.725,1.0125,2.875
67750.79999999999,228926.34999999998,32512.0,96588.975,2105.3375000000233,17462.337500000023,202974.775,-38874.725000000006,380.25,-9523.287499999977,-8.3625,-1.4375,16.9375,2.825,-0.4249999999999998,-5.125,-0.8375,0.08749999999999991,-0.2749999999999999,-2.275,5.0125,-4.125
51190.79999999999,208257.34999999998,32535.0,96322.975,2675.3375000000233,22406.337500000023,205694.775,-37223.725000000006,234.25,-8706.287499999977,1.6375000000000002,0.5625,-12.0625,-5.175,6.575,7.875,0.1625,0.08749999999999991,0.7250000000000001,-1.275,-0.9875,0.875
36212.79999999999,188168.34999999998,33210.0,95615.975,3704.3375000000233,24457.337500000023,187630.775,-35535.725000000006,-158.75,-8951.287499999977,-2.3625,-1.4375,4.9375,8.825,4.575,-2.125,-0.8375,0.08749999999999991,-1.275,-2.275,0.0125,1.875
23527.79999999999,161307.34999999998,32752.0,96387.975,5670.337500000023,37032.33750000002,151969.775,-34879.725000000006,673.25,-7327.287499999977,0.6375000000000002,-2.4375,-2.0625,-3.175,-0.4249999999999998,6.875,0.1625,-0.9125000000000001,-1.275,-1.275,0.0125,3.875
22489.79999999999,141061.34999999998,31165.0,96459.975,6901.337500000023,47623.33750000002,132977.775,-35662.725000000006,902.25,-5733.287499999977,0.6375000000000002,3.5625,-3.0625,0.8250000000000002,-0.4249999999999998,-6.125,0.1625,0.08749999999999991,0.7250000000000001,1.725,-0.9875,4.875
24755.79999999999,122287.34999999998,28475.0,95938.975,7137.337500000023,49036.33750000002,124599.775,-35787.725000000006,796.25,-6395.287499999977,1.6375000000000002,-1.4375,-7.0625,-0.17499999999999982,-1.4249999999999998,-5.125,0.1625,1.0875,-0.2749999999999999,-0.2749999999999999,-1.9875,-1.125
24092.79999999999,109765.34999999998,26156.0,95541.975,6775.337500000023,46217.33750000002,107272.775,-36297.725000000006,-56.75,-6823.287499999977,1.6375000000000002,-2.4375,-1.0625,1.8250000000000002,3.575,-2.125,0.1625,0.08749999999999991,-0.2749999999999999,0.7250000000000001,0.0125,1.875
27342.79999999999,132828.34999999998,27446.0,95791.975,6673.337500000023,49112.33750000002,114121.775,-36656.725000000006,158.25,-6465.287499999977,-2.3625,1.5625,11.9375,-1.1749999999999998,-1.4249999999999998,-0.125,0.1625,0.08749999999999991,-0.2749999999999999,0.7250000000000001,1.0125,2.875
36923.79999999999,159603.34999999998,29438.0,96120.975,6125.337500000023,56427.33750000002,141829.775,-34245.725000000006,123.25,-6606.287499999977,0.6375000000000002,-0.4375,-3.0625,-0.17499999999999982,-2.425,-3.125,0.1625,0.08749999999999991,-0.2749999999999999,2.725,0.0125,-0.125
42629.79999999999,156221.34999999998,29416.0,96536.975,5882.337500000023,59322.33750000002,162044.775,-33576.725000000006,86.25,-6931.287499999977,-1.3624999999999998,0.5625,5.9375,0.8250000000000002,-0.4249999999999998,-5.125,0.1625,0.08749999999999991,-0.2749999999999999,0.7250000000000001,1.0125,-1.125
58497.79999999999,182843.34999999998,29078.0,96448.975,4584.337500000023,53213.33750000002,173192.775,-33343.725000000006,-672.75,-8436.287499999977,-0.3624999999999998,-1.4375,-1.0625,1.8250000000000002,-0.4249999999999998,-3.125,-0.8375,0.08749999999999991,-0.2749999999999999,2.725,0.0125,0.875
61377.79999999999,183557.34999999998,29058.0,96618.975,4691.337500000023,48497.33750000002,187099.775,-32931.725000000006,-232.75,-8436.287499999977,0.6375000000000002,0.5625,7.9375,-0.17499999999999982,-3.425,-3.125,0.1625,-0.9125000000000001,-0.2749999999999999,0.7250000000000001,-0.9875,0.875
68222.79999999999,192848.34999999998,29229.0,96339.975,3570.3375000000233,44403.33750000002,183892.775,-33448.725000000006,-443.75,-8972.287499999977,0.6375000000000002,1.5625,3.9375,0.8250000000000002,-0.4249999999999998,-0.125,0.1625,0.08749999999999991,-0.2749999999999999,1.725,-0.9875,1.875
70492.79999999999,204873.34999999998,29382.0,96467.975,3302.3375000000233,43541.33750000002,182971.775,-32690.725000000006,-613.75,-9301.287499999977,-0.3624999999999998,-1.4375,2.9375,0.8250000000000002,-0.4249999999999998,1.875,0.1625,0.08749999999999991,-0.2749999999999999,0.7250000000000001,0.0125,-1.125
65230.79999999999,197823.34999999998,29141.0,96607.975,3463.3375000000233,44580.33750000002,184342.775,-30804.725000000006,-756.75,-9759.287499999977,3.6375,-2.4375,-7.0625,1.8250000000000002,-2.425,-1.125,0.1625,0.08749999999999991,-0.2749999999999999,1.725,0.0125,-1.125
65297.79999999999,172569.34999999998,28364.0,96266.975,3359.3375000000233,40202.33750000002,172535.775,-29064.725000000006,-334.75,-10557.287499999977,0.6375000000000002,-0.4375,0.9375,-1.1749999999999998,-0.4249999999999998,-2.125,0.1625,0.08749999999999991,-0.2749999999999999,-0.2749999999999999,0.0125,-0.125
68361.79999999999,178741.34999999998,28726.0,96288.975,3093.3375000000233,41927.33750000002,175207.775,-29161.725000000006,-322.75,-11106.287499999977,-1.3624999999999998,0.5625,1.9375,-1.1749999999999998,0.5750000000000002,-0.125,-0.8375,1.0875,-0.2749999999999999,0.7250000000000001,0.0125,-1.125
72279.79999999999,190272.34999999998,28849.0,95972.975,1857.3375000000233,43770.33750000002,176028.775,-29278.725000000006,-435.75,-11555.287499999977,-0.3624999999999998,-0.4375,-2.0625,-0.17499999999999982,-0.4249999999999998,-0.125,0.1625,0.08749999999999991,0.7250000000000001,-0.2749999999999999,0.0125,-0.125
71926.79999999999,195425.34999999998,29152.0,95817.975,2163.3375000000233,43996.33750000002,183060.775,-28827.725000000006,-434.75,-11464.287499999977,-2.3625,0.5625,2.9375,-3.175,-0.4249999999999998,1.875,0.1625,0.08749999999999991,-0.2749999999999999,-0.2749999999999999,0.0125,-0.125
70047.79999999999,194071.34999999998,29190.0,96038.975,2689.3375000000233,41473.33750000002,183534.775,-28463.725000000006,141.25,-10599.287499999977,-0.3624999999999998,0.5625,-3.0625,-0.17499999999999982,-0.4249999999999998,-0.125,0.1625,0.08749999999999991,-0.2749999999999999,-0.2749999999999999,-0.9875,-0.125
67494.79999999999,189583.34999999998,28989.0,96062.975,2374.3375000000233,40571.33750000002,181798.775,-28030.725000000006,106.25,-10355.287499999977,-1.3624999999999998,-0.4375,-0.0625,-1.1749999999999998,-0.4249999999999998,-1.125,0.1625,0.08749999999999991,-0.2749999999999999,-0.2749999999999999,0.0125,0.875
63860.79999999999,181916.34999999998,28605.0,95764.975,2307.3375000000233,39846.33750000002,175878.775,-28029.725000000006,185.25,-10000.287499999977,-1.3624999999999998,0.5625,0.9375,-2.175,0.5750000000000002,0.875,-0.8375,0.08749999999999991,-1.275,-1.275,0.0125,-0.125
61412.79999999999,177862.34999999998,28651.0,95714.975,2283.3375000000233,38554.33750000002,171492.775,-27978.725000000006,344.25,-9613.287499999977,-0.3624999999999998,0.5625,-1.0625,-1.1749999999999998,-1.4249999999999998,-0.125,0.1625,0.08749999999999991,-0.2749999999999999,-0.2749999999999999,0.0125,0.875
59469.79999999999,174988.34999999998,28603.0,95845.975,2498.3375000000233,37902.33750000002,169037.775,-27955.725000000006,657.25,-8779.287499999977,0.6375000000000002,1.5625,-1.0625,7.825,-4.425,-11.125,-0.8375,0.08749999999999991,0.7250000000000001,-0.2749999999999999,0.0125,1.875
58661.79999999999,170239.34999999998,28502.0,95873.975,2881.3375000000233,37538.33750000002,166710.775,-28045.725000000006,677.25,-8929.287499999977,-2.3625,4.5625,3.9375,-4.175,3.575,-0.125,0.1625,0.08749999999999991,-0.2749999999999999,-0.2749999999999999,0.0125,3.875
67483.79999999999,174630.34999999998,29819.0,95732.975,1231.3375000000233,32103.337500000023,166923.775,-27428.725000000006,558.25,-10906.287499999977,-1.3624999999999998,2.5625,19.9375,-3.175,1.5750000000000002,1.875,0.1625,0.08749999999999991,-0.2749999999999999,-1.275,-0.9875,-0.125
75394.79999999999,200020.34999999998,29584.0,95882.975,-696.6624999999767,21477.337500000023,191902.775,-26603.725000000006,417.25,-12104.287499999977,5.6375,4.5625,0.9375,0.8250000000000002,-4.425,-5.125,0.1625,0.08749999999999991,-0.2749999999999999,-0.2749999999999999,-0.9875,-1.125
71352.79999999999,222275.34999999998,29508.0,95566.975,-1569.6624999999767,16757.337500000023,200067.775,-27088.725000000006,120.25,-12025.287499999977,4.6375,-1.4375,-14.0625,4.825,-1.4249999999999998,-11.125,0.1625,0.08749999999999991,-0.2749999999999999,-0.2749999999999999,-0.9875,-0.125
57093.79999999999,207390.34999999998,32973.0,95464.975,-1073.6624999999767,13024.337500000023,201050.775,-26038.725000000006,233.25,-9173.287499999977,-0.3624999999999998,8.5625,6.9375,-17.175,1.5750000000000002,14.875,0.1625,0.08749999999999991,-0.2749999999999999,0.7250000000000001,1.0125,-0.125
56132.79999999999,206681.34999999998,38642.0,96354.975,314.3375000000233,9710.337500000023,210882.775,-25901.725000000006,956.25,-9637.287499999977,3.6375,-5.4375,-2.0625,3.825,-4.425,-7.125,0.1625,-0.9125000000000001,0.7250000000000001,-1.275,-0.9875,4.875
53802.79999999999,216854.34999999998,41446.0,96899.975,1007.3375000000233,3017.3375000000233,213779.775,-27242.725000000006,860.25,-8558.287499999977,0.6375000000000002,-2.4375,-4.0625,-20.175,4.575,11.875,0.1625,0.08749999999999991,-0.2749999999999999,9.725,1.0125,3.875
42267.79999999999,198998.34999999998,37184.0,96440.975,1212.3375000000233,3936.3375000000233,198785.775,-28366.725000000006,1153.25,-8512.287499999977,5.6375,14.5625,-4.0625,15.825,-1.4249999999999998,-14.125,0.1625,0.08749999999999991,0.7250000000000001,-0.2749999999999999,3.0125,2.875
32733.79999999999,188795.34999999998,30985.0,165090.975,16132.337500000023,-2181.6624999999767,174057.775,-30843.725000000006,986.25,-9012.287499999977,4.6375,-9.4375,-10.0625,-9.175,3.575,23.875,0.1625,0.08749999999999991,0.7250000000000001,17.725,1.0125,19.875
20449.79999999999,190650.34999999998,27177.0,208343.975,2419.3375000000233,-2021.6624999999767,176277.775,-30933.725000000006,615.25,-8353.287499999977,-3.3625,0.5625,-6.0625,11.825,4.575,-9.125,1.1625,0.08749999999999991,0.7250000000000001,18.725,-0.9875,14.875
17376.79999999999,160261.34999999998,24043.0,234219.975,-3112.6624999999767,-3058.6624999999767,177424.775,-30751.725000000006,6789.25,6614.712500000023,-6.3625,-5.4375,19.9375,-7.175,-3.425,8.875,-0.8375,0.08749999999999991,-0.2749999999999999,-11.275,-3.9875,-9.125
14666.799999999988,185150.34999999998,24263.0,244758.975,-8759.662499999977,-14733.662499999977,168585.775,-30982.725000000006,51955.25,49102.71250000002,0.6375000000000002,1.5625,-1.0625,12.825,10.575,-6.125,0.1625,-0.9125000000000001,-0.2749999999999999,11.725,-6.9875,13.875
7604.799999999988,197266.34999999998,25898.0,245633.975,-9907.662499999977,-13294.662499999977,174778.775,-29609.725000000006,115492.25,77641.71250000002,4.6375,-3.4375,-9.0625,-0.17499999999999982,3.575,5.875,-0.8375,0.08749999999999991,1.725,-15.275,-1.9875,-8.125
-4209.200000000012,175285.34999999998,26967.0,225943.975,-20393.662499999977,-13665.662499999977,195193.775,-22377.725000000006,136354.25,77469.71250000002,-15.3625,-10.4375,31.9375,-37.175,3.575,-13.125,-0.8375,0.08749999999999991,-0.2749999999999999,-14.275,7.0125,-0.125
-24581.20000000001,205240.34999999998,25991.0,224521.975,386.3375000000233,-11722.662499999977,175016.775,-18789.725000000006,115786.25,46401.71250000002,4.6375,-6.4375,-5.0625,53.825,21.575,-46.125,-0.8375,0.08749999999999991,-0.2749999999999999,2.725,-4.9875,19.875
-23315.20000000001,218438.34999999998,23999.0,252582.975,17558.337500000023,37429.33750000002,170052.775,-19414.725000000006,129454.25,38361.71250000002,-11.3625,-5.4375,12.9375,-21.175,28.575,-4.125,-0.8375,0.08749999999999991,-1.275,-0.2749999999999999,6.0125,6.875
6450.799999999988,166358.34999999998,22740.0,273811.975,11723.337500000023,96904.33750000002,187894.775,-17911.725000000006,180364.25,74204.71250000002,-15.3625,-21.4375,26.9375,-25.175,-4.425,8.875,0.1625,0.08749999999999991,-0.2749999999999999,-0.2749999999999999,4.0125,-4.125
17653.79999999999,163001.34999999998,23607.0,289827.975,14712.337500000023,30495.337500000023,126190.775,-15611.725000000006,197847.25,64142.71250000002,10.6375,1.5625,-29.0625,10.825,-4.425,-30.125,0.1625,0.08749999999999991,-0.2749999999999999,0.7250000000000001,2.0125,7.875
19877.79999999999,169847.34999999998,22342.0,237521.975,-2117.6624999999767,-1597.6624999999767,146996.775,-13551.725000000006,139111.25,37314.71250000002,0.6375000000000002,-4.4375,9.9375,-23.175,-15.425,9.875,-0.8375,-0.9125000000000001,0.7250000000000001,-3.275,9.0125,6.875
8662.799999999988,151788.34999999998,21906.0,200534.975,-1596.6624999999767,4336.337500000023,158238.775,-13823.725000000006,114451.25,25967.712500000023,-6.3625,-0.4375,16.9375,14.825,4.575,-11.125,0.1625,-0.9125000000000001,-0.2749999999999999,2.725,7.0125,5.875
-7966.200000000012,150139.34999999998,21636.0,221686.975,11645.337500000023,11826.337500000023,156075.775,-13556.725000000006,115561.25,18043.712500000023,7.6375,5.5625,-21.0625,-5.175,4.575,7.875,-0.8375,-0.9125000000000001,-0.2749999999999999,-4.275,-2.9875,14.875
-3180.2000000000116,138019.34999999998,21210.0,255062.975,16524.337500000023,8590.337500000023,156759.775,-13388.725000000006,161701.25,40761.71250000002,0.6375000000000002,1.5625,5.9375,10.825,4.575,-8.125,0.1625,-0.9125000000000001,0.7250000000000001,0.7250000000000001,8.0125,-0.125
-16674.20000000001,159860.34999999998,21656.0,291303.975,20448.337500000023,6758.337500000023,145155.775,-13547.725000000006,157754.25,42702.71250000002,-7.3625,-2.4375,10.9375,-11.175,4.575,15.875,0.1625,0.08749999999999991,-0.2749999999999999,0.7250000000000001,0.0125,2.875
-29421.20000000001,180766.34999999998,22993.0,277568.975,-815.6624999999767,2630.3375000000233,153170.775,-14153.725000000006,141496.25,20350.712500000023,6.6375,1.5625,-16.0625,8.825,-8.425,-9.125,0.1625,0.08749999999999991,-0.2749999999999999,3.725,-0.9875,0.875
-29871.20000000001,173324.34999999998,22458.0,245031.975,2112.3375000000233,2364.3375000000233,168542.775,-13274.725000000006,118662.25,13910.712500000023,-1.3624999999999998,1.5625,0.9375,1.8250000000000002,1.5750000000000002,-6.125,0.1625,-0.9125000000000001,0.7250000000000001,0.7250000000000001,3.0125,-1.125
-26216.20000000001,163219.34999999998,20685.0,254161.975,5918.337500000023,7481.337500000023,182277.775,-12683.725000000006,149871.25,28505.712500000023,2.6375,-14.4375,2.9375,17.825,13.575,-1.125,-0.8375,0.08749999999999991,-0.2749999999999999,-2.275,-0.9875,-1.125
-40954.20000000001,166347.34999999998,21148.0,267794.975,8963.337500000023,10665.337500000023,166957.775,-13272.725000000006,168440.25,37291.71250000002,3.6375,13.5625,-10.0625,-3.175,1.5750000000000002,2.875,0.1625,1.0875,1.725,-0.2749999999999999,4.0125,-2.125
-52626.20000000001,186193.34999999998,21487.0,280403.975,10314.337500000023,12087.337500000023,183098.775,-14231.725000000006,161718.25,32444.712500000023,-2.3625,7.5625,1.9375,-4.175,0.5750000000000002,7.875,-0.8375,-0.9125000000000001,0.7250000000000001,0.7250000000000001,-0.9875,1.875
-40884.20000000001,179345.34999999998,21938.0,265867.975,1152.3375000000233,9918.337500000023,161587.775,-13942.725000000006,145740.25,18977.712500000023,-3.3625,2.5625,7.9375,-15.175,-7.425,1.875,-0.8375,0.08749999999999991,-0.2749999999999999,2.725,0.0125,6.875
-37011.20000000001,168426.34999999998,21232.0,243204.975,184.33750000002328,884.3375000000233,160799.775,-13504.725000000006,119913.25,7687.712500000023,2.6375,-1.4375,-5.0625,15.825,-4.425,-16.125,-0.8375,0.08749999999999991,0.7250000000000001,-0.2749999999999999,2.0125,8.875
-55600.20000000001,161067.34999999998,20028.0,235821.975,7392.337500000023,-2504.6624999999767,179544.775,-13755.725000000006,142007.25,16283.712500000023,6.6375,-0.4375,-11.0625,3.825,-13.425,-6.125,-0.8375,0.08749999999999991,-0.2749999999999999,-0.2749999999999999,-0.9875,-6.125
-62095.20000000001,151252.34999999998,19101.0,281520.975,12537.337500000023,27749.337500000023,167991.775,-14971.725000000006,183106.25,32855.71250000002,-8.3625,-12.4375,20.9375,-6.175,1.5750000000000002,1.875,0.1625,-0.9125000000000001,-0.2749999999999999,-1.275,10.0125,-11.125
-63097.20000000001,173608.34999999998,21417.0,265150.975,10782.337500000023,3213.3375000000233,148903.775,-14293.725000000006,162601.25,8110.712500000023,6.6375,5.5625,-10.0625,-12.175,-4.425,4.875,0.1625,0.08749999999999991,0.7250000000000001,5.725,-3.9875,-1.125
-66434.20000000001,172301.34999999998,21365.0,234680.975,10737.337500000023,7804.337500000023,158862.775,-14314.725000000006,126621.25,-6759.287499999977,-2.3625,-8.4375,8.9375,10.825,2.575,-15.125,-0.8375,-0.9125000000000001,-0.2749999999999999,0.7250000000000001,2.0125,-5.125
-57407.20000000001,169524.34999999998,19792.0,242842.975,8343.337500000023,17087.337500000023,149636.775,-13887.725000000006,133663.25,-6303.287499999977,-8.3625,-8.4375,22.9375,-8.175,11.575,-4.125,0.1625,0.08749999999999991,0.7250000000000001,3.725,-3.9875,0.875
-36253.20000000001,152556.34999999998,20716.0,246022.975,6087.337500000023,14976.337500000023,150396.775,-13190.725000000006,152627.25,2440.7125000000233,-3.3625,-7.4375,9.9375,-9.175,4.575,-5.125,0.1625,0.08749999999999991,0.7250000000000001,-0.2749999999999999,-3.9875,-1.125
-64593.20000000001,160858.34999999998,20535.0,243356.975,7751.337500000023,-316.6624999999767,167655.775,-13584.725000000006,156645.25,6362.712500000023,-1.3624999999999998,1.5625,1.9375,8.825,-0.4249999999999998,-17.125,0.1625,0.08749999999999991,-0.2749999999999999,-2.275,0.0125,-8.125
-73955.20000000001,177873.34999999998,20486.0,253810.975,9445.337500000023,2262.3375000000233,169055.775,-14062.725000000006,159707.25,9164.712500000023,1.6375000000000002,-0.4375,-0.0625,-5.175,-2.425,1.875,0.1625,0.08749999999999991,-0.2749999999999999,2.725,1.0125,5.875
-72767.20000000001,177224.34999999998,20398.0,271078.975,9688.337500000023,11573.337500000023,160378.775,-14266.725000000006,163784.25,12306.712500000023,-0.3624999999999998,0.5625,0.9375,0.8250000000000002,-4.425,-6.125,0.1625,0.08749999999999991,-0.2749999999999999,-1.275,0.0125,-1.125
-57457.20000000001,155448.34999999998,19885.0,261727.975,8279.337500000023,17059.337500000023,151244.775,-14063.725000000006,152994.25,7894.712500000023,1.6375000000000002,0.5625,-3.0625,0.8250000000000002,0.5750000000000002,-3.125,-0.8375,0.08749999999999991,0.7250000000000001,-0.2749999999999999,-0.9875,-2.125
-52575.20000000001,158098.34999999998,19725.0,246887.975,7898.337500000023,19207.337500000023,155756.775,-13903.725000000006,145589.25,4658.712500000023,-0.3624999999999998,0.5625,-0.0625,-2.175,-2.425,-0.125,0.1625,1.0875,-0.2749999999999999,-0.2749999999999999,0.0125,-1.125
-50275.20000000001,165857.34999999998,20427.0,242716.975,8773.337500000023,19716.337500000023,160879.775,-13708.725000000006,142240.25,-181.28749999997672,-1.3624999999999998,-0.4375,1.9375,0.8250000000000002,-1.4249999999999998,-2.125,0.1625,0.08749999999999991,0.7250000000000001,0.7250000000000001,0.0125,1.875
-50253.20000000001,174876.34999999998,20408.0,249728.975,10072.337500000023,16887.337500000023,167585.775,-13629.725000000006,143480.25,1496.7125000000233,0.6375000000000002,-0.4375,-0.0625,1.8250000000000002,-1.4249999999999998,-3.125,0.1625,0.08749999999999991,-0.2749999999999999,0.7250000000000001,0.0125,0.875
-54292.20000000001,182421.34999999998,20733.0,248113.975,11632.337500000023,14158.337500000023,172245.775,-13395.725000000006,146327.25,4861.712500000023,0.6375000000000002,-0.4375,-3.0625,-2.175,-1.4249999999999998,1.875,0.1625,0.08749999999999991,0.7250000000000001,-1.275,-1.9875,-2.125
-51444.20000000001,183726.34999999998,21133.0,240606.975,12145.337500000023,14709.337500000023,173302.775,-13350.725000000006,142434.25,6066.712500000023,0.6375000000000002,-0.4375,-1.0625,-0.17499999999999982,-3.425,-1.125,0.1625,0.08749999999999991,-0.2749999999999999,-1.275,0.0125,-1.125
-48963.20000000001,180462.34999999998,21176.0,238527.975,11021.337500000023,14458.337500000023,174060.775,-13042.725000000006,141220.25,8114.712500000023,0.6375000000000002,-0.4375,0.9375,0.8250000000000002,-0.4249999999999998,-0.125,0.1625,0.08749999999999991,-0.2749999999999999,1.725,0.0125,1.875
-49205.20000000001,179223.34999999998,21238.0,241892.975,7982.337500000023,14003.337500000023,172247.775,-12974.725000000006,137794.25,10075.712500000023,0.6375000000000002,0.5625,-1.0625,0.8250000000000002,1.5750000000000002,-1.125,-0.8375,0.08749999999999991,0.7250000000000001,-0.2749999999999999,0.0125,-0.125
-50741.20000000001,180751.34999999998,21216.0,244251.975,6163.337500000023,13412.337500000023,169958.775,-13037.725000000006,134398.25,10857.712500000023,-0.3624999999999998,0.5625,-1.0625,-1.1749999999999998,-0.4249999999999998,0.875,0.1625,0.08749999999999991,0.7250000000000001,-1.275,-0.9875,-0.125
-51958.20000000001,182949.34999999998,21502.0,243253.975,5258.337500000023,12900.337500000023,173240.775,-13126.725000000006,133388.25,13003.712500000023,-0.3624999999999998,-0.4375,-0.0625,-0.17499999999999982,-0.4249999999999998,-1.125,-0.8375,0.08749999999999991,-0.2749999999999999,-0.2749999999999999,0.0125,-0.125
-53232.20000000001,184618.34999999998,21457.0,241457.975,3947.3375000000233,13032.337500000023,175457.775,-12994.725000000006,134850.25,14546.712500000023,0.6375000000000002,0.5625,-0.0625,-0.17499999999999982,0.5750000000000002,-0.125,0.1625,0.08749999999999991,0.7250000000000001,-1.275,0.0125,-0.125
-52858.20000000001,183826.34999999998,21552.0,241268.975,2699.3375000000233,13584.337500000023,176117.775,-13028.725000000006,140434.25,14559.712500000023,0.6375000000000002,-0.4375,0.9375,0.8250000000000002,-0.4249999999999998,-0.125,-0.8375,0.08749999999999991,-0.2749999999999999,0.7250000000000001,0.0125,-0.125
-52732.20000000001,183700.34999999998,21569.0,244626.975,1253.3375000000233,13766.337500000023,175149.775,-13074.725000000006,141757.25,12428.712500000023,-0.3624999999999998,-0.4375,0.9375,-0.17499999999999982,0.5750000000000002,0.875,0.1625,0.08749999999999991,-0.2749999999999999,0.7250000000000001,0.0125,0.875
-51056.20000000001,181326.34999999998,21487.0,247707.975,-621.6624999999767,14279.337500000023,171206.775,-13208.725000000006,141976.25,9017.712500000023,-0.3624999999999998,0.5625,-1.0625,-0.17499999999999982,0.5750000000000002,-0.125,-0.8375,0.08749999999999991,-0.2749999999999999,-0.2749999999999999,0.0125,-0.125
-48091.20000000001,176667.34999999998,21409.0,248156.975,-607.6624999999767,14405.337500000023,166928.775,-13194.725000000006,141305.25,5824.712500000023,-0.3624999999999998,-0.4375,-1.0625,0.8250000000000002,0.5750000000000002,0.875,0.1625,0.08749999999999991,0.7250000000000001,-0.2749999999999999,0.0125,-1.125
-45762.20000000001,172645.34999999998,21456.0,246691.975,-814.6624999999767,14421.337500000023,165062.775,-13096.725000000006,140747.25,3577.7125000000233,-0.3624999999999998,0.5625,-1.0625,0.8250000000000002,0.5750000000000002,-1.125,-0.8375,0.08749999999999991,-0.2749999999999999,-0.2749999999999999,0.0125,-0.125
-46366.20000000001,172006.34999999998,21514.0,245214.975,-1224.6624999999767,14499.337500000023,164633.775,-13190.725000000006,142159.25,2945.7125000000233,-0.3624999999999998,0.5625,-0.0625,-0.17499999999999982,-0.4249999999999998,0.875,0.1625,0.08749999999999991,-0.2749999999999999,-0.2749999999999999,1.0125,0.875
-50854.20000000001,173881.34999999998,21402.0,245502.975,-1360.6624999999767,13778.337500000023,166460.775,-13374.725000000006,144351.25,3737.7125000000233,-0.3624999999999998,-0.4375,1.9375,1.8250000000000002,-0.4249999999999998,-2.125,-0.8375,0.08749999999999991,-0.2749999999999999,-0.2749999999999999,0.0125,0.875
-54992.20000000001,175561.34999999998,21305.0,252296.975,-785.6624999999767,13318.337500000023,167346.775,-13262.725000000006,145979.25,3915.7125000000233,1.6375000000000002,0.5625,-3.0625,-1.1749999999999998,0.5750000000000002,0.875,-0.8375,0.08749999999999991,-0.2749999999999999,-0.2749999999999999,0.0125,-1.125
-53859.20000000001,175345.34999999998,21256.0,251291.975,-574.6624999999767,13670.337500000023,167717.775,-13118.725000000006,145973.25,3568.7125000000233,0.6375000000000002,0.5625,-2.0625,-0.17499999999999982,-1.4249999999999998,-1.125,0.1625,0.08749999999999991,-0.2749999999999999,-0.2749999999999999,0.0125,-0.125
-53778.20000000001,171970.34999999998,21008.0,247879.975,439.3375000000233,13845.337500000023,164203.775,-13293.725000000006,144032.25,2790.7125000000233,1.6375000000000002,-0.4375,-1.0625,0.8250000000000002,-0.4249999999999998,-2.125,0.1625,0.08749999999999991,-0.2749999999999999,-0.2749999999999999,0.0125,-0.125
-52462.20000000001,171662.34999999998,21158.0,249320.975,561.3375000000233,13870.337500000023,162893.775,-13369.725000000006,145544.25,3973.7125000000233,0.6375000000000002,0.5625,-1.0625,-1.1749999999999998,-0.4249999999999998,-0.125,0.1625,-0.9125000000000001,-0.2749999999999999,0.7250000000000001,0.0125,-0.125
-51923.20000000001,173688.34999999998,21143.0,249676.975,795.3375000000233,13993.337500000023,164629.775,-13303.725000000006,143933.25,3373.7125000000233,0.6375000000000002,0.5625,0.9375,-0.17499999999999982,-0.4249999999999998,-0.125,0.1625,-0.9125000000000001,0.7250000000000001,-0.2749999999999999,0.0125,-1.125
-51565.20000000001,176144.34999999998,21033.0,247999.975,1210.3375000000233,14395.337500000023,169613.775,-13123.725000000006,142440.25,3388.7125000000233,0.6375000000000002,-0.4375,-0.0625,-0.17499999999999982,-1.4249999999999998,-1.125,-0.8375,0.08749999999999991,0.7250000000000001,0.7250000000000001,0.0125,-0.125
-50783.20000000001,177259.34999999998,20992.0,248013.975,2428.3375000000233,14117.337500000023,169568.775,-13126.725000000006,142799.25,4393.712500000023,0.6375000000000002,-0.4375,-0.0625,-0.17499999999999982,-0.4249999999999998,-1.125,0.1625,0.08749999999999991,-0.2749999999999999,-0.2749999999999999,0.0125,-0.125
-49345.20000000001,177165.34999999998,21097.0,248113.975,2919.3375000000233,14464.337500000023,168047.775,-13166.725000000006,143531.25,5391.712500000023,0.6375000000000002,-0.4375,-0.0625,-0.17499999999999982,0.5750000000000002,-0.125,0.1625,0.08749999999999991,0.7250000000000001,0.7250000000000001,0.0125,0.875
-46935.20000000001,175971.34999999998,21088.0,246555.975,3331.3375000000233,14666.337500000023,167373.775,-13175.725000000006,141521.25,5818.712500000023,-0.3624999999999998,0.5625,-0.0625,-1.1749999999999998,-1.4249999999999998,-0.125,0.1625,0.08749999999999991,-0.2749999999999999,-0.2749999999999999,-0.9875,-0.125
-46296.20000000001,175227.34999999998,20930.0,245841.975,4014.3375000000233,15186.337500000023,167649.775,-12998.725000000006,140146.25,6206.712500000023,-0.3624999999999998,0.5625,0.9375,-1.1749999999999998,-1.4249999999999998,-0.125,-0.8375,0.08749999999999991,-0.2749999999999999,-0.2749999999999999,0.0125,0.875
-46325.20000000001,175188.34999999998,20604.0,246370.975,4982.337500000023,15242.337500000023,168993.775,-12793.725000000006,140185.25,7329.712500000023,0.6375000000000002,-0.4375,-0.0625,-1.1749999999999998,-0.4249999999999998,-1.125,0.1625,-0.9125000000000001,-0.2749999999999999,0.7250000000000001,-0.9875,0.875
-47941.20000000001,176022.34999999998,21011.0,247567.975,5405.337500000023,14720.337500000023,170382.775,-12800.725000000006,140586.25,8156.712500000023,-0.3624999999999998,0.5625,0.9375,0.8250000000000002,0.5750000000000002,-2.125,0.1625,0.08749999999999991,-0.2749999999999999,-0.2749999999999999,-0.9875,-0.125
-49429.20000000001,179627.34999999998,21214.0,246955.975,5469.337500000023,14127.337500000023,171604.775,-12797.725000000006,140925.25,8965.712500000023,-0.3624999999999998,0.5625,-0.0625,0.8250000000000002,-0.4249999999999998,-1.125,0.1625,0.08749999999999991,-0.2749999999999999,-0.2749999999999999,-0.9875,-0.125
-49574.20000000001,179094.34999999998,21188.0,245341.975,5134.337500000023,13889.337500000023,171146.775,-12860.725000000006,140830.25,8841.712500000023,0.6375000000000002,0.5625,-0.0625,-0.17499999999999982,-0.4249999999999998,-1.125,-0.8375,0.08749999999999991,-0.2749999999999999,-1.275,0.0125,-1.125
-48585.20000000001,176844.34999999998,21120.0,245869.975,4710.337500000023,14848.337500000023,169656.775,-12772.725000000006,141010.25,8307.712500000023,-0.3624999999999998,-0.4375,0.9375,-0.17499999999999982,-0.4249999999999998,-1.125,0.1625,0.08749999999999991,0.7250000000000001,-0.2749999999999999,0.0125,-0.125
-47397.20000000001,175486.34999999998,21208.0,246737.975,4313.337500000023,14862.337500000023,168172.775,-12848.725000000006,140822.25,6943.712500000023,0.6375000000000002,-0.4375,-0.0625,-0.17499999999999982,-0.4249999999999998,-1.125,0.1625,0.08749999999999991,-0.2749999999999999,-0.2749999999999999,0.0125,0.875
-48217.20000000001,175945.34999999998,21167.0,247186.975,3831.3375000000233,14677.337500000023,167088.775,-12817.725000000006,141095.25,5898.712500000023,0.6375000000000002,-0.4375,-0.0625,-0.17499999999999982,-0.4249999999999998,0.875,0.1625,0.08749999999999991,-0.2749999999999999,-0.2749999999999999,0.0125,1.875
-49068.20000000001,177093.34999999998,21359.0,246960.975,3244.3375000000233,14418.337500000023,166577.775,-12780.725000000006,141461.25,5018.712500000023,-0.3624999999999998,0.5625,0.9375,-0.17499999999999982,0.5750000000000002,-1.125,0.1625,0.08749999999999991,0.7250000000000001,0.7250000000000001,0.0125,0.875
-49336.20000000001,177361.34999999998,21445.0,246403.975,3212.3375000000233,14392.337500000023,166816.775,-12756.725000000006,142252.25,5173.712500000023,0.6375000000000002,0.5625,-1.0625,-0.17499999999999982,-0.4249999999999998,-0.125,0.1625,0.08749999999999991,-0.2749999999999999,-0.2749999999999999,0.0125,0.875
-49028.20000000001,176708.34999999998,21463.0,246546.975,2867.3375000000233,14576.337500000023,167209.775,-12809.725000000006,142832.25,5012.712500000023,0.6375000000000002,0.5625,-0.0625,-0.17499999999999982,0.5750000000000002,-0.125,-1.8375,-0.9125000000000001,-0.2749999999999999,-0.2749999999999999,1.0125,-0.125
-49651.20000000001,176010.34999999998,21481.0,247296.975,2772.3375000000233,14819.337500000023,167274.775,-12793.725000000006,142489.25,4585.712500000023,0.6375000000000002,0.5625,-0.0625,0.8250000000000002,0.5750000000000002,-0.125,-0.8375,0.08749999999999991,-0.2749999999999999,0.7250000000000001,0.0125,-0.125
-50668.20000000001,175829.34999999998,21395.0,247841.975,2666.3375000000233,14641.337500000023,166057.775,-12880.725000000006,142385.25,4450.712500000023,0.6375000000000002,-0.4375,-0.0625,-0.17499999999999982,-0.4249999999999998,-0.125,-0.8375,0.08749999999999991,0.7250000000000001,-0.2749999999999999,0.0125,-0.125
-51686.20000000001,175547.34999999998,21360.0,248145.975,2545.3375000000233,14678.337500000023,165684.775,-12909.725000000006,142855.25,4524.712500000023,-0.3624999999999998,0.5625,-1.0625,-0.17499999999999982,0.5750000000000002,-1.125,0.1625,0.08749999999999991,-0.2749999999999999,-0.2749999999999999,0.0125,-1.125
-50381.20000000001,174502.34999999998,21145.0,247019.975,2724.3375000000233,14919.337500000023,166540.775,-12745.725000000006,143882.25,4960.712500000023,0.6375000000000002,-0.4375,0.9375,-0.17499999999999982,-0.4249999999999998,-0.125,0.1625,0.08749999999999991,-0.2749999999999999,0.7250000000000001,0.0125,-0.125
-50200.20000000001,176233.34999999998,21033.0,246984.975,3122.3375000000233,14834.337500000023,167043.775,-12816.725000000006,143239.25,4757.712500000023,-0.3624999999999998,-0.4375,0.9375,-0.17499999999999982,-1.4249999999999998,-0.125,0.1625,0.08749999999999991,-0.2749999999999999,0.7250000000000001,0.0125,-0.125
-49590.20000000001,176594.34999999998,21150.0,246310.975,3225.3375000000233,14736.337500000023,166935.775,-12837.725000000006,143085.25,4787.712500000023,-0.3624999999999998,-0.4375,-0.0625,-0.17499999999999982,-1.4249999999999998,0.875,0.1625,0.08749999999999991,-0.2749999999999999,-0.2749999999999999,-0.9875,-0.125
-48516.20000000001,176467.34999999998,21155.0,245293.975,3362.3375000000233,14741.337500000023,166909.775,-12854.725000000006,143126.25,4905.712500000023,0.6375000000000002,-0.4375,-0.0625,0.8250000000000002,-1.4249999999999998,-0.125,0.1625,0.08749999999999991,-0.2749999999999999,0.7250000000000001,-0.9875,0.875
-47794.20000000001,175892.34999999998,20983.0,245083.975,3576.3375000000233,14910.337500000023,167702.775,-12991.725000000006,143346.25,5206.712500000023,-0.3624999999999998,-0.4375,-0.0625,-0.17499999999999982,-0.4249999999999998,-0.125,0.1625,0.08749999999999991,-0.2749999999999999,-0.2749999999999999,-0.9875,0.875
-47541.20000000001,175537.34999999998,20911.0,245643.975,3936.3375000000233,14962.337500000023,167927.775,-12953.725000000006,143508.25,5416.712500000023,-0.3624999999999998,0.5625,-0.0625,-0.17499999999999982,-0.4249999999999998,-0.125,0.1625,0.08749999999999991,-0.2749999999999999,-0.2749999999999999,-0.9875,0.875
-48091.20000000001,175795.34999999998,21028.0,246247.975,4162.337500000023,14791.337500000023,168009.775,-12880.725000000006,142643.25,5847.712500000023,-0.3624999999999998,-0.4375,-1.0625,0.8250000000000002,-0.4249999999999998,-0.125,0.1625,0.08749999999999991,-0.2749999999999999,-0.2749999999999999,0.0125,-0.125
-48569.20000000001,177193.34999999998,21279.0,246519.975,4148.337500000023,14731.337500000023,168238.775,-12976.725000000006,141737.25,5967.712500000023,0.6375000000000002,0.5625,0.9375,-0.17499999999999982,-0.4249999999999998,-0.125,0.1625,0.08749999999999991,-0.2749999999999999,-0.2749999999999999,0.0125,0.875
-48459.20000000001,176810.34999999998,21449.0,246459.975,4101.337500000023,14724.337500000023,168459.775,-12966.725000000006,141328.25,6110.712500000023,0.6375000000000002,0.5625,-0.0625,-0.17499999999999982,0.5750000000000002,-1.125,0.1625,0.08749999999999991,-0.2749999999999999,0.7250000000000001,0.0125,0.875
-48141.20000000001,176787.34999999998,21432.0,246640.975,4104.337500000023,14727.337500000023,168720.775,-12808.725000000006,141698.25,6597.712500000023,-0.3624999999999998,0.5625,-0.0625,-0.17499999999999982,0.5750000000000002,-0.125,0.1625,-0.9125000000000001,-0.2749999999999999,-0.2749999999999999,0.0125,0.875
-48489.20000000001,176980.34999999998,21498.0,246881.975,3933.3375000000233,14358.337500000023,168523.775,-12841.725000000006,141817.25,6281.712500000023,0.6375000000000002,0.5625,-0.0625,-0.17499999999999982,0.5750000000000002,-1.125,-0.8375,0.08749999999999991,0.7250000000000001,0.7250000000000001,0.0125,-0.125
-48825.20000000001,177184.34999999998,21379.0,247146.975,3579.3375000000233,14374.337500000023,167632.775,-12780.725000000006,141885.25,5384.712500000023,0.6375000000000002,-0.4375,-0.0625,-0.17499999999999982,-0.4249999999999998,0.875,0.1625,0.08749999999999991,-0.2749999999999999,-0.2749999999999999,0.0125,0.875
-48977.20000000001,176850.34999999998,21461.0,247251.975,3287.3375000000233,14629.337500000023,167183.775,-12808.725000000006,142242.25,4974.712500000023,0.6375000000000002,0.5625,-0.0625,-0.17499999999999982,0.5750000000000002,-0.125,0.1625,0.08749999999999991,0.7250000000000001,-0.2749999999999999,0.0125,0.875
-48615.20000000001,176403.34999999998,21507.0,247120.975,3273.3375000000233,14667.337500000023,167251.775,-12852.725000000006,142749.25,4884.712500000023,-0.3624999999999998,-0.4375,0.9375,-0.17499999999999982,-0.4249999999999998,0.875,0.1625,0.08749999999999991,-0.2749999999999999,-0.2749999999999999,0.0125,-0.125
-48809.20000000001,176388.34999999998,21348.0,246417.975,3285.3375000000233,14535.337500000023,167475.775,-12891.725000000006,142870.25,4976.712500000023,-0.3624999999999998,-0.4375,-0.0625,0.8250000000000002,-0.4249999999999998,-0.125,0.1625,0.08749999999999991,-0.2749999999999999,-0.2749999999999999,0.0125,0.875
-48945.20000000001,176509.34999999998,21292.0,246531.975,3043.3375000000233,14554.337500000023,167795.775,-12993.725000000006,142891.25,4965.712500000023,0.6375000000000002,-0.4375,-1.0625,-0.17499999999999982,-0.4249999999999998,-0.125,-0.8375,0.08749999999999991,-0.2749999999999999,-0.2749999999999999,-0.9875,-0.125
-49040.20000000001,176901.34999999998,21322.0,246803.975,3197.3375000000233,14682.337500000023,168017.775,-12939.725000000006,143079.25,5023.712500000023,0.6375000000000002,0.5625,0.9375,-0.17499999999999982,-0.4249999999999998,-0.125,0.1625,0.08749999999999991,-0.2749999999999999,-0.2749999999999999,0.0125,-0.125
-49244.20000000001,176894.34999999998,21342.0,246869.975,2996.3375000000233,14445.337500000023,167749.775,-12852.725000000006,143262.25,4872.712500000023,0.6375000000000002,0.5625,0.9375,0.8250000000000002,-1.4249999999999998,-0.125,0.1625,0.08749999999999991,-0.2749999999999999,0.7250000000000001,0.0125,-0.125
-49381.20000000001,176457.34999999998,21286.0,246724.975,3029.3375000000233,14338.337500000023,167301.775,-12750.725000000006,143413.25,4815.712500000023,0.6375000000000002,0.5625,0.9375,-0.17499999999999982,-1.4249999999999998,-0.125,0.1625,0.08749999999999991,0.7250000000000001,-0.2749999999999999,0.0125,0.875
-49609.20000000001,176245.34999999998,21090.0,246702.975,2975.3375000000233,14575.337500000023,167005.775,-12840.725000000006,143601.25,4858.712500000023,-0.3624999999999998,-0.4375,-0.0625,-0.17499999999999982,-0.4249999999999998,-0.125,0.1625,0.08749999999999991,0.7250000000000001,-0.2749999999999999,0.0125,-0.125
-49583.20000000001,176002.34999999998,21168.0,246838.975,2948.3375000000233,14628.337500000023,167288.775,-12958.725000000006,143916.25,4894.712500000023,-0.3624999999999998,0.5625,-0.0625,-0.17499999999999982,-0.4249999999999998,-0.125,0.1625,0.08749999999999991,-0.2749999999999999,-0.2749999999999999,0.0125,-1.125
-49844.20000000001,176287.34999999998,21273.0,247093.975,3215.3375000000233,14606.337500000023,167345.775,-12954.725000000006,143250.25,4940.712500000023,0.6375000000000002,-0.4375,-0.0625,-0.17499999999999982,0.5750000000000002,-1.125,-0.8375,0.08749999999999991,-0.2749999999999999,-0.2749999999999999,0.0125,-0.125
-50141.20000000001,176771.34999999998,21108.0,246968.975,3100.3375000000233,14566.337500000023,167428.775,-12884.725000000006,143001.25,4845.712500000023,-0.3624999999999998,0.5625,-0.0625,-0.17499999999999982,-0.4249999999999998,-0.125,0.1625,0.08749999999999991,-0.2749999999999999,-0.2749999999999999,0.0125,-0.125
-49841.20000000001,176960.34999999998,21041.0,246775.975,3099.3375000000233,14623.337500000023,167511.775,-12870.725000000006,142773.25,4792.712500000023,0.6375000000000002,0.5625,-1.0625,-0.17499999999999982,-0.4249999999999998,-0.125,-0.8375,0.08749999999999991,0.7250000000000001,0.7250000000000001,0.0125,0.875
-49338.20000000001,176607.34999999998,21158.0,246572.975,3019.3375000000233,14697.337500000023,167202.775,-12853.725000000006,142669.25,4845.712500000023,0.6375000000000002,-0.4375,-0.0625,0.8250000000000002,-0.4249999999999998,-0.125,-0.8375,0.08749999999999991,-0.2749999999999999,0.7250000000000001,0.0125,-0.125
-48935.20000000001,176520.34999999998,21148.0,246475.975,3001.3375000000233,14776.337500000023,167273.775,-12994.725000000006,142486.25,4777.712500000023,0.6375000000000002,-0.4375,0.9375,-0.17499999999999982,-0.4249999999999998,-0.125,0.1625,0.08749999999999991,-0.2749999999999999,0.7250000000000001,0.0125,-0.125
-48759.20000000001,176614.34999999998,21273.0,246392.975,3170.3375000000233,14912.337500000023,167567.775,-12960.725000000006,142506.25,4895.712500000023,0.6375000000000002,0.5625,-0.0625,-0.17499999999999982,-0.4249999999999998,-0.125,0.1625,0.08749999999999991,0.7250000000000001,0.7250000000000001,0.0125,0.875
-48775.20000000001,176842.34999999998,21360.0,246612.975,3249.3375000000233,14778.337500000023,167641.775,-12933.725000000006,142828.25,4927.712500000023,0.6375000000000002,-0.4375,0.9375,-0.17499999999999982,-0.4249999999999998,0.875,0.1625,0.08749999999999991,0.7250000000000001,0.7250000000000001,0.0125,-0.125
-48777.20000000001,176888.34999999998,21378.0,246694.975,3238.3375000000233,14690.337500000023,167628.775,-12918.725000000006,142730.25,4815.712500000023,0.6375000000000002,-0.4375,0.9375,0.8250000000000002,-0.4249999999999998,-1.125,0.1625,0.08749999999999991,-0.2749999999999999,-0.2749999999999999,0.0125,-0.125
-48830.20000000001,176670.34999999998,21309.0,246711.975,3282.3375000000233,14819.337500000023,167388.775,-12938.725000000006,142699.25,4840.712500000023,0.6375000000000002,-0.4375,0.9375,1.8250000000000002,-0.4249999999999998,-1.125,-0.8375,0.08749999999999991,-0.2749999999999999,0.7250000000000001,1.0125,0.875
-48772.20000000001,176456.34999999998,21465.0,246728.975,3135.3375000000233,14499.337500000023,167104.775,-12992.725000000006,142599.25,4849.712500000023,0.6375000000000002,-0.4375,-1.0625,-0.17499999999999982,-0.4249999999999998,-1.125,-0.8375,0.08749999999999991,-0.2749999999999999,0.7250000000000001,0.0125,0.875
-48702.20000000001,176390.34999999998,21322.0,246602.975,3233.3375000000233,14729.337500000023,167169.775,-12818.725000000006,142567.25,5106.712500000023,0.6375000000000002,-0.4375,-0.0625,-0.17499999999999982,-0.4249999999999998,-0.125,-0.8375,0.08749999999999991,-0.2749999999999999,-0.2749999999999999,0.0125,0.875
-48669.20000000001,176361.34999999998,21291.0,246625.975,3441.3375000000233,14555.337500000023,167206.775,-12810.725000000006,143092.25,4970.712500000023,-0.3624999999999998,0.5625,-0.0625,-0.17499999999999982,-0.4249999999999998,-0.125,0.1625,0.08749999999999991,-0.2749999999999999,-0.2749999999999999,0.0125,0.875
-48773.20000000001,176608.34999999998,21236.0,246879.975,3434.3375000000233,14493.337500000023,167253.775,-12811.725000000006,143225.25,4850.712500000023,0.6375000000000002,-0.4375,0.9375,-0.17499999999999982,-0.4249999999999998,-0.125,0.1625,0.08749999999999991,-0.2749999999999999,-0.2749999999999999,0.0125,0.875
-48774.20000000001,176751.34999999998,21187.0,246873.975,3377.3375000000233,14511.337500000023,167405.775,-12831.725000000006,143154.25,4766.712500000023,-0.3624999999999998,-0.4375,0.9375,-0.17499999999999982,0.5750000000000002,-0.125,0.1625,0.08749999999999991,-0.2749999999999999,-0.2749999999999999,-0.9875,-1.125
-48823.20000000001,176772.34999999998,21371.0,246797.975,3395.3375000000233,14472.337500000023,167587.775,-12932.725000000006,142846.25,4879.712500000023,-0.3624999999999998,0.5625,-1.0625,-0.17499999999999982,-0.4249999999999998,-0.125,0.1625,0.08749999999999991,-0.2749999999999999,-0.2749999999999999,0.0125,0.875
-48750.20000000001,176849.34999999998,21198.0,246646.975,3302.3375000000233,14564.337500000023,167288.775,-12870.725000000006,142687.25,4833.712500000023,0.6375000000000002,-0.4375,0.9375,-0.17499999999999982,-0.4249999999999998,-0.125,0.1625,0.08749999999999991,-0.2749999999999999,-0.2749999999999999,0.0125,-0.125
-48797.20000000001,176404.34999999998,21087.0,246543.975,3381.3375000000233,14624.337500000023,167282.775,-12882.725000000006,142605.25,4810.712500000023,0.6375000000000002,-0.4375,-1.0625,0.8250000000000002,-0.4249999999999998,-1.125,0.1625,0.08749999999999991,-0.2749999999999999,0.7250000000000001,0.0125,0.875
-48997.20000000001,176469.34999999998,21244.0,246625.975,3416.3375000000233,14680.337500000023,167571.775,-12821.725000000006,142608.25,4889.712500000023,0.6375000000000002,0.5625,-1.0625,-0.17499999999999982,-0.4249999999999998,-1.125,0.1625,-0.9125000000000001,-0.2749999999999999,-0.2749999999999999,1.0125,-1.125
-49060.20000000001,176680.34999999998,21365.0,246676.975,3297.3375000000233,14595.337500000023,167661.775,-12834.725000000006,142555.25,4965.712500000023,0.6375000000000002,-0.4375,-0.0625,-0.17499999999999982,-0.4249999999999998,-0.125,0.1625,-0.9125000000000001,0.7250000000000001,-0.2749999999999999,0.0125,0.875
-49048.20000000001,176854.34999999998,21329.0,246880.975,3240.3375000000233,14243.337500000023,167720.775,-13069.725000000006,142426.25,5052.712500000023,0.6375000000000002,0.5625,-0.0625,-0.17499999999999982,-0.4249999999999998,-0.125,-0.8375,0.08749999999999991,-0.2749999999999999,-0.2749999999999999,0.0125,-0.125
-49322.20000000001,177155.34999999998,21358.0,246919.975,3086.3375000000233,14653.337500000023,167629.775,-12826.725000000006,142435.25,4779.712500000023,-0.3624999999999998,0.5625,0.9375,0.8250000000000002,0.5750000000000002,-1.125,0.1625,0.08749999999999991,0.7250000000000001,-0.2749999999999999,0.0125,-0.125
-49300.20000000001,176853.34999999998,21239.0,246604.975,3165.3375000000233,14732.337500000023,167215.775,-12902.725000000006,142416.25,4773.712500000023,0.6375000000000002,0.5625,-0.0625,-0.17499999999999982,-0.4249999999999998,0.875,0.1625,0.08749999999999991,-0.2749999999999999,-0.2749999999999999,0.0125,-0.125
-49011.20000000001,176753.34999999998,21241.0,246420.975,3185.3375000000233,14863.337500000023,167088.775,-12932.725000000006,142601.25,4870.712500000023,-0.3624999999999998,0.5625,0.9375,-0.17499999999999982,-0.4249999999999998,-0.125,0.1625,0.08749999999999991,0.7250000000000001,-0.2749999999999999,-0.9875,-1.125
-49149.20000000001,176568.34999999998,21267.0,246571.975,3167.3375000000233,14736.337500000023,167230.775,-12892.725000000006,142704.25,4870.712500000023,0.6375000000000002,-0.4375,-0.0625,-0.17499999999999982,-0.4249999999999998,-0.125,0.1625,0.08749999999999991,-0.2749999999999999,-0.2749999999999999,0.0125,-0.125
-49218.20000000001,176672.34999999998,21368.0,246677.975,3098.3375000000233,14753.337500000023,167381.775,-12853.725000000006,142899.25,4709.712500000023,0.6375000000000002,0.5625,-1.0625,-0.17499999999999982,-0.4249999999999998,-1.125,0.1625,0.08749999999999991,-0.2749999999999999,-0.2749999999999999,0.0125,0.875
-49375.20000000001,176878.34999999998,21390.0,246819.975,3174.3375000000233,14717.337500000023,167166.775,-12814.725000000006,142845.25,4724.712500000023,0.6375000000000002,0.5625,-0.0625,-0.17499999999999982,-0.4249999999999998,-0.125,0.1625,0.08749999999999991,-0.2749999999999999,0.7250000000000001,0.0125,-1.125
-49417.20000000001,176766.34999999998,21405.0,246846.975,3198.3375000000233,14668.337500000023,167064.775,-12766.725000000006,142783.25,4784.712500000023,-0.3624999999999998,-0.4375,-1.0625,-0.17499999999999982,-0.4249999999999998,-0.125,0.1625,0.08749999999999991,-0.2749999999999999,0.7250000000000001,0.0125,-1.125
-49353.20000000001,176272.34999999998,21320.0,246523.975,3187.3375000000233,14623.337500000023,166933.775,-12937.725000000006,142939.25,4857.712500000023,0.6375000000000002,-0.4375,0.9375,-0.17499999999999982,-0.4249999999999998,-0.125,0.1625,0.08749999999999991,0.7250000000000001,-0.2749999999999999,0.0125,-0.125
-49294.20000000001,176043.34999999998,21055.0,246269.975,3215.3375000000233,14780.337500000023,166873.775,-12904.725000000006,142941.25,4909.712500000023,-0.3624999999999998,-0.4375,-0.0625,0.8250000000000002,-1.4249999999999998,-0.125,-0.8375,0.08749999999999991,-0.2749999999999999,-0.2749999999999999,0.0125,1.875
-49234.20000000001,176075.34999999998,21111.0,246467.975,3227.3375000000233,14718.337500000023,167053.775,-12961.725000000006,143047.25,4907.712500000023,0.6375000000000002,0.5625,-0.0625,-0.17499999999999982,-0.4249999999999998,-1.125,0.1625,0.08749999999999991,-0.2749999999999999,0.7250000000000001,-0.9875,-0.125
-49860.20000000001,176352.34999999998,21211.0,246751.975,3125.3375000000233,14625.337500000023,167171.775,-12894.725000000006,143280.25,4906.712500000023,0.6375000000000002,-0.4375,-1.0625,-0.17499999999999982,-0.4249999999999998,-0.125,-0.8375,0.08749999999999991,-0.2749999999999999,-0.2749999999999999,0.0125,-0.125
-49967.20000000001,176506.34999999998,21163.0,246656.975,3147.3375000000233,14669.337500000023,167396.775,-12849.725000000006,143276.25,4906.712500000023,0.6375000000000002,-0.4375,0.9375,-0.17499999999999982,-0.4249999999999998,-0.125,0.1625,0.08749999999999991,-0.2749999999999999,-0.2749999999999999,-0.9875,-0.125
-49792.20000000001,176427.34999999998,20965.0,246533.975,3142.3375000000233,14562.337500000023,167520.775,-12739.725000000006,143238.25,4911.712500000023,0.6375000000000002,-0.4375,-1.0625,0.8250000000000002,-0.4249999999999998,-0.125,0.1625,0.08749999999999991,-0.2749999999999999,0.7250000000000001,0.0125,0.875
-49694.20000000001,176417.34999999998,20977.0,246429.975,3137.3375000000233,14639.337500000023,167620.775,-12679.725000000006,143221.25,4926.712500000023,-0.3624999999999998,0.5625,-0.0625,0.8250000000000002,-0.4249999999999998,-0.125,0.1625,0.08749999999999991,-0.2749999999999999,-0.2749999999999999,0.0125,0.875
-49652.20000000001,176853.34999999998,21195.0,246485.975,3174.3375000000233,14601.337500000023,167325.775,-12891.725000000006,142584.25,4825.712500000023,0.6375000000000002,0.5625,-1.0625,-0.17499999999999982,-0.4249999999999998,-1.125,0.1625,0.08749999999999991,-0.2749999999999999,-0.2749999999999999,0.0125,0.875
-49525.20000000001,177024.34999999998,21255.0,246303.975,3158.3375000000233,14564.337500000023,167151.775,-12890.725000000006,142399.25,4652.712500000023,0.6375000000000002,-0.4375,0.9375,-0.17499999999999982,0.5750000000000002,-0.125,-0.8375,0.08749999999999991,-0.2749999999999999,-0.2749999999999999,0.0125,-0.125
-49301.20000000001,176793.34999999998,21207.0,246072.975,3143.3375000000233,14564.337500000023,167200.775,-12946.725000000006,142154.25,4592.712500000023,0.6375000000000002,0.5625,0.9375,-0.17499999999999982,-0.4249999999999998,-1.125,0.1625,0.08749999999999991,-0.2749999999999999,0.7250000000000001,0.0125,0.875
-48983.20000000001,176673.34999999998,21394.0,246098.975,3182.3375000000233,14666.337500000023,167444.775,-13021.725000000006,141922.25,4483.712500000023,0.6375000000000002,0.5625,-0.0625,-0.17499999999999982,-0.4249999999999998,-0.125,0.1625,0.08749999999999991,0.7250000000000001,-0.2749999999999999,0.0125,0.875
-48987.20000000001,176845.34999999998,21460.0,246196.975,3152.3375000000233,14642.337500000023,167318.775,-12928.725000000006,141900.25,4610.712500000023,0.6375000000000002,0.5625,-0.0625,0.8250000000000002,-0.4249999999999998,-0.125,0.1625,0.08749999999999991,-0.2749999999999999,-0.2749999999999999,0.0125,-0.125
-49036.20000000001,176800.34999999998,21369.0,246186.975,3229.3375000000233,14648.337500000023,167277.775,-12925.725000000006,141741.25,4582.712500000023,0.6375000000000002,0.5625,0.9375,-0.17499999999999982,0.5750000000000002,-0.125,0.1625,0.08749999999999991,-0.2749999999999999,-0.2749999999999999,0.0125,-0.125
-49097.20000000001,176888.34999999998,21271.0,246189.975,3371.3375000000233,14828.337500000023,167281.775,-12941.725000000006,141822.25,4638.712500000023,-0.3624999999999998,0.5625,-0.0625,-0.17499999999999982,0.5750000000000002,-0.125,0.1625,0.08749999999999991,-0.2749999999999999,-0.2749999999999999,0.0125,-0.125
-49019.20000000001,176629.34999999998,21375.0,246358.975,3200.3375000000233,14554.337500000023,167307.775,-12896.725000000006,142080.25,4809.712500000023,0.6375000000000002,0.5625,-0.0625,-0.17499999999999982,0.5750000000000002,-0.125,0.1625,0.08749999999999991,0.7250000000000001,-0.2749999999999999,0.0125,-0.125
-48917.20000000001,176433.34999999998,21369.0,246223.975,3161.3375000000233,14627.337500000023,167419.775,-12827.725000000006,142449.25,4861.712500000023,-0.3624999999999998,0.5625,0.9375,-0.17499999999999982,-1.4249999999999998,-0.125,0.1625,0.08749999999999991,-0.2749999999999999,-0.2749999999999999,0.0125,-0.125
-48966.20000000001,176568.34999999998,21202.0,246253.975,3318.3375000000233,14667.337500000023,167488.775,-12784.725000000006,143256.25,4974.712500000023,-0.3624999999999998,0.5625,-0.0625,-0.17499999999999982,-0.4249999999999998,-0.125,0.1625,0.08749999999999991,-0.2749999999999999,-0.2749999999999999,0.0125,-0.125
-49030.20000000001,176463.34999999998,21133.0,246322.975,3395.3375000000233,14662.337500000023,167441.775,-12742.725000000006,143226.25,4947.712500000023,-0.3624999999999998,-0.4375,-0.0625,-0.17499999999999982,-0.4249999999999998,-0.125,-0.8375,0.08749999999999991,0.7250000000000001,-0.2749999999999999,0.0125,-0.125
-49118.20000000001,176524.34999999998,21184.0,246493.975,3318.3375000000233,14637.337500000023,167465.775,-12745.725000000006,143113.25,4831.712500000023,0.6375000000000002,-0.4375,-1.0625,-0.17499999999999982,-0.4249999999999998,-1.125,0.1625,0.08749999999999991,-0.2749999999999999,-0.2749999999999999,0.0125,0.875
-49121.20000000001,176323.34999999998,21108.0,246514.975,3245.3375000000233,14649.337500000023,167327.775,-12823.725000000006,143178.25,4820.712500000023,-0.3624999999999998,-0.4375,-0.0625,-0.17499999999999982,-0.4249999999999998,-0.125,0.1625,0.08749999999999991,-0.2749999999999999,-0.2749999999999999,0.0125,-0.125
-49298.20000000001,176247.34999999998,21284.0,246193.975,3171.3375000000233,14559.337500000023,167209.775,-12795.725000000006,143035.25,4775.712500000023,0.6375000000000002,-1.4375,-0.0625,-0.17499999999999982,-0.4249999999999998,-0.125,0.1625,0.08749999999999991,-0.2749999999999999,-0.2749999999999999,0.0125,-0.125
-49282.20000000001,176210.34999999998,21079.0,245928.975,3104.3375000000233,14624.337500000023,167207.775,-12935.725000000006,142907.25,4916.712500000023,0.6375000000000002,-0.4375,0.9375,0.8250000000000002,-0.4249999999999998,-0.125,0.1625,0.08749999999999991,-0.2749999999999999,0.7250000000000001,0.0125,0.875
-49194.20000000001,176152.34999999998,21117.0,246310.975,3057.3375000000233,14666.337500000023,167151.775,-12931.725000000006,143085.25,4983.712500000023,-0.3624999999999998,-0.4375,-0.0625,0.8250000000000002,-0.4249999999999998,-1.125,0.1625,0.08749999999999991,-0.2749999999999999,-0.2749999999999999,0.0125,-0.125
-49297.20000000001,176226.34999999998,21188.0,246783.975,3028.3375000000233,14803.337500000023,167082.775,-12816.725000000006,143119.25,4822.712500000023,-0.3624999999999998,0.5625,0.9375,-0.17499999999999982,-0.4249999999999998,-0.125,0.1625,-0.9125000000000001,-0.2749999999999999,-0.2749999999999999,0.0125,-0.125
-50016.20000000001,176453.34999999998,21138.0,246759.975,3159.3375000000233,14829.337500000023,167024.775,-12643.725000000006,142977.25,4757.712500000023,0.6375000000000002,0.5625,-0.0625,-0.17499999999999982,-0.4249999999999998,-0.125,0.1625,0.08749999999999991,0.7250000000000001,-0.2749999999999999,0.0125,0.875
-49853.20000000001,176481.34999999998,21069.0,246519.975,3054.3375000000233,14651.337500000023,166769.775,-12721.725000000006,142942.25,4668.712500000023,0.6375000000000002,-0.4375,-1.0625,-0.17499999999999982,0.5750000000000002,-0.125,0.1625,0.08749999999999991,-0.2749999999999999,0.7250000000000001,0.0125,-0.125
-49624.20000000001,176380.34999999998,21138.0,246502.975,3068.3375000000233,14688.337500000023,166616.775,-12831.725000000006,142916.25,4672.712500000023,-0.3624999999999998,0.5625,-0.0625,-0.17499999999999982,0.5750000000000002,0.875,0.1625,-0.9125000000000001,0.7250000000000001,-0.2749999999999999,0.0125,-0.125
-49479.20000000001,176304.34999999998,21253.0,246525.975,2912.3375000000233,14795.337500000023,166632.775,-12897.725000000006,142624.25,4620.712500000023,-0.3624999999999998,0.5625,-0.0625,-0.17499999999999982,0.5750000000000002,-0.125,0.1625,0.08749999999999991,-0.2749999999999999,0.7250000000000001,0.0125,-0.125
-49469.20000000001,176531.34999999998,21209.0,246491.975,2956.3375000000233,14668.337500000023,166536.775,-12875.725000000006,142269.25,4484.712500000023,0.6375000000000002,-0.4375,-0.0625,0.8250000000000002,-0.4249999999999998,-1.125,0.1625,0.08749999999999991,-0.2749999999999999,-0.2749999999999999,-0.9875,-1.125
-49485.20000000001,176650.34999999998,21311.0,246537.975,2965.3375000000233,14750.337500000023,166471.775,-12739.725000000006,141820.25,4470.712500000023,-0.3624999999999998,0.5625,-0.0625,-0.17499999999999982,0.5750000000000002,-0.125,0.1625,0.08749999999999991,0.7250000000000001,0.7250000000000001,0.0125,-0.125
-49395.20000000001,176647.34999999998,21398.0,246488.975,2913.3375000000233,14724.337500000023,166470.775,-12864.725000000006,141570.25,4572.712500000023,-0.3624999999999998,0.5625,0.9375,-0.17499999999999982,0.5750000000000002,-1.125,0.1625,0.08749999999999991,-0.2749999999999999,-0.2749999999999999,0.0125,-0.125
-49170.20000000001,176665.34999999998,21391.0,246241.975,2900.3375000000233,14763.337500000023,166655.775,-12835.725000000006,141421.25,4699.712500000023,-0.3624999999999998,0.5625,-1.0625,-0.17499999999999982,0.5750000000000002,-0.125,0.1625,-0.9125000000000001,0.7250000000000001,0.7250000000000001,0.0125,-0.125
-49060.20000000001,176752.34999999998,21329.0,246087.975,3175.3375000000233,14919.337500000023,166795.775,-12738.725000000006,141230.25,4748.712500000023,0.6375000000000002,-0.4375,-1.0625,-0.17499999999999982,-0.4249999999999998,-0.125,0.1625,0.08749999999999991,-0.2749999999999999,-0.2749999999999999,0.0125,-0.125
-49186.20000000001,176821.34999999998,21257.0,246426.975,3283.3375000000233,14776.337500000023,167307.775,-12794.725000000006,141236.25,4763.712500000023,-0.3624999999999998,-0.4375,-0.0625,-0.17499999999999982,0.5750000000000002,-1.125,0.1625,0.08749999999999991,0.7250000000000001,-0.2749999999999999,0.0125,-0.125
-49245.20000000001,176927.34999999998,21109.0,246321.975,3295.3375000000233,14801.337500000023,167306.775,-12913.725000000006,141413.25,4760.712500000023,0.6375000000000002,0.5625,-0.0625,-0.17499999999999982,-0.4249999999999998,0.875,-0.8375,0.08749999999999991,0.7250000000000001,-0.2749999999999999,0.0125,-1.125
-49205.20000000001,176914.34999999998,21193.0,246140.975,3354.3375000000233,14674.337500000023,166967.775,-12956.725000000006,141437.25,4756.712500000023,0.6375000000000002,-0.4375,-0.0625,0.8250000000000002,-0.4249999999999998,-1.125,0.1625,0.08749999999999991,-0.2749999999999999,-0.2749999999999999,0.0125,-0.125
-49114.20000000001,176775.34999999998,21146.0,245874.975,3313.3375000000233,14687.337500000023,167009.775,-12919.725000000006,141452.25,4888.712500000023,0.6375000000000002,0.5625,-0.0625,-0.17499999999999982,-0.4249999999999998,0.875,-0.8375,0.08749999999999991,0.7250000000000001,-0.2749999999999999,0.0125,0.875
-49006.20000000001,176477.34999999998,21171.0,245778.975,3234.3375000000233,14797.337500000023,166867.775,-12888.725000000006,141678.25,5047.712500000023,-0.3624999999999998,-0.4375,-1.0625,0.8250000000000002,-0.4249999999999998,0.875,-0.8375,0.08749999999999991,-0.2749999999999999,-0.2749999999999999,0.0125,-1.125
-49010.20000000001,176368.34999999998,21178.0,245871.975,3225.3375000000233,14681.337500000023,166786.775,-12803.725000000006,142432.25,4960.712500000023,-0.3624999999999998,-0.4375,-0.0625,-0.17499999999999982,-0.4249999999999998,-0.125,0.1625,0.08749999999999991,-0.2749999999999999,-0.2749999999999999,0.0125,-1.125
-49297.20000000001,176611.34999999998,21176.0,246040.975,3276.3375000000233,14701.337500000023,166989.775,-12905.725000000006,142643.25,4971.712500000023,-0.3624999999999998,-0.4375,-0.0625,-0.17499999999999982,-0.4249999999999998,0.875,0.1625,0.08749999999999991,-0.2749999999999999,0.7250000000000001,0.0125,-0.125
-49476.20000000001,176751.34999999998,21017.0,246047.975,3205.3375000000233,14761.337500000023,167286.775,-12856.725000000006,142983.25,5024.712500000023,0.6375000000000002,-0.4375,0.9375,-0.17499999999999982,-0.4249999999999998,-0.125,-0.8375,0.08749999999999991,-0.2749999999999999,-0.2749999999999999,0.0125,-0.125
-49278.20000000001,176524.34999999998,21254.0,246069.975,3090.3375000000233,14758.337500000023,167023.775,-12890.725000000006,142715.25,4917.712500000023,0.6375000000000002,0.5625,-0.0625,-0.17499999999999982,-0.4249999999999998,-0.125,0.1625,0.08749999999999991,-0.2749999999999999,-0.2749999999999999,0.0125,-0.125
-49526.20000000001,176365.34999999998,21312.0,246117.975,3108.3375000000233,14763.337500000023,166824.775,-12835.725000000006,142635.25,4797.712500000023,0.6375000000000002,-0.4375,-0.0625,-0.17499999999999982,-0.4249999999999998,-0.125,-0.8375,0.08749999999999991,-0.2749999999999999,-0.2749999999999999,0.0125,-1.125
-49795.20000000001,176521.34999999998,21150.0,246265.975,3131.3375000000233,14784.337500000023,166852.775,-12830.725000000006,142827.25,4703.712500000023,0.6375000000000002,0.5625,-0.0625,0.8250000000000002,-0.4249999999999998,-0.125,0.1625,0.08749999999999991,-0.2749999999999999,-0.2749999999999999,0.0125,-0.125
-49877.20000000001,176682.34999999998,21175.0,246386.975,3121.3375000000233,14688.337500000023,167158.775,-12830.725000000006,142945.25,5036.712500000023,0.6375000000000002,0.5625,-0.0625,-0.17499999999999982,-0.4249999999999998,-0.125,0.1625,0.08749999999999991,-0.2749999999999999,-0.2749999999999999,0.0125,-1.125
-49887.20000000001,176816.34999999998,21298.0,246379.975,3182.3375000000233,14732.337500000023,167128.775,-12882.725000000006,142936.25,5237.712500000023,0.6375000000000002,0.5625,-0.0625,0.8250000000000002,-0.4249999999999998,-0.125,0.1625,0.08749999999999991,-0.2749999999999999,-0.2749999999999999,0.0125,0.875
-49844.20000000001,176697.34999999998,21140.0,246414.975,3083.3375000000233,14706.337500000023,166974.775,-13002.725000000006,142694.25,4745.712500000023,0.6375000000000002,0.5625,0.9375,0.8250000000000002,-0.4249999999999998,0.875,0.1625,-0.9125000000000001,0.7250000000000001,-0.2749999999999999,0.0125,-1.125
-49785.20000000001,176439.34999999998,21208.0,246343.975,3080.3375000000233,14788.337500000023,166959.775,-12869.725000000006,142365.25,4773.712500000023,-0.3624999999999998,0.5625,-0.0625,-0.17499999999999982,-0.4249999999999998,-0.125,0.1625,0.08749999999999991,-0.2749999999999999,-0.2749999999999999,0.0125,-1.125
-49728.20000000001,176393.34999999998,21171.0,246501.975,3046.3375000000233,14771.337500000023,166735.775,-12868.725000000006,142576.25,4670.712500000023,0.6375000000000002,0.5625,-0.0625,-0.17499999999999982,-0.4249999999999998,0.875,0.1625,0.08749999999999991,-0.2749999999999999,-0.2749999999999999,0.0125,-0.125
-49729.20000000001,176441.34999999998,21210.0,246563.975,3042.3375000000233,14725.337500000023,166974.775,-12890.725000000006,142714.25,4721.712500000023,-0.3624999999999998,0.5625,0.9375,-0.17499999999999982,-0.4249999999999998,-0.125,0.1625,0.08749999999999991,-0.2749999999999999,-0.2749999999999999,0.0125,0.875
-49829.20000000001,176581.34999999998,21274.0,246558.975,3021.3375000000233,14662.337500000023,167044.775,-12896.725000000006,142767.25,4811.712500000023,0.6375000000000002,0.5625,-0.0625,-0.17499999999999982,-0.4249999999999998,-0.125,0.1625,0.08749999999999991,-0.2749999999999999,-0.2749999999999999,0.0125,0.875
-49811.20000000001,176712.34999999998,21258.0,246566.975,3017.3375000000233,14665.337500000023,166863.775,-12841.725000000006,142769.25,4762.712500000023,-0.3624999999999998,0.5625,-1.0625,-0.17499999999999982,-0.4249999999999998,-0.125,0.1625,0.08749999999999991,-0.2749999999999999,-0.2749999999999999,0.0125,-0.125
-49652.20000000001,176707.34999999998,21340.0,246623.975,3239.3375000000233,14738.337500000023,166802.775,-12765.725000000006,142835.25,4734.712500000023,-0.3624999999999998,0.5625,-0.0625,0.8250000000000002,-0.4249999999999998,-0.125,-0.8375,0.08749999999999991,0.7250000000000001,-0.2749999999999999,0.0125,0.875
-49393.20000000001,176769.34999999998,21408.0,246510.975,3177.3375000000233,14781.337500000023,166873.775,-12827.725000000006,143172.25,4720.712500000023,-0.3624999999999998,-0.4375,0.9375,0.8250000000000002,-0.4249999999999998,0.875,0.1625,0.08749999999999991,-0.2749999999999999,-0.2749999999999999,-0.9875,0.875
-49322.20000000001,176621.34999999998,21228.0,246565.975,3002.3375000000233,14740.337500000023,167006.775,-12966.725000000006,143566.25,4931.712500000023,-0.3624999999999998,-0.4375,0.9375,-0.17499999999999982,-0.4249999999999998,-0.125,-0.8375,0.08749999999999991,0.7250000000000001,-0.2749999999999999,0.0125,-1.125
-49524.20000000001,176735.34999999998,21071.0,246850.975,2490.3375000000233,14634.337500000023,167500.775,-12851.725000000006,143890.25,5172.712500000023,0.6375000000000002,-0.4375,-0.0625,-0.17499999999999982,-0.4249999999999998,-0.125,-0.8375,0.08749999999999991,0.7250000000000001,-0.2749999999999999,0.0125,0.875
-49632.20000000001,176993.34999999998,21024.0,246773.975,2921.3375000000233,14908.337500000023,167665.775,-12837.725000000006,144006.25,5086.712500000023,0.6375000000000002,0.5625,-0.0625,0.8250000000000002,-0.4249999999999998,-0.125,0.1625,0.08749999999999991,-0.2749999999999999,-0.2749999999999999,0.0125,-0.125
-49381.20000000001,177045.34999999998,21302.0,246741.975,3222.3375000000233,14804.337500000023,167279.775,-12874.725000000006,143737.25,4949.712500000023,0.6375000000000002,-0.4375,-1.0625,-0.17499999999999982,0.5750000000000002,-1.125,0.1625,0.08749999999999991,-0.2749999999999999,-0.2749999999999999,0.0125,0.875
-49405.20000000001,176859.34999999998,21265.0,246746.975,3298.3375000000233,14741.337500000023,167021.775,-12844.725000000006,143460.25,4933.712500000023,-0.3624999999999998,0.5625,-0.0625,-0.17499999999999982,-0.4249999999999998,-0.125,0.1625,0.08749999999999991,-0.2749999999999999,0.7250000000000001,0.0125,0.875
-49287.20000000001,176885.34999999998,21351.0,246764.975,3374.3375000000233,14669.337500000023,166930.775,-12923.725000000006,142990.25,4892.712500000023,-0.3624999999999998,-0.4375,-0.0625,-0.17499999999999982,-0.4249999999999998,-1.125,0.1625,0.08749999999999991,-0.2749999999999999,-0.2749999999999999,0.0125,-1.125
-49498.20000000001,176951.34999999998,21388.0,246728.975,3275.3375000000233,14777.337500000023,167136.775,-12884.725000000006,142757.25,4955.712500000023,0.6375000000000002,0.5625,-0.0625,0.8250000000000002,-0.4249999999999998,-0.125,0.1625,0.08749999999999991,-0.2749999999999999,-0.2749999999999999,0.0125,-0.125
-49525.20000000001,177100.34999999998,21336.0,246815.975,3120.3375000000233,14565.337500000023,167453.775,-12824.725000000006,142613.25,4738.712500000023,0.6375000000000002,0.5625,-0.0625,0.8250000000000002,-0.4249999999999998,-0.125,0.1625,0.08749999999999991,0.7250000000000001,-0.2749999999999999,0.0125,0.875
-49640.20000000001,177063.34999999998,21153.0,246644.975,3196.3375000000233,14678.337500000023,166919.775,-12957.725000000006,142444.25,4729.712500000023,-0.3624999999999998,-0.4375,-1.0625,-0.17499999999999982,-0.4249999999999998,-0.125,0.1625,0.08749999999999991,-0.2749999999999999,0.7250000000000001,-0.9875,-0.125
-49684.20000000001,176758.34999999998,21150.0,246575.975,3310.3375000000233,14743.337500000023,167181.775,-12933.725000000006,142691.25,4766.712500000023,0.6375000000000002,0.5625,-1.0625,-0.17499999999999982,0.5750000000000002,-1.125,0.1625,0.08749999999999991,-0.2749999999999999,0.7250000000000001,0.0125,0.875
-49645.20000000001,176705.34999999998,21207.0,246699.975,3325.3375000000233,14863.337500000023,167266.775,-12850.725000000006,142903.25,5038.712500000023,0.6375000000000002,-0.4375,0.9375,-0.17499999999999982,-0.4249999999999998,-1.125,0.1625,0.08749999999999991,-0.2749999999999999,-0.2749999999999999,0.0125,-0.125
-49700.20000000001,176791.34999999998,21290.0,246722.975,3187.3375000000233,14667.337500000023,167403.775,-12711.725000000006,142931.25,5099.712500000023,0.6375000000000002,0.5625,-0.0625,-0.17499999999999982,-0.4249999999999998,-0.125,0.1625,0.08749999999999991,0.7250000000000001,-0.2749999999999999,0.0125,-0.125
-49842.20000000001,176564.34999999998,21240.0,246665.975,3087.3375000000233,14570.337500000023,167196.775,-12802.725000000006,142880.25,5049.712500000023,-0.3624999999999998,-0.4375,-1.0625,-0.17499999999999982,-0.4249999999999998,-1.125,0.1625,0.08749999999999991,-0.2749999999999999,-0.2749999999999999,0.0125,-0.125
-49777.20000000001,176328.34999999998,21437.0,246698.975,3096.3375000000233,14674.337500000023,166888.775,-12878.725000000006,142751.25,4840.712500000023,-0.3624999999999998,-0.4375,-1.0625,0.8250000000000002,0.5750000000000002,-0.125,0.1625,0.08749999999999991,0.7250000000000001,0.7250000000000001,0.0125,0.875
-49743.20000000001,176161.34999999998,21473.0,246737.975,3099.3375000000233,14840.337500000023,166646.775,-12861.725000000006,142866.25,4845.712500000023,-0.3624999999999998,0.5625,0.9375,-0.17499999999999982,-0.4249999999999998,-0.125,-0.8375,0.08749999999999991,0.7250000000000001,-0.2749999999999999,0.0125,-0.125
-49967.20000000001,176249.34999999998,21255.0,246711.975,3176.3375000000233,14675.337500000023,167176.775,-12962.725000000006,142914.25,5034.712500000023,0.6375000000000002,-0.4375,-1.0625,-0.17499999999999982,0.5750000000000002,-0.125,0.1625,0.08749999999999991,0.7250000000000001,-0.2749999999999999,0.0125,-0.125
-50257.20000000001,176759.34999999998,21220.0,246739.975,3134.3375000000233,14637.337500000023,167327.775,-12861.725000000006,142920.25,4991.712500000023,0.6375000000000002,0.5625,-1.0625,-0.17499999999999982,-0.4249999999999998,-0.125,0.1625,0.08749999999999991,0.7250000000000001,0.7250000000000001,-0.9875,-0.125
-50197.20000000001,176891.34999999998,21211.0,247002.975,3093.3375000000233,14554.337500000023,167542.775,-12822.725000000006,143120.25,5001.712500000023,0.6375000000000002,-0.4375,-0.0625,-0.17499999999999982,0.5750000000000002,-0.125,0.1625,0.08749999999999991,-0.2749999999999999,-0.2749999999999999,0.0125,-0.125
-50101.20000000001,176845.34999999998,21354.0,246814.975,3161.3375000000233,14654.337500000023,167354.775,-12863.725000000006,143014.25,4876.712500000023,0.6375000000000002,0.5625,0.9375,-0.17499999999999982,-0.4249999999999998,-0.125,0.1625,0.08749999999999991,0.7250000000000001,0.7250000000000001,0.0125,0.875
-49684.20000000001,176854.34999999998,21344.0,246185.975,3276.3375000000233,14626.337500000023,167029.775,-12858.725000000006,142345.25,4940.712500000023,-0.3624999999999998,0.5625,0.9375,-0.17499999999999982,-0.4249999999999998,-0.125,0.1625,0.08749999999999991,0.7250000000000001,-0.2749999999999999,0.0125,-0.125
-49741.20000000001,177063.34999999998,21383.0,246396.975,3332.3375000000233,14555.337500000023,167259.775,-12837.725000000006,142263.25,5044.712500000023,0.6375000000000002,-0.4375,-0.0625,0.8250000000000002,-0.4249999999999998,-0.125,0.1625,0.08749999999999991,-0.2749999999999999,-0.2749999999999999,0.0125,-0.125
