FPI,SPI,AI,SFI,FFI,FPD,SPD,AD,SFD,FFD,API_X,API_Y,API_Z,APD_X,APD_Y,APD_Z,AFD_X,AFD_Y,AFD_Z,AFI_X,AFI_Y,AFI_Z
19071.61249999999,225.05000000004657,-12190.449999999997,-547.7000000000116,11833.5,32304.92499999999,-92.35000000000582,1558.1124999999884,-541.4749999999985,-15646.575000000012,-0.625,-0.11250000000000004,1.0250000000000057,-0.037499999999999645,-0.40000000000000036,0.5124999999999886,0.0375,0.11249999999999982,0.7250000000000001,-0.30000000000000004,0.0625,0.4625000000000057
19117.61249999999,69.05000000004657,-12112.449999999997,-555.7000000000116,11804.5,32366.92499999999,-16.35000000000582,1481.1124999999884,-320.47499999999854,-15706.575000000012,-0.625,-0.11250000000000004,-0.9749999999999943,-0.037499999999999645,0.5999999999999996,0.5124999999999886,0.0375,0.11249999999999982,-0.2749999999999999,-0.30000000000000004,0.0625,0.4625000000000057
19198.61249999999,118.05000000004657,-12146.449999999997,-536.7000000000116,11819.5,32366.92499999999,74.64999999999418,1463.1124999999884,-398.47499999999854,-15771.575000000012,0.375,-0.11250000000000004,0.025000000000005684,-0.037499999999999645,0.5999999999999996,-0.48750000000001137,0.0375,0.11249999999999982,-0.2749999999999999,0.7,0.0625,0.4625000000000057
19309.61249999999,122.05000000004657,-12169.449999999997,-515.7000000000116,11769.5,32398.92499999999,-35.35000000000582,1477.1124999999884,-481.47499999999854,-15798.575000000012,0.375,-0.11250000000000004,1.0250000000000057,-0.037499999999999645,0.5999999999999996,0.5124999999999886,0.0375,-0.8875000000000002,-0.2749999999999999,0.7,0.0625,0.4625000000000057
19307.61249999999,211.05000000004657,-12137.449999999997,-525.7000000000116,11722.5,32410.92499999999,-155.35000000000582,1437.1124999999884,-299.47499999999854,-15769.575000000012,0.375,-0.11250000000000004,0.025000000000005684,-0.037499999999999645,0.5999999999999996,0.5124999999999886,0.0375,0.11249999999999982,-0.2749999999999999,0.7,0.0625,-0.5374999999999943
19054.61249999999,166.05000000004657,-12096.449999999997,-547.7000000000116,11780.5,32389.92499999999,-77.35000000000582,1449.1124999999884,-283.47499999999854,-15816.575000000012,-0.625,0.8875,-0.9749999999999943,-0.037499999999999645,0.5999999999999996,0.5124999999999886,0.0375,-0.8875000000000002,-0.2749999999999999,-0.30000000000000004,0.0625,-0.5374999999999943
19072.61249999999,201.05000000004657,-12042.449999999997,-528.7000000000116,11637.5,32511.92499999999,-37.35000000000582,1497.1124999999884,-215.47499999999854,-16041.575000000012,-0.625,-0.11250000000000004,0.025000000000005684,0.9625000000000004,-0.40000000000000036,-0.48750000000001137,0.0375,0.11249999999999982,0.7250000000000001,-0.30000000000000004,0.0625,0.4625000000000057
19038.61249999999,100.05000000004657,-12025.449999999997,-557.7000000000116,11649.5,32314.92499999999,28.64999999999418,1516.1124999999884,-202.47499999999854,-16104.575000000012,0.375,-0.11250000000000004,0.025000000000005684,-0.037499999999999645,-0.40000000000000036,0.5124999999999886,0.0375,0.11249999999999982,-0.2749999999999999,-0.30000000000000004,0.0625,-0.5374999999999943
18992.61249999999,166.05000000004657,-12233.449999999997,-403.70000000001164,11774.5,32419.92499999999,103.64999999999418,1560.1124999999884,-95.47499999999854,-15996.575000000012,0.375,-0.11250000000000004,-0.9749999999999943,-0.037499999999999645,0.5999999999999996,-0.48750000000001137,0.0375,0.11249999999999982,-0.2749999999999999,0.7,-0.9375,0.4625000000000057
19127.61249999999,54.050000000046566,-12335.449999999997,-457.70000000001164,11843.5,32477.92499999999,-64.35000000000582,1538.1124999999884,-402.47499999999854,-16017.575000000012,-0.625,-1.1125,1.0250000000000057,-0.037499999999999645,-0.40000000000000036,0.5124999999999886,0.0375,0.11249999999999982,-0.2749999999999999,-0.30000000000000004,-0.9375,0.4625000000000057
19172.61249999999,120.05000000004657,-12420.449999999997,-336.70000000001164,11885.5,32604.92499999999,-96.35000000000582,1452.1124999999884,-339.47499999999854,-15944.575000000012,0.375,-0.11250000000000004,0.025000000000005684,-0.037499999999999645,-0.40000000000000036,0.5124999999999886,0.0375,0.11249999999999982,-0.2749999999999999,-0.30000000000000004,0.0625,-0.5374999999999943
19125.61249999999,258.05000000004657,-12461.449999999997,-219.70000000001164,11953.5,32253.92499999999,-2.3500000000058208,1444.1124999999884,-214.47499999999854,-15867.575000000012,1.375,-0.11250000000000004,0.025000000000005684,-0.037499999999999645,0.5999999999999996,-0.48750000000001137,0.0375,0.11249999999999982,-0.2749999999999999,-0.30000000000000004,0.0625,-0.5374999999999943
19176.61249999999,108.05000000004657,-12349.449999999997,-153.70000000001164,12047.5,32185.92499999999,-64.35000000000582,1329.1124999999884,-300.47499999999854,-15931.575000000012,0.375,-0.11250000000000004,0.025000000000005684,-1.0374999999999996,-0.40000000000000036,0.5124999999999886,0.0375,0.11249999999999982,0.7250000000000001,-0.30000000000000004,-0.9375,-0.5374999999999943
19357.61249999999,-67.94999999995343,-12502.449999999997,-200.70000000001164,11836.5,32311.92499999999,-228.35000000000582,1222.1124999999884,-351.47499999999854,-15974.575000000012,0.375,-0.11250000000000004,0.025000000000005684,-0.037499999999999645,-0.40000000000000036,0.5124999999999886,0.0375,0.11249999999999982,-0.2749999999999999,-0.30000000000000004,0.0625,-0.5374999999999943
19064.61249999999,271.05000000004657,-12332.449999999997,-179.70000000001164,12023.5,32444.92499999999,144.64999999999418,1320.1124999999884,-102.47499999999854,-15949.575000000012,0.375,-0.11250000000000004,0.025000000000005684,0.9625000000000004,-0.40000000000000036,0.5124999999999886,0.0375,0.11249999999999982,-0.2749999999999999,0.7,0.0625,-0.5374999999999943
19106.61249999999,212.05000000004657,-12353.449999999997,47.29999999998836,12084.5,32434.92499999999,15.64999999999418,1267.1124999999884,-59.474999999998545,-15871.575000000012,0.375,-0.11250000000000004,0.025000000000005684,-0.037499999999999645,-0.40000000000000036,-0.48750000000001137,0.0375,0.11249999999999982,-0.2749999999999999,0.7,-0.9375,-0.5374999999999943
19163.61249999999,17.050000000046566,-12353.449999999997,-85.70000000001164,12048.5,32446.92499999999,28.64999999999418,1340.1124999999884,-95.47499999999854,-15954.575000000012,-0.625,-0.11250000000000004,0.025000000000005684,-0.037499999999999645,-0.40000000000000036,-0.48750000000001137,0.0375,0.11249999999999982,-0.2749999999999999,-0.30000000000000004,0.0625,0.4625000000000057
19203.61249999999,-38.949999999953434,-12274.449999999997,-66.70000000001164,11984.5,32539.92499999999,84.64999999999418,1422.1124999999884,179.52500000000146,-15931.575000000012,0.375,-0.11250000000000004,0.025000000000005684,-0.037499999999999645,-0.40000000000000036,0.5124999999999886,0.0375,0.11249999999999982,-0.2749999999999999,-0.30000000000000004,0.0625,-0.5374999999999943
19089.61249999999,68.05000000004657,-12259.449999999997,0.29999999998835847,12086.5,32370.92499999999,171.64999999999418,1457.1124999999884,56.525000000001455,-15924.575000000012,0.375,-0.11250000000000004,-0.9749999999999943,0.9625000000000004,-0.40000000000000036,-0.48750000000001137,0.0375,0.11249999999999982,0.7250000000000001,-0.30000000000000004,0.0625,0.4625000000000057
19242.61249999999,93.05000000004657,-12137.449999999997,67.29999999998836,11812.5,32412.92499999999,110.64999999999418,1525.1124999999884,106.52500000000146,-15985.575000000012,-0.625,0.8875,0.025000000000005684,-0.037499999999999645,-0.40000000000000036,0.5124999999999886,0.0375,0.11249999999999982,-0.2749999999999999,-0.30000000000000004,0.0625,-0.5374999999999943
19303.61249999999,102.05000000004657,-12077.449999999997,60.29999999998836,11822.5,32377.92499999999,-55.35000000000582,1559.1124999999884,220.52500000000146,-15902.575000000012,0.375,-0.11250000000000004,0.025000000000005684,0.9625000000000004,1.5999999999999996,-0.48750000000001137,0.0375,-0.8875000000000002,-0.2749999999999999,0.7,0.0625,0.4625000000000057
19007.61249999999,191.05000000004657,-12097.449999999997,-69.70000000001164,11748.5,32243.92499999999,-180.35000000000582,1415.1124999999884,253.52500000000146,-15957.575000000012,-0.625,0.8875,0.025000000000005684,-0.037499999999999645,0.5999999999999996,-0.48750000000001137,0.0375,0.11249999999999982,0.7250000000000001,0.7,0.0625,-0.5374999999999943
19092.61249999999,128.05000000004657,-12085.449999999997,-114.70000000001164,11703.5,32392.92499999999,-372.3500000000058,1495.1124999999884,241.52500000000146,-15981.575000000012,0.375,0.8875,0.025000000000005684,-0.037499999999999645,0.5999999999999996,-0.48750000000001137,0.0375,0.11249999999999982,-0.2749999999999999,-1.3,0.0625,-0.5374999999999943
19186.61249999999,-47.949999999953434,-12126.449999999997,-187.70000000001164,11667.5,32372.92499999999,-84.35000000000582,1433.1124999999884,104.52500000000146,-15976.575000000012,0.375,-0.11250000000000004,0.025000000000005684,-0.037499999999999645,-0.40000000000000036,1.5124999999999886,0.0375,0.11249999999999982,0.7250000000000001,-0.30000000000000004,0.0625,-0.5374999999999943
19179.61249999999,-191.94999999995343,-12182.449999999997,-163.70000000001164,11655.5,32256.92499999999,158.64999999999418,1522.1124999999884,60.525000000001455,-15957.575000000012,-0.625,0.8875,0.025000000000005684,-0.037499999999999645,0.5999999999999996,0.5124999999999886,0.0375,0.11249999999999982,0.7250000000000001,-0.30000000000000004,0.0625,-0.5374999999999943
19131.61249999999,60.050000000046566,-12190.449999999997,-150.70000000001164,11595.5,32400.92499999999,182.64999999999418,1548.1124999999884,193.52500000000146,-15998.575000000012,-0.625,-0.11250000000000004,0.025000000000005684,-0.037499999999999645,-0.40000000000000036,-0.48750000000001137,0.0375,0.11249999999999982,-0.2749999999999999,-0.30000000000000004,0.0625,0.4625000000000057
19264.61249999999,-12.949999999953434,-12192.449999999997,-219.70000000001164,11646.5,32395.92499999999,72.64999999999418,1484.1124999999884,132.52500000000146,-16052.575000000012,0.375,-0.11250000000000004,-0.9749999999999943,-0.037499999999999645,0.5999999999999996,0.5124999999999886,0.0375,0.11249999999999982,-0.2749999999999999,0.7,0.0625,0.4625000000000057
19202.61249999999,-14.949999999953434,-12014.449999999997,-169.70000000001164,11739.5,32469.92499999999,75.64999999999418,1473.1124999999884,300.52500000000146,-15910.575000000012,0.375,-0.11250000000000004,-0.9749999999999943,0.9625000000000004,0.5999999999999996,1.5124999999999886,0.0375,0.11249999999999982,-0.2749999999999999,-0.30000000000000004,0.0625,0.4625000000000057
19051.61249999999,37.050000000046566,-11995.449999999997,-114.70000000001164,11725.5,32472.92499999999,105.64999999999418,1474.1124999999884,373.52500000000146,-16029.575000000012,-0.625,-0.11250000000000004,-0.9749999999999943,-0.037499999999999645,-0.40000000000000036,-0.48750000000001137,0.0375,0.11249999999999982,-0.2749999999999999,-0.30000000000000004,0.0625,0.4625000000000057
19171.61249999999,84.05000000004657,-12064.449999999997,-36.70000000001164,11621.5,32339.92499999999,34.64999999999418,1445.1124999999884,171.52500000000146,-15999.575000000012,0.375,-0.11250000000000004,0.025000000000005684,-0.037499999999999645,-0.40000000000000036,-0.48750000000001137,0.0375,0.11249999999999982,-0.2749999999999999,-0.30000000000000004,0.0625,-0.5374999999999943
19119.61249999999,22.050000000046566,-12143.449999999997,-42.70000000001164,11491.5,32269.92499999999,-162.35000000000582,1416.1124999999884,263.52500000000146,-15723.575000000012,0.375,-0.11250000000000004,0.025000000000005684,-0.037499999999999645,0.5999999999999996,0.5124999999999886,0.0375,0.11249999999999982,-0.2749999999999999,0.7,0.0625,0.4625000000000057
19119.61249999999,241.05000000004657,-12243.449999999997,-113.70000000001164,11819.5,32367.92499999999,14.64999999999418,1531.1124999999884,225.52500000000146,-15886.575000000012,-0.625,-0.11250000000000004,0.025000000000005684,-1.0374999999999996,0.5999999999999996,-0.48750000000001137,0.0375,0.11249999999999982,-0.2749999999999999,0.7,0.0625,0.4625000000000057
19109.61249999999,108.05000000004657,-12316.449999999997,-138.70000000001164,11789.5,32431.92499999999,67.64999999999418,1530.1124999999884,184.52500000000146,-15989.575000000012,0.375,-0.11250000000000004,0.025000000000005684,-0.037499999999999645,-0.40000000000000036,0.5124999999999886,0.0375,0.11249999999999982,-0.2749999999999999,-0.30000000000000004,0.0625,-1.5374999999999943
19148.61249999999,85.05000000004657,-12170.449999999997,-73.70000000001164,11767.5,32380.92499999999,105.64999999999418,1582.1124999999884,157.52500000000146,-15919.575000000012,-0.625,-0.11250000000000004,0.025000000000005684,-0.037499999999999645,-0.40000000000000036,0.5124999999999886,0.0375,0.11249999999999982,0.7250000000000001,0.7,0.0625,0.4625000000000057
19162.61249999999,-82.94999999995343,-12149.449999999997,40.29999999998836,11830.5,32352.92499999999,152.64999999999418,1462.1124999999884,341.52500000000146,-15842.575000000012,0.375,0.8875,-0.9749999999999943,-0.037499999999999645,-0.40000000000000036,0.5124999999999886,0.0375,0.11249999999999982,-0.2749999999999999,0.7,0.0625,-0.5374999999999943
19243.61249999999,-121.94999999995343,-12296.449999999997,54.29999999998836,11972.5,32243.92499999999,196.64999999999418,1408.1124999999884,223.52500000000146,-15988.575000000012,0.375,-1.1125,0.025000000000005684,-0.037499999999999645,0.5999999999999996,0.5124999999999886,0.0375,0.11249999999999982,-0.2749999999999999,-0.30000000000000004,0.0625,-0.5374999999999943
19232.61249999999,-110.94999999995343,-12428.449999999997,210.29999999998836,12027.5,32507.92499999999,134.64999999999418,1423.1124999999884,159.52500000000146,-15917.575000000012,0.375,-0.11250000000000004,1.0250000000000057,-0.037499999999999645,-0.40000000000000036,0.5124999999999886,0.0375,0.11249999999999982,-0.2749999999999999,0.7,0.0625,0.4625000000000057
19294.61249999999,-96.94999999995343,-12385.449999999997,186.29999999998836,11891.5,32435.92499999999,199.64999999999418,1485.1124999999884,190.52500000000146,-15920.575000000012,0.375,-0.11250000000000004,0.025000000000005684,-0.037499999999999645,-0.40000000000000036,0.5124999999999886,0.0375,-0.8875000000000002,-0.2749999999999999,-0.30000000000000004,0.0625,0.4625000000000057
19259.61249999999,-73.94999999995343,-12292.449999999997,188.29999999998836,11975.5,32262.92499999999,469.6499999999942,1399.1124999999884,356.52500000000146,-15910.575000000012,0.375,-0.11250000000000004,1.0250000000000057,-0.037499999999999645,-0.40000000000000036,0.5124999999999886,0.0375,0.11249999999999982,-0.2749999999999999,-0.30000000000000004,-0.9375,-1.5374999999999943
19326.61249999999,28.050000000046566,-12259.449999999997,211.29999999998836,11911.5,32287.92499999999,132.64999999999418,1458.1124999999884,261.52500000000146,-15889.575000000012,-0.625,0.8875,0.025000000000005684,-0.037499999999999645,0.5999999999999996,-0.48750000000001137,0.0375,-0.8875000000000002,0.7250000000000001,-0.30000000000000004,0.0625,-0.5374999999999943
19233.61249999999,7.050000000046566,-12016.449999999997,229.29999999998836,11905.5,32226.92499999999,13.64999999999418,1526.1124999999884,359.52500000000146,-15898.575000000012,-0.625,-0.11250000000000004,0.025000000000005684,-0.037499999999999645,-0.40000000000000036,0.5124999999999886,0.0375,0.11249999999999982,0.7250000000000001,-0.30000000000000004,-0.9375,0.4625000000000057
18994.61249999999,-49.949999999953434,-12120.449999999997,274.29999999998836,11918.5,32315.92499999999,131.64999999999418,1654.1124999999884,312.52500000000146,-15932.575000000012,0.375,-0.11250000000000004,0.025000000000005684,-0.037499999999999645,-0.40000000000000036,0.5124999999999886,0.0375,0.11249999999999982,-0.2749999999999999,0.7,0.0625,0.4625000000000057
19111.61249999999,-30.949999999953434,-12151.449999999997,291.29999999998836,11926.5,32299.92499999999,341.6499999999942,1485.1124999999884,175.52500000000146,-16040.575000000012,0.375,-0.11250000000000004,0.025000000000005684,-0.037499999999999645,0.5999999999999996,-1.4875000000000114,0.0375,0.11249999999999982,-0.2749999999999999,-0.30000000000000004,0.0625,-0.5374999999999943
19100.61249999999,-19.949999999953434,-12134.449999999997,95.29999999998836,11756.5,32256.92499999999,338.6499999999942,1508.1124999999884,21.525000000001455,-16009.575000000012,0.375,0.8875,0.025000000000005684,-0.037499999999999645,0.5999999999999996,-1.4875000000000114,0.0375,0.11249999999999982,-0.2749999999999999,-0.30000000000000004,0.0625,0.4625000000000057
19120.61249999999,-20.949999999953434,-12223.449999999997,51.29999999998836,11751.5,32217.92499999999,222.64999999999418,1461.1124999999884,-144.47499999999854,-16060.575000000012,0.375,-0.11250000000000004,0.025000000000005684,-0.037499999999999645,-0.40000000000000036,0.5124999999999886,0.0375,1.1124999999999998,-0.2749999999999999,-0.30000000000000004,0.0625,0.4625000000000057
19158.61249999999,-144.94999999995343,-12054.449999999997,-33.70000000001164,11770.5,32309.92499999999,294.6499999999942,1352.1124999999884,-499.47499999999854,-16104.575000000012,0.375,0.8875,0.025000000000005684,-0.037499999999999645,-0.40000000000000036,-0.48750000000001137,0.0375,0.11249999999999982,-0.2749999999999999,-0.30000000000000004,1.0625,0.4625000000000057
19102.61249999999,-130.94999999995343,-11984.449999999997,58.29999999998836,11870.5,32422.92499999999,207.64999999999418,1546.1124999999884,-443.47499999999854,-15990.575000000012,-0.625,0.8875,0.025000000000005684,-0.037499999999999645,0.5999999999999996,-0.48750000000001137,0.0375,0.11249999999999982,-0.2749999999999999,-0.30000000000000004,0.0625,-1.5374999999999943
19030.61249999999,83.05000000004657,-12077.449999999997,-27.70000000001164,11799.5,32407.92499999999,263.6499999999942,1554.1124999999884,-573.4749999999985,-15971.575000000012,0.375,-0.11250000000000004,0.025000000000005684,-0.037499999999999645,0.5999999999999996,-0.48750000000001137,0.0375,1.1124999999999998,-0.2749999999999999,-0.30000000000000004,0.0625,-0.5374999999999943
19146.61249999999,37.050000000046566,-12137.449999999997,-72.70000000001164,11724.5,32461.92499999999,221.64999999999418,1502.1124999999884,-639.4749999999985,-15907.575000000012,0.375,-0.11250000000000004,0.025000000000005684,0.9625000000000004,-0.40000000000000036,-0.48750000000001137,0.0375,0.11249999999999982,-0.2749999999999999,-0.30000000000000004,0.0625,0.4625000000000057
19123.61249999999,-35.949999999953434,-12163.449999999997,31.29999999998836,11693.5,32481.92499999999,281.6499999999942,1565.1124999999884,-668.4749999999985,-15919.575000000012,0.375,-0.11250000000000004,0.025000000000005684,0.9625000000000004,0.5999999999999996,-0.48750000000001137,0.0375,0.11249999999999982,-0.2749999999999999,-0.30000000000000004,0.0625,0.4625000000000057
19063.61249999999,1.0500000000465661,-12089.449999999997,162.29999999998836,11806.5,32497.92499999999,73.64999999999418,1569.1124999999884,-654.4749999999985,-15923.575000000012,0.375,-0.11250000000000004,0.025000000000005684,-0.037499999999999645,-0.40000000000000036,-0.48750000000001137,0.0375,-0.8875000000000002,-0.2749999999999999,-0.30000000000000004,0.0625,-0.5374999999999943
19100.61249999999,129.05000000004657,-12079.449999999997,88.29999999998836,11962.5,32476.92499999999,95.64999999999418,1611.1124999999884,-562.4749999999985,-15891.575000000012,0.375,-0.11250000000000004,-0.9749999999999943,-0.037499999999999645,-0.40000000000000036,-0.48750000000001137,0.0375,0.11249999999999982,0.7250000000000001,-0.30000000000000004,-0.9375,-0.5374999999999943
19197.61249999999,91.05000000004657,-12184.449999999997,25.29999999998836,11952.5,32412.92499999999,112.64999999999418,1425.1124999999884,-680.4749999999985,-15899.575000000012,0.375,-0.11250000000000004,1.0250000000000057,-0.037499999999999645,-0.40000000000000036,0.5124999999999886,0.0375,0.11249999999999982,-0.2749999999999999,-0.30000000000000004,0.0625,1.4625000000000057
19117.61249999999,-54.949999999953434,-12273.449999999997,68.29999999998836,11947.5,32395.92499999999,160.64999999999418,1321.1124999999884,-637.4749999999985,-15973.575000000012,0.375,-0.11250000000000004,-0.9749999999999943,-0.037499999999999645,0.5999999999999996,0.5124999999999886,0.0375,0.11249999999999982,0.7250000000000001,-0.30000000000000004,-0.9375,-0.5374999999999943
19008.61249999999,156.05000000004657,-12374.449999999997,19.29999999998836,12026.5,32410.92499999999,74.64999999999418,1423.1124999999884,-448.47499999999854,-15881.575000000012,0.375,-0.11250000000000004,-0.9749999999999943,-0.037499999999999645,-0.40000000000000036,0.5124999999999886,0.0375,0.11249999999999982,-0.2749999999999999,-0.30000000000000004,-0.9375,-0.5374999999999943
19063.61249999999,92.05000000004657,-12403.449999999997,-37.70000000001164,11977.5,32428.92499999999,38.64999999999418,1439.1124999999884,-344.47499999999854,-15900.575000000012,0.375,-0.11250000000000004,-0.9749999999999943,-0.037499999999999645,-0.40000000000000036,-0.48750000000001137,0.0375,0.11249999999999982,0.7250000000000001,-0.30000000000000004,0.0625,-0.5374999999999943
19057.61249999999,120.05000000004657,-12393.449999999997,-201.70000000001164,12072.5,32445.92499999999,-70.35000000000582,1245.1124999999884,-113.47499999999854,-15949.575000000012,-0.625,-0.11250000000000004,0.025000000000005684,-0.037499999999999645,-0.40000000000000036,-0.48750000000001137,0.0375,-0.8875000000000002,0.7250000000000001,-0.30000000000000004,0.0625,-0.5374999999999943
19154.61249999999,173.05000000004657,-12242.449999999997,-283.70000000001164,12004.5,32331.92499999999,-214.35000000000582,1266.1124999999884,111.52500000000146,-16017.575000000012,0.375,-0.11250000000000004,0.025000000000005684,-0.037499999999999645,-0.40000000000000036,-0.48750000000001137,0.0375,0.11249999999999982,-1.275,-0.30000000000000004,0.0625,0.4625000000000057
19260.61249999999,177.05000000004657,-12226.449999999997,-253.70000000001164,11844.5,32351.92499999999,-164.35000000000582,1377.1124999999884,102.52500000000146,-16044.575000000012,-0.625,-0.11250000000000004,0.025000000000005684,-0.037499999999999645,-0.40000000000000036,0.5124999999999886,0.0375,-0.8875000000000002,-0.2749999999999999,-0.30000000000000004,0.0625,0.4625000000000057
19125.61249999999,177.05000000004657,-12321.449999999997,-255.70000000001164,11861.5,32516.92499999999,-69.35000000000582,1467.1124999999884,69.52500000000146,-15953.575000000012,0.375,0.8875,-0.9749999999999943,-0.037499999999999645,-0.40000000000000036,0.5124999999999886,0.0375,0.11249999999999982,-0.2749999999999999,-0.30000000000000004,0.0625,-0.5374999999999943
19180.61249999999,30.050000000046566,-12348.449999999997,-243.70000000001164,11847.5,32765.92499999999,22.64999999999418,1472.1124999999884,134.52500000000146,-15805.575000000012,-0.625,-0.11250000000000004,0.025000000000005684,0.9625000000000004,0.5999999999999996,0.5124999999999886,0.0375,0.11249999999999982,0.7250000000000001,-0.30000000000000004,0.0625,-0.5374999999999943
19286.61249999999,-2.949999999953434,-12269.449999999997,-201.70000000001164,11845.5,32539.92499999999,-61.35000000000582,1515.1124999999884,-95.47499999999854,-15858.575000000012,-0.625,0.8875,1.0250000000000057,-0.037499999999999645,0.5999999999999996,0.5124999999999886,0.0375,0.11249999999999982,-0.2749999999999999,-0.30000000000000004,-0.9375,0.4625000000000057
19295.61249999999,0.05000000004656613,-12173.449999999997,-170.70000000001164,11873.5,32378.92499999999,45.64999999999418,1603.1124999999884,26.525000000001455,-15923.575000000012,-0.625,-0.11250000000000004,0.025000000000005684,-1.0374999999999996,0.5999999999999996,0.5124999999999886,0.0375,-0.8875000000000002,-0.2749999999999999,-0.30000000000000004,0.0625,-0.5374999999999943
19133.61249999999,-59.949999999953434,-12047.449999999997,-56.70000000001164,11812.5,32386.92499999999,16.64999999999418,1395.1124999999884,154.52500000000146,-15779.575000000012,0.375,-0.11250000000000004,0.025000000000005684,-0.037499999999999645,0.5999999999999996,-0.48750000000001137,0.0375,0.11249999999999982,0.7250000000000001,-0.30000000000000004,0.0625,-0.5374999999999943
19071.61249999999,-31.949999999953434,-12022.449999999997,-154.70000000001164,11745.5,32440.92499999999,-6.350000000005821,1373.1124999999884,197.52500000000146,-15835.575000000012,-0.625,0.8875,1.0250000000000057,-0.037499999999999645,0.5999999999999996,-0.48750000000001137,0.0375,0.11249999999999982,-0.2749999999999999,-0.30000000000000004,0.0625,0.4625000000000057
19119.61249999999,-4.949999999953434,-12059.449999999997,-168.70000000001164,11731.5,32294.92499999999,-38.35000000000582,1543.1124999999884,193.52500000000146,-15831.575000000012,0.375,-0.11250000000000004,0.025000000000005684,-0.037499999999999645,-0.40000000000000036,-0.48750000000001137,0.0375,0.11249999999999982,-0.2749999999999999,-0.30000000000000004,0.0625,0.4625000000000057
19122.61249999999,-98.94999999995343,-11994.449999999997,145.29999999998836,11796.5,32195.92499999999,-3.3500000000058208,1524.1124999999884,-207.47499999999854,-15883.575000000012,-0.625,-0.11250000000000004,0.025000000000005684,-0.037499999999999645,0.5999999999999996,-0.48750000000001137,-0.9625,0.11249999999999982,-0.2749999999999999,-0.30000000000000004,0.0625,-0.5374999999999943
19126.61249999999,-71.94999999995343,-12004.449999999997,194.29999999998836,11740.5,32301.92499999999,53.64999999999418,1529.1124999999884,-163.47499999999854,-15862.575000000012,0.375,-0.11250000000000004,1.0250000000000057,-0.037499999999999645,0.5999999999999996,0.5124999999999886,-0.9625,0.11249999999999982,-0.2749999999999999,-0.30000000000000004,0.0625,-0.5374999999999943
19089.61249999999,30.050000000046566,-12210.449999999997,36.29999999998836,11761.5,32397.92499999999,250.64999999999418,1493.1124999999884,-267.47499999999854,-15822.575000000012,-0.625,-0.11250000000000004,0.025000000000005684,-1.0374999999999996,0.5999999999999996,1.5124999999999886,0.0375,0.11249999999999982,-0.2749999999999999,0.7,0.0625,0.4625000000000057
19200.61249999999,-24.949999999953434,-12152.449999999997,15.299999999988358,11770.5,32441.92499999999,107.64999999999418,1470.1124999999884,-298.47499999999854,-15751.575000000012,0.375,-0.11250000000000004,0.025000000000005684,-0.037499999999999645,-0.40000000000000036,0.5124999999999886,0.0375,0.11249999999999982,-0.2749999999999999,-0.30000000000000004,0.0625,0.4625000000000057
19253.61249999999,-156.94999999995343,-12144.449999999997,-161.70000000001164,11875.5,32306.92499999999,152.64999999999418,1468.1124999999884,-66.47499999999854,-15817.575000000012,0.375,-0.11250000000000004,0.025000000000005684,-0.037499999999999645,-0.40000000000000036,-0.48750000000001137,0.0375,0.11249999999999982,0.7250000000000001,-0.30000000000000004,0.0625,-0.5374999999999943
19314.61249999999,-182.94999999995343,-12283.449999999997,-162.70000000001164,11927.5,32484.92499999999,245.64999999999418,1386.1124999999884,11.525000000001455,-15879.575000000012,-0.625,0.8875,0.025000000000005684,-0.037499999999999645,-0.40000000000000036,0.5124999999999886,0.0375,0.11249999999999982,-0.2749999999999999,-0.30000000000000004,0.0625,-0.5374999999999943
19292.61249999999,-119.94999999995343,-12371.449999999997,31.29999999998836,11876.5,32405.92499999999,215.64999999999418,1376.1124999999884,73.52500000000146,-15741.575000000012,0.375,-0.11250000000000004,0.025000000000005684,-0.037499999999999645,-0.40000000000000036,0.5124999999999886,0.0375,0.11249999999999982,-0.2749999999999999,-0.30000000000000004,0.0625,-0.5374999999999943
19160.61249999999,-96.94999999995343,-12376.449999999997,-9.700000000011642,11919.5,32305.92499999999,158.64999999999418,1497.1124999999884,-132.47499999999854,-15758.575000000012,0.375,-0.11250000000000004,-0.9749999999999943,-0.037499999999999645,0.5999999999999996,0.5124999999999886,0.0375,0.11249999999999982,-0.2749999999999999,-0.30000000000000004,-0.9375,-1.5374999999999943
19229.61249999999,-100.94999999995343,-12323.449999999997,-205.70000000001164,12004.5,32312.92499999999,78.64999999999418,1505.1124999999884,-104.47499999999854,-15855.575000000012,0.375,-1.1125,0.025000000000005684,-0.037499999999999645,-0.40000000000000036,-0.48750000000001137,0.0375,0.11249999999999982,-0.2749999999999999,-0.30000000000000004,0.0625,-0.5374999999999943
19309.61249999999,-269.94999999995343,-12278.449999999997,-229.70000000001164,11955.5,32403.92499999999,173.64999999999418,1360.1124999999884,-65.47499999999854,-15942.575000000012,0.375,0.8875,0.025000000000005684,-0.037499999999999645,-0.40000000000000036,0.5124999999999886,0.0375,-0.8875000000000002,-0.2749999999999999,0.7,0.0625,0.4625000000000057
19257.61249999999,-483.94999999995343,-12247.449999999997,-85.70000000001164,11801.5,32326.92499999999,214.64999999999418,1389.1124999999884,-56.474999999998545,-15933.575000000012,0.375,-0.11250000000000004,0.025000000000005684,-0.037499999999999645,0.5999999999999996,0.5124999999999886,0.0375,0.11249999999999982,-0.2749999999999999,-0.30000000000000004,0.0625,-0.5374999999999943
19250.61249999999,-264.94999999995343,-12227.449999999997,38.29999999998836,11898.5,32400.92499999999,248.64999999999418,1368.1124999999884,-126.47499999999854,-15875.575000000012,0.375,-0.11250000000000004,0.025000000000005684,0.9625000000000004,-0.40000000000000036,0.5124999999999886,0.0375,0.11249999999999982,-0.2749999999999999,0.7,0.0625,0.4625000000000057
19172.61249999999,-212.94999999995343,-12324.449999999997,-148.70000000001164,11841.5,32386.92499999999,173.64999999999418,1473.1124999999884,-129.47499999999854,-15807.575000000012,0.375,-0.11250000000000004,0.025000000000005684,-0.037499999999999645,-0.40000000000000036,-0.48750000000001137,0.0375,0.11249999999999982,-0.2749999999999999,-0.30000000000000004,0.0625,-0.5374999999999943
19137.61249999999,-264.94999999995343,-12282.449999999997,-96.70000000001164,11905.5,32290.92499999999,112.64999999999418,1505.1124999999884,-39.474999999998545,-15978.575000000012,0.375,-0.11250000000000004,0.025000000000005684,-0.037499999999999645,0.5999999999999996,-0.48750000000001137,0.0375,0.11249999999999982,-0.2749999999999999,-0.30000000000000004,0.0625,-0.5374999999999943
19252.61249999999,-276.94999999995343,-12293.449999999997,16.29999999998836,11980.5,32271.92499999999,196.64999999999418,1465.1124999999884,-98.47499999999854,-15931.575000000012,0.375,-0.11250000000000004,1.0250000000000057,-0.037499999999999645,-0.40000000000000036,-1.4875000000000114,0.0375,0.11249999999999982,-0.2749999999999999,0.7,0.0625,1.4625000000000057
19257.61249999999,-262.94999999995343,-12209.449999999997,-68.70000000001164,11991.5,32364.92499999999,138.64999999999418,1455.1124999999884,-62.474999999998545,-15992.575000000012,0.375,-0.11250000000000004,-0.9749999999999943,-0.037499999999999645,-0.40000000000000036,-0.48750000000001137,0.0375,0.11249999999999982,0.7250000000000001,-0.30000000000000004,0.0625,-0.5374999999999943
19272.61249999999,-210.94999999995343,-12111.449999999997,-157.70000000001164,11977.5,32284.92499999999,90.64999999999418,1480.1124999999884,-93.47499999999854,-15913.575000000012,-0.625,0.8875,0.025000000000005684,-0.037499999999999645,0.5999999999999996,0.5124999999999886,0.0375,-0.8875000000000002,-0.2749999999999999,-0.30000000000000004,0.0625,-0.5374999999999943
19280.61249999999,-276.94999999995343,-12062.449999999997,-118.70000000001164,11749.5,32399.92499999999,54.64999999999418,1459.1124999999884,-122.47499999999854,-15923.575000000012,-0.625,-0.11250000000000004,-0.9749999999999943,-0.037499999999999645,0.5999999999999996,1.5124999999999886,0.0375,0.11249999999999982,0.7250000000000001,0.7,0.0625,-0.5374999999999943
19196.61249999999,-260.94999999995343,-12241.449999999997,-13.700000000011642,11818.5,32439.92499999999,85.64999999999418,1556.1124999999884,-123.47499999999854,-15997.575000000012,-0.625,-0.11250000000000004,0.025000000000005684,-0.037499999999999645,-0.40000000000000036,0.5124999999999886,0.0375,0.11249999999999982,0.7250000000000001,-0.30000000000000004,-0.9375,-0.5374999999999943
19133.61249999999,-176.94999999995343,-12160.449999999997,-30.70000000001164,11817.5,32408.92499999999,46.64999999999418,1467.1124999999884,-188.47499999999854,-15996.575000000012,0.375,-0.11250000000000004,0.025000000000005684,-1.0374999999999996,0.5999999999999996,0.5124999999999886,0.0375,0.11249999999999982,-0.2749999999999999,0.7,0.0625,-0.5374999999999943
19287.61249999999,-235.94999999995343,-12086.449999999997,-169.70000000001164,11703.5,32359.92499999999,43.64999999999418,1488.1124999999884,-378.47499999999854,-16097.575000000012,0.375,0.8875,1.0250000000000057,-0.037499999999999645,0.5999999999999996,-0.48750000000001137,0.0375,0.11249999999999982,0.7250000000000001,-0.30000000000000004,0.0625,0.4625000000000057
19300.61249999999,-253.94999999995343,-12143.449999999997,-251.70000000001164,11560.5,32376.92499999999,-66.35000000000582,1489.1124999999884,-614.4749999999985,-16142.575000000012,-0.625,-0.11250000000000004,0.025000000000005684,-0.037499999999999645,-0.40000000000000036,0.5124999999999886,0.0375,0.11249999999999982,-0.2749999999999999,0.7,0.0625,0.4625000000000057
19060.61249999999,-201.94999999995343,-12165.449999999997,-366.70000000001164,11744.5,32499.92499999999,6.649999999994179,1532.1124999999884,-599.4749999999985,-16127.575000000012,0.375,-0.11250000000000004,0.025000000000005684,-0.037499999999999645,0.5999999999999996,0.5124999999999886,0.0375,0.11249999999999982,0.7250000000000001,-0.30000000000000004,0.0625,-0.5374999999999943
19102.61249999999,-224.94999999995343,-12151.449999999997,-403.70000000001164,11778.5,32527.92499999999,26.64999999999418,1450.1124999999884,-777.4749999999985,-16093.575000000012,-0.625,0.8875,0.025000000000005684,-0.037499999999999645,0.5999999999999996,0.5124999999999886,0.0375,0.11249999999999982,-0.2749999999999999,-0.30000000000000004,0.0625,-0.5374999999999943
19051.61249999999,-91.94999999995343,-12161.449999999997,-391.70000000001164,11881.5,32471.92499999999,149.64999999999418,1481.1124999999884,-886.4749999999985,-16111.575000000012,1.375,-0.11250000000000004,-0.9749999999999943,2.9625000000000004,0.5999999999999996,1.5124999999999886,0.0375,-0.8875000000000002,-0.2749999999999999,-0.30000000000000004,1.0625,0.4625000000000057
18873.61249999999,261.05000000004657,-12111.449999999997,-263.70000000001164,12250.5,32252.92499999999,329.6499999999942,1415.1124999999884,-798.4749999999985,-15913.575000000012,-1.625,-0.11250000000000004,-2.9749999999999943,-0.037499999999999645,-1.4000000000000004,-0.48750000000001137,0.0375,0.11249999999999982,0.7250000000000001,2.7,-0.9375,-0.5374999999999943
19087.61249999999,-303.94999999995343,-12271.449999999997,-419.70000000001164,12167.5,32799.92499999999,-669.3500000000058,1700.1124999999884,-1543.4749999999985,-16414.57500000001,1.375,-1.1125,-1.9749999999999943,1.9625000000000004,1.5999999999999996,0.5124999999999886,0.0375,0.11249999999999982,0.7250000000000001,-0.30000000000000004,-0.9375,0.4625000000000057
20372.61249999999,-1068.9499999999534,-12480.449999999997,-1399.7000000000116,11239.5,32997.92499999999,-729.3500000000058,1800.1124999999884,-1227.4749999999985,-16615.57500000001,0.375,-0.11250000000000004,2.0250000000000057,-0.037499999999999645,1.5999999999999996,2.5124999999999886,0.0375,0.11249999999999982,-0.2749999999999999,-1.3,0.0625,-0.5374999999999943
19411.61249999999,-115.94999999995343,-12277.449999999997,-579.7000000000116,11935.5,31978.92499999999,232.64999999999418,1467.1124999999884,-202.47499999999854,-15767.575000000012,0.375,-1.1125,-1.9749999999999943,-1.0374999999999996,-2.4000000000000004,2.5124999999999886,-0.9625,0.11249999999999982,-0.2749999999999999,-0.30000000000000004,0.0625,2.4625000000000057
18610.61249999999,552.0500000000466,-12153.449999999997,-14.700000000011642,11994.5,31883.92499999999,723.6499999999942,1231.1124999999884,-40.474999999998545,-15772.575000000012,0.375,0.8875,1.0250000000000057,1.9625000000000004,0.5999999999999996,0.5124999999999886,0.0375,0.11249999999999982,-0.2749999999999999,-0.30000000000000004,1.0625,0.4625000000000057
18880.61249999999,59.050000000046566,-12320.449999999997,-28.70000000001164,11572.5,32058.92499999999,379.6499999999942,1440.1124999999884,114.52500000000146,-16201.575000000012,-0.625,-3.1125,-0.9749999999999943,1.9625000000000004,-0.40000000000000036,0.5124999999999886,0.0375,0.11249999999999982,0.7250000000000001,0.7,0.0625,0.4625000000000057
19183.61249999999,-167.94999999995343,-12490.449999999997,-552.7000000000116,10838.5,31551.92499999999,-98.35000000000582,1372.1124999999884,-301.47499999999854,-17846.57500000001,0.375,-2.1125,0.025000000000005684,-1.0374999999999996,-1.4000000000000004,3.5124999999999886,0.0375,-0.8875000000000002,0.7250000000000001,-0.30000000000000004,-0.9375,0.4625000000000057
18491.61249999999,-553.9499999999534,-12266.449999999997,-22.70000000001164,10891.5,30228.92499999999,-67.35000000000582,1200.1124999999884,296.52500000000146,-18706.57500000001,0.375,-1.1125,-4.974999999999994,-0.037499999999999645,-1.4000000000000004,0.5124999999999886,0.0375,-0.8875000000000002,-0.2749999999999999,0.7,-0.9375,-1.5374999999999943
18008.61249999999,41.050000000046566,-12150.449999999997,229.29999999998836,11083.5,30638.92499999999,410.6499999999942,1223.1124999999884,435.52500000000146,-18051.57500000001,-0.625,0.8875,1.0250000000000057,-0.037499999999999645,1.5999999999999996,-0.48750000000001137,0.0375,0.11249999999999982,-0.2749999999999999,-0.30000000000000004,1.0625,-0.5374999999999943
19028.61249999999,-447.94999999995343,-12388.449999999997,-277.70000000001164,10688.5,31403.92499999999,-503.3500000000058,1398.1124999999884,-147.47499999999854,-18251.57500000001,-0.625,-1.1125,3.0250000000000057,-0.037499999999999645,0.5999999999999996,-0.48750000000001137,0.0375,0.11249999999999982,-0.2749999999999999,-1.3,2.0625,-0.5374999999999943
18687.61249999999,182.05000000004657,-12109.449999999997,-229.70000000001164,11315.5,31224.92499999999,200.64999999999418,1396.1124999999884,-44.474999999998545,-17208.57500000001,0.375,-0.11250000000000004,0.025000000000005684,-1.0374999999999996,-0.40000000000000036,-0.48750000000001137,0.0375,0.11249999999999982,-0.2749999999999999,0.7,0.0625,0.4625000000000057
18159.61249999999,230.05000000004657,-11966.449999999997,304.29999999998836,11354.5,31250.92499999999,466.6499999999942,1306.1124999999884,905.5250000000015,-15855.575000000012,-0.625,-1.1125,-1.9749999999999943,-1.0374999999999996,0.5999999999999996,0.5124999999999886,0.0375,-0.8875000000000002,-0.2749999999999999,-0.30000000000000004,-0.9375,-1.5374999999999943
18743.61249999999,-426.94999999995343,-12255.449999999997,96.29999999998836,11078.5,32118.92499999999,54.64999999999418,1369.1124999999884,171.52500000000146,-16027.575000000012,1.375,2.8875,1.0250000000000057,-14.0375,53.6,39.51249999999999,0.0375,0.11249999999999982,-0.2749999999999999,2.7,2.0625,-4.537499999999994
18176.61249999999,396.05000000004657,-12015.449999999997,736.2999999999884,11312.5,45686.92499999999,2139.649999999994,1280.1124999999884,231.52500000000146,-15724.575000000012,-0.625,4.8875,3.0250000000000057,-37.0375,-34.4,-17.48750000000001,0.0375,0.11249999999999982,-0.2749999999999999,-4.3,2.0625,0.4625000000000057
19134.61249999999,-360.94999999995343,-12487.449999999997,-304.70000000001164,11376.5,142905.925,54762.649999999994,1811.1124999999884,-876.4749999999985,-16120.575000000012,43.375,3.8875,-126.975,45.9625,19.6,13.512499999999989,-1.9625,1.1124999999999998,-0.2749999999999999,-0.30000000000000004,-5.9375,9.462500000000006
20023.61249999999,2695.0500000000466,-12642.449999999997,-229.70000000001164,15525.5,328226.925,169149.65,834.1124999999884,443.52500000000146,-12263.575000000012,3.375,45.8875,54.025000000000006,11.9625,-28.4,28.51249999999999,1.0375,-1.8875000000000002,1.725,-9.3,1.0625,1.4625000000000057
34309.61249999999,76612.05000000005,-12075.449999999997,1034.2999999999884,12072.5,427302.925,251856.65,1203.1124999999884,1790.5250000000015,-11956.575000000012,1.375,-0.11250000000000004,3.0250000000000057,-41.0375,1.5999999999999996,18.51249999999999,-0.9625,-0.8875000000000002,-1.275,-6.3,8.0625,-9.537499999999994
12668.612499999988,180504.05000000005,-4727.449999999997,934.2999999999884,10834.5,349915.925,210379.65,-1262.8875000000116,1134.5250000000015,-14786.575000000012,-20.625,11.8875,21.025000000000006,11.9625,13.6,-21.48750000000001,0.0375,-0.8875000000000002,-0.2749999999999999,10.7,5.0625,10.462500000000006
3858.6124999999884,138095.05000000005,-5897.449999999997,-1175.7000000000116,8520.5,170064.925,150096.65,1758.1124999999884,-1127.4749999999985,-13512.575000000012,10.375,-1.1125,-66.975,-13.0375,-22.4,24.51249999999999,0.0375,-0.8875000000000002,0.7250000000000001,-4.3,-1.9375,-2.5374999999999943
938.6124999999884,63532.05000000005,-8371.449999999997,-196.70000000001164,11649.5,84342.92499999999,127723.65,2190.1124999999884,-2528.4749999999985,-19376.57500000001,-7.625,-27.1125,8.025000000000006,9.9625,16.6,-4.487500000000011,0.0375,0.11249999999999982,-1.275,2.7,-5.9375,10.462500000000006
-6872.387500000012,5327.050000000047,-13031.449999999997,969.2999999999884,13599.5,82148.92499999999,127318.65,-14.887500000011642,2664.5250000000015,-11344.575000000012,12.375,-3.1125,-23.974999999999994,12.9625,7.6,-24.48750000000001,0.0375,-0.8875000000000002,-0.2749999999999999,0.7,1.0625,-3.5374999999999943
-8453.387500000012,1908.0500000000466,-12318.449999999997,729.2999999999884,10370.5,58554.92499999999,77200.65,1116.1124999999884,-142.47499999999854,-16394.57500000001,6.375,0.8875,-21.974999999999994,-0.037499999999999645,-1.4000000000000004,6.512499999999989,0.0375,0.11249999999999982,0.7250000000000001,4.7,3.0625,-5.537499999999994
3195.6124999999884,13730.050000000047,-14120.449999999997,-1437.7000000000116,12011.5,81169.92499999999,108458.65,2867.1124999999884,-410.47499999999854,-15896.575000000012,10.375,20.8875,-3.9749999999999943,13.9625,-18.4,-12.487500000000011,-0.9625,0.11249999999999982,0.7250000000000001,-2.3,-1.9375,-3.5374999999999943
23050.61249999999,78869.05000000005,-11077.449999999997,1603.2999999999884,12647.5,83552.92499999999,189689.65,2124.1124999999884,1698.5250000000015,-13143.575000000012,-1.625,5.8875,-0.9749999999999943,-2.0374999999999996,6.6,6.512499999999989,0.0375,0.11249999999999982,0.7250000000000001,5.7,-0.9375,-0.5374999999999943
35879.61249999999,127824.05000000005,-8286.449999999997,-2.7000000000116415,10654.5,88949.92499999999,210923.65,3067.1124999999884,-218.47499999999854,-14088.575000000012,7.375,-1.1125,-12.974999999999994,7.9625,-3.4000000000000004,-16.48750000000001,0.0375,-0.8875000000000002,1.725,-3.3,0.0625,-3.5374999999999943
40410.61249999999,129715.05000000005,-9505.449999999997,-864.7000000000116,8326.5,89239.92499999999,181390.65,3415.1124999999884,-1589.4749999999985,-17556.57500000001,-1.625,1.8875,1.0250000000000057,-4.0375,1.5999999999999996,9.512499999999989,0.0375,-0.8875000000000002,-0.2749999999999999,-0.30000000000000004,-0.9375,4.462500000000006
-4320.387500000012,12911.050000000047,-11466.449999999997,983.2999999999884,11202.5,60700.92499999999,152945.65,3197.1124999999884,57.525000000001455,-14054.575000000012,5.375,-2.1125,-2.9749999999999943,7.9625,5.6,-22.48750000000001,0.0375,0.11249999999999982,-0.2749999999999999,-0.30000000000000004,0.0625,-2.5374999999999943
-1314.3875000000116,22847.050000000047,-11984.449999999997,-608.7000000000116,9518.5,55637.92499999999,151734.65,3537.1124999999884,-1467.4749999999985,-16845.57500000001,3.375,14.8875,13.025000000000006,-15.0375,-2.4000000000000004,15.512499999999989,0.0375,0.11249999999999982,-0.2749999999999999,0.7,1.0625,2.4625000000000057
10564.612499999988,75181.05000000005,-11476.449999999997,-745.7000000000116,10214.5,50486.92499999999,143773.65,2888.1124999999884,-186.47499999999854,-16217.575000000012,-2.625,6.8875,5.025000000000006,9.9625,5.6,3.5124999999999886,0.0375,-0.8875000000000002,0.7250000000000001,-2.3,1.0625,-2.5374999999999943
19438.61249999999,109233.05000000005,-9435.449999999997,897.2999999999884,10740.5,47977.92499999999,163445.65,2482.1124999999884,631.5250000000015,-14781.575000000012,3.375,-5.1125,-12.974999999999994,-15.0375,0.5999999999999996,36.51249999999999,0.0375,0.11249999999999982,-0.2749999999999999,-3.3,-1.9375,10.462500000000006
19653.61249999999,120194.05000000005,-9207.449999999997,158.29999999998836,9962.5,47182.92499999999,188775.65,2665.1124999999884,-286.47499999999854,-15356.575000000012,2.375,-10.1125,-32.974999999999994,-26.0375,-16.4,-12.487500000000011,0.0375,-0.8875000000000002,-0.2749999999999999,-1.3,0.0625,5.462500000000006
8727.612499999988,97218.05000000005,-10200.449999999997,252.29999999998836,9563.5,34923.92499999999,164162.65,3207.1124999999884,-598.4749999999985,-15364.575000000012,-11.625,2.8875,25.025000000000006,1.9625000000000004,-7.4,-15.487500000000011,0.0375,0.11249999999999982,0.7250000000000001,-2.3,0.0625,5.462500000000006
172.61249999998836,58260.05000000005,-10983.449999999997,-190.70000000001164,10377.5,21011.92499999999,168511.65,3008.1124999999884,-301.47499999999854,-15289.575000000012,6.375,-3.1125,-4.974999999999994,7.9625,1.5999999999999996,-3.4875000000000114,0.0375,0.11249999999999982,-0.2749999999999999,-0.30000000000000004,3.0625,-4.537499999999994
-11134.387500000012,48915.05000000005,-10859.449999999997,375.29999999998836,11116.5,14145.924999999988,163919.65,3042.1124999999884,338.52500000000146,-14342.575000000012,-0.625,25.8875,8.025000000000006,-10.0375,1.5999999999999996,44.51249999999999,0.0375,0.11249999999999982,0.7250000000000001,-1.3,-1.9375,-2.5374999999999943
-13962.387500000012,41651.05000000005,-11589.449999999997,-152.70000000001164,10209.5,12286.924999999988,165726.65,2934.1124999999884,-559.4749999999985,-15363.575000000012,4.375,7.8875,-8.974999999999994,-14.0375,-12.4,41.51249999999999,0.0375,-0.8875000000000002,-0.2749999999999999,-0.30000000000000004,-11.9375,1.4625000000000057
-19151.38750000001,77762.05000000005,-9836.449999999997,-646.7000000000116,10550.5,8351.924999999988,174500.65,2873.1124999999884,-416.47499999999854,-15703.575000000012,-3.625,6.8875,22.025000000000006,-2.0374999999999996,9.6,-5.487500000000011,0.0375,0.11249999999999982,-0.2749999999999999,-1.3,-12.9375,1.4625000000000057
-25624.38750000001,53981.05000000005,-10281.449999999997,111.29999999998836,11760.5,5198.924999999988,187754.65,3044.1124999999884,-1654.4749999999985,-14155.575000000012,10.375,15.8875,-1.9749999999999943,5.9625,-6.4,-36.48750000000001,0.0375,0.11249999999999982,0.7250000000000001,-1.3,15.0625,9.462500000000006
-23011.38750000001,48660.05000000005,-12268.449999999997,-1668.7000000000116,11665.5,1365.9249999999884,177489.65,2204.1124999999884,-906.4749999999985,-15186.575000000012,-5.625,-9.1125,26.025000000000006,-0.037499999999999645,-0.40000000000000036,-19.48750000000001,0.0375,0.11249999999999982,-0.2749999999999999,0.7,-2.9375,9.462500000000006
-27850.38750000001,52395.05000000005,-11324.449999999997,194.29999999998836,12944.5,-9578.075000000012,196102.65,2315.1124999999884,-753.4749999999985,-13842.575000000012,-1.625,4.8875,23.025000000000006,-7.0375,-10.4,16.51249999999999,-0.9625,1.1124999999999998,-2.275,-0.30000000000000004,2.0625,14.462500000000006
-50785.38750000001,82827.05000000005,-10488.449999999997,192.29999999998836,12975.5,-14992.075000000012,187580.65,1458.1124999999884,947.5250000000015,-12854.575000000012,0.375,-3.1125,-8.974999999999994,14.9625,3.5999999999999996,-22.48750000000001,0.0375,-0.8875000000000002,0.7250000000000001,1.7,-0.9375,4.462500000000006
-53199.38750000001,86211.05000000005,-10590.449999999997,-362.70000000001164,11885.5,-22535.07500000001,184632.65,1207.1124999999884,-1930.4749999999985,-15484.575000000012,2.375,5.8875,-11.974999999999994,-15.0375,19.6,7.512499999999989,0.0375,0.11249999999999982,-0.2749999999999999,0.7,-6.9375,5.462500000000006
-48533.38750000001,73674.05000000005,-11312.449999999997,-666.7000000000116,12574.5,-27898.07500000001,182836.65,1310.1124999999884,-447.47499999999854,-13945.575000000012,-11.625,-2.1125,27.025000000000006,4.9625,-4.4,-17.48750000000001,0.0375,-0.8875000000000002,0.7250000000000001,-0.30000000000000004,5.0625,-3.5374999999999943
-58071.38750000001,72180.05000000005,-10593.449999999997,229.29999999998836,13084.5,-33025.07500000001,192330.65,1634.1124999999884,10.525000000001455,-13910.575000000012,14.375,3.8875,-7.974999999999994,12.9625,-2.4000000000000004,-17.48750000000001,0.0375,0.11249999999999982,-0.2749999999999999,4.7,2.0625,-5.537499999999994
-66242.38750000001,82943.05000000005,-10524.449999999997,-294.70000000001164,12827.5,-26617.07500000001,182535.65,1081.1124999999884,-205.47499999999854,-13478.575000000012,-2.625,-9.1125,-13.974999999999994,6.9625,-18.4,4.512499999999989,0.0375,0.11249999999999982,0.7250000000000001,1.7,0.0625,-13.537499999999994
-27362.38750000001,58137.05000000005,-12626.449999999997,-111.70000000001164,12144.5,-4133.075000000012,132905.65,393.11249999998836,-895.4749999999985,-14738.575000000012,0.375,7.8875,4.025000000000006,-14.0375,3.5999999999999996,11.512499999999989,-0.9625,1.1124999999999998,-0.2749999999999999,0.7,3.0625,-3.5374999999999943
1736.6124999999884,6656.050000000047,-11736.449999999997,-914.7000000000116,12310.5,13811.924999999988,1511.6499999999942,-7434.887500000012,-59.474999999998545,-13978.575000000012,2.375,-15.1125,2.0250000000000057,19.9625,1.5999999999999996,-8.487500000000011,0.0375,-1.8875000000000002,-0.2749999999999999,1.7,-1.9375,-0.5374999999999943
1418.6124999999884,908.0500000000466,-8234.449999999997,84.29999999998836,11999.5,9413.924999999988,-101.35000000000582,-12205.887500000012,-794.4749999999985,-13808.575000000012,5.375,1.8875,-16.974999999999994,14.9625,-25.4,-416.4875,0.0375,0.11249999999999982,-0.2749999999999999,-0.30000000000000004,-0.9375,-18.537499999999994
-181.38750000001164,713.0500000000466,-6725.449999999997,468.29999999998836,12754.5,25739.92499999999,26808.649999999994,-15142.887500000012,464.52500000000146,-11025.575000000012,-42.625,53.8875,-212.975,-31.0375,-75.4,-19.48750000000001,-1.9625,1.1124999999999998,0.7250000000000001,-3.3,-12.9375,18.462500000000006
37665.61249999999,182103.05000000005,-10694.449999999997,-734.7000000000116,3735.5,461025.925,211846.65,-122363.88750000001,765.5250000000015,-11095.575000000012,57.375,24.8875,-154.975,-38.0375,-6.4,27.51249999999999,-1.9625,0.11249999999999982,-1.275,34.7,4.0625,54.462500000000006
38208.61249999999,264987.05000000005,-10145.449999999997,2048.2999999999884,19303.5,380045.925,232988.65,-135399.8875,-889.4749999999985,-3423.5750000000116,11.375,20.8875,-29.974999999999994,39.9625,87.6,27.51249999999999,1.0375,-1.8875000000000002,3.725,30.7,10.0625,49.462500000000006
99722.61249999999,257794.05000000005,682.5500000000029,-246.70000000001164,8050.5,28172.92499999999,144818.65,-64629.88750000001,3504.5250000000015,-3513.5750000000116,-3.625,-23.1125,-15.974999999999994,-33.0375,14.6,11.512499999999989,-0.9625,1.1124999999999998,-0.2749999999999999,-19.3,-8.9375,-32.537499999999994
87388.61249999999,179337.05000000005,11534.550000000003,-2452.7000000000116,9759.5,60972.92499999999,136554.65,-3718.8875000000116,1754.5250000000015,-509.57500000001164,6.375,-19.1125,7.025000000000006,-57.0375,-47.4,-26.48750000000001,0.0375,-0.8875000000000002,1.725,-13.3,6.0625,-25.537499999999994
79034.61249999999,155661.05000000005,11250.550000000003,2707.2999999999884,12037.5,49628.92499999999,99053.65,-7749.887500000012,-242.47499999999854,-670.5750000000116,-45.625,71.8875,83.025,11.9625,27.6,-79.48750000000001,0.0375,0.11249999999999982,0.7250000000000001,-9.3,-24.9375,-2.5374999999999943
43964.61249999999,84300.05000000005,1939.550000000003,-141.70000000001164,12745.5,73509.92499999999,55189.649999999994,-11417.887500000012,2479.5250000000015,1470.4249999999884,41.375,-28.1125,4.025000000000006,-15.0375,-135.4,-204.4875,0.0375,-2.8875,0.7250000000000001,16.7,-9.9375,22.462500000000006
45200.61249999999,-2503.9499999999534,-3787.449999999997,-2119.7000000000116,9743.5,88284.92499999999,11062.649999999994,-13578.887500000012,-3744.4749999999985,-1450.5750000000116,37.375,38.8875,-26.974999999999994,1.9625000000000004,-21.4,-217.4875,1.0375,1.1124999999999998,3.725,-22.3,-12.9375,13.462500000000006
41773.61249999999,8753.050000000047,-1498.449999999997,724.2999999999884,12190.5,56450.92499999999,-1498.3500000000058,-19963.88750000001,-868.4749999999985,-1127.5750000000116,-16.625,-4.1125,26.025000000000006,-3.0374999999999996,16.6,-129.4875,-0.9625,2.1125,-0.2749999999999999,-12.3,-26.9375,13.462500000000006
52777.61249999999,88870.05000000005,1626.550000000003,1309.2999999999884,7290.5,13817.924999999988,27801.649999999994,-13812.887500000012,-1406.4749999999985,-2383.5750000000116,-32.625,1.8875,34.025000000000006,-83.0375,-36.4,-37.48750000000001,-0.9625,0.11249999999999982,-1.275,1.7,-8.9375,39.462500000000006
82893.61249999999,199955.05000000005,14675.550000000003,-1225.7000000000116,9955.5,9321.924999999988,150912.65,-14891.887500000012,-381.47499999999854,-3853.5750000000116,19.375,8.8875,-47.974999999999994,97.9625,35.6,-94.48750000000001,0.0375,-0.8875000000000002,1.725,-9.3,-27.9375,42.462500000000006
40779.61249999999,180887.05000000005,17405.550000000003,2281.2999999999884,6048.5,60660.92499999999,187300.65,-25725.88750000001,2204.5250000000015,2149.4249999999884,-0.625,21.8875,44.025000000000006,0.9625000000000004,-28.4,65.51249999999999,-0.9625,1.1124999999999998,0.7250000000000001,3.7,7.0625,10.462500000000006
46647.61249999999,258349.05000000005,23133.550000000003,2896.2999999999884,11458.5,-2364.0750000000116,230681.65,-22441.88750000001,1106.5250000000015,-2567.5750000000116,-9.625,19.8875,20.025000000000006,-15.0375,-13.4,54.51249999999999,0.0375,0.11249999999999982,-1.275,6.7,0.0625,-13.537499999999994
33494.61249999999,215801.05000000005,20483.550000000003,-264.70000000001164,10025.5,691.9249999999884,205296.65,-20265.88750000001,-1182.4749999999985,-3160.5750000000116,2.375,-11.1125,-11.974999999999994,4.9625,-3.4000000000000004,-6.487500000000011,0.0375,-0.8875000000000002,0.7250000000000001,-2.3,-5.9375,-8.537499999999994
22657.61249999999,217326.05000000005,17291.550000000003,-1346.7000000000116,9411.5,22803.92499999999,220862.65,-21865.88750000001,-1397.4749999999985,-2387.5750000000116,-6.625,-1.1125,31.025000000000006,-5.0375,-5.4,5.512499999999989,-0.9625,0.11249999999999982,0.7250000000000001,-8.3,3.0625,-7.537499999999994
21794.61249999999,179373.05000000005,16957.550000000003,3745.2999999999884,13097.5,33652.92499999999,167792.65,-23651.88750000001,2401.5250000000015,1307.4249999999884,2.375,-0.11250000000000004,7.025000000000006,-0.037499999999999645,0.5999999999999996,-6.487500000000011,0.0375,-0.8875000000000002,0.7250000000000001,2.7,2.0625,0.4625000000000057
21742.61249999999,166978.05000000005,16935.550000000003,20596.29999999999,19612.5,29903.92499999999,156455.65,-23624.88750000001,10295.525000000001,6090.424999999988,-0.625,-10.1125,-4.974999999999994,-6.0375,23.6,-7.487500000000011,0.0375,0.11249999999999982,-0.2749999999999999,3.7,2.0625,4.462500000000006
13024.612499999988,122971.05000000005,12801.550000000003,31666.29999999999,24820.5,40098.92499999999,-135827.35,-23913.88750000001,23800.525,11687.424999999988,11.375,24.8875,-13.974999999999994,-6.0375,-16.4,-4.487500000000011,0.0375,0.11249999999999982,-0.2749999999999999,2.7,6.0625,8.462500000000006
15158.612499999988,91186.05000000005,9412.550000000003,66496.29999999999,36568.5,42460.92499999999,-3937298.35,-23064.88750000001,37519.525,16614.42499999999,-1.625,-3.1125,-1.9749999999999943,-22.0375,-0.40000000000000036,24.51249999999999,0.0375,0.11249999999999982,-0.2749999999999999,-2.3,-0.9375,6.462500000000006
41694.61249999999,112708.05000000005,10235.550000000003,84604.29999999999,41041.5,26362.92499999999,127342.65,-19886.88750000001,62708.525,29469.42499999999,-2.625,8.8875,8.025000000000006,10.9625,-1.4000000000000004,-10.487500000000011,0.0375,0.11249999999999982,-0.2749999999999999,-1.3,0.0625,5.462500000000006
38238.61249999999,141772.05000000005,10205.550000000003,108313.29999999999,46806.5,7173.924999999988,148720.65,-12197.887500000012,78356.525,42084.42499999999,9.375,12.8875,-16.974999999999994,0.9625000000000004,7.6,-2.4875000000000114,0.0375,0.11249999999999982,-0.2749999999999999,1.7,-1.9375,5.462500000000006
33884.61249999999,141130.05000000005,10259.550000000003,135379.3,53000.5,9277.924999999988,144944.65,-8060.887500000012,98006.525,56357.42499999999,-8.625,-1.1125,17.025000000000006,-6.0375,-2.4000000000000004,-11.487500000000011,0.0375,0.11249999999999982,0.7250000000000001,-3.3,1.0625,0.4625000000000057
36170.61249999999,156331.05000000005,13765.550000000003,156614.3,51189.5,13066.924999999988,170950.65,-8544.887500000012,116196.525,68971.42499999999,-0.625,7.8875,5.025000000000006,4.9625,10.6,-4.487500000000011,0.0375,0.11249999999999982,-0.2749999999999999,-4.3,-0.9375,-2.5374999999999943
27052.61249999999,185646.05000000005,15022.550000000003,169468.3,49400.5,18918.92499999999,190259.65,-6794.887500000012,133323.525,84451.42499999999,5.375,1.8875,-9.974999999999994,3.9625000000000004,-0.40000000000000036,-12.487500000000011,0.0375,0.11249999999999982,-0.2749999999999999,4.7,3.0625,6.462500000000006
20618.61249999999,198965.05000000005,14946.550000000003,175500.3,47708.5,30571.92499999999,201692.65,-6881.887500000012,168192.525,102602.42499999999,-4.625,-3.1125,3.0250000000000057,-5.0375,0.5999999999999996,-3.4875000000000114,0.0375,0.11249999999999982,-0.2749999999999999,1.7,-0.9375,-2.5374999999999943
18385.61249999999,195886.05000000005,14378.550000000003,183970.3,47223.5,34125.92499999999,182892.65,-6734.887500000012,163089.525,102145.42499999999,0.375,-5.1125,-2.9749999999999943,-0.037499999999999645,-0.40000000000000036,3.5124999999999886,0.0375,-0.8875000000000002,-0.2749999999999999,0.7,-1.9375,-1.5374999999999943
17082.61249999999,165335.05000000005,14021.550000000003,183282.3,46712.5,35436.92499999999,174015.65,-6722.887500000012,155414.525,93228.42499999999,3.375,0.8875,-3.9749999999999943,-0.037499999999999645,3.5999999999999996,3.5124999999999886,0.0375,0.11249999999999982,-0.2749999999999999,-1.3,-3.9375,-0.5374999999999943
22094.61249999999,160387.05000000005,13734.550000000003,172808.3,40438.5,35502.92499999999,166443.65,-7075.887500000012,142157.525,85513.42499999999,-0.625,2.8875,0.025000000000005684,1.9625000000000004,-2.4000000000000004,-0.48750000000001137,0.0375,0.11249999999999982,-0.2749999999999999,0.7,-0.9375,-2.5374999999999943
29906.61249999999,146599.05000000005,12085.550000000003,150838.3,24017.5,31009.92499999999,153069.65,-6650.887500000012,121476.525,76105.42499999999,3.375,-2.1125,-5.974999999999994,0.9625000000000004,0.5999999999999996,3.5124999999999886,0.0375,0.11249999999999982,-0.2749999999999999,-1.3,-0.9375,-1.5374999999999943
31457.61249999999,146500.05000000005,12179.550000000003,154511.3,26574.5,28923.92499999999,156894.65,-6952.887500000012,120025.525,79399.42499999999,0.375,-1.1125,2.0250000000000057,-0.037499999999999645,0.5999999999999996,3.5124999999999886,0.0375,-0.8875000000000002,-0.2749999999999999,0.7,-0.9375,-0.5374999999999943
34615.61249999999,158009.05000000005,12233.550000000003,152625.3,22428.5,30063.92499999999,168315.65,-7600.887500000012,110996.525,78753.42499999999,-0.625,-0.11250000000000004,2.0250000000000057,-0.037499999999999645,-1.4000000000000004,-0.48750000000001137,0.0375,0.11249999999999982,-0.2749999999999999,0.7,0.0625,-2.5374999999999943
40589.61249999999,171983.05000000005,12169.550000000003,128841.29999999999,14316.5,30766.92499999999,175619.65,-7636.887500000012,96132.525,71867.42499999999,0.375,0.8875,-0.9749999999999943,0.9625000000000004,-0.40000000000000036,0.5124999999999886,0.0375,0.11249999999999982,-1.275,-0.30000000000000004,0.0625,0.4625000000000057
44493.61249999999,180320.05000000005,11795.550000000003,114234.29999999999,5833.5,30974.92499999999,181065.65,-7064.887500000012,71172.525,41976.42499999999,-0.625,-0.11250000000000004,2.0250000000000057,-1.0374999999999996,-1.4000000000000004,2.5124999999999886,0.0375,0.11249999999999982,0.7250000000000001,0.7,0.0625,1.4625000000000057
45521.61249999999,182602.05000000005,12059.550000000003,107134.29999999999,445.5,29739.92499999999,180800.65,-8285.887500000012,59175.525,38320.42499999999,-0.625,-0.11250000000000004,-0.9749999999999943,-0.037499999999999645,-0.40000000000000036,-0.48750000000001137,0.0375,0.11249999999999982,-0.2749999999999999,1.7,0.0625,0.4625000000000057
46475.61249999999,167690.05000000005,11211.550000000003,95395.29999999999,-3830.5,29944.92499999999,178979.65,-8151.887500000012,49166.525,31736.42499999999,0.375,0.8875,-1.9749999999999943,-1.0374999999999996,0.5999999999999996,-1.4875000000000114,-0.9625,0.11249999999999982,-0.2749999999999999,0.7,0.0625,2.4625000000000057
47640.61249999999,163946.05000000005,10957.550000000003,84984.29999999999,-4394.5,29379.92499999999,174067.65,-8034.887500000012,39811.525,22216.42499999999,-0.625,-0.11250000000000004,1.0250000000000057,-2.0374999999999996,0.5999999999999996,2.5124999999999886,0.0375,0.11249999999999982,-0.2749999999999999,-1.3,0.0625,-0.5374999999999943
47207.61249999999,164979.05000000005,10932.550000000003,79214.29999999999,-4527.5,28536.92499999999,172214.65,-8007.887500000012,34837.525,16508.42499999999,-0.625,0.8875,1.0250000000000057,0.9625000000000004,0.5999999999999996,-1.4875000000000114,0.0375,0.11249999999999982,-0.2749999999999999,-0.30000000000000004,0.0625,-0.5374999999999943
47901.61249999999,170607.05000000005,10991.550000000003,74606.29999999999,-4687.5,25884.92499999999,172929.65,-8065.887500000012,31385.525,11306.424999999988,-0.625,0.8875,-0.9749999999999943,-2.0374999999999996,0.5999999999999996,1.5124999999999886,0.0375,0.11249999999999982,-0.2749999999999999,-1.3,0.0625,-0.5374999999999943
50308.61249999999,176432.05000000005,11029.550000000003,68633.29999999999,-7443.5,24254.92499999999,177677.65,-7660.887500000012,27591.525,8863.424999999988,-1.625,0.8875,1.0250000000000057,-0.037499999999999645,0.5999999999999996,-0.48750000000001137,0.0375,0.11249999999999982,-0.2749999999999999,-1.3,0.0625,0.4625000000000057
52199.61249999999,177781.05000000005,10734.550000000003,64208.29999999999,-9350.5,23907.92499999999,182196.65,-7768.887500000012,25327.525,8115.424999999988,-0.625,-0.11250000000000004,0.025000000000005684,-1.0374999999999996,-0.40000000000000036,0.5124999999999886,0.0375,0.11249999999999982,-0.2749999999999999,-0.30000000000000004,0.0625,1.4625000000000057
51671.61249999999,176127.05000000005,10681.550000000003,64906.29999999999,-5913.5,23017.92499999999,180219.65,-7863.887500000012,27291.525,9412.424999999988,-0.625,0.8875,0.025000000000005684,-1.0374999999999996,-0.40000000000000036,-0.48750000000001137,0.0375,-0.8875000000000002,0.7250000000000001,-0.30000000000000004,0.0625,0.4625000000000057
49726.61249999999,174079.05000000005,10828.550000000003,67350.29999999999,-3589.5,22101.92499999999,177404.65,-7972.887500000012,28942.525,10741.424999999988,-0.625,-0.11250000000000004,-0.9749999999999943,-0.037499999999999645,-0.40000000000000036,-0.48750000000001137,0.0375,0.11249999999999982,-0.2749999999999999,-0.30000000000000004,0.0625,0.4625000000000057
48128.61249999999,173954.05000000005,10786.550000000003,69699.29999999999,-1717.5,21668.92499999999,176128.65,-8123.887500000012,29919.525,10919.424999999988,-0.625,-0.11250000000000004,1.0250000000000057,-0.037499999999999645,0.5999999999999996,-0.48750000000001137,0.0375,0.11249999999999982,0.7250000000000001,-0.30000000000000004,0.0625,-0.5374999999999943
47110.61249999999,172867.05000000005,10797.550000000003,72983.29999999999,1065.5,20794.92499999999,175250.65,-8342.887500000012,33998.525,12710.424999999988,5.375,1.8875,-6.974999999999994,8.9625,-6.4,-6.487500000000011,0.0375,0.11249999999999982,-0.2749999999999999,-0.30000000000000004,0.0625,0.4625000000000057
47464.61249999999,169581.05000000005,10677.550000000003,82243.29999999999,4434.5,20208.92499999999,174893.65,-8398.887500000012,46087.525,20077.42499999999,-12.625,-1.1125,11.025000000000006,-6.0375,-4.4,0.5124999999999886,0.0375,-0.8875000000000002,-0.2749999999999999,0.7,-0.9375,2.4625000000000057
57981.61249999999,174823.05000000005,10770.550000000003,83924.29999999999,4849.5,9896.924999999988,175862.65,-7297.887500000012,45198.525,16721.42499999999,4.375,-0.11250000000000004,-5.974999999999994,-18.0375,-6.4,5.512499999999989,0.0375,0.11249999999999982,-0.2749999999999999,4.7,-0.9375,4.462500000000006
65363.61249999999,194474.05000000005,10941.550000000003,86253.29999999999,7765.5,-42221.07500000001,181402.65,-4340.887500000012,44172.525,9762.424999999988,0.375,2.8875,-2.9749999999999943,1.9625000000000004,-3.4000000000000004,3.5124999999999886,0.0375,0.11249999999999982,0.7250000000000001,-0.30000000000000004,3.0625,-2.5374999999999943
40222.61249999999,197417.05000000005,11459.550000000003,104029.29999999999,27481.5,-73015.07500000001,200654.65,-1149.8875000000116,65774.525,22174.42499999999,2.375,-0.11250000000000004,-7.974999999999994,4.9625,-9.4,-11.487500000000011,0.0375,0.11249999999999982,-0.2749999999999999,1.7,-3.9375,2.4625000000000057
2537.6124999999884,184770.05000000005,14403.550000000003,141221.3,39141.5,-29741.07500000001,182288.65,-2676.8875000000116,115074.525,63228.42499999999,-10.625,-5.1125,19.025000000000006,5.9625,-0.40000000000000036,-1.4875000000000114,0.0375,0.11249999999999982,-0.2749999999999999,-1.3,1.0625,-3.5374999999999943
13196.612499999988,178417.05000000005,15124.550000000003,168995.3,34000.5,-28235.07500000001,182617.65,-3021.8875000000116,157948.525,94582.42499999999,6.375,-1.1125,-20.974999999999994,-25.0375,-6.4,11.512499999999989,0.0375,0.11249999999999982,-0.2749999999999999,7.7,-0.9375,4.462500000000006
27604.61249999999,182713.05000000005,15159.550000000003,168200.3,26433.5,-54602.07500000001,182466.65,-2458.8875000000116,131303.525,87667.42499999999,9.375,-1.1125,-28.974999999999994,23.9625,4.6,-20.48750000000001,0.0375,-0.8875000000000002,-1.275,-3.3,0.0625,-9.537499999999994
15130.612499999988,198009.05000000005,14491.550000000003,102930.29999999999,11511.5,-63330.07500000001,193477.65,-2222.8875000000116,99593.525,46688.42499999999,-13.625,10.8875,31.025000000000006,9.9625,-3.4000000000000004,-20.48750000000001,0.0375,0.11249999999999982,1.725,7.7,2.0625,-0.5374999999999943
13451.612499999988,213376.05000000005,15392.550000000003,109349.29999999999,17974.5,-51516.07500000001,208412.65,-2196.8875000000116,94249.525,47355.42499999999,-2.625,6.8875,8.025000000000006,-3.0374999999999996,-6.4,10.512499999999989,-0.9625,-0.8875000000000002,0.7250000000000001,-3.3,13.0625,-6.537499999999994
53.61249999998836,210392.05000000005,15996.550000000003,148859.3,29974.5,-53267.07500000001,187807.65,-2473.8875000000116,119185.525,64738.42499999999,8.375,3.8875,-15.974999999999994,-1.0374999999999996,5.6,-5.487500000000011,0.0375,0.11249999999999982,-0.2749999999999999,11.7,1.0625,8.462500000000006
-13813.387500000012,185578.05000000005,15790.550000000003,163777.3,25213.5,-39190.07500000001,184168.65,-3662.8875000000116,156957.525,90594.42499999999,0.375,-6.1125,-9.974999999999994,11.9625,11.6,-11.487500000000011,0.0375,0.11249999999999982,-0.2749999999999999,-6.3,10.0625,0.4625000000000057
-24245.38750000001,170431.05000000005,14584.550000000003,165075.3,26138.5,-7591.075000000012,176553.65,-4001.8875000000116,163164.525,91819.42499999999,-0.625,4.8875,2.0250000000000057,4.9625,-5.4,-0.48750000000001137,0.0375,0.11249999999999982,-0.2749999999999999,2.7,6.0625,2.4625000000000057
-37652.38750000001,171492.05000000005,14402.550000000003,163216.3,23276.5,429.92499999998836,168000.65,-5047.887500000012,139529.525,81891.42499999999,1.375,-5.1125,-5.974999999999994,-1.0374999999999996,-3.4000000000000004,1.5124999999999886,0.0375,0.11249999999999982,-0.2749999999999999,-6.3,1.0625,-4.537499999999994
-35553.38750000001,154508.05000000005,12269.550000000003,185355.3,22560.5,24376.92499999999,140263.65,-5877.887500000012,154142.525,81841.42499999999,-13.625,-8.1125,27.025000000000006,5.9625,-6.4,-1.4875000000000114,0.0375,0.11249999999999982,-0.2749999999999999,-1.3,-6.9375,-2.5374999999999943
-23983.38750000001,149280.05000000005,12159.550000000003,166422.3,9618.5,23481.92499999999,139788.65,-5862.887500000012,162959.525,81124.42499999999,4.375,-0.11250000000000004,-6.974999999999994,-9.0375,-2.4000000000000004,6.512499999999989,0.0375,0.11249999999999982,-0.2749999999999999,0.7,-4.9375,-1.5374999999999943
-18844.38750000001,164701.05000000005,13183.550000000003,146842.3,5527.5,11753.924999999988,151753.65,-4906.887500000012,144652.525,61897.42499999999,-1.625,-3.1125,4.025000000000006,3.9625000000000004,5.6,-5.487500000000011,0.0375,-0.8875000000000002,-0.2749999999999999,-1.3,0.0625,1.4625000000000057
-22729.38750000001,168973.05000000005,12660.550000000003,133152.3,11571.5,3546.9249999999884,156517.65,-4284.887500000012,126136.525,55454.42499999999,-10.625,-6.1125,18.025000000000006,-10.0375,4.6,5.512499999999989,-0.9625,0.11249999999999982,-0.2749999999999999,1.7,3.0625,2.4625000000000057
-30974.38750000001,167459.05000000005,12481.550000000003,138104.3,19409.5,3535.9249999999884,161490.65,-4742.887500000012,141710.525,64104.42499999999,6.375,-1.1125,-4.974999999999994,-19.0375,-3.4000000000000004,24.51249999999999,0.0375,0.11249999999999982,-0.2749999999999999,-1.3,0.0625,4.462500000000006
-110778.38750000001,166269.05000000005,12787.550000000003,156637.3,30683.5,21851.92499999999,158093.65,-5540.887500000012,158183.525,74628.42499999999,-4.625,-10.1125,9.025000000000006,19.9625,13.6,-13.487500000000011,0.0375,-0.8875000000000002,-0.2749999999999999,-5.3,3.0625,1.4625000000000057
-28134.38750000001,182961.05000000005,12907.550000000003,149271.3,7629.5,8038.924999999988,162107.65,-4337.887500000012,148154.525,63511.42499999999,11.375,-9.1125,-21.974999999999994,7.9625,12.6,-3.4875000000000114,0.0375,0.11249999999999982,-0.2749999999999999,0.7,-1.9375,2.4625000000000057
-42502.38750000001,175684.05000000005,12658.550000000003,149233.3,5002.5,5957.924999999988,169699.65,-5115.887500000012,141215.525,60727.42499999999,-0.625,-0.11250000000000004,2.0250000000000057,2.9625000000000004,-1.4000000000000004,4.512499999999989,0.0375,0.11249999999999982,-0.2749999999999999,-1.3,7.0625,-0.5374999999999943
-42577.38750000001,157966.05000000005,11341.550000000003,181058.3,16679.5,15172.924999999988,156998.65,-5584.887500000012,172476.525,70666.42499999999,-3.625,-1.1125,7.025000000000006,-1.0374999999999996,0.5999999999999996,14.512499999999989,0.0375,0.11249999999999982,0.7250000000000001,-1.3,-0.9375,-2.5374999999999943
-40420.38750000001,149276.05000000005,11051.550000000003,189051.3,19851.5,30139.92499999999,146629.65,-5743.887500000012,180053.525,82586.42499999999,0.375,-1.1125,-5.974999999999994,3.9625000000000004,4.6,0.5124999999999886,0.0375,0.11249999999999982,-0.2749999999999999,0.7,-4.9375,1.4625000000000057
-36909.38750000001,146820.05000000005,10801.550000000003,182282.3,13173.5,31292.92499999999,147763.65,-5429.887500000012,164190.525,77474.42499999999,0.375,1.8875,-0.9749999999999943,1.9625000000000004,3.5999999999999996,3.5124999999999886,0.0375,0.11249999999999982,0.7250000000000001,1.7,0.0625,-2.5374999999999943
-33763.38750000001,147718.05000000005,10707.550000000003,162539.3,9312.5,31948.92499999999,142576.65,-5415.887500000012,155265.525,68836.42499999999,-0.625,-0.11250000000000004,8.025000000000006,1.9625000000000004,1.5999999999999996,4.512499999999989,0.0375,0.11249999999999982,0.7250000000000001,0.7,1.0625,2.4625000000000057
-32344.38750000001,156072.05000000005,11306.550000000003,154696.3,12790.5,32086.92499999999,151020.65,-5321.887500000012,148275.525,69011.42499999999,1.375,-1.1125,3.0250000000000057,-1.0374999999999996,0.5999999999999996,4.512499999999989,0.0375,-0.8875000000000002,0.7250000000000001,-2.3,1.0625,-1.5374999999999943
-29117.38750000001,170328.05000000005,12109.550000000003,153797.3,12520.5,31261.92499999999,158980.65,-5104.887500000012,146853.525,69525.42499999999,-0.625,1.8875,1.0250000000000057,-0.037499999999999645,-1.4000000000000004,1.5124999999999886,0.0375,0.11249999999999982,-0.2749999999999999,1.7,-0.9375,1.4625000000000057
-25579.38750000001,172796.05000000005,12435.550000000003,157541.3,13253.5,30101.92499999999,163384.65,-4614.887500000012,144862.525,69320.42499999999,0.375,-2.1125,0.025000000000005684,-0.037499999999999645,0.5999999999999996,3.5124999999999886,0.0375,0.11249999999999982,-0.2749999999999999,-1.3,-0.9375,-1.5374999999999943
-28356.38750000001,174374.05000000005,12374.550000000003,158318.3,18879.5,26740.92499999999,170715.65,-4349.887500000012,149203.525,73527.42499999999,0.375,0.8875,-0.9749999999999943,-1.0374999999999996,0.5999999999999996,2.5124999999999886,0.0375,0.11249999999999982,-0.2749999999999999,0.7,0.0625,-0.5374999999999943
-7135.387500000012,173319.05000000005,12508.550000000003,143656.3,9612.5,23128.92499999999,166927.65,-4093.8875000000116,136009.525,69167.42499999999,-21.625,-9.1125,30.025000000000006,-60.0375,6.6,67.51249999999999,0.0375,0.11249999999999982,0.7250000000000001,1.7,6.0625,-3.5374999999999943
8462.612499999988,182869.05000000005,12790.550000000003,133293.3,5891.5,-11603.075000000012,176941.65,-1545.8875000000116,125201.525,62058.42499999999,6.375,1.8875,-10.974999999999994,29.9625,5.6,11.512499999999989,0.0375,0.11249999999999982,0.7250000000000001,6.7,-7.9375,9.462500000000006
-14724.387500000012,206891.05000000005,14008.550000000003,102048.29999999999,-1582.5,-118204.07500000001,208520.65,-507.88750000001164,96936.525,41687.42499999999,-8.625,3.8875,13.025000000000006,-0.037499999999999645,-5.4,27.51249999999999,-0.9625,0.11249999999999982,-1.275,-1.3,-0.9375,-3.5374999999999943
-39560.38750000001,203516.05000000005,14249.550000000003,81601.29999999999,13382.5,-81533.07500000001,206987.65,-549.8875000000116,72778.525,28860.42499999999,-3.625,-3.1125,1.0250000000000057,-4.0375,6.6,33.51249999999999,0.0375,0.11249999999999982,0.7250000000000001,-12.3,-4.9375,-15.537499999999994
-57160.38750000001,208339.05000000005,14548.550000000003,111655.29999999999,25788.5,-67810.07500000001,195263.65,-1077.8875000000116,150358.525,39896.42499999999,3.375,0.8875,-13.974999999999994,7.9625,8.6,20.51249999999999,-0.9625,-0.8875000000000002,0.7250000000000001,4.7,4.0625,1.4625000000000057
-62165.38750000001,210769.05000000005,16380.550000000003,173102.3,21770.5,-63018.07500000001,196304.65,-1903.8875000000116,164094.525,70638.42499999999,2.375,-11.1125,-10.974999999999994,-4.0375,2.5999999999999996,17.51249999999999,-0.9625,0.11249999999999982,-0.2749999999999999,0.7,1.0625,-8.537499999999994
-70040.38750000001,198351.05000000005,15774.550000000003,150131.3,6624.5,-54239.07500000001,188267.65,-2645.8875000000116,153250.525,60033.42499999999,-1.625,-1.1125,-4.974999999999994,5.9625,3.5999999999999996,11.512499999999989,0.0375,0.11249999999999982,-0.2749999999999999,2.7,0.0625,-4.537499999999994
-75727.38750000001,177474.05000000005,13759.550000000003,144029.3,6525.5,-41042.07500000001,179601.65,-2915.8875000000116,147381.525,58082.42499999999,-8.625,1.8875,8.025000000000006,-6.0375,-2.4000000000000004,16.51249999999999,0.0375,1.1124999999999998,-0.2749999999999999,-3.3,-0.9375,-2.5374999999999943
-87656.38750000001,180803.05000000005,13702.550000000003,145254.3,13412.5,-22647.07500000001,164361.65,-4071.8875000000116,128573.525,53914.42499999999,2.375,-7.1125,-13.974999999999994,-4.0375,2.5999999999999996,14.512499999999989,0.0375,0.11249999999999982,-0.2749999999999999,-4.3,4.0625,-8.537499999999994
-87625.38750000001,166309.05000000005,13471.550000000003,176491.3,18291.5,18906.92499999999,152060.65,-5141.887500000012,167512.525,64927.42499999999,-0.625,-0.11250000000000004,-0.9749999999999943,8.9625,-0.40000000000000036,-0.48750000000001137,0.0375,0.11249999999999982,0.7250000000000001,-3.3,6.0625,-5.537499999999994
-87538.38750000001,155917.05000000005,11533.550000000003,193516.3,11108.5,26023.92499999999,141100.65,-5779.887500000012,166368.525,62485.42499999999,0.375,-12.1125,-0.9749999999999943,-9.0375,-1.4000000000000004,9.512499999999989,-0.9625,0.11249999999999982,0.7250000000000001,1.7,-1.9375,-0.5374999999999943
-80961.38750000001,148112.05000000005,10973.550000000003,171424.3,8686.5,31787.92499999999,133418.65,-5864.887500000012,163881.525,54603.42499999999,5.375,9.8875,-14.974999999999994,4.9625,7.6,-10.487500000000011,0.0375,0.11249999999999982,-0.2749999999999999,1.7,-1.9375,-0.5374999999999943
-66092.38750000001,148780.05000000005,11147.550000000003,140514.3,5472.5,27997.92499999999,137326.65,-5070.887500000012,147973.525,44464.42499999999,-1.625,-0.11250000000000004,5.025000000000006,-5.0375,-0.40000000000000036,-1.4875000000000114,0.0375,0.11249999999999982,-0.2749999999999999,2.7,-1.9375,-2.5374999999999943
-62425.38750000001,155090.05000000005,11098.550000000003,122422.29999999999,-275.5,21277.92499999999,144850.65,-4321.887500000012,131512.525,36363.42499999999,4.375,-1.1125,-4.974999999999994,0.9625000000000004,-4.4,-5.487500000000011,0.0375,0.11249999999999982,-0.2749999999999999,-1.3,0.0625,0.4625000000000057
-77797.38750000001,169677.05000000005,11571.550000000003,128975.29999999999,7194.5,17541.92499999999,158885.65,-4263.887500000012,133368.525,36485.42499999999,1.375,3.8875,1.0250000000000057,-11.0375,6.6,13.512499999999989,0.0375,0.11249999999999982,-0.2749999999999999,4.7,0.0625,6.462500000000006
-79280.38750000001,175967.05000000005,12176.550000000003,150497.3,12705.5,17284.92499999999,167034.65,-4671.887500000012,153797.525,45485.42499999999,1.375,-1.1125,6.025000000000006,20.9625,-1.4000000000000004,-18.48750000000001,0.0375,-0.8875000000000002,0.7250000000000001,-0.30000000000000004,1.0625,-2.5374999999999943
-88172.38750000001,187789.05000000005,12726.550000000003,163365.3,13698.5,13884.924999999988,182983.65,-4553.887500000012,162476.525,50521.42499999999,2.375,2.8875,-2.9749999999999943,-16.0375,-0.40000000000000036,20.51249999999999,0.0375,0.11249999999999982,0.7250000000000001,-1.3,0.0625,-0.5374999999999943
-95116.38750000001,188595.05000000005,12726.550000000003,165746.3,16186.5,19377.92499999999,174178.65,-4757.887500000012,160134.525,51341.42499999999,1.375,-2.1125,0.025000000000005684,11.9625,3.5999999999999996,-6.487500000000011,-0.9625,0.11249999999999982,-0.2749999999999999,-2.3,0.0625,0.4625000000000057
-95738.38750000001,181521.05000000005,12227.550000000003,168451.3,15975.5,22727.92499999999,170479.65,-5089.887500000012,160286.525,51266.42499999999,0.375,-2.1125,0.025000000000005684,-5.0375,-2.4000000000000004,2.5124999999999886,0.0375,0.11249999999999982,-0.2749999999999999,0.7,3.0625,2.4625000000000057
-94184.38750000001,171690.05000000005,11854.550000000003,173379.3,16222.5,29603.92499999999,164670.65,-5341.887500000012,160844.525,49370.42499999999,1.375,-0.11250000000000004,-0.9749999999999943,6.9625,-1.4000000000000004,-8.487500000000011,0.0375,0.11249999999999982,-0.2749999999999999,3.7,-0.9375,4.462500000000006
-86462.38750000001,162673.05000000005,11625.550000000003,170526.3,14695.5,33155.92499999999,151978.65,-5244.887500000012,153023.525,47402.42499999999,-0.625,-1.1125,0.025000000000005684,-4.0375,2.5999999999999996,2.5124999999999886,0.0375,0.11249999999999982,-0.2749999999999999,0.7,0.0625,-1.5374999999999943
-81880.38750000001,156057.05000000005,11432.550000000003,163016.3,13064.5,31991.92499999999,148021.65,-5383.887500000012,148321.525,46806.42499999999,0.375,-4.1125,1.0250000000000057,1.9625000000000004,0.5999999999999996,-2.4875000000000114,0.0375,-0.8875000000000002,0.7250000000000001,0.7,1.0625,-1.5374999999999943
-75873.38750000001,154407.05000000005,11559.550000000003,154075.3,10397.5,32508.92499999999,144153.65,-5402.887500000012,142377.525,45735.42499999999,-0.625,-0.11250000000000004,-1.9749999999999943,-1.0374999999999996,-0.40000000000000036,2.5124999999999886,0.0375,0.11249999999999982,0.7250000000000001,-0.30000000000000004,1.0625,-1.5374999999999943
-74526.38750000001,159880.05000000005,11666.550000000003,147289.3,7849.5,32262.92499999999,164092.65,-4583.887500000012,145644.525,48173.42499999999,-0.625,0.8875,3.0250000000000057,-2.0374999999999996,-1.4000000000000004,1.5124999999999886,0.0375,0.11249999999999982,-0.2749999999999999,-0.30000000000000004,0.0625,-1.5374999999999943
-78159.38750000001,170768.05000000005,12478.550000000003,149819.3,8519.5,31061.92499999999,166299.65,-4555.887500000012,149950.525,49202.42499999999,0.375,0.8875,0.025000000000005684,0.9625000000000004,0.5999999999999996,0.5124999999999886,0.0375,-0.8875000000000002,-0.2749999999999999,-0.30000000000000004,0.0625,0.4625000000000057
-80006.38750000001,181832.05000000005,12903.550000000003,155658.3,10033.5,30002.92499999999,169063.65,-4547.887500000012,149658.525,48152.42499999999,-1.625,0.8875,-0.9749999999999943,-0.037499999999999645,1.5999999999999996,1.5124999999999886,0.0375,0.11249999999999982,0.7250000000000001,-1.3,0.0625,-0.5374999999999943
-77388.38750000001,186850.05000000005,13026.550000000003,156978.3,10629.5,29909.92499999999,169619.65,-4423.887500000012,145208.525,45826.42499999999,-1.625,0.8875,1.0250000000000057,-0.037499999999999645,1.5999999999999996,1.5124999999999886,0.0375,0.11249999999999982,0.7250000000000001,-0.30000000000000004,0.0625,0.4625000000000057
-74235.38750000001,189677.05000000005,12964.550000000003,149885.3,8308.5,29766.92499999999,172310.65,-4298.887500000012,143850.525,44428.42499999999,-0.625,0.8875,1.0250000000000057,-0.037499999999999645,0.5999999999999996,1.5124999999999886,0.0375,-0.8875000000000002,-0.2749999999999999,-0.30000000000000004,0.0625,1.4625000000000057
-73230.38750000001,187617.05000000005,12882.550000000003,147472.3,8171.5,30208.92499999999,172450.65,-4068.8875000000116,143296.525,44021.42499999999,0.375,0.8875,-0.9749999999999943,-1.0374999999999996,-0.40000000000000036,2.5124999999999886,0.0375,0.11249999999999982,0.7250000000000001,-1.3,0.0625,-0.5374999999999943
-67597.38750000001,178858.05000000005,12551.550000000003,148878.3,9666.5,27643.92499999999,170544.65,-4011.8875000000116,144964.525,44383.42499999999,0.375,-0.11250000000000004,0.025000000000005684,-0.037499999999999645,0.5999999999999996,0.5124999999999886,0.0375,0.11249999999999982,-0.2749999999999999,-1.3,0.0625,-0.5374999999999943
-65720.38750000001,172773.05000000005,12348.550000000003,149794.3,10889.5,27256.92499999999,165441.65,-3950.8875000000116,143281.525,43940.42499999999,-0.625,0.8875,-0.9749999999999943,-1.0374999999999996,0.5999999999999996,1.5124999999999886,0.0375,-0.8875000000000002,0.7250000000000001,-0.30000000000000004,-0.9375,0.4625000000000057
-65365.38750000001,173419.05000000005,12761.550000000003,150058.3,12113.5,26658.92499999999,164636.65,-4035.8875000000116,139589.525,42333.42499999999,-0.625,-0.11250000000000004,0.025000000000005684,-0.037499999999999645,0.5999999999999996,0.5124999999999886,0.0375,0.11249999999999982,-0.2749999999999999,-0.30000000000000004,0.0625,-0.5374999999999943
-65852.38750000001,177182.05000000005,12925.550000000003,151272.3,13267.5,26199.92499999999,165658.65,-4209.887500000012,139320.525,41816.42499999999,0.375,-0.11250000000000004,0.025000000000005684,-0.037499999999999645,-0.40000000000000036,-0.48750000000001137,0.0375,0.11249999999999982,0.7250000000000001,-0.30000000000000004,0.0625,-0.5374999999999943
-65632.38750000001,180731.05000000005,12629.550000000003,153245.3,15107.5,26694.92499999999,167766.65,-4034.8875000000116,143168.525,44199.42499999999,0.375,0.8875,0.025000000000005684,-1.0374999999999996,-0.40000000000000036,0.5124999999999886,0.0375,0.11249999999999982,0.7250000000000001,-0.30000000000000004,0.0625,0.4625000000000057
-63899.38750000001,180186.05000000005,12627.550000000003,148986.3,14360.5,27170.92499999999,169867.65,-4081.8875000000116,146764.525,46740.42499999999,-0.625,-0.11250000000000004,1.0250000000000057,-0.037499999999999645,0.5999999999999996,-0.48750000000001137,0.0375,0.11249999999999982,-0.2749999999999999,0.7,0.0625,-1.5374999999999943
-61278.38750000001,178687.05000000005,12515.550000000003,141819.3,11876.5,25016.92499999999,170114.65,-3905.8875000000116,145040.525,46589.42499999999,-0.625,-2.1125,2.0250000000000057,-0.037499999999999645,-0.40000000000000036,-0.48750000000001137,0.0375,0.11249999999999982,0.7250000000000001,0.7,0.0625,-0.5374999999999943
-62027.38750000001,182847.05000000005,12598.550000000003,144130.3,15036.5,20459.92499999999,168195.65,-4032.8875000000116,143590.525,47271.42499999999,-0.625,0.8875,0.025000000000005684,-1.0374999999999996,-0.40000000000000036,0.5124999999999886,0.0375,0.11249999999999982,-0.2749999999999999,-0.30000000000000004,-0.9375,0.4625000000000057
-61767.38750000001,182062.05000000005,12706.550000000003,148966.3,15161.5,19911.92499999999,168217.65,-3912.8875000000116,143645.525,47051.42499999999,-0.625,0.8875,2.0250000000000057,0.9625000000000004,-1.4000000000000004,-2.4875000000000114,0.0375,0.11249999999999982,-0.2749999999999999,1.7,0.0625,1.4625000000000057
-62371.38750000001,180818.05000000005,12541.550000000003,146402.3,14228.5,19279.92499999999,169667.65,-3815.8875000000116,141786.525,46231.42499999999,1.375,-1.1125,-2.9749999999999943,-0.037499999999999645,2.5999999999999996,-1.4875000000000114,0.0375,-0.8875000000000002,-0.2749999999999999,-0.30000000000000004,0.0625,-0.5374999999999943
-63224.38750000001,178110.05000000005,12516.550000000003,149328.3,14839.5,19131.92499999999,167486.65,-3648.8875000000116,142273.525,46099.42499999999,-0.625,-2.1125,-0.9749999999999943,-1.0374999999999996,-0.40000000000000036,2.5124999999999886,0.0375,0.11249999999999982,-0.2749999999999999,-0.30000000000000004,-0.9375,1.4625000000000057
-64188.38750000001,175639.05000000005,12614.550000000003,151497.3,15722.5,18861.92499999999,165392.65,-3773.8875000000116,144249.525,46569.42499999999,0.375,-1.1125,1.0250000000000057,-1.0374999999999996,-1.4000000000000004,0.5124999999999886,0.0375,0.11249999999999982,0.7250000000000001,1.7,0.0625,-0.5374999999999943
-64687.38750000001,175543.05000000005,12575.550000000003,150481.3,15280.5,18444.92499999999,165658.65,-3699.8875000000116,141705.525,45835.42499999999,1.375,-2.1125,-0.9749999999999943,0.9625000000000004,-0.40000000000000036,-0.48750000000001137,-0.9625,-0.8875000000000002,0.7250000000000001,-0.30000000000000004,0.0625,-1.5374999999999943
-65392.38750000001,177678.05000000005,12443.550000000003,149036.3,13215.5,18028.92499999999,167120.65,-3740.8875000000116,141122.525,44036.42499999999,-0.625,0.8875,1.0250000000000057,0.9625000000000004,-0.40000000000000036,-0.48750000000001137,-0.9625,0.11249999999999982,-0.2749999999999999,-0.30000000000000004,-0.9375,-0.5374999999999943
-67024.38750000001,178374.05000000005,12513.550000000003,149203.3,13322.5,17906.92499999999,168285.65,-3571.8875000000116,143038.525,44739.42499999999,-0.625,-0.11250000000000004,0.025000000000005684,0.9625000000000004,0.5999999999999996,-0.48750000000001137,0.0375,0.11249999999999982,0.7250000000000001,0.7,0.0625,-0.5374999999999943
-68368.38750000001,178129.05000000005,12814.550000000003,149275.3,11717.5,17612.92499999999,165999.65,-3509.8875000000116,145669.525,45119.42499999999,0.375,0.8875,-0.9749999999999943,-0.037499999999999645,0.5999999999999996,-0.48750000000001137,0.0375,0.11249999999999982,-0.2749999999999999,-0.30000000000000004,1.0625,-0.5374999999999943
-69193.38750000001,179406.05000000005,13015.550000000003,147475.3,10414.5,17423.92499999999,164785.65,-3667.8875000000116,143733.525,44766.42499999999,0.375,-0.11250000000000004,0.025000000000005684,-0.037499999999999645,0.5999999999999996,0.5124999999999886,0.0375,0.11249999999999982,-0.2749999999999999,-0.30000000000000004,0.0625,-0.5374999999999943
-70286.38750000001,179692.05000000005,13088.550000000003,146825.3,9302.5,17135.92499999999,164533.65,-3657.8875000000116,144146.525,44778.42499999999,-0.625,0.8875,1.0250000000000057,0.9625000000000004,0.5999999999999996,-1.4875000000000114,0.0375,0.11249999999999982,0.7250000000000001,-0.30000000000000004,0.0625,-0.5374999999999943
-70821.38750000001,179809.05000000005,12911.550000000003,148029.3,9360.5,16575.92499999999,165980.65,-3594.8875000000116,145585.525,45170.42499999999,-0.625,-0.11250000000000004,0.025000000000005684,-1.0374999999999996,0.5999999999999996,0.5124999999999886,0.0375,0.11249999999999982,0.7250000000000001,-0.30000000000000004,0.0625,0.4625000000000057
-71286.38750000001,180078.05000000005,12909.550000000003,149322.3,9433.5,14107.924999999988,167942.65,-3529.8875000000116,146252.525,45799.42499999999,-0.625,0.8875,0.025000000000005684,-1.0374999999999996,0.5999999999999996,1.5124999999999886,0.0375,0.11249999999999982,-1.275,-0.30000000000000004,0.0625,0.4625000000000057
-71772.38750000001,179097.05000000005,12934.550000000003,150359.3,9304.5,13152.924999999988,167945.65,-3772.8875000000116,145435.525,45503.42499999999,1.375,-0.11250000000000004,-1.9749999999999943,1.9625000000000004,0.5999999999999996,-2.4875000000000114,0.0375,0.11249999999999982,-0.2749999999999999,-0.30000000000000004,0.0625,-0.5374999999999943
-73194.38750000001,177977.05000000005,12931.550000000003,150619.3,9328.5,12390.924999999988,166319.65,-3661.8875000000116,142535.525,45071.42499999999,-0.625,0.8875,-0.9749999999999943,2.9625000000000004,-0.40000000000000036,-3.4875000000000114,0.0375,0.11249999999999982,0.7250000000000001,-0.30000000000000004,0.0625,-0.5374999999999943
-73983.38750000001,176945.05000000005,12582.550000000003,154205.3,10028.5,12160.924999999988,165297.65,-3834.8875000000116,142542.525,45099.42499999999,-0.625,-1.1125,1.0250000000000057,-1.0374999999999996,-0.40000000000000036,2.5124999999999886,0.0375,0.11249999999999982,0.7250000000000001,-0.30000000000000004,0.0625,-0.5374999999999943
-75637.38750000001,175477.05000000005,12446.550000000003,155948.3,10845.5,12040.924999999988,164811.65,-3930.8875000000116,144005.525,45739.42499999999,0.375,-0.11250000000000004,-2.9749999999999943,-1.0374999999999996,0.5999999999999996,0.5124999999999886,0.0375,0.11249999999999982,0.7250000000000001,-0.30000000000000004,0.0625,0.4625000000000057
-76131.38750000001,172861.05000000005,12313.550000000003,155025.3,11263.5,13495.924999999988,164600.65,-3845.8875000000116,147149.525,47268.42499999999,0.375,-0.11250000000000004,1.0250000000000057,0.9625000000000004,-0.40000000000000036,-1.4875000000000114,0.0375,0.11249999999999982,-0.2749999999999999,0.7,0.0625,-0.5374999999999943
-75041.38750000001,175769.05000000005,12442.550000000003,151993.3,10120.5,14317.924999999988,165668.65,-3832.8875000000116,144547.525,46605.42499999999,0.375,-0.11250000000000004,-0.9749999999999943,-1.0374999999999996,0.5999999999999996,1.5124999999999886,0.0375,0.11249999999999982,-0.2749999999999999,-0.30000000000000004,0.0625,-0.5374999999999943
-71983.38750000001,179051.05000000005,12572.550000000003,149766.3,9516.5,15107.924999999988,166509.65,-3717.8875000000116,144374.525,46122.42499999999,0.375,-0.11250000000000004,0.025000000000005684,0.9625000000000004,0.5999999999999996,-1.4875000000000114,0.0375,0.11249999999999982,-0.2749999999999999,-0.30000000000000004,0.0625,0.4625000000000057
-71403.38750000001,181501.05000000005,12601.550000000003,149350.3,9677.5,15954.924999999988,167616.65,-3792.8875000000116,144413.525,45899.42499999999,0.375,-0.11250000000000004,1.0250000000000057,-0.037499999999999645,0.5999999999999996,-0.48750000000001137,0.0375,0.11249999999999982,-0.2749999999999999,-0.30000000000000004,0.0625,-0.5374999999999943
-70980.38750000001,181678.05000000005,12777.550000000003,148906.3,10173.5,16687.92499999999,167629.65,-3815.8875000000116,144728.525,46099.42499999999,0.375,-0.11250000000000004,-0.9749999999999943,0.9625000000000004,-0.40000000000000036,-1.4875000000000114,0.0375,0.11249999999999982,-0.2749999999999999,0.7,0.0625,-0.5374999999999943
-69864.38750000001,179644.05000000005,12687.550000000003,147755.3,9791.5,17508.92499999999,164731.65,-3889.8875000000116,145597.525,46136.42499999999,0.375,0.8875,0.025000000000005684,-0.037499999999999645,-0.40000000000000036,0.5124999999999886,0.0375,0.11249999999999982,-0.2749999999999999,0.7,0.0625,-0.5374999999999943
-69039.38750000001,177972.05000000005,12631.550000000003,146473.3,9473.5,18474.92499999999,164825.65,-3769.8875000000116,145171.525,45882.42499999999,-0.625,-0.11250000000000004,1.0250000000000057,1.9625000000000004,-0.40000000000000036,-0.48750000000001137,0.0375,0.11249999999999982,-0.2749999999999999,0.7,0.0625,0.4625000000000057
-68761.38750000001,178171.05000000005,12693.550000000003,145926.3,9695.5,18849.92499999999,165426.65,-3928.8875000000116,144918.525,45681.42499999999,-0.625,0.8875,-0.9749999999999943,-0.037499999999999645,-0.40000000000000036,0.5124999999999886,0.0375,0.11249999999999982,-0.2749999999999999,0.7,0.0625,-0.5374999999999943
-68732.38750000001,179355.05000000005,12811.550000000003,146919.3,10530.5,18496.92499999999,165988.65,-3786.8875000000116,144750.525,45571.42499999999,0.375,-0.11250000000000004,-0.9749999999999943,-0.037499999999999645,0.5999999999999996,-0.48750000000001137,0.0375,0.11249999999999982,-0.2749999999999999,0.7,0.0625,-0.5374999999999943
-68128.38750000001,178605.05000000005,12694.550000000003,148985.3,11538.5,18056.92499999999,166710.65,-3789.8875000000116,144396.525,45225.42499999999,0.375,-0.11250000000000004,0.025000000000005684,-0.037499999999999645,-0.40000000000000036,0.5124999999999886,0.0375,0.11249999999999982,-0.2749999999999999,-0.30000000000000004,0.0625,-0.5374999999999943
-67792.38750000001,177123.05000000005,12701.550000000003,148400.3,11236.5,18035.92499999999,166733.65,-3725.8875000000116,143658.525,44890.42499999999,-0.625,-0.11250000000000004,0.025000000000005684,-0.037499999999999645,0.5999999999999996,0.5124999999999886,0.0375,0.11249999999999982,0.7250000000000001,-0.30000000000000004,0.0625,-0.5374999999999943
-67761.38750000001,176464.05000000005,12716.550000000003,149100.3,11518.5,17689.92499999999,166535.65,-3635.8875000000116,142591.525,44595.42499999999,-0.625,-0.11250000000000004,0.025000000000005684,-0.037499999999999645,-0.40000000000000036,0.5124999999999886,0.0375,0.11249999999999982,0.7250000000000001,-0.30000000000000004,0.0625,-0.5374999999999943
-68061.38750000001,177469.05000000005,12725.550000000003,150831.3,12001.5,17145.92499999999,166417.65,-3670.8875000000116,141978.525,44095.42499999999,-0.625,0.8875,0.025000000000005684,-1.0374999999999996,0.5999999999999996,-0.48750000000001137,0.0375,0.11249999999999982,0.7250000000000001,-0.30000000000000004,0.0625,0.4625000000000057
-68627.38750000001,178673.05000000005,12903.550000000003,151731.3,12113.5,16242.924999999988,166891.65,-3621.8875000000116,141623.525,43947.42499999999,-0.625,-0.11250000000000004,0.025000000000005684,-0.037499999999999645,-0.40000000000000036,0.5124999999999886,0.0375,0.11249999999999982,-0.2749999999999999,-0.30000000000000004,1.0625,1.4625000000000057
-68850.38750000001,178722.05000000005,12832.550000000003,151026.3,11665.5,15865.924999999988,167311.65,-3599.8875000000116,141940.525,44285.42499999999,-0.625,-0.11250000000000004,0.025000000000005684,-1.0374999999999996,-0.40000000000000036,-0.48750000000001137,0.0375,-0.8875000000000002,-0.2749999999999999,-0.30000000000000004,0.0625,-0.5374999999999943
-68693.38750000001,177870.05000000005,12769.550000000003,150167.3,11289.5,15884.924999999988,167225.65,-3665.8875000000116,142723.525,44608.42499999999,-0.625,-0.11250000000000004,-0.9749999999999943,-0.037499999999999645,0.5999999999999996,-0.48750000000001137,0.0375,0.11249999999999982,-0.2749999999999999,-0.30000000000000004,0.0625,-0.5374999999999943
-68785.38750000001,176992.05000000005,12619.550000000003,150001.3,10600.5,15801.924999999988,166916.65,-3671.8875000000116,143504.525,44895.42499999999,-0.625,-0.11250000000000004,2.0250000000000057,-0.037499999999999645,-0.40000000000000036,0.5124999999999886,0.0375,0.11249999999999982,-0.2749999999999999,-0.30000000000000004,0.0625,-0.5374999999999943
-69779.38750000001,177192.05000000005,12589.550000000003,149540.3,10312.5,15763.924999999988,166760.65,-3741.8875000000116,143432.525,45073.42499999999,-0.625,-0.11250000000000004,0.025000000000005684,-0.037499999999999645,-0.40000000000000036,0.5124999999999886,0.0375,-0.8875000000000002,0.7250000000000001,-0.30000000000000004,-0.9375,-0.5374999999999943
-70132.38750000001,178101.05000000005,12572.550000000003,149327.3,10224.5,15709.924999999988,166696.65,-3702.8875000000116,143258.525,45114.42499999999,0.375,-0.11250000000000004,0.025000000000005684,-0.037499999999999645,-0.40000000000000036,0.5124999999999886,0.0375,0.11249999999999982,-0.2749999999999999,0.7,0.0625,-0.5374999999999943
-70303.38750000001,178820.05000000005,12666.550000000003,149204.3,10219.5,15804.924999999988,166750.65,-3722.8875000000116,143570.525,45324.42499999999,0.375,-0.11250000000000004,0.025000000000005684,-0.037499999999999645,-0.40000000000000036,0.5124999999999886,0.0375,0.11249999999999982,-0.2749999999999999,-0.30000000000000004,0.0625,0.4625000000000057
-70387.38750000001,178282.05000000005,12738.550000000003,149204.3,10056.5,15645.924999999988,165916.65,-3746.8875000000116,144068.525,45811.42499999999,-0.625,-0.11250000000000004,0.025000000000005684,-0.037499999999999645,-0.40000000000000036,-0.48750000000001137,0.0375,1.1124999999999998,0.7250000000000001,0.7,0.0625,0.4625000000000057
-70379.38750000001,177887.05000000005,12555.550000000003,148863.3,9840.5,15617.924999999988,165978.65,-3610.8875000000116,144332.525,45946.42499999999,0.375,-0.11250000000000004,0.025000000000005684,-0.037499999999999645,-0.40000000000000036,-0.48750000000001137,-0.9625,0.11249999999999982,-0.2749999999999999,-0.30000000000000004,0.0625,-0.5374999999999943
-70525.38750000001,178032.05000000005,12525.550000000003,148398.3,9425.5,15548.924999999988,166035.65,-3682.8875000000116,144131.525,45889.42499999999,0.375,-0.11250000000000004,-0.9749999999999943,-0.037499999999999645,0.5999999999999996,0.5124999999999886,0.0375,-0.8875000000000002,-0.2749999999999999,-0.30000000000000004,0.0625,0.4625000000000057
-71364.38750000001,178234.05000000005,12668.550000000003,149116.3,9702.5,15228.924999999988,166014.65,-3766.8875000000116,144156.525,45747.42499999999,-0.625,0.8875,0.025000000000005684,-0.037499999999999645,-0.40000000000000036,-0.48750000000001137,0.0375,-0.8875000000000002,-0.2749999999999999,-0.30000000000000004,0.0625,-0.5374999999999943
-72583.38750000001,177687.05000000005,12855.550000000003,150485.3,10398.5,14819.924999999988,165761.65,-3844.8875000000116,144558.525,45986.42499999999,0.375,0.8875,-0.9749999999999943,-0.037499999999999645,-0.40000000000000036,0.5124999999999886,0.0375,0.11249999999999982,-0.2749999999999999,-0.30000000000000004,0.0625,-1.5374999999999943
-72439.38750000001,176520.05000000005,12793.550000000003,151318.3,10763.5,14515.924999999988,165937.65,-3840.8875000000116,144712.525,46120.42499999999,0.375,-0.11250000000000004,0.025000000000005684,0.9625000000000004,-0.40000000000000036,-0.48750000000001137,0.0375,0.11249999999999982,-0.2749999999999999,-0.30000000000000004,0.0625,-0.5374999999999943
-72046.38750000001,175692.05000000005,12654.550000000003,151246.3,10544.5,14004.924999999988,166395.65,-3741.8875000000116,143929.525,45844.42499999999,0.375,0.8875,1.0250000000000057,-0.037499999999999645,0.5999999999999996,-0.48750000000001137,0.0375,1.1124999999999998,-0.2749999999999999,0.7,0.0625,0.4625000000000057
-71659.38750000001,175671.05000000005,12719.550000000003,151464.3,10645.5,13639.924999999988,166614.65,-3679.8875000000116,142745.525,45497.42499999999,0.375,0.8875,1.0250000000000057,0.9625000000000004,-0.40000000000000036,-0.48750000000001137,0.0375,0.11249999999999982,0.7250000000000001,0.7,0.0625,0.4625000000000057
-71075.38750000001,176018.05000000005,12633.550000000003,152056.3,11533.5,13366.924999999988,166607.65,-3805.8875000000116,141524.525,45042.42499999999,0.375,-0.11250000000000004,0.025000000000005684,-0.037499999999999645,0.5999999999999996,0.5124999999999886,0.0375,0.11249999999999982,-0.2749999999999999,0.7,1.0625,0.4625000000000057
-70407.38750000001,176450.05000000005,12584.550000000003,152411.3,11564.5,13285.924999999988,167480.65,-3785.8875000000116,141431.525,44906.42499999999,0.375,-0.11250000000000004,0.025000000000005684,0.9625000000000004,0.5999999999999996,-0.48750000000001137,-0.9625,0.11249999999999982,-0.2749999999999999,0.7,0.0625,-0.5374999999999943
-70019.38750000001,176490.05000000005,12558.550000000003,151475.3,11284.5,13474.924999999988,168380.65,-3542.8875000000116,141380.525,44788.42499999999,0.375,-0.11250000000000004,0.025000000000005684,-0.037499999999999645,-0.40000000000000036,-0.48750000000001137,0.0375,0.11249999999999982,0.7250000000000001,-0.30000000000000004,0.0625,1.4625000000000057
-69757.38750000001,176239.05000000005,12526.550000000003,150842.3,10984.5,14005.924999999988,168142.65,-3616.8875000000116,141602.525,44719.42499999999,0.375,-0.11250000000000004,0.025000000000005684,0.9625000000000004,-0.40000000000000036,-0.48750000000001137,0.0375,0.11249999999999982,-0.2749999999999999,-0.30000000000000004,0.0625,-0.5374999999999943
-69622.38750000001,176260.05000000005,12678.550000000003,150623.3,10906.5,14475.924999999988,167484.65,-3684.8875000000116,142077.525,44940.42499999999,0.375,-0.11250000000000004,-0.9749999999999943,-0.037499999999999645,0.5999999999999996,-0.48750000000001137,0.0375,0.11249999999999982,-0.2749999999999999,0.7,0.0625,-0.5374999999999943
-69693.38750000001,176864.05000000005,12603.550000000003,150446.3,10867.5,14774.924999999988,167121.65,-3672.8875000000116,143054.525,45165.42499999999,-0.625,-0.11250000000000004,0.025000000000005684,-0.037499999999999645,-0.40000000000000036,0.5124999999999886,0.0375,0.11249999999999982,0.7250000000000001,-0.30000000000000004,0.0625,0.4625000000000057
-69926.38750000001,177693.05000000005,12532.550000000003,149866.3,10290.5,15352.924999999988,167205.65,-3662.8875000000116,143507.525,45281.42499999999,-0.625,-0.11250000000000004,0.025000000000005684,-1.0374999999999996,-0.40000000000000036,-0.48750000000001137,0.0375,0.11249999999999982,-0.2749999999999999,-0.30000000000000004,0.0625,-1.5374999999999943
-70010.38750000001,178453.05000000005,12646.550000000003,149335.3,10176.5,15599.924999999988,167253.65,-3712.8875000000116,143930.525,45347.42499999999,-0.625,0.8875,0.025000000000005684,-0.037499999999999645,-0.40000000000000036,-0.48750000000001137,0.0375,0.11249999999999982,0.7250000000000001,-0.30000000000000004,0.0625,-0.5374999999999943
-70225.38750000001,178466.05000000005,12745.550000000003,148718.3,9924.5,15731.924999999988,166778.65,-3752.8875000000116,144578.525,45698.42499999999,-0.625,0.8875,0.025000000000005684,-0.037499999999999645,-0.40000000000000036,-0.48750000000001137,0.0375,-0.8875000000000002,0.7250000000000001,-0.30000000000000004,0.0625,-0.5374999999999943
-70122.38750000001,178137.05000000005,12738.550000000003,148863.3,9946.5,15682.924999999988,166765.65,-3653.8875000000116,145116.525,45947.42499999999,-0.625,0.8875,0.025000000000005684,-1.0374999999999996,-0.40000000000000036,0.5124999999999886,0.0375,0.11249999999999982,-0.2749999999999999,-0.30000000000000004,0.0625,0.4625000000000057
-69804.38750000001,177947.05000000005,12683.550000000003,149309.3,10144.5,15535.924999999988,167094.65,-3670.8875000000116,144962.525,45830.42499999999,-0.625,-0.11250000000000004,0.025000000000005684,-0.037499999999999645,0.5999999999999996,0.5124999999999886,0.0375,0.11249999999999982,-0.2749999999999999,-0.30000000000000004,0.0625,-0.5374999999999943
-69746.38750000001,178295.05000000005,12649.550000000003,149674.3,10269.5,15420.924999999988,167508.65,-3664.8875000000116,143089.525,45048.42499999999,-0.625,0.8875,0.025000000000005684,-1.0374999999999996,0.5999999999999996,0.5124999999999886,0.0375,0.11249999999999982,-0.2749999999999999,-0.30000000000000004,0.0625,-0.5374999999999943
-69610.38750000001,178191.05000000005,12493.550000000003,149976.3,10703.5,15196.924999999988,167436.65,-3614.8875000000116,142600.525,44841.42499999999,0.375,-0.11250000000000004,0.025000000000005684,-0.037499999999999645,-0.40000000000000036,-0.48750000000001137,0.0375,-0.8875000000000002,-0.2749999999999999,-0.30000000000000004,0.0625,-0.5374999999999943
-69334.38750000001,177581.05000000005,12704.550000000003,150588.3,11097.5,14894.924999999988,167049.65,-3573.8875000000116,142488.525,44843.42499999999,-0.625,-0.11250000000000004,0.025000000000005684,-0.037499999999999645,-0.40000000000000036,0.5124999999999886,0.0375,0.11249999999999982,0.7250000000000001,-0.30000000000000004,0.0625,0.4625000000000057
-69213.38750000001,177195.05000000005,12603.550000000003,151068.3,11350.5,14876.924999999988,167270.65,-3750.8875000000116,142522.525,44946.42499999999,0.375,-0.11250000000000004,0.025000000000005684,-0.037499999999999645,-0.40000000000000036,-0.48750000000001137,0.0375,-0.8875000000000002,-0.2749999999999999,0.7,0.0625,-0.5374999999999943
-69304.38750000001,177020.05000000005,12648.550000000003,150835.3,11263.5,14962.924999999988,167792.65,-3706.8875000000116,142502.525,44897.42499999999,0.375,-0.11250000000000004,-0.9749999999999943,-0.037499999999999645,-0.40000000000000036,-0.48750000000001137,0.0375,0.11249999999999982,-0.2749999999999999,-0.30000000000000004,0.0625,-1.5374999999999943
-69275.38750000001,176984.05000000005,12671.550000000003,150899.3,11075.5,15020.924999999988,167800.65,-3694.8875000000116,142463.525,44861.42499999999,-0.625,-0.11250000000000004,0.025000000000005684,0.9625000000000004,-0.40000000000000036,-0.48750000000001137,0.0375,1.1124999999999998,-0.2749999999999999,-0.30000000000000004,0.0625,-0.5374999999999943
-69442.38750000001,177155.05000000005,12609.550000000003,150948.3,11071.5,14958.924999999988,167392.65,-3707.8875000000116,142685.525,45092.42499999999,0.375,-0.11250000000000004,0.025000000000005684,-0.037499999999999645,0.5999999999999996,-0.48750000000001137,0.0375,-0.8875000000000002,-0.2749999999999999,-0.30000000000000004,0.0625,-0.5374999999999943
-69686.38750000001,177491.05000000005,12591.550000000003,150729.3,10754.5,15156.924999999988,167154.65,-3706.8875000000116,143060.525,45246.42499999999,0.375,-0.11250000000000004,0.025000000000005684,-0.037499999999999645,-0.40000000000000036,-0.48750000000001137,0.0375,0.11249999999999982,-0.2749999999999999,0.7,0.0625,-0.5374999999999943
-70232.38750000001,177840.05000000005,12645.550000000003,150437.3,10651.5,15211.924999999988,167187.65,-3728.8875000000116,143656.525,45449.42499999999,0.375,-0.11250000000000004,0.025000000000005684,-0.037499999999999645,-0.40000000000000036,1.5124999999999886,0.0375,0.11249999999999982,-0.2749999999999999,0.7,0.0625,-0.5374999999999943
-71909.38750000001,177847.05000000005,12554.550000000003,150399.3,10712.5,15188.924999999988,167006.65,-3746.8875000000116,144550.525,45864.42499999999,-0.625,0.8875,0.025000000000005684,0.9625000000000004,-0.40000000000000036,0.5124999999999886,0.0375,0.11249999999999982,0.7250000000000001,-0.30000000000000004,0.0625,-0.5374999999999943
-72316.38750000001,176990.05000000005,12570.550000000003,150603.3,10804.5,15049.924999999988,166703.65,-3746.8875000000116,145583.525,46406.42499999999,0.375,-0.11250000000000004,0.025000000000005684,-0.037499999999999645,-0.40000000000000036,-0.48750000000001137,0.0375,0.11249999999999982,-0.2749999999999999,-0.30000000000000004,0.0625,0.4625000000000057
-72438.38750000001,176169.05000000005,12741.550000000003,151021.3,10870.5,14703.924999999988,166698.65,-3919.8875000000116,145438.525,46629.42499999999,0.375,-0.11250000000000004,-0.9749999999999943,-0.037499999999999645,-0.40000000000000036,0.5124999999999886,0.0375,-0.8875000000000002,-0.2749999999999999,-0.30000000000000004,0.0625,-0.5374999999999943
-72305.38750000001,176646.05000000005,12650.550000000003,151083.3,10971.5,14505.924999999988,166852.65,-3626.8875000000116,144246.525,46306.42499999999,-0.625,-0.11250000000000004,0.025000000000005684,0.9625000000000004,-1.4000000000000004,-0.48750000000001137,0.0375,0.11249999999999982,0.7250000000000001,-0.30000000000000004,0.0625,-0.5374999999999943
-71753.38750000001,176775.05000000005,12704.550000000003,151303.3,11232.5,14552.924999999988,167303.65,-3616.8875000000116,143598.525,45406.42499999999,0.375,-0.11250000000000004,0.025000000000005684,0.9625000000000004,-0.40000000000000036,-0.48750000000001137,0.0375,0.11249999999999982,-0.2749999999999999,-0.30000000000000004,0.0625,-0.5374999999999943
-70975.38750000001,176707.05000000005,12593.550000000003,151913.3,11654.5,14487.924999999988,167428.65,-3681.8875000000116,143089.525,45205.42499999999,0.375,-0.11250000000000004,0.025000000000005684,-0.037499999999999645,-0.40000000000000036,-0.48750000000001137,0.0375,0.11249999999999982,-0.2749999999999999,-0.30000000000000004,0.0625,0.4625000000000057
-70219.38750000001,176620.05000000005,12568.550000000003,151989.3,11814.5,14348.924999999988,167896.65,-3728.8875000000116,142617.525,45002.42499999999,-0.625,-0.11250000000000004,0.025000000000005684,-0.037499999999999645,-0.40000000000000036,0.5124999999999886,0.0375,0.11249999999999982,-0.2749999999999999,-0.30000000000000004,0.0625,-0.5374999999999943
-69539.38750000001,176659.05000000005,12494.550000000003,151713.3,11729.5,14135.924999999988,168205.65,-3668.8875000000116,142057.525,44766.42499999999,0.375,-0.11250000000000004,-0.9749999999999943,-0.037499999999999645,-0.40000000000000036,0.5124999999999886,0.0375,0.11249999999999982,-0.2749999999999999,0.7,-0.9375,-0.5374999999999943
-69478.38750000001,176707.05000000005,12452.550000000003,151517.3,11641.5,14231.924999999988,168271.65,-3640.8875000000116,141911.525,44704.42499999999,-0.625,-0.11250000000000004,0.025000000000005684,0.9625000000000004,-0.40000000000000036,0.5124999999999886,0.0375,0.11249999999999982,-0.2749999999999999,-0.30000000000000004,0.0625,-0.5374999999999943
-69803.38750000001,176737.05000000005,12476.550000000003,151360.3,11603.5,14469.924999999988,167868.65,-3723.8875000000116,142176.525,44771.42499999999,0.375,-0.11250000000000004,0.025000000000005684,-1.0374999999999996,-0.40000000000000036,0.5124999999999886,0.0375,0.11249999999999982,-0.2749999999999999,-0.30000000000000004,0.0625,0.4625000000000057
-70149.38750000001,176983.05000000005,12591.550000000003,151253.3,11461.5,14626.924999999988,167428.65,-3642.8875000000116,142640.525,44954.42499999999,-0.625,-0.11250000000000004,0.025000000000005684,-1.0374999999999996,-0.40000000000000036,0.5124999999999886,0.0375,0.11249999999999982,-0.2749999999999999,-0.30000000000000004,0.0625,-0.5374999999999943
-70502.38750000001,177399.05000000005,12711.550000000003,150940.3,11044.5,14733.924999999988,167388.65,-3518.8875000000116,143233.525,45159.42499999999,-0.625,0.8875,0.025000000000005684,-0.037499999999999645,0.5999999999999996,0.5124999999999886,0.0375,0.11249999999999982,-0.2749999999999999,0.7,0.0625,0.4625000000000057
-70796.38750000001,177516.05000000005,12742.550000000003,150582.3,11081.5,14893.924999999988,166943.65,-3651.8875000000116,143780.525,45408.42499999999,0.375,-0.11250000000000004,-0.9749999999999943,-0.037499999999999645,-0.40000000000000036,0.5124999999999886,0.0375,-0.8875000000000002,-0.2749999999999999,-0.30000000000000004,0.0625,-0.5374999999999943
-70910.38750000001,177337.05000000005,12840.550000000003,150457.3,10969.5,14974.924999999988,166846.65,-3709.8875000000116,144293.525,45574.42499999999,0.375,0.8875,0.025000000000005684,-0.037499999999999645,-0.40000000000000036,-0.48750000000001137,0.0375,-0.8875000000000002,-0.2749999999999999,-0.30000000000000004,0.0625,-0.5374999999999943
-70617.38750000001,177478.05000000005,12823.550000000003,150483.3,10972.5,15279.924999999988,166914.65,-3697.8875000000116,143989.525,45501.42499999999,0.375,-0.11250000000000004,0.025000000000005684,-0.037499999999999645,-0.40000000000000036,0.5124999999999886,0.0375,0.11249999999999982,-0.2749999999999999,-0.30000000000000004,0.0625,-0.5374999999999943
-69979.38750000001,177681.05000000005,12736.550000000003,150458.3,10947.5,15243.924999999988,167258.65,-3781.8875000000116,143566.525,45349.42499999999,0.375,0.8875,-0.9749999999999943,-0.037499999999999645,-0.40000000000000036,0.5124999999999886,0.0375,0.11249999999999982,-0.2749999999999999,-0.30000000000000004,0.0625,-0.5374999999999943
-69492.38750000001,177581.05000000005,12693.550000000003,150388.3,11029.5,15103.924999999988,167547.65,-3748.8875000000116,143026.525,45193.42499999999,0.375,-0.11250000000000004,-0.9749999999999943,-0.037499999999999645,-0.40000000000000036,-0.48750000000001137,0.0375,0.11249999999999982,0.7250000000000001,-0.30000000000000004,0.0625,-0.5374999999999943
-69347.38750000001,177559.05000000005,12681.550000000003,150449.3,11056.5,15137.924999999988,167442.65,-3702.8875000000116,142682.525,44862.42499999999,-0.625,-0.11250000000000004,-0.9749999999999943,0.9625000000000004,-0.40000000000000036,-0.48750000000001137,0.0375,0.11249999999999982,0.7250000000000001,-0.30000000000000004,0.0625,-0.5374999999999943
-69133.38750000001,177224.05000000005,12545.550000000003,150413.3,11107.5,15112.924999999988,167378.65,-3783.8875000000116,142541.525,44930.42499999999,-0.625,0.8875,0.025000000000005684,0.9625000000000004,-0.40000000000000036,-0.48750000000001137,0.0375,-0.8875000000000002,-0.2749999999999999,0.7,0.0625,0.4625000000000057
-69215.38750000001,176941.05000000005,12423.550000000003,150209.3,11228.5,15265.924999999988,167407.65,-3699.8875000000116,142685.525,45158.42499999999,0.375,-0.11250000000000004,0.025000000000005684,-0.037499999999999645,-0.40000000000000036,0.5124999999999886,0.0375,0.11249999999999982,-0.2749999999999999,0.7,-0.9375,-0.5374999999999943
-69596.38750000001,176830.05000000005,12509.550000000003,150227.3,11341.5,15389.924999999988,167412.65,-3647.8875000000116,142806.525,45218.42499999999,0.375,-0.11250000000000004,0.025000000000005684,-0.037499999999999645,-0.40000000000000036,-0.48750000000001137,0.0375,0.11249999999999982,0.7250000000000001,-0.30000000000000004,0.0625,0.4625000000000057
-70070.38750000001,176660.05000000005,12535.550000000003,150510.3,11264.5,15090.924999999988,167184.65,-3622.8875000000116,143292.525,45334.42499999999,-0.625,-0.11250000000000004,0.025000000000005684,-1.0374999999999996,-0.40000000000000036,1.5124999999999886,0.0375,0.11249999999999982,0.7250000000000001,0.7,0.0625,0.4625000000000057
-70646.38750000001,176619.05000000005,12595.550000000003,150686.3,11250.5,15063.924999999988,167109.65,-3678.8875000000116,143669.525,45606.42499999999,0.375,-0.11250000000000004,0.025000000000005684,-0.037499999999999645,-0.40000000000000036,0.5124999999999886,0.0375,0.11249999999999982,-0.2749999999999999,0.7,0.0625,-0.5374999999999943
-71136.38750000001,176138.05000000005,12639.550000000003,151595.3,11608.5,14571.924999999988,167231.65,-3738.8875000000116,143286.525,45422.42499999999,0.375,0.8875,-0.9749999999999943,-0.037499999999999645,-0.40000000000000036,-0.48750000000001137,0.0375,0.11249999999999982,-0.2749999999999999,0.7,-0.9375,-0.5374999999999943
-70954.38750000001,176153.05000000005,12780.550000000003,151848.3,11706.5,14485.924999999988,167302.65,-3742.8875000000116,142736.525,45336.42499999999,0.375,0.8875,-0.9749999999999943,-0.037499999999999645,-0.40000000000000036,-0.48750000000001137,0.0375,0.11249999999999982,-0.2749999999999999,0.7,-0.9375,1.4625000000000057
-70773.38750000001,176164.05000000005,12760.550000000003,151993.3,11808.5,14414.924999999988,167403.65,-3699.8875000000116,142409.525,45165.42499999999,0.375,0.8875,1.0250000000000057,-0.037499999999999645,-0.40000000000000036,0.5124999999999886,0.0375,0.11249999999999982,-0.2749999999999999,-0.30000000000000004,0.0625,-0.5374999999999943
-70416.38750000001,176204.05000000005,12716.550000000003,151948.3,11840.5,14249.924999999988,167935.65,-3626.8875000000116,142227.525,45023.42499999999,0.375,-0.11250000000000004,1.0250000000000057,-0.037499999999999645,0.5999999999999996,-0.48750000000001137,0.0375,0.11249999999999982,0.7250000000000001,-0.30000000000000004,0.0625,0.4625000000000057
-70007.38750000001,176257.05000000005,12660.550000000003,151910.3,11793.5,14273.924999999988,168089.65,-3802.8875000000116,142080.525,44949.42499999999,0.375,-0.11250000000000004,0.025000000000005684,-0.037499999999999645,-0.40000000000000036,0.5124999999999886,0.0375,0.11249999999999982,0.7250000000000001,-0.30000000000000004,0.0625,0.4625000000000057
-69824.38750000001,176193.05000000005,12641.550000000003,151577.3,11803.5,14338.924999999988,168097.65,-3839.8875000000116,142372.525,44907.42499999999,-0.625,-0.11250000000000004,0.025000000000005684,-0.037499999999999645,-0.40000000000000036,-0.48750000000001137,0.0375,0.11249999999999982,-0.2749999999999999,-0.30000000000000004,0.0625,0.4625000000000057
-70340.38750000001,176215.05000000005,12664.550000000003,151523.3,11732.5,14519.924999999988,167906.65,-3631.8875000000116,142602.525,45029.42499999999,-0.625,-0.11250000000000004,1.0250000000000057,-0.037499999999999645,-0.40000000000000036,-0.48750000000001137,0.0375,0.11249999999999982,-0.2749999999999999,0.7,0.0625,-0.5374999999999943
-70577.38750000001,176330.05000000005,12682.550000000003,151406.3,11685.5,14655.924999999988,167578.65,-3666.8875000000116,142954.525,45146.42499999999,0.375,-0.11250000000000004,0.025000000000005684,-0.037499999999999645,-0.40000000000000036,-0.48750000000001137,0.0375,0.11249999999999982,-0.2749999999999999,-0.30000000000000004,0.0625,-0.5374999999999943
-70775.38750000001,176447.05000000005,12656.550000000003,151346.3,11531.5,14815.924999999988,167435.65,-3765.8875000000116,143294.525,45352.42499999999,-0.625,-0.11250000000000004,-0.9749999999999943,-0.037499999999999645,0.5999999999999996,-0.48750000000001137,0.0375,-0.8875000000000002,0.7250000000000001,0.7,0.0625,-0.5374999999999943
-70960.38750000001,176320.05000000005,12666.550000000003,151103.3,11552.5,14900.924999999988,167469.65,-3709.8875000000116,143577.525,45424.42499999999,-0.625,-0.11250000000000004,0.025000000000005684,-1.0374999999999996,0.5999999999999996,-0.48750000000001137,0.0375,0.11249999999999982,-0.2749999999999999,-0.30000000000000004,0.0625,0.4625000000000057
-70826.38750000001,176417.05000000005,12562.550000000003,150940.3,11376.5,15047.924999999988,167452.65,-3735.8875000000116,143375.525,45559.42499999999,-0.625,0.8875,-0.9749999999999943,-0.037499999999999645,0.5999999999999996,-0.48750000000001137,0.0375,0.11249999999999982,-0.2749999999999999,-0.30000000000000004,0.0625,0.4625000000000057
-70565.38750000001,176659.05000000005,12606.550000000003,150905.3,11518.5,15115.924999999988,167634.65,-3704.8875000000116,143001.525,45388.42499999999,-0.625,-0.11250000000000004,0.025000000000005684,-0.037499999999999645,-0.40000000000000036,-0.48750000000001137,0.0375,0.11249999999999982,-0.2749999999999999,-0.30000000000000004,0.0625,0.4625000000000057
-70180.38750000001,176925.05000000005,12562.550000000003,150849.3,11549.5,14917.924999999988,167655.65,-3726.8875000000116,142300.525,44879.42499999999,-0.625,-0.11250000000000004,0.025000000000005684,-0.037499999999999645,-0.40000000000000036,1.5124999999999886,0.0375,0.11249999999999982,-0.2749999999999999,-0.30000000000000004,0.0625,-0.5374999999999943
-69431.38750000001,177044.05000000005,12583.550000000003,150663.3,11522.5,15066.924999999988,167664.65,-3850.8875000000116,141810.525,44678.42499999999,-0.625,-0.11250000000000004,-0.9749999999999943,-0.037499999999999645,-0.40000000000000036,-0.48750000000001137,0.0375,0.11249999999999982,-0.2749999999999999,-0.30000000000000004,-0.9375,-0.5374999999999943
-69160.38750000001,177078.05000000005,12698.550000000003,150662.3,11529.5,15233.924999999988,167696.65,-3783.8875000000116,141604.525,44563.42499999999,0.375,-0.11250000000000004,-0.9749999999999943,-0.037499999999999645,-0.40000000000000036,-0.48750000000001137,0.0375,0.11249999999999982,0.7250000000000001,-0.30000000000000004,0.0625,-0.5374999999999943
-69169.38750000001,176892.05000000005,12580.550000000003,150600.3,11407.5,15218.924999999988,167753.65,-3811.8875000000116,141605.525,44694.42499999999,-0.625,0.8875,-0.9749999999999943,0.9625000000000004,-0.40000000000000036,-1.4875000000000114,0.0375,0.11249999999999982,-0.2749999999999999,-0.30000000000000004,0.0625,0.4625000000000057
-69329.38750000001,176725.05000000005,12549.550000000003,150565.3,11514.5,15297.924999999988,167812.65,-3751.8875000000116,142046.525,44894.42499999999,0.375,0.8875,-0.9749999999999943,-0.037499999999999645,-0.40000000000000036,-0.48750000000001137,0.0375,0.11249999999999982,0.7250000000000001,-0.30000000000000004,0.0625,-0.5374999999999943
-69716.38750000001,176635.05000000005,12699.550000000003,150669.3,11447.5,15080.924999999988,167625.65,-3689.8875000000116,142543.525,45114.42499999999,0.375,-0.11250000000000004,-0.9749999999999943,0.9625000000000004,-0.40000000000000036,1.5124999999999886,0.0375,0.11249999999999982,0.7250000000000001,-0.30000000000000004,0.0625,0.4625000000000057
-70214.38750000001,176535.05000000005,12825.550000000003,150719.3,11299.5,14883.924999999988,167244.65,-3844.8875000000116,143153.525,45453.42499999999,0.375,-0.11250000000000004,0.025000000000005684,0.9625000000000004,-0.40000000000000036,0.5124999999999886,-0.9625,-0.8875000000000002,-0.2749999999999999,0.7,0.0625,0.4625000000000057
-70720.38750000001,176129.05000000005,12651.550000000003,150928.3,11438.5,15157.924999999988,167223.65,-3745.8875000000116,143536.525,45441.42499999999,0.375,0.8875,0.025000000000005684,-0.037499999999999645,-0.40000000000000036,0.5124999999999886,0.0375,0.11249999999999982,-0.2749999999999999,-0.30000000000000004,0.0625,-0.5374999999999943
-71055.38750000001,175832.05000000005,12701.550000000003,151333.3,11663.5,15078.924999999988,167208.65,-3810.8875000000116,143642.525,45434.42499999999,-0.625,0.8875,-0.9749999999999943,-0.037499999999999645,-0.40000000000000036,-0.48750000000001137,0.0375,0.11249999999999982,-0.2749999999999999,0.7,0.0625,-0.5374999999999943
-71201.38750000001,175630.05000000005,12723.550000000003,151559.3,11728.5,14736.924999999988,167171.65,-3724.8875000000116,143657.525,45494.42499999999,-0.625,-0.11250000000000004,0.025000000000005684,-0.037499999999999645,-0.40000000000000036,-0.48750000000001137,0.0375,0.11249999999999982,-0.2749999999999999,-0.30000000000000004,0.0625,0.4625000000000057
-71081.38750000001,175682.05000000005,12857.550000000003,151866.3,12013.5,14555.924999999988,167186.65,-3879.8875000000116,142974.525,45365.42499999999,0.375,-0.11250000000000004,0.025000000000005684,0.9625000000000004,0.5999999999999996,-0.48750000000001137,0.0375,0.11249999999999982,0.7250000000000001,0.7,0.0625,-0.5374999999999943
-70905.38750000001,175704.05000000005,12798.550000000003,152171.3,12214.5,14361.924999999988,167089.65,-3698.8875000000116,142507.525,45130.42499999999,0.375,0.8875,0.025000000000005684,0.9625000000000004,-0.40000000000000036,0.5124999999999886,0.0375,0.11249999999999982,-0.2749999999999999,0.7,0.0625,0.4625000000000057
-70428.38750000001,175624.05000000005,12705.550000000003,152302.3,12125.5,14135.924999999988,167422.65,-3746.8875000000116,142228.525,45021.42499999999,-0.625,-0.11250000000000004,0.025000000000005684,-0.037499999999999645,-0.40000000000000036,-0.48750000000001137,0.0375,-0.8875000000000002,-0.2749999999999999,-0.30000000000000004,0.0625,0.4625000000000057
-70128.38750000001,175525.05000000005,12601.550000000003,152475.3,12183.5,14051.924999999988,167722.65,-3771.8875000000116,142026.525,44884.42499999999,0.375,-0.11250000000000004,1.0250000000000057,-0.037499999999999645,-0.40000000000000036,-0.48750000000001137,0.0375,0.11249999999999982,0.7250000000000001,-0.30000000000000004,0.0625,-0.5374999999999943
-69935.38750000001,175346.05000000005,12833.550000000003,152460.3,12165.5,14060.924999999988,167958.65,-3886.8875000000116,141779.525,44700.42499999999,0.375,-0.11250000000000004,1.0250000000000057,0.9625000000000004,0.5999999999999996,0.5124999999999886,0.0375,-0.8875000000000002,-0.2749999999999999,-0.30000000000000004,0.0625,0.4625000000000057
-69836.38750000001,175562.05000000005,12853.550000000003,152145.3,12093.5,14388.924999999988,168207.65,-3790.8875000000116,141873.525,44672.42499999999,-0.625,-0.11250000000000004,0.025000000000005684,-0.037499999999999645,-0.40000000000000036,0.5124999999999886,0.0375,0.11249999999999982,-0.2749999999999999,0.7,0.0625,-0.5374999999999943
-70170.38750000001,175722.05000000005,12821.550000000003,151759.3,11872.5,14664.924999999988,167796.65,-3683.8875000000116,142552.525,44917.42499999999,-0.625,-0.11250000000000004,0.025000000000005684,-0.037499999999999645,-0.40000000000000036,0.5124999999999886,0.0375,0.11249999999999982,-0.2749999999999999,0.7,0.0625,0.4625000000000057
-70502.38750000001,175960.05000000005,12750.550000000003,151609.3,11740.5,14781.924999999988,167649.65,-3693.8875000000116,142946.525,45162.42499999999,-0.625,-0.11250000000000004,1.0250000000000057,-0.037499999999999645,-0.40000000000000036,-0.48750000000001137,0.0375,0.11249999999999982,-0.2749999999999999,-0.30000000000000004,0.0625,-0.5374999999999943
-70725.38750000001,176150.05000000005,12656.550000000003,151315.3,11717.5,15065.924999999988,167553.65,-3725.8875000000116,143315.525,45331.42499999999,-0.625,-0.11250000000000004,0.025000000000005684,-0.037499999999999645,0.5999999999999996,-0.48750000000001137,0.0375,0.11249999999999982,-0.2749999999999999,-0.30000000000000004,0.0625,0.4625000000000057
-70490.38750000001,176104.05000000005,12575.550000000003,151110.3,11655.5,15060.924999999988,167530.65,-3694.8875000000116,143665.525,45413.42499999999,-0.625,-0.11250000000000004,0.025000000000005684,-0.037499999999999645,0.5999999999999996,0.5124999999999886,0.0375,0.11249999999999982,-0.2749999999999999,-0.30000000000000004,0.0625,-0.5374999999999943
-70204.38750000001,176131.05000000005,12577.550000000003,151388.3,11815.5,14980.924999999988,167575.65,-3697.8875000000116,143663.525,45350.42499999999,-0.625,-0.11250000000000004,0.025000000000005684,-0.037499999999999645,-0.40000000000000036,-0.48750000000001137,0.0375,0.11249999999999982,-0.2749999999999999,-0.30000000000000004,0.0625,-0.5374999999999943
-69876.38750000001,176224.05000000005,12580.550000000003,151493.3,11915.5,14836.924999999988,167711.65,-3740.8875000000116,143427.525,45064.42499999999,-0.625,-0.11250000000000004,0.025000000000005684,-0.037499999999999645,-1.4000000000000004,-0.48750000000001137,0.0375,0.11249999999999982,-0.2749999999999999,-0.30000000000000004,0.0625,0.4625000000000057
-69629.38750000001,176462.05000000005,12691.550000000003,151438.3,11921.5,14993.924999999988,167755.65,-3667.8875000000116,142976.525,44787.42499999999,-0.625,-0.11250000000000004,-0.9749999999999943,-0.037499999999999645,-0.40000000000000036,-0.48750000000001137,0.0375,0.11249999999999982,0.7250000000000001,-0.30000000000000004,0.0625,1.4625000000000057
-69309.38750000001,176578.05000000005,12696.550000000003,151522.3,12062.5,14965.924999999988,167774.65,-3595.8875000000116,142593.525,44752.42499999999,0.375,0.8875,0.025000000000005684,-0.037499999999999645,-0.40000000000000036,-0.48750000000001137,-0.9625,0.11249999999999982,0.7250000000000001,-0.30000000000000004,0.0625,0.4625000000000057
-69322.38750000001,176486.05000000005,12645.550000000003,151696.3,12194.5,14778.924999999988,167682.65,-3680.8875000000116,142603.525,44848.42499999999,-0.625,-0.11250000000000004,1.0250000000000057,-0.037499999999999645,0.5999999999999996,0.5124999999999886,0.0375,-0.8875000000000002,-0.2749999999999999,0.7,0.0625,0.4625000000000057
-69406.38750000001,176486.05000000005,12606.550000000003,151774.3,12131.5,14817.924999999988,168070.65,-3741.8875000000116,142854.525,45026.42499999999,0.375,-0.11250000000000004,-0.9749999999999943,-0.037499999999999645,-0.40000000000000036,0.5124999999999886,0.0375,0.11249999999999982,0.7250000000000001,-0.30000000000000004,0.0625,-0.5374999999999943
-69713.38750000001,176398.05000000005,12623.550000000003,151495.3,11960.5,14975.924999999988,168133.65,-3765.8875000000116,143081.525,45325.42499999999,0.375,-0.11250000000000004,1.0250000000000057,-0.037499999999999645,-0.40000000000000036,-0.48750000000001137,0.0375,0.11249999999999982,-0.2749999999999999,-0.30000000000000004,0.0625,-1.5374999999999943
-70152.38750000001,175939.05000000005,12582.550000000003,151416.3,11763.5,15184.924999999988,167902.65,-3734.8875000000116,143386.525,45403.42499999999,0.375,-0.11250000000000004,0.025000000000005684,-0.037499999999999645,-0.40000000000000036,0.5124999999999886,0.0375,0.11249999999999982,-0.2749999999999999,-0.30000000000000004,0.0625,-0.5374999999999943
-70550.38750000001,175836.05000000005,12581.550000000003,151353.3,11829.5,15062.924999999988,167548.65,-3739.8875000000116,143812.525,45405.42499999999,0.375,-0.11250000000000004,-0.9749999999999943,-0.037499999999999645,-0.40000000000000036,0.5124999999999886,0.0375,0.11249999999999982,-0.2749999999999999,-0.30000000000000004,0.0625,-0.5374999999999943
-70729.38750000001,175663.05000000005,12568.550000000003,151676.3,11976.5,14864.924999999988,167441.65,-3796.8875000000116,143882.525,45590.42499999999,0.375,-0.11250000000000004,-0.9749999999999943,-0.037499999999999645,0.5999999999999996,-0.48750000000001137,0.0375,0.11249999999999982,-0.2749999999999999,0.7,-0.9375,0.4625000000000057
-70920.38750000001,175600.05000000005,12484.550000000003,151978.3,12206.5,14691.924999999988,167916.65,-3622.8875000000116,143720.525,45538.42499999999,-0.625,-0.11250000000000004,0.025000000000005684,0.9625000000000004,-0.40000000000000036,0.5124999999999886,0.0375,0.11249999999999982,-0.2749999999999999,-0.30000000000000004,0.0625,-0.5374999999999943
-70654.38750000001,175785.05000000005,12666.550000000003,152116.3,12147.5,14566.924999999988,167737.65,-3577.8875000000116,142945.525,45296.42499999999,-0.625,0.8875,-0.9749999999999943,-0.037499999999999645,-0.40000000000000036,-0.48750000000001137,0.0375,0.11249999999999982,-0.2749999999999999,0.7,0.0625,0.4625000000000057
-70501.38750000001,175991.05000000005,12673.550000000003,152242.3,12232.5,14414.924999999988,167628.65,-3616.8875000000116,142414.525,45105.42499999999,0.375,0.8875,-0.9749999999999943,-0.037499999999999645,-0.40000000000000036,0.5124999999999886,0.0375,0.11249999999999982,-1.275,-0.30000000000000004,0.0625,0.4625000000000057
-69906.38750000001,176037.05000000005,12747.550000000003,152589.3,12515.5,14247.924999999988,168087.65,-3794.8875000000116,141786.525,44857.42499999999,-0.625,-0.11250000000000004,-0.9749999999999943,-0.037499999999999645,0.5999999999999996,-0.48750000000001137,0.0375,0.11249999999999982,0.7250000000000001,-0.30000000000000004,0.0625,-1.5374999999999943
-69810.38750000001,176044.05000000005,12829.550000000003,152508.3,12418.5,14219.924999999988,168341.65,-3798.8875000000116,141789.525,44841.42499999999,0.375,0.8875,-0.9749999999999943,-0.037499999999999645,-0.40000000000000036,-0.48750000000001137,0.0375,0.11249999999999982,0.7250000000000001,-0.30000000000000004,0.0625,-0.5374999999999943
-69923.38750000001,175980.05000000005,12753.550000000003,152428.3,12428.5,14385.924999999988,168333.65,-3697.8875000000116,141984.525,44851.42499999999,-0.625,-0.11250000000000004,1.0250000000000057,-0.037499999999999645,-0.40000000000000036,-0.48750000000001137,0.0375,0.11249999999999982,-0.2749999999999999,0.7,-0.9375,0.4625000000000057
-70033.38750000001,175948.05000000005,12618.550000000003,152352.3,12357.5,14511.924999999988,168065.65,-3703.8875000000116,142372.525,44904.42499999999,-0.625,0.8875,1.0250000000000057,-0.037499999999999645,-0.40000000000000036,-0.48750000000001137,0.0375,0.11249999999999982,-0.2749999999999999,-0.30000000000000004,0.0625,0.4625000000000057
-70206.38750000001,176114.05000000005,12528.550000000003,152108.3,12238.5,14912.924999999988,167837.65,-3606.8875000000116,142797.525,45122.42499999999,-0.625,-0.11250000000000004,1.0250000000000057,-0.037499999999999645,-0.40000000000000036,-1.4875000000000114,0.0375,0.11249999999999982,-0.2749999999999999,-0.30000000000000004,0.0625,0.4625000000000057
-70514.38750000001,175946.05000000005,12486.550000000003,151960.3,12280.5,14810.924999999988,167779.65,-3569.8875000000116,143039.525,45280.42499999999,-0.625,-1.1125,1.0250000000000057,-0.037499999999999645,-0.40000000000000036,-0.48750000000001137,0.0375,1.1124999999999998,0.7250000000000001,-0.30000000000000004,0.0625,-0.5374999999999943
-70602.38750000001,175882.05000000005,12533.550000000003,151857.3,12084.5,14843.924999999988,167682.65,-3552.8875000000116,143340.525,45315.42499999999,-0.625,-0.11250000000000004,0.025000000000005684,-0.037499999999999645,-0.40000000000000036,0.5124999999999886,0.0375,0.11249999999999982,0.7250000000000001,-0.30000000000000004,0.0625,-0.5374999999999943
-70515.38750000001,176012.05000000005,12646.550000000003,151893.3,12194.5,15004.924999999988,167706.65,-3588.8875000000116,143493.525,45155.42499999999,0.375,-0.11250000000000004,0.025000000000005684,-0.037499999999999645,-0.40000000000000036,-0.48750000000001137,0.0375,0.11249999999999982,-0.2749999999999999,-0.30000000000000004,0.0625,-0.5374999999999943
-70430.38750000001,176225.05000000005,12647.550000000003,151937.3,12246.5,14995.924999999988,167771.65,-3594.8875000000116,142864.525,45165.42499999999,0.375,0.8875,1.0250000000000057,-0.037499999999999645,0.5999999999999996,-0.48750000000001137,0.0375,0.11249999999999982,-0.2749999999999999,-0.30000000000000004,0.0625,-0.5374999999999943
-70134.38750000001,176309.05000000005,12600.550000000003,151981.3,12212.5,14862.924999999988,167932.65,-3755.8875000000116,142606.525,45002.42499999999,0.375,-0.11250000000000004,-0.9749999999999943,-0.037499999999999645,-0.40000000000000036,-0.48750000000001137,0.0375,-0.8875000000000002,-0.2749999999999999,-0.30000000000000004,0.0625,0.4625000000000057
-69650.38750000001,176186.05000000005,12630.550000000003,151994.3,12259.5,14833.924999999988,168077.65,-3777.8875000000116,142246.525,44887.42499999999,0.375,-0.11250000000000004,0.025000000000005684,-0.037499999999999645,-0.40000000000000036,-0.48750000000001137,0.0375,0.11249999999999982,0.7250000000000001,-0.30000000000000004,0.0625,0.4625000000000057
-69391.38750000001,176172.05000000005,12663.550000000003,152019.3,12220.5,14765.924999999988,168018.65,-3781.8875000000116,141906.525,44805.42499999999,-0.625,-0.11250000000000004,1.0250000000000057,-0.037499999999999645,-0.40000000000000036,-0.48750000000001137,0.0375,0.11249999999999982,0.7250000000000001,-0.30000000000000004,0.0625,0.4625000000000057
-69601.38750000001,176541.05000000005,12544.550000000003,152114.3,12293.5,15026.924999999988,168225.65,-3629.8875000000116,142291.525,44909.42499999999,0.375,-0.11250000000000004,0.025000000000005684,-0.037499999999999645,-0.40000000000000036,-0.48750000000001137,0.0375,0.11249999999999982,-0.2749999999999999,0.7,0.0625,0.4625000000000057
-69630.38750000001,176355.05000000005,12678.550000000003,152118.3,12328.5,14887.924999999988,168166.65,-3793.8875000000116,142528.525,44967.42499999999,0.375,-0.11250000000000004,0.025000000000005684,-0.037499999999999645,-0.40000000000000036,0.5124999999999886,0.0375,0.11249999999999982,0.7250000000000001,-0.30000000000000004,0.0625,0.4625000000000057
-69895.38750000001,176072.05000000005,12681.550000000003,152002.3,12326.5,14878.924999999988,167929.65,-3742.8875000000116,142682.525,44963.42499999999,-0.625,-0.11250000000000004,0.025000000000005684,0.9625000000000004,-0.40000000000000036,0.5124999999999886,0.0375,0.11249999999999982,-0.2749999999999999,0.7,0.0625,0.4625000000000057
-70220.38750000001,175836.05000000005,12613.550000000003,151975.3,12246.5,14974.924999999988,167715.65,-3665.8875000000116,142947.525,45061.42499999999,0.375,0.8875,0.025000000000005684,-0.037499999999999645,0.5999999999999996,-0.48750000000001137,0.0375,0.11249999999999982,-0.2749999999999999,0.7,0.0625,-1.5374999999999943
-70407.38750000001,175618.05000000005,12652.550000000003,152178.3,12139.5,14920.924999999988,167624.65,-3603.8875000000116,143099.525,45202.42499999999,-0.625,-0.11250000000000004,0.025000000000005684,-0.037499999999999645,-0.40000000000000036,-0.48750000000001137,0.0375,0.11249999999999982,0.7250000000000001,-0.30000000000000004,0.0625,0.4625000000000057
-70627.38750000001,175615.05000000005,12714.550000000003,152372.3,12383.5,14672.924999999988,167601.65,-3759.8875000000116,143059.525,45251.42499999999,0.375,-0.11250000000000004,0.025000000000005684,-0.037499999999999645,-0.40000000000000036,0.5124999999999886,0.0375,0.11249999999999982,-0.2749999999999999,-0.30000000000000004,0.0625,-0.5374999999999943
-70666.38750000001,175695.05000000005,12653.550000000003,152568.3,12531.5,14506.924999999988,167729.65,-3702.8875000000116,142812.525,45025.42499999999,0.375,-0.11250000000000004,0.025000000000005684,-0.037499999999999645,-0.40000000000000036,-0.48750000000001137,0.0375,-0.8875000000000002,-0.2749999999999999,0.7,0.0625,0.4625000000000057
-70318.38750000001,175723.05000000005,12715.550000000003,152673.3,12537.5,14511.924999999988,167965.65,-3671.8875000000116,142579.525,44861.42499999999,-0.625,-0.11250000000000004,0.025000000000005684,-0.037499999999999645,-0.40000000000000036,-0.48750000000001137,0.0375,0.11249999999999982,0.7250000000000001,-0.30000000000000004,0.0625,-0.5374999999999943
