FPI,SPI,AI,SFI,FFI,FPD,SPD,AD,SFD,FFD,API_X,API_Y,API_Z,APD_X,APD_Y,APD_Z,AFD_X,AFD_Y,AFD_Z,AFI_X,AFI_Y,AFI_Z
-59114.20000000001,259.3499999999767,13898.0,95560.975,-7732.662499999977,-7230.662499999977,-67.22500000000582,-9004.725000000006,-186.75,-28021.287499999977,0.6375000000000002,-0.4375,-1.0625,0.8250000000000002,0.5750000000000002,-0.125,0.1625,0.08749999999999991,-0.2749999999999999,-0.2749999999999999,0.0125,-0.125
-59284.20000000001,273.3499999999767,14036.0,95504.975,-7919.662499999977,-7188.662499999977,130.77499999999418,-8999.725000000006,-5.75,-28021.287499999977,0.6375000000000002,-0.4375,0.9375,-0.17499999999999982,0.5750000000000002,-0.125,-0.8375,0.08749999999999991,-0.2749999999999999,-0.2749999999999999,0.0125,-0.125
-59488.20000000001,389.3499999999767,13991.0,95563.975,-7683.662499999977,-7224.662499999977,163.77499999999418,-8987.725000000006,-44.75,-28098.287499999977,-0.3624999999999998,-0.4375,-0.0625,-0.17499999999999982,0.5750000000000002,-0.125,-0.8375,0.08749999999999991,-0.2749999999999999,-0.2749999999999999,-0.9875,-0.125
-59640.20000000001,238.34999999997672,14059.0,95541.975,-7691.662499999977,-7269.662499999977,-125.22500000000582,-9026.725000000006,-343.75,-28174.287499999977,-0.3624999999999998,-0.4375,0.9375,-0.17499999999999982,-0.4249999999999998,-0.125,-0.8375,0.08749999999999991,-0.2749999999999999,-0.2749999999999999,0.0125,-0.125
-59406.20000000001,57.34999999997672,13930.0,95419.975,-7638.662499999977,-7509.662499999977,-192.22500000000582,-9086.725000000006,-349.75,-28392.287499999977,-0.3624999999999998,-0.4375,-0.0625,-0.17499999999999982,-1.4249999999999998,-0.125,0.1625,-0.9125000000000001,0.7250000000000001,-0.2749999999999999,0.0125,-0.125
-59303.20000000001,104.34999999997672,14014.0,95410.975,-7583.662499999977,-7631.662499999977,-245.22500000000582,-8975.725000000006,-190.75,-28337.287499999977,1.6375000000000002,-0.4375,-0.0625,-0.17499999999999982,-0.4249999999999998,-0.125,-0.8375,0.08749999999999991,-0.2749999999999999,-0.2749999999999999,-0.9875,0.875
-59116.20000000001,-232.65000000002328,13955.0,95343.975,-7714.662499999977,-7706.662499999977,-123.22500000000582,-8963.725000000006,68.25,-28145.287499999977,0.6375000000000002,-0.4375,-0.0625,-0.17499999999999982,-0.4249999999999998,-0.125,-0.8375,0.08749999999999991,-0.2749999999999999,-1.275,0.0125,-0.125
-59343.20000000001,-254.65000000002328,13924.0,95520.975,-7573.662499999977,-7433.662499999977,549.7749999999942,-8833.725000000006,440.25,-27819.287499999977,0.6375000000000002,-1.4375,-0.0625,-0.17499999999999982,0.5750000000000002,-0.125,0.1625,0.08749999999999991,-0.2749999999999999,-0.2749999999999999,0.0125,-0.125
-59294.20000000001,32.34999999997672,13712.0,95671.975,-7517.662499999977,-7463.662499999977,295.7749999999942,-8958.725000000006,369.25,-27871.287499999977,0.6375000000000002,0.5625,-1.0625,-0.17499999999999982,-0.4249999999999998,-0.125,-0.8375,0.08749999999999991,-0.2749999999999999,-0.2749999999999999,0.0125,-0.125
-59206.20000000001,-146.65000000002328,13595.0,95585.975,-7502.662499999977,-7334.662499999977,248.77499999999418,-8999.725000000006,536.25,-27961.287499999977,-0.3624999999999998,-0.4375,-1.0625,0.8250000000000002,-0.4249999999999998,0.875,0.1625,0.08749999999999991,-0.2749999999999999,0.7250000000000001,-0.9875,-0.125
-59095.20000000001,-110.65000000002328,13721.0,95810.975,-7457.662499999977,-7391.662499999977,29.77499999999418,-9048.725000000006,390.25,-28037.287499999977,-0.3624999999999998,0.5625,-0.0625,-0.17499999999999982,-0.4249999999999998,-0.125,0.1625,0.08749999999999991,-0.2749999999999999,-0.2749999999999999,0.0125,-0.125
-59095.20000000001,-89.65000000002328,13767.0,95848.975,-7443.662499999977,-7406.662499999977,206.77499999999418,-9130.725000000006,385.25,-27973.287499999977,0.6375000000000002,-0.4375,-0.0625,-1.1749999999999998,-0.4249999999999998,-0.125,0.1625,0.08749999999999991,-0.2749999999999999,-1.275,0.0125,0.875
-59093.20000000001,-166.65000000002328,13927.0,95850.975,-7458.662499999977,-7303.662499999977,324.7749999999942,-9065.725000000006,417.25,-27972.287499999977,0.6375000000000002,-0.4375,-0.0625,-0.17499999999999982,0.5750000000000002,0.875,0.1625,0.08749999999999991,-0.2749999999999999,0.7250000000000001,0.0125,0.875
-59288.20000000001,-148.65000000002328,14126.0,96043.975,-7493.662499999977,-7148.662499999977,305.7749999999942,-9008.725000000006,244.25,-27937.287499999977,0.6375000000000002,0.5625,0.9375,-0.17499999999999982,-0.4249999999999998,0.875,0.1625,0.08749999999999991,0.7250000000000001,-0.2749999999999999,-0.9875,-0.125
-59359.20000000001,-28.650000000023283,14019.0,96170.975,-7422.662499999977,-7162.662499999977,444.7749999999942,-8966.725000000006,134.25,-27946.287499999977,0.6375000000000002,0.5625,-0.0625,-0.17499999999999982,-0.4249999999999998,-0.125,0.1625,1.0875,-0.2749999999999999,0.7250000000000001,0.0125,-0.125
-59167.20000000001,-141.65000000002328,14119.0,96068.975,-7503.662499999977,-7094.662499999977,308.7749999999942,-8861.725000000006,73.25,-27977.287499999977,0.6375000000000002,-0.4375,-0.0625,-0.17499999999999982,0.5750000000000002,-0.125,0.1625,0.08749999999999991,0.7250000000000001,-0.2749999999999999,1.0125,0.875
-59118.20000000001,-249.65000000002328,14077.0,95985.975,-7721.662499999977,-7415.662499999977,151.77499999999418,-8985.725000000006,-315.75,-27971.287499999977,0.6375000000000002,0.5625,-0.0625,-0.17499999999999982,0.5750000000000002,0.875,0.1625,0.08749999999999991,-0.2749999999999999,-0.2749999999999999,0.0125,-0.125
-59186.20000000001,-268.6500000000233,13828.0,96274.975,-7563.662499999977,-7366.662499999977,342.7749999999942,-9040.725000000006,-279.75,-27927.287499999977,0.6375000000000002,0.5625,-0.0625,-0.17499999999999982,0.5750000000000002,-0.125,-0.8375,0.08749999999999991,0.7250000000000001,-0.2749999999999999,0.0125,-0.125
-59240.20000000001,-19.650000000023283,13989.0,96177.975,-7562.662499999977,-7090.662499999977,369.7749999999942,-8927.725000000006,-222.75,-27991.287499999977,0.6375000000000002,0.5625,-0.0625,0.8250000000000002,0.5750000000000002,-0.125,0.1625,0.08749999999999991,-0.2749999999999999,-0.2749999999999999,0.0125,-0.125
-59158.20000000001,-186.65000000002328,14202.0,96211.975,-7545.662499999977,-7029.662499999977,147.77499999999418,-8871.725000000006,-284.75,-28007.287499999977,-0.3624999999999998,-0.4375,0.9375,0.8250000000000002,0.5750000000000002,-0.125,0.1625,0.08749999999999991,-0.2749999999999999,0.7250000000000001,0.0125,-0.125
-59284.20000000001,-67.65000000002328,14204.0,96259.975,-7563.662499999977,-7062.662499999977,3.7749999999941792,-8946.725000000006,-357.75,-27934.287499999977,0.6375000000000002,0.5625,0.9375,0.8250000000000002,-0.4249999999999998,-0.125,-0.8375,0.08749999999999991,-0.2749999999999999,-0.2749999999999999,0.0125,-0.125
-59311.20000000001,-18.650000000023283,14082.0,96061.975,-7505.662499999977,-7168.662499999977,-37.22500000000582,-8931.725000000006,-378.75,-27844.287499999977,-0.3624999999999998,-0.4375,-0.0625,-0.17499999999999982,0.5750000000000002,-0.125,0.1625,0.08749999999999991,0.7250000000000001,0.7250000000000001,0.0125,-0.125
-59338.20000000001,33.34999999997672,14056.0,96246.975,-7397.662499999977,-7201.662499999977,11.77499999999418,-8913.725000000006,-266.75,-27988.287499999977,-0.3624999999999998,-0.4375,-0.0625,-0.17499999999999982,0.5750000000000002,-0.125,0.1625,0.08749999999999991,0.7250000000000001,-0.2749999999999999,0.0125,-1.125
-59262.20000000001,-40.65000000002328,14134.0,96201.975,-7522.662499999977,-7317.662499999977,175.77499999999418,-9050.725000000006,-230.75,-27932.287499999977,-0.3624999999999998,-0.4375,-1.0625,-0.17499999999999982,-0.4249999999999998,-0.125,0.1625,0.08749999999999991,0.7250000000000001,-0.2749999999999999,0.0125,-1.125
-59215.20000000001,-106.65000000002328,14048.0,96149.975,-7614.662499999977,-7206.662499999977,406.7749999999942,-9051.725000000006,-142.75,-28165.287499999977,-0.3624999999999998,0.5625,0.9375,-0.17499999999999982,-0.4249999999999998,-0.125,0.1625,-0.9125000000000001,1.725,0.7250000000000001,-0.9875,0.875
-59281.20000000001,-125.65000000002328,13993.0,96117.975,-7393.662499999977,-7174.662499999977,170.77499999999418,-9096.725000000006,-193.75,-28177.287499999977,-0.3624999999999998,-0.4375,-0.0625,-0.17499999999999982,0.5750000000000002,0.875,0.1625,-0.9125000000000001,0.7250000000000001,-0.2749999999999999,0.0125,0.875
-59367.20000000001,-124.65000000002328,13863.0,96167.975,-7474.662499999977,-7432.662499999977,28.77499999999418,-9000.725000000006,0.25,-27989.287499999977,0.6375000000000002,-0.4375,-0.0625,-0.17499999999999982,0.5750000000000002,-0.125,0.1625,0.08749999999999991,-0.2749999999999999,-0.2749999999999999,-0.9875,-0.125
-59208.20000000001,34.34999999997672,14040.0,96192.975,-7474.662499999977,-7399.662499999977,201.77499999999418,-8968.725000000006,-134.75,-28120.287499999977,0.6375000000000002,-0.4375,-0.0625,-0.17499999999999982,-0.4249999999999998,-0.125,0.1625,1.0875,0.7250000000000001,-0.2749999999999999,0.0125,-0.125
-59242.20000000001,129.34999999997672,13932.0,96079.975,-7358.662499999977,-7393.662499999977,182.77499999999418,-8990.725000000006,-170.75,-28184.287499999977,-0.3624999999999998,-0.4375,-0.0625,-0.17499999999999982,-0.4249999999999998,-0.125,0.1625,0.08749999999999991,-0.2749999999999999,-0.2749999999999999,0.0125,-0.125
-59323.20000000001,233.34999999997672,13976.0,96001.975,-7392.662499999977,-7426.662499999977,213.77499999999418,-9025.725000000006,89.25,-28255.287499999977,0.6375000000000002,-0.4375,-0.0625,-1.1749999999999998,-0.4249999999999998,-0.125,0.1625,-0.9125000000000001,-0.2749999999999999,-0.2749999999999999,0.0125,0.875
-59369.20000000001,243.34999999997672,14133.0,95949.975,-7362.662499999977,-7445.662499999977,181.77499999999418,-9050.725000000006,115.25,-28087.287499999977,0.6375000000000002,-0.4375,0.9375,-0.17499999999999982,-0.4249999999999998,-0.125,0.1625,0.08749999999999991,0.7250000000000001,-0.2749999999999999,0.0125,-0.125
-59342.20000000001,218.34999999997672,14043.0,95930.975,-7516.662499999977,-7371.662499999977,182.77499999999418,-8901.725000000006,-41.75,-27981.287499999977,0.6375000000000002,0.5625,-0.0625,-0.17499999999999982,-0.4249999999999998,-0.125,0.1625,-0.9125000000000001,-0.2749999999999999,-0.2749999999999999,0.0125,-0.125
-59435.20000000001,258.3499999999767,14030.0,95982.975,-7624.662499999977,-7454.662499999977,157.77499999999418,-8827.725000000006,-52.75,-28046.287499999977,-0.3624999999999998,-0.4375,-1.0625,-0.17499999999999982,-0.4249999999999998,-1.125,0.1625,0.08749999999999991,-0.2749999999999999,0.7250000000000001,0.0125,-0.125
-59406.20000000001,435.3499999999767,14033.0,95988.975,-7469.662499999977,-7347.662499999977,195.77499999999418,-8869.725000000006,-280.75,-28126.287499999977,0.6375000000000002,-0.4375,0.9375,-0.17499999999999982,-0.4249999999999998,-0.125,-0.8375,0.08749999999999991,-0.2749999999999999,-0.2749999999999999,0.0125,0.875
-59467.20000000001,94.34999999997672,14084.0,95707.975,-7494.662499999977,-7192.662499999977,-29.22500000000582,-8955.725000000006,-578.75,-28115.287499999977,-0.3624999999999998,0.5625,0.9375,-0.17499999999999982,0.5750000000000002,-0.125,-0.8375,0.08749999999999991,-0.2749999999999999,-0.2749999999999999,0.0125,0.875
-59271.20000000001,156.34999999997672,14030.0,95559.975,-7569.662499999977,-7190.662499999977,-51.22500000000582,-8908.725000000006,-1056.75,-28149.287499999977,-0.3624999999999998,-0.4375,-0.0625,-0.17499999999999982,0.5750000000000002,-1.125,0.1625,0.08749999999999991,-0.2749999999999999,-0.2749999999999999,0.0125,-0.125
-59246.20000000001,160.34999999997672,13960.0,95483.975,-7599.662499999977,-7188.662499999977,-99.22500000000582,-8930.725000000006,-1091.75,-28234.287499999977,0.6375000000000002,0.5625,-0.0625,-0.17499999999999982,0.5750000000000002,-0.125,0.1625,0.08749999999999991,-0.2749999999999999,-0.2749999999999999,0.0125,-0.125
-59344.20000000001,-119.65000000002328,13983.0,95352.975,-7642.662499999977,-7217.662499999977,-218.22500000000582,-8946.725000000006,-1180.75,-28223.287499999977,0.6375000000000002,0.5625,-0.0625,-0.17499999999999982,0.5750000000000002,-1.125,-0.8375,0.08749999999999991,-0.2749999999999999,-0.2749999999999999,1.0125,-0.125
-59166.20000000001,-154.65000000002328,14176.0,95320.975,-7792.662499999977,-7370.662499999977,-82.22500000000582,-8975.725000000006,-1132.75,-28054.287499999977,-0.3624999999999998,0.5625,-0.0625,0.8250000000000002,-0.4249999999999998,-1.125,0.1625,0.08749999999999991,-1.275,-0.2749999999999999,0.0125,-0.125
-59222.20000000001,-103.65000000002328,13915.0,95293.975,-7939.662499999977,-7082.662499999977,-100.22500000000582,-9019.725000000006,-1168.75,-28126.287499999977,0.6375000000000002,-0.4375,0.9375,-0.17499999999999982,-0.4249999999999998,-0.125,0.1625,-0.9125000000000001,-0.2749999999999999,-0.2749999999999999,0.0125,0.875
-59313.20000000001,-123.65000000002328,13915.0,95322.975,-7793.662499999977,-7150.662499999977,-139.22500000000582,-9046.725000000006,-1018.75,-28038.287499999977,-0.3624999999999998,-0.4375,-0.0625,-0.17499999999999982,0.5750000000000002,-0.125,0.1625,0.08749999999999991,-0.2749999999999999,-0.2749999999999999,0.0125,-0.125
-59320.20000000001,-174.65000000002328,14040.0,95478.975,-7650.662499999977,-7176.662499999977,-182.22500000000582,-9022.725000000006,-562.75,-28080.287499999977,1.6375000000000002,-0.4375,-0.0625,-0.17499999999999982,-0.4249999999999998,0.875,0.1625,0.08749999999999991,-0.2749999999999999,0.7250000000000001,0.0125,0.875
-59147.20000000001,-353.6500000000233,14052.0,95459.975,-7401.662499999977,-7265.662499999977,69.77499999999418,-9051.725000000006,-456.75,-28005.287499999977,-0.3624999999999998,-0.4375,-1.0625,-0.17499999999999982,-0.4249999999999998,-1.125,0.1625,0.08749999999999991,-0.2749999999999999,0.7250000000000001,0.0125,-0.125
-58997.20000000001,-320.6500000000233,14138.0,95606.975,-7286.662499999977,-7336.662499999977,177.77499999999418,-8962.725000000006,-154.75,-27933.287499999977,-0.3624999999999998,-0.4375,-0.0625,-0.17499999999999982,0.5750000000000002,-1.125,0.1625,-0.9125000000000001,-0.2749999999999999,-0.2749999999999999,0.0125,-0.125
-59150.20000000001,-181.65000000002328,14011.0,95462.975,-7466.662499999977,-7076.662499999977,-123.22500000000582,-9002.725000000006,-54.75,-27978.287499999977,-0.3624999999999998,-0.4375,-0.0625,-0.17499999999999982,0.5750000000000002,-1.125,-0.8375,0.08749999999999991,-0.2749999999999999,-0.2749999999999999,-0.9875,-0.125
-59300.20000000001,-134.65000000002328,13998.0,95569.975,-7580.662499999977,-7236.662499999977,-343.2250000000058,-8950.725000000006,102.25,-28191.287499999977,0.6375000000000002,-0.4375,-0.0625,-0.17499999999999982,0.5750000000000002,0.875,0.1625,0.08749999999999991,0.7250000000000001,-0.2749999999999999,0.0125,-0.125
-59233.20000000001,-75.65000000002328,14021.0,95642.975,-7464.662499999977,-7105.662499999977,-372.2250000000058,-8977.725000000006,163.25,-28115.287499999977,-0.3624999999999998,-0.4375,-0.0625,-0.17499999999999982,0.5750000000000002,-0.125,0.1625,0.08749999999999991,-0.2749999999999999,-0.2749999999999999,0.0125,-0.125
-59271.20000000001,-76.65000000002328,14054.0,95805.975,-7473.662499999977,-7258.662499999977,-254.22500000000582,-9044.725000000006,106.25,-28117.287499999977,-0.3624999999999998,0.5625,-0.0625,-1.1749999999999998,0.5750000000000002,-0.125,0.1625,0.08749999999999991,-0.2749999999999999,0.7250000000000001,0.0125,0.875
-59231.20000000001,37.34999999997672,14034.0,95901.975,-7487.662499999977,-7309.662499999977,-34.22500000000582,-8962.725000000006,8.25,-28140.287499999977,-0.3624999999999998,-0.4375,-0.0625,-1.1749999999999998,-0.4249999999999998,0.875,0.1625,-0.9125000000000001,-0.2749999999999999,-0.2749999999999999,-0.9875,0.875
-59276.20000000001,47.34999999997672,13912.0,95864.975,-7440.662499999977,-7366.662499999977,-0.22500000000582077,-8980.725000000006,-43.75,-28194.287499999977,-0.3624999999999998,-0.4375,-0.0625,-0.17499999999999982,-0.4249999999999998,-0.125,0.1625,0.08749999999999991,-0.2749999999999999,-0.2749999999999999,0.0125,-0.125
-59273.20000000001,13.349999999976717,13961.0,95909.975,-7422.662499999977,-7390.662499999977,-8.22500000000582,-8971.725000000006,-130.75,-28219.287499999977,0.6375000000000002,-0.4375,-0.0625,-0.17499999999999982,-0.4249999999999998,-0.125,0.1625,0.08749999999999991,-0.2749999999999999,-0.2749999999999999,0.0125,-0.125
-59183.20000000001,58.34999999997672,14012.0,96003.975,-7416.662499999977,-7310.662499999977,154.77499999999418,-9015.725000000006,-202.75,-28073.287499999977,-0.3624999999999998,-0.4375,-0.0625,-0.17499999999999982,0.5750000000000002,-0.125,0.1625,0.08749999999999991,-0.2749999999999999,-0.2749999999999999,0.0125,-0.125
-59334.20000000001,-75.65000000002328,14007.0,96026.975,-7412.662499999977,-7369.662499999977,346.7749999999942,-9050.725000000006,-175.75,-28100.287499999977,-0.3624999999999998,-0.4375,-0.0625,-0.17499999999999982,-0.4249999999999998,-0.125,-0.8375,0.08749999999999991,-0.2749999999999999,-0.2749999999999999,0.0125,-0.125
-59374.20000000001,-45.65000000002328,13910.0,96084.975,-7585.662499999977,-7369.662499999977,148.77499999999418,-8977.725000000006,-227.75,-28013.287499999977,-0.3624999999999998,0.5625,-1.0625,-0.17499999999999982,-0.4249999999999998,-0.125,0.1625,0.08749999999999991,0.7250000000000001,-0.2749999999999999,0.0125,-1.125
-59080.20000000001,58.34999999997672,14191.0,96151.975,-7390.662499999977,-7362.662499999977,444.7749999999942,-8914.725000000006,-346.75,-28230.287499999977,-0.3624999999999998,-0.4375,0.9375,-0.17499999999999982,0.5750000000000002,-1.125,-0.8375,0.08749999999999991,-0.2749999999999999,0.7250000000000001,0.0125,-0.125
-59259.20000000001,-6.650000000023283,14189.0,96181.975,-7520.662499999977,-7209.662499999977,241.77499999999418,-8847.725000000006,-460.75,-28187.287499999977,0.6375000000000002,-0.4375,-0.0625,0.8250000000000002,0.5750000000000002,0.875,0.1625,0.08749999999999991,0.7250000000000001,0.7250000000000001,0.0125,-0.125
-59318.20000000001,74.34999999997672,14051.0,96057.975,-7495.662499999977,-7154.662499999977,133.77499999999418,-8946.725000000006,-312.75,-28103.287499999977,-0.3624999999999998,-0.4375,-0.0625,-0.17499999999999982,0.5750000000000002,0.875,0.1625,0.08749999999999991,-0.2749999999999999,0.7250000000000001,0.0125,-0.125
-59284.20000000001,164.34999999997672,14046.0,96113.975,-7362.662499999977,-7298.662499999977,52.77499999999418,-8939.725000000006,-147.75,-28028.287499999977,-0.3624999999999998,-0.4375,-0.0625,-0.17499999999999982,0.5750000000000002,-0.125,0.1625,0.08749999999999991,-0.2749999999999999,-0.2749999999999999,0.0125,-0.125
-59420.20000000001,81.34999999997672,14072.0,96122.975,-7430.662499999977,-7175.662499999977,-21.22500000000582,-9039.725000000006,13.25,-28033.287499999977,0.6375000000000002,-0.4375,-0.0625,-0.17499999999999982,0.5750000000000002,-0.125,0.1625,0.08749999999999991,0.7250000000000001,-0.2749999999999999,0.0125,-0.125
-59302.20000000001,78.34999999997672,14085.0,95952.975,-7531.662499999977,-7254.662499999977,-100.22500000000582,-9037.725000000006,145.25,-28001.287499999977,0.6375000000000002,-0.4375,-0.0625,0.8250000000000002,-0.4249999999999998,-0.125,0.1625,0.08749999999999991,-0.2749999999999999,-0.2749999999999999,0.0125,-0.125
-59212.20000000001,-6.650000000023283,13930.0,96128.975,-7676.662499999977,-7339.662499999977,-278.2250000000058,-9034.725000000006,242.25,-27974.287499999977,0.6375000000000002,-0.4375,-0.0625,-0.17499999999999982,0.5750000000000002,-0.125,-0.8375,0.08749999999999991,0.7250000000000001,-0.2749999999999999,0.0125,-0.125
-59303.20000000001,183.34999999997672,13958.0,96154.975,-7615.662499999977,-7302.662499999977,-336.2250000000058,-8905.725000000006,310.25,-28005.287499999977,-0.3624999999999998,-0.4375,-0.0625,-0.17499999999999982,-0.4249999999999998,-0.125,0.1625,0.08749999999999991,0.7250000000000001,0.7250000000000001,0.0125,0.875
-59384.20000000001,64.34999999997672,14028.0,96165.975,-7607.662499999977,-7329.662499999977,-80.22500000000582,-8948.725000000006,359.25,-28021.287499999977,0.6375000000000002,0.5625,-0.0625,-0.17499999999999982,-0.4249999999999998,0.875,0.1625,0.08749999999999991,0.7250000000000001,-0.2749999999999999,0.0125,-0.125
-59373.20000000001,103.34999999997672,13861.0,96119.975,-7528.662499999977,-7127.662499999977,174.77499999999418,-9002.725000000006,482.25,-27939.287499999977,0.6375000000000002,-0.4375,-1.0625,-0.17499999999999982,-0.4249999999999998,-0.125,0.1625,0.08749999999999991,-0.2749999999999999,-0.2749999999999999,0.0125,0.875
-59357.20000000001,109.34999999997672,13945.0,96108.975,-7543.662499999977,-7208.662499999977,212.77499999999418,-8971.725000000006,466.25,-27996.287499999977,0.6375000000000002,0.5625,-0.0625,-0.17499999999999982,-0.4249999999999998,-1.125,0.1625,0.08749999999999991,-0.2749999999999999,0.7250000000000001,0.0125,0.875
-59289.20000000001,270.3499999999767,14125.0,96151.975,-7480.662499999977,-7305.662499999977,407.7749999999942,-8934.725000000006,666.25,-28092.287499999977,0.6375000000000002,-0.4375,-0.0625,-0.17499999999999982,0.5750000000000002,-0.125,0.1625,0.08749999999999991,-0.2749999999999999,-0.2749999999999999,-0.9875,-1.125
-59271.20000000001,132.34999999997672,14105.0,96244.975,-7567.662499999977,-7331.662499999977,471.7749999999942,-8978.725000000006,701.25,-28126.287499999977,0.6375000000000002,-0.4375,-0.0625,-1.1749999999999998,0.5750000000000002,0.875,0.1625,0.08749999999999991,-0.2749999999999999,-0.2749999999999999,-0.9875,-0.125
-59400.20000000001,12.349999999976717,14020.0,96327.975,-7450.662499999977,-7308.662499999977,607.7749999999942,-8980.725000000006,699.25,-28100.287499999977,-0.3624999999999998,0.5625,0.9375,-0.17499999999999982,-0.4249999999999998,-0.125,0.1625,0.08749999999999991,-0.2749999999999999,-0.2749999999999999,0.0125,-0.125
-59165.20000000001,-24.650000000023283,13998.0,96372.975,-7486.662499999977,-7384.662499999977,581.7749999999942,-9149.725000000006,601.25,-28066.287499999977,0.6375000000000002,0.5625,0.9375,-1.1749999999999998,-1.4249999999999998,-0.125,0.1625,0.08749999999999991,-0.2749999999999999,-0.2749999999999999,0.0125,-0.125
-59590.20000000001,449.3499999999767,13941.0,96270.975,-7385.662499999977,-7343.662499999977,434.7749999999942,-9070.725000000006,32.25,-28096.287499999977,-0.3624999999999998,-0.4375,-0.0625,0.8250000000000002,-0.4249999999999998,-0.125,0.1625,0.08749999999999991,-0.2749999999999999,-0.2749999999999999,-0.9875,0.875
-59224.20000000001,110.34999999997672,14035.0,96198.975,-7324.662499999977,-7280.662499999977,437.7749999999942,-9195.725000000006,-102.75,-28320.287499999977,-0.3624999999999998,-0.4375,-0.0625,-0.17499999999999982,-0.4249999999999998,-0.125,0.1625,0.08749999999999991,0.7250000000000001,-0.2749999999999999,0.0125,-0.125
-59392.20000000001,153.34999999997672,13993.0,96133.975,-7341.662499999977,-7278.662499999977,460.7749999999942,-9061.725000000006,-231.75,-28267.287499999977,0.6375000000000002,0.5625,-1.0625,-0.17499999999999982,-0.4249999999999998,0.875,0.1625,0.08749999999999991,-0.2749999999999999,-0.2749999999999999,0.0125,-0.125
-59225.20000000001,148.34999999997672,13978.0,96227.975,-7445.662499999977,-7344.662499999977,496.7749999999942,-9076.725000000006,-410.75,-28219.287499999977,0.6375000000000002,-0.4375,-0.0625,-0.17499999999999982,-0.4249999999999998,0.875,-0.8375,0.08749999999999991,0.7250000000000001,-0.2749999999999999,0.0125,-0.125
-59187.20000000001,55.34999999997672,14001.0,96316.975,-7573.662499999977,-7405.662499999977,470.7749999999942,-9109.725000000006,-461.75,-28232.287499999977,0.6375000000000002,-0.4375,-0.0625,-0.17499999999999982,0.5750000000000002,-0.125,0.1625,-0.9125000000000001,-0.2749999999999999,-0.2749999999999999,0.0125,-0.125
-59356.20000000001,237.34999999997672,13897.0,96393.975,-7550.662499999977,-7361.662499999977,326.7749999999942,-8905.725000000006,-59.75,-28041.287499999977,-0.3624999999999998,-0.4375,-0.0625,-0.17499999999999982,-0.4249999999999998,-0.125,0.1625,-0.9125000000000001,-0.2749999999999999,0.7250000000000001,0.0125,-1.125
-59405.20000000001,78.34999999997672,14065.0,96404.975,-7571.662499999977,-7327.662499999977,139.77499999999418,-8993.725000000006,-109.75,-27974.287499999977,0.6375000000000002,-0.4375,-0.0625,-0.17499999999999982,0.5750000000000002,-1.125,0.1625,0.08749999999999991,-0.2749999999999999,0.7250000000000001,0.0125,-0.125
-59257.20000000001,-116.65000000002328,14041.0,96302.975,-7862.662499999977,-7376.662499999977,-24.22500000000582,-9159.725000000006,-184.75,-28167.287499999977,-0.3624999999999998,0.5625,0.9375,0.8250000000000002,-0.4249999999999998,-2.125,0.1625,0.08749999999999991,-0.2749999999999999,0.7250000000000001,0.0125,0.875
-59449.20000000001,-78.65000000002328,13998.0,96394.975,-8053.662499999977,-7498.662499999977,-54.22500000000582,-9198.725000000006,-107.75,-28530.287499999977,1.6375000000000002,-0.4375,0.9375,-0.17499999999999982,1.5750000000000002,-3.125,0.1625,0.08749999999999991,-0.2749999999999999,-0.2749999999999999,0.0125,-1.125
-59484.20000000001,126.34999999997672,13793.0,96360.975,-7809.662499999977,-7550.662499999977,-106.22500000000582,-9125.725000000006,223.25,-28222.287499999977,-0.3624999999999998,-0.4375,-0.0625,0.8250000000000002,0.5750000000000002,-1.125,0.1625,0.08749999999999991,-0.2749999999999999,-0.2749999999999999,1.0125,-0.125
-59372.20000000001,105.34999999997672,13737.0,96073.975,-7868.662499999977,-7409.662499999977,-110.22500000000582,-8965.725000000006,147.25,-28196.287499999977,0.6375000000000002,-0.4375,-2.0625,0.8250000000000002,-1.4249999999999998,-0.125,0.1625,-0.9125000000000001,-0.2749999999999999,-0.2749999999999999,-0.9875,-0.125
-59265.20000000001,-108.65000000002328,13685.0,95897.975,-8151.662499999977,-7272.662499999977,-62.22500000000582,-8899.725000000006,150.25,-28385.287499999977,0.6375000000000002,0.5625,0.9375,0.8250000000000002,-0.4249999999999998,-1.125,-0.8375,-0.9125000000000001,-0.2749999999999999,-0.2749999999999999,0.0125,-0.125
-59416.20000000001,-41.65000000002328,13485.0,95975.975,-7960.662499999977,-7459.662499999977,46.77499999999418,-8844.725000000006,-25.75,-28313.287499999977,0.6375000000000002,0.5625,-1.0625,-0.17499999999999982,-0.4249999999999998,-1.125,0.1625,0.08749999999999991,-0.2749999999999999,0.7250000000000001,0.0125,1.875
-59318.20000000001,-358.6500000000233,13168.0,95963.975,-7967.662499999977,-7748.662499999977,-303.2250000000058,-9050.725000000006,-136.75,-28312.287499999977,-0.3624999999999998,-0.4375,-1.0625,0.8250000000000002,-0.4249999999999998,-1.125,0.1625,-0.9125000000000001,-0.2749999999999999,-0.2749999999999999,-0.9875,0.875
-59396.20000000001,-118.65000000002328,13353.0,95625.975,-8000.662499999977,-7769.662499999977,-98.22500000000582,-9065.725000000006,-306.75,-28706.287499999977,-0.3624999999999998,-0.4375,-0.0625,-0.17499999999999982,-0.4249999999999998,-0.125,-0.8375,0.08749999999999991,-0.2749999999999999,-0.2749999999999999,0.0125,0.875
-59390.20000000001,35.34999999997672,13442.0,95651.975,-7910.662499999977,-7837.662499999977,-109.22500000000582,-9058.725000000006,-376.75,-28771.287499999977,-0.3624999999999998,-0.4375,-0.0625,-1.1749999999999998,-0.4249999999999998,0.875,0.1625,0.08749999999999991,0.7250000000000001,-0.2749999999999999,0.0125,0.875
-59400.20000000001,-280.6500000000233,13291.0,95843.975,-8069.662499999977,-8154.662499999977,-16.22500000000582,-9171.725000000006,-397.75,-29014.287499999977,0.6375000000000002,-1.4375,-1.0625,-0.17499999999999982,-0.4249999999999998,-0.125,0.1625,0.08749999999999991,-0.2749999999999999,-0.2749999999999999,0.0125,-0.125
-59412.20000000001,-252.65000000002328,13424.0,95890.975,-8130.662499999977,-8030.662499999977,62.77499999999418,-8965.725000000006,-330.75,-29127.287499999977,-0.3624999999999998,-0.4375,-0.0625,-1.1749999999999998,0.5750000000000002,-0.125,0.1625,0.08749999999999991,-0.2749999999999999,0.7250000000000001,-0.9875,0.875
-59337.20000000001,-39.65000000002328,13318.0,95788.975,-8157.662499999977,-7862.662499999977,127.77499999999418,-8887.725000000006,-409.75,-29365.287499999977,0.6375000000000002,0.5625,-0.0625,-0.17499999999999982,-0.4249999999999998,-0.125,0.1625,0.08749999999999991,-0.2749999999999999,-0.2749999999999999,-0.9875,-0.125
-59385.20000000001,-54.65000000002328,13482.0,95802.975,-8148.662499999977,-7893.662499999977,7.774999999994179,-9016.725000000006,-286.75,-29312.287499999977,0.6375000000000002,0.5625,-1.0625,-0.17499999999999982,0.5750000000000002,-1.125,0.1625,-0.9125000000000001,0.7250000000000001,0.7250000000000001,0.0125,0.875
-59499.20000000001,-18.650000000023283,13493.0,95951.975,-8164.662499999977,-7962.662499999977,86.77499999999418,-9059.725000000006,-210.75,-29065.287499999977,-0.3624999999999998,0.5625,1.9375,0.8250000000000002,0.5750000000000002,-1.125,0.1625,0.08749999999999991,0.7250000000000001,-0.2749999999999999,0.0125,-0.125
-59455.20000000001,-180.65000000002328,13573.0,95978.975,-8274.662499999977,-8096.662499999977,179.77499999999418,-9090.725000000006,-236.75,-29007.287499999977,0.6375000000000002,0.5625,-1.0625,-0.17499999999999982,0.5750000000000002,0.875,-0.8375,0.08749999999999991,-0.2749999999999999,-0.2749999999999999,0.0125,-0.125
-59552.20000000001,-12.650000000023283,13605.0,95957.975,-8630.662499999977,-7915.662499999977,170.77499999999418,-8962.725000000006,-25.75,-29195.287499999977,0.6375000000000002,0.5625,-0.0625,0.8250000000000002,-0.4249999999999998,-1.125,0.1625,0.08749999999999991,0.7250000000000001,-0.2749999999999999,0.0125,0.875
-59694.20000000001,153.34999999997672,13550.0,96078.975,-8545.662499999977,-7950.662499999977,65.77499999999418,-9073.725000000006,-101.75,-29144.287499999977,-0.3624999999999998,0.5625,-0.0625,-0.17499999999999982,0.5750000000000002,-0.125,0.1625,-0.9125000000000001,0.7250000000000001,-0.2749999999999999,0.0125,-0.125
-59724.20000000001,169.34999999997672,13515.0,96136.975,-8619.662499999977,-7874.662499999977,109.77499999999418,-8988.725000000006,-338.75,-29105.287499999977,-0.3624999999999998,0.5625,-0.0625,-0.17499999999999982,0.5750000000000002,-0.125,-0.8375,-0.9125000000000001,-0.2749999999999999,-0.2749999999999999,0.0125,-0.125
-59664.20000000001,2.349999999976717,13621.0,95993.975,-8636.662499999977,-7917.662499999977,199.77499999999418,-9039.725000000006,-377.75,-29034.287499999977,-0.3624999999999998,-0.4375,-0.0625,-0.17499999999999982,0.5750000000000002,-0.125,0.1625,0.08749999999999991,-0.2749999999999999,0.7250000000000001,0.0125,1.875
-59604.20000000001,20.349999999976717,13381.0,95891.975,-8748.662499999977,-7899.662499999977,243.77499999999418,-9049.725000000006,-228.75,-28950.287499999977,0.6375000000000002,-0.4375,-0.0625,0.8250000000000002,-0.4249999999999998,0.875,0.1625,0.08749999999999991,-0.2749999999999999,-0.2749999999999999,0.0125,-0.125
-59542.20000000001,112.34999999997672,13363.0,96004.975,-8768.662499999977,-7896.662499999977,294.7749999999942,-8995.725000000006,-46.75,-29100.287499999977,0.6375000000000002,0.5625,-0.0625,-0.17499999999999982,-0.4249999999999998,-0.125,0.1625,0.08749999999999991,0.7250000000000001,-0.2749999999999999,0.0125,0.875
-59603.20000000001,74.34999999997672,13414.0,95978.975,-8758.662499999977,-7949.662499999977,143.77499999999418,-9082.725000000006,-38.75,-28981.287499999977,0.6375000000000002,-0.4375,-0.0625,0.8250000000000002,-0.4249999999999998,-0.125,-0.8375,0.08749999999999991,-0.2749999999999999,-0.2749999999999999,0.0125,-0.125
-59783.20000000001,-10.650000000023283,13354.0,95909.975,-8548.662499999977,-7839.662499999977,172.77499999999418,-9295.725000000006,-131.75,-29129.287499999977,0.6375000000000002,-0.4375,-0.0625,0.8250000000000002,0.5750000000000002,-1.125,0.1625,0.08749999999999991,0.7250000000000001,-0.2749999999999999,0.0125,-0.125
-59666.20000000001,15.349999999976717,13341.0,96013.975,-8527.662499999977,-8045.662499999977,214.77499999999418,-9245.725000000006,-194.75,-29169.287499999977,0.6375000000000002,-0.4375,0.9375,-0.17499999999999982,0.5750000000000002,-0.125,0.1625,0.08749999999999991,0.7250000000000001,-0.2749999999999999,0.0125,-0.125
-59479.20000000001,96.34999999997672,13281.0,95873.975,-8543.662499999977,-8104.662499999977,208.77499999999418,-9124.725000000006,-245.75,-29198.287499999977,0.6375000000000002,-0.4375,0.9375,-0.17499999999999982,-0.4249999999999998,-0.125,0.1625,-0.9125000000000001,0.7250000000000001,-0.2749999999999999,0.0125,-0.125
-59552.20000000001,158.34999999997672,13152.0,95901.975,-8469.662499999977,-8018.662499999977,187.77499999999418,-9153.725000000006,-233.75,-29129.287499999977,0.6375000000000002,-1.4375,-0.0625,-0.17499999999999982,-0.4249999999999998,-0.125,0.1625,0.08749999999999991,0.7250000000000001,0.7250000000000001,-0.9875,-0.125
-59632.20000000001,138.34999999997672,13094.0,96055.975,-8425.662499999977,-8091.662499999977,178.77499999999418,-9178.725000000006,-174.75,-29072.287499999977,-0.3624999999999998,0.5625,-0.0625,-0.17499999999999982,-0.4249999999999998,-0.125,0.1625,0.08749999999999991,-0.2749999999999999,-0.2749999999999999,0.0125,-0.125
-59634.20000000001,77.34999999997672,13045.0,96076.975,-8572.662499999977,-7991.662499999977,-109.22500000000582,-9192.725000000006,141.25,-28782.287499999977,-0.3624999999999998,0.5625,1.9375,0.8250000000000002,-0.4249999999999998,0.875,0.1625,0.08749999999999991,-0.2749999999999999,0.7250000000000001,1.0125,0.875
-59733.20000000001,162.34999999997672,13160.0,96032.975,-8400.662499999977,-7903.662499999977,465.7749999999942,-9275.725000000006,670.25,-28648.287499999977,1.6375000000000002,0.5625,-1.0625,0.8250000000000002,-0.4249999999999998,-1.125,0.1625,0.08749999999999991,-0.2749999999999999,-0.2749999999999999,0.0125,-0.125
-58574.20000000001,-121.65000000002328,13018.0,95922.975,-8635.662499999977,-7347.662499999977,-508.2250000000058,-8989.725000000006,301.25,-29128.287499999977,0.6375000000000002,-1.4375,0.9375,0.8250000000000002,-0.4249999999999998,-0.125,-0.8375,0.08749999999999991,-0.2749999999999999,-1.275,0.0125,1.875
-59193.20000000001,-752.6500000000233,12702.0,95581.975,-9119.662499999977,-7891.662499999977,-218.22500000000582,-9125.725000000006,383.25,-28966.287499999977,-0.3624999999999998,0.5625,2.9375,-1.1749999999999998,-1.4249999999999998,1.875,0.1625,0.08749999999999991,0.7250000000000001,-0.2749999999999999,-0.9875,-0.125
-60389.20000000001,384.3499999999767,12990.0,96458.975,-8252.662499999977,-8550.662499999977,815.7749999999942,-9363.725000000006,1278.25,-28150.287499999977,-0.3624999999999998,0.5625,0.9375,-0.17499999999999982,0.5750000000000002,-1.125,0.1625,0.08749999999999991,-0.2749999999999999,-0.2749999999999999,2.0125,1.875
-60052.20000000001,658.3499999999767,12685.0,96274.975,-8204.662499999977,-8307.662499999977,885.7749999999942,-9469.725000000006,539.25,-27932.287499999977,0.6375000000000002,0.5625,-1.0625,-0.17499999999999982,-0.4249999999999998,-2.125,0.1625,0.08749999999999991,-0.2749999999999999,0.7250000000000001,0.0125,-0.125
-59649.20000000001,-574.6500000000233,12767.0,95946.975,-8807.662499999977,-7784.662499999977,66.77499999999418,-8906.725000000006,-11.75,-28538.287499999977,0.6375000000000002,-0.4375,-1.0625,-1.1749999999999998,0.5750000000000002,-1.125,0.1625,0.08749999999999991,-0.2749999999999999,-1.275,0.0125,-0.125
-59358.20000000001,528.3499999999767,12861.0,96505.975,-8527.662499999977,-7974.662499999977,464.7749999999942,-9145.725000000006,317.25,-28301.287499999977,-1.3624999999999998,-0.4375,-2.0625,-2.175,-1.4249999999999998,-2.125,0.1625,0.08749999999999991,-0.2749999999999999,0.7250000000000001,0.0125,-2.125
-59094.20000000001,-143.65000000002328,13049.0,96673.975,-8410.662499999977,-7572.662499999977,-230.22500000000582,-8985.725000000006,196.25,-28837.287499999977,1.6375000000000002,-1.4375,-0.0625,0.8250000000000002,-0.4249999999999998,-2.125,0.1625,0.08749999999999991,-0.2749999999999999,-1.275,-0.9875,0.875
-60216.20000000001,260.3499999999767,13117.0,96876.975,-8474.662499999977,-8399.662499999977,202.77499999999418,-9150.725000000006,-110.75,-28455.287499999977,-0.3624999999999998,-0.4375,-1.0625,1.8250000000000002,1.5750000000000002,-3.125,-0.8375,0.08749999999999991,-0.2749999999999999,0.7250000000000001,1.0125,0.875
-59940.20000000001,596.3499999999767,13000.0,96604.975,-8605.662499999977,-8257.662499999977,139.77499999999418,-9148.725000000006,-53.75,-28455.287499999977,-1.3624999999999998,0.5625,-5.0625,-2.175,-0.4249999999999998,-6.125,0.1625,0.08749999999999991,-0.2749999999999999,1.725,-0.9875,-0.125
-59384.20000000001,26.349999999976717,12763.0,95911.975,-9011.662499999977,-7719.662499999977,-476.2250000000058,-8858.725000000006,-534.75,-28315.287499999977,1.6375000000000002,1.5625,0.9375,-1.1749999999999998,0.5750000000000002,-0.125,0.1625,0.08749999999999991,-0.2749999999999999,-0.2749999999999999,-0.9875,1.875
-58453.20000000001,-1030.6500000000233,12716.0,95575.975,-9587.662499999977,-7134.662499999977,-995.2250000000058,-8893.725000000006,-803.75,-28492.287499999977,0.6375000000000002,-1.4375,2.9375,0.8250000000000002,-0.4249999999999998,-3.125,-0.8375,0.08749999999999991,-0.2749999999999999,0.7250000000000001,0.0125,-1.125
-60179.20000000001,169.34999999997672,13178.0,96867.975,-8276.662499999977,-8298.662499999977,425.7749999999942,-9126.725000000006,342.25,-27725.287499999977,-11.3625,0.5625,-30.0625,-3.175,-2.425,-27.125,0.1625,0.08749999999999991,-0.2749999999999999,-0.2749999999999999,-0.9875,1.875
-38603.20000000001,82852.34999999998,12921.0,95814.975,-9346.662499999977,24008.337500000023,68170.775,-9016.725000000006,-889.75,-28251.287499999977,-2.3625,-20.4375,-15.0625,-0.17499999999999982,-22.425,-56.125,0.1625,1.0875,0.7250000000000001,-5.275,-12.9875,1.875
-24109.20000000001,179719.34999999998,19815.0,96571.975,-7692.662499999977,131919.33750000002,150417.775,-9497.725000000006,-418.75,-29410.287499999977,-11.3625,-1.4375,33.9375,44.825,-37.425,-22.125,0.1625,0.08749999999999991,-0.2749999999999999,2.725,1.0125,9.875
6798.799999999988,229088.34999999998,20049.0,96511.975,-3189.6624999999767,344984.3375,217931.775,-10594.725000000006,1401.25,-23375.287499999977,4.6375,-7.4375,-10.0625,-13.175,-1.4249999999999998,-5.125,0.1625,-0.9125000000000001,-1.275,-7.275,-5.9875,4.875
24109.79999999999,206625.34999999998,19391.0,96027.975,-5055.662499999977,376170.3375,212125.775,-5589.725000000006,281.25,-23809.287499999977,-7.3625,-8.4375,15.9375,-11.175,10.575,-11.125,0.1625,0.08749999999999991,-0.2749999999999999,4.725,-6.9875,17.875
24994.79999999999,144096.34999999998,16881.0,95039.975,-5680.662499999977,243370.33750000002,171068.775,-4558.725000000006,-949.75,-27385.287499999977,-7.3625,5.5625,13.9375,4.825,-10.425,-13.125,0.1625,0.08749999999999991,0.7250000000000001,2.725,-0.9875,6.875
17716.79999999999,92715.34999999998,14687.0,95259.975,-5220.662499999977,125309.33750000002,120315.775,-3654.725000000006,-865.75,-28054.287499999977,8.6375,-0.4375,-8.0625,-1.1749999999999998,22.575,22.875,0.1625,0.08749999999999991,-0.2749999999999999,0.7250000000000001,1.0125,0.875
-5092.200000000012,26772.349999999977,12651.0,95689.975,-942.6624999999767,86255.33750000002,103299.775,-3827.725000000006,1097.25,-25620.287499999977,3.6375,-3.4375,-2.0625,-6.175,1.5750000000000002,6.875,-0.8375,0.08749999999999991,-1.275,5.725,1.0125,6.875
-16371.200000000012,1008.3499999999767,10274.0,96146.975,-2183.6624999999767,72060.33750000002,53612.774999999994,-4465.725000000006,-64.75,-26121.287499999977,-2.3625,-20.4375,-41.0625,3.825,-4.425,-18.125,-0.8375,0.08749999999999991,-0.2749999999999999,1.725,0.0125,-5.125
-9111.200000000012,826.3499999999767,9960.0,94477.975,-2966.6624999999767,77839.33750000002,86532.775,-4012.725000000006,-1215.75,-28396.287499999977,-6.3625,-12.4375,1.9375,-12.175,-1.4249999999999998,11.875,0.1625,0.08749999999999991,0.7250000000000001,-0.2749999999999999,-0.9875,9.875
14764.799999999988,107304.34999999998,12653.0,96104.975,-2730.6624999999767,93849.33750000002,143778.775,-4352.725000000006,-216.75,-27956.287499999977,1.6375000000000002,-3.4375,19.9375,5.825,-12.425,1.875,-0.8375,0.08749999999999991,0.7250000000000001,-2.275,-1.9875,7.875
33020.79999999999,170071.34999999998,16813.0,97533.975,-2608.6624999999767,109206.33750000002,192709.775,-4782.725000000006,729.25,-26220.287499999977,-5.3625,7.5625,23.9375,-3.175,-1.4249999999999998,-1.125,0.1625,0.08749999999999991,-0.2749999999999999,-0.2749999999999999,-1.9875,-2.125
39928.79999999999,174266.34999999998,17294.0,96380.975,-3527.6624999999767,111898.33750000002,200138.775,-4296.725000000006,-223.75,-28623.287499999977,4.6375,0.5625,-13.0625,3.825,4.575,-5.125,0.1625,0.08749999999999991,-0.2749999999999999,-0.2749999999999999,-3.9875,-2.125
26490.79999999999,112543.34999999998,16001.0,95376.975,-3914.6624999999767,104627.33750000002,173999.775,-3686.725000000006,-614.75,-28974.287499999977,2.6375,-6.4375,-17.0625,-1.1749999999999998,-1.4249999999999998,-0.125,0.1625,-0.9125000000000001,-0.2749999999999999,1.725,1.0125,-0.125
-3490.2000000000116,33030.34999999998,13036.0,96345.975,-2077.6624999999767,86832.33750000002,150007.775,-3680.725000000006,944.25,-26255.287499999977,1.6375000000000002,-5.4375,-3.0625,-1.1749999999999998,-1.4249999999999998,-5.125,0.1625,0.08749999999999991,-0.2749999999999999,-0.2749999999999999,3.0125,-1.125
-18000.20000000001,13289.349999999977,11443.0,96407.975,-2755.6624999999767,81352.33750000002,150228.775,-3232.725000000006,236.25,-27012.287499999977,-3.3625,5.5625,5.9375,-2.175,4.575,-1.125,0.1625,0.08749999999999991,0.7250000000000001,-1.275,1.0125,-2.125
633.7999999999884,37349.34999999998,12095.0,95920.975,-3435.6624999999767,74968.33750000002,156092.775,-3382.725000000006,-68.75,-27573.287499999977,-1.3624999999999998,-1.4375,12.9375,4.825,-10.425,-7.125,-0.8375,0.08749999999999991,-0.2749999999999999,-0.2749999999999999,-1.9875,-0.125
8436.799999999988,74941.34999999998,13835.0,96948.975,-3871.6624999999767,71942.33750000002,163822.775,-3921.725000000006,547.25,-28118.287499999977,2.6375,3.5625,-6.0625,-2.175,6.575,3.875,-0.8375,0.08749999999999991,0.7250000000000001,-0.2749999999999999,5.0125,-2.125
4357.799999999988,98929.34999999998,14205.0,96458.975,-3519.6624999999767,71610.33750000002,170177.775,-3854.725000000006,-69.75,-28799.287499999977,0.6375000000000002,-5.4375,-4.0625,-1.1749999999999998,2.575,-14.125,0.1625,0.08749999999999991,0.7250000000000001,0.7250000000000001,0.0125,0.875
-1363.2000000000116,99922.34999999998,14218.0,95829.975,-4520.662499999977,61705.33750000002,169487.775,-3013.725000000006,-1152.75,-29257.287499999977,-0.3624999999999998,-0.4375,1.9375,0.8250000000000002,-0.4249999999999998,1.875,0.1625,0.08749999999999991,0.7250000000000001,-0.2749999999999999,1.0125,5.875
-7014.200000000012,84357.34999999998,13757.0,96565.975,-3387.6624999999767,47510.33750000002,176749.775,-3188.725000000006,101.25,-27375.287499999977,2.6375,-12.4375,-28.0625,6.825,4.575,1.875,-0.8375,0.08749999999999991,-0.2749999999999999,0.7250000000000001,-0.9875,1.875
-19328.20000000001,32973.34999999998,12996.0,97241.975,-2909.6624999999767,30853.337500000023,164969.775,-2726.725000000006,299.25,-26721.287499999977,1.6375000000000002,-14.4375,7.9375,-0.17499999999999982,12.575,7.875,0.1625,1.0875,0.7250000000000001,0.7250000000000001,2.0125,2.875
-17894.20000000001,64251.34999999998,12077.0,95764.975,-4843.662499999977,31881.337500000023,161090.775,-2739.725000000006,-877.75,-28956.287499999977,8.6375,6.5625,-18.0625,-13.175,-14.425,28.875,0.1625,-0.9125000000000001,1.725,-3.275,0.0125,1.875
-14618.200000000012,76972.34999999998,14249.0,97286.975,-4452.662499999977,25365.337500000023,190956.775,-3846.725000000006,1053.25,-29624.287499999977,12.6375,13.5625,-5.0625,-13.175,12.575,30.875,0.1625,0.08749999999999991,-1.275,-1.275,1.0125,3.875
-24159.20000000001,90392.34999999998,15259.0,97477.975,-2951.6624999999767,18784.337500000023,168892.775,-3818.725000000006,1301.25,-25663.287499999977,-8.3625,-9.4375,17.9375,0.8250000000000002,0.5750000000000002,9.875,0.1625,-0.9125000000000001,-0.2749999999999999,-2.275,-2.9875,-4.125
-27610.20000000001,68563.34999999998,13708.0,96687.975,-518.6624999999767,12867.337500000023,160373.775,-3764.725000000006,462.25,-26315.287499999977,-1.3624999999999998,4.5625,3.9375,-11.175,3.575,48.875,-0.8375,1.0875,-1.275,2.725,1.0125,-4.125
-31890.20000000001,85498.34999999998,14151.0,96653.975,-2891.6624999999767,7587.337500000023,171082.775,-4564.725000000006,925.25,-27984.287499999977,-2.3625,-12.4375,8.9375,-6.175,-7.425,-21.125,0.1625,0.08749999999999991,0.7250000000000001,2.725,0.0125,-8.125
-35578.20000000001,85688.34999999998,13975.0,96544.975,-948.6624999999767,1655.3375000000233,175611.775,-4347.725000000006,1643.25,-26644.287499999977,6.6375,2.5625,-22.0625,-6.175,-16.425,-19.125,0.1625,0.08749999999999991,-0.2749999999999999,0.7250000000000001,-0.9875,1.875
-41882.20000000001,87369.34999999998,13702.0,96550.975,-1792.6624999999767,397.3375000000233,167106.775,-4515.725000000006,-824.75,-26760.287499999977,9.6375,-7.4375,-24.0625,9.825,-2.425,-8.125,0.1625,0.08749999999999991,-1.275,-1.275,-11.9875,4.875
-33752.20000000001,60202.34999999998,11818.0,96358.975,-1929.6624999999767,-4012.6624999999767,168096.775,-4416.725000000006,914.25,-28701.287499999977,-8.3625,2.5625,8.9375,-10.175,-14.425,7.875,0.1625,1.0875,-1.275,0.7250000000000001,2.0125,7.875
-47369.20000000001,73300.34999999998,12900.0,95706.975,234.33750000002328,-8055.662499999977,168940.775,-4724.725000000006,780.25,-28209.287499999977,5.6375,-12.4375,-3.0625,0.8250000000000002,8.575,-1.125,0.1625,0.08749999999999991,0.7250000000000001,2.725,2.0125,5.875
-57090.20000000001,77948.34999999998,13196.0,96494.975,224.33750000002328,-14265.662499999977,184471.775,-4496.725000000006,-326.75,-25665.287499999977,2.6375,-5.4375,2.9375,5.825,6.575,-16.125,-0.8375,0.08749999999999991,-0.2749999999999999,3.725,4.0125,3.875
-60168.20000000001,86833.34999999998,13159.0,95219.975,-879.6624999999767,-15943.662499999977,186729.775,-5026.725000000006,1231.25,-27113.287499999977,3.6375,-12.4375,-3.0625,2.825,1.5750000000000002,-1.125,-0.8375,-0.9125000000000001,0.7250000000000001,-3.275,-4.9875,-5.125
-70459.20000000001,90651.34999999998,14073.0,96202.975,-63.66249999997672,-20379.662499999977,179552.775,-4695.725000000006,1406.25,-26376.287499999977,5.6375,-2.4375,-12.0625,11.825,-12.425,-15.125,-0.8375,1.0875,-0.2749999999999999,2.725,0.0125,4.875
-69812.20000000001,88388.34999999998,13571.0,95768.975,-396.6624999999767,-24311.662499999977,159810.775,-5657.725000000006,920.25,-25573.287499999977,-5.3625,-14.4375,14.9375,5.825,-5.425,23.875,0.1625,-0.9125000000000001,0.7250000000000001,5.725,-0.9875,-3.125
-64624.20000000001,70032.34999999998,14123.0,96480.975,-1073.6624999999767,-29052.662499999977,166636.775,-4414.725000000006,182.25,-27488.287499999977,-7.3625,9.5625,30.9375,10.825,-1.4249999999999998,6.875,0.1625,0.08749999999999991,0.7250000000000001,-2.275,5.0125,-9.125
-61558.20000000001,63783.34999999998,13527.0,96048.975,-898.6624999999767,-23588.662499999977,175857.775,-5194.725000000006,1297.25,-26107.287499999977,-0.3624999999999998,-2.4375,-5.0625,-14.175,5.575,10.875,0.1625,1.0875,-0.2749999999999999,2.725,4.0125,-0.125
-64593.20000000001,62185.34999999998,14027.0,96710.975,153.33750000002328,-24456.662499999977,183924.775,-5211.725000000006,685.25,-25609.287499999977,2.6375,2.5625,3.9375,-6.175,-0.4249999999999998,21.875,0.1625,0.08749999999999991,0.7250000000000001,4.725,3.0125,-3.125
-9974.200000000012,17689.349999999977,12989.0,96143.975,922.3375000000233,-26140.662499999977,190847.775,-5432.725000000006,1242.25,-25288.287499999977,0.6375000000000002,12.5625,6.9375,-11.175,4.575,36.875,0.1625,-0.9125000000000001,0.7250000000000001,-3.275,-4.9875,-5.125
-9654.200000000012,66.34999999997672,14589.0,96206.975,-622.6624999999767,-11978.662499999977,86469.775,-4767.725000000006,-472.75,-28477.287499999977,-1.3624999999999998,2.5625,8.9375,10.825,-21.425,-21.125,-0.8375,1.0875,-0.2749999999999999,2.725,7.0125,7.875
-8726.200000000012,844.3499999999767,14433.0,96046.975,-577.6624999999767,16885.337500000023,11513.774999999994,-13980.725000000006,1801.25,-26201.287499999977,80.6375,19.5625,-374.0625,-32.175,-9.425,-87.125,-0.8375,0.08749999999999991,0.7250000000000001,-4.275,-2.9875,5.875
272.79999999998836,61681.34999999998,14482.0,97526.975,-130.66249999997672,23300.337500000023,26271.774999999994,-16379.725000000006,723.25,-25957.287499999977,-54.3625,38.5625,-35.0625,-51.175,67.575,-99.125,-0.8375,0.08749999999999991,-0.2749999999999999,-0.2749999999999999,23.0125,31.875
40672.79999999999,258155.34999999998,15255.0,94742.975,-547.6624999999767,160644.33750000002,191893.775,-26763.725000000006,-1043.75,-27002.287499999977,26.6375,-18.4375,-58.0625,224.825,-20.425,-12.125,1.1625,0.08749999999999991,3.725,-9.275,19.0125,5.875
32773.79999999999,312714.35,31757.0,99674.975,-684.6624999999767,376783.3375,305361.775,-48048.725000000006,-1179.75,-27092.287499999977,-7.3625,44.5625,19.9375,-190.175,40.575,138.875,-1.8375,0.08749999999999991,-1.275,8.725,18.0125,26.875
31617.79999999999,282590.35,37022.0,98763.975,-3431.6624999999767,337590.3375,225401.775,-89219.725,3076.25,-11819.287499999977,-27.3625,6.5625,20.9375,19.825,-37.425,246.875,0.1625,-0.9125000000000001,0.7250000000000001,2.725,-19.9875,2.875
51443.79999999999,282760.35,47966.0,95279.975,-6052.662499999977,-13481.662499999977,164069.775,-70345.725,-2358.75,-20706.287499999977,-11.3625,-45.4375,36.9375,30.825,18.575,-35.125,0.1625,0.08749999999999991,2.725,-0.2749999999999999,-12.9875,16.875
-12644.200000000012,268389.35,45969.0,93490.975,4834.337500000023,-3557.6624999999767,175926.775,-26187.725000000006,-2938.75,-18767.287499999977,33.6375,9.5625,2.9375,13.825,31.575,-12.125,-0.8375,1.0875,-1.275,-4.275,-1.9875,13.875
-35769.20000000001,239034.34999999998,37444.0,98731.975,-661.6624999999767,57370.33750000002,159520.775,-15190.725000000006,1946.25,-12233.287499999977,13.6375,-25.4375,-2.0625,-7.175,7.575,10.875,-0.8375,0.08749999999999991,-3.275,9.725,4.0125,15.875
-45420.20000000001,162155.34999999998,27793.0,97700.975,4372.337500000023,42113.33750000002,115810.775,-19609.725000000006,3086.25,-10321.287499999977,-30.3625,-11.4375,89.9375,13.825,5.575,-57.125,-0.8375,1.0875,-1.275,-0.2749999999999999,-2.9875,-1.125
-63121.20000000001,62282.34999999998,14515.0,94872.975,6940.337500000023,5682.337500000023,33778.774999999994,-43861.725000000006,-970.75,-15924.287499999977,4.6375,-24.4375,-11.0625,-3.175,-13.425,-15.125,0.1625,0.08749999999999991,3.725,6.725,9.0125,3.875
-63870.20000000001,1262.3499999999767,12409.0,127759.975,18233.337500000023,-5831.662499999977,485.7749999999942,-44955.725000000006,-107.75,-12824.287499999977,2.6375,-13.4375,-20.0625,3.825,-18.425,-26.125,-0.8375,0.08749999999999991,0.7250000000000001,5.725,-3.9875,12.875
-61052.20000000001,3577.3499999999767,11776.0,192463.975,20398.337500000023,-8152.662499999977,2113.774999999994,-21598.725000000006,4205.25,-7394.287499999977,-5.3625,9.5625,-33.0625,12.825,-59.425,4.875,-0.8375,1.0875,-4.275,-0.2749999999999999,12.0125,-7.125
-60236.20000000001,62140.34999999998,11122.0,232523.975,19491.337500000023,-3074.6624999999767,19911.774999999994,-12346.725000000006,50525.25,35317.71250000002,-63.3625,-36.4375,160.9375,-64.175,-31.425,26.875,-0.8375,-0.9125000000000001,-0.2749999999999999,-5.275,4.0125,14.875
-57596.20000000001,198572.34999999998,16209.0,259567.975,21921.337500000023,29078.337500000023,140723.775,-12287.725000000006,124197.25,69540.71250000002,23.6375,-4.4375,-2.0625,-21.175,-21.425,-4.125,-1.8375,-2.9125,-0.2749999999999999,5.725,-7.9875,-16.125
-51308.20000000001,181929.34999999998,21728.0,238566.975,1196.3375000000233,65591.33750000002,200404.775,-8112.725000000006,148557.25,80131.71250000002,-0.3624999999999998,4.5625,-62.0625,-6.175,19.575,-2.125,0.1625,0.08749999999999991,-0.2749999999999999,-0.2749999999999999,-5.9875,-22.125
-39213.20000000001,211565.34999999998,21098.0,238754.975,10564.337500000023,11524.337500000023,217704.775,-6680.725000000006,193084.25,89029.71250000002,-22.3625,-8.4375,22.9375,4.825,21.575,33.875,-1.8375,-1.9125,-0.2749999999999999,2.725,-22.9875,-20.125
-55023.20000000001,260325.34999999998,23238.0,274579.975,5338.337500000023,-19467.662499999977,256155.775,-2409.725000000006,179731.25,55882.71250000002,-8.3625,4.5625,28.9375,19.825,31.575,5.875,1.1625,-0.9125000000000001,2.725,-32.275,3.0125,-53.125
-97057.20000000001,234426.34999999998,19491.0,288496.975,14255.337500000023,21512.337500000023,231139.775,-6708.725000000006,153061.25,30296.712500000023,10.6375,-32.4375,-38.0625,-24.175,-27.425,40.875,0.1625,0.08749999999999991,0.7250000000000001,-41.275,12.0125,-29.125
-81505.20000000001,241161.34999999998,16453.0,300706.975,38310.33750000002,77291.33750000002,188972.775,-6979.725000000006,167765.25,23988.712500000023,-9.3625,6.5625,24.9375,6.825,6.575,19.875,0.1625,-1.9125,-0.2749999999999999,29.725,10.0125,3.875
-36841.20000000001,134161.34999999998,13785.0,264966.975,19038.337500000023,30278.337500000023,154628.775,-7852.725000000006,160331.25,22325.712500000023,-2.3625,16.5625,0.9375,1.8250000000000002,-3.425,-0.125,0.1625,0.08749999999999991,-0.2749999999999999,12.725,4.0125,18.875
-30695.20000000001,109956.34999999998,9867.0,249688.975,8783.337500000023,28594.337500000023,116639.775,-7644.725000000006,138880.25,6398.712500000023,-0.3624999999999998,1.5625,-6.0625,-10.175,-2.425,5.875,-1.8375,-0.9125000000000001,-1.275,-10.275,-7.9875,1.875
-37483.20000000001,104990.34999999998,8395.0,248121.975,30483.337500000023,39927.33750000002,94067.775,-7127.725000000006,137957.25,-12476.287499999977,-10.3625,1.5625,31.9375,14.825,22.575,10.875,0.1625,-0.9125000000000001,0.7250000000000001,-9.275,11.0125,-21.125
-54682.20000000001,127338.34999999998,11003.0,265167.975,24463.337500000023,31403.337500000023,135735.775,-7055.725000000006,155814.25,-4620.287499999977,7.6375,-4.4375,-20.0625,-9.175,11.575,14.875,0.1625,0.08749999999999991,-0.2749999999999999,10.725,2.0125,6.875
-66304.20000000001,142368.34999999998,12037.0,261607.975,28971.337500000023,35659.33750000002,145622.775,-7105.725000000006,174444.25,-4272.287499999977,2.6375,11.5625,-12.0625,25.825,0.5750000000000002,-11.125,0.1625,0.08749999999999991,-0.2749999999999999,6.725,5.0125,-8.125
-83187.20000000001,160079.34999999998,12495.0,273173.975,27181.337500000023,43891.33750000002,131852.775,-6374.725000000006,149248.25,-16795.287499999977,11.6375,2.5625,-7.0625,-21.175,-9.425,26.875,-0.8375,0.08749999999999991,0.7250000000000001,19.725,5.0125,6.875
-103351.20000000001,153164.34999999998,12516.0,274924.975,25851.337500000023,20870.337500000023,166142.775,-6242.725000000006,153699.25,-21636.287499999977,3.6375,5.5625,-9.0625,16.825,0.5750000000000002,7.875,-0.8375,0.08749999999999991,-0.2749999999999999,-17.275,2.0125,-17.125
-129514.20000000001,183818.34999999998,14550.0,273581.975,25005.337500000023,25288.337500000023,189188.775,-6685.725000000006,149377.25,-15235.287499999977,1.6375000000000002,-0.4375,1.9375,17.825,2.575,-6.125,-0.8375,0.08749999999999991,0.7250000000000001,23.725,1.0125,11.875
-118703.20000000001,208907.34999999998,15740.0,251443.975,19652.337500000023,23837.337500000023,188364.775,-6378.725000000006,146096.25,-11621.287499999977,-8.3625,-3.4375,12.9375,-12.175,-3.425,12.875,0.1625,0.08749999999999991,0.7250000000000001,-12.275,1.0125,-11.125
-93482.20000000001,163079.34999999998,14361.0,267823.975,26057.337500000023,27943.337500000023,175627.775,-6358.725000000006,171381.25,-12051.287499999977,1.6375000000000002,-0.4375,-0.0625,17.825,-2.425,2.875,-0.8375,0.08749999999999991,-0.2749999999999999,-4.275,-1.9875,-14.125
-104566.20000000001,161917.34999999998,12761.0,273583.975,17461.337500000023,22423.337500000023,159801.775,-6500.725000000006,159687.25,-17646.287499999977,0.6375000000000002,-4.4375,0.9375,3.825,-3.425,-3.125,0.1625,0.08749999999999991,-0.2749999999999999,5.725,-5.9875,5.875
-112002.20000000001,156987.34999999998,12492.0,271405.975,25836.337500000023,36157.33750000002,154639.775,-8503.725000000006,160864.25,-22649.287499999977,1.6375000000000002,3.5625,-7.0625,-19.175,-13.425,8.875,0.1625,0.08749999999999991,0.7250000000000001,-1.275,-2.9875,-7.125
-98637.20000000001,152169.34999999998,11867.0,281658.975,19054.337500000023,36975.33750000002,142237.775,-7522.725000000006,157366.25,-18284.287499999977,-2.3625,8.5625,6.9375,12.825,-13.425,-10.125,-0.8375,0.08749999999999991,-0.2749999999999999,-2.275,5.0125,-10.125
-83281.20000000001,141756.34999999998,12771.0,254935.975,20312.337500000023,18958.337500000023,137209.775,-6797.725000000006,141541.25,-20007.287499999977,6.6375,9.5625,-5.0625,-7.175,-9.425,8.875,0.1625,0.08749999999999991,-1.275,5.725,4.0125,1.875
-101343.20000000001,142956.34999999998,12427.0,231998.975,18818.337500000023,21274.337500000023,145686.775,-7067.725000000006,130629.25,-21215.287499999977,-0.3624999999999998,-5.4375,9.9375,7.825,2.575,0.875,0.1625,0.08749999999999991,-0.2749999999999999,-1.275,2.0125,-1.125
-98566.20000000001,152403.34999999998,11444.0,270485.975,16468.337500000023,28462.337500000023,152871.775,-7817.725000000006,172258.25,-20931.287499999977,-7.3625,3.5625,16.9375,5.825,10.575,8.875,0.1625,0.08749999999999991,0.7250000000000001,7.725,-0.9875,15.875
-78818.20000000001,146956.34999999998,11428.0,279454.975,17462.337500000023,28099.337500000023,151724.775,-6731.725000000006,182737.25,-19128.287499999977,9.6375,2.5625,-20.0625,-9.175,8.575,22.875,0.1625,1.0875,-0.2749999999999999,1.725,3.0125,-2.125
-81192.20000000001,149664.34999999998,14401.0,253011.975,17216.337500000023,7862.337500000023,165181.775,-6118.725000000006,151192.25,-19157.287499999977,-4.3625,-7.4375,6.9375,11.825,-2.425,-6.125,0.1625,-0.9125000000000001,-1.275,-2.275,-3.9875,-4.125
-92238.20000000001,158336.34999999998,14890.0,220343.975,18122.337500000023,-1822.6624999999767,172549.775,-5923.725000000006,124613.25,-22174.287499999977,-5.3625,-7.4375,5.9375,-2.175,-4.425,7.875,-0.8375,1.0875,0.7250000000000001,1.725,2.0125,1.875
-89198.20000000001,152282.34999999998,14374.0,234662.975,13930.337500000023,-1076.6624999999767,176405.775,-5615.725000000006,116933.25,-21434.287499999977,0.6375000000000002,3.5625,7.9375,1.8250000000000002,6.575,2.875,0.1625,0.08749999999999991,-0.2749999999999999,-1.275,2.0125,1.875
-91612.20000000001,148366.34999999998,15229.0,282599.975,9942.337500000023,4382.337500000023,171270.775,-6672.725000000006,168674.25,-18451.287499999977,-0.3624999999999998,-3.4375,-4.0625,-0.17499999999999982,2.575,-2.125,0.1625,0.08749999999999991,-0.2749999999999999,-0.2749999999999999,-1.9875,-5.125
-85103.20000000001,147264.34999999998,14810.0,251325.975,12965.337500000023,7632.337500000023,167052.775,-6331.725000000006,150576.25,-19339.287499999977,-1.3624999999999998,-4.4375,1.9375,-0.17499999999999982,-0.4249999999999998,-3.125,0.1625,0.08749999999999991,-0.2749999999999999,0.7250000000000001,0.0125,-3.125
-83382.20000000001,147299.34999999998,14592.0,240209.975,16630.337500000023,9131.337500000023,163234.775,-5813.725000000006,134814.25,-20911.287499999977,-1.3624999999999998,-0.4375,4.9375,-1.1749999999999998,-1.4249999999999998,-0.125,-0.8375,0.08749999999999991,-0.2749999999999999,0.7250000000000001,0.0125,2.875
-83486.20000000001,150140.34999999998,14517.0,245044.975,16580.337500000023,10305.337500000023,160138.775,-5763.725000000006,131929.25,-21150.287499999977,0.6375000000000002,-0.4375,2.9375,-1.1749999999999998,0.5750000000000002,0.875,0.1625,0.08749999999999991,-0.2749999999999999,0.7250000000000001,1.0125,2.875
-82394.20000000001,152596.34999999998,14438.0,255141.975,15818.337500000023,11929.337500000023,162485.775,-5884.725000000006,136505.25,-20813.287499999977,-0.3624999999999998,-3.4375,0.9375,-0.17499999999999982,0.5750000000000002,-2.125,0.1625,0.08749999999999991,-0.2749999999999999,-0.2749999999999999,-0.9875,-1.125
-84988.20000000001,155587.34999999998,14461.0,254016.975,16571.337500000023,10719.337500000023,169290.775,-5781.725000000006,140585.25,-20491.287499999977,0.6375000000000002,-2.4375,0.9375,1.8250000000000002,-0.4249999999999998,-1.125,0.1625,-0.9125000000000001,-0.2749999999999999,-0.2749999999999999,-1.9875,-2.125
-90527.20000000001,159348.34999999998,14547.0,244332.975,18375.337500000023,7049.337500000023,173859.775,-5793.725000000006,139598.25,-19777.287499999977,0.6375000000000002,-1.4375,-0.0625,0.8250000000000002,-2.425,-0.125,0.1625,0.08749999999999991,-0.2749999999999999,0.7250000000000001,0.0125,1.875
-93040.20000000001,162199.34999999998,14803.0,241943.975,18590.337500000023,7219.337500000023,175899.775,-5931.725000000006,142647.25,-18264.287499999977,0.6375000000000002,-0.4375,-0.0625,-0.17499999999999982,-1.4249999999999998,-1.125,-0.8375,0.08749999999999991,-0.2749999999999999,0.7250000000000001,0.0125,1.875
-93787.20000000001,164218.34999999998,14507.0,251657.975,18032.337500000023,9058.337500000023,173259.775,-5799.725000000006,145696.25,-18904.287499999977,-0.3624999999999998,-0.4375,1.9375,0.8250000000000002,-0.4249999999999998,0.875,-0.8375,0.08749999999999991,0.7250000000000001,-0.2749999999999999,0.0125,0.875
-93329.20000000001,164126.34999999998,14371.0,245103.975,19290.337500000023,9626.337500000023,170198.775,-5772.725000000006,140803.25,-19518.287499999977,0.6375000000000002,-0.4375,-1.0625,0.8250000000000002,0.5750000000000002,1.875,0.1625,0.08749999999999991,0.7250000000000001,-0.2749999999999999,-0.9875,-1.125
-93268.20000000001,163913.34999999998,14233.0,243977.975,19502.337500000023,9666.337500000023,168798.775,-5756.725000000006,136377.25,-19939.287499999977,0.6375000000000002,0.5625,-0.0625,0.8250000000000002,-0.4249999999999998,-0.125,0.1625,0.08749999999999991,-1.275,0.7250000000000001,-0.9875,-0.125
-92678.20000000001,163092.34999999998,14308.0,247123.975,18856.337500000023,9682.337500000023,169104.775,-5877.725000000006,139487.25,-19710.287499999977,0.6375000000000002,0.5625,0.9375,1.8250000000000002,-1.4249999999999998,0.875,-0.8375,0.08749999999999991,-0.2749999999999999,1.725,0.0125,0.875
-91967.20000000001,162096.34999999998,14370.0,251019.975,17909.337500000023,7701.337500000023,171336.775,-5882.725000000006,141938.25,-19514.287499999977,0.6375000000000002,-0.4375,0.9375,0.8250000000000002,-0.4249999999999998,1.875,0.1625,0.08749999999999991,0.7250000000000001,0.7250000000000001,0.0125,-0.125
-91231.20000000001,159812.34999999998,14568.0,247060.975,18183.337500000023,7054.337500000023,173782.775,-5700.725000000006,142169.25,-19404.287499999977,0.6375000000000002,0.5625,-1.0625,0.8250000000000002,0.5750000000000002,-0.125,-0.8375,0.08749999999999991,-0.2749999999999999,0.7250000000000001,1.0125,0.875
-87461.20000000001,157455.34999999998,14564.0,247831.975,17479.337500000023,7748.337500000023,171512.775,-5792.725000000006,141101.25,-19945.287499999977,0.6375000000000002,-0.4375,-0.0625,0.8250000000000002,0.5750000000000002,0.875,-0.8375,0.08749999999999991,0.7250000000000001,-0.2749999999999999,0.0125,0.875
-85446.20000000001,154889.34999999998,14745.0,248918.975,17077.337500000023,9167.337500000023,168148.775,-5921.725000000006,140834.25,-20107.287499999977,0.6375000000000002,0.5625,0.9375,-0.17499999999999982,-0.4249999999999998,0.875,0.1625,0.08749999999999991,-0.2749999999999999,-0.2749999999999999,-0.9875,-0.125
-83501.20000000001,542152.35,14817.0,248497.975,16855.337500000023,9243.337500000023,167336.775,-5861.725000000006,140833.25,-20289.287499999977,0.6375000000000002,-0.4375,-1.0625,0.8250000000000002,-0.4249999999999998,-1.125,-0.8375,0.08749999999999991,0.7250000000000001,0.7250000000000001,0.0125,-0.125
-82139.20000000001,145048.34999999998,14771.0,247841.975,16032.337500000023,7152.337500000023,167087.775,-5901.725000000006,143816.25,-20974.287499999977,0.6375000000000002,-0.4375,1.9375,-0.17499999999999982,-0.4249999999999998,0.875,0.1625,0.08749999999999991,0.7250000000000001,-0.2749999999999999,0.0125,-0.125
-80999.20000000001,143180.34999999998,14649.0,254356.975,14884.337500000023,7160.337500000023,164616.775,-5890.725000000006,147127.25,-21039.287499999977,-0.3624999999999998,-0.4375,-0.0625,-0.17499999999999982,-0.4249999999999998,-0.125,0.1625,0.08749999999999991,-0.2749999999999999,-0.2749999999999999,0.0125,-0.125
-79956.20000000001,142100.34999999998,14326.0,253782.975,14943.337500000023,7330.337500000023,162726.775,-5692.725000000006,145752.25,-21308.287499999977,-0.3624999999999998,-0.4375,0.9375,-0.17499999999999982,-0.4249999999999998,-0.125,-0.8375,0.08749999999999991,-0.2749999999999999,-0.2749999999999999,0.0125,-0.125
-79459.20000000001,142358.34999999998,14170.0,251226.975,15575.337500000023,7748.337500000023,162239.775,-5721.725000000006,142760.25,-21478.287499999977,0.6375000000000002,-0.4375,-0.0625,-0.17499999999999982,-0.4249999999999998,-0.125,-0.8375,0.08749999999999991,-0.2749999999999999,0.7250000000000001,0.0125,-0.125
-80226.20000000001,144004.34999999998,14353.0,249873.975,16154.337500000023,7886.337500000023,163887.775,-5690.725000000006,141891.25,-21182.287499999977,0.6375000000000002,0.5625,0.9375,-0.17499999999999982,0.5750000000000002,-0.125,0.1625,0.08749999999999991,-0.2749999999999999,0.7250000000000001,0.0125,-0.125
-81543.20000000001,146171.34999999998,14542.0,250094.975,16507.337500000023,7211.337500000023,167402.775,-5814.725000000006,142777.25,-21054.287499999977,0.6375000000000002,0.5625,-0.0625,-1.1749999999999998,-0.4249999999999998,-0.125,-0.8375,-0.9125000000000001,-0.2749999999999999,-0.2749999999999999,0.0125,-1.125
-83503.20000000001,148380.34999999998,14435.0,249400.975,16838.337500000023,6802.337500000023,170172.775,-5799.725000000006,143053.25,-20779.287499999977,0.6375000000000002,-0.4375,0.9375,0.8250000000000002,-0.4249999999999998,-0.125,0.1625,0.08749999999999991,-0.2749999999999999,0.7250000000000001,-0.9875,-0.125
-85001.20000000001,150614.34999999998,14663.0,247259.975,18263.337500000023,7210.337500000023,171265.775,-5761.725000000006,141320.25,-20429.287499999977,0.6375000000000002,-0.4375,0.9375,-0.17499999999999982,-1.4249999999999998,-0.125,0.1625,0.08749999999999991,-0.2749999999999999,0.7250000000000001,-0.9875,-0.125
-85927.20000000001,152260.34999999998,14631.0,248170.975,18403.337500000023,7724.337500000023,171063.775,-5818.725000000006,141681.25,-20118.287499999977,-0.3624999999999998,-0.4375,-0.0625,0.8250000000000002,-1.4249999999999998,-1.125,0.1625,0.08749999999999991,0.7250000000000001,0.7250000000000001,-0.9875,-0.125
-86046.20000000001,153644.34999999998,14412.0,248661.975,18187.337500000023,8584.337500000023,169970.775,-5802.725000000006,141979.25,-20243.287499999977,-0.3624999999999998,-0.4375,-0.0625,0.8250000000000002,-0.4249999999999998,-0.125,-0.8375,0.08749999999999991,-0.2749999999999999,0.7250000000000001,0.0125,-0.125
-86057.20000000001,154310.34999999998,14317.0,247269.975,18576.337500000023,8835.337500000023,169960.775,-5774.725000000006,141037.25,-20109.287499999977,0.6375000000000002,-0.4375,-0.0625,0.8250000000000002,0.5750000000000002,-0.125,-0.8375,0.08749999999999991,-0.2749999999999999,-0.2749999999999999,0.0125,-0.125
-87237.20000000001,154574.34999999998,14534.0,246444.975,18981.337500000023,8301.337500000023,170638.775,-5743.725000000006,140138.25,-19958.287499999977,0.6375000000000002,-0.4375,-1.0625,-0.17499999999999982,-0.4249999999999998,-0.125,0.1625,0.08749999999999991,-0.2749999999999999,0.7250000000000001,0.0125,0.875
-87540.20000000001,154372.34999999998,14504.0,248007.975,18947.337500000023,7540.337500000023,171144.775,-5732.725000000006,140456.25,-19960.287499999977,-0.3624999999999998,-0.4375,-0.0625,0.8250000000000002,-0.4249999999999998,-0.125,0.1625,0.08749999999999991,0.7250000000000001,-0.2749999999999999,0.0125,0.875
-87137.20000000001,154094.34999999998,14602.0,249734.975,18440.337500000023,7334.337500000023,171021.775,-5649.725000000006,141784.25,-20020.287499999977,-0.3624999999999998,0.5625,-0.0625,-0.17499999999999982,-0.4249999999999998,0.875,0.1625,0.08749999999999991,-0.2749999999999999,-0.2749999999999999,0.0125,-0.125
-86304.20000000001,153334.34999999998,14695.0,249196.975,18641.337500000023,8180.337500000023,170468.775,-5723.725000000006,141088.25,-19862.287499999977,0.6375000000000002,-0.4375,-0.0625,0.8250000000000002,0.5750000000000002,-1.125,0.1625,0.08749999999999991,-0.2749999999999999,-0.2749999999999999,0.0125,-1.125
-85124.20000000001,152216.34999999998,14791.0,246556.975,18623.337500000023,8613.337500000023,169811.775,-5815.725000000006,140398.25,-19862.287499999977,-0.3624999999999998,-0.4375,-0.0625,0.8250000000000002,-0.4249999999999998,-0.125,0.1625,0.08749999999999991,-0.2749999999999999,0.7250000000000001,0.0125,-0.125
-84094.20000000001,150961.34999999998,14805.0,247307.975,18530.337500000023,8874.337500000023,168527.775,-5636.725000000006,140689.25,-20054.287499999977,0.6375000000000002,-0.4375,-1.0625,-0.17499999999999982,-0.4249999999999998,0.875,0.1625,0.08749999999999991,-0.2749999999999999,-0.2749999999999999,0.0125,-1.125
-83224.20000000001,149402.34999999998,14985.0,248193.975,18141.337500000023,8604.337500000023,168802.775,-5550.725000000006,141393.25,-20095.287499999977,0.6375000000000002,-2.4375,-2.0625,0.8250000000000002,-0.4249999999999998,0.875,0.1625,-0.9125000000000001,-0.2749999999999999,-0.2749999999999999,0.0125,-0.125
-82433.20000000001,148310.34999999998,15038.0,247648.975,17976.337500000023,8574.337500000023,169177.775,-5453.725000000006,141707.25,-20264.287499999977,-0.3624999999999998,-1.4375,1.9375,0.8250000000000002,0.5750000000000002,0.875,0.1625,0.08749999999999991,-0.2749999999999999,0.7250000000000001,0.0125,-1.125
-80837.20000000001,144888.34999999998,15217.0,247165.975,17305.337500000023,8529.337500000023,168353.775,-5461.725000000006,142809.25,-20511.287499999977,0.6375000000000002,0.5625,0.9375,0.8250000000000002,-0.4249999999999998,-0.125,0.1625,0.08749999999999991,-0.2749999999999999,-0.2749999999999999,0.0125,-0.125
-79672.20000000001,143293.34999999998,15122.0,247971.975,17346.337500000023,8686.337500000023,166954.775,-5470.725000000006,144932.25,-20414.287499999977,1.6375000000000002,-0.4375,-3.0625,0.8250000000000002,-1.4249999999999998,-0.125,-0.8375,0.08749999999999991,-0.2749999999999999,0.7250000000000001,0.0125,0.875
-78839.20000000001,142439.34999999998,15242.0,249953.975,16944.337500000023,9133.337500000023,165308.775,-5527.725000000006,146022.25,-20647.287499999977,-0.3624999999999998,0.5625,0.9375,0.8250000000000002,-0.4249999999999998,-0.125,0.1625,0.08749999999999991,-0.2749999999999999,0.7250000000000001,1.0125,0.875
-78715.20000000001,141820.34999999998,15142.0,249843.975,16983.337500000023,8903.337500000023,164416.775,-5461.725000000006,145387.25,-20928.287499999977,0.6375000000000002,0.5625,-0.0625,-0.17499999999999982,-0.4249999999999998,-0.125,0.1625,0.08749999999999991,-0.2749999999999999,-0.2749999999999999,0.0125,-0.125
-79050.20000000001,142179.34999999998,15214.0,249442.975,17043.337500000023,8847.337500000023,164182.775,-5507.725000000006,143533.25,-20963.287499999977,0.6375000000000002,0.5625,0.9375,0.8250000000000002,-0.4249999999999998,-0.125,0.1625,0.08749999999999991,-1.275,-0.2749999999999999,-0.9875,0.875
-79495.20000000001,143329.34999999998,15281.0,249716.975,17281.337500000023,8674.337500000023,165610.775,-5577.725000000006,142496.25,-20928.287499999977,0.6375000000000002,0.5625,-1.0625,-0.17499999999999982,-1.4249999999999998,-1.125,0.1625,0.08749999999999991,0.7250000000000001,-0.2749999999999999,0.0125,-0.125
-80221.20000000001,144918.34999999998,15327.0,249625.975,17673.337500000023,8421.337500000023,167907.775,-5543.725000000006,142417.25,-20751.287499999977,0.6375000000000002,-0.4375,-1.0625,0.8250000000000002,-0.4249999999999998,-1.125,0.1625,0.08749999999999991,-0.2749999999999999,0.7250000000000001,0.0125,-0.125
-80964.20000000001,146070.34999999998,15550.0,248193.975,18007.337500000023,8022.337500000023,169898.775,-5477.725000000006,141911.25,-20666.287499999977,0.6375000000000002,-0.4375,-0.0625,0.8250000000000002,-0.4249999999999998,-1.125,0.1625,-0.9125000000000001,-0.2749999999999999,-0.2749999999999999,1.0125,0.875
-82156.20000000001,147233.34999999998,15621.0,246765.975,18313.337500000023,8063.337500000023,170168.775,-5550.725000000006,141243.25,-20154.287499999977,0.6375000000000002,-0.4375,0.9375,-0.17499999999999982,0.5750000000000002,-0.125,-0.8375,0.08749999999999991,0.7250000000000001,-0.2749999999999999,0.0125,-0.125
-82503.20000000001,147921.34999999998,15651.0,247032.975,18507.337500000023,8249.337500000023,169424.775,-5503.725000000006,141285.25,-20051.287499999977,0.6375000000000002,0.5625,-0.0625,-0.17499999999999982,-0.4249999999999998,-0.125,-0.8375,0.08749999999999991,-0.2749999999999999,0.7250000000000001,0.0125,-0.125
-82781.20000000001,148959.34999999998,15681.0,248700.975,18352.337500000023,8516.337500000023,168407.775,-5504.725000000006,140626.25,-20429.287499999977,0.6375000000000002,-0.4375,-0.0625,-0.17499999999999982,-0.4249999999999998,-0.125,0.1625,0.08749999999999991,-0.2749999999999999,-0.2749999999999999,0.0125,-0.125
-83110.20000000001,149011.34999999998,15491.0,247671.975,18481.337500000023,8244.337500000023,168546.775,-5514.725000000006,139993.25,-20491.287499999977,0.6375000000000002,-0.4375,-0.0625,0.8250000000000002,-0.4249999999999998,0.875,0.1625,0.08749999999999991,-0.2749999999999999,-0.2749999999999999,0.0125,-0.125
-83210.20000000001,148929.34999999998,15471.0,247142.975,18719.337500000023,8013.337500000023,169354.775,-5591.725000000006,140230.25,-20170.287499999977,0.6375000000000002,-0.4375,-1.0625,0.8250000000000002,-0.4249999999999998,-0.125,0.1625,0.08749999999999991,-0.2749999999999999,-0.2749999999999999,0.0125,0.875
-82709.20000000001,148438.34999999998,15394.0,247632.975,18476.337500000023,8115.337500000023,170378.775,-5494.725000000006,141578.25,-20120.287499999977,0.6375000000000002,0.5625,-0.0625,0.8250000000000002,0.5750000000000002,0.875,0.1625,0.08749999999999991,-0.2749999999999999,0.7250000000000001,-0.9875,-0.125
-82247.20000000001,147483.34999999998,15522.0,248114.975,18439.337500000023,8077.337500000023,170213.775,-5530.725000000006,142476.25,-20243.287499999977,0.6375000000000002,0.5625,-0.0625,0.8250000000000002,-0.4249999999999998,-1.125,0.1625,0.08749999999999991,-0.2749999999999999,0.7250000000000001,0.0125,-0.125
-81181.20000000001,146591.34999999998,15569.0,247765.975,18229.337500000023,7751.337500000023,169793.775,-5569.725000000006,141812.25,-20870.287499999977,-0.3624999999999998,-0.4375,-0.0625,-0.17499999999999982,-0.4249999999999998,-0.125,0.1625,0.08749999999999991,-0.2749999999999999,-0.2749999999999999,-0.9875,-1.125
-80533.20000000001,145779.34999999998,15390.0,247070.975,18197.337500000023,8009.337500000023,168875.775,-5406.725000000006,140918.25,-21161.287499999977,-0.3624999999999998,-0.4375,-0.0625,-0.17499999999999982,-0.4249999999999998,-1.125,0.1625,0.08749999999999991,-0.2749999999999999,0.7250000000000001,0.0125,-0.125
-79905.20000000001,144538.34999999998,15497.0,248178.975,18019.337500000023,8147.337500000023,167925.775,-5506.725000000006,142015.25,-21297.287499999977,0.6375000000000002,-0.4375,0.9375,-0.17499999999999982,-0.4249999999999998,-1.125,0.1625,0.08749999999999991,0.7250000000000001,-0.2749999999999999,0.0125,-0.125
-79482.20000000001,143503.34999999998,15416.0,248833.975,17543.337500000023,8012.337500000023,167451.775,-5525.725000000006,143433.25,-21232.287499999977,0.6375000000000002,0.5625,-1.0625,-0.17499999999999982,0.5750000000000002,-1.125,-0.8375,-0.9125000000000001,0.7250000000000001,0.7250000000000001,-0.9875,-0.125
-79084.20000000001,142690.34999999998,15251.0,248793.975,17456.337500000023,7774.337500000023,167374.775,-5438.725000000006,144243.25,-21108.287499999977,-0.3624999999999998,-0.4375,-0.0625,0.8250000000000002,-0.4249999999999998,-0.125,0.1625,0.08749999999999991,0.7250000000000001,0.7250000000000001,-0.9875,-0.125
-78950.20000000001,142073.34999999998,15308.0,248517.975,17518.337500000023,7744.337500000023,167117.775,-5371.725000000006,144197.25,-21074.287499999977,-0.3624999999999998,0.5625,-0.0625,0.8250000000000002,-0.4249999999999998,-0.125,0.1625,0.08749999999999991,-0.2749999999999999,0.7250000000000001,0.0125,-0.125
-78966.20000000001,142531.34999999998,15335.0,248439.975,17499.337500000023,7999.337500000023,166361.775,-5488.725000000006,142763.25,-21151.287499999977,0.6375000000000002,0.5625,-1.0625,-0.17499999999999982,-0.4249999999999998,0.875,0.1625,0.08749999999999991,-0.2749999999999999,-0.2749999999999999,0.0125,-0.125
-80405.20000000001,144482.34999999998,15493.0,248291.975,17612.337500000023,7973.337500000023,168044.775,-5529.725000000006,141908.25,-21027.287499999977,0.6375000000000002,-0.4375,-0.0625,0.8250000000000002,-0.4249999999999998,-0.125,0.1625,0.08749999999999991,-0.2749999999999999,-0.2749999999999999,0.0125,0.875
-80741.20000000001,145370.34999999998,15450.0,246506.975,18219.337500000023,7909.337500000023,169465.775,-5536.725000000006,141714.25,-20956.287499999977,0.6375000000000002,0.5625,-0.0625,-0.17499999999999982,-0.4249999999999998,0.875,0.1625,0.08749999999999991,-0.2749999999999999,0.7250000000000001,0.0125,0.875
-80866.20000000001,145797.34999999998,15531.0,246442.975,18357.337500000023,7943.337500000023,169589.775,-5611.725000000006,141917.25,-20864.287499999977,0.6375000000000002,-0.4375,-0.0625,-0.17499999999999982,-0.4249999999999998,-0.125,-0.8375,0.08749999999999991,-0.2749999999999999,0.7250000000000001,0.0125,-0.125
-80993.20000000001,146112.34999999998,15546.0,246929.975,18219.337500000023,8124.337500000023,169264.775,-5630.725000000006,141867.25,-20752.287499999977,0.6375000000000002,0.5625,-0.0625,0.8250000000000002,-0.4249999999999998,-0.125,0.1625,0.08749999999999991,-0.2749999999999999,-0.2749999999999999,0.0125,-0.125
-81304.20000000001,146294.34999999998,15579.0,247380.975,18336.337500000023,8234.337500000023,168833.775,-5564.725000000006,140811.25,-20938.287499999977,0.6375000000000002,-0.4375,-0.0625,-0.17499999999999982,0.5750000000000002,-1.125,0.1625,0.08749999999999991,-0.2749999999999999,0.7250000000000001,0.0125,-0.125
-81291.20000000001,146338.34999999998,15490.0,247438.975,18294.337500000023,8095.337500000023,168712.775,-5494.725000000006,140775.25,-20996.287499999977,0.6375000000000002,-0.4375,-0.0625,0.8250000000000002,0.5750000000000002,-1.125,0.1625,0.08749999999999991,-0.2749999999999999,0.7250000000000001,0.0125,-0.125
-81078.20000000001,146019.34999999998,15515.0,247197.975,18230.337500000023,7929.337500000023,169304.775,-5575.725000000006,141487.25,-20927.287499999977,0.6375000000000002,-0.4375,-0.0625,-0.17499999999999982,-0.4249999999999998,-0.125,0.1625,0.08749999999999991,0.7250000000000001,-0.2749999999999999,0.0125,-0.125
-79854.20000000001,144029.34999999998,15450.0,246993.975,17919.337500000023,7816.337500000023,169272.775,-5537.725000000006,142751.25,-21106.287499999977,-0.3624999999999998,-0.4375,-0.0625,-0.17499999999999982,-0.4249999999999998,-0.125,0.1625,0.08749999999999991,0.7250000000000001,-0.2749999999999999,0.0125,-0.125
-79520.20000000001,143351.34999999998,15430.0,247235.975,18014.337500000023,8165.337500000023,168020.775,-5457.725000000006,142676.25,-21239.287499999977,0.6375000000000002,-0.4375,-0.0625,0.8250000000000002,-0.4249999999999998,-0.125,0.1625,0.08749999999999991,0.7250000000000001,0.7250000000000001,0.0125,-0.125
-79116.20000000001,142444.34999999998,15473.0,247949.975,17931.337500000023,8348.337500000023,166479.775,-5578.725000000006,142605.25,-21248.287499999977,0.6375000000000002,-0.4375,0.9375,0.8250000000000002,-0.4249999999999998,-0.125,0.1625,-0.9125000000000001,-0.2749999999999999,0.7250000000000001,-0.9875,-0.125
-78741.20000000001,141709.34999999998,15211.0,247794.975,17842.337500000023,8492.337500000023,165452.775,-5395.725000000006,143308.25,-21291.287499999977,-0.3624999999999998,-0.4375,-0.0625,0.8250000000000002,-0.4249999999999998,-0.125,0.1625,0.08749999999999991,0.7250000000000001,-0.2749999999999999,0.0125,-0.125
-78781.20000000001,141823.34999999998,15252.0,247463.975,17790.337500000023,8018.337500000023,166208.775,-5434.725000000006,143597.25,-21337.287499999977,-0.3624999999999998,-0.4375,-0.0625,0.8250000000000002,-0.4249999999999998,-0.125,0.1625,0.08749999999999991,-0.2749999999999999,-0.2749999999999999,0.0125,-0.125
-79004.20000000001,142296.34999999998,15406.0,247861.975,18062.337500000023,7872.337500000023,167747.775,-5451.725000000006,143610.25,-21361.287499999977,0.6375000000000002,-0.4375,-0.0625,0.8250000000000002,-0.4249999999999998,-0.125,0.1625,-0.9125000000000001,0.7250000000000001,-0.2749999999999999,0.0125,-0.125
-79907.20000000001,143017.34999999998,15578.0,247843.975,18047.337500000023,7734.337500000023,167968.775,-5505.725000000006,141910.25,-21451.287499999977,0.6375000000000002,0.5625,-0.0625,0.8250000000000002,0.5750000000000002,-1.125,0.1625,0.08749999999999991,-0.2749999999999999,0.7250000000000001,0.0125,-0.125
-80088.20000000001,143713.34999999998,15627.0,247423.975,18046.337500000023,7564.337500000023,167962.775,-5460.725000000006,141237.25,-21483.287499999977,0.6375000000000002,-0.4375,-0.0625,0.8250000000000002,-0.4249999999999998,-0.125,0.1625,0.08749999999999991,-0.2749999999999999,-0.2749999999999999,0.0125,0.875
-80239.20000000001,144127.34999999998,15580.0,247004.975,18211.337500000023,7619.337500000023,168429.775,-5363.725000000006,141216.25,-21488.287499999977,0.6375000000000002,-0.4375,-0.0625,-0.17499999999999982,0.5750000000000002,-0.125,-0.8375,0.08749999999999991,-0.2749999999999999,0.7250000000000001,-0.9875,-0.125
-80365.20000000001,144415.34999999998,15559.0,246921.975,18379.337500000023,7574.337500000023,168934.775,-5529.725000000006,141667.25,-21160.287499999977,0.6375000000000002,-0.4375,-0.0625,0.8250000000000002,-0.4249999999999998,-1.125,0.1625,0.08749999999999991,-0.2749999999999999,-0.2749999999999999,0.0125,-0.125
-80394.20000000001,144526.34999999998,15516.0,247198.975,18315.337500000023,7368.337500000023,169209.775,-5551.725000000006,141964.25,-21234.287499999977,0.6375000000000002,-0.4375,0.9375,-0.17499999999999982,-0.4249999999999998,-0.125,0.1625,0.08749999999999991,0.7250000000000001,-0.2749999999999999,0.0125,-0.125
-80367.20000000001,144277.34999999998,15574.0,247421.975,18289.337500000023,7284.337500000023,169145.775,-5620.725000000006,141820.25,-21461.287499999977,0.6375000000000002,-0.4375,-0.0625,-0.17499999999999982,0.5750000000000002,-0.125,0.1625,0.08749999999999991,0.7250000000000001,-0.2749999999999999,0.0125,-0.125
-80291.20000000001,143877.34999999998,15601.0,247622.975,18084.337500000023,7515.337500000023,168882.775,-5525.725000000006,141258.25,-21554.287499999977,-0.3624999999999998,-0.4375,-0.0625,-0.17499999999999982,-0.4249999999999998,0.875,0.1625,0.08749999999999991,0.7250000000000001,-0.2749999999999999,0.0125,0.875
-80039.20000000001,143456.34999999998,15595.0,247457.975,18019.337500000023,7695.337500000023,168200.775,-5553.725000000006,141650.25,-21686.287499999977,-0.3624999999999998,0.5625,-0.0625,0.8250000000000002,-0.4249999999999998,-0.125,-0.8375,0.08749999999999991,0.7250000000000001,-0.2749999999999999,0.0125,-0.125
-79523.20000000001,142943.34999999998,15601.0,247257.975,17989.337500000023,7698.337500000023,168269.775,-5515.725000000006,142316.25,-21522.287499999977,-0.3624999999999998,0.5625,-0.0625,0.8250000000000002,-0.4249999999999998,-0.125,0.1625,0.08749999999999991,-0.2749999999999999,-0.2749999999999999,0.0125,0.875
-79258.20000000001,142382.34999999998,15493.0,247229.975,17932.337500000023,7510.337500000023,168199.775,-5453.725000000006,142958.25,-21389.287499999977,-0.3624999999999998,0.5625,-1.0625,-0.17499999999999982,-0.4249999999999998,-0.125,-0.8375,0.08749999999999991,-0.2749999999999999,-0.2749999999999999,0.0125,-0.125
-79065.20000000001,142005.34999999998,15513.0,247396.975,17816.337500000023,7615.337500000023,168184.775,-5364.725000000006,143409.25,-21480.287499999977,0.6375000000000002,-0.4375,-0.0625,-0.17499999999999982,-0.4249999999999998,-0.125,0.1625,0.08749999999999991,-0.2749999999999999,-0.2749999999999999,0.0125,-0.125
-79003.20000000001,141973.34999999998,15347.0,247773.975,17831.337500000023,7832.337500000023,167648.775,-5466.725000000006,143418.25,-21570.287499999977,-0.3624999999999998,0.5625,-0.0625,0.8250000000000002,-0.4249999999999998,-1.125,0.1625,0.08749999999999991,0.7250000000000001,0.7250000000000001,-0.9875,-0.125
-78890.20000000001,141852.34999999998,15434.0,248060.975,17952.337500000023,7744.337500000023,167243.775,-5508.725000000006,143271.25,-21567.287499999977,-0.3624999999999998,-0.4375,-1.0625,-0.17499999999999982,-0.4249999999999998,-0.125,0.1625,0.08749999999999991,0.7250000000000001,0.7250000000000001,0.0125,-0.125
-78869.20000000001,142171.34999999998,15396.0,247423.975,17949.337500000023,7632.337500000023,167394.775,-5680.725000000006,143190.25,-21516.287499999977,-0.3624999999999998,0.5625,-0.0625,-0.17499999999999982,-0.4249999999999998,-0.125,0.1625,0.08749999999999991,-0.2749999999999999,-0.2749999999999999,0.0125,-0.125
-79078.20000000001,142561.34999999998,15383.0,247223.975,18186.337500000023,7437.337500000023,168059.775,-5590.725000000006,143312.25,-21422.287499999977,0.6375000000000002,-0.4375,-0.0625,-0.17499999999999982,-0.4249999999999998,-0.125,0.1625,0.08749999999999991,-0.2749999999999999,-0.2749999999999999,0.0125,0.875
-79462.20000000001,143300.34999999998,15549.0,247104.975,18296.337500000023,7571.337500000023,168519.775,-5774.725000000006,142152.25,-21562.287499999977,0.6375000000000002,0.5625,-0.0625,0.8250000000000002,-0.4249999999999998,-0.125,0.1625,0.08749999999999991,-0.2749999999999999,-0.2749999999999999,0.0125,-0.125
-79479.20000000001,143368.34999999998,15641.0,247032.975,18201.337500000023,7707.337500000023,168357.775,-5575.725000000006,142090.25,-21620.287499999977,0.6375000000000002,-0.4375,-0.0625,-0.17499999999999982,-0.4249999999999998,-0.125,0.1625,0.08749999999999991,0.7250000000000001,0.7250000000000001,0.0125,0.875
-79467.20000000001,143077.34999999998,15611.0,246907.975,18291.337500000023,7579.337500000023,168473.775,-5471.725000000006,142423.25,-21639.287499999977,-0.3624999999999998,-0.4375,-0.0625,0.8250000000000002,-0.4249999999999998,-0.125,0.1625,0.08749999999999991,-0.2749999999999999,-0.2749999999999999,0.0125,-0.125
-79371.20000000001,142864.34999999998,15588.0,246684.975,18309.337500000023,7463.337500000023,168929.775,-5439.725000000006,142816.25,-21620.287499999977,0.6375000000000002,-0.4375,-1.0625,-0.17499999999999982,-0.4249999999999998,-0.125,0.1625,-0.9125000000000001,-0.2749999999999999,-0.2749999999999999,0.0125,-0.125
-79313.20000000001,142582.34999999998,15624.0,247146.975,18127.337500000023,7262.337500000023,168860.775,-5626.725000000006,143043.25,-21646.287499999977,0.6375000000000002,-0.4375,-0.0625,0.8250000000000002,0.5750000000000002,-0.125,-0.8375,0.08749999999999991,-0.2749999999999999,-0.2749999999999999,0.0125,-1.125
-78822.20000000001,142116.34999999998,15470.0,247189.975,18014.337500000023,7516.337500000023,167503.775,-5584.725000000006,142793.25,-21757.287499999977,0.6375000000000002,0.5625,-0.0625,-0.17499999999999982,-0.4249999999999998,-0.125,-0.8375,0.08749999999999991,0.7250000000000001,0.7250000000000001,0.0125,-0.125
-78817.20000000001,141431.34999999998,15607.0,247249.975,17830.337500000023,7583.337500000023,167229.775,-5791.725000000006,142802.25,-21544.287499999977,0.6375000000000002,0.5625,-0.0625,-0.17499999999999982,-0.4249999999999998,-0.125,-0.8375,0.08749999999999991,-0.2749999999999999,-0.2749999999999999,0.0125,-0.125
-78826.20000000001,141407.34999999998,15386.0,247518.975,17838.337500000023,7814.337500000023,167134.775,-5695.725000000006,142980.25,-21546.287499999977,0.6375000000000002,-0.4375,-0.0625,0.8250000000000002,-0.4249999999999998,0.875,0.1625,-0.9125000000000001,0.7250000000000001,0.7250000000000001,-0.9875,-1.125
-78908.20000000001,141244.34999999998,15472.0,247917.975,17805.337500000023,7355.337500000023,167743.775,-5587.725000000006,143365.25,-21764.287499999977,0.6375000000000002,0.5625,-0.0625,-0.17499999999999982,-0.4249999999999998,-0.125,0.1625,0.08749999999999991,-0.2749999999999999,0.7250000000000001,0.0125,-0.125
-79015.20000000001,141413.34999999998,15357.0,247690.975,17949.337500000023,7380.337500000023,168105.775,-5503.725000000006,143661.25,-21793.287499999977,0.6375000000000002,-0.4375,-0.0625,-1.1749999999999998,0.5750000000000002,-0.125,0.1625,0.08749999999999991,0.7250000000000001,-0.2749999999999999,0.0125,-0.125
-78874.20000000001,141618.34999999998,15396.0,247236.975,18105.337500000023,7552.337500000023,168231.775,-5450.725000000006,142877.25,-21777.287499999977,-0.3624999999999998,-0.4375,-0.0625,-0.17499999999999982,-0.4249999999999998,-1.125,0.1625,0.08749999999999991,-0.2749999999999999,-0.2749999999999999,0.0125,-0.125
-78817.20000000001,141804.34999999998,15459.0,246909.975,18407.337500000023,7582.337500000023,168010.775,-5566.725000000006,142320.25,-21807.287499999977,-0.3624999999999998,-0.4375,-2.0625,-0.17499999999999982,-0.4249999999999998,-0.125,0.1625,-0.9125000000000001,-0.2749999999999999,-0.2749999999999999,0.0125,-0.125
-78949.20000000001,142034.34999999998,15506.0,246747.975,18404.337500000023,7747.337500000023,167756.775,-5683.725000000006,141970.25,-21793.287499999977,0.6375000000000002,-0.4375,-1.0625,-0.17499999999999982,-0.4249999999999998,0.875,0.1625,0.08749999999999991,-0.2749999999999999,-0.2749999999999999,0.0125,-0.125
-79086.20000000001,142111.34999999998,15412.0,246663.975,18363.337500000023,7778.337500000023,168224.775,-5640.725000000006,142124.25,-21774.287499999977,0.6375000000000002,0.5625,-1.0625,0.8250000000000002,-0.4249999999999998,0.875,-0.8375,0.08749999999999991,-0.2749999999999999,-0.2749999999999999,0.0125,-0.125
-79213.20000000001,142167.34999999998,15366.0,246665.975,18291.337500000023,7678.337500000023,168789.775,-5625.725000000006,142626.25,-21663.287499999977,0.6375000000000002,-0.4375,-0.0625,0.8250000000000002,-0.4249999999999998,-0.125,0.1625,0.08749999999999991,0.7250000000000001,0.7250000000000001,0.0125,0.875
-79128.20000000001,142038.34999999998,15278.0,246621.975,18368.337500000023,7351.337500000023,168990.775,-5668.725000000006,142954.25,-21751.287499999977,0.6375000000000002,-0.4375,-0.0625,-0.17499999999999982,-0.4249999999999998,-0.125,0.1625,0.08749999999999991,0.7250000000000001,0.7250000000000001,0.0125,0.875
-78932.20000000001,141637.34999999998,15152.0,246559.975,18356.337500000023,7556.337500000023,168778.775,-5660.725000000006,142764.25,-21819.287499999977,0.6375000000000002,0.5625,-0.0625,-0.17499999999999982,-0.4249999999999998,-0.125,0.1625,0.08749999999999991,-0.2749999999999999,-0.2749999999999999,0.0125,-1.125
-78742.20000000001,141253.34999999998,15273.0,246820.975,18332.337500000023,7919.337500000023,168040.775,-5584.725000000006,142588.25,-21898.287499999977,-0.3624999999999998,0.5625,-1.0625,-0.17499999999999982,-0.4249999999999998,0.875,0.1625,0.08749999999999991,-0.2749999999999999,0.7250000000000001,-0.9875,-0.125
-78411.20000000001,140949.34999999998,15414.0,247016.975,18077.337500000023,7919.337500000023,167242.775,-5429.725000000006,142825.25,-22028.287499999977,0.6375000000000002,-0.4375,-1.0625,-1.1749999999999998,0.5750000000000002,-0.125,0.1625,0.08749999999999991,-0.2749999999999999,-0.2749999999999999,0.0125,-1.125
-78284.20000000001,140747.34999999998,15467.0,246981.975,18060.337500000023,7897.337500000023,167192.775,-5572.725000000006,143460.25,-21967.287499999977,0.6375000000000002,-0.4375,-0.0625,-0.17499999999999982,0.5750000000000002,-0.125,-0.8375,0.08749999999999991,-0.2749999999999999,0.7250000000000001,0.0125,0.875
-78540.20000000001,140786.34999999998,15475.0,247100.975,18015.337500000023,7301.337500000023,167702.775,-5639.725000000006,143484.25,-21824.287499999977,0.6375000000000002,-0.4375,-0.0625,0.8250000000000002,0.5750000000000002,-0.125,0.1625,0.08749999999999991,-0.2749999999999999,0.7250000000000001,0.0125,-0.125
-78404.20000000001,140848.34999999998,15316.0,247330.975,17972.337500000023,7504.337500000023,167373.775,-5498.725000000006,143208.25,-21865.287499999977,-0.3624999999999998,0.5625,0.9375,-0.17499999999999982,-0.4249999999999998,-0.125,0.1625,0.08749999999999991,-0.2749999999999999,0.7250000000000001,0.0125,-0.125
-78327.20000000001,140888.34999999998,15408.0,247096.975,18315.337500000023,7581.337500000023,167321.775,-5637.725000000006,142820.25,-21928.287499999977,-0.3624999999999998,0.5625,-0.0625,0.8250000000000002,-0.4249999999999998,-0.125,0.1625,0.08749999999999991,-0.2749999999999999,-0.2749999999999999,0.0125,0.875
-78458.20000000001,140980.34999999998,15456.0,246914.975,18366.337500000023,7554.337500000023,167798.775,-5671.725000000006,142774.25,-21909.287499999977,0.6375000000000002,0.5625,-1.0625,-0.17499999999999982,-0.4249999999999998,-0.125,0.1625,0.08749999999999991,-0.2749999999999999,-0.2749999999999999,0.0125,0.875
-78656.20000000001,141322.34999999998,15425.0,246746.975,18400.337500000023,7452.337500000023,168438.775,-5661.725000000006,142987.25,-21807.287499999977,0.6375000000000002,0.5625,-0.0625,0.8250000000000002,-0.4249999999999998,-0.125,-0.8375,0.08749999999999991,-0.2749999999999999,0.7250000000000001,0.0125,0.875
-78564.20000000001,141018.34999999998,15624.0,246889.975,18358.337500000023,7055.337500000023,168545.775,-5627.725000000006,143481.25,-21681.287499999977,0.6375000000000002,0.5625,-0.0625,-0.17499999999999982,-0.4249999999999998,-0.125,0.1625,0.08749999999999991,-0.2749999999999999,-0.2749999999999999,-0.9875,0.875
-78518.20000000001,141134.34999999998,15572.0,247033.975,18575.337500000023,7191.337500000023,168694.775,-5504.725000000006,143348.25,-21804.287499999977,0.6375000000000002,-0.4375,0.9375,-0.17499999999999982,-0.4249999999999998,-0.125,0.1625,0.08749999999999991,-0.2749999999999999,0.7250000000000001,0.0125,-0.125
-78188.20000000001,140857.34999999998,15393.0,246957.975,18383.337500000023,7582.337500000023,167610.775,-5553.725000000006,142815.25,-22006.287499999977,0.6375000000000002,-0.4375,-0.0625,-0.17499999999999982,-1.4249999999999998,-0.125,0.1625,0.08749999999999991,-0.2749999999999999,0.7250000000000001,-0.9875,-0.125
-78027.20000000001,140578.34999999998,15375.0,246915.975,18297.337500000023,7453.337500000023,167743.775,-5560.725000000006,143206.25,-22004.287499999977,-0.3624999999999998,-0.4375,-0.0625,-0.17499999999999982,-0.4249999999999998,-0.125,0.1625,-0.9125000000000001,-1.275,-0.2749999999999999,0.0125,-0.125
-78057.20000000001,140443.34999999998,15382.0,246924.975,18255.337500000023,7338.337500000023,167612.775,-5561.725000000006,143410.25,-22025.287499999977,0.6375000000000002,0.5625,-0.0625,-0.17499999999999982,0.5750000000000002,0.875,0.1625,0.08749999999999991,-0.2749999999999999,-0.2749999999999999,0.0125,-0.125
-78110.20000000001,140410.34999999998,15495.0,246870.975,18267.337500000023,7239.337500000023,167648.775,-5614.725000000006,143016.25,-21949.287499999977,-0.3624999999999998,-0.4375,-0.0625,0.8250000000000002,-0.4249999999999998,0.875,0.1625,0.08749999999999991,-0.2749999999999999,0.7250000000000001,0.0125,0.875
-78247.20000000001,140441.34999999998,15406.0,246994.975,18250.337500000023,7467.337500000023,167415.775,-5555.725000000006,142624.25,-22056.287499999977,0.6375000000000002,0.5625,-0.0625,-0.17499999999999982,-0.4249999999999998,-1.125,0.1625,0.08749999999999991,-0.2749999999999999,-0.2749999999999999,0.0125,-0.125
-78185.20000000001,140609.34999999998,15396.0,246914.975,18344.337500000023,7580.337500000023,166999.775,-5615.725000000006,142442.25,-22121.287499999977,-0.3624999999999998,0.5625,-0.0625,0.8250000000000002,-0.4249999999999998,-0.125,-0.8375,0.08749999999999991,0.7250000000000001,0.7250000000000001,0.0125,0.875
-78081.20000000001,140696.34999999998,15669.0,246620.975,18376.337500000023,7637.337500000023,167254.775,-5520.725000000006,142469.25,-22218.287499999977,0.6375000000000002,-0.4375,0.9375,0.8250000000000002,-0.4249999999999998,-0.125,0.1625,0.08749999999999991,-0.2749999999999999,-0.2749999999999999,0.0125,0.875
-78326.20000000001,140718.34999999998,15532.0,246479.975,18386.337500000023,7254.337500000023,167754.775,-5603.725000000006,142555.25,-22290.287499999977,0.6375000000000002,0.5625,-0.0625,0.8250000000000002,-0.4249999999999998,-1.125,-0.8375,0.08749999999999991,-0.2749999999999999,0.7250000000000001,0.0125,-0.125
-78562.20000000001,140849.34999999998,15491.0,246507.975,18420.337500000023,7214.337500000023,168672.775,-5463.725000000006,142866.25,-22310.287499999977,0.6375000000000002,0.5625,-1.0625,0.8250000000000002,-0.4249999999999998,-1.125,0.1625,-0.9125000000000001,-0.2749999999999999,-0.2749999999999999,0.0125,-1.125
-78511.20000000001,140987.34999999998,15603.0,246542.975,18346.337500000023,7145.337500000023,168822.775,-5570.725000000006,143035.25,-22126.287499999977,0.6375000000000002,-0.4375,-0.0625,-0.17499999999999982,-0.4249999999999998,-0.125,0.1625,0.08749999999999991,-0.2749999999999999,0.7250000000000001,0.0125,-0.125
-78407.20000000001,140942.34999999998,15606.0,246547.975,18393.337500000023,7197.337500000023,168518.775,-5598.725000000006,142934.25,-22191.287499999977,0.6375000000000002,-0.4375,-0.0625,-0.17499999999999982,-0.4249999999999998,-1.125,0.1625,0.08749999999999991,0.7250000000000001,0.7250000000000001,0.0125,0.875
-78197.20000000001,140589.34999999998,15557.0,246359.975,18412.337500000023,7165.337500000023,168245.775,-5630.725000000006,142764.25,-22170.287499999977,0.6375000000000002,0.5625,-0.0625,-0.17499999999999982,-0.4249999999999998,-1.125,0.1625,0.08749999999999991,-0.2749999999999999,-0.2749999999999999,0.0125,-0.125
-78019.20000000001,140424.34999999998,15584.0,246445.975,18179.337500000023,7188.337500000023,167847.775,-5569.725000000006,142874.25,-22156.287499999977,0.6375000000000002,-0.4375,-0.0625,-0.17499999999999982,0.5750000000000002,-0.125,-0.8375,-0.9125000000000001,-0.2749999999999999,0.7250000000000001,0.0125,-0.125
-78060.20000000001,140312.34999999998,15417.0,246551.975,18377.337500000023,7369.337500000023,167945.775,-5572.725000000006,143224.25,-22141.287499999977,0.6375000000000002,0.5625,0.9375,-0.17499999999999982,-0.4249999999999998,-0.125,0.1625,0.08749999999999991,-0.2749999999999999,0.7250000000000001,0.0125,-0.125
-78146.20000000001,140133.34999999998,15436.0,246656.975,18379.337500000023,7336.337500000023,168008.775,-5614.725000000006,143161.25,-22015.287499999977,0.6375000000000002,0.5625,-0.0625,0.8250000000000002,-0.4249999999999998,-0.125,0.1625,0.08749999999999991,-0.2749999999999999,0.7250000000000001,0.0125,-0.125
-77932.20000000001,140093.34999999998,15553.0,246426.975,18377.337500000023,7189.337500000023,167337.775,-5678.725000000006,142865.25,-22069.287499999977,0.6375000000000002,-0.4375,-0.0625,0.8250000000000002,-0.4249999999999998,-0.125,0.1625,0.08749999999999991,-0.2749999999999999,-0.2749999999999999,0.0125,-0.125
-77905.20000000001,140033.34999999998,15425.0,246394.975,18365.337500000023,7234.337500000023,167141.775,-5591.725000000006,142704.25,-22118.287499999977,0.6375000000000002,0.5625,-0.0625,0.8250000000000002,-0.4249999999999998,-0.125,0.1625,0.08749999999999991,0.7250000000000001,-0.2749999999999999,0.0125,0.875
-78000.20000000001,140421.34999999998,15371.0,246364.975,18452.337500000023,7459.337500000023,167605.775,-5624.725000000006,142998.25,-22083.287499999977,0.6375000000000002,-0.4375,0.9375,0.8250000000000002,-0.4249999999999998,-0.125,0.1625,0.08749999999999991,-1.275,0.7250000000000001,0.0125,0.875
-78022.20000000001,140441.34999999998,15361.0,246296.975,18555.337500000023,7391.337500000023,167908.775,-5596.725000000006,143169.25,-21979.287499999977,0.6375000000000002,-0.4375,-0.0625,-0.17499999999999982,0.5750000000000002,-0.125,0.1625,0.08749999999999991,0.7250000000000001,0.7250000000000001,0.0125,-0.125
-77941.20000000001,140505.34999999998,15345.0,246307.975,18492.337500000023,7254.337500000023,167769.775,-5680.725000000006,143012.25,-22050.287499999977,-0.3624999999999998,0.5625,-0.0625,-0.17499999999999982,-0.4249999999999998,-0.125,0.1625,0.08749999999999991,0.7250000000000001,-0.2749999999999999,0.0125,0.875
-78026.20000000001,140277.34999999998,15412.0,246190.975,18478.337500000023,7413.337500000023,167589.775,-5605.725000000006,142825.25,-22136.287499999977,0.6375000000000002,-0.4375,-0.0625,-0.17499999999999982,-0.4249999999999998,-0.125,0.1625,-0.9125000000000001,0.7250000000000001,-0.2749999999999999,-0.9875,-0.125
-77827.20000000001,140064.34999999998,15717.0,246075.975,18227.337500000023,7578.337500000023,167509.775,-5496.725000000006,142895.25,-22029.287499999977,-0.3624999999999998,0.5625,0.9375,-0.17499999999999982,-0.4249999999999998,-1.125,0.1625,0.08749999999999991,-0.2749999999999999,-0.2749999999999999,0.0125,-0.125
-77865.20000000001,140141.34999999998,15668.0,246234.975,18295.337500000023,7590.337500000023,167372.775,-5571.725000000006,142931.25,-22137.287499999977,0.6375000000000002,0.5625,-1.0625,0.8250000000000002,0.5750000000000002,-0.125,0.1625,-0.9125000000000001,0.7250000000000001,0.7250000000000001,0.0125,0.875
-77883.20000000001,140140.34999999998,15602.0,246549.975,18477.337500000023,7240.337500000023,167556.775,-5701.725000000006,143106.25,-22274.287499999977,0.6375000000000002,0.5625,-1.0625,0.8250000000000002,0.5750000000000002,-1.125,0.1625,0.08749999999999991,-0.2749999999999999,0.7250000000000001,0.0125,0.875
-77888.20000000001,139879.34999999998,15568.0,246728.975,18407.337500000023,7195.337500000023,167641.775,-5656.725000000006,143377.25,-22291.287499999977,0.6375000000000002,-0.4375,0.9375,-0.17499999999999982,-0.4249999999999998,-1.125,0.1625,-0.9125000000000001,-0.2749999999999999,0.7250000000000001,0.0125,0.875
-77865.20000000001,139610.34999999998,15506.0,246691.975,18259.337500000023,7279.337500000023,167397.775,-5611.725000000006,143177.25,-22235.287499999977,0.6375000000000002,0.5625,-0.0625,0.8250000000000002,-0.4249999999999998,-0.125,0.1625,0.08749999999999991,-0.2749999999999999,0.7250000000000001,0.0125,-0.125
-77843.20000000001,139509.34999999998,15591.0,246691.975,18220.337500000023,7219.337500000023,167155.775,-5706.725000000006,143088.25,-22284.287499999977,0.6375000000000002,-0.4375,-0.0625,-0.17499999999999982,-0.4249999999999998,-0.125,0.1625,0.08749999999999991,0.7250000000000001,0.7250000000000001,0.0125,-0.125
-77717.20000000001,139538.34999999998,15538.0,246538.975,18476.337500000023,7201.337500000023,166905.775,-5675.725000000006,142978.25,-22195.287499999977,0.6375000000000002,-0.4375,-0.0625,0.8250000000000002,0.5750000000000002,-0.125,0.1625,0.08749999999999991,-0.2749999999999999,-0.2749999999999999,0.0125,-0.125
-77828.20000000001,139553.34999999998,15484.0,246617.975,18515.337500000023,7182.337500000023,167154.775,-5612.725000000006,143008.25,-22107.287499999977,0.6375000000000002,-0.4375,-0.0625,-0.17499999999999982,-0.4249999999999998,-0.125,0.1625,0.08749999999999991,-0.2749999999999999,-0.2749999999999999,0.0125,0.875
-77830.20000000001,139626.34999999998,15511.0,246530.975,18447.337500000023,7137.337500000023,167779.775,-5610.725000000006,143191.25,-22073.287499999977,0.6375000000000002,0.5625,-1.0625,0.8250000000000002,-0.4249999999999998,0.875,0.1625,1.0875,-0.2749999999999999,-0.2749999999999999,0.0125,-0.125
-77840.20000000001,139625.34999999998,15303.0,246297.975,18665.337500000023,7193.337500000023,168366.775,-5624.725000000006,143347.25,-22117.287499999977,-0.3624999999999998,-0.4375,-0.0625,0.8250000000000002,-0.4249999999999998,-0.125,-0.8375,0.08749999999999991,-0.2749999999999999,0.7250000000000001,0.0125,-0.125
-77851.20000000001,139488.34999999998,15434.0,246348.975,18507.337500000023,6989.337500000023,168237.775,-5641.725000000006,143158.25,-22272.287499999977,-0.3624999999999998,-0.4375,1.9375,0.8250000000000002,0.5750000000000002,-1.125,0.1625,0.08749999999999991,-0.2749999999999999,-0.2749999999999999,0.0125,-1.125
-77859.20000000001,139555.34999999998,15538.0,246435.975,18465.337500000023,7023.337500000023,168065.775,-5609.725000000006,143095.25,-22328.287499999977,0.6375000000000002,-0.4375,-1.0625,0.8250000000000002,-0.4249999999999998,-0.125,-0.8375,0.08749999999999991,-0.2749999999999999,-0.2749999999999999,0.0125,-0.125
-77882.20000000001,139592.34999999998,15487.0,246416.975,18535.337500000023,7100.337500000023,168029.775,-5531.725000000006,143204.25,-22309.287499999977,-0.3624999999999998,0.5625,-0.0625,0.8250000000000002,-0.4249999999999998,-0.125,0.1625,0.08749999999999991,-0.2749999999999999,-0.2749999999999999,0.0125,0.875
-77831.20000000001,139335.34999999998,15444.0,246591.975,18590.337500000023,7164.337500000023,168061.775,-5539.725000000006,143357.25,-22225.287499999977,-0.3624999999999998,-0.4375,-0.0625,-0.17499999999999982,-0.4249999999999998,-0.125,0.1625,0.08749999999999991,-0.2749999999999999,-0.2749999999999999,0.0125,-0.125
-77636.20000000001,139187.34999999998,15517.0,246527.975,18503.337500000023,7071.337500000023,168159.775,-5661.725000000006,143456.25,-22456.287499999977,-0.3624999999999998,0.5625,-0.0625,0.8250000000000002,0.5750000000000002,-0.125,0.1625,-0.9125000000000001,-0.2749999999999999,-0.2749999999999999,0.0125,-0.125
-77685.20000000001,139186.34999999998,15582.0,246484.975,18328.337500000023,7023.337500000023,168151.775,-5541.725000000006,143315.25,-22457.287499999977,0.6375000000000002,0.5625,-0.0625,-0.17499999999999982,0.5750000000000002,0.875,-0.8375,0.08749999999999991,-0.2749999999999999,-0.2749999999999999,0.0125,-0.125
-77639.20000000001,139264.34999999998,15620.0,246662.975,18298.337500000023,7118.337500000023,167705.775,-5613.725000000006,143098.25,-22355.287499999977,0.6375000000000002,0.5625,-0.0625,-0.17499999999999982,0.5750000000000002,-0.125,0.1625,0.08749999999999991,-0.2749999999999999,-0.2749999999999999,0.0125,-1.125
-77691.20000000001,139123.34999999998,15597.0,246725.975,18422.337500000023,7281.337500000023,167376.775,-5719.725000000006,142964.25,-22337.287499999977,0.6375000000000002,-0.4375,-0.0625,-1.1749999999999998,0.5750000000000002,0.875,-0.8375,0.08749999999999991,-0.2749999999999999,0.7250000000000001,0.0125,0.875
-77662.20000000001,139108.34999999998,15525.0,246641.975,18284.337500000023,7122.337500000023,167650.775,-5673.725000000006,142940.25,-22437.287499999977,0.6375000000000002,0.5625,-0.0625,0.8250000000000002,-0.4249999999999998,-0.125,0.1625,0.08749999999999991,-0.2749999999999999,-0.2749999999999999,0.0125,-0.125
-77511.20000000001,139418.34999999998,15639.0,246448.975,18419.337500000023,7088.337500000023,167920.775,-5538.725000000006,143086.25,-22294.287499999977,0.6375000000000002,-0.4375,0.9375,-0.17499999999999982,-0.4249999999999998,-0.125,0.1625,0.08749999999999991,0.7250000000000001,0.7250000000000001,0.0125,-1.125
-77575.20000000001,139453.34999999998,15586.0,246578.975,18519.337500000023,7064.337500000023,167887.775,-5655.725000000006,143164.25,-22416.287499999977,-0.3624999999999998,-0.4375,-0.0625,0.8250000000000002,-0.4249999999999998,-0.125,0.1625,0.08749999999999991,0.7250000000000001,0.7250000000000001,0.0125,-0.125
-77611.20000000001,139397.34999999998,15550.0,246538.975,18410.337500000023,7157.337500000023,167580.775,-5791.725000000006,143190.25,-22430.287499999977,0.6375000000000002,-0.4375,-0.0625,-0.17499999999999982,-0.4249999999999998,-0.125,-0.8375,0.08749999999999991,-0.2749999999999999,0.7250000000000001,0.0125,-0.125
-77513.20000000001,139281.34999999998,15626.0,246495.975,18486.337500000023,7309.337500000023,167430.775,-5547.725000000006,143106.25,-22431.287499999977,0.6375000000000002,-0.4375,-0.0625,0.8250000000000002,-0.4249999999999998,-0.125,0.1625,0.08749999999999991,0.7250000000000001,-0.2749999999999999,0.0125,-0.125
-77419.20000000001,139190.34999999998,15479.0,246445.975,18501.337500000023,7289.337500000023,167364.775,-5584.725000000006,143197.25,-22450.287499999977,0.6375000000000002,-0.4375,-0.0625,-0.17499999999999982,-0.4249999999999998,-0.125,0.1625,0.08749999999999991,-0.2749999999999999,0.7250000000000001,0.0125,-1.125
-77520.20000000001,139061.34999999998,15572.0,246443.975,18393.337500000023,7261.337500000023,167595.775,-5588.725000000006,143799.25,-22298.287499999977,0.6375000000000002,0.5625,-1.0625,-0.17499999999999982,0.5750000000000002,-0.125,0.1625,0.08749999999999991,-0.2749999999999999,0.7250000000000001,0.0125,-0.125
-77476.20000000001,138980.34999999998,15606.0,246299.975,18470.337500000023,7067.337500000023,167430.775,-5535.725000000006,143688.25,-22371.287499999977,0.6375000000000002,-0.4375,-0.0625,-0.17499999999999982,-0.4249999999999998,0.875,-0.8375,0.08749999999999991,0.7250000000000001,-0.2749999999999999,0.0125,-0.125
-77377.20000000001,138964.34999999998,15604.0,246649.975,18584.337500000023,7134.337500000023,167329.775,-5652.725000000006,143421.25,-22413.287499999977,0.6375000000000002,-0.4375,-0.0625,0.8250000000000002,-0.4249999999999998,-0.125,0.1625,-0.9125000000000001,0.7250000000000001,0.7250000000000001,0.0125,-0.125
-77503.20000000001,139086.34999999998,15596.0,246702.975,18552.337500000023,7226.337500000023,167355.775,-5712.725000000006,143331.25,-22414.287499999977,0.6375000000000002,0.5625,-0.0625,-0.17499999999999982,-0.4249999999999998,-0.125,0.1625,0.08749999999999991,-0.2749999999999999,-0.2749999999999999,0.0125,-0.125
-77592.20000000001,139103.34999999998,15591.0,246538.975,18493.337500000023,7118.337500000023,167507.775,-5692.725000000006,143318.25,-22477.287499999977,0.6375000000000002,-0.4375,-0.0625,0.8250000000000002,-0.4249999999999998,0.875,0.1625,0.08749999999999991,-0.2749999999999999,0.7250000000000001,0.0125,0.875
-77591.20000000001,138933.34999999998,15594.0,246505.975,18562.337500000023,6915.337500000023,167956.775,-5637.725000000006,143396.25,-22605.287499999977,0.6375000000000002,-0.4375,0.9375,-0.17499999999999982,0.5750000000000002,-1.125,0.1625,0.08749999999999991,0.7250000000000001,0.7250000000000001,0.0125,0.875
-77497.20000000001,139045.34999999998,15516.0,246491.975,18648.337500000023,7061.337500000023,168299.775,-5704.725000000006,143537.25,-22422.287499999977,0.6375000000000002,-0.4375,-1.0625,0.8250000000000002,-0.4249999999999998,-0.125,0.1625,0.08749999999999991,-0.2749999999999999,-0.2749999999999999,0.0125,-0.125
-77472.20000000001,139124.34999999998,15557.0,246470.975,18712.337500000023,7112.337500000023,168158.775,-5794.725000000006,143393.25,-22331.287499999977,-0.3624999999999998,0.5625,-0.0625,0.8250000000000002,-0.4249999999999998,-0.125,0.1625,0.08749999999999991,-0.2749999999999999,0.7250000000000001,0.0125,-1.125
-77475.20000000001,139068.34999999998,15582.0,246518.975,18527.337500000023,7105.337500000023,167772.775,-5763.725000000006,143218.25,-22364.287499999977,0.6375000000000002,-0.4375,-0.0625,-0.17499999999999982,-0.4249999999999998,-0.125,0.1625,0.08749999999999991,-0.2749999999999999,-0.2749999999999999,1.0125,-0.125
-77447.20000000001,139008.34999999998,15509.0,246679.975,18572.337500000023,7027.337500000023,167688.775,-5686.725000000006,143224.25,-22376.287499999977,0.6375000000000002,-0.4375,-0.0625,0.8250000000000002,0.5750000000000002,-1.125,0.1625,0.08749999999999991,0.7250000000000001,-0.2749999999999999,-0.9875,0.875
-77348.20000000001,138904.34999999998,15423.0,246668.975,18524.337500000023,7009.337500000023,167853.775,-5639.725000000006,143568.25,-22459.287499999977,0.6375000000000002,-0.4375,-0.0625,-0.17499999999999982,0.5750000000000002,-0.125,0.1625,0.08749999999999991,-0.2749999999999999,-0.2749999999999999,0.0125,1.875
-77380.20000000001,138850.34999999998,15432.0,246731.975,18379.337500000023,6960.337500000023,167916.775,-5626.725000000006,143661.25,-22474.287499999977,0.6375000000000002,-0.4375,-0.0625,-0.17499999999999982,-0.4249999999999998,-0.125,0.1625,0.08749999999999991,-0.2749999999999999,-0.2749999999999999,0.0125,0.875
-77395.20000000001,138683.34999999998,15571.0,246741.975,18498.337500000023,7034.337500000023,167585.775,-5600.725000000006,143702.25,-22401.287499999977,0.6375000000000002,-0.4375,-0.0625,-0.17499999999999982,-0.4249999999999998,-0.125,0.1625,-0.9125000000000001,-0.2749999999999999,-0.2749999999999999,0.0125,-0.125
-77247.20000000001,138546.34999999998,15593.0,246731.975,18450.337500000023,6981.337500000023,167606.775,-5689.725000000006,143554.25,-22548.287499999977,-0.3624999999999998,0.5625,0.9375,-0.17499999999999982,-0.4249999999999998,-0.125,0.1625,0.08749999999999991,-0.2749999999999999,-0.2749999999999999,0.0125,-0.125
-77404.20000000001,138607.34999999998,15743.0,246694.975,18557.337500000023,6879.337500000023,167593.775,-5634.725000000006,143413.25,-22594.287499999977,0.6375000000000002,-0.4375,0.9375,-0.17499999999999982,-0.4249999999999998,-0.125,0.1625,0.08749999999999991,-0.2749999999999999,0.7250000000000001,0.0125,-1.125
-77350.20000000001,138743.34999999998,15545.0,246723.975,18583.337500000023,7009.337500000023,168194.775,-5642.725000000006,143685.25,-22489.287499999977,0.6375000000000002,-0.4375,-0.0625,-0.17499999999999982,0.5750000000000002,-0.125,0.1625,0.08749999999999991,-0.2749999999999999,-0.2749999999999999,0.0125,0.875
-77454.20000000001,138669.34999999998,15559.0,246692.975,18719.337500000023,6953.337500000023,168394.775,-5595.725000000006,143634.25,-22371.287499999977,0.6375000000000002,0.5625,-1.0625,0.8250000000000002,0.5750000000000002,-1.125,0.1625,-0.9125000000000001,-0.2749999999999999,0.7250000000000001,0.0125,0.875
-77453.20000000001,138670.34999999998,15601.0,246745.975,18627.337500000023,7049.337500000023,168116.775,-5654.725000000006,143507.25,-22448.287499999977,0.6375000000000002,0.5625,-1.0625,0.8250000000000002,-0.4249999999999998,0.875,-0.8375,0.08749999999999991,-0.2749999999999999,0.7250000000000001,0.0125,-0.125
-77410.20000000001,138651.34999999998,15457.0,246638.975,18621.337500000023,7024.337500000023,167965.775,-5617.725000000006,143489.25,-22512.287499999977,0.6375000000000002,-0.4375,-0.0625,-0.17499999999999982,-0.4249999999999998,-0.125,0.1625,0.08749999999999991,-0.2749999999999999,-0.2749999999999999,0.0125,-1.125
-77365.20000000001,138617.34999999998,15486.0,246645.975,18550.337500000023,6986.337500000023,167895.775,-5700.725000000006,143534.25,-22361.287499999977,0.6375000000000002,0.5625,-0.0625,-0.17499999999999982,-0.4249999999999998,-0.125,0.1625,0.08749999999999991,-0.2749999999999999,0.7250000000000001,0.0125,-0.125
-77296.20000000001,138479.34999999998,15665.0,246678.975,18531.337500000023,6912.337500000023,168026.775,-5749.725000000006,143732.25,-22355.287499999977,-0.3624999999999998,0.5625,-0.0625,0.8250000000000002,-0.4249999999999998,-0.125,0.1625,0.08749999999999991,-0.2749999999999999,-0.2749999999999999,0.0125,0.875
-77168.20000000001,138375.34999999998,15632.0,246596.975,18555.337500000023,7039.337500000023,168044.775,-5656.725000000006,143950.25,-22340.287499999977,-0.3624999999999998,-0.4375,0.9375,-0.17499999999999982,-0.4249999999999998,-1.125,0.1625,0.08749999999999991,0.7250000000000001,0.7250000000000001,0.0125,-0.125
-76994.20000000001,138222.34999999998,15475.0,246633.975,18527.337500000023,7093.337500000023,167717.775,-5750.725000000006,143717.25,-22399.287499999977,0.6375000000000002,0.5625,-0.0625,-0.17499999999999982,-0.4249999999999998,-0.125,0.1625,0.08749999999999991,0.7250000000000001,-0.2749999999999999,0.0125,0.875
-77001.20000000001,138052.34999999998,15460.0,246735.975,18531.337500000023,7054.337500000023,167480.775,-5796.725000000006,143675.25,-22547.287499999977,0.6375000000000002,0.5625,0.9375,0.8250000000000002,-0.4249999999999998,-0.125,-0.8375,0.08749999999999991,-0.2749999999999999,-0.2749999999999999,0.0125,0.875
-77088.20000000001,138107.34999999998,15504.0,246863.975,18481.337500000023,6814.337500000023,167415.775,-5764.725000000006,143814.25,-22566.287499999977,0.6375000000000002,0.5625,0.9375,-0.17499999999999982,0.5750000000000002,-0.125,0.1625,0.08749999999999991,-0.2749999999999999,0.7250000000000001,0.0125,-0.125
-77029.20000000001,138330.34999999998,15533.0,246761.975,18372.337500000023,6709.337500000023,167382.775,-5347.725000000006,143771.25,-22514.287499999977,-0.3624999999999998,0.5625,-0.0625,-0.17499999999999982,0.5750000000000002,-0.125,0.1625,1.0875,-0.2749999999999999,0.7250000000000001,-0.9875,-0.125
-77158.20000000001,138291.34999999998,15638.0,246787.975,18571.337500000023,7056.337500000023,167619.775,-5499.725000000006,143673.25,-22575.287499999977,0.6375000000000002,-0.4375,-1.0625,-0.17499999999999982,-0.4249999999999998,-0.125,-0.8375,0.08749999999999991,0.7250000000000001,0.7250000000000001,0.0125,-0.125
-77185.20000000001,138112.34999999998,15631.0,246716.975,18687.337500000023,7067.337500000023,167855.775,-5547.725000000006,143533.25,-22597.287499999977,-0.3624999999999998,-0.4375,-0.0625,-0.17499999999999982,-0.4249999999999998,-0.125,0.1625,0.08749999999999991,-0.2749999999999999,-0.2749999999999999,0.0125,-0.125
-77229.20000000001,138344.34999999998,15641.0,246678.975,18648.337500000023,6882.337500000023,167841.775,-5462.725000000006,143500.25,-22524.287499999977,-0.3624999999999998,0.5625,-0.0625,-0.17499999999999982,-0.4249999999999998,0.875,-0.8375,1.0875,-0.2749999999999999,-0.2749999999999999,0.0125,-0.125
-77252.20000000001,138330.34999999998,15505.0,246809.975,18585.337500000023,6951.337500000023,167927.775,-5604.725000000006,143359.25,-22464.287499999977,0.6375000000000002,-0.4375,-0.0625,0.8250000000000002,-0.4249999999999998,-0.125,0.1625,1.0875,-0.2749999999999999,0.7250000000000001,0.0125,-2.125
-77217.20000000001,138440.34999999998,15508.0,246600.975,18616.337500000023,6936.337500000023,167941.775,-5654.725000000006,143256.25,-22601.287499999977,-0.3624999999999998,0.5625,-1.0625,0.8250000000000002,-0.4249999999999998,-0.125,0.1625,1.0875,-0.2749999999999999,-0.2749999999999999,0.0125,-0.125
-77104.20000000001,138231.34999999998,15553.0,246626.975,18555.337500000023,6862.337500000023,168295.775,-5642.725000000006,143389.25,-22547.287499999977,0.6375000000000002,0.5625,-0.0625,-0.17499999999999982,0.5750000000000002,-0.125,0.1625,0.08749999999999991,-0.2749999999999999,0.7250000000000001,-0.9875,0.875
-77076.20000000001,138160.34999999998,15587.0,246699.975,18595.337500000023,6861.337500000023,168194.775,-5634.725000000006,143509.25,-22596.287499999977,0.6375000000000002,-0.4375,-0.0625,-0.17499999999999982,-0.4249999999999998,0.875,0.1625,0.08749999999999991,0.7250000000000001,-0.2749999999999999,0.0125,0.875
-76986.20000000001,138185.34999999998,15571.0,246768.975,18514.337500000023,6855.337500000023,168147.775,-5728.725000000006,143514.25,-22585.287499999977,0.6375000000000002,-0.4375,-0.0625,-0.17499999999999982,0.5750000000000002,-0.125,0.1625,0.08749999999999991,0.7250000000000001,0.7250000000000001,-0.9875,-0.125
-76951.20000000001,137821.34999999998,15427.0,246867.975,18586.337500000023,7164.337500000023,167495.775,-5662.725000000006,143517.25,-22592.287499999977,-0.3624999999999998,0.5625,-1.0625,-0.17499999999999982,-0.4249999999999998,-0.125,0.1625,0.08749999999999991,0.7250000000000001,-0.2749999999999999,0.0125,-0.125
-76912.20000000001,137890.34999999998,15718.0,246817.975,18608.337500000023,7012.337500000023,167727.775,-5709.725000000006,143565.25,-22715.287499999977,0.6375000000000002,0.5625,-1.0625,0.8250000000000002,-0.4249999999999998,-0.125,0.1625,0.08749999999999991,-0.2749999999999999,-0.2749999999999999,0.0125,0.875
-76974.20000000001,137874.34999999998,15624.0,246765.975,18561.337500000023,6845.337500000023,167995.775,-5751.725000000006,143493.25,-22738.287499999977,0.6375000000000002,0.5625,-0.0625,-0.17499999999999982,-0.4249999999999998,-0.125,0.1625,0.08749999999999991,-0.2749999999999999,0.7250000000000001,0.0125,-0.125
-77129.20000000001,138091.34999999998,15587.0,246748.975,18572.337500000023,6856.337500000023,168254.775,-5648.725000000006,143268.25,-22737.287499999977,0.6375000000000002,-0.4375,-0.0625,0.8250000000000002,-0.4249999999999998,-0.125,0.1625,-0.9125000000000001,-0.2749999999999999,-1.275,0.0125,-0.125
-77177.20000000001,138060.34999999998,15548.0,246711.975,18549.337500000023,6638.337500000023,168053.775,-5737.725000000006,143107.25,-22640.287499999977,0.6375000000000002,0.5625,-1.0625,0.8250000000000002,-0.4249999999999998,0.875,0.1625,0.08749999999999991,0.7250000000000001,0.7250000000000001,0.0125,-0.125
-77049.20000000001,138084.34999999998,15502.0,246620.975,18568.337500000023,6603.337500000023,168082.775,-5705.725000000006,143179.25,-22713.287499999977,0.6375000000000002,-0.4375,-0.0625,0.8250000000000002,0.5750000000000002,-0.125,0.1625,0.08749999999999991,-0.2749999999999999,-0.2749999999999999,0.0125,-0.125
-76879.20000000001,138068.34999999998,15560.0,246577.975,18558.337500000023,6810.337500000023,168026.775,-5699.725000000006,143052.25,-22667.287499999977,0.6375000000000002,-0.4375,-0.0625,0.8250000000000002,-0.4249999999999998,-0.125,0.1625,0.08749999999999991,-0.2749999999999999,-0.2749999999999999,0.0125,-0.125
-76953.20000000001,138076.34999999998,15611.0,246712.975,18608.337500000023,6869.337500000023,168000.775,-5748.725000000006,143147.25,-22643.287499999977,0.6375000000000002,0.5625,-0.0625,0.8250000000000002,-0.4249999999999998,-0.125,-0.8375,0.08749999999999991,0.7250000000000001,-0.2749999999999999,0.0125,0.875
-76985.20000000001,137919.34999999998,15486.0,246744.975,18521.337500000023,6795.337500000023,168046.775,-5780.725000000006,143272.25,-22724.287499999977,-0.3624999999999998,0.5625,-0.0625,0.8250000000000002,0.5750000000000002,-0.125,0.1625,0.08749999999999991,0.7250000000000001,0.7250000000000001,0.0125,1.875
-76890.20000000001,137680.34999999998,15638.0,246827.975,18366.337500000023,6700.337500000023,168015.775,-5694.725000000006,143382.25,-22877.287499999977,0.6375000000000002,-0.4375,-0.0625,-0.17499999999999982,0.5750000000000002,-1.125,-0.8375,0.08749999999999991,-0.2749999999999999,-0.2749999999999999,0.0125,-0.125
-76752.20000000001,137544.34999999998,15586.0,246785.975,18255.337500000023,6568.337500000023,167644.775,-5533.725000000006,143352.25,-22784.287499999977,-0.3624999999999998,0.5625,-0.0625,-0.17499999999999982,-0.4249999999999998,0.875,0.1625,0.08749999999999991,-0.2749999999999999,-0.2749999999999999,0.0125,-0.125
-76736.20000000001,137509.34999999998,15549.0,246725.975,18333.337500000023,6749.337500000023,167513.775,-5550.725000000006,143383.25,-22643.287499999977,-0.3624999999999998,0.5625,-0.0625,-0.17499999999999982,-0.4249999999999998,-0.125,0.1625,0.08749999999999991,0.7250000000000001,-0.2749999999999999,-0.9875,-0.125
-76753.20000000001,137472.34999999998,15531.0,246834.975,18363.337500000023,6770.337500000023,167435.775,-5746.725000000006,143423.25,-22754.287499999977,0.6375000000000002,-0.4375,0.9375,-0.17499999999999982,-0.4249999999999998,-1.125,0.1625,0.08749999999999991,0.7250000000000001,-0.2749999999999999,0.0125,-0.125
