FPI,SPI,AI,SFI,FFI,FPD,SPD,AD,SFD,FFD,API_X,API_Y,API_Z,APD_X,APD_Y,APD_Z,AFD_X,AFD_Y,AFD_Z,AFI_X,AFI_Y,AFI_Z
34653.61249999999,-36.949999999953434,-5230.449999999997,-299.70000000001164,7059.5,15630.924999999988,-156.35000000000582,-413.88750000001164,-642.4749999999985,-9285.575000000012,0.375,0.8875,0.025000000000005684,-0.037499999999999645,-0.40000000000000036,-0.48750000000001137,0.0375,0.11249999999999982,-0.2749999999999999,-0.30000000000000004,0.0625,0.4625000000000057
34677.61249999999,16.050000000046566,-5249.449999999997,-347.70000000001164,6875.5,15589.924999999988,-124.35000000000582,-333.88750000001164,-708.4749999999985,-9309.575000000012,0.375,-0.11250000000000004,0.025000000000005684,-0.037499999999999645,0.5999999999999996,0.5124999999999886,0.0375,0.11249999999999982,-0.2749999999999999,0.7,0.0625,0.4625000000000057
34657.61249999999,-11.949999999953434,-5167.449999999997,-218.70000000001164,6924.5,15347.924999999988,-158.35000000000582,-557.8875000000116,-557.4749999999985,-9380.575000000012,0.375,-0.11250000000000004,0.025000000000005684,-0.037499999999999645,0.5999999999999996,0.5124999999999886,0.0375,0.11249999999999982,-0.2749999999999999,-0.30000000000000004,0.0625,-0.5374999999999943
34554.61249999999,78.05000000004657,-5018.449999999997,-463.70000000001164,6944.5,15319.924999999988,-228.35000000000582,-582.8875000000116,-334.47499999999854,-9544.575000000012,0.375,-0.11250000000000004,1.0250000000000057,-0.037499999999999645,-0.40000000000000036,-0.48750000000001137,0.0375,-0.8875000000000002,0.7250000000000001,-0.30000000000000004,0.0625,-0.5374999999999943
34525.61249999999,58.050000000046566,-5152.449999999997,-478.70000000001164,6992.5,15521.924999999988,-68.35000000000582,-555.8875000000116,-301.47499999999854,-9441.575000000012,0.375,-0.11250000000000004,1.0250000000000057,-0.037499999999999645,0.5999999999999996,-0.48750000000001137,0.0375,0.11249999999999982,0.7250000000000001,-0.30000000000000004,0.0625,0.4625000000000057
34650.61249999999,41.050000000046566,-5232.449999999997,-287.70000000001164,6924.5,15330.924999999988,59.64999999999418,-583.8875000000116,-217.47499999999854,-9500.575000000012,0.375,-0.11250000000000004,0.025000000000005684,-0.037499999999999645,0.5999999999999996,-0.48750000000001137,0.0375,0.11249999999999982,-0.2749999999999999,-0.30000000000000004,0.0625,0.4625000000000057
34545.61249999999,-74.94999999995343,-5257.449999999997,-358.70000000001164,6809.5,15211.924999999988,-92.35000000000582,-619.8875000000116,-338.47499999999854,-9599.575000000012,-0.625,0.8875,-0.9749999999999943,-0.037499999999999645,0.5999999999999996,-0.48750000000001137,0.0375,0.11249999999999982,-0.2749999999999999,0.7,0.0625,0.4625000000000057
34522.61249999999,-115.94999999995343,-5288.449999999997,-429.70000000001164,6842.5,15553.924999999988,-10.35000000000582,-444.88750000001164,-285.47499999999854,-9614.575000000012,-0.625,-0.11250000000000004,0.025000000000005684,-0.037499999999999645,-0.40000000000000036,-0.48750000000001137,0.0375,0.11249999999999982,0.7250000000000001,-0.30000000000000004,0.0625,0.4625000000000057
34443.61249999999,-56.949999999953434,-5348.449999999997,-279.70000000001164,6853.5,15378.924999999988,-139.35000000000582,-470.88750000001164,-15.474999999998545,-9558.575000000012,0.375,-0.11250000000000004,0.025000000000005684,-0.037499999999999645,-0.40000000000000036,0.5124999999999886,0.0375,0.11249999999999982,-0.2749999999999999,-0.30000000000000004,0.0625,0.4625000000000057
34418.61249999999,36.050000000046566,-5184.449999999997,-195.70000000001164,6947.5,15317.924999999988,60.64999999999418,-568.8875000000116,87.52500000000146,-9509.575000000012,-0.625,-0.11250000000000004,-0.9749999999999943,-0.037499999999999645,-0.40000000000000036,0.5124999999999886,0.0375,0.11249999999999982,-0.2749999999999999,0.7,-0.9375,-0.5374999999999943
34534.61249999999,-34.949999999953434,-5229.449999999997,-310.70000000001164,6909.5,15211.924999999988,28.64999999999418,-625.8875000000116,93.52500000000146,-9439.575000000012,0.375,-0.11250000000000004,0.025000000000005684,-0.037499999999999645,0.5999999999999996,-0.48750000000001137,-0.9625,0.11249999999999982,-0.2749999999999999,-0.30000000000000004,-0.9375,-0.5374999999999943
34582.61249999999,73.05000000004657,-5316.449999999997,-321.70000000001164,7005.5,15341.924999999988,140.64999999999418,-319.88750000001164,113.52500000000146,-9512.575000000012,0.375,0.8875,-0.9749999999999943,0.9625000000000004,-0.40000000000000036,0.5124999999999886,0.0375,0.11249999999999982,0.7250000000000001,-0.30000000000000004,0.0625,0.4625000000000057
34490.61249999999,168.05000000004657,-5395.449999999997,-240.70000000001164,7073.5,15489.924999999988,-18.35000000000582,-366.88750000001164,199.52500000000146,-9404.575000000012,-0.625,0.8875,0.025000000000005684,-0.037499999999999645,-0.40000000000000036,0.5124999999999886,0.0375,0.11249999999999982,-0.2749999999999999,-0.30000000000000004,0.0625,-0.5374999999999943
34571.61249999999,-9.949999999953434,-5168.449999999997,43.29999999998836,7091.5,15484.924999999988,-201.35000000000582,-430.88750000001164,320.52500000000146,-9147.575000000012,0.375,0.8875,0.025000000000005684,-0.037499999999999645,0.5999999999999996,0.5124999999999886,0.0375,0.11249999999999982,0.7250000000000001,-0.30000000000000004,0.0625,-0.5374999999999943
34512.61249999999,190.05000000004657,-5234.449999999997,31.29999999998836,7058.5,15472.924999999988,-110.35000000000582,-507.88750000001164,294.52500000000146,-9187.575000000012,0.375,-0.11250000000000004,1.0250000000000057,-0.037499999999999645,0.5999999999999996,0.5124999999999886,0.0375,0.11249999999999982,-0.2749999999999999,-0.30000000000000004,0.0625,-0.5374999999999943
34438.61249999999,107.05000000004657,-5099.449999999997,67.29999999998836,7036.5,15585.924999999988,5.649999999994179,-495.88750000001164,333.52500000000146,-9387.575000000012,0.375,-0.11250000000000004,0.025000000000005684,-0.037499999999999645,-0.40000000000000036,-0.48750000000001137,0.0375,0.11249999999999982,0.7250000000000001,0.7,0.0625,-0.5374999999999943
34411.61249999999,204.05000000004657,-4999.449999999997,135.29999999998836,6929.5,15526.924999999988,-5.350000000005821,-528.8875000000116,188.52500000000146,-9363.575000000012,-0.625,0.8875,0.025000000000005684,0.9625000000000004,-1.4000000000000004,-0.48750000000001137,0.0375,0.11249999999999982,0.7250000000000001,0.7,0.0625,-0.5374999999999943
34452.61249999999,88.05000000004657,-5167.449999999997,141.29999999998836,6933.5,15424.924999999988,-19.35000000000582,-536.8875000000116,159.52500000000146,-9270.575000000012,0.375,0.8875,-0.9749999999999943,-0.037499999999999645,0.5999999999999996,0.5124999999999886,0.0375,0.11249999999999982,-0.2749999999999999,-0.30000000000000004,-0.9375,-0.5374999999999943
34361.61249999999,160.05000000004657,-5074.449999999997,107.29999999998836,6935.5,15418.924999999988,-79.35000000000582,-445.88750000001164,-52.474999999998545,-9401.575000000012,0.375,-0.11250000000000004,-0.9749999999999943,-0.037499999999999645,0.5999999999999996,-0.48750000000001137,0.0375,0.11249999999999982,-0.2749999999999999,-0.30000000000000004,0.0625,0.4625000000000057
34458.61249999999,175.05000000004657,-5159.449999999997,31.29999999998836,6934.5,15656.924999999988,-149.35000000000582,-540.8875000000116,-102.47499999999854,-9482.575000000012,0.375,-0.11250000000000004,-0.9749999999999943,-0.037499999999999645,0.5999999999999996,-0.48750000000001137,0.0375,0.11249999999999982,-0.2749999999999999,-0.30000000000000004,0.0625,0.4625000000000057
34460.61249999999,177.05000000004657,-5241.449999999997,-32.70000000001164,6783.5,15616.924999999988,-427.3500000000058,-447.88750000001164,-160.47499999999854,-9506.575000000012,1.375,-0.11250000000000004,0.025000000000005684,-0.037499999999999645,0.5999999999999996,-0.48750000000001137,0.0375,0.11249999999999982,0.7250000000000001,-0.30000000000000004,0.0625,-0.5374999999999943
34539.61249999999,126.05000000004657,-5225.449999999997,-67.70000000001164,6726.5,15476.924999999988,-463.3500000000058,-428.88750000001164,-128.47499999999854,-9528.575000000012,0.375,-0.11250000000000004,-0.9749999999999943,-0.037499999999999645,-0.40000000000000036,-0.48750000000001137,-0.9625,0.11249999999999982,-0.2749999999999999,0.7,0.0625,0.4625000000000057
34630.61249999999,67.05000000004657,-5279.449999999997,-147.70000000001164,6876.5,15500.924999999988,-395.3500000000058,-549.8875000000116,-221.47499999999854,-9510.575000000012,0.375,-0.11250000000000004,0.025000000000005684,-0.037499999999999645,0.5999999999999996,1.5124999999999886,0.0375,-0.8875000000000002,-0.2749999999999999,0.7,0.0625,0.4625000000000057
34539.61249999999,10.050000000046566,-5270.449999999997,-161.70000000001164,6951.5,15571.924999999988,-357.3500000000058,-513.8875000000116,-364.47499999999854,-9527.575000000012,0.375,-0.11250000000000004,0.025000000000005684,-0.037499999999999645,0.5999999999999996,0.5124999999999886,0.0375,0.11249999999999982,-0.2749999999999999,-0.30000000000000004,0.0625,0.4625000000000057
34518.61249999999,-46.949999999953434,-5212.449999999997,-119.70000000001164,6909.5,15637.924999999988,-335.3500000000058,-593.8875000000116,-438.47499999999854,-9541.575000000012,-0.625,-0.11250000000000004,0.025000000000005684,-0.037499999999999645,-0.40000000000000036,0.5124999999999886,0.0375,-0.8875000000000002,-0.2749999999999999,-0.30000000000000004,-0.9375,0.4625000000000057
34645.61249999999,-162.94999999995343,-5053.449999999997,-214.70000000001164,6993.5,15530.924999999988,-255.35000000000582,-579.8875000000116,-431.47499999999854,-9479.575000000012,-0.625,-0.11250000000000004,-0.9749999999999943,-0.037499999999999645,0.5999999999999996,-0.48750000000001137,0.0375,0.11249999999999982,-0.2749999999999999,-0.30000000000000004,0.0625,0.4625000000000057
34718.61249999999,-262.94999999995343,-5100.449999999997,-377.70000000001164,6893.5,15334.924999999988,-301.3500000000058,-581.8875000000116,-388.47499999999854,-9506.575000000012,0.375,-0.11250000000000004,0.025000000000005684,-0.037499999999999645,-0.40000000000000036,-0.48750000000001137,0.0375,0.11249999999999982,-0.2749999999999999,-0.30000000000000004,0.0625,-0.5374999999999943
34536.61249999999,-114.94999999995343,-5219.449999999997,-277.70000000001164,6921.5,15626.924999999988,-530.3500000000058,-323.88750000001164,-209.47499999999854,-9576.575000000012,0.375,0.8875,0.025000000000005684,-0.037499999999999645,0.5999999999999996,-0.48750000000001137,0.0375,0.11249999999999982,0.7250000000000001,-0.30000000000000004,2.0625,1.4625000000000057
34478.61249999999,-101.94999999995343,-5234.449999999997,-165.70000000001164,6897.5,15563.924999999988,-150.35000000000582,-496.88750000001164,-125.47499999999854,-9506.575000000012,0.375,-0.11250000000000004,-0.9749999999999943,-0.037499999999999645,-0.40000000000000036,-0.48750000000001137,0.0375,0.11249999999999982,-0.2749999999999999,-0.30000000000000004,0.0625,-0.5374999999999943
34567.61249999999,-104.94999999995343,-5372.449999999997,-119.70000000001164,6927.5,15564.924999999988,95.64999999999418,-415.88750000001164,-129.47499999999854,-9503.575000000012,0.375,-0.11250000000000004,0.025000000000005684,-0.037499999999999645,-0.40000000000000036,0.5124999999999886,0.0375,0.11249999999999982,-0.2749999999999999,-0.30000000000000004,0.0625,-0.5374999999999943
34617.61249999999,-89.94999999995343,-5376.449999999997,-91.70000000001164,7048.5,15561.924999999988,214.64999999999418,-422.88750000001164,-77.47499999999854,-9467.575000000012,0.375,-0.11250000000000004,0.025000000000005684,-0.037499999999999645,-0.40000000000000036,0.5124999999999886,0.0375,0.11249999999999982,-0.2749999999999999,-0.30000000000000004,0.0625,0.4625000000000057
34595.61249999999,-222.94999999995343,-5285.449999999997,21.29999999998836,7047.5,15410.924999999988,97.64999999999418,-461.88750000001164,-9.474999999998545,-9284.575000000012,0.375,-0.11250000000000004,-0.9749999999999943,-0.037499999999999645,-0.40000000000000036,0.5124999999999886,0.0375,0.11249999999999982,0.7250000000000001,-0.30000000000000004,0.0625,-0.5374999999999943
34594.61249999999,-87.94999999995343,-5423.449999999997,80.29999999998836,7077.5,15616.924999999988,23.64999999999418,-482.88750000001164,95.52500000000146,-9327.575000000012,0.375,-0.11250000000000004,0.025000000000005684,-1.0374999999999996,-0.40000000000000036,0.5124999999999886,0.0375,0.11249999999999982,-1.275,-0.30000000000000004,0.0625,-0.5374999999999943
34593.61249999999,-37.949999999953434,-5312.449999999997,70.29999999998836,6993.5,15652.924999999988,-1.3500000000058208,-608.8875000000116,283.52500000000146,-9388.575000000012,0.375,-0.11250000000000004,0.025000000000005684,-0.037499999999999645,-0.40000000000000036,-0.48750000000001137,0.0375,-0.8875000000000002,-0.2749999999999999,-0.30000000000000004,0.0625,0.4625000000000057
34692.61249999999,-58.949999999953434,-5212.449999999997,148.29999999998836,6928.5,15396.924999999988,-65.35000000000582,-624.8875000000116,419.52500000000146,-9435.575000000012,0.375,-0.11250000000000004,1.0250000000000057,-0.037499999999999645,0.5999999999999996,0.5124999999999886,0.0375,0.11249999999999982,-0.2749999999999999,0.7,-0.9375,0.4625000000000057
34552.61249999999,-39.949999999953434,-5300.449999999997,176.29999999998836,6996.5,15481.924999999988,-96.35000000000582,-503.88750000001164,559.5250000000015,-9473.575000000012,-0.625,-0.11250000000000004,-0.9749999999999943,-0.037499999999999645,-0.40000000000000036,-0.48750000000001137,0.0375,0.11249999999999982,-0.2749999999999999,-0.30000000000000004,0.0625,-0.5374999999999943
34640.61249999999,48.050000000046566,-5223.449999999997,126.29999999998836,7039.5,15647.924999999988,-54.35000000000582,-597.8875000000116,493.52500000000146,-9423.575000000012,0.375,-0.11250000000000004,1.0250000000000057,-0.037499999999999645,1.5999999999999996,-0.48750000000001137,0.0375,0.11249999999999982,-0.2749999999999999,-0.30000000000000004,0.0625,0.4625000000000057
34633.61249999999,44.050000000046566,-5168.449999999997,96.29999999998836,6973.5,15601.924999999988,-19.35000000000582,-497.88750000001164,518.5250000000015,-9435.575000000012,0.375,-0.11250000000000004,0.025000000000005684,-0.037499999999999645,0.5999999999999996,-0.48750000000001137,0.0375,0.11249999999999982,-0.2749999999999999,-0.30000000000000004,0.0625,-0.5374999999999943
34572.61249999999,-154.94999999995343,-5230.449999999997,134.29999999998836,7031.5,15386.924999999988,-28.35000000000582,-400.88750000001164,509.52500000000146,-9387.575000000012,-0.625,-0.11250000000000004,1.0250000000000057,-0.037499999999999645,0.5999999999999996,-0.48750000000001137,0.0375,0.11249999999999982,-0.2749999999999999,-0.30000000000000004,0.0625,-0.5374999999999943
34500.61249999999,-6.949999999953434,-5167.449999999997,121.29999999998836,6930.5,15472.924999999988,-24.35000000000582,-360.88750000001164,376.52500000000146,-9379.575000000012,0.375,-0.11250000000000004,0.025000000000005684,-0.037499999999999645,0.5999999999999996,0.5124999999999886,0.0375,-0.8875000000000002,-0.2749999999999999,-0.30000000000000004,0.0625,0.4625000000000057
34547.61249999999,38.050000000046566,-5207.449999999997,177.29999999998836,6888.5,15462.924999999988,63.64999999999418,-416.88750000001164,117.52500000000146,-9464.575000000012,0.375,-0.11250000000000004,0.025000000000005684,0.9625000000000004,-0.40000000000000036,-0.48750000000001137,0.0375,0.11249999999999982,-0.2749999999999999,0.7,-0.9375,0.4625000000000057
34501.61249999999,54.050000000046566,-5152.449999999997,318.29999999998836,6913.5,15487.924999999988,-63.35000000000582,-495.88750000001164,-45.474999999998545,-9424.575000000012,0.375,-0.11250000000000004,0.025000000000005684,-0.037499999999999645,0.5999999999999996,-0.48750000000001137,0.0375,0.11249999999999982,-0.2749999999999999,-0.30000000000000004,0.0625,0.4625000000000057
34419.61249999999,38.050000000046566,-5132.449999999997,208.29999999998836,6977.5,15519.924999999988,56.64999999999418,-466.88750000001164,-107.47499999999854,-9520.575000000012,0.375,-0.11250000000000004,1.0250000000000057,-0.037499999999999645,-0.40000000000000036,-0.48750000000001137,0.0375,0.11249999999999982,-0.2749999999999999,-0.30000000000000004,0.0625,0.4625000000000057
34430.61249999999,142.05000000004657,-5026.449999999997,164.29999999998836,7121.5,15610.924999999988,6.649999999994179,-583.8875000000116,-224.47499999999854,-9503.575000000012,-0.625,-0.11250000000000004,0.025000000000005684,-0.037499999999999645,0.5999999999999996,0.5124999999999886,0.0375,0.11249999999999982,-0.2749999999999999,-0.30000000000000004,1.0625,-0.5374999999999943
34515.61249999999,149.05000000004657,-5104.449999999997,159.29999999998836,7097.5,15516.924999999988,-59.35000000000582,-460.88750000001164,-458.47499999999854,-9532.575000000012,-0.625,-0.11250000000000004,0.025000000000005684,-0.037499999999999645,-0.40000000000000036,0.5124999999999886,0.0375,0.11249999999999982,0.7250000000000001,-0.30000000000000004,0.0625,0.4625000000000057
34462.61249999999,134.05000000004657,-5049.449999999997,154.29999999998836,7102.5,15493.924999999988,-52.35000000000582,-582.8875000000116,-508.47499999999854,-9572.575000000012,0.375,-0.11250000000000004,0.025000000000005684,0.9625000000000004,-0.40000000000000036,0.5124999999999886,0.0375,0.11249999999999982,-0.2749999999999999,0.7,0.0625,0.4625000000000057
34383.61249999999,164.05000000004657,-5059.449999999997,210.29999999998836,7196.5,15678.924999999988,-57.35000000000582,-529.8875000000116,-520.4749999999985,-9386.575000000012,-0.625,-0.11250000000000004,0.025000000000005684,-0.037499999999999645,-0.40000000000000036,0.5124999999999886,0.0375,0.11249999999999982,-0.2749999999999999,-0.30000000000000004,0.0625,0.4625000000000057
34353.61249999999,223.05000000004657,-5096.449999999997,170.29999999998836,7231.5,15533.924999999988,20.64999999999418,-531.8875000000116,-547.4749999999985,-9480.575000000012,0.375,-0.11250000000000004,0.025000000000005684,-0.037499999999999645,-0.40000000000000036,0.5124999999999886,0.0375,0.11249999999999982,0.7250000000000001,0.7,0.0625,0.4625000000000057
34495.61249999999,18.050000000046566,-5141.449999999997,148.29999999998836,7035.5,15478.924999999988,-46.35000000000582,-533.8875000000116,-444.47499999999854,-9540.575000000012,-0.625,-0.11250000000000004,-0.9749999999999943,-0.037499999999999645,-0.40000000000000036,0.5124999999999886,0.0375,-0.8875000000000002,-0.2749999999999999,-0.30000000000000004,0.0625,0.4625000000000057
34389.61249999999,189.05000000004657,-5260.449999999997,185.29999999998836,7191.5,15563.924999999988,-86.35000000000582,-535.8875000000116,-329.47499999999854,-9521.575000000012,0.375,-0.11250000000000004,1.0250000000000057,-0.037499999999999645,0.5999999999999996,-0.48750000000001137,0.0375,0.11249999999999982,-0.2749999999999999,0.7,-0.9375,0.4625000000000057
34425.61249999999,77.05000000004657,-5284.449999999997,141.29999999998836,7127.5,15462.924999999988,-61.35000000000582,-551.8875000000116,-222.47499999999854,-9563.575000000012,-0.625,-0.11250000000000004,1.0250000000000057,-0.037499999999999645,-0.40000000000000036,0.5124999999999886,0.0375,0.11249999999999982,0.7250000000000001,-0.30000000000000004,0.0625,-1.5374999999999943
34480.61249999999,-47.949999999953434,-5292.449999999997,85.29999999998836,6960.5,15402.924999999988,30.64999999999418,-500.88750000001164,-84.47499999999854,-9364.575000000012,0.375,-0.11250000000000004,0.025000000000005684,-0.037499999999999645,-0.40000000000000036,-0.48750000000001137,0.0375,-0.8875000000000002,0.7250000000000001,-0.30000000000000004,0.0625,-0.5374999999999943
34365.61249999999,142.05000000004657,-5310.449999999997,92.29999999998836,6950.5,15524.924999999988,-58.35000000000582,-469.88750000001164,-140.47499999999854,-9317.575000000012,-0.625,-0.11250000000000004,0.025000000000005684,-0.037499999999999645,0.5999999999999996,0.5124999999999886,0.0375,0.11249999999999982,-0.2749999999999999,-0.30000000000000004,0.0625,-0.5374999999999943
34427.61249999999,205.05000000004657,-5238.449999999997,114.29999999998836,6991.5,15423.924999999988,-75.35000000000582,-536.8875000000116,-114.47499999999854,-9279.575000000012,0.375,-0.11250000000000004,0.025000000000005684,-1.0374999999999996,0.5999999999999996,0.5124999999999886,0.0375,0.11249999999999982,0.7250000000000001,0.7,0.0625,-0.5374999999999943
34502.61249999999,124.05000000004657,-5055.449999999997,125.29999999998836,7110.5,15486.924999999988,-76.35000000000582,-597.8875000000116,-50.474999999998545,-9318.575000000012,0.375,-0.11250000000000004,0.025000000000005684,-0.037499999999999645,-0.40000000000000036,0.5124999999999886,0.0375,0.11249999999999982,-0.2749999999999999,0.7,0.0625,-0.5374999999999943
34546.61249999999,94.05000000004657,-5152.449999999997,96.29999999998836,7044.5,15455.924999999988,-192.35000000000582,-530.8875000000116,49.525000000001455,-9321.575000000012,-0.625,0.8875,-0.9749999999999943,-0.037499999999999645,-0.40000000000000036,-0.48750000000001137,0.0375,0.11249999999999982,0.7250000000000001,-0.30000000000000004,0.0625,-0.5374999999999943
34759.61249999999,74.05000000004657,-5312.449999999997,104.29999999998836,6894.5,15338.924999999988,-106.35000000000582,-500.88750000001164,39.525000000001455,-9393.575000000012,0.375,-0.11250000000000004,-0.9749999999999943,0.9625000000000004,-0.40000000000000036,0.5124999999999886,0.0375,0.11249999999999982,-0.2749999999999999,-0.30000000000000004,0.0625,0.4625000000000057
34433.61249999999,17.050000000046566,-5250.449999999997,135.29999999998836,6930.5,15343.924999999988,-192.35000000000582,-470.88750000001164,72.52500000000146,-9327.575000000012,0.375,0.8875,0.025000000000005684,-0.037499999999999645,0.5999999999999996,0.5124999999999886,0.0375,0.11249999999999982,-0.2749999999999999,0.7,0.0625,0.4625000000000057
34406.61249999999,130.05000000004657,-5248.449999999997,88.29999999998836,7039.5,15571.924999999988,-34.35000000000582,-547.8875000000116,22.525000000001455,-9443.575000000012,0.375,-0.11250000000000004,0.025000000000005684,0.9625000000000004,0.5999999999999996,-1.4875000000000114,0.0375,-0.8875000000000002,-0.2749999999999999,-0.30000000000000004,0.0625,0.4625000000000057
34370.61249999999,94.05000000004657,-5136.449999999997,58.29999999998836,6851.5,15490.924999999988,-307.3500000000058,-451.88750000001164,59.525000000001455,-9457.575000000012,-0.625,0.8875,0.025000000000005684,-0.037499999999999645,0.5999999999999996,0.5124999999999886,0.0375,0.11249999999999982,0.7250000000000001,-0.30000000000000004,0.0625,-0.5374999999999943
34544.61249999999,43.050000000046566,-5018.449999999997,150.29999999998836,6808.5,15475.924999999988,-123.35000000000582,-443.88750000001164,61.525000000001455,-9337.575000000012,-0.625,-0.11250000000000004,1.0250000000000057,0.9625000000000004,-0.40000000000000036,-0.48750000000001137,0.0375,0.11249999999999982,-0.2749999999999999,0.7,-0.9375,-0.5374999999999943
34608.61249999999,11.050000000046566,-5124.449999999997,318.29999999998836,6886.5,15600.924999999988,-101.35000000000582,-498.88750000001164,14.525000000001455,-9372.575000000012,0.375,-0.11250000000000004,1.0250000000000057,-0.037499999999999645,-0.40000000000000036,0.5124999999999886,0.0375,0.11249999999999982,0.7250000000000001,0.7,0.0625,0.4625000000000057
34621.61249999999,19.050000000046566,-5267.449999999997,294.29999999998836,6832.5,15600.924999999988,-202.35000000000582,-548.8875000000116,-52.474999999998545,-9360.575000000012,0.375,0.8875,-0.9749999999999943,-0.037499999999999645,-0.40000000000000036,0.5124999999999886,0.0375,0.11249999999999982,0.7250000000000001,-0.30000000000000004,0.0625,-0.5374999999999943
34508.61249999999,-110.94999999995343,-5325.449999999997,229.29999999998836,6760.5,15480.924999999988,-295.3500000000058,-631.8875000000116,-148.47499999999854,-9415.575000000012,-0.625,-0.11250000000000004,0.025000000000005684,-0.037499999999999645,-0.40000000000000036,-0.48750000000001137,0.0375,0.11249999999999982,-0.2749999999999999,-0.30000000000000004,0.0625,0.4625000000000057
34430.61249999999,-77.94999999995343,-5324.449999999997,117.29999999998836,7058.5,15364.924999999988,-319.3500000000058,-660.8875000000116,6.525000000001455,-9379.575000000012,-0.625,-0.11250000000000004,0.025000000000005684,-1.0374999999999996,-0.40000000000000036,-0.48750000000001137,0.0375,0.11249999999999982,0.7250000000000001,-0.30000000000000004,0.0625,-1.5374999999999943
34472.61249999999,-40.949999999953434,-5284.449999999997,149.29999999998836,7031.5,15590.924999999988,-235.35000000000582,-601.8875000000116,78.52500000000146,-9428.575000000012,0.375,-0.11250000000000004,0.025000000000005684,-0.037499999999999645,-0.40000000000000036,0.5124999999999886,0.0375,0.11249999999999982,0.7250000000000001,-0.30000000000000004,0.0625,-1.5374999999999943
34558.61249999999,-47.949999999953434,-5253.449999999997,247.29999999998836,6976.5,15605.924999999988,-122.35000000000582,-527.8875000000116,-100.47499999999854,-9519.575000000012,0.375,-0.11250000000000004,0.025000000000005684,-0.037499999999999645,-0.40000000000000036,0.5124999999999886,0.0375,0.11249999999999982,0.7250000000000001,-0.30000000000000004,0.0625,-0.5374999999999943
34567.61249999999,-28.949999999953434,-5324.449999999997,316.29999999998836,6989.5,15373.924999999988,17.64999999999418,-493.88750000001164,-126.47499999999854,-9513.575000000012,-0.625,-0.11250000000000004,0.025000000000005684,-0.037499999999999645,0.5999999999999996,-0.48750000000001137,0.0375,0.11249999999999982,0.7250000000000001,-0.30000000000000004,0.0625,-0.5374999999999943
34535.61249999999,-106.94999999995343,-5445.449999999997,280.29999999998836,6996.5,15374.924999999988,-23.35000000000582,-439.88750000001164,-80.47499999999854,-9354.575000000012,0.375,-0.11250000000000004,0.025000000000005684,-0.037499999999999645,-0.40000000000000036,-0.48750000000001137,-0.9625,-0.8875000000000002,-0.2749999999999999,-0.30000000000000004,0.0625,1.4625000000000057
34500.61249999999,27.050000000046566,-5137.449999999997,210.29999999998836,7021.5,15470.924999999988,-76.35000000000582,-449.88750000001164,-253.47499999999854,-9381.575000000012,0.375,-0.11250000000000004,0.025000000000005684,-0.037499999999999645,-0.40000000000000036,-0.48750000000001137,0.0375,0.11249999999999982,-0.2749999999999999,-0.30000000000000004,0.0625,0.4625000000000057
34465.61249999999,138.05000000004657,-5130.449999999997,239.29999999998836,7101.5,15507.924999999988,-53.35000000000582,-502.88750000001164,-267.47499999999854,-9360.575000000012,-0.625,-0.11250000000000004,0.025000000000005684,-0.037499999999999645,-0.40000000000000036,-0.48750000000001137,0.0375,0.11249999999999982,0.7250000000000001,-0.30000000000000004,0.0625,-0.5374999999999943
34545.61249999999,60.050000000046566,-5147.449999999997,101.29999999998836,6972.5,15475.924999999988,11.64999999999418,-684.8875000000116,-170.47499999999854,-9465.575000000012,0.375,-0.11250000000000004,0.025000000000005684,-0.037499999999999645,0.5999999999999996,-1.4875000000000114,0.0375,0.11249999999999982,-0.2749999999999999,-0.30000000000000004,0.0625,0.4625000000000057
34561.61249999999,33.050000000046566,-5126.449999999997,88.29999999998836,6898.5,15505.924999999988,6.649999999994179,-695.8875000000116,-138.47499999999854,-9320.575000000012,0.375,-0.11250000000000004,0.025000000000005684,-0.037499999999999645,0.5999999999999996,0.5124999999999886,0.0375,0.11249999999999982,-0.2749999999999999,0.7,0.0625,0.4625000000000057
34486.61249999999,126.05000000004657,-5375.449999999997,-47.70000000001164,6809.5,15452.924999999988,-138.35000000000582,-500.88750000001164,-64.47499999999854,-9442.575000000012,0.375,-0.11250000000000004,0.025000000000005684,-0.037499999999999645,-0.40000000000000036,0.5124999999999886,0.0375,0.11249999999999982,-0.2749999999999999,-0.30000000000000004,0.0625,-0.5374999999999943
34390.61249999999,136.05000000004657,-5097.449999999997,-53.70000000001164,6725.5,15497.924999999988,-126.35000000000582,-496.88750000001164,-47.474999999998545,-9476.575000000012,1.375,-0.11250000000000004,1.0250000000000057,0.9625000000000004,0.5999999999999996,1.5124999999999886,0.0375,0.11249999999999982,-0.2749999999999999,0.7,0.0625,4.462500000000006
34195.61249999999,372.05000000004657,-4988.449999999997,218.29999999998836,7129.5,15166.924999999988,7.649999999994179,-470.88750000001164,102.52500000000146,-8967.575000000012,1.375,-0.11250000000000004,0.025000000000005684,-0.037499999999999645,0.5999999999999996,-0.48750000000001137,0.0375,0.11249999999999982,0.7250000000000001,-0.30000000000000004,1.0625,-0.5374999999999943
34391.61249999999,268.05000000004657,-5094.449999999997,38.29999999998836,7320.5,15298.924999999988,360.6499999999942,-321.88750000001164,397.52500000000146,-9002.575000000012,0.375,0.8875,-1.9749999999999943,-1.0374999999999996,0.5999999999999996,-3.4875000000000114,0.0375,0.11249999999999982,0.7250000000000001,-0.30000000000000004,0.0625,-0.5374999999999943
35660.61249999999,-786.9499999999534,-5343.449999999997,-888.7000000000116,6199.5,16201.924999999988,-1267.3500000000058,-186.88750000001164,-360.47499999999854,-10266.575000000012,-0.625,-0.11250000000000004,0.025000000000005684,-1.0374999999999996,0.5999999999999996,3.5124999999999886,0.0375,0.11249999999999982,0.7250000000000001,-0.30000000000000004,-0.9375,1.4625000000000057
34578.61249999999,-337.94999999995343,-5268.449999999997,-321.70000000001164,6713.5,15184.924999999988,238.64999999999418,-673.8875000000116,523.5250000000015,-9558.575000000012,0.375,0.8875,5.025000000000006,0.9625000000000004,0.5999999999999996,2.5124999999999886,0.0375,-0.8875000000000002,0.7250000000000001,-0.30000000000000004,0.0625,0.4625000000000057
33289.61249999999,1115.0500000000466,-5035.449999999997,744.2999999999884,7250.5,14394.924999999988,873.6499999999942,-969.8875000000116,831.5250000000015,-9251.575000000012,-1.625,-0.11250000000000004,-2.9749999999999943,-1.0374999999999996,1.5999999999999996,-2.4875000000000114,0.0375,-0.8875000000000002,-0.2749999999999999,-0.30000000000000004,0.0625,-1.5374999999999943
33711.61249999999,723.0500000000466,-5144.449999999997,438.29999999998836,5254.5,14482.924999999988,-145.35000000000582,-518.8875000000116,202.52500000000146,-10476.575000000012,-0.625,-1.1125,0.025000000000005684,-1.0374999999999996,0.5999999999999996,-2.4875000000000114,0.0375,0.11249999999999982,0.7250000000000001,-0.30000000000000004,-0.9375,3.4625000000000057
34907.61249999999,-942.9499999999534,-5020.449999999997,-448.70000000001164,4958.5,14813.924999999988,-1317.3500000000058,-256.88750000001164,-1230.4749999999985,-12492.575000000012,1.375,-0.11250000000000004,1.0250000000000057,-1.0374999999999996,1.5999999999999996,1.5124999999999886,-0.9625,0.11249999999999982,0.7250000000000001,-0.30000000000000004,1.0625,-0.5374999999999943
33985.61249999999,44.050000000046566,-4730.449999999997,951.2999999999884,6693.5,13730.924999999988,-1.3500000000058208,-412.88750000001164,255.52500000000146,-9703.575000000012,-0.625,1.8875,-0.9749999999999943,-0.037499999999999645,-0.40000000000000036,-4.487500000000011,0.0375,0.11249999999999982,-0.2749999999999999,0.7,1.0625,-2.5374999999999943
34285.61249999999,-165.94999999995343,-5114.449999999997,-272.70000000001164,6287.5,14991.924999999988,514.6499999999942,-318.88750000001164,-731.4749999999985,-11025.575000000012,0.375,-0.11250000000000004,1.0250000000000057,-1.0374999999999996,-2.4000000000000004,0.5124999999999886,0.0375,0.11249999999999982,-0.2749999999999999,-1.3,0.0625,2.4625000000000057
35046.61249999999,-874.9499999999534,-5749.449999999997,-900.7000000000116,5345.5,15477.924999999988,-1077.3500000000058,-606.8875000000116,-337.47499999999854,-11546.575000000012,0.375,-0.11250000000000004,2.0250000000000057,-1.0374999999999996,1.5999999999999996,3.5124999999999886,0.0375,0.11249999999999982,0.7250000000000001,-0.30000000000000004,-0.9375,1.4625000000000057
33337.61249999999,853.0500000000466,-5198.449999999997,414.29999999998836,6451.5,14713.924999999988,605.6499999999942,-692.8875000000116,906.5250000000015,-9565.575000000012,-0.625,-2.1125,0.025000000000005684,0.9625000000000004,-0.40000000000000036,-0.48750000000001137,-0.9625,0.11249999999999982,-0.2749999999999999,0.7,0.0625,1.4625000000000057
33507.61249999999,646.0500000000466,-5051.449999999997,738.2999999999884,6489.5,14827.924999999988,137.64999999999418,-655.8875000000116,668.5250000000015,-8922.575000000012,-1.625,-1.1125,-0.9749999999999943,-2.0374999999999996,0.5999999999999996,-2.4875000000000114,0.0375,0.11249999999999982,-0.2749999999999999,-0.30000000000000004,0.0625,-0.5374999999999943
34646.61249999999,-717.9499999999534,-5390.449999999997,-191.70000000001164,5836.5,15667.924999999988,-923.3500000000058,-41.88750000001164,44.525000000001455,-9364.575000000012,1.375,1.8875,4.025000000000006,0.9625000000000004,1.5999999999999996,0.5124999999999886,0.0375,0.11249999999999982,0.7250000000000001,-1.3,-1.9375,4.462500000000006
35075.61249999999,-806.9499999999534,-5355.449999999997,161.29999999998836,6037.5,15944.924999999988,-630.3500000000058,-302.88750000001164,-692.4749999999985,-9425.575000000012,0.375,-3.1125,-0.9749999999999943,-0.037499999999999645,0.5999999999999996,0.5124999999999886,0.0375,0.11249999999999982,0.7250000000000001,0.7,0.0625,1.4625000000000057
33273.61249999999,1031.0500000000466,-5341.449999999997,851.2999999999884,7507.5,14663.924999999988,913.6499999999942,-707.8875000000116,1188.5250000000015,-7776.575000000012,-0.625,-1.1125,0.025000000000005684,0.9625000000000004,-1.4000000000000004,-3.4875000000000114,0.0375,0.11249999999999982,-0.2749999999999999,-0.30000000000000004,2.0625,-0.5374999999999943
34749.61249999999,552.0500000000466,-5771.449999999997,-337.70000000001164,6489.5,15362.924999999988,314.6499999999942,-720.8875000000116,-306.47499999999854,-10177.575000000012,-0.625,-0.11250000000000004,1.0250000000000057,-1.0374999999999996,-0.40000000000000036,-2.4875000000000114,0.0375,0.11249999999999982,-0.2749999999999999,0.7,0.0625,2.4625000000000057
35328.61249999999,-591.9499999999534,-6125.449999999997,-784.7000000000116,5859.5,15406.924999999988,-793.3500000000058,-385.88750000001164,-640.4749999999985,-11087.575000000012,-0.625,0.8875,0.025000000000005684,-6.0375,6.6,-123.48750000000001,0.0375,0.11249999999999982,-0.2749999999999999,1.7,2.0625,-1.5374999999999943
34810.61249999999,-837.9499999999534,-5955.449999999997,-475.70000000001164,6695.5,24963.92499999999,934.6499999999942,-615.8875000000116,-532.4749999999985,-11074.575000000012,-7.625,-18.1125,137.025,-42.0375,-30.4,-26.48750000000001,0.0375,0.11249999999999982,-0.2749999999999999,-6.3,-7.9375,3.4625000000000057
48697.61249999999,107222.05000000005,-5622.449999999997,-216.70000000001164,7822.5,110578.92499999999,148940.65,-1169.8875000000116,-137.47499999999854,-9794.575000000012,37.375,46.8875,-74.975,0.9625000000000004,-21.4,47.51249999999999,0.0375,1.1124999999999998,-0.2749999999999999,2.7,-9.9375,27.462500000000006
38457.61249999999,178635.05000000005,-1255.449999999997,-6.7000000000116415,7481.5,278417.925,215979.65,-3978.8875000000116,-188.47499999999854,-8197.575000000012,-4.625,-3.1125,17.025000000000006,41.9625,-3.4000000000000004,-31.48750000000001,0.0375,0.11249999999999982,1.725,-0.30000000000000004,7.0625,8.462500000000006
24373.61249999999,190442.05000000005,-91391.45,-701.7000000000116,8894.5,387135.925,235914.65,-2384.8875000000116,-132.47499999999854,-7850.575000000012,10.375,-4.1125,-7.974999999999994,-13.0375,-12.4,17.51249999999999,0.0375,-0.8875000000000002,0.7250000000000001,0.7,0.0625,7.462500000000006
17143.61249999999,106855.05000000005,-3717.449999999997,131.29999999998836,12250.5,116960.92499999999,150026.65,-533.8875000000116,538.5250000000015,-9038.575000000012,-1.625,-0.11250000000000004,4.025000000000006,-9.0375,-12.4,22.51249999999999,0.0375,0.11249999999999982,0.7250000000000001,-0.30000000000000004,-2.9375,0.4625000000000057
1029.6124999999884,51411.05000000005,-4943.449999999997,-33.70000000001164,12181.5,95854.92499999999,103250.65,1198.1124999999884,-883.4749999999985,-10264.575000000012,3.375,-6.1125,7.025000000000006,7.9625,9.6,-22.48750000000001,0.0375,0.11249999999999982,0.7250000000000001,-2.3,-5.9375,7.462500000000006
-2554.3875000000116,5618.050000000047,-6807.449999999997,-1035.7000000000116,11766.5,99794.92499999999,102632.65,313.11249999998836,-1051.4749999999985,-10534.575000000012,6.375,-6.1125,-6.974999999999994,-12.0375,-9.4,-6.487500000000011,0.0375,0.11249999999999982,-1.275,1.7,-7.9375,-0.5374999999999943
-1157.3875000000116,7071.050000000047,-6868.449999999997,303.29999999998836,12638.5,87195.92499999999,69100.65,-72.88750000001164,137.52500000000146,-9066.575000000012,-2.625,-3.1125,13.025000000000006,-1.0374999999999996,-21.4,10.512499999999989,0.0375,0.11249999999999982,-0.2749999999999999,-0.30000000000000004,2.0625,0.4625000000000057
22694.61249999999,66578.05000000005,-5606.449999999997,-352.70000000001164,10011.5,98588.92499999999,153711.65,358.11249999998836,-1322.4749999999985,-11831.575000000012,3.375,0.8875,-7.974999999999994,7.9625,14.6,-0.48750000000001137,0.0375,0.11249999999999982,-0.2749999999999999,-2.3,3.0625,9.462500000000006
34232.61249999999,147006.05000000005,-2967.449999999997,1311.2999999999884,9928.5,110147.92499999999,170848.65,383.11249999998836,333.52500000000146,-9260.575000000012,-1.625,4.8875,4.025000000000006,-9.0375,5.6,16.51249999999999,0.0375,0.11249999999999982,-0.2749999999999999,1.7,4.0625,0.4625000000000057
27412.61249999999,157239.05000000005,-759.4499999999971,695.2999999999884,10750.5,125098.92499999999,192602.65,526.1124999999884,1189.5250000000015,-8709.575000000012,-1.625,-2.1125,-1.9749999999999943,9.9625,-8.4,-24.48750000000001,0.0375,0.11249999999999982,-0.2749999999999999,-0.30000000000000004,5.0625,-5.537499999999994
20739.61249999999,82899.05000000005,-2171.449999999997,-263.70000000001164,9396.5,115798.92499999999,179871.65,1517.1124999999884,-316.47499999999854,-10710.575000000012,-2.625,-5.1125,-2.9749999999999943,-4.0375,-0.40000000000000036,1.5124999999999886,0.0375,-0.8875000000000002,-0.2749999999999999,1.7,0.0625,0.4625000000000057
11446.612499999988,51335.05000000005,-4405.449999999997,-1087.7000000000116,9347.5,107995.92499999999,148885.65,1969.1124999999884,-1170.4749999999985,-11532.575000000012,-1.625,-7.1125,3.0250000000000057,2.9625000000000004,2.5999999999999996,-8.487500000000011,-0.9625,0.11249999999999982,-0.2749999999999999,-0.30000000000000004,-2.9375,-3.5374999999999943
16589.61249999999,69650.05000000005,-4265.449999999997,296.29999999998836,10501.5,103850.92499999999,151128.65,1103.1124999999884,478.52500000000146,-10757.575000000012,-6.625,-4.1125,14.025000000000006,-4.0375,1.5999999999999996,5.512499999999989,0.0375,0.11249999999999982,0.7250000000000001,-0.30000000000000004,-0.9375,-4.537499999999994
23505.61249999999,99406.05000000005,-3516.449999999997,971.2999999999884,10346.5,107035.92499999999,149493.65,495.11249999998836,7.525000000001455,-9533.575000000012,6.375,7.8875,-8.974999999999994,1.9625000000000004,-5.4,-8.487500000000011,0.0375,0.11249999999999982,-0.2749999999999999,1.7,-2.9375,-1.5374999999999943
24339.61249999999,110020.05000000005,-3500.449999999997,78.29999999998836,9747.5,117403.92499999999,158576.65,409.11249999998836,-850.4749999999985,-11185.575000000012,-4.625,2.8875,14.025000000000006,-2.0374999999999996,5.6,6.512499999999989,0.0375,0.11249999999999982,-0.2749999999999999,-0.30000000000000004,0.0625,-0.5374999999999943
19722.61249999999,99643.05000000005,-3836.449999999997,191.29999999998836,9714.5,116967.92499999999,143398.65,353.11249999998836,-763.4749999999985,-10966.575000000012,4.375,-1.1125,-11.974999999999994,2.9625000000000004,-2.4000000000000004,-4.487500000000011,0.0375,-0.8875000000000002,-0.2749999999999999,-0.30000000000000004,0.0625,-1.5374999999999943
17917.61249999999,87883.05000000005,-3641.449999999997,1104.2999999999884,10248.5,108247.92499999999,148797.65,263.11249999998836,152.52500000000146,-9702.575000000012,-1.625,1.8875,2.0250000000000057,-3.0374999999999996,-4.4,-4.487500000000011,0.0375,0.11249999999999982,-0.2749999999999999,1.7,3.0625,-1.5374999999999943
16437.61249999999,79914.05000000005,-4189.449999999997,148.29999999998836,9615.5,107079.92499999999,156730.65,1105.1124999999884,-670.4749999999985,-9803.575000000012,-1.625,-3.1125,1.0250000000000057,-3.0374999999999996,-0.40000000000000036,0.5124999999999886,0.0375,0.11249999999999982,0.7250000000000001,-1.3,-0.9375,-0.5374999999999943
22580.61249999999,85983.05000000005,-4129.449999999997,-520.7000000000116,8972.5,108060.92499999999,169294.65,1371.1124999999884,-1188.4749999999985,-11619.575000000012,-0.625,0.8875,2.0250000000000057,-1.0374999999999996,1.5999999999999996,2.5124999999999886,0.0375,-0.8875000000000002,-0.2749999999999999,-0.30000000000000004,0.0625,0.4625000000000057
23980.61249999999,93630.05000000005,-3930.449999999997,325.29999999998836,9935.5,108423.92499999999,176420.65,1151.1124999999884,155.52500000000146,-10912.575000000012,-1.625,-0.11250000000000004,-0.9749999999999943,-2.0374999999999996,0.5999999999999996,2.5124999999999886,0.0375,0.11249999999999982,-0.2749999999999999,-0.30000000000000004,-0.9375,-2.5374999999999943
21514.61249999999,88140.05000000005,-3554.449999999997,1128.2999999999884,10397.5,109252.92499999999,172645.65,991.1124999999884,383.52500000000146,-9688.575000000012,1.375,-0.11250000000000004,-2.9749999999999943,0.9625000000000004,-0.40000000000000036,-4.487500000000011,0.0375,0.11249999999999982,-0.2749999999999999,0.7,0.0625,-2.5374999999999943
20000.61249999999,81361.05000000005,-3872.449999999997,323.29999999998836,9665.5,110709.92499999999,163331.65,1230.1124999999884,-614.4749999999985,-11184.575000000012,-0.625,0.8875,0.025000000000005684,0.9625000000000004,0.5999999999999996,-2.4875000000000114,0.0375,0.11249999999999982,-0.2749999999999999,0.7,0.0625,-0.5374999999999943
16443.61249999999,74627.05000000005,-4208.449999999997,-84.70000000001164,9570.5,109969.92499999999,151594.65,878.1124999999884,-944.4749999999985,-10909.575000000012,1.375,6.8875,3.0250000000000057,-0.037499999999999645,0.5999999999999996,0.5124999999999886,0.0375,0.11249999999999982,0.7250000000000001,-0.30000000000000004,1.0625,1.4625000000000057
17800.61249999999,76307.05000000005,-3871.449999999997,435.29999999998836,10172.5,107371.92499999999,153734.65,578.1124999999884,240.52500000000146,-10101.575000000012,1.375,-2.1125,-0.9749999999999943,0.9625000000000004,-2.4000000000000004,-1.4875000000000114,0.0375,0.11249999999999982,-0.2749999999999999,0.7,0.0625,-0.5374999999999943
22776.61249999999,89153.05000000005,-3700.449999999997,258.29999999998836,9892.5,107941.92499999999,163957.65,602.1124999999884,-132.47499999999854,-10301.575000000012,-2.625,-1.1125,6.025000000000006,-1.0374999999999996,0.5999999999999996,1.5124999999999886,0.0375,0.11249999999999982,-0.2749999999999999,-0.30000000000000004,1.0625,0.4625000000000057
27633.61249999999,97701.05000000005,-3988.449999999997,-515.7000000000116,9353.5,110736.92499999999,174382.65,932.1124999999884,-536.4749999999985,-10669.575000000012,1.375,0.8875,0.025000000000005684,-1.0374999999999996,1.5999999999999996,1.5124999999999886,0.0375,0.11249999999999982,-0.2749999999999999,-1.3,0.0625,0.4625000000000057
29949.61249999999,97413.05000000005,-3825.449999999997,-190.70000000001164,9475.5,109177.92499999999,174578.65,954.1124999999884,-321.47499999999854,-11028.575000000012,-0.625,-0.11250000000000004,5.025000000000006,0.9625000000000004,-2.4000000000000004,1.5124999999999886,0.0375,0.11249999999999982,-0.2749999999999999,1.7,0.0625,-1.5374999999999943
25464.61249999999,90675.05000000005,-3772.449999999997,264.29999999998836,9864.5,105990.92499999999,167160.65,944.1124999999884,123.52500000000146,-10584.575000000012,1.375,-5.1125,-4.974999999999994,3.9625000000000004,1.5999999999999996,-9.487500000000011,0.0375,0.11249999999999982,-0.2749999999999999,1.7,-0.9375,-2.5374999999999943
22369.61249999999,83294.05000000005,-4064.449999999997,122.29999999998836,9831.5,105212.92499999999,160822.65,1126.1124999999884,-981.4749999999985,-11113.575000000012,-0.625,-2.1125,-5.974999999999994,-1.0374999999999996,2.5999999999999996,-0.48750000000001137,0.0375,0.11249999999999982,-0.2749999999999999,1.7,0.0625,-1.5374999999999943
24167.61249999999,73020.05000000005,-4692.449999999997,-979.7000000000116,8802.5,104126.92499999999,153368.65,1131.1124999999884,-1313.4749999999985,-12018.575000000012,-0.625,-1.1125,6.025000000000006,-2.0374999999999996,-0.40000000000000036,4.512499999999989,0.0375,0.11249999999999982,-0.2749999999999999,-0.30000000000000004,0.0625,1.4625000000000057
31864.61249999999,103222.05000000005,-3359.449999999997,438.29999999998836,9680.5,95001.92499999999,157895.65,912.1124999999884,-67.47499999999854,-11264.575000000012,-1.625,0.8875,7.025000000000006,-1.0374999999999996,3.5999999999999996,6.512499999999989,0.0375,0.11249999999999982,0.7250000000000001,1.7,1.0625,2.4625000000000057
38575.61249999999,112729.05000000005,-3389.449999999997,139.29999999998836,9208.5,97585.92499999999,183438.65,949.1124999999884,90.52500000000146,-10677.575000000012,2.375,0.8875,-2.9749999999999943,7.9625,0.5999999999999996,-15.487500000000011,0.0375,0.11249999999999982,-0.2749999999999999,0.7,0.0625,-2.5374999999999943
37219.61249999999,92404.05000000005,-3902.449999999997,-554.7000000000116,8677.5,93164.92499999999,165933.65,1370.1124999999884,-752.4749999999985,-11726.575000000012,-0.625,-6.1125,-9.974999999999994,-1.0374999999999996,4.6,-0.48750000000001137,0.0375,0.11249999999999982,-0.2749999999999999,-0.30000000000000004,0.0625,-0.5374999999999943
24315.61249999999,57925.05000000005,-4668.449999999997,-861.7000000000116,8786.5,85022.92499999999,147812.65,1229.1124999999884,-956.4749999999985,-11614.575000000012,1.375,-1.1125,7.025000000000006,-4.0375,-2.4000000000000004,15.512499999999989,-0.9625,0.11249999999999982,-0.2749999999999999,-0.30000000000000004,-0.9375,0.4625000000000057
18487.61249999999,55876.05000000005,-4661.449999999997,-434.70000000001164,8962.5,82605.92499999999,167857.65,1145.1124999999884,476.52500000000146,-10340.575000000012,0.375,-5.1125,0.025000000000005684,2.9625000000000004,-0.40000000000000036,-4.487500000000011,0.0375,0.11249999999999982,-0.2749999999999999,-0.30000000000000004,0.0625,-1.5374999999999943
27526.61249999999,75421.05000000005,-3908.449999999997,745.2999999999884,9129.5,79085.92499999999,176123.65,1189.1124999999884,150.52500000000146,-10851.575000000012,0.375,0.8875,-3.9749999999999943,-4.0375,2.5999999999999996,2.5124999999999886,0.0375,0.11249999999999982,0.7250000000000001,-0.30000000000000004,2.0625,2.4625000000000057
29062.61249999999,75508.05000000005,-4289.449999999997,-855.7000000000116,8222.5,77463.92499999999,168499.65,1586.1124999999884,-1178.4749999999985,-12593.575000000012,-1.625,5.8875,-3.9749999999999943,1.9625000000000004,-2.4000000000000004,-2.4875000000000114,0.0375,0.11249999999999982,0.7250000000000001,-0.30000000000000004,1.0625,0.4625000000000057
30171.61249999999,75965.05000000005,-3944.449999999997,228.29999999998836,8822.5,72862.92499999999,166862.65,1401.1124999999884,-57.474999999998545,-11825.575000000012,-0.625,-6.1125,5.025000000000006,1.9625000000000004,-0.40000000000000036,-5.487500000000011,0.0375,0.11249999999999982,-0.2749999999999999,-0.30000000000000004,-0.9375,0.4625000000000057
25074.61249999999,85949.05000000005,-3612.449999999997,517.2999999999884,9012.5,71615.92499999999,165906.65,1091.1124999999884,446.52500000000146,-11293.575000000012,4.375,3.8875,-6.974999999999994,3.9625000000000004,-3.4000000000000004,-11.487500000000011,0.0375,1.1124999999999998,-1.275,-0.30000000000000004,-0.9375,1.4625000000000057
27007.61249999999,92161.05000000005,-3425.449999999997,331.29999999998836,8952.5,68405.92499999999,175144.65,1280.1124999999884,39.525000000001455,-11003.575000000012,-1.625,-7.1125,-7.974999999999994,-9.0375,4.6,-10.487500000000011,0.0375,1.1124999999999998,0.7250000000000001,-0.30000000000000004,0.0625,1.4625000000000057
23546.61249999999,91499.05000000005,-3834.449999999997,-581.7000000000116,7842.5,60118.92499999999,173186.65,2072.1124999999884,-694.4749999999985,-12273.575000000012,8.375,-7.1125,-34.974999999999994,-1.0374999999999996,2.5999999999999996,-2.4875000000000114,0.0375,1.1124999999999998,-0.2749999999999999,-1.3,1.0625,3.4625000000000057
18348.61249999999,60574.05000000005,-3782.449999999997,-295.70000000001164,8906.5,47810.92499999999,173215.65,2193.1124999999884,591.5250000000015,-10895.575000000012,-7.625,-2.1125,11.025000000000006,1.9625000000000004,-1.4000000000000004,-8.487500000000011,0.0375,0.11249999999999982,-0.2749999999999999,0.7,3.0625,1.4625000000000057
13410.612499999988,99364.05000000005,-2836.449999999997,178.29999999998836,8041.5,31516.92499999999,161649.65,1601.1124999999884,-417.47499999999854,-11882.575000000012,-1.625,-2.1125,3.0250000000000057,-0.037499999999999645,-4.4,-21.48750000000001,0.0375,-0.8875000000000002,0.7250000000000001,0.7,3.0625,7.462500000000006
13662.612499999988,92072.05000000005,-2946.449999999997,-232.70000000001164,8199.5,27126.92499999999,194703.65,1361.1124999999884,-766.4749999999985,-11447.575000000012,6.375,4.8875,8.025000000000006,0.9625000000000004,-9.4,-11.487500000000011,0.0375,-0.8875000000000002,0.7250000000000001,-1.3,-0.9375,3.4625000000000057
8995.612499999988,92269.05000000005,-2780.449999999997,577.2999999999884,8588.5,18779.92499999999,174940.65,1519.1124999999884,-326.47499999999854,-10980.575000000012,3.375,8.8875,1.0250000000000057,-1.0374999999999996,7.6,-27.48750000000001,0.0375,0.11249999999999982,-0.2749999999999999,-0.30000000000000004,-1.9375,0.4625000000000057
1748.6124999999884,75560.05000000005,-3559.449999999997,230.29999999998836,8959.5,22243.92499999999,158322.65,1378.1124999999884,-35.474999999998545,-10605.575000000012,-7.625,-1.1125,15.025000000000006,7.9625,0.5999999999999996,-47.48750000000001,0.0375,0.11249999999999982,-0.2749999999999999,-1.3,1.0625,4.462500000000006
1658.6124999999884,56999.05000000005,-3962.449999999997,-213.70000000001164,9067.5,20587.92499999999,188316.65,1806.1124999999884,-491.47499999999854,-10914.575000000012,1.375,1.8875,-3.9749999999999943,-8.0375,-9.4,-0.48750000000001137,0.0375,0.11249999999999982,-0.2749999999999999,1.7,1.0625,0.4625000000000057
-1239.3875000000116,63445.05000000005,-3756.449999999997,-162.70000000001164,9047.5,11698.924999999988,143386.65,1890.1124999999884,-436.47499999999854,-10999.575000000012,3.375,5.8875,-5.974999999999994,-1.0374999999999996,13.6,7.512499999999989,0.0375,0.11249999999999982,0.7250000000000001,-2.3,2.0625,-0.5374999999999943
-11000.387500000012,68878.05000000005,-3666.449999999997,24.29999999998836,9462.5,11627.924999999988,194567.65,1240.1124999999884,627.5250000000015,-9931.575000000012,8.375,5.8875,-4.974999999999994,-6.0375,-9.4,41.51249999999999,0.0375,0.11249999999999982,0.7250000000000001,-1.3,0.0625,1.4625000000000057
-16472.38750000001,74369.05000000005,-3717.449999999997,-78.70000000001164,8670.5,704.9249999999884,163761.65,1305.1124999999884,-505.47499999999854,-11242.575000000012,-8.625,-2.1125,9.025000000000006,6.9625,22.6,-15.487500000000011,0.0375,-0.8875000000000002,-0.2749999999999999,0.7,-2.9375,2.4625000000000057
-23930.38750000001,81547.05000000005,-3799.449999999997,246.29999999998836,10076.5,-5808.075000000012,195627.65,1039.1124999999884,400.52500000000146,-10080.575000000012,-1.625,16.8875,13.025000000000006,-11.0375,-6.4,-22.48750000000001,0.0375,0.11249999999999982,-0.2749999999999999,-0.30000000000000004,-6.9375,-0.5374999999999943
-36925.38750000001,100615.05000000005,-2220.449999999997,276.29999999998836,10010.5,-9523.075000000012,191729.65,652.1124999999884,-119.47499999999854,-9622.575000000012,5.375,-5.1125,-18.974999999999994,-0.037499999999999645,-11.4,-15.487500000000011,0.0375,-0.8875000000000002,0.7250000000000001,2.7,-1.9375,-10.537499999999994
-31752.38750000001,76149.05000000005,-3102.449999999997,1065.2999999999884,10547.5,-15675.075000000012,182942.65,628.1124999999884,179.52500000000146,-8895.575000000012,-3.625,1.8875,7.025000000000006,3.9625000000000004,9.6,4.512499999999989,0.0375,0.11249999999999982,0.7250000000000001,-1.3,2.0625,-10.537499999999994
-33070.38750000001,71163.05000000005,-4795.449999999997,-355.70000000001164,9874.5,-15280.075000000012,175531.65,943.1124999999884,557.5250000000015,-11059.575000000012,-0.625,-18.1125,-3.9749999999999943,11.9625,-0.40000000000000036,3.5124999999999886,-0.9625,0.11249999999999982,0.7250000000000001,2.7,-3.9375,3.4625000000000057
-32972.38750000001,59735.05000000005,-3270.449999999997,327.29999999998836,10744.5,-19745.07500000001,175971.65,1052.1124999999884,1252.5250000000015,-9416.575000000012,-6.625,16.8875,35.025000000000006,-7.0375,9.6,30.51249999999999,-0.9625,0.11249999999999982,-0.2749999999999999,-3.3,4.0625,2.4625000000000057
-37310.38750000001,70478.05000000005,-5049.449999999997,75.29999999998836,11784.5,-14651.075000000012,167455.65,421.11249999998836,-105.47499999999854,-8726.575000000012,7.375,-5.1125,-13.974999999999994,9.9625,-11.4,-5.487500000000011,0.0375,-0.8875000000000002,0.7250000000000001,2.7,-4.9375,5.462500000000006
-48906.38750000001,79637.05000000005,-4835.449999999997,85.29999999998836,10949.5,-17610.07500000001,174330.65,779.1124999999884,-584.4749999999985,-11072.575000000012,-9.625,-0.11250000000000004,6.025000000000006,16.9625,-6.4,-8.487500000000011,0.0375,0.11249999999999982,-0.2749999999999999,-4.3,10.0625,12.462500000000006
-52828.38750000001,78969.05000000005,-3950.449999999997,-202.70000000001164,11907.5,-21461.07500000001,181375.65,194.11249999998836,968.5250000000015,-8218.575000000012,10.375,-5.1125,-34.974999999999994,-14.0375,-20.4,20.51249999999999,0.0375,-1.8875000000000002,-0.2749999999999999,-2.3,4.0625,2.4625000000000057
-56784.38750000001,76071.05000000005,-4030.449999999997,318.29999999998836,11300.5,-12553.075000000012,176200.65,229.11249999998836,-747.4749999999985,-10098.575000000012,0.375,-11.1125,3.0250000000000057,4.9625,-10.4,-8.487500000000011,0.0375,-0.8875000000000002,-0.2749999999999999,-1.3,3.0625,5.462500000000006
-54588.38750000001,59253.05000000005,-4044.449999999997,-155.70000000001164,11949.5,-16915.07500000001,179774.65,-281.88750000001164,547.5250000000015,-8248.575000000012,-8.625,-6.1125,7.025000000000006,-8.0375,-15.4,14.512499999999989,0.0375,-0.8875000000000002,0.7250000000000001,3.7,0.0625,2.4625000000000057
-13466.387500000012,10675.050000000047,-5000.449999999997,956.2999999999884,11204.5,-6046.075000000012,170119.65,287.11249999998836,84.52500000000146,-9411.575000000012,0.375,-1.1125,20.025000000000006,-7.0375,-4.4,1.5124999999999886,0.0375,0.11249999999999982,-0.2749999999999999,-4.3,4.0625,-0.5374999999999943
6929.612499999988,-1225.9499999999534,-5835.449999999997,-426.70000000001164,10937.5,17905.92499999999,28288.649999999994,129.11249999998836,-1310.4749999999985,-10430.575000000012,2.375,-4.1125,-2.9749999999999943,-7.0375,-0.40000000000000036,9.512499999999989,0.0375,-1.8875000000000002,-0.2749999999999999,-1.3,-4.9375,12.462500000000006
5714.612499999988,1360.0500000000466,-3528.449999999997,907.2999999999884,10583.5,23672.92499999999,1905.6499999999942,-3761.8875000000116,-115.47499999999854,-9705.575000000012,5.375,6.8875,-7.974999999999994,12.9625,6.6,-2.4875000000000114,0.0375,-0.8875000000000002,-0.2749999999999999,-5.3,-5.9375,-0.5374999999999943
4979.612499999988,351.05000000004657,-2879.449999999997,1252.2999999999884,10587.5,12364.924999999988,1644.6499999999942,-4767.887500000012,1982.5250000000015,-5876.575000000012,79.375,-84.1125,-383.975,42.9625,64.6,-151.4875,0.0375,0.11249999999999982,0.7250000000000001,4.7,2.0625,-1.5374999999999943
13561.612499999988,2482.0500000000466,-4486.449999999997,-1077.7000000000116,9178.5,52351.92499999999,51072.649999999994,-5292.887500000012,-1399.4749999999985,-10131.575000000012,-51.625,53.8875,73.025,117.9625,-50.4,24.51249999999999,-0.9625,-0.8875000000000002,1.725,-17.3,7.0625,4.462500000000006
52053.61249999999,110577.05000000005,1418.550000000003,-1960.7000000000116,8043.5,195133.925,178183.65,-11530.887500000012,117.52500000000146,-8351.575000000012,98.375,-31.1125,-109.975,135.9625,-73.4,50.51249999999999,0.0375,0.11249999999999982,-0.2749999999999999,-18.3,-22.9375,-29.537499999999994
64726.61249999999,291246.05000000005,19284.550000000003,673.2999999999884,4933.5,534278.925,243862.65,-79248.88750000001,96.52500000000146,-6352.575000000012,-44.625,54.8875,87.025,-133.0375,-10.4,12.512499999999989,2.0375,0.11249999999999982,-0.2749999999999999,33.7,36.0625,6.462500000000006
113243.61249999999,261298.05000000005,13992.550000000003,4082.2999999999884,8973.5,452271.925,238093.65,-92092.88750000001,6445.5250000000015,44.42499999998836,19.375,-7.1125,28.025000000000006,7.9625,10.6,9.512499999999989,-0.9625,1.1124999999999998,-3.275,-24.3,-4.9375,-21.537499999999994
110654.61249999999,247642.05000000005,20081.550000000003,-2388.7000000000116,17057.5,99810.92499999999,147618.65,-75083.88750000001,-4685.4749999999985,-13906.575000000012,-0.625,18.8875,1.0250000000000057,-12.0375,16.6,0.5124999999999886,0.0375,0.11249999999999982,-2.275,34.7,0.0625,27.462500000000006
121560.61249999999,244401.05000000005,15502.550000000003,-1416.7000000000116,9830.5,51065.92499999999,136469.65,-49072.88750000001,-2918.4749999999985,-9589.575000000012,20.375,1.8875,-23.974999999999994,12.9625,4.6,-19.48750000000001,-0.9625,0.11249999999999982,2.725,21.7,-9.9375,8.462500000000006
95035.61249999999,138684.05000000005,13581.550000000003,3304.2999999999884,9525.5,73797.92499999999,126168.65,-24235.88750000001,-124.47499999999854,-1476.5750000000116,-5.625,-27.1125,31.025000000000006,-7.0375,-14.4,0.5124999999999886,-0.9625,-0.8875000000000002,-1.275,-7.3,3.0625,-35.537499999999994
101475.61249999999,100164.05000000005,-3423.449999999997,1115.2999999999884,11167.5,83978.92499999999,97540.65,2151.1124999999884,-172.47499999999854,3618.4249999999884,19.375,-18.1125,-48.974999999999994,-2.0374999999999996,-18.4,-50.48750000000001,0.0375,-0.8875000000000002,-0.2749999999999999,14.7,5.0625,-11.537499999999994
83119.61249999999,42609.05000000005,-5443.449999999997,-2192.7000000000116,11818.5,42819.92499999999,43121.649999999994,-4949.887500000012,-4674.4749999999985,-7926.575000000012,17.375,9.8875,-33.974999999999994,13.9625,-3.4000000000000004,-22.48750000000001,0.0375,0.11249999999999982,1.725,2.7,3.0625,1.4625000000000057
66826.61249999999,850.0500000000466,-6070.449999999997,-2215.7000000000116,15270.5,15116.924999999988,2787.649999999994,-10786.887500000012,-258.47499999999854,-849.5750000000116,-10.625,4.8875,36.025000000000006,-9.0375,-3.4000000000000004,5.512499999999989,0.0375,0.11249999999999982,0.7250000000000001,0.7,9.0625,-1.5374999999999943
61020.61249999999,5749.050000000047,-1995.449999999997,1243.2999999999884,16627.5,11146.924999999988,1622.6499999999942,-10468.887500000012,1386.5250000000015,677.4249999999884,-14.625,11.8875,44.025000000000006,89.9625,-43.4,-85.48750000000001,0.0375,0.11249999999999982,-2.275,0.7,11.0625,-7.537499999999994
68510.61249999999,63976.05000000005,-946.4499999999971,-1752.7000000000116,15051.5,25384.92499999999,19745.649999999994,-7871.887500000012,755.5250000000015,-582.5750000000116,-10.625,-1.1125,-7.974999999999994,-57.0375,-1.4000000000000004,63.51249999999999,0.0375,0.11249999999999982,-0.2749999999999999,2.7,0.0625,13.462500000000006
89648.61249999999,178247.05000000005,1911.550000000003,-860.7000000000116,12895.5,115447.92499999999,155659.65,-1813.8875000000116,-237.47499999999854,-2304.5750000000116,8.375,7.8875,-19.974999999999994,19.9625,11.6,25.51249999999999,0.0375,0.11249999999999982,1.725,-3.3,-12.9375,5.462500000000006
97018.61249999999,186636.05000000005,8134.550000000003,1656.2999999999884,12264.5,18306.92499999999,157002.65,-6945.887500000012,3033.5250000000015,-97.57500000001164,-11.625,-20.1125,-15.974999999999994,-3.0374999999999996,-35.4,64.51249999999999,0.0375,0.11249999999999982,-1.275,2.7,-13.9375,-16.537499999999994
95944.61249999999,163663.05000000005,12185.550000000003,2071.2999999999884,11354.5,9023.924999999988,193611.65,-12533.887500000012,626.5250000000015,578.4249999999884,7.375,3.8875,-34.974999999999994,-28.0375,-8.4,8.512499999999989,0.0375,1.1124999999999998,-0.2749999999999999,0.7,3.0625,-1.5374999999999943
99588.61249999999,215848.05000000005,12403.550000000003,-2884.7000000000116,7043.5,13607.924999999988,265936.65,-18047.88750000001,-1714.4749999999985,-7046.575000000012,13.375,-19.1125,-27.974999999999994,11.9625,-14.4,-3.4875000000000114,0.0375,-0.8875000000000002,-0.2749999999999999,-1.3,0.0625,-0.5374999999999943
73591.61249999999,219919.05000000005,11868.550000000003,475.29999999998836,8996.5,12855.924999999988,217575.65,-16593.88750000001,-509.47499999999854,-2680.5750000000116,-12.625,6.8875,25.025000000000006,-19.0375,-14.4,5.512499999999989,0.0375,1.1124999999999998,-1.275,-4.3,7.0625,3.4625000000000057
79863.61249999999,237564.05000000005,10616.550000000003,1660.2999999999884,11564.5,21948.92499999999,206724.65,-14436.887500000012,2935.5250000000015,-1562.5750000000116,-2.625,3.8875,2.0250000000000057,4.9625,-8.4,-17.48750000000001,0.0375,0.11249999999999982,0.7250000000000001,15.7,-1.9375,23.462500000000006
68489.61249999999,217230.05000000005,13913.550000000003,6819.299999999988,11510.5,24386.92499999999,222342.65,-11651.887500000012,-2366.4749999999985,-7377.575000000012,-3.625,-2.1125,10.025000000000006,-2.0374999999999996,-3.4000000000000004,4.512499999999989,0.0375,0.11249999999999982,0.7250000000000001,-18.3,1.0625,0.4625000000000057
53725.61249999999,180033.05000000005,11433.550000000003,39173.29999999999,18143.5,22658.92499999999,183498.65,-14112.887500000012,2297.5250000000015,-1236.5750000000116,9.375,5.8875,-8.974999999999994,-6.0375,10.6,24.51249999999999,0.0375,-0.8875000000000002,-0.2749999999999999,-3.3,-2.9375,5.462500000000006
50048.61249999999,176174.05000000005,8233.550000000003,58125.29999999999,10957.5,23325.92499999999,149524.65,-16128.887500000012,20.525000000001455,974.4249999999884,-4.625,-4.1125,10.025000000000006,7.9625,-2.4000000000000004,-7.487500000000011,0.0375,0.11249999999999982,-0.2749999999999999,0.7,8.0625,4.462500000000006
51694.61249999999,152003.05000000005,5774.550000000003,64366.29999999999,18726.5,18371.92499999999,136597.65,-15783.887500000012,1381.5250000000015,-737.5750000000116,-7.625,-6.1125,1.0250000000000057,-15.0375,5.6,13.512499999999989,0.0375,0.11249999999999982,-0.2749999999999999,0.7,2.0625,1.4625000000000057
57773.61249999999,115080.05000000005,4159.550000000003,72440.29999999999,23713.5,6953.924999999988,115647.65,-13642.887500000012,-359.47499999999854,-4166.575000000012,12.375,11.8875,-16.974999999999994,23.9625,3.5999999999999996,-5.487500000000011,0.0375,0.11249999999999982,-0.2749999999999999,-1.3,0.0625,4.462500000000006
52023.61249999999,113299.05000000005,1615.550000000003,74543.29999999999,25088.5,10072.924999999988,121027.65,-14559.887500000012,173.52500000000146,-3375.5750000000116,-3.625,7.8875,6.025000000000006,11.9625,2.5999999999999996,-5.487500000000011,0.0375,0.11249999999999982,0.7250000000000001,-11.3,2.0625,-7.537499999999994
53607.61249999999,132499.05000000005,1058.550000000003,85091.29999999999,51189.5,25298.92499999999,133062.65,-14844.887500000012,4267.5250000000015,-1399.5750000000116,-3.625,-2.1125,7.025000000000006,-4.0375,-3.4000000000000004,2.5124999999999886,0.0375,0.11249999999999982,1.725,5.7,1.0625,2.4625000000000057
63929.61249999999,141003.05000000005,2107.550000000003,133996.3,36211.5,24621.92499999999,136384.65,-14596.887500000012,29736.525,12309.424999999988,1.375,4.8875,-0.9749999999999943,-16.0375,-0.40000000000000036,15.512499999999989,0.0375,0.11249999999999982,-0.2749999999999999,-0.30000000000000004,1.0625,0.4625000000000057
68783.61249999999,172585.05000000005,5951.550000000003,140793.3,32175.5,14924.924999999988,148979.65,-13926.887500000012,33191.525,20116.42499999999,-0.625,-4.1125,0.025000000000005684,20.9625,10.6,-6.487500000000011,0.0375,-0.8875000000000002,-0.2749999999999999,4.7,0.0625,3.4625000000000057
60572.61249999999,183281.05000000005,7692.550000000003,147506.3,38490.5,21701.92499999999,172326.65,-13901.887500000012,42854.525,15022.424999999988,3.375,-6.1125,-13.974999999999994,-2.0374999999999996,-0.40000000000000036,6.512499999999989,0.0375,0.11249999999999982,-1.275,2.7,-0.9375,0.4625000000000057
54838.61249999999,190074.05000000005,5117.550000000003,155789.3,50669.5,29838.92499999999,179437.65,-16529.88750000001,66097.525,34797.42499999999,4.375,2.8875,-4.974999999999994,6.9625,-2.4000000000000004,-2.4875000000000114,0.0375,-0.8875000000000002,0.7250000000000001,1.7,-5.9375,2.4625000000000057
55752.61249999999,189472.05000000005,5892.550000000003,158214.3,55405.5,29232.92499999999,180498.65,-15920.887500000012,78355.525,42958.42499999999,0.375,-7.1125,6.025000000000006,-2.0374999999999996,-0.40000000000000036,-3.4875000000000114,-0.9625,0.11249999999999982,-0.2749999999999999,-1.3,-0.9375,-0.5374999999999943
55703.61249999999,178299.05000000005,5960.550000000003,156664.3,51559.5,28907.92499999999,169004.65,-15837.887500000012,74290.525,43553.42499999999,3.375,1.8875,-8.974999999999994,0.9625000000000004,-2.4000000000000004,-5.487500000000011,0.0375,0.11249999999999982,-0.2749999999999999,-2.3,-0.9375,-6.537499999999994
60019.61249999999,171853.05000000005,5793.550000000003,152089.3,44587.5,28962.92499999999,165829.65,-15240.887500000012,64577.525,37227.42499999999,2.375,-1.1125,-8.974999999999994,45.9625,-5.4,-12.487500000000011,0.0375,0.11249999999999982,-0.2749999999999999,-1.3,4.0625,-0.5374999999999943
66020.61249999999,166771.05000000005,5342.550000000003,136823.3,40863.5,27543.92499999999,163362.65,-14490.887500000012,56792.525,32488.42499999999,-19.625,-14.1125,31.025000000000006,-37.0375,13.6,17.51249999999999,0.0375,0.11249999999999982,0.7250000000000001,1.7,-0.9375,-1.5374999999999943
66583.61249999999,164619.05000000005,5389.550000000003,129778.29999999999,36919.5,14557.924999999988,158046.65,-13081.887500000012,43901.525,24423.42499999999,15.375,-12.1125,-20.974999999999994,-5.0375,-1.4000000000000004,-4.487500000000011,0.0375,0.11249999999999982,-0.2749999999999999,8.7,-0.9375,-0.5374999999999943
26657.61249999999,176401.05000000005,5665.550000000003,103720.29999999999,24765.5,-99438.07500000001,163401.65,-10301.887500000012,20400.525,4471.424999999988,12.375,12.8875,-32.974999999999994,-22.0375,0.5999999999999996,17.51249999999999,0.0375,-0.8875000000000002,-0.2749999999999999,0.7,-2.9375,5.462500000000006
-14142.387500000012,198830.05000000005,6400.550000000003,87632.29999999999,23049.5,-77237.07500000001,198998.65,910.1124999999884,63800.525,28048.42499999999,1.375,-5.1125,-2.9749999999999943,14.9625,-9.4,0.5124999999999886,0.0375,0.11249999999999982,0.7250000000000001,-1.3,0.0625,-4.537499999999994
-35558.38750000001,186562.05000000005,6420.550000000003,115644.29999999999,33358.5,-36864.07500000001,189567.65,-3166.8875000000116,114583.525,67908.42499999999,-3.625,-3.1125,-4.974999999999994,-35.0375,-10.4,28.51249999999999,0.0375,1.1124999999999998,-0.2749999999999999,-4.3,-8.9375,-1.5374999999999943
-37289.38750000001,197384.05000000005,7647.550000000003,157239.3,30227.5,-14305.075000000012,202897.65,-4700.887500000012,159632.525,102248.42499999999,-0.625,10.8875,11.025000000000006,12.9625,-8.4,-5.487500000000011,-0.9625,-0.8875000000000002,-0.2749999999999999,-0.30000000000000004,-7.9375,0.4625000000000057
-38678.38750000001,223450.05000000005,8958.550000000003,176492.3,12638.5,-55695.07500000001,212761.65,-3450.8875000000116,159918.525,96619.42499999999,6.375,-11.1125,-13.974999999999994,9.9625,-1.4000000000000004,5.512499999999989,0.0375,-0.8875000000000002,-0.2749999999999999,8.7,-3.9375,10.462500000000006
-45505.38750000001,215374.05000000005,10458.550000000003,136065.3,10966.5,-45527.07500000001,193937.65,-3469.8875000000116,142210.525,82448.42499999999,-4.625,-1.1125,6.025000000000006,-4.0375,7.6,10.512499999999989,-0.9625,0.11249999999999982,-1.275,-0.30000000000000004,4.0625,11.462500000000006
-38190.38750000001,200623.05000000005,9897.550000000003,129102.29999999999,13384.5,-38168.07500000001,189343.65,-2904.8875000000116,112825.525,70933.42499999999,1.375,-3.1125,-5.974999999999994,15.9625,17.6,0.5124999999999886,0.0375,0.11249999999999982,0.7250000000000001,-2.3,0.0625,2.4625000000000057
-58218.38750000001,199615.05000000005,9438.550000000003,123468.29999999999,10896.5,-33033.07500000001,186866.65,-2857.8875000000116,123950.525,72450.42499999999,4.375,-1.1125,-8.974999999999994,0.9625000000000004,9.6,11.512499999999989,-0.9625,0.11249999999999982,0.7250000000000001,2.7,-2.9375,8.462500000000006
-73069.38750000001,177669.05000000005,7648.550000000003,138730.3,22403.5,-3758.0750000000116,173480.65,-4399.887500000012,141181.525,86666.42499999999,-8.625,-8.1125,18.025000000000006,1.9625000000000004,-13.4,14.512499999999989,0.0375,0.11249999999999982,0.7250000000000001,4.7,3.0625,7.462500000000006
-72144.38750000001,168113.05000000005,7511.550000000003,174900.3,15042.5,674.9249999999884,171469.65,-4462.887500000012,149458.525,92373.42499999999,0.375,-3.1125,0.025000000000005684,3.9625000000000004,7.6,11.512499999999989,0.0375,0.11249999999999982,-1.275,0.7,8.0625,2.4625000000000057
-71613.38750000001,181658.05000000005,8259.550000000003,170341.3,13873.5,-1619.0750000000116,168875.65,-4853.887500000012,153767.525,93494.42499999999,3.375,-6.1125,-5.974999999999994,-1.0374999999999996,2.5999999999999996,1.5124999999999886,-0.9625,0.11249999999999982,0.7250000000000001,-0.30000000000000004,4.0625,6.462500000000006
-84523.38750000001,172786.05000000005,6628.550000000003,148581.3,25009.5,14782.924999999988,147723.65,-5482.887500000012,147270.525,91181.42499999999,5.375,-1.1125,-4.974999999999994,10.9625,1.5999999999999996,-15.487500000000011,-0.9625,0.11249999999999982,-0.2749999999999999,-5.3,-2.9375,1.4625000000000057
-71403.38750000001,152386.05000000005,3944.550000000003,168032.3,30485.5,28169.92499999999,129017.65,-5897.887500000012,165462.525,96176.42499999999,-2.625,-5.1125,8.025000000000006,-17.0375,-2.4000000000000004,8.512499999999989,0.0375,0.11249999999999982,0.7250000000000001,0.7,-1.9375,5.462500000000006
-61624.38750000001,136428.05000000005,4062.550000000003,164161.3,28859.5,30768.92499999999,140667.65,-5361.887500000012,161091.525,98058.42499999999,13.375,4.8875,-20.974999999999994,8.9625,-2.4000000000000004,-16.48750000000001,0.0375,0.11249999999999982,0.7250000000000001,1.7,0.0625,0.4625000000000057
-71296.38750000001,156832.05000000005,4347.550000000003,151045.3,16014.5,17223.92499999999,150936.65,-5000.887500000012,143571.525,73771.42499999999,-0.625,-6.1125,5.025000000000006,-7.0375,-1.4000000000000004,0.5124999999999886,0.0375,0.11249999999999982,-0.2749999999999999,1.7,-10.9375,8.462500000000006
-83759.38750000001,172008.05000000005,4166.550000000003,142406.3,21802.5,27197.92499999999,150804.65,-6578.887500000012,140384.525,77446.42499999999,0.375,-6.1125,7.025000000000006,17.9625,6.6,-19.48750000000001,0.0375,0.11249999999999982,-0.2749999999999999,-12.3,-3.9375,-5.537499999999994
-79567.38750000001,165490.05000000005,4213.550000000003,164456.3,30844.5,31043.92499999999,151541.65,-6250.887500000012,149621.525,86840.42499999999,3.375,-3.1125,0.025000000000005684,-14.0375,5.6,-5.487500000000011,0.0375,0.11249999999999982,0.7250000000000001,16.7,-2.9375,11.462500000000006
-61381.38750000001,156532.05000000005,5436.550000000003,191803.3,16442.5,22397.92499999999,150094.65,-5061.887500000012,169986.525,92522.42499999999,5.375,-5.1125,-10.974999999999994,8.9625,-8.4,-5.487500000000011,0.0375,0.11249999999999982,-0.2749999999999999,-3.3,4.0625,-8.537499999999994
-69793.38750000001,186947.05000000005,4981.550000000003,134517.3,18802.5,-197.07500000001164,171857.65,-4360.887500000012,129563.525,72491.42499999999,1.375,-9.1125,-8.974999999999994,9.9625,5.6,2.5124999999999886,-0.9625,0.11249999999999982,-1.275,2.7,4.0625,-4.537499999999994
-78768.38750000001,179363.05000000005,5115.550000000003,149068.3,21649.5,7014.924999999988,171896.65,-5526.887500000012,125952.525,67578.42499999999,3.375,-1.1125,0.025000000000005684,-0.037499999999999645,2.5999999999999996,-2.4875000000000114,0.0375,0.11249999999999982,0.7250000000000001,3.7,-4.9375,4.462500000000006
-77115.38750000001,176899.05000000005,5300.550000000003,176541.3,27768.5,28548.92499999999,169429.65,-5484.887500000012,150626.525,94063.42499999999,-4.625,-2.1125,14.025000000000006,7.9625,2.5999999999999996,-3.4875000000000114,0.0375,0.11249999999999982,0.7250000000000001,-0.30000000000000004,-3.9375,0.4625000000000057
-71594.38750000001,165586.05000000005,4977.550000000003,188125.3,28271.5,29661.92499999999,159023.65,-5605.887500000012,174619.525,98683.42499999999,3.375,-2.1125,-1.9749999999999943,-4.0375,4.6,6.512499999999989,0.0375,0.11249999999999982,-0.2749999999999999,5.7,-0.9375,4.462500000000006
-69248.38750000001,158764.05000000005,5263.550000000003,180397.3,23205.5,29887.92499999999,159796.65,-5714.887500000012,162593.525,93231.42499999999,3.375,2.8875,-10.974999999999994,6.9625,0.5999999999999996,-5.487500000000011,0.0375,0.11249999999999982,0.7250000000000001,-2.3,-0.9375,-4.537499999999994
-66342.38750000001,154907.05000000005,4732.550000000003,161747.3,15923.5,31160.92499999999,154227.65,-5529.887500000012,153246.525,86850.42499999999,-1.625,-4.1125,2.0250000000000057,-2.0374999999999996,-1.4000000000000004,-0.48750000000001137,0.0375,0.11249999999999982,0.7250000000000001,1.7,-0.9375,-0.5374999999999943
-62795.38750000001,160929.05000000005,4849.550000000003,145236.3,13939.5,31992.92499999999,154690.65,-5187.887500000012,144482.525,81434.42499999999,0.375,-0.11250000000000004,-0.9749999999999943,-0.037499999999999645,0.5999999999999996,0.5124999999999886,0.0375,-0.8875000000000002,-1.275,2.7,0.0625,1.4625000000000057
-60828.38750000001,169116.05000000005,5426.550000000003,145115.3,13494.5,31096.92499999999,154117.65,-5379.887500000012,136964.525,74665.42499999999,0.375,3.8875,-0.9749999999999943,-1.0374999999999996,-0.40000000000000036,1.5124999999999886,0.0375,0.11249999999999982,1.725,-0.30000000000000004,0.0625,-0.5374999999999943
-55383.38750000001,177804.05000000005,6109.550000000003,154746.3,17830.5,23781.92499999999,168882.65,-4933.887500000012,148016.525,78471.42499999999,-0.625,-0.11250000000000004,-1.9749999999999943,-1.0374999999999996,0.5999999999999996,0.5124999999999886,0.0375,0.11249999999999982,-0.2749999999999999,-0.30000000000000004,0.0625,0.4625000000000057
-55835.38750000001,179540.05000000005,5995.550000000003,150479.3,15898.5,23373.92499999999,172968.65,-4623.887500000012,148744.525,79331.42499999999,0.375,0.8875,-2.9749999999999943,-1.0374999999999996,0.5999999999999996,-1.4875000000000114,-0.9625,0.11249999999999982,0.7250000000000001,-0.30000000000000004,0.0625,0.4625000000000057
-56079.38750000001,182436.05000000005,6212.550000000003,146621.3,15212.5,23194.92499999999,175084.65,-4592.887500000012,146180.525,77886.42499999999,-1.625,0.8875,3.0250000000000057,-2.0374999999999996,0.5999999999999996,0.5124999999999886,0.0375,0.11249999999999982,0.7250000000000001,-1.3,0.0625,-0.5374999999999943
-56052.38750000001,182170.05000000005,6219.550000000003,149150.3,16809.5,22553.92499999999,173463.65,-4705.887500000012,143858.525,76106.42499999999,-1.625,0.8875,0.025000000000005684,-1.0374999999999996,0.5999999999999996,-0.48750000000001137,0.0375,0.11249999999999982,-0.2749999999999999,-1.3,0.0625,0.4625000000000057
-56140.38750000001,183339.05000000005,6178.550000000003,154272.3,18021.5,21890.92499999999,170715.65,-4844.887500000012,143136.525,75416.42499999999,-0.625,-0.11250000000000004,-0.9749999999999943,-2.0374999999999996,1.5999999999999996,0.5124999999999886,0.0375,0.11249999999999982,-0.2749999999999999,-1.3,0.0625,0.4625000000000057
-54847.38750000001,182423.05000000005,6363.550000000003,154319.3,17908.5,21354.92499999999,167698.65,-4853.887500000012,142184.525,74725.42499999999,-1.625,-0.11250000000000004,1.0250000000000057,-1.0374999999999996,-0.40000000000000036,-0.48750000000001137,0.0375,-0.8875000000000002,0.7250000000000001,-0.30000000000000004,0.0625,0.4625000000000057
-51530.38750000001,175040.05000000005,6103.550000000003,147373.3,14164.5,21656.92499999999,167777.65,-4461.887500000012,144126.525,76162.42499999999,0.375,-0.11250000000000004,-0.9749999999999943,-1.0374999999999996,0.5999999999999996,0.5124999999999886,0.0375,0.11249999999999982,-0.2749999999999999,-0.30000000000000004,0.0625,0.4625000000000057
-51246.38750000001,176887.05000000005,5994.550000000003,145935.3,13786.5,21601.92499999999,167942.65,-4587.887500000012,144821.525,77345.42499999999,-0.625,-1.1125,0.025000000000005684,-1.0374999999999996,-0.40000000000000036,0.5124999999999886,0.0375,0.11249999999999982,0.7250000000000001,-1.3,-0.9375,0.4625000000000057
-50954.38750000001,179205.05000000005,6057.550000000003,145776.3,13790.5,21679.92499999999,167818.65,-4868.887500000012,146842.525,79084.42499999999,-0.625,-1.1125,0.025000000000005684,-1.0374999999999996,-0.40000000000000036,0.5124999999999886,0.0375,0.11249999999999982,-0.2749999999999999,-0.30000000000000004,-0.9375,-0.5374999999999943
-50951.38750000001,181865.05000000005,5895.550000000003,146341.3,14436.5,22010.92499999999,166636.65,-4899.887500000012,147661.525,79936.42499999999,0.375,-0.11250000000000004,0.025000000000005684,-0.037499999999999645,-0.40000000000000036,0.5124999999999886,0.0375,0.11249999999999982,-0.2749999999999999,-0.30000000000000004,0.0625,0.4625000000000057
-50812.38750000001,181991.05000000005,5885.550000000003,145519.3,13994.5,22168.92499999999,165563.65,-4701.887500000012,147841.525,80173.42499999999,-0.625,-0.11250000000000004,0.025000000000005684,-0.037499999999999645,-0.40000000000000036,-0.48750000000001137,0.0375,0.11249999999999982,0.7250000000000001,-0.30000000000000004,0.0625,-0.5374999999999943
-50657.38750000001,179815.05000000005,5909.550000000003,144779.3,13490.5,22183.92499999999,165620.65,-4847.887500000012,147245.525,80545.42499999999,1.375,-0.11250000000000004,0.025000000000005684,0.9625000000000004,-0.40000000000000036,-0.48750000000001137,0.0375,-0.8875000000000002,0.7250000000000001,-0.30000000000000004,0.0625,-0.5374999999999943
-50237.38750000001,178415.05000000005,5764.550000000003,145100.3,13474.5,22646.92499999999,165768.65,-4946.887500000012,146263.525,79626.42499999999,0.375,-0.11250000000000004,-0.9749999999999943,0.9625000000000004,-0.40000000000000036,-0.48750000000001137,0.0375,0.11249999999999982,-0.2749999999999999,1.7,0.0625,0.4625000000000057
-50883.38750000001,178487.05000000005,5863.550000000003,146926.3,14677.5,22713.92499999999,166153.65,-4843.887500000012,145943.525,78905.42499999999,13.375,3.8875,-15.974999999999994,6.9625,-4.4,-8.487500000000011,0.0375,0.11249999999999982,0.7250000000000001,1.7,0.0625,1.4625000000000057
-48675.38750000001,178715.05000000005,5992.550000000003,148118.3,15282.5,22431.92499999999,166319.65,-4610.887500000012,145309.525,78652.42499999999,-15.625,-18.1125,34.025000000000006,27.9625,0.5999999999999996,-5.487500000000011,0.0375,0.11249999999999982,-0.2749999999999999,5.7,7.0625,-3.5374999999999943
-32563.38750000001,189065.05000000005,6467.550000000003,147020.3,9634.5,-3327.0750000000116,172193.65,-3475.8875000000116,133628.525,77934.42499999999,16.375,11.8875,-28.974999999999994,40.9625,-21.4,-11.487500000000011,-0.9625,0.11249999999999982,-1.275,4.7,-0.9375,4.462500000000006
-44632.38750000001,198801.05000000005,7401.550000000003,112310.29999999999,4037.5,-86098.07500000001,191674.65,-2133.8875000000116,110194.525,65448.42499999999,-2.625,-10.1125,5.025000000000006,-21.0375,-0.40000000000000036,19.51249999999999,0.0375,-0.8875000000000002,-0.2749999999999999,-1.3,4.0625,-4.537499999999994
-69440.38750000001,189785.05000000005,6987.550000000003,111870.29999999999,10378.5,-54517.07500000001,188439.65,-2061.8875000000116,104056.525,55487.42499999999,1.375,-0.11250000000000004,-4.974999999999994,13.9625,-1.4000000000000004,-22.48750000000001,0.0375,0.11249999999999982,0.7250000000000001,-1.3,7.0625,-6.537499999999994
-78527.38750000001,199571.05000000005,6970.550000000003,155131.3,21178.5,-6099.075000000012,185513.65,-3168.8875000000116,121285.525,70340.42499999999,-1.625,8.8875,-0.9749999999999943,-13.0375,-7.4,3.5124999999999886,0.0375,0.11249999999999982,-0.2749999999999999,0.7,2.0625,5.462500000000006
-80478.38750000001,187885.05000000005,7968.550000000003,171887.3,22031.5,-8569.075000000012,188015.65,-4256.887500000012,164500.525,92559.42499999999,-0.625,-0.11250000000000004,-2.9749999999999943,-3.0374999999999996,-7.4,-11.487500000000011,0.0375,0.11249999999999982,0.7250000000000001,-2.3,3.0625,1.4625000000000057
-88967.38750000001,183977.05000000005,8016.550000000003,170166.3,15967.5,-6782.075000000012,183012.65,-4427.887500000012,175106.525,79159.42499999999,-1.625,-0.11250000000000004,-3.9749999999999943,-5.0375,-8.4,-7.487500000000011,0.0375,0.11249999999999982,0.7250000000000001,2.7,0.0625,5.462500000000006
-87389.38750000001,180977.05000000005,6454.550000000003,156131.3,6989.5,-5858.075000000012,166681.65,-3676.8875000000116,140782.525,65937.42499999999,-5.625,0.8875,12.025000000000006,0.9625000000000004,-2.4000000000000004,-12.487500000000011,0.0375,-0.8875000000000002,0.7250000000000001,-0.30000000000000004,7.0625,6.462500000000006
-89438.38750000001,170377.05000000005,6119.550000000003,136726.3,11691.5,-7179.075000000012,162690.65,-3840.8875000000116,129352.525,60248.42499999999,0.375,-6.1125,3.0250000000000057,2.9625000000000004,0.5999999999999996,-6.487500000000011,0.0375,-0.8875000000000002,-0.2749999999999999,-0.30000000000000004,-3.9375,0.4625000000000057
-96561.38750000001,170445.05000000005,6265.550000000003,154367.3,18447.5,-8851.075000000012,157523.65,-4581.887500000012,135789.525,54475.42499999999,0.375,-2.1125,-7.974999999999994,-3.0374999999999996,-0.40000000000000036,-4.487500000000011,0.0375,0.11249999999999982,-0.2749999999999999,-3.3,-0.9375,-0.5374999999999943
-97966.38750000001,160460.05000000005,5809.550000000003,169878.3,24167.5,-5603.075000000012,150462.65,-5267.887500000012,156104.525,70591.42499999999,-1.625,-0.11250000000000004,-0.9749999999999943,-0.037499999999999645,1.5999999999999996,-3.4875000000000114,0.0375,0.11249999999999982,-0.2749999999999999,-1.3,0.0625,0.4625000000000057
-99092.38750000001,158134.05000000005,5424.550000000003,177678.3,25874.5,6336.924999999988,144653.65,-5233.887500000012,161209.525,69988.42499999999,-1.625,0.8875,2.0250000000000057,-1.0374999999999996,2.5999999999999996,-1.4875000000000114,0.0375,0.11249999999999982,-0.2749999999999999,-1.3,0.0625,5.462500000000006
-100181.38750000001,156547.05000000005,5288.550000000003,167465.3,21661.5,9372.924999999988,145711.65,-5580.887500000012,163076.525,71727.42499999999,0.375,-0.11250000000000004,-1.9749999999999943,-0.037499999999999645,-1.4000000000000004,-3.4875000000000114,0.0375,0.11249999999999982,-0.2749999999999999,-1.3,2.0625,-0.5374999999999943
-100286.38750000001,156237.05000000005,5325.550000000003,160150.3,18166.5,11326.924999999988,149132.65,-5836.887500000012,157697.525,69966.42499999999,-0.625,-1.1125,0.025000000000005684,-2.0374999999999996,1.5999999999999996,0.5124999999999886,0.0375,0.11249999999999982,-0.2749999999999999,-0.30000000000000004,-0.9375,0.4625000000000057
-94906.38750000001,158546.05000000005,4988.550000000003,158903.3,18515.5,13415.924999999988,148744.65,-5530.887500000012,155175.525,67874.42499999999,-0.625,-0.11250000000000004,1.0250000000000057,-0.037499999999999645,0.5999999999999996,0.5124999999999886,0.0375,-0.8875000000000002,-0.2749999999999999,-0.30000000000000004,-0.9375,-1.5374999999999943
-90140.38750000001,164363.05000000005,5652.550000000003,156893.3,18018.5,15656.924999999988,152115.65,-5556.887500000012,156794.525,67804.42499999999,0.375,0.8875,2.0250000000000057,0.9625000000000004,0.5999999999999996,-2.4875000000000114,0.0375,0.11249999999999982,-0.2749999999999999,0.7,-0.9375,0.4625000000000057
-86453.38750000001,175494.05000000005,6010.550000000003,155660.3,17823.5,17773.92499999999,155832.65,-5471.887500000012,154486.525,68062.42499999999,-1.625,-0.11250000000000004,1.0250000000000057,0.9625000000000004,0.5999999999999996,2.5124999999999886,0.0375,0.11249999999999982,-0.2749999999999999,0.7,0.0625,-0.5374999999999943
-81542.38750000001,181012.05000000005,6150.550000000003,152268.3,16407.5,18816.92499999999,163776.65,-5228.887500000012,149721.525,66173.42499999999,0.375,-1.1125,0.025000000000005684,0.9625000000000004,-0.40000000000000036,0.5124999999999886,0.0375,0.11249999999999982,-0.2749999999999999,0.7,0.0625,-0.5374999999999943
-76497.38750000001,182335.05000000005,6044.550000000003,146251.3,13934.5,19961.92499999999,171075.65,-4719.887500000012,145997.525,65829.42499999999,0.375,-0.11250000000000004,-0.9749999999999943,0.9625000000000004,0.5999999999999996,3.5124999999999886,0.0375,0.11249999999999982,0.7250000000000001,0.7,0.0625,-0.5374999999999943
-75095.38750000001,186235.05000000005,6002.550000000003,141517.3,11973.5,20450.92499999999,169908.65,-4762.887500000012,145520.525,66364.42499999999,1.375,0.8875,-0.9749999999999943,2.9625000000000004,-0.40000000000000036,-0.48750000000001137,0.0375,0.11249999999999982,-0.2749999999999999,-0.30000000000000004,-0.9375,0.4625000000000057
-74201.38750000001,187602.05000000005,6064.550000000003,144616.3,16649.5,20604.92499999999,172044.65,-4704.887500000012,149676.525,70174.42499999999,1.375,-0.11250000000000004,-1.9749999999999943,1.9625000000000004,-0.40000000000000036,0.5124999999999886,0.0375,0.11249999999999982,-0.2749999999999999,1.7,0.0625,0.4625000000000057
-71901.38750000001,177236.05000000005,6010.550000000003,153661.3,20912.5,20794.92499999999,168092.65,-4560.887500000012,151672.525,73722.42499999999,1.375,-0.11250000000000004,-0.9749999999999943,0.9625000000000004,-1.4000000000000004,-0.48750000000001137,0.0375,0.11249999999999982,-0.2749999999999999,0.7,-0.9375,-0.5374999999999943
-67684.38750000001,173688.05000000005,5887.550000000003,152706.3,19018.5,20844.92499999999,165461.65,-4755.887500000012,144556.525,74437.42499999999,0.375,-0.11250000000000004,1.0250000000000057,-0.037499999999999645,-0.40000000000000036,2.5124999999999886,0.0375,0.11249999999999982,0.7250000000000001,0.7,0.0625,0.4625000000000057
-63678.38750000001,172411.05000000005,5642.550000000003,146967.3,18364.5,19659.92499999999,175393.65,-4096.887500000012,140052.525,75786.42499999999,0.375,0.8875,-0.9749999999999943,1.9625000000000004,-0.40000000000000036,-0.48750000000001137,0.0375,0.11249999999999982,0.7250000000000001,-0.30000000000000004,0.0625,0.4625000000000057
-62844.38750000001,177421.05000000005,5969.550000000003,151035.3,22257.5,15390.924999999988,176996.65,-4047.8875000000116,141516.525,76892.42499999999,-0.625,0.8875,2.0250000000000057,-1.0374999999999996,-0.40000000000000036,1.5124999999999886,0.0375,0.11249999999999982,0.7250000000000001,-0.30000000000000004,0.0625,1.4625000000000057
-64201.38750000001,185430.05000000005,6223.550000000003,147896.3,19930.5,13771.924999999988,178877.65,-4186.887500000012,137548.525,75010.42499999999,-0.625,0.8875,0.025000000000005684,-1.0374999999999996,-0.40000000000000036,-0.48750000000001137,0.0375,0.11249999999999982,-0.2749999999999999,-0.30000000000000004,0.0625,-0.5374999999999943
-65698.38750000001,188703.05000000005,6294.550000000003,145040.3,19265.5,13128.924999999988,177778.65,-4171.887500000012,135882.525,73560.42499999999,-0.625,0.8875,0.025000000000005684,-0.037499999999999645,0.5999999999999996,-1.4875000000000114,0.0375,0.11249999999999982,0.7250000000000001,-0.30000000000000004,0.0625,0.4625000000000057
-65801.38750000001,183218.05000000005,6149.550000000003,146989.3,20142.5,12497.924999999988,173392.65,-4087.8875000000116,140049.525,74860.42499999999,-0.625,-0.11250000000000004,-0.9749999999999943,-0.037499999999999645,0.5999999999999996,-0.48750000000001137,0.0375,0.11249999999999982,0.7250000000000001,-1.3,0.0625,-0.5374999999999943
-67390.38750000001,175744.05000000005,6076.550000000003,148438.3,20172.5,11886.924999999988,169355.65,-4308.887500000012,144531.525,75435.42499999999,-1.625,0.8875,1.0250000000000057,-2.0374999999999996,0.5999999999999996,-0.48750000000001137,-0.9625,0.11249999999999982,0.7250000000000001,-0.30000000000000004,0.0625,-0.5374999999999943
-68641.38750000001,174138.05000000005,6157.550000000003,147907.3,19420.5,11227.924999999988,167225.65,-4430.887500000012,142768.525,71263.42499999999,-0.625,0.8875,0.025000000000005684,-1.0374999999999996,0.5999999999999996,-0.48750000000001137,0.0375,0.11249999999999982,-0.2749999999999999,-0.30000000000000004,0.0625,0.4625000000000057
-70428.38750000001,180854.05000000005,6536.550000000003,148192.3,18137.5,10861.924999999988,163659.65,-4358.887500000012,142403.525,70880.42499999999,0.375,-0.11250000000000004,-0.9749999999999943,-0.037499999999999645,0.5999999999999996,-0.48750000000001137,0.0375,0.11249999999999982,-0.2749999999999999,-1.3,0.0625,-1.5374999999999943
-71354.38750000001,181554.05000000005,6456.550000000003,148159.3,17487.5,10468.924999999988,164710.65,-4326.887500000012,145010.525,72311.42499999999,-0.625,-0.11250000000000004,1.0250000000000057,-1.0374999999999996,-0.40000000000000036,-1.4875000000000114,0.0375,0.11249999999999982,0.7250000000000001,-0.30000000000000004,0.0625,-0.5374999999999943
-71494.38750000001,180447.05000000005,6187.550000000003,146171.3,16215.5,10563.924999999988,166237.65,-4277.887500000012,148696.525,73743.42499999999,-0.625,0.8875,0.025000000000005684,-1.0374999999999996,-0.40000000000000036,-0.48750000000001137,-0.9625,0.11249999999999982,-0.2749999999999999,-1.3,0.0625,-0.5374999999999943
-71687.38750000001,180419.05000000005,6053.550000000003,143585.3,14925.5,10719.924999999988,166234.65,-4267.887500000012,148971.525,73639.42499999999,-0.625,0.8875,0.025000000000005684,-1.0374999999999996,-0.40000000000000036,-0.48750000000001137,0.0375,0.11249999999999982,0.7250000000000001,-0.30000000000000004,0.0625,0.4625000000000057
-72268.38750000001,181614.05000000005,5996.550000000003,142891.3,14775.5,10481.924999999988,163984.65,-4144.887500000012,147419.525,72412.42499999999,-0.625,-0.11250000000000004,1.0250000000000057,-1.0374999999999996,-0.40000000000000036,-0.48750000000001137,0.0375,0.11249999999999982,-0.2749999999999999,-1.3,0.0625,-0.5374999999999943
-73361.38750000001,182732.05000000005,5905.550000000003,144733.3,15858.5,9912.924999999988,161972.65,-4265.887500000012,147330.525,71383.42499999999,-1.625,0.8875,1.0250000000000057,-1.0374999999999996,-1.4000000000000004,-0.48750000000001137,0.0375,0.11249999999999982,-0.2749999999999999,-0.30000000000000004,0.0625,-0.5374999999999943
-73438.38750000001,181506.05000000005,5540.550000000003,144557.3,15604.5,9801.924999999988,162404.65,-4009.8875000000116,148694.525,71074.42499999999,0.375,-1.1125,-0.9749999999999943,-0.037499999999999645,-2.4000000000000004,-0.48750000000001137,0.0375,0.11249999999999982,-0.2749999999999999,-0.30000000000000004,0.0625,-0.5374999999999943
-73721.38750000001,180953.05000000005,5467.550000000003,142909.3,14977.5,9506.924999999988,163811.65,-3937.8875000000116,148643.525,70108.42499999999,-0.625,-1.1125,0.025000000000005684,0.9625000000000004,-1.4000000000000004,-0.48750000000001137,0.0375,-0.8875000000000002,-0.2749999999999999,1.7,-0.9375,-0.5374999999999943
-74650.38750000001,181357.05000000005,5671.550000000003,143520.3,15327.5,9296.924999999988,162536.65,-4012.8875000000116,150118.525,69988.42499999999,1.375,-2.1125,-0.9749999999999943,0.9625000000000004,-1.4000000000000004,-0.48750000000001137,0.0375,0.11249999999999982,-0.2749999999999999,-0.30000000000000004,0.0625,0.4625000000000057
-75355.38750000001,182757.05000000005,5765.550000000003,144973.3,15989.5,9352.924999999988,161375.65,-4119.887500000012,150589.525,70354.42499999999,0.375,-1.1125,0.025000000000005684,0.9625000000000004,-0.40000000000000036,0.5124999999999886,0.0375,0.11249999999999982,0.7250000000000001,0.7,0.0625,0.4625000000000057
-75742.38750000001,184150.05000000005,5735.550000000003,145545.3,16155.5,9180.924999999988,161237.65,-4197.887500000012,149945.525,70005.42499999999,0.375,-0.11250000000000004,0.025000000000005684,0.9625000000000004,0.5999999999999996,1.5124999999999886,0.0375,0.11249999999999982,-0.2749999999999999,1.7,0.0625,1.4625000000000057
-76024.38750000001,182929.05000000005,5933.550000000003,144450.3,15818.5,9107.924999999988,161832.65,-4154.887500000012,149975.525,69837.42499999999,1.375,-0.11250000000000004,-1.9749999999999943,1.9625000000000004,-0.40000000000000036,0.5124999999999886,0.0375,0.11249999999999982,-0.2749999999999999,-0.30000000000000004,0.0625,0.4625000000000057
-77165.38750000001,181747.05000000005,5849.550000000003,142833.3,15378.5,9058.924999999988,162127.65,-4102.887500000012,150809.525,70021.42499999999,1.375,-0.11250000000000004,0.025000000000005684,1.9625000000000004,-0.40000000000000036,-0.48750000000001137,0.0375,0.11249999999999982,-1.275,0.7,0.0625,-0.5374999999999943
-78253.38750000001,180405.05000000005,5886.550000000003,144199.3,15939.5,8911.924999999988,161226.65,-4086.8875000000116,152061.525,70546.42499999999,1.375,0.8875,0.025000000000005684,0.9625000000000004,0.5999999999999996,0.5124999999999886,0.0375,0.11249999999999982,-0.2749999999999999,0.7,1.0625,0.4625000000000057
-79395.38750000001,180560.05000000005,6153.550000000003,145745.3,16531.5,8116.924999999988,160150.65,-4052.8875000000116,151679.525,69902.42499999999,0.375,-0.11250000000000004,-0.9749999999999943,0.9625000000000004,0.5999999999999996,-0.48750000000001137,0.0375,0.11249999999999982,0.7250000000000001,-0.30000000000000004,0.0625,0.4625000000000057
-79847.38750000001,181921.05000000005,6138.550000000003,146873.3,17125.5,7698.924999999988,159130.65,-4187.887500000012,151089.525,69373.42499999999,0.375,0.8875,-0.9749999999999943,1.9625000000000004,-0.40000000000000036,-0.48750000000001137,0.0375,0.11249999999999982,-0.2749999999999999,-0.30000000000000004,0.0625,-0.5374999999999943
-79181.38750000001,181489.05000000005,6016.550000000003,148038.3,17357.5,7843.924999999988,158679.65,-4171.887500000012,150930.525,68973.42499999999,0.375,-0.11250000000000004,1.0250000000000057,0.9625000000000004,0.5999999999999996,-0.48750000000001137,0.0375,0.11249999999999982,-0.2749999999999999,-0.30000000000000004,0.0625,0.4625000000000057
-77946.38750000001,180815.05000000005,6129.550000000003,148352.3,17590.5,8175.924999999988,159542.65,-4143.887500000012,150593.525,69004.42499999999,-0.625,0.8875,0.025000000000005684,-0.037499999999999645,0.5999999999999996,-1.4875000000000114,0.0375,0.11249999999999982,-0.2749999999999999,-0.30000000000000004,1.0625,0.4625000000000057
-76568.38750000001,180776.05000000005,6316.550000000003,147415.3,16173.5,8532.924999999988,160921.65,-3905.8875000000116,149522.525,67734.42499999999,0.375,0.8875,1.0250000000000057,-1.0374999999999996,0.5999999999999996,0.5124999999999886,-0.9625,0.11249999999999982,-0.2749999999999999,-0.30000000000000004,1.0625,0.4625000000000057
-75617.38750000001,182405.05000000005,6195.550000000003,144804.3,15774.5,8843.924999999988,162199.65,-3892.8875000000116,147900.525,67674.42499999999,-0.625,-0.11250000000000004,-0.9749999999999943,0.9625000000000004,-0.40000000000000036,-0.48750000000001137,0.0375,0.11249999999999982,-1.275,-0.30000000000000004,0.0625,0.4625000000000057
-74422.38750000001,183161.05000000005,6257.550000000003,145031.3,15821.5,9412.924999999988,162987.65,-4026.8875000000116,150188.525,69429.42499999999,-0.625,-0.11250000000000004,0.025000000000005684,-1.0374999999999996,-0.40000000000000036,0.5124999999999886,0.0375,0.11249999999999982,-0.2749999999999999,-0.30000000000000004,0.0625,0.4625000000000057
-73609.38750000001,182240.05000000005,6105.550000000003,144867.3,15962.5,9582.924999999988,162115.65,-4022.8875000000116,150698.525,70078.42499999999,-0.625,-0.11250000000000004,0.025000000000005684,-1.0374999999999996,0.5999999999999996,0.5124999999999886,0.0375,0.11249999999999982,-0.2749999999999999,-1.3,0.0625,-0.5374999999999943
-73208.38750000001,182375.05000000005,5967.550000000003,144325.3,16053.5,9628.924999999988,162868.65,-3971.8875000000116,149738.525,70043.42499999999,-1.625,-0.11250000000000004,-0.9749999999999943,-1.0374999999999996,-0.40000000000000036,0.5124999999999886,0.0375,0.11249999999999982,0.7250000000000001,-0.30000000000000004,0.0625,-0.5374999999999943
-72874.38750000001,182611.05000000005,6050.550000000003,144214.3,16939.5,9723.924999999988,163542.65,-4013.8875000000116,148840.525,69803.42499999999,-1.625,0.8875,0.025000000000005684,-0.037499999999999645,-1.4000000000000004,-0.48750000000001137,0.0375,0.11249999999999982,-0.2749999999999999,-1.3,0.0625,-0.5374999999999943
-72529.38750000001,182318.05000000005,5863.550000000003,145783.3,17848.5,9896.924999999988,164061.65,-4123.887500000012,149294.525,70815.42499999999,-0.625,-0.11250000000000004,0.025000000000005684,-1.0374999999999996,-0.40000000000000036,0.5124999999999886,-0.9625,0.11249999999999982,-0.2749999999999999,-0.30000000000000004,-0.9375,-0.5374999999999943
-71944.38750000001,181701.05000000005,5803.550000000003,145786.3,18281.5,9967.924999999988,164387.65,-4204.887500000012,148551.525,70918.42499999999,-0.625,-0.11250000000000004,-0.9749999999999943,-1.0374999999999996,-0.40000000000000036,0.5124999999999886,-0.9625,-0.8875000000000002,-0.2749999999999999,-0.30000000000000004,0.0625,0.4625000000000057
-71414.38750000001,180955.05000000005,5959.550000000003,145305.3,18336.5,9980.924999999988,164721.65,-4222.887500000012,147449.525,70559.42499999999,-0.625,-0.11250000000000004,0.025000000000005684,-1.0374999999999996,-0.40000000000000036,-0.48750000000001137,0.0375,0.11249999999999982,0.7250000000000001,-0.30000000000000004,-0.9375,0.4625000000000057
-70789.38750000001,180748.05000000005,5992.550000000003,145694.3,18778.5,10905.924999999988,164864.65,-4009.8875000000116,146836.525,70622.42499999999,-0.625,-0.11250000000000004,0.025000000000005684,-1.0374999999999996,-0.40000000000000036,0.5124999999999886,0.0375,0.11249999999999982,0.7250000000000001,-0.30000000000000004,0.0625,-0.5374999999999943
-70555.38750000001,180502.05000000005,5963.550000000003,146526.3,19257.5,11115.924999999988,165038.65,-4092.8875000000116,147091.525,71276.42499999999,-0.625,-0.11250000000000004,0.025000000000005684,-0.037499999999999645,0.5999999999999996,0.5124999999999886,0.0375,0.11249999999999982,0.7250000000000001,-0.30000000000000004,0.0625,0.4625000000000057
-70307.38750000001,180145.05000000005,5987.550000000003,146742.3,19778.5,11152.924999999988,165560.65,-4054.8875000000116,146983.525,71675.42499999999,0.375,-0.11250000000000004,-0.9749999999999943,-0.037499999999999645,-0.40000000000000036,0.5124999999999886,0.0375,0.11249999999999982,-0.2749999999999999,-0.30000000000000004,1.0625,-0.5374999999999943
-70129.38750000001,180093.05000000005,5854.550000000003,146469.3,19781.5,11375.924999999988,166098.65,-3955.8875000000116,146648.525,71729.42499999999,0.375,-0.11250000000000004,0.025000000000005684,-0.037499999999999645,0.5999999999999996,-0.48750000000001137,-0.9625,0.11249999999999982,-0.2749999999999999,0.7,0.0625,0.4625000000000057
-70047.38750000001,179693.05000000005,5979.550000000003,146834.3,19937.5,11789.924999999988,165634.65,-3944.8875000000116,146489.525,71749.42499999999,1.375,-0.11250000000000004,0.025000000000005684,0.9625000000000004,-0.40000000000000036,0.5124999999999886,0.0375,0.11249999999999982,0.7250000000000001,0.7,0.0625,-0.5374999999999943
-69940.38750000001,179256.05000000005,6056.550000000003,146960.3,20085.5,11949.924999999988,165271.65,-3965.8875000000116,146469.525,71719.42499999999,0.375,0.8875,0.025000000000005684,0.9625000000000004,-0.40000000000000036,-0.48750000000001137,0.0375,0.11249999999999982,-0.2749999999999999,0.7,0.0625,0.4625000000000057
-70054.38750000001,179396.05000000005,5998.550000000003,146872.3,19981.5,11928.924999999988,165301.65,-4030.8875000000116,146343.525,71707.42499999999,0.375,0.8875,0.025000000000005684,0.9625000000000004,0.5999999999999996,-0.48750000000001137,-0.9625,0.11249999999999982,-0.2749999999999999,0.7,0.0625,0.4625000000000057
-70333.38750000001,179798.05000000005,6073.550000000003,146856.3,19775.5,11839.924999999988,165637.65,-4054.8875000000116,146211.525,71622.42499999999,0.375,-0.11250000000000004,0.025000000000005684,0.9625000000000004,-0.40000000000000036,-0.48750000000001137,0.0375,0.11249999999999982,0.7250000000000001,0.7,0.0625,0.4625000000000057
-70820.38750000001,180192.05000000005,6003.550000000003,146700.3,19269.5,11633.924999999988,165591.65,-4011.8875000000116,146152.525,71393.42499999999,0.375,-0.11250000000000004,0.025000000000005684,0.9625000000000004,0.5999999999999996,-0.48750000000001137,0.0375,-0.8875000000000002,-0.2749999999999999,0.7,0.0625,1.4625000000000057
-71347.38750000001,180249.05000000005,6182.550000000003,146531.3,18788.5,11455.924999999988,164895.65,-4099.887500000012,146035.525,71225.42499999999,0.375,0.8875,1.0250000000000057,-0.037499999999999645,0.5999999999999996,-0.48750000000001137,0.0375,0.11249999999999982,-0.2749999999999999,0.7,0.0625,-0.5374999999999943
-71597.38750000001,180373.05000000005,6085.550000000003,146208.3,18347.5,11306.924999999988,164251.65,-4010.8875000000116,146114.525,70403.42499999999,0.375,-0.11250000000000004,0.025000000000005684,0.9625000000000004,0.5999999999999996,0.5124999999999886,0.0375,0.11249999999999982,0.7250000000000001,-0.30000000000000004,0.0625,-0.5374999999999943
-71989.38750000001,180717.05000000005,6063.550000000003,145812.3,17864.5,11049.924999999988,163423.65,-3985.8875000000116,146423.525,70374.42499999999,0.375,0.8875,0.025000000000005684,-0.037499999999999645,-1.4000000000000004,1.5124999999999886,0.0375,0.11249999999999982,-0.2749999999999999,0.7,0.0625,0.4625000000000057
-72445.38750000001,181223.05000000005,6117.550000000003,145556.3,17449.5,10648.924999999988,163280.65,-4079.8875000000116,147144.525,70284.42499999999,0.375,-0.11250000000000004,-0.9749999999999943,-0.037499999999999645,0.5999999999999996,-0.48750000000001137,0.0375,0.11249999999999982,-0.2749999999999999,-0.30000000000000004,0.0625,-0.5374999999999943
-72959.38750000001,182158.05000000005,6132.550000000003,145191.3,17049.5,10359.924999999988,163140.65,-4011.8875000000116,148355.525,69947.42499999999,-0.625,-0.11250000000000004,0.025000000000005684,-0.037499999999999645,0.5999999999999996,0.5124999999999886,0.0375,0.11249999999999982,-0.2749999999999999,-0.30000000000000004,0.0625,-0.5374999999999943
-73382.38750000001,182385.05000000005,6099.550000000003,144809.3,16013.5,9704.924999999988,162615.65,-4043.8875000000116,148675.525,69575.42499999999,-0.625,-0.11250000000000004,1.0250000000000057,-1.0374999999999996,-0.40000000000000036,-0.48750000000001137,-0.9625,0.11249999999999982,-0.2749999999999999,-0.30000000000000004,0.0625,-0.5374999999999943
-73838.38750000001,182498.05000000005,5982.550000000003,144507.3,15490.5,9196.924999999988,161772.65,-4007.8875000000116,148952.525,69312.42499999999,-0.625,-0.11250000000000004,0.025000000000005684,-0.037499999999999645,-0.40000000000000036,-0.48750000000001137,0.0375,0.11249999999999982,0.7250000000000001,-0.30000000000000004,0.0625,-0.5374999999999943
-74622.38750000001,183036.05000000005,5968.550000000003,144450.3,15367.5,9040.924999999988,161114.65,-4014.8875000000116,149571.525,68899.42499999999,-0.625,-0.11250000000000004,0.025000000000005684,-1.0374999999999996,0.5999999999999996,-0.48750000000001137,0.0375,0.11249999999999982,-0.2749999999999999,-0.30000000000000004,-0.9375,-0.5374999999999943
-74776.38750000001,183431.05000000005,5919.550000000003,144475.3,15494.5,8793.924999999988,161261.65,-4050.8875000000116,149879.525,68783.42499999999,-0.625,0.8875,-0.9749999999999943,-1.0374999999999996,-0.40000000000000036,0.5124999999999886,0.0375,0.11249999999999982,-1.275,-0.30000000000000004,0.0625,-0.5374999999999943
-75007.38750000001,183504.05000000005,5885.550000000003,143957.3,15602.5,8522.924999999988,161837.65,-4121.887500000012,149856.525,68394.42499999999,-0.625,-0.11250000000000004,0.025000000000005684,-1.0374999999999996,-0.40000000000000036,-0.48750000000001137,0.0375,0.11249999999999982,0.7250000000000001,-0.30000000000000004,0.0625,-0.5374999999999943
-75653.38750000001,183426.05000000005,5841.550000000003,143560.3,15492.5,8371.924999999988,161846.65,-4101.887500000012,149736.525,68209.42499999999,-1.625,0.8875,1.0250000000000057,-0.037499999999999645,-0.40000000000000036,-0.48750000000001137,0.0375,0.11249999999999982,-0.2749999999999999,-0.30000000000000004,0.0625,-0.5374999999999943
-76907.38750000001,182994.05000000005,5875.550000000003,144178.3,16025.5,8204.924999999988,160831.65,-3934.8875000000116,150806.525,68668.42499999999,-0.625,-0.11250000000000004,-0.9749999999999943,-0.037499999999999645,-0.40000000000000036,-0.48750000000001137,0.0375,0.11249999999999982,-0.2749999999999999,-1.3,0.0625,-0.5374999999999943
-77534.38750000001,182000.05000000005,5928.550000000003,145232.3,16462.5,7859.924999999988,159347.65,-4058.8875000000116,151913.525,69455.42499999999,0.375,-0.11250000000000004,0.025000000000005684,-0.037499999999999645,-0.40000000000000036,-0.48750000000001137,0.0375,0.11249999999999982,-0.2749999999999999,-0.30000000000000004,0.0625,-0.5374999999999943
-77528.38750000001,181098.05000000005,5993.550000000003,145364.3,16442.5,8104.924999999988,159113.65,-4163.887500000012,152307.525,69881.42499999999,-0.625,-0.11250000000000004,-0.9749999999999943,-0.037499999999999645,-0.40000000000000036,0.5124999999999886,0.0375,0.11249999999999982,-0.2749999999999999,-0.30000000000000004,0.0625,0.4625000000000057
-76259.38750000001,182423.05000000005,6086.550000000003,144583.3,15794.5,8423.924999999988,160159.65,-4172.887500000012,151117.525,69567.42499999999,-0.625,-0.11250000000000004,1.0250000000000057,-0.037499999999999645,0.5999999999999996,0.5124999999999886,0.0375,0.11249999999999982,-0.2749999999999999,-0.30000000000000004,0.0625,-0.5374999999999943
-75162.38750000001,183290.05000000005,6044.550000000003,143661.3,15377.5,9082.924999999988,161124.65,-3833.8875000000116,149914.525,68965.42499999999,0.375,-0.11250000000000004,1.0250000000000057,-0.037499999999999645,0.5999999999999996,0.5124999999999886,0.0375,0.11249999999999982,-0.2749999999999999,0.7,0.0625,-0.5374999999999943
-74400.38750000001,183685.05000000005,5945.550000000003,143137.3,15386.5,9471.924999999988,162230.65,-3974.8875000000116,149565.525,69152.42499999999,0.375,-0.11250000000000004,1.0250000000000057,0.9625000000000004,-0.40000000000000036,0.5124999999999886,0.0375,0.11249999999999982,-0.2749999999999999,-0.30000000000000004,0.0625,-0.5374999999999943
-74179.38750000001,183782.05000000005,5967.550000000003,143527.3,15751.5,9710.924999999988,162628.65,-4125.887500000012,149683.525,69566.42499999999,0.375,-0.11250000000000004,-0.9749999999999943,-0.037499999999999645,-0.40000000000000036,-0.48750000000001137,1.0375,-0.8875000000000002,-0.2749999999999999,-0.30000000000000004,0.0625,-0.5374999999999943
-73856.38750000001,183184.05000000005,5909.550000000003,143860.3,16080.5,9911.924999999988,161408.65,-4087.8875000000116,149654.525,69831.42499999999,0.375,0.8875,-0.9749999999999943,-0.037499999999999645,-0.40000000000000036,0.5124999999999886,0.0375,-0.8875000000000002,-0.2749999999999999,-0.30000000000000004,0.0625,-0.5374999999999943
-73597.38750000001,182872.05000000005,6004.550000000003,143642.3,15984.5,10290.924999999988,161582.65,-4005.8875000000116,149149.525,69912.42499999999,1.375,-0.11250000000000004,0.025000000000005684,-0.037499999999999645,-0.40000000000000036,0.5124999999999886,0.0375,0.11249999999999982,0.7250000000000001,0.7,-0.9375,0.4625000000000057
-73472.38750000001,182951.05000000005,5877.550000000003,143096.3,15778.5,10519.924999999988,162402.65,-4020.8875000000116,148457.525,69771.42499999999,0.375,-0.11250000000000004,0.025000000000005684,-0.037499999999999645,0.5999999999999996,0.5124999999999886,-0.9625,0.11249999999999982,0.7250000000000001,0.7,0.0625,0.4625000000000057
-73326.38750000001,182935.05000000005,5916.550000000003,143074.3,15911.5,10551.924999999988,162923.65,-4104.887500000012,149251.525,70437.42499999999,0.375,-0.11250000000000004,1.0250000000000057,-0.037499999999999645,-0.40000000000000036,0.5124999999999886,0.0375,0.11249999999999982,-0.2749999999999999,0.7,0.0625,-0.5374999999999943
-73118.38750000001,182809.05000000005,6011.550000000003,143565.3,16265.5,10394.924999999988,162867.65,-4094.8875000000116,149342.525,70496.42499999999,0.375,0.8875,0.025000000000005684,-0.037499999999999645,-0.40000000000000036,0.5124999999999886,0.0375,0.11249999999999982,0.7250000000000001,0.7,0.0625,-0.5374999999999943
-73257.38750000001,182712.05000000005,6048.550000000003,143918.3,16497.5,10266.924999999988,162558.65,-4092.8875000000116,148977.525,70139.42499999999,-0.625,0.8875,0.025000000000005684,-0.037499999999999645,-0.40000000000000036,-0.48750000000001137,0.0375,0.11249999999999982,-0.2749999999999999,-0.30000000000000004,0.0625,0.4625000000000057
-73195.38750000001,182992.05000000005,6082.550000000003,143943.3,16361.5,10393.924999999988,162308.65,-4018.8875000000116,148575.525,69836.42499999999,0.375,0.8875,0.025000000000005684,0.9625000000000004,0.5999999999999996,0.5124999999999886,0.0375,0.11249999999999982,0.7250000000000001,-0.30000000000000004,0.0625,0.4625000000000057
-73057.38750000001,182790.05000000005,6032.550000000003,144313.3,16450.5,10290.924999999988,162168.65,-4086.8875000000116,148818.525,69922.42499999999,-0.625,-0.11250000000000004,0.025000000000005684,-0.037499999999999645,0.5999999999999996,0.5124999999999886,0.0375,1.1124999999999998,-0.2749999999999999,-0.30000000000000004,0.0625,-0.5374999999999943
-73210.38750000001,182688.05000000005,5970.550000000003,144402.3,16540.5,10050.924999999988,162527.65,-4004.8875000000116,149467.525,70130.42499999999,-0.625,0.8875,0.025000000000005684,-0.037499999999999645,0.5999999999999996,-0.48750000000001137,0.0375,0.11249999999999982,-0.2749999999999999,-0.30000000000000004,0.0625,0.4625000000000057
-73299.38750000001,183045.05000000005,6087.550000000003,144226.3,16414.5,9983.924999999988,162563.65,-3924.8875000000116,149521.525,70043.42499999999,-0.625,0.8875,-0.9749999999999943,-0.037499999999999645,-0.40000000000000036,-0.48750000000001137,0.0375,-0.8875000000000002,-0.2749999999999999,-0.30000000000000004,0.0625,-0.5374999999999943
-73430.38750000001,183495.05000000005,6031.550000000003,144121.3,16252.5,9868.924999999988,162203.65,-3992.8875000000116,149421.525,69806.42499999999,-0.625,-0.11250000000000004,-0.9749999999999943,-1.0374999999999996,-0.40000000000000036,0.5124999999999886,0.0375,0.11249999999999982,-0.2749999999999999,-0.30000000000000004,0.0625,0.4625000000000057
-73526.38750000001,183459.05000000005,6028.550000000003,144142.3,16276.5,9815.924999999988,161795.65,-3937.8875000000116,149410.525,69778.42499999999,-0.625,-0.11250000000000004,1.0250000000000057,-1.0374999999999996,-0.40000000000000036,0.5124999999999886,0.0375,1.1124999999999998,-0.2749999999999999,-0.30000000000000004,1.0625,-0.5374999999999943
-73574.38750000001,183310.05000000005,6085.550000000003,143912.3,15897.5,9713.924999999988,161812.65,-3973.8875000000116,149611.525,69561.42499999999,-0.625,-0.11250000000000004,0.025000000000005684,-1.0374999999999996,-0.40000000000000036,0.5124999999999886,0.0375,0.11249999999999982,-0.2749999999999999,-0.30000000000000004,0.0625,0.4625000000000057
-73729.38750000001,183083.05000000005,6060.550000000003,143653.3,15776.5,9587.924999999988,161880.65,-4089.8875000000116,149562.525,69578.42499999999,-0.625,-0.11250000000000004,0.025000000000005684,-1.0374999999999996,-0.40000000000000036,0.5124999999999886,0.0375,0.11249999999999982,-0.2749999999999999,-0.30000000000000004,0.0625,0.4625000000000057
-73768.38750000001,183113.05000000005,5988.550000000003,143638.3,15937.5,9631.924999999988,161991.65,-4012.8875000000116,150146.525,69661.42499999999,-0.625,0.8875,0.025000000000005684,-0.037499999999999645,-0.40000000000000036,-0.48750000000001137,0.0375,-0.8875000000000002,-0.2749999999999999,-0.30000000000000004,0.0625,0.4625000000000057
-73676.38750000001,183306.05000000005,6069.550000000003,143864.3,15911.5,9500.924999999988,161899.65,-4101.887500000012,150207.525,69583.42499999999,-0.625,-0.11250000000000004,-0.9749999999999943,-1.0374999999999996,-0.40000000000000036,0.5124999999999886,0.0375,0.11249999999999982,-0.2749999999999999,-0.30000000000000004,0.0625,0.4625000000000057
-73758.38750000001,183437.05000000005,5985.550000000003,143919.3,15787.5,9539.924999999988,161674.65,-4013.8875000000116,150058.525,69576.42499999999,-0.625,-0.11250000000000004,1.0250000000000057,-1.0374999999999996,-0.40000000000000036,-0.48750000000001137,0.0375,0.11249999999999982,0.7250000000000001,-0.30000000000000004,0.0625,0.4625000000000057
-73881.38750000001,183493.05000000005,5906.550000000003,143738.3,15739.5,9491.924999999988,161682.65,-4039.8875000000116,149994.525,69515.42499999999,-0.625,-0.11250000000000004,0.025000000000005684,-0.037499999999999645,-0.40000000000000036,-0.48750000000001137,0.0375,0.11249999999999982,-0.2749999999999999,-0.30000000000000004,0.0625,-0.5374999999999943
-73863.38750000001,183387.05000000005,6051.550000000003,143768.3,15721.5,9534.924999999988,161763.65,-3980.8875000000116,150250.525,69573.42499999999,0.375,-0.11250000000000004,0.025000000000005684,-0.037499999999999645,-0.40000000000000036,0.5124999999999886,0.0375,0.11249999999999982,-0.2749999999999999,-0.30000000000000004,0.0625,0.4625000000000057
-73859.38750000001,183475.05000000005,6029.550000000003,143665.3,15739.5,9634.924999999988,161706.65,-4084.8875000000116,150522.525,69633.42499999999,-0.625,-0.11250000000000004,-0.9749999999999943,-0.037499999999999645,-1.4000000000000004,-0.48750000000001137,0.0375,0.11249999999999982,-0.2749999999999999,0.7,0.0625,0.4625000000000057
-73808.38750000001,183516.05000000005,5944.550000000003,143651.3,15769.5,9627.924999999988,161788.65,-4076.8875000000116,150441.525,69848.42499999999,0.375,-0.11250000000000004,-0.9749999999999943,-0.037499999999999645,-0.40000000000000036,-0.48750000000001137,0.0375,0.11249999999999982,-0.2749999999999999,-1.3,0.0625,0.4625000000000057
-73942.38750000001,183575.05000000005,5954.550000000003,143640.3,15595.5,9627.924999999988,161884.65,-3995.8875000000116,150330.525,69977.42499999999,0.375,-0.11250000000000004,0.025000000000005684,-0.037499999999999645,0.5999999999999996,0.5124999999999886,0.0375,0.11249999999999982,-0.2749999999999999,0.7,0.0625,-0.5374999999999943
-73784.38750000001,183527.05000000005,5961.550000000003,143679.3,15627.5,9867.924999999988,161929.65,-3898.8875000000116,150313.525,69837.42499999999,0.375,-0.11250000000000004,-0.9749999999999943,0.9625000000000004,0.5999999999999996,0.5124999999999886,0.0375,0.11249999999999982,-0.2749999999999999,0.7,0.0625,-0.5374999999999943
-73610.38750000001,183334.05000000005,5976.550000000003,143792.3,15656.5,9936.924999999988,161670.65,-3852.8875000000116,150183.525,69891.42499999999,-0.625,0.8875,1.0250000000000057,0.9625000000000004,-1.4000000000000004,0.5124999999999886,0.0375,0.11249999999999982,-0.2749999999999999,-0.30000000000000004,0.0625,-0.5374999999999943
-73766.38750000001,183408.05000000005,6004.550000000003,143672.3,15706.5,9925.924999999988,161472.65,-3959.8875000000116,150020.525,69887.42499999999,0.375,0.8875,0.025000000000005684,0.9625000000000004,-0.40000000000000036,-0.48750000000001137,0.0375,-0.8875000000000002,0.7250000000000001,-0.30000000000000004,0.0625,0.4625000000000057
-74047.38750000001,183704.05000000005,6054.550000000003,143791.3,15668.5,9861.924999999988,161379.65,-3893.8875000000116,149805.525,69771.42499999999,0.375,0.8875,1.0250000000000057,-0.037499999999999645,-0.40000000000000036,-0.48750000000001137,0.0375,0.11249999999999982,-0.2749999999999999,-0.30000000000000004,0.0625,-1.5374999999999943
-74089.38750000001,183779.05000000005,6050.550000000003,143785.3,15594.5,9714.924999999988,161397.65,-3986.8875000000116,149817.525,69644.42499999999,0.375,0.8875,-0.9749999999999943,-0.037499999999999645,0.5999999999999996,0.5124999999999886,0.0375,-0.8875000000000002,-0.2749999999999999,0.7,0.0625,-0.5374999999999943
-74331.38750000001,184000.05000000005,6086.550000000003,143722.3,15336.5,9718.924999999988,161365.65,-3951.8875000000116,149748.525,69422.42499999999,0.375,-0.11250000000000004,0.025000000000005684,-0.037499999999999645,0.5999999999999996,-0.48750000000001137,0.0375,0.11249999999999982,-0.2749999999999999,-0.30000000000000004,0.0625,0.4625000000000057
-74571.38750000001,183947.05000000005,6058.550000000003,143670.3,15088.5,9441.924999999988,161179.65,-4022.8875000000116,149624.525,69273.42499999999,-0.625,-0.11250000000000004,-0.9749999999999943,-0.037499999999999645,-0.40000000000000036,-0.48750000000001137,0.0375,0.11249999999999982,-0.2749999999999999,-0.30000000000000004,1.0625,-1.5374999999999943
-75031.38750000001,184146.05000000005,6063.550000000003,143859.3,15566.5,9367.924999999988,161028.65,-4030.8875000000116,149823.525,69235.42499999999,0.375,-0.11250000000000004,0.025000000000005684,-0.037499999999999645,-0.40000000000000036,-0.48750000000001137,0.0375,0.11249999999999982,-0.2749999999999999,-0.30000000000000004,0.0625,-0.5374999999999943
-75528.38750000001,183975.05000000005,6146.550000000003,144355.3,15857.5,9161.924999999988,160703.65,-3944.8875000000116,150946.525,69426.42499999999,-0.625,0.8875,0.025000000000005684,-0.037499999999999645,-0.40000000000000036,0.5124999999999886,0.0375,-0.8875000000000002,-1.275,0.7,0.0625,-0.5374999999999943
-75816.38750000001,183454.05000000005,6233.550000000003,144613.3,15862.5,9036.924999999988,159870.65,-3977.8875000000116,151515.525,69688.42499999999,0.375,-0.11250000000000004,-0.9749999999999943,-0.037499999999999645,-0.40000000000000036,0.5124999999999886,0.0375,0.11249999999999982,-0.2749999999999999,-0.30000000000000004,0.0625,-0.5374999999999943
-75819.38750000001,183381.05000000005,6160.550000000003,144160.3,15690.5,8974.924999999988,159957.65,-3992.8875000000116,151735.525,69637.42499999999,-0.625,0.8875,0.025000000000005684,-0.037499999999999645,0.5999999999999996,0.5124999999999886,0.0375,0.11249999999999982,-0.2749999999999999,-0.30000000000000004,0.0625,1.4625000000000057
-75698.38750000001,183552.05000000005,5866.550000000003,143805.3,15408.5,9068.924999999988,160322.65,-4085.8875000000116,151646.525,69628.42499999999,0.375,-0.11250000000000004,-0.9749999999999943,-0.037499999999999645,-0.40000000000000036,-0.48750000000001137,-0.9625,0.11249999999999982,0.7250000000000001,-0.30000000000000004,0.0625,0.4625000000000057
-74594.38750000001,183859.05000000005,5931.550000000003,143541.3,15369.5,9274.924999999988,160858.65,-4037.8875000000116,151598.525,69638.42499999999,0.375,-0.11250000000000004,1.0250000000000057,-0.037499999999999645,-0.40000000000000036,0.5124999999999886,0.0375,0.11249999999999982,-0.2749999999999999,-0.30000000000000004,0.0625,-0.5374999999999943
-74025.38750000001,184132.05000000005,5979.550000000003,143324.3,15450.5,9669.924999999988,161368.65,-3989.8875000000116,151335.525,69544.42499999999,-0.625,-0.11250000000000004,0.025000000000005684,-1.0374999999999996,0.5999999999999996,-0.48750000000001137,0.0375,0.11249999999999982,0.7250000000000001,-0.30000000000000004,0.0625,0.4625000000000057
-73938.38750000001,184278.05000000005,5981.550000000003,143041.3,15343.5,9590.924999999988,161701.65,-3972.8875000000116,150495.525,69592.42499999999,-0.625,-0.11250000000000004,1.0250000000000057,-0.037499999999999645,-0.40000000000000036,-0.48750000000001137,0.0375,0.11249999999999982,0.7250000000000001,-0.30000000000000004,0.0625,0.4625000000000057
-73833.38750000001,183769.05000000005,5953.550000000003,142921.3,15524.5,9738.924999999988,161789.65,-4076.8875000000116,150546.525,69699.42499999999,-0.625,-0.11250000000000004,0.025000000000005684,-1.0374999999999996,0.5999999999999996,-0.48750000000001137,0.0375,0.11249999999999982,-0.2749999999999999,-0.30000000000000004,0.0625,0.4625000000000057
-73437.38750000001,183332.05000000005,5886.550000000003,143207.3,15950.5,9713.924999999988,161568.65,-4194.887500000012,150631.525,69857.42499999999,0.375,-0.11250000000000004,-0.9749999999999943,-0.037499999999999645,0.5999999999999996,-0.48750000000001137,0.0375,-0.8875000000000002,-1.275,-0.30000000000000004,0.0625,-0.5374999999999943
-73379.38750000001,183317.05000000005,5906.550000000003,143094.3,16022.5,9611.924999999988,161829.65,-4078.8875000000116,150474.525,69964.42499999999,-0.625,0.8875,0.025000000000005684,-1.0374999999999996,-0.40000000000000036,-0.48750000000001137,-0.9625,-0.8875000000000002,0.7250000000000001,-0.30000000000000004,-0.9375,-0.5374999999999943
-73254.38750000001,183559.05000000005,5889.550000000003,143058.3,16004.5,9746.924999999988,162337.65,-3993.8875000000116,150194.525,69872.42499999999,0.375,-0.11250000000000004,-0.9749999999999943,-0.037499999999999645,-0.40000000000000036,-0.48750000000001137,0.0375,0.11249999999999982,0.7250000000000001,-0.30000000000000004,0.0625,0.4625000000000057
-73237.38750000001,183577.05000000005,5862.550000000003,143411.3,16381.5,9767.924999999988,162422.65,-3866.8875000000116,150148.525,70040.42499999999,0.375,-0.11250000000000004,0.025000000000005684,-0.037499999999999645,0.5999999999999996,0.5124999999999886,0.0375,0.11249999999999982,-0.2749999999999999,-0.30000000000000004,0.0625,0.4625000000000057
-73180.38750000001,183480.05000000005,5888.550000000003,143847.3,16282.5,9995.924999999988,162246.65,-3863.8875000000116,150175.525,70101.42499999999,-0.625,0.8875,0.025000000000005684,-0.037499999999999645,-0.40000000000000036,0.5124999999999886,0.0375,0.11249999999999982,0.7250000000000001,0.7,0.0625,-0.5374999999999943
-73077.38750000001,183312.05000000005,6001.550000000003,143905.3,16268.5,10106.924999999988,162016.65,-4100.887500000012,149885.525,70026.42499999999,0.375,-0.11250000000000004,1.0250000000000057,-0.037499999999999645,0.5999999999999996,-0.48750000000001137,0.0375,0.11249999999999982,0.7250000000000001,-0.30000000000000004,0.0625,0.4625000000000057
-73086.38750000001,183201.05000000005,6128.550000000003,143918.3,16412.5,10146.924999999988,162000.65,-4181.887500000012,149539.525,70188.42499999999,0.375,-0.11250000000000004,0.025000000000005684,-0.037499999999999645,-0.40000000000000036,-0.48750000000001137,0.0375,0.11249999999999982,-0.2749999999999999,-0.30000000000000004,0.0625,0.4625000000000057
-73270.38750000001,183426.05000000005,5982.550000000003,144151.3,16518.5,10301.924999999988,161996.65,-3921.8875000000116,149899.525,70138.42499999999,-0.625,-0.11250000000000004,-0.9749999999999943,-0.037499999999999645,-0.40000000000000036,-0.48750000000001137,0.0375,0.11249999999999982,-0.2749999999999999,0.7,0.0625,0.4625000000000057
-73353.38750000001,183596.05000000005,6116.550000000003,143851.3,16056.5,10301.924999999988,161685.65,-4024.8875000000116,149769.525,70070.42499999999,-0.625,0.8875,0.025000000000005684,-0.037499999999999645,0.5999999999999996,-0.48750000000001137,0.0375,0.11249999999999982,-0.2749999999999999,0.7,0.0625,-0.5374999999999943
-73554.38750000001,183768.05000000005,6129.550000000003,143736.3,15949.5,10242.924999999988,161270.65,-3865.8875000000116,149660.525,69914.42499999999,0.375,-0.11250000000000004,0.025000000000005684,-0.037499999999999645,0.5999999999999996,-0.48750000000001137,0.0375,0.11249999999999982,-0.2749999999999999,-0.30000000000000004,0.0625,0.4625000000000057
-73716.38750000001,183815.05000000005,6165.550000000003,143783.3,15789.5,9941.924999999988,160958.65,-3826.8875000000116,149830.525,69703.42499999999,0.375,0.8875,0.025000000000005684,0.9625000000000004,-0.40000000000000036,-0.48750000000001137,0.0375,0.11249999999999982,-0.2749999999999999,-0.30000000000000004,1.0625,-0.5374999999999943
-74021.38750000001,184137.05000000005,6149.550000000003,143801.3,15669.5,9863.924999999988,160955.65,-3828.8875000000116,150032.525,69768.42499999999,0.375,-0.11250000000000004,1.0250000000000057,-0.037499999999999645,-0.40000000000000036,1.5124999999999886,0.0375,-0.8875000000000002,-0.2749999999999999,-0.30000000000000004,0.0625,-0.5374999999999943
-74303.38750000001,184359.05000000005,6182.550000000003,143627.3,15587.5,9653.924999999988,161079.65,-3932.8875000000116,150289.525,69712.42499999999,-0.625,0.8875,0.025000000000005684,-0.037499999999999645,0.5999999999999996,0.5124999999999886,0.0375,0.11249999999999982,0.7250000000000001,-0.30000000000000004,0.0625,0.4625000000000057
-75003.38750000001,184570.05000000005,6137.550000000003,143857.3,15498.5,9362.924999999988,161195.65,-4063.8875000000116,151014.525,69731.42499999999,0.375,-0.11250000000000004,-0.9749999999999943,-0.037499999999999645,-0.40000000000000036,-0.48750000000001137,0.0375,0.11249999999999982,0.7250000000000001,-0.30000000000000004,-0.9375,0.4625000000000057
-75611.38750000001,184164.05000000005,6125.550000000003,144554.3,16044.5,8865.924999999988,160545.65,-3838.8875000000116,152073.525,70070.42499999999,0.375,-0.11250000000000004,-0.9749999999999943,0.9625000000000004,0.5999999999999996,-0.48750000000001137,0.0375,0.11249999999999982,-0.2749999999999999,-0.30000000000000004,0.0625,0.4625000000000057
-76153.38750000001,183244.05000000005,5993.550000000003,144578.3,16305.5,8729.924999999988,159238.65,-3876.8875000000116,152368.525,70361.42499999999,-0.625,0.8875,0.025000000000005684,-0.037499999999999645,-0.40000000000000036,-0.48750000000001137,-0.9625,0.11249999999999982,0.7250000000000001,-0.30000000000000004,0.0625,-0.5374999999999943
-76340.38750000001,182745.05000000005,6048.550000000003,144114.3,16009.5,8718.924999999988,158858.65,-3966.8875000000116,152012.525,70315.42499999999,-0.625,-0.11250000000000004,0.025000000000005684,-0.037499999999999645,-0.40000000000000036,-0.48750000000001137,0.0375,0.11249999999999982,0.7250000000000001,-0.30000000000000004,0.0625,-0.5374999999999943
-76206.38750000001,183054.05000000005,6076.550000000003,143498.3,15646.5,9028.924999999988,159677.65,-4124.887500000012,151668.525,70119.42499999999,-0.625,-0.11250000000000004,1.0250000000000057,-0.037499999999999645,-0.40000000000000036,0.5124999999999886,0.0375,0.11249999999999982,0.7250000000000001,-0.30000000000000004,0.0625,-0.5374999999999943
-74995.38750000001,183934.05000000005,6006.550000000003,143279.3,15603.5,9400.924999999988,160554.65,-3939.8875000000116,151573.525,70102.42499999999,0.375,-0.11250000000000004,1.0250000000000057,-0.037499999999999645,-0.40000000000000036,0.5124999999999886,0.0375,0.11249999999999982,-0.2749999999999999,0.7,0.0625,0.4625000000000057
-74147.38750000001,184392.05000000005,5993.550000000003,143166.3,15713.5,9626.924999999988,161192.65,-3943.8875000000116,150750.525,69967.42499999999,-0.625,-0.11250000000000004,0.025000000000005684,-0.037499999999999645,-0.40000000000000036,-0.48750000000001137,0.0375,0.11249999999999982,-0.2749999999999999,-0.30000000000000004,0.0625,-0.5374999999999943
-73663.38750000001,184681.05000000005,5866.550000000003,142419.3,15668.5,9713.924999999988,161621.65,-4031.8875000000116,150045.525,69652.42499999999,-0.625,-0.11250000000000004,-0.9749999999999943,-0.037499999999999645,-0.40000000000000036,0.5124999999999886,0.0375,0.11249999999999982,-0.2749999999999999,-0.30000000000000004,-0.9375,-0.5374999999999943
-73483.38750000001,184231.05000000005,5881.550000000003,142792.3,15830.5,9927.924999999988,161709.65,-4034.8875000000116,150057.525,69565.42499999999,0.375,-0.11250000000000004,0.025000000000005684,-0.037499999999999645,-0.40000000000000036,-0.48750000000001137,0.0375,0.11249999999999982,-0.2749999999999999,-0.30000000000000004,0.0625,0.4625000000000057
-73198.38750000001,183449.05000000005,6036.550000000003,143115.3,16035.5,9881.924999999988,161491.65,-4097.887500000012,150441.525,70010.42499999999,0.375,-0.11250000000000004,0.025000000000005684,-0.037499999999999645,-0.40000000000000036,0.5124999999999886,-0.9625,0.11249999999999982,0.7250000000000001,-0.30000000000000004,0.0625,0.4625000000000057
-73160.38750000001,183307.05000000005,6075.550000000003,142815.3,16112.5,9943.924999999988,161423.65,-3889.8875000000116,150411.525,70045.42499999999,0.375,-0.11250000000000004,0.025000000000005684,-0.037499999999999645,-0.40000000000000036,1.5124999999999886,0.0375,-0.8875000000000002,-0.2749999999999999,-0.30000000000000004,0.0625,0.4625000000000057
-73181.38750000001,183489.05000000005,5986.550000000003,142592.3,15982.5,10069.924999999988,162019.65,-3975.8875000000116,149919.525,69910.42499999999,0.375,-0.11250000000000004,0.025000000000005684,-0.037499999999999645,-0.40000000000000036,0.5124999999999886,0.0375,-0.8875000000000002,-0.2749999999999999,-0.30000000000000004,-0.9375,0.4625000000000057
-73080.38750000001,183723.05000000005,6022.550000000003,143037.3,16097.5,10135.924999999988,162033.65,-4006.8875000000116,150405.525,70177.42499999999,0.375,0.8875,-0.9749999999999943,-0.037499999999999645,-0.40000000000000036,0.5124999999999886,0.0375,0.11249999999999982,-0.2749999999999999,0.7,0.0625,-0.5374999999999943
-73185.38750000001,183689.05000000005,6031.550000000003,143546.3,16404.5,10092.924999999988,161863.65,-4108.887500000012,150453.525,70359.42499999999,0.375,-0.11250000000000004,0.025000000000005684,0.9625000000000004,-0.40000000000000036,0.5124999999999886,0.0375,0.11249999999999982,-0.2749999999999999,0.7,0.0625,-0.5374999999999943
-73179.38750000001,183465.05000000005,6108.550000000003,142931.3,16173.5,10095.924999999988,161686.65,-4089.8875000000116,150026.525,70207.42499999999,-0.625,-0.11250000000000004,0.025000000000005684,-1.0374999999999996,-0.40000000000000036,0.5124999999999886,0.0375,0.11249999999999982,-0.2749999999999999,-0.30000000000000004,0.0625,0.4625000000000057
-73228.38750000001,183487.05000000005,6058.550000000003,143017.3,16006.5,10240.924999999988,161458.65,-3956.8875000000116,149766.525,69862.42499999999,1.375,-0.11250000000000004,0.025000000000005684,-0.037499999999999645,0.5999999999999996,0.5124999999999886,0.0375,0.11249999999999982,0.7250000000000001,-0.30000000000000004,0.0625,0.4625000000000057
-73513.38750000001,183934.05000000005,5914.550000000003,143234.3,15845.5,10202.924999999988,161406.65,-4034.8875000000116,150666.525,70081.42499999999,0.375,-0.11250000000000004,0.025000000000005684,-0.037499999999999645,0.5999999999999996,-0.48750000000001137,0.0375,0.11249999999999982,-0.2749999999999999,-0.30000000000000004,0.0625,0.4625000000000057
-73681.38750000001,184337.05000000005,5984.550000000003,142856.3,15668.5,10129.924999999988,161117.65,-3974.8875000000116,150686.525,69901.42499999999,0.375,-0.11250000000000004,0.025000000000005684,-0.037499999999999645,0.5999999999999996,0.5124999999999886,0.0375,0.11249999999999982,-0.2749999999999999,0.7,0.0625,-0.5374999999999943
-75129.38750000001,184197.05000000005,6032.550000000003,142875.3,15516.5,9615.924999999988,160625.65,-3982.8875000000116,151137.525,70022.42499999999,-0.625,-0.11250000000000004,0.025000000000005684,-0.037499999999999645,-0.40000000000000036,-0.48750000000001137,0.0375,0.11249999999999982,0.7250000000000001,-0.30000000000000004,0.0625,-0.5374999999999943
-75848.38750000001,183951.05000000005,6191.550000000003,144240.3,15840.5,9205.924999999988,159910.65,-4154.887500000012,151932.525,70378.42499999999,-0.625,-0.11250000000000004,-0.9749999999999943,-0.037499999999999645,-0.40000000000000036,0.5124999999999886,0.0375,0.11249999999999982,0.7250000000000001,-0.30000000000000004,0.0625,-0.5374999999999943
-76347.38750000001,183261.05000000005,6213.550000000003,144731.3,16058.5,8853.924999999988,158935.65,-4182.887500000012,152633.525,70619.42499999999,-0.625,0.8875,1.0250000000000057,-1.0374999999999996,-0.40000000000000036,0.5124999999999886,0.0375,0.11249999999999982,-0.2749999999999999,-0.30000000000000004,0.0625,-0.5374999999999943
-76495.38750000001,182831.05000000005,5920.550000000003,144473.3,16117.5,8694.924999999988,158328.65,-4073.8875000000116,152244.525,70552.42499999999,0.375,-0.11250000000000004,-0.9749999999999943,-0.037499999999999645,-0.40000000000000036,-1.4875000000000114,0.0375,0.11249999999999982,-0.2749999999999999,-0.30000000000000004,0.0625,0.4625000000000057
-76192.38750000001,182726.05000000005,6036.550000000003,144078.3,15976.5,8762.924999999988,158452.65,-4127.887500000012,151904.525,70185.42499999999,-0.625,-0.11250000000000004,0.025000000000005684,-1.0374999999999996,-0.40000000000000036,0.5124999999999886,0.0375,0.11249999999999982,-0.2749999999999999,-0.30000000000000004,0.0625,0.4625000000000057
-75564.38750000001,182937.05000000005,6013.550000000003,143858.3,15871.5,9317.924999999988,159197.65,-4051.8875000000116,151701.525,70128.42499999999,0.375,0.8875,-0.9749999999999943,-0.037499999999999645,0.5999999999999996,0.5124999999999886,0.0375,0.11249999999999982,0.7250000000000001,-0.30000000000000004,0.0625,0.4625000000000057
-74880.38750000001,183922.05000000005,5965.550000000003,143542.3,15696.5,9829.924999999988,160006.65,-3972.8875000000116,151230.525,70012.42499999999,-0.625,-0.11250000000000004,0.025000000000005684,0.9625000000000004,-0.40000000000000036,-0.48750000000001137,0.0375,0.11249999999999982,-0.2749999999999999,-0.30000000000000004,0.0625,0.4625000000000057
-74068.38750000001,184271.05000000005,5940.550000000003,143015.3,15617.5,9889.924999999988,161391.65,-3987.8875000000116,150576.525,69744.42499999999,0.375,-0.11250000000000004,0.025000000000005684,-0.037499999999999645,-0.40000000000000036,-0.48750000000001137,0.0375,0.11249999999999982,0.7250000000000001,0.7,0.0625,-0.5374999999999943
-73331.38750000001,184184.05000000005,6047.550000000003,142682.3,15682.5,9807.924999999988,161392.65,-4018.8875000000116,149883.525,69736.42499999999,0.375,-0.11250000000000004,0.025000000000005684,-0.037499999999999645,-0.40000000000000036,-0.48750000000001137,0.0375,0.11249999999999982,-0.2749999999999999,-0.30000000000000004,0.0625,0.4625000000000057
-73161.38750000001,183734.05000000005,6042.550000000003,142894.3,15989.5,9928.924999999988,161092.65,-4064.8875000000116,150017.525,69861.42499999999,-0.625,-0.11250000000000004,-0.9749999999999943,-0.037499999999999645,-0.40000000000000036,-0.48750000000001137,0.0375,0.11249999999999982,-0.2749999999999999,-0.30000000000000004,0.0625,0.4625000000000057
-73064.38750000001,183338.05000000005,5914.550000000003,142766.3,16163.5,10085.924999999988,161019.65,-4042.8875000000116,150044.525,70088.42499999999,-0.625,-0.11250000000000004,0.025000000000005684,-0.037499999999999645,0.5999999999999996,0.5124999999999886,0.0375,0.11249999999999982,0.7250000000000001,-0.30000000000000004,0.0625,-0.5374999999999943
-73188.38750000001,183342.05000000005,6051.550000000003,142409.3,15982.5,10105.924999999988,161250.65,-4055.8875000000116,149945.525,69956.42499999999,-0.625,-0.11250000000000004,0.025000000000005684,-0.037499999999999645,-0.40000000000000036,-0.48750000000001137,0.0375,-0.8875000000000002,0.7250000000000001,-0.30000000000000004,0.0625,0.4625000000000057
-73330.38750000001,183689.05000000005,6016.550000000003,142426.3,15894.5,10074.924999999988,161289.65,-4013.8875000000116,149917.525,69997.42499999999,-0.625,-0.11250000000000004,-0.9749999999999943,-0.037499999999999645,-0.40000000000000036,0.5124999999999886,0.0375,0.11249999999999982,-0.2749999999999999,-0.30000000000000004,-0.9375,0.4625000000000057
-73373.38750000001,183779.05000000005,6058.550000000003,142904.3,15897.5,10027.924999999988,161269.65,-4115.887500000012,150268.525,70242.42499999999,-0.625,0.8875,0.025000000000005684,-0.037499999999999645,-0.40000000000000036,-0.48750000000001137,-0.9625,0.11249999999999982,-0.2749999999999999,0.7,0.0625,0.4625000000000057
-73376.38750000001,183814.05000000005,5981.550000000003,143083.3,15813.5,10198.924999999988,161191.65,-3901.8875000000116,150580.525,70194.42499999999,-0.625,0.8875,0.025000000000005684,-0.037499999999999645,-0.40000000000000036,-0.48750000000001137,0.0375,0.11249999999999982,-0.2749999999999999,-0.30000000000000004,0.0625,-0.5374999999999943
-73360.38750000001,183966.05000000005,5880.550000000003,142727.3,15677.5,10010.924999999988,160777.65,-3915.8875000000116,150313.525,69946.42499999999,-0.625,-0.11250000000000004,-0.9749999999999943,-0.037499999999999645,-0.40000000000000036,0.5124999999999886,0.0375,0.11249999999999982,0.7250000000000001,0.7,-0.9375,0.4625000000000057
