FPI,SPI,AI,SFI,FFI,FPD,SPD,AD,SFD,FFD,API_X,API_Y,API_Z,APD_X,APD_Y,APD_Z,AFD_X,AFD_Y,AFD_Z,AFI_X,AFI_Y,AFI_Z
8817.112499999988,462.55000000004657,6533.274999999994,397.5249999999942,8463.737499999988,-3002.8499999999767,-58.46249999999418,-4913.25,-10.087500000001455,14147.037500000006,0.5625,-0.38749999999999996,-0.16249999999999432,-0.15000000000000036,-0.33750000000000036,-1.0999999999999943,-0.7625,0.1499999999999999,0.6875,-0.32499999999999996,0.175,-0.23749999999999716
9034.112499999988,321.55000000004657,6555.274999999994,356.5249999999942,8653.737499999988,-2802.8499999999767,-373.4624999999942,-4881.25,31.912499999998545,14225.037500000006,-0.4375,0.6125,-1.1624999999999943,-1.1500000000000004,0.6624999999999996,-0.09999999999999432,0.2375,0.1499999999999999,-0.3125,-0.32499999999999996,1.175,-0.23749999999999716
9108.112499999988,192.55000000004657,6522.274999999994,201.52499999999418,8375.737499999988,-2673.8499999999767,-714.4624999999942,-4950.25,-42.087500000001455,14209.037500000006,-0.4375,-0.38749999999999996,0.8375000000000057,-0.15000000000000036,0.6624999999999996,-0.09999999999999432,0.2375,0.1499999999999999,-0.3125,0.675,0.175,-0.23749999999999716
9250.112499999988,85.55000000004657,6418.274999999994,116.52499999999418,8622.737499999988,-2543.8499999999767,-305.4624999999942,-5214.25,-487.08750000000146,14570.037500000006,0.5625,-0.38749999999999996,0.8375000000000057,0.8499999999999996,-0.33750000000000036,-1.0999999999999943,0.2375,0.1499999999999999,-0.3125,-0.32499999999999996,0.175,-0.23749999999999716
9221.112499999988,-89.44999999995343,6341.274999999994,183.52499999999418,8854.737499999988,-2578.8499999999767,-278.4624999999942,-5166.25,-454.08750000000146,14606.037500000006,0.5625,-0.38749999999999996,-0.16249999999999432,-0.15000000000000036,-0.33750000000000036,-0.09999999999999432,-0.7625,0.1499999999999999,-1.3125,0.675,-0.825,1.7625000000000028
9206.112499999988,140.55000000004657,6291.274999999994,212.52499999999418,8845.737499999988,-2594.8499999999767,-626.4624999999942,-5168.25,-309.08750000000146,14682.037500000006,0.5625,-0.38749999999999996,0.8375000000000057,-1.1500000000000004,-0.33750000000000036,-0.09999999999999432,-0.7625,0.1499999999999999,0.6875,-0.32499999999999996,0.175,-0.23749999999999716
9264.112499999988,14.550000000046566,6357.274999999994,-62.47500000000582,8884.737499999988,-2574.8499999999767,-1229.4624999999942,-5127.25,-267.08750000000146,14510.037500000006,-0.4375,-0.38749999999999996,0.8375000000000057,0.8499999999999996,-0.33750000000000036,-2.0999999999999943,0.2375,0.1499999999999999,0.6875,-0.32499999999999996,-0.825,-0.23749999999999716
9488.112499999988,-70.44999999995343,6296.274999999994,-92.47500000000582,8919.737499999988,-2736.8499999999767,-214.46249999999418,-4951.25,-199.08750000000146,14423.037500000006,0.5625,0.6125,-0.16249999999999432,0.8499999999999996,-1.3375000000000004,-0.09999999999999432,0.2375,-0.8500000000000001,0.6875,0.675,-0.825,0.7625000000000028
9268.112499999988,24.550000000046566,6091.274999999994,-140.47500000000582,8810.737499999988,-2487.8499999999767,-170.46249999999418,-4895.25,2.912499999998545,14425.037500000006,0.5625,-0.38749999999999996,0.8375000000000057,0.8499999999999996,-0.33750000000000036,-1.0999999999999943,0.2375,0.1499999999999999,-0.3125,0.675,0.175,0.7625000000000028
9048.112499999988,496.55000000004657,5976.274999999994,60.52499999999418,8824.737499999988,-2340.8499999999767,17.53750000000582,-5053.25,246.91249999999854,14444.037500000006,0.5625,-0.38749999999999996,-0.16249999999999432,-0.15000000000000036,-0.33750000000000036,-0.09999999999999432,-0.7625,0.1499999999999999,-0.3125,-0.32499999999999996,0.175,0.7625000000000028
9263.112499999988,189.55000000004657,6097.274999999994,227.52499999999418,8817.737499999988,-2520.8499999999767,117.53750000000582,-5118.25,260.91249999999854,14574.037500000006,0.5625,-0.38749999999999996,-0.16249999999999432,0.8499999999999996,-0.33750000000000036,-1.0999999999999943,-0.7625,0.1499999999999999,-0.3125,-0.32499999999999996,0.175,-0.23749999999999716
9176.112499999988,-36.449999999953434,6035.274999999994,340.5249999999942,8875.737499999988,-2702.8499999999767,-14.46249999999418,-5200.25,343.91249999999854,14575.037500000006,-0.4375,-0.38749999999999996,-0.16249999999999432,-0.15000000000000036,-0.33750000000000036,-0.09999999999999432,-0.7625,-0.8500000000000001,-0.3125,-0.32499999999999996,0.175,-0.23749999999999716
9066.112499999988,-180.44999999995343,6098.274999999994,466.5249999999942,8880.737499999988,-2722.8499999999767,334.5375000000058,-5180.25,321.91249999999854,14293.037500000006,-0.4375,-0.38749999999999996,-0.16249999999999432,-0.15000000000000036,-0.33750000000000036,-0.09999999999999432,-0.7625,0.1499999999999999,-0.3125,-0.32499999999999996,0.175,-0.23749999999999716
9216.112499999988,-113.44999999995343,6378.274999999994,319.5249999999942,8602.737499999988,-2532.8499999999767,261.5375000000058,-5195.25,358.91249999999854,14294.037500000006,-0.4375,0.6125,-0.16249999999999432,-0.15000000000000036,0.6624999999999996,0.9000000000000057,-0.7625,0.1499999999999999,0.6875,-0.32499999999999996,0.175,-0.23749999999999716
9308.112499999988,-101.44999999995343,6612.274999999994,380.5249999999942,8619.737499999988,-2747.8499999999767,160.53750000000582,-5041.25,458.91249999999854,14496.037500000006,-0.4375,0.6125,0.8375000000000057,-0.15000000000000036,-0.33750000000000036,-0.09999999999999432,0.2375,0.1499999999999999,-0.3125,-0.32499999999999996,0.175,-0.23749999999999716
9131.112499999988,78.55000000004657,6638.274999999994,552.5249999999942,8725.737499999988,-2822.8499999999767,110.53750000000582,-4888.25,667.9124999999985,14741.037500000006,-0.4375,0.6125,-0.16249999999999432,-0.15000000000000036,0.6624999999999996,-0.09999999999999432,-0.7625,-0.8500000000000001,-0.3125,-0.32499999999999996,0.175,-1.2374999999999972
8997.112499999988,114.55000000004657,6428.274999999994,667.5249999999942,8578.737499999988,-2786.8499999999767,211.53750000000582,-4964.25,605.9124999999985,14410.037500000006,-0.4375,0.6125,-0.16249999999999432,-0.15000000000000036,0.6624999999999996,0.9000000000000057,-0.7625,0.1499999999999999,-0.3125,-0.32499999999999996,0.175,1.7625000000000028
9059.112499999988,339.55000000004657,6632.274999999994,584.5249999999942,8579.737499999988,-2786.8499999999767,-144.46249999999418,-4996.25,586.9124999999985,14474.037500000006,-0.4375,0.6125,0.8375000000000057,-0.15000000000000036,0.6624999999999996,-0.09999999999999432,0.2375,-0.8500000000000001,0.6875,-0.32499999999999996,0.175,-1.2374999999999972
8877.112499999988,300.55000000004657,6855.274999999994,464.5249999999942,8535.737499999988,-2810.8499999999767,-45.46249999999418,-5038.25,515.9124999999985,14440.037500000006,-0.4375,-0.38749999999999996,-0.16249999999999432,-1.1500000000000004,0.6624999999999996,-0.09999999999999432,-0.7625,1.15,0.6875,-0.32499999999999996,0.175,0.7625000000000028
8981.112499999988,25.550000000046566,6619.274999999994,447.5249999999942,8273.737499999988,-2824.8499999999767,213.53750000000582,-5084.25,468.91249999999854,14445.037500000006,-0.4375,-0.38749999999999996,-0.16249999999999432,-0.15000000000000036,-0.33750000000000036,-0.09999999999999432,0.2375,0.1499999999999999,-0.3125,-0.32499999999999996,0.175,0.7625000000000028
9037.112499999988,150.55000000004657,6737.274999999994,518.5249999999942,8658.737499999988,-2786.8499999999767,701.5375000000058,-5133.25,556.9124999999985,14413.037500000006,-0.4375,0.6125,-0.16249999999999432,-0.15000000000000036,-0.33750000000000036,-0.09999999999999432,0.2375,-0.8500000000000001,0.6875,-0.32499999999999996,0.175,0.7625000000000028
9043.112499999988,584.5500000000466,6787.274999999994,613.5249999999942,8678.737499999988,-2736.8499999999767,59.53750000000582,-5054.25,432.91249999999854,14355.037500000006,-0.4375,0.6125,-0.16249999999999432,-0.15000000000000036,0.6624999999999996,0.9000000000000057,0.2375,0.1499999999999999,-0.3125,-0.32499999999999996,0.175,0.7625000000000028
8991.112499999988,619.5500000000466,6418.274999999994,372.5249999999942,8705.737499999988,-2797.8499999999767,-723.4624999999942,-5063.25,212.91249999999854,14296.037500000006,-0.4375,0.6125,-0.16249999999999432,-0.15000000000000036,-0.33750000000000036,-0.09999999999999432,-0.7625,0.1499999999999999,0.6875,-0.32499999999999996,-0.825,-0.23749999999999716
8895.112499999988,317.55000000004657,6384.274999999994,386.5249999999942,8697.737499999988,-2774.8499999999767,-21.46249999999418,-4998.25,204.91249999999854,14474.037500000006,-0.4375,-0.38749999999999996,-0.16249999999999432,-0.15000000000000036,-0.33750000000000036,-0.09999999999999432,0.2375,0.1499999999999999,-0.3125,0.675,0.175,-0.23749999999999716
9047.112499999988,-1.4499999999534339,6412.274999999994,316.5249999999942,8676.737499999988,-2611.8499999999767,-215.46249999999418,-5097.25,234.91249999999854,14396.037500000006,0.5625,-0.38749999999999996,-0.16249999999999432,-0.15000000000000036,-0.33750000000000036,0.9000000000000057,0.2375,0.1499999999999999,-0.3125,0.675,0.175,0.7625000000000028
9139.112499999988,-139.44999999995343,6514.274999999994,474.5249999999942,8671.737499999988,-2529.8499999999767,-41.46249999999418,-5130.25,130.91249999999854,14366.037500000006,-0.4375,-0.38749999999999996,0.8375000000000057,0.8499999999999996,0.6624999999999996,-0.09999999999999432,0.2375,0.1499999999999999,-0.3125,-0.32499999999999996,0.175,-1.2374999999999972
9073.112499999988,38.550000000046566,6400.274999999994,406.5249999999942,8767.737499999988,-2507.8499999999767,-314.4624999999942,-5103.25,-27.087500000001455,14335.037500000006,0.5625,-0.38749999999999996,0.8375000000000057,-0.15000000000000036,-0.33750000000000036,-0.09999999999999432,0.2375,-0.8500000000000001,-0.3125,0.675,0.175,-0.23749999999999716
9124.112499999988,209.55000000004657,6397.274999999994,336.5249999999942,8679.737499999988,-2665.8499999999767,-308.4624999999942,-5136.25,10.912499999998545,14667.037500000006,0.5625,-0.38749999999999996,-0.16249999999999432,0.8499999999999996,-0.33750000000000036,-0.09999999999999432,-0.7625,0.1499999999999999,-0.3125,-0.32499999999999996,0.175,0.7625000000000028
9219.112499999988,53.550000000046566,6332.274999999994,342.5249999999942,8671.737499999988,-2549.8499999999767,-75.46249999999418,-5076.25,247.91249999999854,14760.037500000006,0.5625,0.6125,-0.16249999999999432,0.8499999999999996,-0.33750000000000036,-0.09999999999999432,0.2375,0.1499999999999999,-0.3125,0.675,0.175,1.7625000000000028
9194.112499999988,-241.44999999995343,6227.274999999994,453.5249999999942,8738.737499999988,-2628.8499999999767,409.5375000000058,-5098.25,229.91249999999854,14485.037500000006,-0.4375,-0.38749999999999996,-0.16249999999999432,0.8499999999999996,-0.33750000000000036,-0.09999999999999432,-0.7625,0.1499999999999999,-0.3125,0.675,0.175,0.7625000000000028
8935.112499999988,59.550000000046566,6236.274999999994,222.52499999999418,8808.737499999988,-2532.8499999999767,394.5375000000058,-4989.25,387.91249999999854,14666.037500000006,1.5625,-0.38749999999999996,-0.16249999999999432,0.8499999999999996,-0.33750000000000036,-1.0999999999999943,0.2375,0.1499999999999999,-0.3125,-0.32499999999999996,-0.825,-1.2374999999999972
9038.112499999988,-22.449999999953434,6361.274999999994,280.5249999999942,8887.737499999988,-2591.8499999999767,-208.46249999999418,-5177.25,579.9124999999985,14700.037500000006,-0.4375,-0.38749999999999996,-1.1624999999999943,-0.15000000000000036,0.6624999999999996,-0.09999999999999432,0.2375,0.1499999999999999,-0.3125,-0.32499999999999996,0.175,-0.23749999999999716
9108.112499999988,67.55000000004657,6456.274999999994,251.52499999999418,8881.737499999988,-2641.8499999999767,-327.4624999999942,-5158.25,669.9124999999985,14775.037500000006,-0.4375,-0.38749999999999996,-0.16249999999999432,0.8499999999999996,-0.33750000000000036,0.9000000000000057,0.2375,0.1499999999999999,-0.3125,-0.32499999999999996,0.175,-0.23749999999999716
9087.112499999988,316.55000000004657,6367.274999999994,284.5249999999942,8930.737499999988,-2634.8499999999767,64.53750000000582,-5090.25,511.91249999999854,14709.037500000006,0.5625,-0.38749999999999996,0.8375000000000057,-0.15000000000000036,0.6624999999999996,-2.0999999999999943,-0.7625,0.1499999999999999,-0.3125,-0.32499999999999996,0.175,-0.23749999999999716
9141.112499999988,330.55000000004657,6242.274999999994,270.5249999999942,8791.737499999988,-2559.8499999999767,279.5375000000058,-5182.25,416.91249999999854,14558.037500000006,-0.4375,0.6125,-0.16249999999999432,-0.15000000000000036,0.6624999999999996,-1.0999999999999943,-0.7625,0.1499999999999999,0.6875,-0.32499999999999996,1.175,0.7625000000000028
9036.112499999988,28.550000000046566,6352.274999999994,315.5249999999942,8706.737499999988,-2631.8499999999767,-30.46249999999418,-4965.25,263.91249999999854,14348.037500000006,-0.4375,-0.38749999999999996,-0.16249999999999432,-0.15000000000000036,-0.33750000000000036,-0.09999999999999432,-0.7625,0.1499999999999999,-0.3125,-0.32499999999999996,0.175,-0.23749999999999716
9149.112499999988,42.550000000046566,6418.274999999994,28.52499999999418,8744.737499999988,-2697.8499999999767,-331.4624999999942,-5043.25,162.91249999999854,14351.037500000006,-0.4375,-0.38749999999999996,-1.1624999999999943,-0.15000000000000036,-0.33750000000000036,-0.09999999999999432,-0.7625,0.1499999999999999,-0.3125,-0.32499999999999996,0.175,-0.23749999999999716
9115.112499999988,-24.449999999953434,6595.274999999994,73.52499999999418,8714.737499999988,-2627.8499999999767,-389.4624999999942,-5101.25,234.91249999999854,14565.037500000006,-0.4375,-0.38749999999999996,-1.1624999999999943,-0.15000000000000036,0.6624999999999996,-0.09999999999999432,-0.7625,0.1499999999999999,-0.3125,0.675,0.175,0.7625000000000028
9069.112499999988,-154.44999999995343,6477.274999999994,96.52499999999418,8347.737499999988,-2794.8499999999767,-350.4624999999942,-5119.25,256.91249999999854,14454.037500000006,-0.4375,-0.38749999999999996,-0.16249999999999432,-0.15000000000000036,0.6624999999999996,-1.0999999999999943,0.2375,0.1499999999999999,-0.3125,-1.325,0.175,0.7625000000000028
8966.112499999988,244.55000000004657,6437.274999999994,133.52499999999418,8514.737499999988,-2847.8499999999767,201.53750000000582,-4863.25,71.91249999999854,14337.037500000006,-0.4375,0.6125,-0.16249999999999432,-0.15000000000000036,0.6624999999999996,-0.09999999999999432,0.2375,0.1499999999999999,-0.3125,-0.32499999999999996,0.175,-0.23749999999999716
8976.112499999988,558.5500000000466,6457.274999999994,47.52499999999418,8346.737499999988,-2849.8499999999767,-559.4624999999942,-4940.25,-9.087500000001455,14307.037500000006,-0.4375,-0.38749999999999996,0.8375000000000057,-0.15000000000000036,0.6624999999999996,-1.0999999999999943,0.2375,0.1499999999999999,0.6875,-0.32499999999999996,0.175,-0.23749999999999716
9063.112499999988,417.55000000004657,6503.274999999994,77.52499999999418,8570.737499999988,-2845.8499999999767,-224.46249999999418,-5081.25,-57.087500000001455,14118.037500000006,-0.4375,-0.38749999999999996,-0.16249999999999432,-0.15000000000000036,-0.33750000000000036,-0.09999999999999432,0.2375,0.1499999999999999,-0.3125,-0.32499999999999996,0.175,1.7625000000000028
9009.112499999988,229.55000000004657,6497.274999999994,-150.47500000000582,8703.737499999988,-2735.8499999999767,160.53750000000582,-5082.25,-303.08750000000146,14117.037500000006,-0.4375,0.6125,-0.16249999999999432,-1.1500000000000004,-0.33750000000000036,-0.09999999999999432,0.2375,0.1499999999999999,-0.3125,-0.32499999999999996,0.175,-0.23749999999999716
8897.112499999988,200.55000000004657,6509.274999999994,-466.4750000000058,8540.737499999988,-2782.8499999999767,-140.46249999999418,-5091.25,-457.08750000000146,14027.037500000006,-0.4375,-0.38749999999999996,-0.16249999999999432,0.8499999999999996,-0.33750000000000036,-1.0999999999999943,0.2375,0.1499999999999999,-0.3125,0.675,0.175,-1.2374999999999972
8946.112499999988,273.55000000004657,6403.274999999994,-456.4750000000058,8652.737499999988,-2778.8499999999767,86.53750000000582,-5155.25,-398.08750000000146,13976.037500000006,-0.4375,0.6125,-0.16249999999999432,-0.15000000000000036,0.6624999999999996,-0.09999999999999432,0.2375,0.1499999999999999,-0.3125,-0.32499999999999996,0.175,-0.23749999999999716
9244.112499999988,127.55000000004657,6536.274999999994,-372.4750000000058,8418.737499999988,-2705.8499999999767,122.53750000000582,-5025.25,-459.08750000000146,14077.037500000006,0.5625,0.6125,-0.16249999999999432,0.8499999999999996,-0.33750000000000036,-1.0999999999999943,0.2375,0.1499999999999999,-0.3125,0.675,0.175,-0.23749999999999716
9183.112499999988,-200.44999999995343,6461.274999999994,-392.4750000000058,8492.737499999988,-2782.8499999999767,-205.46249999999418,-5089.25,-308.08750000000146,14352.037500000006,0.5625,0.6125,-0.16249999999999432,-0.15000000000000036,-0.33750000000000036,-0.09999999999999432,0.2375,0.1499999999999999,0.6875,-0.32499999999999996,0.175,0.7625000000000028
8961.112499999988,326.55000000004657,6297.274999999994,-330.4750000000058,8519.737499999988,-2575.8499999999767,-67.46249999999418,-5077.25,-74.08750000000146,14589.037500000006,0.5625,-0.38749999999999996,-0.16249999999999432,-0.15000000000000036,-0.33750000000000036,-0.09999999999999432,0.2375,-0.8500000000000001,-0.3125,0.675,-0.825,0.7625000000000028
9160.112499999988,46.550000000046566,6232.274999999994,-199.47500000000582,8614.737499999988,-2656.8499999999767,121.53750000000582,-5077.25,92.91249999999854,14614.037500000006,-0.4375,-0.38749999999999996,-0.16249999999999432,0.8499999999999996,-0.33750000000000036,-0.09999999999999432,0.2375,0.1499999999999999,0.6875,-0.32499999999999996,0.175,-0.23749999999999716
9009.112499999988,189.55000000004657,6415.274999999994,-166.47500000000582,8589.737499999988,-2582.8499999999767,-159.46249999999418,-5088.25,306.91249999999854,14589.037500000006,0.5625,-0.38749999999999996,-0.16249999999999432,-0.15000000000000036,-0.33750000000000036,-0.09999999999999432,0.2375,0.1499999999999999,-0.3125,0.675,-0.825,0.7625000000000028
9159.112499999988,418.55000000004657,6386.274999999994,-191.47500000000582,8509.737499999988,-2584.8499999999767,165.53750000000582,-5041.25,253.91249999999854,14616.037500000006,0.5625,-0.38749999999999996,0.8375000000000057,0.8499999999999996,-0.33750000000000036,-0.09999999999999432,-0.7625,0.1499999999999999,-0.3125,-0.32499999999999996,-0.825,0.7625000000000028
9347.112499999988,314.55000000004657,6298.274999999994,-266.4750000000058,8625.737499999988,-2485.8499999999767,-376.4624999999942,-5054.25,315.91249999999854,14598.037500000006,-0.4375,-0.38749999999999996,-0.16249999999999432,-0.15000000000000036,-0.33750000000000036,-0.09999999999999432,-0.7625,0.1499999999999999,-0.3125,0.675,-0.825,-0.23749999999999716
9302.112499999988,44.550000000046566,6297.274999999994,-306.4750000000058,8553.737499999988,-2639.8499999999767,-759.4624999999942,-5087.25,233.91249999999854,14570.037500000006,-0.4375,-0.38749999999999996,-0.16249999999999432,-0.15000000000000036,0.6624999999999996,-0.09999999999999432,0.2375,0.1499999999999999,-0.3125,0.675,0.175,-0.23749999999999716
9250.112499999988,-101.44999999995343,6422.274999999994,-278.4750000000058,8438.737499999988,-2457.8499999999767,-729.4624999999942,-5056.25,309.91249999999854,14746.037500000006,0.5625,-0.38749999999999996,-0.16249999999999432,-0.15000000000000036,-0.33750000000000036,-0.09999999999999432,0.2375,0.1499999999999999,0.6875,0.675,0.175,-1.2374999999999972
9205.112499999988,16.550000000046566,6532.274999999994,-99.47500000000582,8775.737499999988,-2513.8499999999767,-112.46249999999418,-4950.25,326.91249999999854,14702.037500000006,-0.4375,-0.38749999999999996,-0.16249999999999432,-0.15000000000000036,0.6624999999999996,0.9000000000000057,0.2375,-0.8500000000000001,0.6875,-0.32499999999999996,-0.825,0.7625000000000028
9059.112499999988,-14.449999999953434,6551.274999999994,-35.47500000000582,8666.737499999988,-2651.8499999999767,351.5375000000058,-5059.25,359.91249999999854,14532.037500000006,-0.4375,-0.38749999999999996,-0.16249999999999432,-0.15000000000000036,0.6624999999999996,-0.09999999999999432,0.2375,1.15,-0.3125,0.675,0.175,-1.2374999999999972
9051.112499999988,105.55000000004657,6288.274999999994,-34.47500000000582,8530.737499999988,-2618.8499999999767,116.53750000000582,-5136.25,307.91249999999854,14388.037500000006,-0.4375,0.6125,-1.1624999999999943,-0.15000000000000036,0.6624999999999996,-0.09999999999999432,0.2375,-0.8500000000000001,0.6875,-0.32499999999999996,0.175,-0.23749999999999716
9084.112499999988,230.55000000004657,6172.274999999994,-147.47500000000582,8569.737499999988,-2614.8499999999767,89.53750000000582,-4970.25,316.91249999999854,14419.037500000006,-0.4375,0.6125,-0.16249999999999432,-0.15000000000000036,0.6624999999999996,0.9000000000000057,0.2375,0.1499999999999999,0.6875,-0.32499999999999996,0.175,-0.23749999999999716
9047.112499999988,311.55000000004657,6413.274999999994,-134.47500000000582,8704.737499999988,-2717.8499999999767,29.53750000000582,-4945.25,281.91249999999854,14585.037500000006,-0.4375,-0.38749999999999996,0.8375000000000057,-0.15000000000000036,-0.33750000000000036,0.9000000000000057,-0.7625,-0.8500000000000001,-0.3125,-0.32499999999999996,0.175,-0.23749999999999716
9029.112499999988,252.55000000004657,6472.274999999994,15.52499999999418,8619.737499999988,-2872.8499999999767,-276.4624999999942,-4935.25,447.91249999999854,14433.037500000006,-0.4375,0.6125,-0.16249999999999432,-0.15000000000000036,0.6624999999999996,-0.09999999999999432,0.2375,0.1499999999999999,-0.3125,-0.32499999999999996,0.175,-1.2374999999999972
9019.112499999988,46.550000000046566,6571.274999999994,112.52499999999418,8604.737499999988,-2949.8499999999767,436.5375000000058,-4961.25,464.91249999999854,14610.037500000006,-0.4375,-0.38749999999999996,0.8375000000000057,-0.15000000000000036,0.6624999999999996,-0.09999999999999432,0.2375,0.1499999999999999,-0.3125,-0.32499999999999996,0.175,-0.23749999999999716
9014.112499999988,-127.44999999995343,6556.274999999994,30.52499999999418,8759.737499999988,-2758.8499999999767,339.5375000000058,-5074.25,468.91249999999854,14620.037500000006,-0.4375,0.6125,-1.1624999999999943,-0.15000000000000036,0.6624999999999996,-0.09999999999999432,0.2375,1.15,0.6875,-0.32499999999999996,0.175,-0.23749999999999716
9091.112499999988,289.55000000004657,6460.274999999994,-23.47500000000582,8738.737499999988,-2806.8499999999767,-985.4624999999942,-5135.25,476.91249999999854,14333.037500000006,-0.4375,0.6125,0.8375000000000057,-0.15000000000000036,-0.33750000000000036,-0.09999999999999432,0.2375,0.1499999999999999,-0.3125,-0.32499999999999996,0.175,-1.2374999999999972
8953.112499999988,231.55000000004657,6480.274999999994,-152.47500000000582,8604.737499999988,-2853.8499999999767,-725.4624999999942,-5038.25,481.91249999999854,14269.037500000006,0.5625,-0.38749999999999996,-0.16249999999999432,-0.15000000000000036,-0.33750000000000036,-0.09999999999999432,0.2375,0.1499999999999999,-0.3125,-0.32499999999999996,-0.825,-0.23749999999999716
9026.112499999988,-19.449999999953434,6442.274999999994,-205.47500000000582,8537.737499999988,-2764.8499999999767,1.5375000000058208,-4948.25,311.91249999999854,14541.037500000006,-0.4375,-0.38749999999999996,-0.16249999999999432,-1.1500000000000004,0.6624999999999996,-0.09999999999999432,0.2375,0.1499999999999999,-0.3125,-0.32499999999999996,-0.825,-0.23749999999999716
9189.112499999988,94.55000000004657,6501.274999999994,-162.47500000000582,8727.737499999988,-2709.8499999999767,220.53750000000582,-5124.25,186.91249999999854,14538.037500000006,-0.4375,0.6125,-0.16249999999999432,-0.15000000000000036,0.6624999999999996,-0.09999999999999432,0.2375,0.1499999999999999,-0.3125,-0.32499999999999996,0.175,-0.23749999999999716
9135.112499999988,311.55000000004657,6609.274999999994,-239.47500000000582,8791.737499999988,-2841.8499999999767,131.53750000000582,-5030.25,96.91249999999854,14366.037500000006,-0.4375,0.6125,-1.1624999999999943,-0.15000000000000036,0.6624999999999996,0.9000000000000057,0.2375,0.1499999999999999,-0.3125,-0.32499999999999996,-0.825,-1.2374999999999972
9071.112499999988,129.55000000004657,6373.274999999994,-402.4750000000058,8784.737499999988,-2655.8499999999767,607.5375000000058,-5099.25,33.912499999998545,14396.037500000006,0.5625,-0.38749999999999996,-0.16249999999999432,-0.15000000000000036,-0.33750000000000036,-0.09999999999999432,0.2375,0.1499999999999999,-0.3125,-0.32499999999999996,0.175,-0.23749999999999716
8990.112499999988,426.55000000004657,6213.274999999994,-169.47500000000582,8832.737499999988,-2679.8499999999767,360.5375000000058,-5197.25,166.91249999999854,14436.037500000006,-0.4375,0.6125,-0.16249999999999432,-0.15000000000000036,-0.33750000000000036,-0.09999999999999432,-0.7625,0.1499999999999999,-0.3125,-0.32499999999999996,0.175,0.7625000000000028
8992.112499999988,448.55000000004657,6158.274999999994,-231.47500000000582,8739.737499999988,-2598.8499999999767,485.5375000000058,-5096.25,148.91249999999854,14449.037500000006,-0.4375,-0.38749999999999996,-0.16249999999999432,-0.15000000000000036,-0.33750000000000036,0.9000000000000057,0.2375,0.1499999999999999,0.6875,0.675,0.175,0.7625000000000028
9141.112499999988,20.550000000046566,6414.274999999994,-185.47500000000582,8610.737499999988,-2690.8499999999767,-292.4624999999942,-5168.25,148.91249999999854,14441.037500000006,0.5625,0.6125,-0.16249999999999432,-0.15000000000000036,0.6624999999999996,-1.0999999999999943,0.2375,0.1499999999999999,-0.3125,0.675,0.175,-0.23749999999999716
9202.112499999988,188.55000000004657,6463.274999999994,-196.47500000000582,8759.737499999988,-2613.8499999999767,-725.4624999999942,-5147.25,191.91249999999854,14693.037500000006,0.5625,-0.38749999999999996,-0.16249999999999432,0.8499999999999996,-0.33750000000000036,-0.09999999999999432,0.2375,-0.8500000000000001,0.6875,-0.32499999999999996,-0.825,-0.23749999999999716
9159.112499999988,190.55000000004657,6306.274999999994,-184.47500000000582,8705.737499999988,-2732.8499999999767,-309.4624999999942,-5159.25,217.91249999999854,14716.037500000006,0.5625,-0.38749999999999996,0.8375000000000057,-0.15000000000000036,-0.33750000000000036,-1.0999999999999943,0.2375,0.1499999999999999,-0.3125,-0.32499999999999996,0.175,-0.23749999999999716
9270.112499999988,245.55000000004657,6221.274999999994,-54.47500000000582,8521.737499999988,-2678.8499999999767,-343.4624999999942,-5247.25,145.91249999999854,14877.037500000006,-0.4375,-0.38749999999999996,-0.16249999999999432,0.8499999999999996,-0.33750000000000036,-1.0999999999999943,0.2375,0.1499999999999999,-0.3125,0.675,0.175,0.7625000000000028
9296.112499999988,227.55000000004657,6201.274999999994,-19.47500000000582,8607.737499999988,-2610.8499999999767,-1319.4624999999942,-5331.25,170.91249999999854,14572.037500000006,-0.4375,-0.38749999999999996,-0.16249999999999432,0.8499999999999996,-0.33750000000000036,-0.09999999999999432,-0.7625,0.1499999999999999,-0.3125,0.675,-0.825,-0.23749999999999716
9190.112499999988,-230.44999999995343,6278.274999999994,87.52499999999418,8609.737499999988,-2650.8499999999767,-84.46249999999418,-5134.25,266.91249999999854,14474.037500000006,0.5625,0.6125,-0.16249999999999432,-0.15000000000000036,-0.33750000000000036,-0.09999999999999432,-0.7625,0.1499999999999999,0.6875,-0.32499999999999996,-0.825,-0.23749999999999716
9121.112499999988,-288.44999999995343,6335.274999999994,166.52499999999418,8789.737499999988,-2750.8499999999767,-150.46249999999418,-5137.25,288.91249999999854,14690.037500000006,-0.4375,-0.38749999999999996,-1.1624999999999943,0.8499999999999996,-0.33750000000000036,-0.09999999999999432,0.2375,0.1499999999999999,0.6875,-0.32499999999999996,0.175,-1.2374999999999972
9099.112499999988,-70.44999999995343,6310.274999999994,30.52499999999418,8817.737499999988,-2687.8499999999767,-457.4624999999942,-5124.25,253.91249999999854,14781.037500000006,0.5625,-0.38749999999999996,-0.16249999999999432,-0.15000000000000036,-0.33750000000000036,-0.09999999999999432,0.2375,0.1499999999999999,0.6875,-0.32499999999999996,0.175,-0.23749999999999716
9256.112499999988,233.55000000004657,6410.274999999994,-57.47500000000582,8693.737499999988,-2685.8499999999767,-567.4624999999942,-5217.25,365.91249999999854,14492.037500000006,-0.4375,0.6125,0.8375000000000057,-0.15000000000000036,0.6624999999999996,-0.09999999999999432,0.2375,0.1499999999999999,0.6875,-0.32499999999999996,0.175,-1.2374999999999972
9176.112499999988,221.55000000004657,6443.274999999994,216.52499999999418,8718.737499999988,-2600.8499999999767,-192.46249999999418,-4930.25,243.91249999999854,14712.037500000006,0.5625,-0.38749999999999996,-1.1624999999999943,-0.15000000000000036,0.6624999999999996,0.9000000000000057,0.2375,0.1499999999999999,-0.3125,-0.32499999999999996,0.175,-0.23749999999999716
9172.112499999988,181.55000000004657,6409.274999999994,367.5249999999942,8621.737499999988,-2743.8499999999767,-234.46249999999418,-5010.25,135.91249999999854,14638.037500000006,-0.4375,0.6125,0.8375000000000057,-0.15000000000000036,0.6624999999999996,-0.09999999999999432,0.2375,0.1499999999999999,-0.3125,-0.32499999999999996,0.175,-0.23749999999999716
9105.112499999988,29.550000000046566,6382.274999999994,364.5249999999942,8563.737499999988,-2674.8499999999767,-693.4624999999942,-5005.25,226.91249999999854,14479.037500000006,-0.4375,-0.38749999999999996,-0.16249999999999432,-0.15000000000000036,0.6624999999999996,-0.09999999999999432,0.2375,0.1499999999999999,-0.3125,-0.32499999999999996,0.175,-0.23749999999999716
9106.112499999988,94.55000000004657,6568.274999999994,170.52499999999418,8639.737499999988,-2724.8499999999767,98.53750000000582,-4962.25,157.91249999999854,14395.037500000006,-0.4375,-0.38749999999999996,-0.16249999999999432,-0.15000000000000036,-0.33750000000000036,-0.09999999999999432,0.2375,0.1499999999999999,-0.3125,-0.32499999999999996,0.175,-0.23749999999999716
9030.112499999988,298.55000000004657,6622.274999999994,235.52499999999418,8613.737499999988,-2649.8499999999767,448.5375000000058,-4897.25,169.91249999999854,14395.037500000006,-0.4375,-0.38749999999999996,-0.16249999999999432,-0.15000000000000036,-0.33750000000000036,-0.09999999999999432,-0.7625,0.1499999999999999,-0.3125,-1.325,0.175,-0.23749999999999716
9136.112499999988,-58.449999999953434,6449.274999999994,123.52499999999418,8641.737499999988,-2731.8499999999767,721.5375000000058,-4924.25,221.91249999999854,14302.037500000006,0.5625,-0.38749999999999996,-0.16249999999999432,-0.15000000000000036,-0.33750000000000036,-0.09999999999999432,0.2375,0.1499999999999999,0.6875,0.675,0.175,-1.2374999999999972
9183.112499999988,-114.44999999995343,6373.274999999994,-63.47500000000582,8447.737499999988,-2811.8499999999767,154.53750000000582,-4998.25,338.91249999999854,14409.037500000006,0.5625,-0.38749999999999996,0.8375000000000057,-0.15000000000000036,-0.33750000000000036,-1.0999999999999943,0.2375,0.1499999999999999,-0.3125,-0.32499999999999996,0.175,-0.23749999999999716
9001.112499999988,235.55000000004657,6343.274999999994,133.52499999999418,8657.737499999988,-2701.8499999999767,78.53750000000582,-5114.25,335.91249999999854,14237.037500000006,0.5625,-0.38749999999999996,0.8375000000000057,-0.15000000000000036,0.6624999999999996,-0.09999999999999432,0.2375,0.1499999999999999,-0.3125,-0.32499999999999996,0.175,-0.23749999999999716
8989.112499999988,323.55000000004657,6375.274999999994,103.52499999999418,8728.737499999988,-2681.8499999999767,313.5375000000058,-4991.25,277.91249999999854,14338.037500000006,0.5625,0.6125,-0.16249999999999432,-0.15000000000000036,-0.33750000000000036,1.9000000000000057,-0.7625,0.1499999999999999,0.6875,0.675,0.175,-0.23749999999999716
8788.112499999988,-134.44999999995343,6274.274999999994,-63.47500000000582,8916.737499999988,-2949.8499999999767,267.5375000000058,-5022.25,525.9124999999985,14805.037500000006,-0.4375,-0.38749999999999996,-2.1624999999999943,-1.1500000000000004,0.6624999999999996,-2.0999999999999943,0.2375,0.1499999999999999,-0.3125,0.675,0.175,-3.237499999999997
9777.112499999988,-1016.4499999999534,6166.274999999994,-905.4750000000058,8947.737499999988,-2466.8499999999767,-795.4624999999942,-4939.25,-12.087500000001455,14472.037500000006,0.5625,-0.38749999999999996,-0.16249999999999432,0.8499999999999996,-0.33750000000000036,2.9000000000000057,-0.7625,0.1499999999999999,-0.3125,-1.325,-0.825,0.7625000000000028
9655.112499999988,-518.4499999999534,6078.274999999994,-414.4750000000058,8707.737499999988,-2304.8499999999767,-630.4624999999942,-5038.25,-365.08750000000146,13787.037500000006,-1.4375,-0.38749999999999996,-0.16249999999999432,-0.15000000000000036,0.6624999999999996,2.9000000000000057,0.2375,0.1499999999999999,-0.3125,0.675,-1.825,0.7625000000000028
8698.112499999988,400.55000000004657,6356.274999999994,393.5249999999942,9092.737499999988,-3072.8499999999767,468.5375000000058,-5158.25,678.9124999999985,15004.037500000006,0.5625,-0.38749999999999996,-0.16249999999999432,0.8499999999999996,0.6624999999999996,0.9000000000000057,0.2375,0.1499999999999999,-0.3125,-0.32499999999999996,-0.825,-2.237499999999997
8975.112499999988,410.55000000004657,6252.274999999994,77.52499999999418,9055.737499999988,-2855.8499999999767,741.5375000000058,-5053.25,641.9124999999985,14971.037500000006,-1.4375,-2.3875,-1.1624999999999943,-1.1500000000000004,-0.33750000000000036,0.9000000000000057,0.2375,1.15,0.6875,0.675,0.175,-0.23749999999999716
9211.112499999988,-223.44999999995343,6012.274999999994,-189.47500000000582,8638.737499999988,-2280.8499999999767,191.53750000000582,-5074.25,-35.087500000001455,13961.037500000006,0.5625,-0.38749999999999996,3.8375000000000057,2.8499999999999996,0.6624999999999996,1.9000000000000057,-0.7625,0.1499999999999999,-0.3125,-0.32499999999999996,0.175,1.7625000000000028
9923.112499999988,-586.4499999999534,6027.274999999994,-644.4750000000058,8444.737499999988,-3041.8499999999767,-408.4624999999942,-5212.25,339.91249999999854,14600.037500000006,-0.4375,-0.38749999999999996,-1.1624999999999943,-0.15000000000000036,1.6624999999999996,-2.0999999999999943,-0.7625,0.1499999999999999,0.6875,0.675,1.175,-2.237499999999997
9124.112499999988,896.5500000000466,6283.274999999994,248.52499999999418,9503.737499999988,-3207.8499999999767,317.5375000000058,-5344.25,966.9124999999985,15457.037500000006,-0.4375,-1.3875,0.8375000000000057,-0.15000000000000036,-0.33750000000000036,0.9000000000000057,-0.7625,0.1499999999999999,-0.3125,1.675,-0.825,-0.23749999999999716
9746.112499999988,-23.449999999953434,6078.274999999994,-415.4750000000058,8260.737499999988,-2361.8499999999767,-74.46249999999418,-4977.25,201.91249999999854,14179.037500000006,0.5625,-0.38749999999999996,1.8375000000000057,1.8499999999999996,0.6624999999999996,2.9000000000000057,0.2375,-0.8500000000000001,0.6875,-0.32499999999999996,0.175,0.7625000000000028
8956.112499999988,-285.44999999995343,6343.274999999994,308.5249999999942,9241.737499999988,-2698.8499999999767,-197.46249999999418,-5053.25,1068.9124999999985,14175.037500000006,-0.4375,-1.3875,-2.1624999999999943,0.8499999999999996,0.6624999999999996,0.9000000000000057,0.2375,-0.8500000000000001,-0.3125,-0.32499999999999996,-0.825,-0.23749999999999716
8906.112499999988,295.55000000004657,6276.274999999994,349.5249999999942,8873.737499999988,-3193.8499999999767,16.53750000000582,-5099.25,628.9124999999985,14539.037500000006,0.5625,0.6125,-0.16249999999999432,-0.15000000000000036,0.6624999999999996,0.9000000000000057,0.2375,0.1499999999999999,-0.3125,-0.32499999999999996,0.175,0.7625000000000028
9621.112499999988,-361.44999999995343,6110.274999999994,-160.47500000000582,8268.737499999988,-2393.8499999999767,-452.4624999999942,-4976.25,454.91249999999854,14646.037500000006,-1.4375,-0.38749999999999996,2.8375000000000057,-0.15000000000000036,0.6624999999999996,1.9000000000000057,-0.7625,0.1499999999999999,0.6875,0.675,1.175,-0.23749999999999716
9053.112499999988,-134.44999999995343,6271.274999999994,94.52499999999418,8620.737499999988,-2761.8499999999767,-292.4624999999942,-5141.25,980.9124999999985,15050.037500000006,0.5625,-2.3875,-1.1624999999999943,1.8499999999999996,-0.33750000000000036,2.9000000000000057,0.2375,0.1499999999999999,-1.3125,-0.32499999999999996,0.175,1.7625000000000028
8651.112499999988,563.5500000000466,6476.274999999994,461.5249999999942,8738.737499999988,-2778.8499999999767,199.53750000000582,-5264.25,1240.9124999999985,15256.037500000006,-1.4375,0.6125,-0.16249999999999432,-1.1500000000000004,0.6624999999999996,1.9000000000000057,0.2375,0.1499999999999999,-0.3125,0.675,0.175,-2.237499999999997
9249.112499999988,-100.44999999995343,6421.274999999994,100.52499999999418,8683.737499999988,-2720.8499999999767,-419.4624999999942,-4757.25,891.9124999999985,14404.037500000006,0.5625,0.6125,0.8375000000000057,-0.15000000000000036,-0.33750000000000036,2.9000000000000057,0.2375,0.1499999999999999,-0.3125,-0.32499999999999996,-0.825,2.762500000000003
8702.112499999988,150.55000000004657,6389.274999999994,734.5249999999942,8857.737499999988,-3121.8499999999767,1004.5375000000058,-5271.25,1068.9124999999985,15222.037500000006,-1.4375,-0.38749999999999996,-2.1624999999999943,-1.1500000000000004,1.6624999999999996,-1.0999999999999943,0.2375,0.1499999999999999,-0.3125,1.675,1.175,-1.2374999999999972
10178.112499999988,-81.44999999995343,6296.274999999994,166.52499999999418,8579.737499999988,11759.150000000023,13284.537500000006,-5136.25,661.9124999999985,15082.037500000006,13.5625,43.6125,-18.162499999999994,-82.15,-15.3375,-27.099999999999994,0.2375,-1.85,-0.3125,-10.325,4.175,-16.237499999999997
21216.11249999999,227419.55000000005,14987.274999999994,2926.524999999994,7993.737499999988,330902.15,224244.5375,-7097.25,2430.9124999999985,14383.037500000006,13.5625,37.6125,-1.1624999999999943,13.85,19.6625,-17.099999999999994,0.2375,-0.8500000000000001,-0.3125,8.675,12.175,4.762500000000003
49275.11249999999,169041.55000000005,15034.274999999994,-1491.4750000000058,14398.737499999988,139803.15000000002,185643.5375,-3110.25,-1418.0875000000015,13358.037500000006,27.5625,4.6125,-20.162499999999994,-12.15,11.6625,36.900000000000006,0.2375,1.15,1.6875,-0.32499999999999996,3.175,-3.237499999999997
31270.11249999999,106424.55000000005,7853.274999999994,-916.4750000000058,17681.73749999999,102325.15000000002,143797.5375,-4143.25,-908.0875000000015,15060.037500000006,15.5625,20.6125,-2.1624999999999943,6.85,0.6624999999999996,-5.099999999999994,1.2375,-0.8500000000000001,2.6875,0.675,-5.825,-2.237499999999997
10471.112499999988,33479.55000000005,6582.274999999994,1172.5249999999942,16829.73749999999,112779.15000000002,113660.5375,-4471.25,-430.08750000000146,17074.037500000006,6.5625,14.6125,11.837500000000006,4.85,15.6625,4.900000000000006,-0.7625,-0.8500000000000001,-0.3125,4.675,1.175,-7.237499999999997
1147.1124999999884,2429.5500000000466,4899.274999999994,2346.524999999994,15035.737499999988,63420.15000000002,60935.537500000006,-4979.25,332.91249999999854,17051.037500000006,-18.4375,-0.38749999999999996,-33.162499999999994,-6.15,3.6624999999999996,-3.0999999999999943,0.2375,-0.8500000000000001,-0.3125,0.675,-0.825,2.762500000000003
11226.112499999988,8961.550000000047,3824.274999999994,-2134.475000000006,12307.737499999988,55253.15000000002,61661.537500000006,-3485.25,-3040.0875000000015,10522.037500000006,-3.4375,-27.3875,0.8375000000000057,19.85,13.6625,13.900000000000006,0.2375,1.15,0.6875,0.675,-1.825,23.762500000000003
20672.11249999999,59343.55000000005,5774.274999999994,412.5249999999942,14013.737499999988,71073.15000000002,117137.5375,-4851.25,-184.08750000000146,12299.037500000006,-1.4375,-6.3875,11.837500000000006,-7.15,-10.3375,11.900000000000006,1.2375,0.1499999999999999,0.6875,-2.325,1.175,15.762500000000003
15951.112499999988,109052.55000000005,8836.274999999994,2469.524999999994,15041.737499999988,90698.15000000002,169887.5375,-5136.25,1800.9124999999985,16774.037500000006,2.5625,-1.3875,-15.162499999999994,1.8499999999999996,-1.3375000000000004,2.9000000000000057,0.2375,0.1499999999999999,-0.3125,5.675,0.175,-2.237499999999997
30344.11249999999,143963.55000000005,11361.274999999994,929.5249999999942,11974.737499999988,90193.15000000002,179918.5375,-3619.25,1732.9124999999985,13375.037500000006,-0.4375,3.6125,-5.162499999999994,-2.1500000000000004,1.6624999999999996,3.9000000000000057,-0.7625,0.1499999999999999,-0.3125,0.675,1.175,-1.2374999999999972
24827.11249999999,107425.55000000005,8139.274999999994,-1803.4750000000058,11038.737499999988,90507.15000000002,179529.5375,-2022.25,-1076.0875000000015,11806.037500000006,-0.4375,-5.3875,6.837500000000006,0.8499999999999996,-0.33750000000000036,3.9000000000000057,0.2375,0.1499999999999999,1.6875,-1.325,-3.825,4.762500000000003
10374.112499999988,70322.55000000005,8487.274999999994,-701.4750000000058,14454.737499999988,88506.15000000002,165191.5375,-2741.25,1077.9124999999985,14657.037500000006,5.5625,8.6125,-8.162499999999994,-0.15000000000000036,-3.3375000000000004,-0.09999999999999432,-0.7625,-0.8500000000000001,0.6875,-1.325,-1.825,-12.237499999999997
5660.112499999988,57788.55000000005,8104.274999999994,1833.5249999999942,14136.737499999988,76317.15000000002,143692.5375,-3403.25,2480.9124999999985,16633.037500000006,0.5625,18.6125,-0.16249999999999432,0.8499999999999996,-2.3375000000000004,-6.099999999999994,0.2375,0.1499999999999999,-0.3125,2.675,-3.825,-5.237499999999997
11198.112499999988,63528.55000000005,6614.274999999994,-1769.4750000000058,11829.737499999988,82226.15000000002,150526.5375,-2714.25,-788.0875000000015,12749.037500000006,2.5625,-1.3875,2.8375000000000057,3.8499999999999996,0.6624999999999996,3.9000000000000057,0.2375,0.1499999999999999,0.6875,-0.32499999999999996,1.175,-0.23749999999999716
21942.11249999999,86569.55000000005,6754.274999999994,291.5249999999942,12052.737499999988,82814.15000000002,156385.5375,-3231.25,-907.0875000000015,11719.037500000006,-2.4375,-6.3875,11.837500000000006,-2.1500000000000004,-1.3375000000000004,4.900000000000006,0.2375,0.1499999999999999,0.6875,-2.325,2.175,-1.2374999999999972
25029.11249999999,104221.55000000005,8120.274999999994,1267.5249999999942,13402.737499999988,81927.15000000002,164132.5375,-3952.25,1763.9124999999985,15516.037500000006,-0.4375,-0.38749999999999996,-0.16249999999999432,-2.1500000000000004,1.6624999999999996,3.9000000000000057,0.2375,-0.8500000000000001,-0.3125,1.675,-0.825,0.7625000000000028
27113.11249999999,101727.55000000005,8685.274999999994,482.5249999999942,12343.737499999988,80326.15000000002,170777.5375,-3030.25,601.9124999999985,13791.037500000006,-0.4375,0.6125,-4.162499999999994,-2.1500000000000004,0.6624999999999996,-2.0999999999999943,-0.7625,0.1499999999999999,0.6875,-0.32499999999999996,3.175,-2.237499999999997
18583.11249999999,83738.55000000005,7011.274999999994,-866.4750000000058,11427.737499999988,73569.15000000002,165458.5375,-2608.25,-346.08750000000146,12554.037500000006,-2.4375,0.6125,5.837500000000006,1.8499999999999996,5.6625,-1.0999999999999943,0.2375,0.1499999999999999,0.6875,-2.325,0.175,0.7625000000000028
10990.112499999988,63782.55000000005,7179.274999999994,-912.4750000000058,12742.737499999988,67258.15000000002,157254.5375,-2677.25,272.91249999999854,13594.037500000006,0.5625,0.6125,-5.162499999999994,-1.1500000000000004,-1.3375000000000004,0.9000000000000057,-0.7625,0.1499999999999999,-0.3125,-0.32499999999999996,-0.825,1.7625000000000028
5886.112499999988,51746.55000000005,7416.274999999994,1082.5249999999942,13463.737499999988,61134.15000000002,159355.5375,-3116.25,2204.9124999999985,15884.037500000006,-4.4375,-7.3875,-4.162499999999994,-2.1500000000000004,3.6624999999999996,-0.09999999999999432,0.2375,-0.8500000000000001,-0.3125,-0.32499999999999996,2.175,-6.237499999999997
13646.112499999988,73866.55000000005,7336.274999999994,-641.4750000000058,11692.737499999988,55724.15000000002,172877.5375,-2920.25,985.9124999999985,13847.037500000006,-2.4375,-9.3875,9.837500000000006,0.8499999999999996,9.6625,9.900000000000006,0.2375,-0.8500000000000001,0.6875,-0.32499999999999996,-2.825,1.7625000000000028
17674.11249999999,95334.55000000005,8151.274999999994,-202.47500000000582,10591.737499999988,48198.15000000002,182248.5375,-2730.25,618.9124999999985,11631.037500000006,2.5625,10.6125,0.8375000000000057,-3.1500000000000004,-2.3375000000000004,11.900000000000006,0.2375,-0.8500000000000001,0.6875,1.675,1.175,3.762500000000003
16220.112499999988,102089.55000000005,9072.274999999994,926.5249999999942,11269.737499999988,43677.15000000002,195202.5375,-3292.25,1569.9124999999985,13701.037500000006,-0.4375,-4.3875,2.8375000000000057,-4.15,-12.3375,-0.09999999999999432,-0.7625,0.1499999999999999,0.6875,-1.325,3.175,-3.237499999999997
11254.112499999988,78124.55000000005,10051.274999999994,972.5249999999942,11463.737499999988,32820.15000000002,189147.5375,-2814.25,1170.9124999999985,14031.037500000006,8.5625,-16.3875,-33.162499999999994,7.85,3.6624999999999996,-20.099999999999994,0.2375,0.1499999999999999,-0.3125,1.675,1.175,-4.237499999999997
2322.1124999999884,37013.55000000005,6560.274999999994,98.52499999999418,11316.737499999988,20881.150000000023,160036.5375,-2406.25,510.91249999999854,13376.037500000006,-14.4375,-8.3875,30.837500000000006,9.85,-4.3375,-32.099999999999994,0.2375,0.1499999999999999,0.6875,-0.32499999999999996,3.175,-2.237499999999997
-3760.8875000000116,27056.550000000047,5429.274999999994,-511.4750000000058,12118.737499999988,17875.150000000023,156757.5375,-1923.25,-12.087500000001455,13936.037500000006,3.5625,-14.3875,4.837500000000006,-15.15,1.6624999999999996,16.900000000000006,0.2375,0.1499999999999999,-0.3125,-0.32499999999999996,1.175,2.762500000000003
2420.1124999999884,72410.55000000005,8040.274999999994,-431.4750000000058,11745.737499999988,20902.150000000023,171459.5375,-2740.25,827.9124999999985,13740.037500000006,2.5625,4.6125,-6.162499999999994,3.8499999999999996,3.6624999999999996,-31.099999999999994,0.2375,-0.8500000000000001,1.6875,-0.32499999999999996,2.175,-3.237499999999997
1488.1124999999884,94889.55000000005,8968.274999999994,1200.5249999999942,12516.737499999988,14571.150000000023,194619.5375,-3817.25,2317.9124999999985,15053.037500000006,-10.4375,-1.3875,21.837500000000006,-3.1500000000000004,6.6625,-35.099999999999994,0.2375,0.1499999999999999,-0.3125,7.675,-0.825,-5.237499999999997
-6282.887500000012,97852.55000000005,8995.274999999994,-569.4750000000058,12037.737499999988,7607.150000000023,172056.5375,-2476.25,-958.0875000000015,14701.037500000006,8.5625,1.6125,-3.1624999999999943,13.85,-0.33750000000000036,-21.099999999999994,-0.7625,0.1499999999999999,0.6875,-0.32499999999999996,-1.825,0.7625000000000028
-6482.887500000012,84845.55000000005,7763.274999999994,-861.4750000000058,10701.737499999988,5194.150000000023,179782.5375,-2481.25,-752.0875000000015,14379.037500000006,13.5625,11.6125,6.837500000000006,-16.15,-22.3375,39.900000000000006,0.2375,0.1499999999999999,0.6875,-0.32499999999999996,-0.825,-6.237499999999997
-14509.887500000012,81304.55000000005,7927.274999999994,1851.5249999999942,14147.737499999988,-2303.8499999999767,169885.5375,-3139.25,2041.9124999999985,16421.037500000006,-5.4375,1.6125,-0.16249999999999432,3.8499999999999996,11.6625,-11.099999999999994,0.2375,0.1499999999999999,-0.3125,-0.32499999999999996,1.175,2.762500000000003
-20038.88750000001,79540.55000000005,7792.274999999994,-339.4750000000058,11560.737499999988,599.1500000000233,200216.5375,-2895.25,279.91249999999854,12185.037500000006,-3.4375,-4.3875,0.8375000000000057,-0.15000000000000036,-1.3375000000000004,7.900000000000006,-0.7625,0.1499999999999999,0.6875,-0.32499999999999996,-1.825,7.762500000000003
-21254.88750000001,65494.55000000005,7462.274999999994,-535.4750000000058,13038.737499999988,-3372.8499999999767,175960.5375,-2800.25,864.9124999999985,13940.037500000006,3.5625,-1.3875,-12.162499999999994,-0.15000000000000036,11.6625,-5.099999999999994,0.2375,0.1499999999999999,0.6875,-0.32499999999999996,1.175,10.762500000000003
-23423.88750000001,61808.55000000005,7445.274999999994,393.5249999999942,13109.737499999988,-10580.849999999977,175953.5375,-3398.25,-151.08750000000146,14967.037500000006,2.5625,-0.38749999999999996,-8.162499999999994,13.85,1.6624999999999996,-15.099999999999994,0.2375,0.1499999999999999,0.6875,-2.325,4.175,9.762500000000003
-27169.88750000001,55050.55000000005,7618.274999999994,792.5249999999942,12977.737499999988,-16152.849999999977,179713.5375,-3309.25,734.9124999999985,14197.037500000006,-4.4375,8.6125,2.8375000000000057,-7.15,1.6624999999999996,1.9000000000000057,0.2375,0.1499999999999999,-0.3125,2.675,-5.825,11.762500000000003
-38227.88750000001,81424.55000000005,7628.274999999994,-934.4750000000058,13556.737499999988,-20255.849999999977,163341.5375,-3558.25,-5.087500000001455,15113.037500000006,10.5625,-0.38749999999999996,-15.162499999999994,11.85,4.6625,4.900000000000006,0.2375,0.1499999999999999,1.6875,-4.325,-5.825,3.762500000000003
-39460.88750000001,88558.55000000005,8203.274999999994,515.5249999999942,13430.737499999988,-25530.849999999977,182388.5375,-3600.25,-963.0875000000015,16142.037500000006,-10.4375,6.6125,17.837500000000006,4.85,-9.3375,12.900000000000006,0.2375,1.15,-0.3125,0.675,-3.825,-2.237499999999997
-46831.88750000001,87123.55000000005,8503.274999999994,401.5249999999942,12333.737499999988,-25666.849999999977,182550.5375,-3862.25,2094.9124999999985,15485.037500000006,8.5625,-12.3875,-10.162499999999994,-3.1500000000000004,-1.3375000000000004,40.900000000000006,-0.7625,1.15,-0.3125,0.675,3.175,-7.237499999999997
-35032.88750000001,63404.55000000005,6601.274999999994,-94.47500000000582,12118.737499999988,-25448.849999999977,170471.5375,-3004.25,65.91249999999854,13589.037500000006,4.5625,1.6125,14.837500000000006,11.85,-0.33750000000000036,23.900000000000006,-0.7625,1.15,-0.3125,1.675,5.175,6.762500000000003
-40666.88750000001,55320.55000000005,6594.274999999994,-591.4750000000058,12226.737499999988,-29375.849999999977,181597.5375,-3192.25,45.912499999998545,14430.037500000006,-2.4375,-12.3875,8.837500000000006,18.85,5.6625,1.9000000000000057,0.2375,-0.8500000000000001,1.6875,1.675,-1.825,-4.237499999999997
-64023.88750000001,83520.55000000005,8151.274999999994,316.5249999999942,12279.737499999988,-38719.84999999998,202216.5375,-4242.25,8.912499999998545,14337.037500000006,-0.4375,3.6125,-10.162499999999994,13.85,5.6625,12.900000000000006,0.2375,0.1499999999999999,0.6875,-2.325,8.175,3.762500000000003
-66908.88750000001,88012.55000000005,8635.274999999994,944.5249999999942,12758.737499999988,-29492.849999999977,199665.5375,-4571.25,2152.9124999999985,17144.037500000006,-3.4375,-19.3875,-5.162499999999994,10.85,0.6624999999999996,16.900000000000006,-0.7625,-0.8500000000000001,0.6875,4.675,1.175,1.7625000000000028
-66193.88750000001,84344.55000000005,8848.274999999994,-491.4750000000058,10829.737499999988,-32094.849999999977,184957.5375,-3679.25,-114.08750000000146,15500.037500000006,0.5625,-6.3875,-0.16249999999999432,12.85,0.6624999999999996,5.900000000000006,0.2375,0.1499999999999999,-0.3125,-4.325,4.175,-10.237499999999997
-59193.88750000001,73772.55000000005,7783.274999999994,-131.47500000000582,11265.737499999988,-31286.849999999977,171709.5375,-4486.25,-205.08750000000146,14620.037500000006,7.5625,-7.3875,-3.1624999999999943,6.85,1.6624999999999996,16.900000000000006,0.2375,0.1499999999999999,0.6875,4.675,4.175,3.762500000000003
-36202.88750000001,40054.55000000005,8099.274999999994,153.52499999999418,12161.737499999988,-32330.849999999977,140679.5375,-3896.25,795.9124999999985,15342.037500000006,-5.4375,-25.3875,6.837500000000006,-43.15,9.6625,4.900000000000006,-0.7625,0.1499999999999999,-0.3125,-0.32499999999999996,1.175,-6.237499999999997
-634.8875000000116,2478.5500000000466,5354.274999999994,376.5249999999942,13493.737499999988,-6426.849999999977,60185.537500000006,-10969.25,782.9124999999985,15941.037500000006,4.5625,-14.3875,-5.162499999999994,10.85,4.6625,3.9000000000000057,-0.7625,-0.8500000000000001,1.6875,-0.32499999999999996,-17.825,5.762500000000003
3535.1124999999884,423.55000000004657,8383.274999999994,-466.4750000000058,12125.737499999988,8542.150000000023,3643.537500000006,-14699.25,-1004.0875000000015,13646.037500000006,-1.4375,-3.3875,0.8375000000000057,-26.15,1.6624999999999996,-43.099999999999994,-0.7625,0.1499999999999999,0.6875,-2.325,-0.825,9.762500000000003
3506.1124999999884,470.55000000004657,9898.274999999994,30.52499999999418,12408.737499999988,15278.150000000023,10648.537500000006,-17426.25,1004.9124999999985,16342.037500000006,-71.4375,-38.3875,-132.1625,-20.15,-8.3375,343.9,-1.7625,1.15,-2.3125,-9.325,-0.825,-10.237499999999997
60955.11249999999,56843.55000000005,10776.274999999994,-2658.475000000006,8852.737499999988,212631.15000000002,175799.5375,-19571.25,792.9124999999985,16821.037500000006,-50.4375,22.6125,198.8375,-11.15,26.6625,26.900000000000006,1.2375,-1.85,-0.3125,-23.325,-3.825,30.762500000000003
110519.11249999999,296212.55000000005,22705.274999999994,2290.524999999994,1765.7374999999884,392768.15,287263.5375,-89665.25,3473.9124999999985,18102.037500000006,-50.4375,-9.3875,-36.162499999999994,-66.15,36.6625,55.900000000000006,1.2375,-3.85,2.6875,1.675,27.175,-28.237499999999997
139312.1125,330806.55000000005,27889.274999999994,3747.524999999994,9048.737499999988,183740.15000000002,221178.5375,-78423.25,2819.9124999999985,20289.037500000006,-7.4375,0.6125,27.837500000000006,62.85,5.6625,65.9,-0.7625,1.15,-3.3125,26.675,11.175,0.7625000000000028
90567.11249999999,289829.55000000005,27725.274999999994,-2840.475000000006,11791.737499999988,-34638.84999999998,178445.5375,-60031.25,255.91249999999854,9675.037500000006,14.5625,35.6125,-23.162499999999994,-9.15,3.6624999999999996,-20.099999999999994,2.2375,-1.85,2.6875,-25.325,10.175,-18.237499999999997
-21671.88750000001,252721.55000000005,43972.274999999994,-2048.475000000006,13889.737499999988,53637.15000000002,201658.5375,-49200.25,-7294.0875000000015,8240.037500000006,12.5625,0.6125,6.837500000000006,102.85,-37.3375,32.900000000000006,-0.7625,1.15,-0.3125,-31.325,5.175,-13.237499999999997
-57799.88750000001,200046.55000000005,28940.274999999994,2747.524999999994,4411.737499999988,45912.15000000002,156286.5375,-72516.25,8430.912499999999,23382.037500000006,-5.4375,-17.3875,-4.162499999999994,-76.15,-4.3375,90.9,-0.7625,0.1499999999999999,0.6875,26.675,-11.825,11.762500000000003
-9075.887500000012,149256.55000000005,21086.274999999994,3132.524999999994,7582.737499999988,119269.15000000002,123535.5375,-59226.25,3458.9124999999985,18972.037500000006,5.5625,-15.3875,-25.162499999999994,13.85,-36.3375,-26.099999999999994,-0.7625,0.1499999999999999,0.6875,-9.325,-4.825,-5.237499999999997
41703.11249999999,42310.55000000005,12676.274999999994,-2613.475000000006,21463.73749999999,-24189.849999999977,50805.537500000006,-52627.25,1895.9124999999985,12839.037500000006,16.5625,16.6125,15.837500000000006,2.8499999999999996,-5.3375,18.900000000000006,-0.7625,0.1499999999999999,-1.3125,-3.325,2.175,2.762500000000003
21270.11249999999,546.5500000000466,13342.274999999994,1162.5249999999942,9647.737499999988,-3974.8499999999767,2804.537500000006,-37881.25,-49.087500000001455,15660.037500000006,1.5625,-12.3875,-14.162499999999994,-1.1500000000000004,-1.3375000000000004,7.900000000000006,-0.7625,-0.8500000000000001,-1.3125,-5.325,0.175,-3.237499999999997
20665.11249999999,4134.550000000047,17947.274999999994,1491.5249999999942,9473.737499999988,-7530.849999999977,2802.537500000006,-25017.25,1934.9124999999985,17365.037500000006,-3.4375,17.6125,-2.1624999999999943,7.85,0.6624999999999996,-12.099999999999994,0.2375,0.1499999999999999,-1.3125,8.675,8.175,18.762500000000003
23392.11249999999,-1397.4499999999534,17480.274999999994,-546.4750000000058,12771.737499999988,-14580.849999999977,19.53750000000582,-23338.25,1068.9124999999985,17687.037500000006,0.5625,-38.3875,-84.1625,-4.15,40.6625,-58.099999999999994,0.2375,-0.8500000000000001,-0.3125,-14.325,2.175,-3.237499999999997
20022.11249999999,3624.5500000000466,15096.274999999994,13609.524999999994,14784.737499999988,-13332.849999999977,1739.5375000000058,-30558.25,-573.0875000000015,17695.037500000006,8.5625,-27.3875,-19.162499999999994,9.85,26.6625,-3.0999999999999943,0.2375,0.1499999999999999,-0.3125,0.675,-7.825,6.762500000000003
10172.112499999988,86976.55000000005,19437.274999999994,73030.525,32980.73749999999,11871.150000000023,225825.5375,-35396.25,45754.9125,26112.037500000006,13.5625,-3.3875,-13.162499999999994,12.85,-0.33750000000000036,-23.099999999999994,-0.7625,-0.8500000000000001,1.6875,5.675,-17.825,5.762500000000003
-1779.8875000000116,218838.55000000005,24064.274999999994,131797.525,38347.73749999999,85772.15000000002,244411.5375,-40923.25,127873.9125,70317.0375,-7.4375,16.6125,14.837500000000006,-26.15,-13.3375,46.900000000000006,0.2375,1.15,0.6875,-9.325,1.175,-5.237499999999997
-1443.8875000000116,222885.55000000005,22032.274999999994,229341.525,37009.73749999999,47717.15000000002,211661.5375,-32227.25,170916.9125,118995.0375,-4.4375,10.6125,23.837500000000006,-9.15,-14.3375,13.900000000000006,0.2375,-0.8500000000000001,2.6875,2.675,-5.825,-2.237499999999997
-12761.887500000012,285362.55000000005,25697.274999999994,212255.525,23475.73749999999,12993.150000000023,267416.5375,-13078.25,188061.9125,131042.0375,-9.4375,3.6125,20.837500000000006,16.85,1.6624999999999996,17.900000000000006,-0.7625,0.1499999999999999,0.6875,-12.325,2.175,-10.237499999999997
-31392.88750000001,264538.55000000005,25534.274999999994,173611.525,21449.73749999999,27924.150000000023,261876.5375,-14206.25,194029.9125,136071.0375,-2.4375,-5.3875,11.837500000000006,-11.15,16.6625,27.900000000000006,-0.7625,1.15,-0.3125,4.675,-6.825,3.762500000000003
-27869.88750000001,241744.55000000005,24245.274999999994,186857.525,27846.73749999999,26925.150000000023,225522.5375,-13176.25,182447.9125,128807.0375,3.5625,12.6125,-12.162499999999994,11.85,-7.3375,-13.099999999999994,0.2375,-0.8500000000000001,0.6875,-0.32499999999999996,-0.825,0.7625000000000028
-14699.887500000012,216578.55000000005,19075.274999999994,184640.525,10141.737499999988,17412.150000000023,221970.5375,-12194.25,159785.9125,114982.0375,8.5625,0.6125,-9.162499999999994,-3.1500000000000004,-6.3375,-0.09999999999999432,-0.7625,0.1499999999999999,-0.3125,-6.325,-2.825,6.762500000000003
-16718.88750000001,142859.55000000005,13326.274999999994,148048.525,13196.737499999988,17084.150000000023,99760.5375,-13550.25,119780.9125,82136.0375,9.5625,-0.38749999999999996,-22.162499999999994,-5.15,10.6625,2.9000000000000057,-0.7625,1.15,-1.3125,-1.325,1.175,0.7625000000000028
-6233.887500000012,127033.55000000005,11533.274999999994,145286.525,16185.737499999988,18769.150000000023,74035.5375,-13634.25,151755.9125,99294.0375,5.5625,5.6125,-8.162499999999994,11.85,-11.3375,-7.099999999999994,0.2375,0.1499999999999999,0.6875,9.675,-3.825,-3.237499999999997
-25132.88750000001,140536.55000000005,14118.274999999994,129308.525,10807.737499999988,15020.150000000023,105802.5375,-14039.25,143952.9125,82733.0375,6.5625,-4.3875,-21.162499999999994,2.8499999999999996,1.6624999999999996,-10.099999999999994,0.2375,0.1499999999999999,-0.3125,-5.325,5.175,-7.237499999999997
-42505.88750000001,199452.55000000005,19984.274999999994,171562.525,12546.737499999988,7945.150000000023,161745.5375,-12802.25,163087.9125,84835.0375,-6.4375,-4.3875,15.837500000000006,8.85,-1.3375000000000004,-15.099999999999994,-0.7625,0.1499999999999999,-0.3125,2.675,0.175,-3.237499999999997
-33669.88750000001,197498.55000000005,19992.274999999994,173539.525,16944.73749999999,5879.150000000023,178810.5375,-12943.25,166146.9125,86361.0375,3.5625,-0.38749999999999996,2.8375000000000057,14.85,-11.3375,-20.099999999999994,-0.7625,1.15,-0.3125,3.675,-3.825,3.762500000000003
-30908.88750000001,184732.55000000005,19400.274999999994,159952.525,12223.737499999988,3242.1500000000233,192619.5375,-11852.25,150275.9125,80762.0375,4.5625,4.6125,-8.162499999999994,-7.15,-11.3375,-6.099999999999994,0.2375,1.15,0.6875,0.675,1.175,6.762500000000003
-42860.88750000001,201185.55000000005,18913.274999999994,165886.525,19915.73749999999,11934.150000000023,188107.5375,-12685.25,150753.9125,81587.0375,3.5625,0.6125,-1.1624999999999943,-4.15,-5.3375,-7.099999999999994,0.2375,0.1499999999999999,-0.3125,-0.32499999999999996,1.175,-2.237499999999997
-39118.88750000001,181303.55000000005,18570.274999999994,182026.525,24696.73749999999,16328.150000000023,174112.5375,-13231.25,161356.9125,88561.0375,-0.4375,0.6125,0.8375000000000057,5.85,-5.3375,-19.099999999999994,0.2375,0.1499999999999999,-0.3125,3.675,-1.825,-3.237499999999997
-33556.88750000001,164452.55000000005,18081.274999999994,191571.525,25143.73749999999,17600.150000000023,166229.5375,-13192.25,167672.9125,93251.0375,-0.4375,-2.3875,2.8375000000000057,3.8499999999999996,0.6624999999999996,-7.099999999999994,-0.7625,0.1499999999999999,-1.3125,0.675,1.175,-4.237499999999997
-23053.88750000001,143063.55000000005,15970.274999999994,147753.525,12629.737499999988,18480.150000000023,143204.5375,-13283.25,135528.9125,80648.0375,-0.4375,0.6125,1.8375000000000057,-2.1500000000000004,-1.3375000000000004,-0.09999999999999432,-0.7625,0.1499999999999999,-0.3125,0.675,0.175,-2.237499999999997
-20276.88750000001,146263.55000000005,15879.274999999994,148474.525,13183.737499999988,17825.150000000023,138542.5375,-13055.25,135101.9125,73004.0375,0.5625,-2.3875,-1.1624999999999943,1.8499999999999996,-1.3375000000000004,-5.099999999999994,0.2375,-0.8500000000000001,-0.3125,-0.32499999999999996,-0.825,-0.23749999999999716
-19506.88750000001,156673.55000000005,16001.274999999994,156518.525,18623.73749999999,16917.150000000023,159539.5375,-12886.25,140776.9125,75465.0375,-0.4375,0.6125,4.837500000000006,-0.15000000000000036,0.6624999999999996,-0.09999999999999432,0.2375,0.1499999999999999,-0.3125,-0.32499999999999996,0.175,1.7625000000000028
-23173.88750000001,174917.55000000005,16495.274999999994,162291.525,20048.73749999999,16813.150000000023,165024.5375,-13007.25,148882.9125,80755.0375,1.5625,-1.3875,-5.162499999999994,-0.15000000000000036,0.6624999999999996,0.9000000000000057,-0.7625,0.1499999999999999,-0.3125,-1.325,-0.825,-0.23749999999999716
-22814.88750000001,183613.55000000005,17523.274999999994,160779.525,19181.73749999999,16594.150000000023,173136.5375,-12814.25,154279.9125,83215.0375,-2.4375,0.6125,1.8375000000000057,-1.1500000000000004,-0.33750000000000036,-2.0999999999999943,0.2375,0.1499999999999999,0.6875,1.675,1.175,-2.237499999999997
-18210.88750000001,178786.55000000005,17913.274999999994,156565.525,17621.73749999999,14099.150000000023,175281.5375,-12292.25,153457.9125,81280.0375,-1.4375,-1.3875,1.8375000000000057,-0.15000000000000036,-0.33750000000000036,-0.09999999999999432,0.2375,-0.8500000000000001,-0.3125,-0.32499999999999996,-0.825,-0.23749999999999716
-15957.887500000012,184868.55000000005,18253.274999999994,147776.525,14391.737499999988,7985.150000000023,174920.5375,-11937.25,143486.9125,76888.0375,1.5625,-0.38749999999999996,-2.1624999999999943,-1.1500000000000004,0.6624999999999996,0.9000000000000057,0.2375,0.1499999999999999,0.6875,0.675,0.175,-0.23749999999999716
-14845.887500000012,186260.55000000005,18475.274999999994,149147.525,15045.737499999988,7393.150000000023,173438.5375,-12270.25,141801.9125,74356.0375,-0.4375,-0.38749999999999996,-0.16249999999999432,-1.1500000000000004,-0.33750000000000036,0.9000000000000057,-0.7625,-0.8500000000000001,-0.3125,-1.325,-0.825,-0.23749999999999716
-12566.887500000012,178136.55000000005,18315.274999999994,152741.525,18983.73749999999,7167.150000000023,165581.5375,-12163.25,145430.9125,75054.0375,0.5625,-0.38749999999999996,-1.1624999999999943,-1.1500000000000004,0.6624999999999996,-0.09999999999999432,0.2375,0.1499999999999999,0.6875,-0.32499999999999996,0.175,0.7625000000000028
-10745.887500000012,173944.55000000005,18415.274999999994,145725.525,16707.73749999999,6528.150000000023,164474.5375,-11913.25,145278.9125,75392.0375,-1.4375,0.6125,1.8375000000000057,-1.1500000000000004,-0.33750000000000036,-0.09999999999999432,0.2375,0.1499999999999999,-0.3125,-0.32499999999999996,0.175,-1.2374999999999972
-10519.887500000012,178908.55000000005,18618.274999999994,141571.525,16136.737499999988,5885.150000000023,165920.5375,-12055.25,146377.9125,76055.0375,0.5625,0.6125,-1.1624999999999943,-0.15000000000000036,-0.33750000000000036,-0.09999999999999432,0.2375,0.1499999999999999,-0.3125,-0.32499999999999996,0.175,-0.23749999999999716
-11931.887500000012,183957.55000000005,18513.274999999994,145150.525,18025.73749999999,5581.150000000023,166058.5375,-12074.25,149278.9125,77615.0375,-0.4375,0.6125,0.8375000000000057,-0.15000000000000036,-0.33750000000000036,-0.09999999999999432,0.2375,0.1499999999999999,0.6875,-0.32499999999999996,0.175,-0.23749999999999716
-12312.887500000012,186081.55000000005,18564.274999999994,149531.525,19637.73749999999,5353.150000000023,165490.5375,-12218.25,149171.9125,79024.0375,-0.4375,-0.38749999999999996,-0.16249999999999432,0.8499999999999996,-0.33750000000000036,-0.09999999999999432,0.2375,0.1499999999999999,-0.3125,0.675,-0.825,-1.2374999999999972
-11542.887500000012,184279.55000000005,18286.274999999994,142974.525,18765.73749999999,5463.150000000023,164705.5375,-12138.25,147534.9125,78371.0375,0.5625,-0.38749999999999996,-2.1624999999999943,-1.1500000000000004,0.6624999999999996,-1.0999999999999943,0.2375,0.1499999999999999,0.6875,-0.32499999999999996,0.175,-0.23749999999999716
-10497.887500000012,180633.55000000005,18212.274999999994,141759.525,17023.73749999999,5643.150000000023,163735.5375,-12116.25,147657.9125,78737.0375,-0.4375,0.6125,0.8375000000000057,0.8499999999999996,-0.33750000000000036,-0.09999999999999432,-0.7625,0.1499999999999999,-1.3125,-0.32499999999999996,-0.825,0.7625000000000028
-10319.887500000012,178203.55000000005,18274.274999999994,143720.525,17620.73749999999,5295.150000000023,163641.5375,-12129.25,149041.9125,79280.0375,0.5625,-0.38749999999999996,-0.16249999999999432,-0.15000000000000036,-0.33750000000000036,0.9000000000000057,-0.7625,0.1499999999999999,-0.3125,-0.32499999999999996,0.175,0.7625000000000028
-11456.887500000012,179192.55000000005,18344.274999999994,146657.525,18287.73749999999,4691.150000000023,165589.5375,-12047.25,146618.9125,78183.0375,0.5625,-0.38749999999999996,-1.1624999999999943,-0.15000000000000036,-0.33750000000000036,-1.0999999999999943,0.2375,0.1499999999999999,-0.3125,-0.32499999999999996,0.175,-0.23749999999999716
-12348.887500000012,181985.55000000005,18373.274999999994,148817.525,18468.73749999999,4185.150000000023,167637.5375,-12142.25,144767.9125,76638.0375,-0.4375,-0.38749999999999996,-0.16249999999999432,0.8499999999999996,-0.33750000000000036,-0.09999999999999432,0.2375,0.1499999999999999,0.6875,0.675,-0.825,-0.23749999999999716
-12513.887500000012,182229.55000000005,18415.274999999994,149490.525,17897.73749999999,3923.1500000000233,168391.5375,-12117.25,144215.9125,75572.0375,-0.4375,-0.38749999999999996,-0.16249999999999432,-0.15000000000000036,-0.33750000000000036,0.9000000000000057,0.2375,0.1499999999999999,0.6875,0.675,0.175,-1.2374999999999972
-12484.887500000012,173553.55000000005,18417.274999999994,149333.525,17526.73749999999,2739.1500000000233,168439.5375,-12157.25,144203.9125,75052.0375,0.5625,-0.38749999999999996,-0.16249999999999432,-0.15000000000000036,0.6624999999999996,0.9000000000000057,-0.7625,0.1499999999999999,0.6875,-0.32499999999999996,0.175,-0.23749999999999716
-12997.887500000012,172424.55000000005,18338.274999999994,152188.525,17379.73749999999,2303.1500000000233,169330.5375,-12102.25,144100.9125,75042.0375,1.5625,0.6125,-0.16249999999999432,-0.15000000000000036,0.6624999999999996,-0.09999999999999432,0.2375,-0.8500000000000001,-0.3125,-0.32499999999999996,0.175,0.7625000000000028
-13957.887500000012,174226.55000000005,18235.274999999994,153168.525,16831.73749999999,1830.1500000000233,170021.5375,-12104.25,140939.9125,74153.0375,-0.4375,0.6125,2.8375000000000057,0.8499999999999996,-0.33750000000000036,0.9000000000000057,-0.7625,0.1499999999999999,0.6875,0.675,0.175,-0.23749999999999716
-15126.887500000012,176322.55000000005,18266.274999999994,153437.525,15773.737499999988,1109.1500000000233,170169.5375,-12190.25,138867.9125,72923.0375,1.5625,-0.38749999999999996,0.8375000000000057,-1.1500000000000004,0.6624999999999996,1.9000000000000057,-0.7625,0.1499999999999999,-0.3125,-0.32499999999999996,0.175,-1.2374999999999972
-18533.88750000001,176811.55000000005,18232.274999999994,154682.525,15489.737499999988,250.15000000002328,171772.5375,-12340.25,138791.9125,72699.0375,0.5625,-0.38749999999999996,-0.16249999999999432,1.8499999999999996,-1.3375000000000004,-1.0999999999999943,0.2375,0.1499999999999999,-0.3125,0.675,0.175,-1.2374999999999972
-23106.88750000001,173740.55000000005,18061.274999999994,157981.525,16622.73749999999,-939.8499999999767,170446.5375,-12238.25,142115.9125,74144.0375,-0.4375,-0.38749999999999996,-1.1624999999999943,-1.1500000000000004,-0.33750000000000036,0.9000000000000057,-0.7625,0.1499999999999999,-0.3125,-0.32499999999999996,0.175,-0.23749999999999716
-24876.88750000001,166963.55000000005,17616.274999999994,162682.525,18217.73749999999,-1996.8499999999767,166098.5375,-12258.25,146556.9125,77448.0375,0.5625,-0.38749999999999996,-0.16249999999999432,-0.15000000000000036,-0.33750000000000036,0.9000000000000057,0.2375,0.1499999999999999,0.6875,-0.32499999999999996,0.175,0.7625000000000028
-27657.88750000001,160520.55000000005,17664.274999999994,165826.525,19641.73749999999,-2798.8499999999767,162156.5375,-12482.25,148855.9125,80316.0375,-0.4375,0.6125,-1.1624999999999943,-0.15000000000000036,0.6624999999999996,-1.0999999999999943,-0.7625,-0.8500000000000001,-0.3125,0.675,0.175,0.7625000000000028
-27392.88750000001,163506.55000000005,17482.274999999994,163235.525,18988.73749999999,-1985.8499999999767,163278.5375,-12562.25,144938.9125,77947.0375,0.5625,0.6125,-0.16249999999999432,-0.15000000000000036,-0.33750000000000036,0.9000000000000057,-0.7625,-0.8500000000000001,-0.3125,-0.32499999999999996,0.175,0.7625000000000028
-24430.88750000001,168249.55000000005,17706.274999999994,162066.525,18798.73749999999,-1055.8499999999767,165527.5375,-12497.25,144814.9125,77613.0375,-0.4375,-0.38749999999999996,0.8375000000000057,-1.1500000000000004,0.6624999999999996,0.9000000000000057,-0.7625,0.1499999999999999,-0.3125,-0.32499999999999996,0.175,0.7625000000000028
-20640.88750000001,169952.55000000005,17790.274999999994,159579.525,18392.73749999999,-1.849999999976717,168343.5375,-12376.25,144034.9125,76626.0375,-0.4375,-0.38749999999999996,0.8375000000000057,-0.15000000000000036,-0.33750000000000036,-1.0999999999999943,0.2375,1.15,-1.3125,-0.32499999999999996,0.175,-1.2374999999999972
-17501.88750000001,172996.55000000005,17737.274999999994,154895.525,17030.73749999999,947.1500000000233,170326.5375,-12193.25,142145.9125,75038.0375,-0.4375,0.6125,-0.16249999999999432,-0.15000000000000036,0.6624999999999996,-0.09999999999999432,-0.7625,0.1499999999999999,0.6875,-1.325,0.175,-1.2374999999999972
-13632.887500000012,178568.55000000005,18298.274999999994,153429.525,18286.73749999999,2611.1500000000233,170622.5375,-12333.25,143333.9125,74442.0375,0.5625,-0.38749999999999996,-1.1624999999999943,-0.15000000000000036,-1.3375000000000004,-1.0999999999999943,0.2375,0.1499999999999999,-0.3125,-0.32499999999999996,0.175,-0.23749999999999716
-12407.887500000012,176791.55000000005,18230.274999999994,151458.525,17840.73749999999,3204.1500000000233,170784.5375,-12242.25,144269.9125,75073.0375,-0.4375,-0.38749999999999996,0.8375000000000057,-1.1500000000000004,-0.33750000000000036,-0.09999999999999432,0.2375,0.1499999999999999,1.6875,-0.32499999999999996,0.175,-0.23749999999999716
-11901.887500000012,174193.55000000005,18130.274999999994,148959.525,17085.73749999999,3518.1500000000233,170058.5375,-12077.25,143532.9125,74625.0375,-0.4375,-0.38749999999999996,0.8375000000000057,-1.1500000000000004,-0.33750000000000036,0.9000000000000057,-0.7625,0.1499999999999999,-0.3125,-0.32499999999999996,0.175,0.7625000000000028
-12095.887500000012,173604.55000000005,18192.274999999994,148389.525,16624.73749999999,3191.1500000000233,168654.5375,-12202.25,142801.9125,74036.0375,0.5625,-0.38749999999999996,-0.16249999999999432,-0.15000000000000036,-0.33750000000000036,-1.0999999999999943,0.2375,0.1499999999999999,-0.3125,0.675,0.175,-0.23749999999999716
-12772.887500000012,175787.55000000005,18310.274999999994,151060.525,18208.73749999999,3148.1500000000233,168135.5375,-12124.25,142508.9125,74042.0375,0.5625,0.6125,-0.16249999999999432,-0.15000000000000036,-0.33750000000000036,-0.09999999999999432,-0.7625,1.15,0.6875,-0.32499999999999996,0.175,0.7625000000000028
-13160.887500000012,178410.55000000005,18227.274999999994,152867.525,18114.73749999999,2996.1500000000233,169077.5375,-12258.25,142470.9125,73969.0375,-0.4375,-0.38749999999999996,0.8375000000000057,0.8499999999999996,-0.33750000000000036,-0.09999999999999432,-0.7625,0.1499999999999999,-0.3125,-0.32499999999999996,0.175,-0.23749999999999716
-13341.887500000012,176245.55000000005,18389.274999999994,151995.525,17408.73749999999,2789.1500000000233,171017.5375,-12165.25,142656.9125,74196.0375,0.5625,0.6125,-1.1624999999999943,-0.15000000000000036,-0.33750000000000036,-0.09999999999999432,0.2375,0.1499999999999999,0.6875,-0.32499999999999996,0.175,-0.23749999999999716
-12937.887500000012,173853.55000000005,18351.274999999994,151223.525,16902.73749999999,2718.1500000000233,170528.5375,-11990.25,142876.9125,74469.0375,0.5625,0.6125,-1.1624999999999943,-0.15000000000000036,-0.33750000000000036,-0.09999999999999432,0.2375,0.1499999999999999,-0.3125,-0.32499999999999996,0.175,0.7625000000000028
-13319.887500000012,173653.55000000005,18250.274999999994,152821.525,16918.73749999999,2475.1500000000233,169531.5375,-11894.25,142535.9125,74190.0375,0.5625,0.6125,-1.1624999999999943,-0.15000000000000036,0.6624999999999996,-0.09999999999999432,-0.7625,0.1499999999999999,0.6875,-0.32499999999999996,1.175,-0.23749999999999716
-14199.887500000012,174865.55000000005,18344.274999999994,153600.525,16803.73749999999,1954.1500000000233,169450.5375,-12001.25,141307.9125,73544.0375,0.5625,0.6125,-0.16249999999999432,-0.15000000000000036,0.6624999999999996,-0.09999999999999432,-0.7625,0.1499999999999999,0.6875,0.675,0.175,-0.23749999999999716
-16243.887500000012,176436.55000000005,18512.274999999994,153774.525,16468.73749999999,1351.1500000000233,170593.5375,-12091.25,139293.9125,72896.0375,0.5625,0.6125,-0.16249999999999432,-1.1500000000000004,-0.33750000000000036,0.9000000000000057,0.2375,0.1499999999999999,-0.3125,-0.32499999999999996,0.175,-0.23749999999999716
-19264.88750000001,176261.55000000005,18481.274999999994,155390.525,17170.73749999999,650.1500000000233,171601.5375,-12143.25,141046.9125,73082.0375,-0.4375,0.6125,-1.1624999999999943,0.8499999999999996,-0.33750000000000036,-1.0999999999999943,-0.7625,0.1499999999999999,-0.3125,0.675,0.175,-0.23749999999999716
-20902.88750000001,172192.55000000005,18072.274999999994,158377.525,17948.73749999999,41.15000000002328,170908.5375,-12093.25,143370.9125,76072.0375,0.5625,0.6125,-0.16249999999999432,0.8499999999999996,-0.33750000000000036,-1.0999999999999943,0.2375,0.1499999999999999,-0.3125,-0.32499999999999996,0.175,-0.23749999999999716
-22212.88750000001,167132.55000000005,17661.274999999994,160790.525,18345.73749999999,-1176.8499999999767,169645.5375,-12118.25,144574.9125,77138.0375,0.5625,-0.38749999999999996,-1.1624999999999943,-0.15000000000000036,0.6624999999999996,-0.09999999999999432,0.2375,-0.8500000000000001,-0.3125,0.675,-0.825,0.7625000000000028
-23778.88750000001,165328.55000000005,17619.274999999994,161263.525,18609.73749999999,-1466.8499999999767,165850.5375,-12280.25,144674.9125,77251.0375,-0.4375,0.6125,0.8375000000000057,-0.15000000000000036,-0.33750000000000036,-0.09999999999999432,0.2375,0.1499999999999999,-0.3125,-0.32499999999999996,0.175,-0.23749999999999716
-24819.88750000001,165754.55000000005,17635.274999999994,161809.525,18698.73749999999,-1723.8499999999767,165182.5375,-12376.25,145228.9125,77278.0375,-0.4375,-0.38749999999999996,0.8375000000000057,-0.15000000000000036,-1.3375000000000004,-0.09999999999999432,-0.7625,0.1499999999999999,-0.3125,-0.32499999999999996,0.175,-0.23749999999999716
-23659.88750000001,168182.55000000005,17755.274999999994,161951.525,18975.73749999999,-1345.8499999999767,166294.5375,-12385.25,145417.9125,77526.0375,-0.4375,0.6125,-0.16249999999999432,-0.15000000000000036,-0.33750000000000036,-0.09999999999999432,0.2375,0.1499999999999999,-0.3125,-0.32499999999999996,0.175,0.7625000000000028
-21249.88750000001,169229.55000000005,17712.274999999994,160111.525,18058.73749999999,-605.8499999999767,169367.5375,-12099.25,144624.9125,77216.0375,-0.4375,-0.38749999999999996,-0.16249999999999432,-0.15000000000000036,-0.33750000000000036,-0.09999999999999432,0.2375,0.1499999999999999,0.6875,-0.32499999999999996,0.175,-0.23749999999999716
-18971.88750000001,170967.55000000005,17656.274999999994,157138.525,17269.73749999999,106.15000000002328,170960.5375,-12075.25,142866.9125,76061.0375,-0.4375,-0.38749999999999996,0.8375000000000057,-1.1500000000000004,-0.33750000000000036,0.9000000000000057,0.2375,-0.8500000000000001,-0.3125,-0.32499999999999996,0.175,-0.23749999999999716
-17061.88750000001,172842.55000000005,17769.274999999994,154489.525,16764.73749999999,784.1500000000233,170571.5375,-12080.25,141125.9125,73802.0375,-0.4375,-0.38749999999999996,-0.16249999999999432,-0.15000000000000036,-0.33750000000000036,-1.0999999999999943,-0.7625,0.1499999999999999,-0.3125,-0.32499999999999996,0.175,0.7625000000000028
-14472.887500000012,175472.55000000005,18320.274999999994,154039.525,17103.73749999999,1628.1500000000233,169323.5375,-12190.25,140506.9125,73079.0375,-0.4375,-0.38749999999999996,-1.1624999999999943,-1.1500000000000004,-0.33750000000000036,-0.09999999999999432,0.2375,0.1499999999999999,-0.3125,-0.32499999999999996,0.175,-0.23749999999999716
-13822.887500000012,175585.55000000005,18281.274999999994,153355.525,17204.73749999999,1740.1500000000233,171816.5375,-12091.25,141101.9125,73340.0375,-0.4375,-0.38749999999999996,-0.16249999999999432,-0.15000000000000036,0.6624999999999996,-1.0999999999999943,0.2375,0.1499999999999999,-0.3125,-0.32499999999999996,0.175,-0.23749999999999716
-12994.887500000012,175483.55000000005,18162.274999999994,152820.525,16995.73749999999,1833.1500000000233,172377.5375,-12123.25,141450.9125,73811.0375,-0.4375,-0.38749999999999996,-0.16249999999999432,-0.15000000000000036,-0.33750000000000036,-0.09999999999999432,0.2375,0.1499999999999999,-0.3125,-0.32499999999999996,1.175,0.7625000000000028
-13100.887500000012,174592.55000000005,18199.274999999994,152829.525,17151.73749999999,2159.1500000000233,171663.5375,-12174.25,141530.9125,73952.0375,0.5625,0.6125,0.8375000000000057,-0.15000000000000036,0.6624999999999996,0.9000000000000057,0.2375,-0.8500000000000001,-0.3125,-0.32499999999999996,0.175,-0.23749999999999716
-13312.887500000012,174048.55000000005,18379.274999999994,153147.525,17275.73749999999,2013.1500000000233,170214.5375,-12098.25,140997.9125,73314.0375,0.5625,0.6125,-0.16249999999999432,-0.15000000000000036,0.6624999999999996,-1.0999999999999943,-0.7625,0.1499999999999999,-0.3125,0.675,0.175,0.7625000000000028
-14119.887500000012,175195.55000000005,18376.274999999994,153372.525,17198.73749999999,1881.1500000000233,169852.5375,-11997.25,140104.9125,73154.0375,-0.4375,0.6125,1.8375000000000057,-0.15000000000000036,0.6624999999999996,-0.09999999999999432,-0.7625,0.1499999999999999,0.6875,0.675,0.175,-0.23749999999999716
-15382.887500000012,175263.55000000005,18059.274999999994,154433.525,16938.73749999999,1289.1500000000233,171003.5375,-12164.25,140679.9125,73451.0375,0.5625,0.6125,0.8375000000000057,-0.15000000000000036,-0.33750000000000036,-0.09999999999999432,-0.7625,0.1499999999999999,-0.3125,-0.32499999999999996,0.175,0.7625000000000028
-16775.88750000001,172813.55000000005,18005.274999999994,156174.525,17537.73749999999,1000.1500000000233,171813.5375,-12011.25,141851.9125,74109.0375,-0.4375,-0.38749999999999996,-0.16249999999999432,-1.1500000000000004,-0.33750000000000036,0.9000000000000057,0.2375,0.1499999999999999,-0.3125,-1.325,0.175,-0.23749999999999716
-18029.88750000001,170283.55000000005,17969.274999999994,157668.525,17636.73749999999,585.1500000000233,171237.5375,-12029.25,142517.9125,74624.0375,-0.4375,-0.38749999999999996,-1.1624999999999943,0.8499999999999996,-1.3375000000000004,-0.09999999999999432,0.2375,0.1499999999999999,0.6875,-0.32499999999999996,0.175,-0.23749999999999716
-20949.88750000001,169793.55000000005,17802.274999999994,157929.525,17499.73749999999,186.15000000002328,169282.5375,-12068.25,142084.9125,74632.0375,0.5625,0.6125,-0.16249999999999432,-0.15000000000000036,0.6624999999999996,-0.09999999999999432,0.2375,0.1499999999999999,-0.3125,-0.32499999999999996,1.175,0.7625000000000028
-21993.88750000001,169645.55000000005,17905.274999999994,158552.525,17795.73749999999,-522.8499999999767,167683.5375,-12305.25,141635.9125,74792.0375,0.5625,0.6125,0.8375000000000057,-1.1500000000000004,0.6624999999999996,-0.09999999999999432,0.2375,0.1499999999999999,-0.3125,0.675,0.175,-0.23749999999999716
-22386.88750000001,168584.55000000005,18030.274999999994,159682.525,18267.73749999999,-810.8499999999767,167054.5375,-12283.25,143490.9125,75994.0375,0.5625,-0.38749999999999996,-1.1624999999999943,-0.15000000000000036,0.6624999999999996,0.9000000000000057,-0.7625,0.1499999999999999,-0.3125,0.675,0.175,-1.2374999999999972
-22051.88750000001,168179.55000000005,17970.274999999994,160597.525,18650.73749999999,-786.8499999999767,168062.5375,-12312.25,143848.9125,76349.0375,0.5625,0.6125,-1.1624999999999943,-0.15000000000000036,0.6624999999999996,-0.09999999999999432,-0.7625,0.1499999999999999,0.6875,-0.32499999999999996,-0.825,-0.23749999999999716
-19721.88750000001,170249.55000000005,17918.274999999994,156492.525,17529.73749999999,511.1500000000233,170832.5375,-12016.25,142116.9125,75012.0375,0.5625,-0.38749999999999996,-0.16249999999999432,0.8499999999999996,-0.33750000000000036,-1.0999999999999943,0.2375,0.1499999999999999,-0.3125,0.675,-0.825,-0.23749999999999716
-17285.88750000001,173228.55000000005,18006.274999999994,155422.525,17095.73749999999,1200.1500000000233,169714.5375,-12233.25,140663.9125,73973.0375,0.5625,0.6125,-0.16249999999999432,-0.15000000000000036,0.6624999999999996,-0.09999999999999432,-0.7625,0.1499999999999999,-0.3125,-0.32499999999999996,0.175,-0.23749999999999716
-15571.887500000012,173762.55000000005,18139.274999999994,154842.525,17028.73749999999,1233.1500000000233,171226.5375,-12277.25,141156.9125,73762.0375,0.5625,0.6125,0.8375000000000057,-0.15000000000000036,-0.33750000000000036,-0.09999999999999432,-0.7625,0.1499999999999999,-0.3125,-0.32499999999999996,0.175,-0.23749999999999716
-15059.887500000012,173242.55000000005,18159.274999999994,154192.525,17313.73749999999,1420.1500000000233,172033.5375,-12252.25,141786.9125,74365.0375,-0.4375,-0.38749999999999996,-0.16249999999999432,-0.15000000000000036,-0.33750000000000036,-0.09999999999999432,0.2375,0.1499999999999999,-0.3125,-0.32499999999999996,0.175,-1.2374999999999972
-14997.887500000012,173057.55000000005,18174.274999999994,154364.525,17273.73749999999,1394.1500000000233,171849.5375,-12166.25,142041.9125,74221.0375,-0.4375,-0.38749999999999996,0.8375000000000057,-0.15000000000000036,-0.33750000000000036,-0.09999999999999432,0.2375,-0.8500000000000001,0.6875,-0.32499999999999996,0.175,-1.2374999999999972
-15297.887500000012,173010.55000000005,18141.274999999994,154721.525,17433.73749999999,1200.1500000000233,171324.5375,-12245.25,141646.9125,74069.0375,0.5625,0.6125,1.8375000000000057,-0.15000000000000036,-0.33750000000000036,-0.09999999999999432,-0.7625,0.1499999999999999,0.6875,-0.32499999999999996,0.175,-0.23749999999999716
-15986.887500000012,173182.55000000005,17896.274999999994,154988.525,17186.73749999999,1066.1500000000233,170610.5375,-12108.25,141069.9125,73728.0375,-0.4375,-0.38749999999999996,-1.1624999999999943,-0.15000000000000036,0.6624999999999996,-0.09999999999999432,-0.7625,0.1499999999999999,-0.3125,0.675,-0.825,0.7625000000000028
-16973.88750000001,172680.55000000005,17892.274999999994,155824.525,17232.73749999999,798.1500000000233,170002.5375,-12099.25,141384.9125,73695.0375,-0.4375,0.6125,-0.16249999999999432,-1.1500000000000004,-0.33750000000000036,-0.09999999999999432,0.2375,0.1499999999999999,-0.3125,-0.32499999999999996,0.175,-0.23749999999999716
-17920.88750000001,172045.55000000005,18151.274999999994,156813.525,17492.73749999999,562.1500000000233,169205.5375,-12113.25,142049.9125,74024.0375,-0.4375,0.6125,-0.16249999999999432,-0.15000000000000036,-0.33750000000000036,-0.09999999999999432,0.2375,-0.8500000000000001,-0.3125,-0.32499999999999996,0.175,0.7625000000000028
-18831.88750000001,171466.55000000005,18116.274999999994,157473.525,17751.73749999999,409.1500000000233,170060.5375,-12153.25,142403.9125,74699.0375,0.5625,0.6125,-0.16249999999999432,-0.15000000000000036,-0.33750000000000036,0.9000000000000057,0.2375,0.1499999999999999,0.6875,-0.32499999999999996,0.175,0.7625000000000028
-19964.88750000001,170622.55000000005,18132.274999999994,157795.525,17858.73749999999,69.15000000002328,169811.5375,-12159.25,142389.9125,74678.0375,-0.4375,-0.38749999999999996,-0.16249999999999432,0.8499999999999996,-0.33750000000000036,-1.0999999999999943,-0.7625,1.15,0.6875,0.675,0.175,-0.23749999999999716
-20332.88750000001,169654.55000000005,18111.274999999994,158148.525,17975.73749999999,-18.849999999976717,169012.5375,-12252.25,142521.9125,74916.0375,-0.4375,-0.38749999999999996,-1.1624999999999943,-0.15000000000000036,-0.33750000000000036,-0.09999999999999432,-0.7625,0.1499999999999999,0.6875,-0.32499999999999996,1.175,0.7625000000000028
-19699.88750000001,170322.55000000005,17999.274999999994,157592.525,17874.73749999999,189.15000000002328,170003.5375,-12253.25,142196.9125,74766.0375,-0.4375,-0.38749999999999996,-0.16249999999999432,-0.15000000000000036,0.6624999999999996,-1.0999999999999943,0.2375,0.1499999999999999,-0.3125,-0.32499999999999996,0.175,0.7625000000000028
-19034.88750000001,170918.55000000005,17993.274999999994,156972.525,17757.73749999999,524.1500000000233,170811.5375,-12198.25,142024.9125,74604.0375,0.5625,0.6125,-0.16249999999999432,-0.15000000000000036,-0.33750000000000036,0.9000000000000057,0.2375,0.1499999999999999,0.6875,-0.32499999999999996,0.175,-1.2374999999999972
-18321.88750000001,171415.55000000005,18004.274999999994,156815.525,17783.73749999999,682.1500000000233,171071.5375,-12148.25,141930.9125,74553.0375,-0.4375,0.6125,-0.16249999999999432,-0.15000000000000036,-0.33750000000000036,-0.09999999999999432,-0.7625,0.1499999999999999,-0.3125,-0.32499999999999996,0.175,-0.23749999999999716
-17639.88750000001,172054.55000000005,18039.274999999994,156464.525,17632.73749999999,1060.1500000000233,171053.5375,-12130.25,141623.9125,74079.0375,-0.4375,0.6125,-0.16249999999999432,-0.15000000000000036,-0.33750000000000036,0.9000000000000057,0.2375,0.1499999999999999,-0.3125,-0.32499999999999996,0.175,0.7625000000000028
-16643.88750000001,172326.55000000005,18087.274999999994,155880.525,17410.73749999999,1131.1500000000233,170896.5375,-12018.25,141244.9125,74003.0375,0.5625,0.6125,-0.16249999999999432,-0.15000000000000036,0.6624999999999996,0.9000000000000057,0.2375,-0.8500000000000001,-0.3125,0.675,0.175,-1.2374999999999972
-16465.88750000001,172282.55000000005,18191.274999999994,155376.525,17332.73749999999,966.1500000000233,169934.5375,-12023.25,141411.9125,74203.0375,-0.4375,0.6125,0.8375000000000057,-0.15000000000000036,0.6624999999999996,-0.09999999999999432,-0.7625,0.1499999999999999,0.6875,-0.32499999999999996,0.175,-0.23749999999999716
-16451.88750000001,172490.55000000005,18114.274999999994,156107.525,17664.73749999999,1135.1500000000233,170603.5375,-12219.25,141453.9125,74290.0375,-0.4375,-0.38749999999999996,-0.16249999999999432,-0.15000000000000036,-0.33750000000000036,-0.09999999999999432,0.2375,0.1499999999999999,-0.3125,-0.32499999999999996,0.175,-1.2374999999999972
-16705.88750000001,172676.55000000005,18207.274999999994,156259.525,17708.73749999999,1042.1500000000233,171012.5375,-12062.25,141432.9125,74247.0375,-0.4375,0.6125,-1.1624999999999943,-0.15000000000000036,-0.33750000000000036,0.9000000000000057,0.2375,0.1499999999999999,-0.3125,-0.32499999999999996,0.175,-0.23749999999999716
-17083.88750000001,171870.55000000005,18177.274999999994,156242.525,17636.73749999999,870.1500000000233,171083.5375,-12032.25,141424.9125,74232.0375,0.5625,0.6125,-0.16249999999999432,-0.15000000000000036,-0.33750000000000036,-0.09999999999999432,-0.7625,0.1499999999999999,0.6875,-0.32499999999999996,0.175,0.7625000000000028
-17532.88750000001,171241.55000000005,18000.274999999994,156383.525,17524.73749999999,748.1500000000233,170324.5375,-12076.25,141432.9125,74444.0375,-0.4375,-0.38749999999999996,-0.16249999999999432,0.8499999999999996,-0.33750000000000036,-0.09999999999999432,0.2375,0.1499999999999999,-0.3125,-0.32499999999999996,0.175,-1.2374999999999972
-18077.88750000001,170814.55000000005,18039.274999999994,156857.525,17769.73749999999,658.1500000000233,170370.5375,-12191.25,141652.9125,74550.0375,0.5625,-0.38749999999999996,-0.16249999999999432,-0.15000000000000036,-0.33750000000000036,-0.09999999999999432,0.2375,0.1499999999999999,0.6875,-0.32499999999999996,-0.825,-0.23749999999999716
-18715.88750000001,170441.55000000005,18123.274999999994,157560.525,17968.73749999999,355.1500000000233,170702.5375,-12072.25,141918.9125,74883.0375,0.5625,-0.38749999999999996,0.8375000000000057,-0.15000000000000036,-0.33750000000000036,-0.09999999999999432,0.2375,0.1499999999999999,0.6875,0.675,0.175,1.7625000000000028
-19627.88750000001,170087.55000000005,18050.274999999994,158005.525,18014.73749999999,152.15000000002328,169996.5375,-12124.25,142160.9125,74973.0375,-0.4375,0.6125,-0.16249999999999432,-0.15000000000000036,-0.33750000000000036,-0.09999999999999432,0.2375,-0.8500000000000001,0.6875,0.675,-0.825,-0.23749999999999716
-19778.88750000001,169543.55000000005,17845.274999999994,158081.525,18142.73749999999,53.15000000002328,170316.5375,-12274.25,142476.9125,75069.0375,0.5625,0.6125,-0.16249999999999432,-0.15000000000000036,-0.33750000000000036,-0.09999999999999432,0.2375,0.1499999999999999,-0.3125,-0.32499999999999996,0.175,-0.23749999999999716
-19600.88750000001,169505.55000000005,17832.274999999994,157932.525,18196.73749999999,255.15000000002328,170160.5375,-12116.25,142532.9125,75066.0375,0.5625,-0.38749999999999996,0.8375000000000057,-0.15000000000000036,-0.33750000000000036,-0.09999999999999432,0.2375,0.1499999999999999,-0.3125,0.675,0.175,-0.23749999999999716
-19090.88750000001,169540.55000000005,17935.274999999994,157471.525,18025.73749999999,323.1500000000233,170314.5375,-11979.25,142244.9125,74780.0375,-0.4375,0.6125,-0.16249999999999432,-0.15000000000000036,-0.33750000000000036,-0.09999999999999432,0.2375,0.1499999999999999,0.6875,-1.325,0.175,-0.23749999999999716
-18712.88750000001,169891.55000000005,17989.274999999994,157026.525,17714.73749999999,406.1500000000233,170461.5375,-12028.25,141744.9125,74417.0375,-0.4375,0.6125,-0.16249999999999432,-0.15000000000000036,0.6624999999999996,-1.0999999999999943,-0.7625,-0.8500000000000001,0.6875,-0.32499999999999996,0.175,-0.23749999999999716
-18262.88750000001,170646.55000000005,17942.274999999994,157118.525,17710.73749999999,472.1500000000233,170338.5375,-12131.25,141398.9125,73980.0375,-0.4375,-0.38749999999999996,-1.1624999999999943,-0.15000000000000036,0.6624999999999996,0.9000000000000057,0.2375,0.1499999999999999,-0.3125,-0.32499999999999996,0.175,-0.23749999999999716
-17844.88750000001,171671.55000000005,18008.274999999994,156708.525,17581.73749999999,627.1500000000233,170603.5375,-12113.25,141168.9125,73825.0375,-0.4375,0.6125,0.8375000000000057,-0.15000000000000036,0.6624999999999996,-0.09999999999999432,0.2375,0.1499999999999999,-1.3125,-0.32499999999999996,0.175,0.7625000000000028
-17279.88750000001,171601.55000000005,17988.274999999994,156235.525,17454.73749999999,798.1500000000233,170878.5375,-12082.25,141056.9125,73996.0375,-0.4375,-0.38749999999999996,-0.16249999999999432,-0.15000000000000036,0.6624999999999996,0.9000000000000057,0.2375,0.1499999999999999,0.6875,-0.32499999999999996,1.175,-1.2374999999999972
-16449.88750000001,171247.55000000005,18024.274999999994,155840.525,17403.73749999999,773.1500000000233,170712.5375,-12173.25,141125.9125,74149.0375,0.5625,0.6125,-0.16249999999999432,-0.15000000000000036,-0.33750000000000036,0.9000000000000057,-0.7625,0.1499999999999999,0.6875,-0.32499999999999996,0.175,-1.2374999999999972
-16309.887500000012,171493.55000000005,18060.274999999994,156140.525,17438.73749999999,879.1500000000233,170648.5375,-12192.25,141266.9125,73994.0375,-0.4375,0.6125,-0.16249999999999432,-0.15000000000000036,-0.33750000000000036,-0.09999999999999432,0.2375,0.1499999999999999,-0.3125,0.675,0.175,0.7625000000000028
-16745.88750000001,171900.55000000005,18081.274999999994,156165.525,17405.73749999999,928.1500000000233,171026.5375,-12109.25,141152.9125,74202.0375,-0.4375,0.6125,0.8375000000000057,-1.1500000000000004,-0.33750000000000036,-0.09999999999999432,0.2375,0.1499999999999999,0.6875,-0.32499999999999996,0.175,0.7625000000000028
-17004.88750000001,171701.55000000005,18082.274999999994,156229.525,17502.73749999999,805.1500000000233,170601.5375,-12010.25,141314.9125,74058.0375,-0.4375,0.6125,0.8375000000000057,-0.15000000000000036,0.6624999999999996,-1.0999999999999943,0.2375,0.1499999999999999,-0.3125,0.675,-0.825,-0.23749999999999716
-17149.88750000001,171640.55000000005,18120.274999999994,156744.525,17732.73749999999,749.1500000000233,170705.5375,-12055.25,141451.9125,74128.0375,-0.4375,0.6125,-0.16249999999999432,-0.15000000000000036,0.6624999999999996,-1.0999999999999943,-0.7625,-0.8500000000000001,0.6875,-0.32499999999999996,-0.825,-0.23749999999999716
-17449.88750000001,171184.55000000005,18033.274999999994,157001.525,17669.73749999999,699.1500000000233,171005.5375,-12266.25,141505.9125,74194.0375,0.5625,0.6125,-1.1624999999999943,-0.15000000000000036,0.6624999999999996,0.9000000000000057,-0.7625,1.15,-0.3125,-0.32499999999999996,0.175,-0.23749999999999716
-17876.88750000001,170337.55000000005,17847.274999999994,157076.525,17379.73749999999,306.1500000000233,170765.5375,-12099.25,141657.9125,74232.0375,0.5625,0.6125,-0.16249999999999432,0.8499999999999996,0.6624999999999996,-0.09999999999999432,-0.7625,0.1499999999999999,-0.3125,-0.32499999999999996,0.175,-0.23749999999999716
-19010.88750000001,170343.55000000005,17815.274999999994,158033.525,17590.73749999999,247.15000000002328,171095.5375,-11885.25,142166.9125,74556.0375,0.5625,0.6125,-0.16249999999999432,-0.15000000000000036,-0.33750000000000036,-0.09999999999999432,-0.7625,-0.8500000000000001,-0.3125,-0.32499999999999996,0.175,-0.23749999999999716
-19123.88750000001,170095.55000000005,17891.274999999994,158656.525,18285.73749999999,73.15000000002328,170346.5375,-11989.25,142326.9125,74486.0375,-0.4375,-0.38749999999999996,-1.1624999999999943,-0.15000000000000036,-0.33750000000000036,-1.0999999999999943,0.2375,0.1499999999999999,0.6875,-0.32499999999999996,0.175,-0.23749999999999716
-19068.88750000001,169751.55000000005,17784.274999999994,158561.525,18140.73749999999,89.15000000002328,169677.5375,-12109.25,142159.9125,74639.0375,-0.4375,0.6125,-0.16249999999999432,0.8499999999999996,-0.33750000000000036,-1.0999999999999943,0.2375,0.1499999999999999,-0.3125,-0.32499999999999996,0.175,-0.23749999999999716
-18855.88750000001,170024.55000000005,17880.274999999994,157846.525,17969.73749999999,283.1500000000233,170460.5375,-12051.25,141863.9125,74589.0375,-0.4375,0.6125,0.8375000000000057,0.8499999999999996,-0.33750000000000036,-0.09999999999999432,0.2375,0.1499999999999999,0.6875,-0.32499999999999996,0.175,0.7625000000000028
-18446.88750000001,169950.55000000005,17958.274999999994,157501.525,17973.73749999999,320.1500000000233,171167.5375,-12040.25,141790.9125,74526.0375,-0.4375,0.6125,-0.16249999999999432,-0.15000000000000036,-0.33750000000000036,0.9000000000000057,0.2375,0.1499999999999999,-0.3125,-0.32499999999999996,0.175,-0.23749999999999716
-18044.88750000001,170386.55000000005,17925.274999999994,157486.525,18072.73749999999,574.1500000000233,171116.5375,-12044.25,141880.9125,74406.0375,0.5625,-0.38749999999999996,-1.1624999999999943,-0.15000000000000036,-0.33750000000000036,-0.09999999999999432,0.2375,0.1499999999999999,-0.3125,0.675,0.175,-0.23749999999999716
-17649.88750000001,170971.55000000005,17863.274999999994,157271.525,17958.73749999999,658.1500000000233,170892.5375,-12121.25,141486.9125,74366.0375,0.5625,-0.38749999999999996,-0.16249999999999432,-0.15000000000000036,-0.33750000000000036,0.9000000000000057,-0.7625,0.1499999999999999,0.6875,0.675,-0.825,0.7625000000000028
-17421.88750000001,171149.55000000005,17917.274999999994,156471.525,17899.73749999999,847.1500000000233,170877.5375,-12117.25,141400.9125,74142.0375,0.5625,-0.38749999999999996,0.8375000000000057,-0.15000000000000036,-0.33750000000000036,-0.09999999999999432,0.2375,0.1499999999999999,-0.3125,0.675,-0.825,0.7625000000000028
-16987.88750000001,170896.55000000005,18128.274999999994,156643.525,17852.73749999999,919.1500000000233,171286.5375,-12076.25,141329.9125,74276.0375,-0.4375,-0.38749999999999996,-1.1624999999999943,0.8499999999999996,0.6624999999999996,-0.09999999999999432,0.2375,0.1499999999999999,0.6875,0.675,-0.825,-0.23749999999999716
-17027.88750000001,170837.55000000005,17974.274999999994,156668.525,17708.73749999999,828.1500000000233,171410.5375,-12080.25,141532.9125,74089.0375,0.5625,-0.38749999999999996,0.8375000000000057,-0.15000000000000036,-0.33750000000000036,0.9000000000000057,0.2375,-0.8500000000000001,-0.3125,-0.32499999999999996,-0.825,-0.23749999999999716
-17332.88750000001,170824.55000000005,17810.274999999994,156618.525,17710.73749999999,615.1500000000233,170314.5375,-12004.25,141455.9125,74169.0375,-1.4375,-0.38749999999999996,-0.16249999999999432,-0.15000000000000036,-0.33750000000000036,0.9000000000000057,-0.7625,0.1499999999999999,-0.3125,-0.32499999999999996,0.175,-0.23749999999999716
-17670.88750000001,170926.55000000005,17938.274999999994,157048.525,17745.73749999999,711.1500000000233,170964.5375,-12015.25,141578.9125,74316.0375,-0.4375,0.6125,0.8375000000000057,-1.1500000000000004,0.6624999999999996,-0.09999999999999432,0.2375,0.1499999999999999,-0.3125,-0.32499999999999996,0.175,-0.23749999999999716
-18003.88750000001,170518.55000000005,17974.274999999994,157638.525,17967.73749999999,665.1500000000233,171094.5375,-12119.25,141600.9125,74255.0375,-0.4375,0.6125,-0.16249999999999432,-0.15000000000000036,-0.33750000000000036,-0.09999999999999432,0.2375,0.1499999999999999,-0.3125,-0.32499999999999996,0.175,-0.23749999999999716
-18525.88750000001,169506.55000000005,17979.274999999994,157931.525,18085.73749999999,217.15000000002328,170349.5375,-12080.25,141729.9125,74132.0375,-0.4375,0.6125,0.8375000000000057,-0.15000000000000036,-0.33750000000000036,0.9000000000000057,-0.7625,0.1499999999999999,-0.3125,-0.32499999999999996,0.175,-0.23749999999999716
-18472.88750000001,169801.55000000005,17996.274999999994,157934.525,18222.73749999999,327.1500000000233,170161.5375,-12029.25,141679.9125,74344.0375,0.5625,-0.38749999999999996,-0.16249999999999432,-0.15000000000000036,-0.33750000000000036,-0.09999999999999432,-0.7625,0.1499999999999999,-0.3125,0.675,-0.825,-0.23749999999999716
-18328.88750000001,170035.55000000005,17963.274999999994,157972.525,18193.73749999999,456.1500000000233,170804.5375,-12020.25,141749.9125,74198.0375,-0.4375,0.6125,0.8375000000000057,-1.1500000000000004,0.6624999999999996,-1.0999999999999943,0.2375,0.1499999999999999,0.6875,-0.32499999999999996,0.175,-0.23749999999999716
-18038.88750000001,170288.55000000005,17915.274999999994,157841.525,17938.73749999999,577.1500000000233,171327.5375,-12131.25,141771.9125,74084.0375,0.5625,-0.38749999999999996,0.8375000000000057,-0.15000000000000036,-0.33750000000000036,-0.09999999999999432,0.2375,0.1499999999999999,-0.3125,-0.32499999999999996,0.175,-0.23749999999999716
-17671.88750000001,170564.55000000005,18016.274999999994,157423.525,17754.73749999999,556.1500000000233,171267.5375,-12048.25,141440.9125,73955.0375,-0.4375,-0.38749999999999996,-0.16249999999999432,-0.15000000000000036,0.6624999999999996,-0.09999999999999432,0.2375,-0.8500000000000001,-0.3125,-0.32499999999999996,0.175,-0.23749999999999716
-17309.88750000001,170629.55000000005,17875.274999999994,157035.525,17828.73749999999,603.1500000000233,171267.5375,-12048.25,141188.9125,73942.0375,-0.4375,0.6125,0.8375000000000057,-0.15000000000000036,-0.33750000000000036,-1.0999999999999943,0.2375,0.1499999999999999,-0.3125,0.675,0.175,-0.23749999999999716
-17224.88750000001,170867.55000000005,17920.274999999994,156828.525,17998.73749999999,774.1500000000233,171305.5375,-12137.25,141246.9125,74079.0375,-0.4375,0.6125,-0.16249999999999432,-0.15000000000000036,-0.33750000000000036,-0.09999999999999432,0.2375,0.1499999999999999,0.6875,0.675,0.175,-0.23749999999999716
-17074.88750000001,170711.55000000005,17988.274999999994,156611.525,18039.73749999999,873.1500000000233,171329.5375,-12008.25,141258.9125,74093.0375,-0.4375,0.6125,-0.16249999999999432,-0.15000000000000036,-0.33750000000000036,0.9000000000000057,0.2375,0.1499999999999999,-0.3125,-0.32499999999999996,0.175,-0.23749999999999716
-17059.88750000001,170625.55000000005,17952.274999999994,156815.525,17940.73749999999,789.1500000000233,171638.5375,-12089.25,141452.9125,74183.0375,0.5625,-0.38749999999999996,-1.1624999999999943,-0.15000000000000036,-0.33750000000000036,0.9000000000000057,-0.7625,0.1499999999999999,0.6875,-0.32499999999999996,0.175,-0.23749999999999716
-17358.88750000001,170602.55000000005,17961.274999999994,157232.525,18001.73749999999,482.1500000000233,171745.5375,-12155.25,141520.9125,74294.0375,0.5625,0.6125,-0.16249999999999432,-1.1500000000000004,-0.33750000000000036,-0.09999999999999432,0.2375,0.1499999999999999,0.6875,-0.32499999999999996,0.175,-0.23749999999999716
-17843.88750000001,170419.55000000005,18023.274999999994,157591.525,17963.73749999999,414.1500000000233,171410.5375,-12148.25,141450.9125,74126.0375,0.5625,0.6125,-0.16249999999999432,-0.15000000000000036,-0.33750000000000036,-0.09999999999999432,-0.7625,0.1499999999999999,0.6875,-0.32499999999999996,0.175,0.7625000000000028
-18110.88750000001,169836.55000000005,18147.274999999994,157688.525,17878.73749999999,355.1500000000233,171423.5375,-12313.25,141343.9125,74103.0375,-0.4375,0.6125,-0.16249999999999432,-1.1500000000000004,0.6624999999999996,-0.09999999999999432,0.2375,0.1499999999999999,0.6875,-0.32499999999999996,0.175,-0.23749999999999716
-18408.88750000001,170113.55000000005,17995.274999999994,157897.525,18329.73749999999,474.1500000000233,171142.5375,-12027.25,141388.9125,74293.0375,-0.4375,0.6125,0.8375000000000057,-0.15000000000000036,-0.33750000000000036,-0.09999999999999432,0.2375,0.1499999999999999,-0.3125,0.675,0.175,0.7625000000000028
-18492.88750000001,170104.55000000005,17803.274999999994,158274.525,18134.73749999999,193.15000000002328,171463.5375,-12154.25,141576.9125,74509.0375,-0.4375,0.6125,-0.16249999999999432,-0.15000000000000036,0.6624999999999996,-0.09999999999999432,0.2375,0.1499999999999999,-0.3125,0.675,-0.825,-0.23749999999999716
-18544.88750000001,169625.55000000005,17738.274999999994,158135.525,18080.73749999999,362.1500000000233,171145.5375,-12020.25,141984.9125,74730.0375,-0.4375,0.6125,-0.16249999999999432,-0.15000000000000036,-0.33750000000000036,-0.09999999999999432,0.2375,-0.8500000000000001,0.6875,-0.32499999999999996,0.175,-0.23749999999999716
-18441.88750000001,169481.55000000005,17951.274999999994,158058.525,18047.73749999999,493.1500000000233,171309.5375,-11974.25,141807.9125,74527.0375,0.5625,0.6125,-0.16249999999999432,-0.15000000000000036,-0.33750000000000036,0.9000000000000057,0.2375,0.1499999999999999,-0.3125,-0.32499999999999996,0.175,-0.23749999999999716
-18257.88750000001,169827.55000000005,17961.274999999994,158114.525,18153.73749999999,578.1500000000233,171212.5375,-12121.25,141683.9125,74485.0375,-0.4375,-0.38749999999999996,-0.16249999999999432,0.8499999999999996,-0.33750000000000036,-0.09999999999999432,0.2375,0.1499999999999999,-0.3125,-0.32499999999999996,0.175,-0.23749999999999716
-17836.88750000001,169995.55000000005,17936.274999999994,157783.525,18322.73749999999,729.1500000000233,171384.5375,-12123.25,141493.9125,74331.0375,0.5625,0.6125,-1.1624999999999943,-0.15000000000000036,-0.33750000000000036,-0.09999999999999432,0.2375,0.1499999999999999,0.6875,-0.32499999999999996,0.175,-0.23749999999999716
-17541.88750000001,170486.55000000005,17950.274999999994,157814.525,18087.73749999999,512.1500000000233,172025.5375,-12081.25,141425.9125,74356.0375,-0.4375,0.6125,0.8375000000000057,-0.15000000000000036,-0.33750000000000036,-1.0999999999999943,0.2375,0.1499999999999999,-0.3125,-0.32499999999999996,0.175,-0.23749999999999716
-17483.88750000001,170442.55000000005,18038.274999999994,157726.525,18057.73749999999,507.1500000000233,171296.5375,-12321.25,141483.9125,74170.0375,-0.4375,-0.38749999999999996,-1.1624999999999943,-0.15000000000000036,-0.33750000000000036,-0.09999999999999432,-0.7625,0.1499999999999999,-1.3125,-0.32499999999999996,0.175,-0.23749999999999716
-17606.88750000001,170433.55000000005,17943.274999999994,157535.525,18043.73749999999,644.1500000000233,171161.5375,-12121.25,141301.9125,73778.0375,-0.4375,-0.38749999999999996,-1.1624999999999943,-0.15000000000000036,-0.33750000000000036,-0.09999999999999432,0.2375,0.1499999999999999,-0.3125,-0.32499999999999996,0.175,-0.23749999999999716
-17568.88750000001,170492.55000000005,18026.274999999994,157685.525,18194.73749999999,580.1500000000233,171278.5375,-12043.25,141145.9125,73975.0375,-0.4375,0.6125,-1.1624999999999943,-0.15000000000000036,-0.33750000000000036,0.9000000000000057,0.2375,0.1499999999999999,-0.3125,-0.32499999999999996,0.175,-0.23749999999999716
-17656.88750000001,170325.55000000005,18104.274999999994,157919.525,18085.73749999999,462.1500000000233,171802.5375,-12019.25,141256.9125,74152.0375,-0.4375,-0.38749999999999996,-0.16249999999999432,-0.15000000000000036,-0.33750000000000036,-0.09999999999999432,-0.7625,0.1499999999999999,0.6875,-0.32499999999999996,0.175,-0.23749999999999716
-17750.88750000001,170280.55000000005,17996.274999999994,157924.525,18118.73749999999,470.1500000000233,171749.5375,-12053.25,141533.9125,74282.0375,-0.4375,0.6125,-0.16249999999999432,-0.15000000000000036,0.6624999999999996,-0.09999999999999432,0.2375,0.1499999999999999,0.6875,0.675,0.175,0.7625000000000028
-17743.88750000001,170132.55000000005,18018.274999999994,157951.525,18133.73749999999,517.1500000000233,171724.5375,-12259.25,141532.9125,74216.0375,-0.4375,0.6125,-0.16249999999999432,-0.15000000000000036,-0.33750000000000036,-0.09999999999999432,0.2375,0.1499999999999999,-0.3125,0.675,0.175,0.7625000000000028
-17562.88750000001,170146.55000000005,18016.274999999994,157912.525,18199.73749999999,393.1500000000233,171533.5375,-12325.25,141381.9125,74155.0375,-0.4375,0.6125,-1.1624999999999943,-0.15000000000000036,-0.33750000000000036,0.9000000000000057,0.2375,0.1499999999999999,-0.3125,-0.32499999999999996,0.175,-0.23749999999999716
-17658.88750000001,170353.55000000005,17995.274999999994,157864.525,18426.73749999999,502.1500000000233,171389.5375,-12252.25,141338.9125,74093.0375,0.5625,-0.38749999999999996,-0.16249999999999432,-0.15000000000000036,-0.33750000000000036,-0.09999999999999432,-0.7625,-0.8500000000000001,0.6875,-0.32499999999999996,0.175,-0.23749999999999716
-17736.88750000001,169963.55000000005,18010.274999999994,157686.525,18373.73749999999,475.1500000000233,171489.5375,-12107.25,141342.9125,74126.0375,-0.4375,-0.38749999999999996,-0.16249999999999432,-0.15000000000000036,-0.33750000000000036,-0.09999999999999432,0.2375,0.1499999999999999,-0.3125,-0.32499999999999996,0.175,-0.23749999999999716
-17684.88750000001,169880.55000000005,17989.274999999994,157768.525,18235.73749999999,568.1500000000233,171507.5375,-11961.25,141287.9125,74214.0375,-0.4375,0.6125,-0.16249999999999432,-0.15000000000000036,-0.33750000000000036,-0.09999999999999432,-0.7625,0.1499999999999999,0.6875,-0.32499999999999996,0.175,-0.23749999999999716
-17604.88750000001,169995.55000000005,17927.274999999994,158018.525,18250.73749999999,556.1500000000233,171627.5375,-12090.25,141573.9125,74289.0375,-0.4375,0.6125,-0.16249999999999432,-1.1500000000000004,-1.3375000000000004,0.9000000000000057,-0.7625,-0.8500000000000001,-0.3125,0.675,1.175,-1.2374999999999972
-17677.88750000001,170276.55000000005,17984.274999999994,158009.525,18267.73749999999,539.1500000000233,171866.5375,-12078.25,141342.9125,74285.0375,0.5625,0.6125,-1.1624999999999943,-0.15000000000000036,-0.33750000000000036,0.9000000000000057,-0.7625,0.1499999999999999,-0.3125,-0.32499999999999996,0.175,-0.23749999999999716
-17758.88750000001,170002.55000000005,17939.274999999994,158025.525,18201.73749999999,615.1500000000233,172105.5375,-12059.25,141445.9125,74258.0375,-0.4375,-0.38749999999999996,-0.16249999999999432,-0.15000000000000036,-0.33750000000000036,-0.09999999999999432,-0.7625,-0.8500000000000001,-0.3125,0.675,0.175,-0.23749999999999716
-17797.88750000001,169895.55000000005,17906.274999999994,158101.525,18242.73749999999,491.1500000000233,172084.5375,-12066.25,141327.9125,74264.0375,0.5625,0.6125,-2.1624999999999943,-0.15000000000000036,-0.33750000000000036,-1.0999999999999943,0.2375,0.1499999999999999,-0.3125,-0.32499999999999996,0.175,0.7625000000000028
-17825.88750000001,169909.55000000005,17929.274999999994,158079.525,18337.73749999999,439.1500000000233,171395.5375,-12083.25,141227.9125,74363.0375,-0.4375,0.6125,-0.16249999999999432,0.8499999999999996,-0.33750000000000036,0.9000000000000057,0.2375,0.1499999999999999,-0.3125,-0.32499999999999996,-0.825,-0.23749999999999716
-17791.88750000001,169727.55000000005,18122.274999999994,157927.525,18311.73749999999,419.1500000000233,172091.5375,-12117.25,141242.9125,74441.0375,1.5625,-0.38749999999999996,-0.16249999999999432,-0.15000000000000036,-1.3375000000000004,-0.09999999999999432,0.2375,0.1499999999999999,-0.3125,0.675,0.175,-1.2374999999999972
-17778.88750000001,169919.55000000005,18042.274999999994,157958.525,18353.73749999999,310.1500000000233,172455.5375,-12255.25,141372.9125,74367.0375,0.5625,-0.38749999999999996,-0.16249999999999432,-0.15000000000000036,-0.33750000000000036,-1.0999999999999943,0.2375,0.1499999999999999,0.6875,-0.32499999999999996,0.175,0.7625000000000028
-17765.88750000001,170125.55000000005,17854.274999999994,157962.525,18445.73749999999,366.1500000000233,172607.5375,-12171.25,141283.9125,74484.0375,-0.4375,0.6125,-1.1624999999999943,-0.15000000000000036,-0.33750000000000036,-1.0999999999999943,0.2375,1.15,-0.3125,-0.32499999999999996,-0.825,-0.23749999999999716
-17643.88750000001,170009.55000000005,17912.274999999994,157918.525,18352.73749999999,582.1500000000233,171744.5375,-12144.25,141102.9125,74226.0375,-0.4375,0.6125,-0.16249999999999432,0.8499999999999996,0.6624999999999996,-1.0999999999999943,-0.7625,0.1499999999999999,0.6875,0.675,0.175,-0.23749999999999716
-17473.88750000001,169871.55000000005,18100.274999999994,157829.525,18229.73749999999,554.1500000000233,171466.5375,-12247.25,141163.9125,74185.0375,-0.4375,-0.38749999999999996,-0.16249999999999432,-0.15000000000000036,-0.33750000000000036,-0.09999999999999432,-0.7625,0.1499999999999999,-0.3125,-0.32499999999999996,0.175,0.7625000000000028
-17670.88750000001,169821.55000000005,18232.274999999994,158159.525,18078.73749999999,568.1500000000233,171818.5375,-12104.25,141259.9125,74329.0375,-0.4375,0.6125,-0.16249999999999432,-0.15000000000000036,-0.33750000000000036,-0.09999999999999432,-0.7625,0.1499999999999999,0.6875,-0.32499999999999996,0.175,-0.23749999999999716
-17886.88750000001,170176.55000000005,18081.274999999994,158228.525,18276.73749999999,365.1500000000233,171863.5375,-12191.25,141361.9125,74340.0375,-0.4375,-0.38749999999999996,0.8375000000000057,-0.15000000000000036,-0.33750000000000036,-0.09999999999999432,0.2375,0.1499999999999999,0.6875,-0.32499999999999996,0.175,-0.23749999999999716
-17891.88750000001,170107.55000000005,18013.274999999994,158396.525,18212.73749999999,460.1500000000233,171717.5375,-12216.25,141296.9125,74177.0375,-1.4375,-0.38749999999999996,-0.16249999999999432,-0.15000000000000036,0.6624999999999996,-1.0999999999999943,0.2375,0.1499999999999999,0.6875,-0.32499999999999996,0.175,0.7625000000000028
-17713.88750000001,169884.55000000005,18172.274999999994,158252.525,18203.73749999999,492.1500000000233,171735.5375,-12175.25,141216.9125,74068.0375,-0.4375,0.6125,0.8375000000000057,-0.15000000000000036,-0.33750000000000036,-1.0999999999999943,-0.7625,0.1499999999999999,0.6875,0.675,1.175,0.7625000000000028
-17746.88750000001,169813.55000000005,18032.274999999994,158120.525,18278.73749999999,409.1500000000233,171524.5375,-12145.25,141105.9125,74316.0375,-0.4375,0.6125,-1.1624999999999943,-1.1500000000000004,-0.33750000000000036,-0.09999999999999432,-0.7625,0.1499999999999999,-0.3125,-1.325,0.175,0.7625000000000028
-17748.88750000001,170231.55000000005,17930.274999999994,158115.525,18492.73749999999,464.1500000000233,170496.5375,-12125.25,141093.9125,74350.0375,0.5625,0.6125,-0.16249999999999432,-0.15000000000000036,-0.33750000000000036,-0.09999999999999432,0.2375,0.1499999999999999,-0.3125,-1.325,1.175,-0.23749999999999716
-17634.88750000001,170361.55000000005,18057.274999999994,157985.525,18526.73749999999,637.1500000000233,171122.5375,-12253.25,140955.9125,74257.0375,-0.4375,0.6125,-0.16249999999999432,-0.15000000000000036,-0.33750000000000036,-0.09999999999999432,-0.7625,-0.8500000000000001,-0.3125,-0.32499999999999996,0.175,0.7625000000000028
-17361.88750000001,170190.55000000005,17987.274999999994,158021.525,18369.73749999999,477.1500000000233,171734.5375,-12255.25,140947.9125,74199.0375,0.5625,0.6125,-0.16249999999999432,-0.15000000000000036,-0.33750000000000036,-0.09999999999999432,0.2375,0.1499999999999999,-0.3125,-0.32499999999999996,-0.825,1.7625000000000028
-17115.88750000001,170588.55000000005,18035.274999999994,158075.525,18228.73749999999,349.1500000000233,171859.5375,-12369.25,140990.9125,74097.0375,0.5625,-0.38749999999999996,-0.16249999999999432,-0.15000000000000036,0.6624999999999996,-0.09999999999999432,0.2375,0.1499999999999999,0.6875,0.675,-0.825,-0.23749999999999716
-17212.88750000001,170999.55000000005,18063.274999999994,158020.525,18472.73749999999,646.1500000000233,172328.5375,-11986.25,140942.9125,74362.0375,-0.4375,-0.38749999999999996,-0.16249999999999432,-0.15000000000000036,-0.33750000000000036,0.9000000000000057,0.2375,-0.8500000000000001,0.6875,-0.32499999999999996,-0.825,-0.23749999999999716
-17313.88750000001,170379.55000000005,18179.274999999994,157741.525,18444.73749999999,582.1500000000233,171927.5375,-12031.25,140896.9125,73996.0375,0.5625,-0.38749999999999996,0.8375000000000057,-0.15000000000000036,-1.3375000000000004,-0.09999999999999432,-0.7625,0.1499999999999999,-0.3125,-0.32499999999999996,-0.825,-1.2374999999999972
-17317.88750000001,170210.55000000005,18029.274999999994,157809.525,18443.73749999999,594.1500000000233,171969.5375,-12088.25,140885.9125,73999.0375,-0.4375,0.6125,-0.16249999999999432,-0.15000000000000036,-0.33750000000000036,0.9000000000000057,-0.7625,0.1499999999999999,-0.3125,-0.32499999999999996,0.175,-0.23749999999999716
-17406.88750000001,169923.55000000005,17995.274999999994,158060.525,18341.73749999999,400.1500000000233,172041.5375,-12170.25,141349.9125,74223.0375,0.5625,-0.38749999999999996,-1.1624999999999943,-0.15000000000000036,-0.33750000000000036,-0.09999999999999432,0.2375,0.1499999999999999,-0.3125,-0.32499999999999996,0.175,-0.23749999999999716
-17623.88750000001,169518.55000000005,18137.274999999994,158113.525,18304.73749999999,336.1500000000233,171742.5375,-12134.25,141168.9125,74335.0375,0.5625,-0.38749999999999996,-0.16249999999999432,-0.15000000000000036,0.6624999999999996,-0.09999999999999432,0.2375,0.1499999999999999,-0.3125,-0.32499999999999996,0.175,0.7625000000000028
-17939.88750000001,169409.55000000005,18056.274999999994,158383.525,18461.73749999999,322.1500000000233,171616.5375,-12098.25,141141.9125,74357.0375,0.5625,-0.38749999999999996,-0.16249999999999432,-1.1500000000000004,0.6624999999999996,-0.09999999999999432,0.2375,0.1499999999999999,-0.3125,-0.32499999999999996,0.175,-0.23749999999999716
-17964.88750000001,169487.55000000005,18036.274999999994,158533.525,18440.73749999999,324.1500000000233,171627.5375,-12158.25,141029.9125,74205.0375,-0.4375,-0.38749999999999996,0.8375000000000057,-0.15000000000000036,-0.33750000000000036,-0.09999999999999432,-0.7625,0.1499999999999999,-0.3125,-1.325,0.175,-1.2374999999999972
-17829.88750000001,169654.55000000005,18051.274999999994,158493.525,18574.73749999999,348.1500000000233,171872.5375,-12095.25,141124.9125,74192.0375,0.5625,0.6125,0.8375000000000057,-0.15000000000000036,0.6624999999999996,0.9000000000000057,-0.7625,-0.8500000000000001,-0.3125,-0.32499999999999996,-0.825,-0.23749999999999716
-17944.88750000001,169588.55000000005,18034.274999999994,158323.525,18383.73749999999,321.1500000000233,171839.5375,-12171.25,141030.9125,74044.0375,-0.4375,0.6125,0.8375000000000057,-0.15000000000000036,0.6624999999999996,-0.09999999999999432,0.2375,0.1499999999999999,-0.3125,-0.32499999999999996,0.175,-0.23749999999999716
-17812.88750000001,169630.55000000005,17953.274999999994,158268.525,18490.73749999999,408.1500000000233,172061.5375,-11974.25,141091.9125,73999.0375,-0.4375,-0.38749999999999996,0.8375000000000057,-0.15000000000000036,0.6624999999999996,-0.09999999999999432,0.2375,0.1499999999999999,-0.3125,-0.32499999999999996,-0.825,0.7625000000000028
-17536.88750000001,169829.55000000005,17950.274999999994,158203.525,18237.73749999999,461.1500000000233,171617.5375,-12303.25,140970.9125,74312.0375,-0.4375,-0.38749999999999996,0.8375000000000057,-0.15000000000000036,-0.33750000000000036,-0.09999999999999432,0.2375,0.1499999999999999,0.6875,0.675,0.175,-1.2374999999999972
-17466.88750000001,169795.55000000005,18110.274999999994,158065.525,18211.73749999999,494.1500000000233,171967.5375,-12318.25,140988.9125,74087.0375,0.5625,-0.38749999999999996,0.8375000000000057,-0.15000000000000036,-0.33750000000000036,-0.09999999999999432,-0.7625,0.1499999999999999,-0.3125,0.675,-0.825,0.7625000000000028
-17548.88750000001,170058.55000000005,18428.274999999994,158132.525,18274.73749999999,459.1500000000233,172652.5375,-12091.25,141147.9125,74235.0375,0.5625,-0.38749999999999996,0.8375000000000057,-0.15000000000000036,-1.3375000000000004,-0.09999999999999432,0.2375,0.1499999999999999,0.6875,-0.32499999999999996,0.175,1.7625000000000028
-17659.88750000001,169964.55000000005,18065.274999999994,158237.525,18408.73749999999,456.1500000000233,172521.5375,-12073.25,141209.9125,74420.0375,-0.4375,-0.38749999999999996,0.8375000000000057,0.8499999999999996,-0.33750000000000036,-0.09999999999999432,0.2375,0.1499999999999999,0.6875,-0.32499999999999996,0.175,-0.23749999999999716
-17723.88750000001,169687.55000000005,18130.274999999994,158219.525,18573.73749999999,454.1500000000233,172460.5375,-12086.25,141110.9125,74308.0375,-0.4375,0.6125,-0.16249999999999432,-0.15000000000000036,0.6624999999999996,0.9000000000000057,0.2375,0.1499999999999999,-0.3125,-0.32499999999999996,-0.825,-0.23749999999999716
-17916.88750000001,169584.55000000005,18044.274999999994,158441.525,18665.73749999999,422.1500000000233,172076.5375,-12147.25,140977.9125,74118.0375,0.5625,-0.38749999999999996,-1.1624999999999943,-0.15000000000000036,-0.33750000000000036,-0.09999999999999432,0.2375,1.15,-0.3125,-0.32499999999999996,0.175,1.7625000000000028
-18001.88750000001,169740.55000000005,18067.274999999994,158845.525,18738.73749999999,275.1500000000233,171760.5375,-12079.25,140997.9125,74260.0375,-0.4375,-0.38749999999999996,-0.16249999999999432,-0.15000000000000036,0.6624999999999996,-0.09999999999999432,0.2375,0.1499999999999999,-0.3125,-0.32499999999999996,0.175,0.7625000000000028
-17850.88750000001,169879.55000000005,17958.274999999994,158734.525,18647.73749999999,247.15000000002328,171184.5375,-12034.25,141095.9125,74269.0375,-0.4375,0.6125,-0.16249999999999432,-0.15000000000000036,-0.33750000000000036,-0.09999999999999432,-0.7625,0.1499999999999999,-0.3125,-0.32499999999999996,0.175,-0.23749999999999716
-17710.88750000001,169743.55000000005,18044.274999999994,158668.525,18591.73749999999,194.15000000002328,171642.5375,-12013.25,140949.9125,73977.0375,0.5625,0.6125,0.8375000000000057,-0.15000000000000036,-0.33750000000000036,-0.09999999999999432,-0.7625,0.1499999999999999,0.6875,0.675,-0.825,-0.23749999999999716
-17366.88750000001,170120.55000000005,18106.274999999994,158544.525,18669.73749999999,446.1500000000233,171575.5375,-12107.25,140943.9125,73916.0375,-0.4375,-0.38749999999999996,0.8375000000000057,-1.1500000000000004,-0.33750000000000036,-0.09999999999999432,-0.7625,0.1499999999999999,-0.3125,-0.32499999999999996,0.175,0.7625000000000028
-17212.88750000001,170174.55000000005,18134.274999999994,158380.525,18536.73749999999,467.1500000000233,172036.5375,-12198.25,140987.9125,73958.0375,0.5625,0.6125,-0.16249999999999432,-0.15000000000000036,-0.33750000000000036,0.9000000000000057,0.2375,0.1499999999999999,-0.3125,-0.32499999999999996,0.175,-1.2374999999999972
-17308.88750000001,169911.55000000005,18046.274999999994,158311.525,18223.73749999999,331.1500000000233,172169.5375,-12123.25,140959.9125,73880.0375,0.5625,-0.38749999999999996,-1.1624999999999943,-0.15000000000000036,-0.33750000000000036,-0.09999999999999432,0.2375,0.1499999999999999,0.6875,0.675,0.175,-0.23749999999999716
-17323.88750000001,170014.55000000005,18077.274999999994,158056.525,18455.73749999999,362.1500000000233,172019.5375,-12136.25,141018.9125,73742.0375,-0.4375,-0.38749999999999996,-1.1624999999999943,-0.15000000000000036,0.6624999999999996,-1.0999999999999943,0.2375,0.1499999999999999,0.6875,0.675,-0.825,0.7625000000000028
-17119.88750000001,170056.55000000005,18060.274999999994,158327.525,18583.73749999999,538.1500000000233,172518.5375,-12152.25,141015.9125,74126.0375,-0.4375,0.6125,-1.1624999999999943,-0.15000000000000036,-0.33750000000000036,-0.09999999999999432,-0.7625,0.1499999999999999,-0.3125,-0.32499999999999996,0.175,-0.23749999999999716
-17299.88750000001,169727.55000000005,17985.274999999994,158277.525,18457.73749999999,555.1500000000233,172131.5375,-12115.25,141124.9125,74268.0375,-0.4375,-0.38749999999999996,-0.16249999999999432,-0.15000000000000036,-0.33750000000000036,-0.09999999999999432,0.2375,0.1499999999999999,0.6875,-0.32499999999999996,0.175,-0.23749999999999716
-17486.88750000001,169610.55000000005,18030.274999999994,158495.525,18451.73749999999,484.1500000000233,171708.5375,-12070.25,141186.9125,74281.0375,-0.4375,0.6125,-0.16249999999999432,-0.15000000000000036,-0.33750000000000036,-0.09999999999999432,0.2375,0.1499999999999999,-0.3125,0.675,0.175,-1.2374999999999972
-17624.88750000001,169695.55000000005,18060.274999999994,158770.525,18473.73749999999,296.1500000000233,171942.5375,-12189.25,141130.9125,74230.0375,-0.4375,0.6125,-0.16249999999999432,-1.1500000000000004,0.6624999999999996,-0.09999999999999432,0.2375,0.1499999999999999,-0.3125,-0.32499999999999996,0.175,0.7625000000000028
-17886.88750000001,169696.55000000005,17910.274999999994,158981.525,18843.73749999999,216.15000000002328,172332.5375,-12100.25,141247.9125,74020.0375,-0.4375,0.6125,-0.16249999999999432,-0.15000000000000036,-0.33750000000000036,-1.0999999999999943,0.2375,0.1499999999999999,-0.3125,0.675,-0.825,-0.23749999999999716
-17836.88750000001,169107.55000000005,17913.274999999994,158895.525,18776.73749999999,196.15000000002328,172174.5375,-12068.25,141274.9125,74147.0375,-0.4375,0.6125,-0.16249999999999432,-0.15000000000000036,-0.33750000000000036,0.9000000000000057,0.2375,0.1499999999999999,0.6875,-0.32499999999999996,0.175,-0.23749999999999716
-17838.88750000001,169380.55000000005,18020.274999999994,159015.525,18800.73749999999,171.15000000002328,172153.5375,-12033.25,141228.9125,74297.0375,-0.4375,0.6125,-1.1624999999999943,-0.15000000000000036,-0.33750000000000036,0.9000000000000057,0.2375,0.1499999999999999,-0.3125,-0.32499999999999996,0.175,-0.23749999999999716
-17725.88750000001,169497.55000000005,18018.274999999994,159079.525,18858.73749999999,304.1500000000233,171846.5375,-12178.25,141191.9125,74248.0375,-0.4375,0.6125,-1.1624999999999943,-0.15000000000000036,-0.33750000000000036,-0.09999999999999432,-0.7625,-0.8500000000000001,0.6875,-0.32499999999999996,0.175,0.7625000000000028
-17484.88750000001,169713.55000000005,18055.274999999994,158764.525,18728.73749999999,416.1500000000233,172099.5375,-12199.25,141097.9125,74082.0375,0.5625,-0.38749999999999996,-1.1624999999999943,0.8499999999999996,-0.33750000000000036,-0.09999999999999432,-0.7625,0.1499999999999999,-0.3125,-0.32499999999999996,0.175,-0.23749999999999716
-17457.88750000001,169797.55000000005,18026.274999999994,158513.525,18403.73749999999,443.1500000000233,172297.5375,-12124.25,141060.9125,74012.0375,-0.4375,0.6125,-1.1624999999999943,-0.15000000000000036,-0.33750000000000036,-1.0999999999999943,-0.7625,0.1499999999999999,-0.3125,0.675,0.175,0.7625000000000028
-17458.88750000001,170044.55000000005,17981.274999999994,158505.525,18643.73749999999,511.1500000000233,172358.5375,-12189.25,141059.9125,73990.0375,0.5625,0.6125,-0.16249999999999432,-0.15000000000000036,-0.33750000000000036,-0.09999999999999432,0.2375,0.1499999999999999,0.6875,0.675,0.175,-0.23749999999999716
-17241.88750000001,169981.55000000005,18008.274999999994,158624.525,18552.73749999999,460.1500000000233,172656.5375,-12206.25,141039.9125,74125.0375,-0.4375,0.6125,-0.16249999999999432,-0.15000000000000036,-0.33750000000000036,-0.09999999999999432,0.2375,0.1499999999999999,0.6875,0.675,0.175,0.7625000000000028
-17298.88750000001,169750.55000000005,18060.274999999994,158486.525,18615.73749999999,367.1500000000233,172818.5375,-12103.25,141081.9125,74195.0375,-0.4375,0.6125,-1.1624999999999943,-0.15000000000000036,-0.33750000000000036,-0.09999999999999432,0.2375,0.1499999999999999,0.6875,-0.32499999999999996,0.175,-0.23749999999999716
-17315.88750000001,169940.55000000005,17998.274999999994,158547.525,18580.73749999999,454.1500000000233,172346.5375,-12134.25,141097.9125,74141.0375,0.5625,-0.38749999999999996,-0.16249999999999432,-0.15000000000000036,-0.33750000000000036,-1.0999999999999943,0.2375,0.1499999999999999,0.6875,-0.32499999999999996,0.175,-1.2374999999999972
-17473.88750000001,169859.55000000005,17906.274999999994,158909.525,18546.73749999999,363.1500000000233,172266.5375,-12128.25,141098.9125,74093.0375,0.5625,-0.38749999999999996,-1.1624999999999943,-0.15000000000000036,0.6624999999999996,-0.09999999999999432,0.2375,0.1499999999999999,-0.3125,-0.32499999999999996,-0.825,0.7625000000000028
-17774.88750000001,169331.55000000005,18058.274999999994,158884.525,18662.73749999999,374.1500000000233,172306.5375,-12118.25,140909.9125,74205.0375,-0.4375,0.6125,-0.16249999999999432,-0.15000000000000036,-0.33750000000000036,-0.09999999999999432,0.2375,0.1499999999999999,-0.3125,-0.32499999999999996,-0.825,0.7625000000000028
-17770.88750000001,169509.55000000005,18054.274999999994,159009.525,18513.73749999999,389.1500000000233,172107.5375,-12161.25,140842.9125,74154.0375,-0.4375,-0.38749999999999996,-0.16249999999999432,-0.15000000000000036,-0.33750000000000036,-0.09999999999999432,0.2375,0.1499999999999999,0.6875,-0.32499999999999996,0.175,-0.23749999999999716
-17661.88750000001,169879.55000000005,17866.274999999994,159076.525,18638.73749999999,473.1500000000233,172379.5375,-12146.25,140898.9125,74157.0375,-0.4375,0.6125,-0.16249999999999432,-0.15000000000000036,-0.33750000000000036,-1.0999999999999943,-0.7625,0.1499999999999999,-0.3125,-1.325,0.175,0.7625000000000028
-17331.88750000001,169763.55000000005,17816.274999999994,158873.525,18643.73749999999,349.1500000000233,172153.5375,-12065.25,140941.9125,74106.0375,0.5625,-0.38749999999999996,-1.1624999999999943,-0.15000000000000036,0.6624999999999996,-0.09999999999999432,0.2375,0.1499999999999999,-0.3125,-0.32499999999999996,0.175,0.7625000000000028
-17319.88750000001,169738.55000000005,17933.274999999994,158781.525,18586.73749999999,394.1500000000233,171848.5375,-12029.25,140891.9125,74143.0375,-0.4375,0.6125,-0.16249999999999432,-0.15000000000000036,-0.33750000000000036,-0.09999999999999432,0.2375,0.1499999999999999,-0.3125,-0.32499999999999996,0.175,-0.23749999999999716
-17269.88750000001,169844.55000000005,17956.274999999994,158546.525,18642.73749999999,479.1500000000233,172008.5375,-11967.25,140775.9125,73972.0375,-0.4375,0.6125,0.8375000000000057,0.8499999999999996,-0.33750000000000036,-0.09999999999999432,-0.7625,0.1499999999999999,-0.3125,-0.32499999999999996,0.175,0.7625000000000028
-17254.88750000001,169927.55000000005,17948.274999999994,158462.525,18583.73749999999,362.1500000000233,172921.5375,-12232.25,140868.9125,73939.0375,-0.4375,-0.38749999999999996,-1.1624999999999943,-0.15000000000000036,-0.33750000000000036,-0.09999999999999432,0.2375,0.1499999999999999,-0.3125,-0.32499999999999996,0.175,-0.23749999999999716
-17245.88750000001,169874.55000000005,17937.274999999994,158437.525,18543.73749999999,381.1500000000233,173093.5375,-12226.25,140833.9125,74078.0375,0.5625,0.6125,-0.16249999999999432,-0.15000000000000036,-0.33750000000000036,-1.0999999999999943,0.2375,0.1499999999999999,-0.3125,0.675,-0.825,-0.23749999999999716
-17212.88750000001,169700.55000000005,17973.274999999994,158585.525,18453.73749999999,399.1500000000233,172735.5375,-12196.25,140800.9125,74096.0375,-0.4375,0.6125,0.8375000000000057,-0.15000000000000036,-0.33750000000000036,-0.09999999999999432,0.2375,0.1499999999999999,-0.3125,-0.32499999999999996,-0.825,-0.23749999999999716
-17676.88750000001,169291.55000000005,18081.274999999994,158791.525,18756.73749999999,266.1500000000233,171832.5375,-12108.25,140999.9125,74094.0375,-0.4375,-0.38749999999999996,-0.16249999999999432,-0.15000000000000036,-0.33750000000000036,-1.0999999999999943,-0.7625,0.1499999999999999,0.6875,-0.32499999999999996,0.175,0.7625000000000028
-17908.88750000001,169099.55000000005,18014.274999999994,158942.525,18724.73749999999,141.15000000002328,172108.5375,-12236.25,140959.9125,74038.0375,-0.4375,0.6125,-0.16249999999999432,0.8499999999999996,0.6624999999999996,-1.0999999999999943,0.2375,0.1499999999999999,-0.3125,-0.32499999999999996,0.175,0.7625000000000028
-17914.88750000001,169187.55000000005,17981.274999999994,159174.525,19005.73749999999,141.15000000002328,172778.5375,-12131.25,141096.9125,74326.0375,0.5625,-0.38749999999999996,-0.16249999999999432,-0.15000000000000036,-0.33750000000000036,-0.09999999999999432,-0.7625,0.1499999999999999,0.6875,-0.32499999999999996,0.175,0.7625000000000028
-17722.88750000001,169442.55000000005,17910.274999999994,159023.525,18720.73749999999,180.15000000002328,172543.5375,-12159.25,141115.9125,74266.0375,-0.4375,0.6125,-0.16249999999999432,-0.15000000000000036,-0.33750000000000036,-0.09999999999999432,0.2375,0.1499999999999999,0.6875,-1.325,0.175,0.7625000000000028
-17623.88750000001,169397.55000000005,18055.274999999994,158863.525,18745.73749999999,319.1500000000233,172617.5375,-12142.25,141134.9125,74278.0375,-0.4375,-0.38749999999999996,0.8375000000000057,-0.15000000000000036,-0.33750000000000036,-0.09999999999999432,0.2375,0.1499999999999999,-0.3125,-0.32499999999999996,0.175,-0.23749999999999716
-17478.88750000001,169532.55000000005,18044.274999999994,158740.525,18727.73749999999,316.1500000000233,172501.5375,-12136.25,140983.9125,74171.0375,-0.4375,0.6125,-1.1624999999999943,0.8499999999999996,-0.33750000000000036,0.9000000000000057,0.2375,-0.8500000000000001,-0.3125,0.675,0.175,0.7625000000000028
-17305.88750000001,169505.55000000005,17935.274999999994,158557.525,18900.73749999999,343.1500000000233,172379.5375,-12142.25,140782.9125,73946.0375,-0.4375,-0.38749999999999996,-0.16249999999999432,0.8499999999999996,-0.33750000000000036,-0.09999999999999432,-0.7625,-0.8500000000000001,0.6875,-0.32499999999999996,0.175,-0.23749999999999716
-17247.88750000001,169436.55000000005,17882.274999999994,158568.525,18551.73749999999,258.1500000000233,172037.5375,-11967.25,140801.9125,74186.0375,0.5625,0.6125,-1.1624999999999943,-0.15000000000000036,-0.33750000000000036,0.9000000000000057,0.2375,0.1499999999999999,-0.3125,-1.325,0.175,0.7625000000000028
-17253.88750000001,169492.55000000005,17942.274999999994,158582.525,18562.73749999999,351.1500000000233,172663.5375,-11990.25,140844.9125,74018.0375,-0.4375,0.6125,-0.16249999999999432,-0.15000000000000036,0.6624999999999996,-0.09999999999999432,0.2375,0.1499999999999999,0.6875,-0.32499999999999996,0.175,0.7625000000000028
