FPI,SPI,AI,SFI,FFI,FPD,SPD,AD,SFD,FFD,API_X,API_Y,API_Z,APD_X,APD_Y,APD_Z,AFD_X,AFD_Y,AFD_Z,AFI_X,AFI_Y,AFI_Z
31.60000000000582,-71.83750000002328,-77.33749999999418,191.625,-40.54999999998836,-71.38750000001164,-1007.125,-219.51250000001164,268.9250000000029,-585.875,-0.5499999999999998,-0.22499999999999998,-0.4124999999999943,0.02499999999999991,-0.34999999999999964,-0.8125,0.2125,-0.8624999999999998,0.6375000000000002,-0.19999999999999996,0.0125,1.3250000000000028
-6.399999999994179,-252.83750000002328,-63.33749999999418,109.625,-180.54999999998836,-103.38750000001164,73.875,-217.51250000001164,271.9250000000029,-380.875,0.4500000000000002,-0.22499999999999998,-0.4124999999999943,-0.9750000000000001,0.6500000000000004,0.1875,0.2125,0.13750000000000018,-0.3624999999999998,-0.19999999999999996,0.0125,0.32500000000000284
151.60000000000582,-184.83750000002328,58.66250000000582,-5.375,-208.54999999998836,-23.38750000001164,-268.125,-51.51250000001164,220.9250000000029,-365.875,-0.5499999999999998,-0.22499999999999998,-0.4124999999999943,0.02499999999999991,-0.34999999999999964,-0.8125,0.2125,0.13750000000000018,0.6375000000000002,-0.19999999999999996,0.0125,0.32500000000000284
111.60000000000582,-320.8375000000233,-3.3374999999941792,145.625,-50.54999999998836,3.6124999999883585,-1713.125,110.48749999998836,184.9250000000029,-243.875,-0.5499999999999998,-0.22499999999999998,-0.4124999999999943,0.02499999999999991,0.6500000000000004,0.1875,0.2125,0.13750000000000018,0.6375000000000002,-0.19999999999999996,0.0125,-0.6749999999999972
68.60000000000582,-173.83750000002328,-81.33749999999418,211.625,-28.54999999998836,-78.38750000001164,-1345.125,58.48749999998836,141.9250000000029,-82.875,-0.5499999999999998,-0.22499999999999998,-0.4124999999999943,0.02499999999999991,-0.34999999999999964,0.1875,-0.7875,0.13750000000000018,-0.3624999999999998,0.8,0.0125,-0.6749999999999972
27.60000000000582,-238.83750000002328,-60.33749999999418,126.625,-213.54999999998836,81.61249999998836,859.875,-23.51250000001164,124.92500000000291,-248.875,-0.5499999999999998,-0.22499999999999998,-0.4124999999999943,0.02499999999999991,0.6500000000000004,0.1875,0.2125,-0.8624999999999998,-0.3624999999999998,0.8,0.0125,0.32500000000000284
43.60000000000582,68.16249999997672,-66.33749999999418,51.625,-26.54999999998836,71.61249999998836,2259.875,-39.51250000001164,256.9250000000029,-90.875,-0.5499999999999998,-0.22499999999999998,-0.4124999999999943,0.02499999999999991,0.6500000000000004,0.1875,0.2125,0.13750000000000018,-0.3624999999999998,-0.19999999999999996,0.0125,0.32500000000000284
204.60000000000582,-94.83750000002328,28.66250000000582,61.625,-19.54999999998836,34.61249999998836,-670.125,13.487499999988358,128.9250000000029,43.125,0.4500000000000002,-0.22499999999999998,-0.4124999999999943,0.02499999999999991,0.6500000000000004,0.1875,0.2125,0.13750000000000018,-0.3624999999999998,-0.19999999999999996,0.0125,0.32500000000000284
238.60000000000582,-278.8375000000233,-43.33749999999418,158.625,94.45000000001164,94.61249999998836,-785.125,142.48749999998836,230.9250000000029,222.125,0.4500000000000002,-0.22499999999999998,-0.4124999999999943,0.02499999999999991,0.6500000000000004,0.1875,-0.7875,0.13750000000000018,0.6375000000000002,0.8,0.0125,-1.6749999999999972
-49.39999999999418,-69.83750000002328,-70.33749999999418,262.625,141.45000000001164,-27.38750000001164,-620.125,110.48749999998836,277.9250000000029,-115.875,-0.5499999999999998,0.775,1.5875000000000057,0.02499999999999991,0.6500000000000004,-1.8125,0.2125,0.13750000000000018,0.6375000000000002,-0.19999999999999996,1.0125,-0.6749999999999972
-153.39999999999418,67.16249999997672,68.66250000000582,83.625,46.45000000001164,99.61249999998836,549.875,78.48749999998836,157.9250000000029,-38.875,-0.5499999999999998,-0.22499999999999998,-0.4124999999999943,0.02499999999999991,-0.34999999999999964,-0.8125,0.2125,0.13750000000000018,-0.3624999999999998,-0.19999999999999996,0.0125,-0.6749999999999972
-14.39999999999418,-82.83750000002328,215.66250000000582,-65.375,48.45000000001164,216.61249999998836,-217.125,-5.5125000000116415,72.92500000000291,-141.875,-0.5499999999999998,-0.22499999999999998,0.5875000000000057,-0.9750000000000001,0.6500000000000004,-0.8125,-0.7875,0.13750000000000018,-0.3624999999999998,-0.19999999999999996,0.0125,-0.6749999999999972
-2.3999999999941792,-307.8375000000233,140.66250000000582,141.625,66.45000000001164,177.61249999998836,-451.125,114.48749999998836,42.92500000000291,34.125,0.4500000000000002,-0.22499999999999998,-0.4124999999999943,0.02499999999999991,0.6500000000000004,-0.8125,0.2125,0.13750000000000018,-0.3624999999999998,0.8,0.0125,-0.6749999999999972
128.60000000000582,-184.83750000002328,-8.33749999999418,228.625,61.45000000001164,51.61249999998836,57.875,-21.51250000001164,130.9250000000029,54.125,0.4500000000000002,0.775,-0.4124999999999943,0.02499999999999991,0.6500000000000004,1.1875,-0.7875,0.13750000000000018,-0.3624999999999998,0.8,0.0125,0.32500000000000284
16.60000000000582,-68.83750000002328,44.66250000000582,129.625,-15.549999999988358,173.61249999998836,931.875,-93.51250000001164,133.9250000000029,-71.875,0.4500000000000002,-0.22499999999999998,-1.4124999999999943,0.02499999999999991,0.6500000000000004,1.1875,-0.7875,0.13750000000000018,-0.3624999999999998,-0.19999999999999996,0.0125,0.32500000000000284
122.60000000000582,-115.83750000002328,93.66250000000582,148.625,-123.54999999998836,223.61249999998836,-377.125,93.48749999998836,301.9250000000029,-257.875,0.4500000000000002,-0.22499999999999998,-0.4124999999999943,0.02499999999999991,-0.34999999999999964,0.1875,0.2125,0.13750000000000018,0.6375000000000002,-1.2,0.0125,0.32500000000000284
104.60000000000582,-67.83750000002328,37.66250000000582,293.625,-312.54999999998836,220.61249999998836,1264.875,178.48749999998836,334.9250000000029,-322.875,0.4500000000000002,-0.22499999999999998,-1.4124999999999943,1.025,-1.3499999999999996,0.1875,0.2125,0.13750000000000018,-0.3624999999999998,-0.19999999999999996,0.0125,1.3250000000000028
64.60000000000582,193.16249999997672,-50.33749999999418,339.625,-75.54999999998836,183.61249999998836,1045.875,-112.51250000001164,291.9250000000029,-388.875,-0.5499999999999998,-0.22499999999999998,2.5875000000000057,1.025,-0.34999999999999964,-0.8125,0.2125,0.13750000000000018,0.6375000000000002,-1.2,0.0125,-0.6749999999999972
93.60000000000582,-15.837500000023283,-74.33749999999418,260.625,7.4500000000116415,187.61249999998836,-312.125,-72.51250000001164,356.9250000000029,-229.875,-0.5499999999999998,-0.22499999999999998,-0.4124999999999943,0.02499999999999991,-0.34999999999999964,-0.8125,0.2125,0.13750000000000018,0.6375000000000002,-0.19999999999999996,0.0125,1.3250000000000028
-73.39999999999418,117.16249999997672,18.66250000000582,347.625,307.45000000001164,-3.3875000000116415,-617.125,110.48749999998836,135.9250000000029,-403.875,0.4500000000000002,-0.22499999999999998,0.5875000000000057,0.02499999999999991,-0.34999999999999964,0.1875,0.2125,0.13750000000000018,-0.3624999999999998,-0.19999999999999996,0.0125,0.32500000000000284
209.60000000000582,-31.837500000023283,14.66250000000582,325.625,237.45000000001164,106.61249999998836,222.875,47.48749999998836,304.9250000000029,-212.875,-0.5499999999999998,-0.22499999999999998,-0.4124999999999943,0.02499999999999991,-0.34999999999999964,1.1875,0.2125,0.13750000000000018,0.6375000000000002,-0.19999999999999996,0.0125,0.32500000000000284
191.60000000000582,85.16249999997672,-2.3374999999941792,194.625,2.4500000000116415,80.61249999998836,519.875,4.4874999999883585,341.9250000000029,-246.875,-0.5499999999999998,-0.22499999999999998,-0.4124999999999943,0.02499999999999991,0.6500000000000004,1.1875,0.2125,-0.8624999999999998,0.6375000000000002,-0.19999999999999996,0.0125,0.32500000000000284
-50.39999999999418,35.16249999997672,-125.33749999999418,136.625,-199.54999999998836,18.61249999998836,888.875,-137.51250000001164,339.9250000000029,-146.875,-0.5499999999999998,-0.22499999999999998,0.5875000000000057,0.02499999999999991,-0.34999999999999964,-0.8125,-0.7875,0.13750000000000018,-0.3624999999999998,-0.19999999999999996,0.0125,-0.6749999999999972
-126.39999999999418,-199.83750000002328,-131.33749999999418,101.625,-203.54999999998836,225.61249999998836,330.875,-60.51250000001164,479.9250000000029,-43.875,-0.5499999999999998,0.775,-0.4124999999999943,-0.9750000000000001,-0.34999999999999964,0.1875,0.2125,-0.8624999999999998,-0.3624999999999998,-1.2,1.0125,-0.6749999999999972
-34.39999999999418,-38.83750000002328,18.66250000000582,219.625,-26.54999999998836,66.61249999998836,-65.125,119.48749999998836,495.9250000000029,81.125,0.4500000000000002,-0.22499999999999998,-0.4124999999999943,0.02499999999999991,-0.34999999999999964,-0.8125,0.2125,0.13750000000000018,-0.3624999999999998,0.8,0.0125,0.32500000000000284
88.60000000000582,-151.83750000002328,70.66250000000582,270.625,5.4500000000116415,17.61249999998836,-751.125,140.48749999998836,640.9250000000029,-263.875,0.4500000000000002,0.775,-0.4124999999999943,-0.9750000000000001,-0.34999999999999964,-0.8125,0.2125,-0.8624999999999998,-0.3624999999999998,-0.19999999999999996,0.0125,0.32500000000000284
23.60000000000582,-222.83750000002328,139.66250000000582,216.625,222.45000000001164,38.61249999998836,-530.125,76.48749999998836,477.9250000000029,-456.875,0.4500000000000002,0.775,-0.4124999999999943,0.02499999999999991,0.6500000000000004,-0.8125,0.2125,0.13750000000000018,0.6375000000000002,-0.19999999999999996,0.0125,0.32500000000000284
-130.39999999999418,-19.837500000023283,39.66250000000582,215.625,446.45000000001164,4.6124999999883585,953.875,79.48749999998836,511.9250000000029,-466.875,0.4500000000000002,-0.22499999999999998,-0.4124999999999943,0.02499999999999991,0.6500000000000004,0.1875,0.2125,0.13750000000000018,-0.3624999999999998,-0.19999999999999996,0.0125,0.32500000000000284
-16.39999999999418,111.16249999997672,185.66250000000582,206.625,127.45000000001164,3.6124999999883585,-163.125,-20.51250000001164,379.9250000000029,-4.875,0.4500000000000002,-0.22499999999999998,0.5875000000000057,0.02499999999999991,-0.34999999999999964,1.1875,0.2125,0.13750000000000018,0.6375000000000002,-0.19999999999999996,0.0125,-0.6749999999999972
-1.3999999999941792,146.16249999997672,176.66250000000582,241.625,-42.54999999998836,10.612499999988358,548.875,20.48749999998836,381.9250000000029,-139.875,-0.5499999999999998,-0.22499999999999998,-0.4124999999999943,0.02499999999999991,-0.34999999999999964,0.1875,0.2125,0.13750000000000018,0.6375000000000002,-0.19999999999999996,-0.9875,-0.6749999999999972
-99.39999999999418,188.16249999997672,294.6625000000058,415.625,-118.54999999998836,3.6124999999883585,-211.125,-56.51250000001164,551.9250000000029,-39.875,-0.5499999999999998,0.775,-0.4124999999999943,0.02499999999999991,-0.34999999999999964,-0.8125,0.2125,0.13750000000000018,-0.3624999999999998,-0.19999999999999996,0.0125,-1.6749999999999972
-90.39999999999418,214.16249999997672,368.6625000000058,380.625,-10.549999999988358,56.61249999998836,-145.125,-254.51250000001164,424.9250000000029,206.125,-0.5499999999999998,0.775,-0.4124999999999943,0.02499999999999991,-0.34999999999999964,0.1875,-0.7875,-0.8624999999999998,-0.3624999999999998,-0.19999999999999996,0.0125,-0.6749999999999972
-62.39999999999418,-24.837500000023283,192.66250000000582,458.625,-7.5499999999883585,-30.38750000001164,686.875,-79.51250000001164,189.9250000000029,13.125,0.4500000000000002,-0.22499999999999998,0.5875000000000057,0.02499999999999991,-0.34999999999999964,-0.8125,0.2125,0.13750000000000018,-0.3624999999999998,0.8,0.0125,1.3250000000000028
-18.39999999999418,-131.83750000002328,-11.33749999999418,651.625,138.45000000001164,21.61249999998836,605.875,75.48749999998836,186.9250000000029,57.125,-0.5499999999999998,-0.22499999999999998,-0.4124999999999943,0.02499999999999991,0.6500000000000004,-0.8125,0.2125,-0.8624999999999998,0.6375000000000002,0.8,-0.9875,1.3250000000000028
-92.39999999999418,-60.83750000002328,34.66250000000582,540.625,-88.54999999998836,101.61249999998836,85.875,-116.51250000001164,154.9250000000029,-44.875,1.4500000000000002,-0.22499999999999998,0.5875000000000057,0.02499999999999991,-0.34999999999999964,0.1875,0.2125,0.13750000000000018,-0.3624999999999998,-0.19999999999999996,-0.9875,0.32500000000000284
-103.39999999999418,173.16249999997672,82.66250000000582,411.625,39.45000000001164,202.61249999998836,355.875,-63.51250000001164,53.92500000000291,-278.875,-0.5499999999999998,-0.22499999999999998,0.5875000000000057,0.02499999999999991,0.6500000000000004,0.1875,0.2125,0.13750000000000018,-0.3624999999999998,-0.19999999999999996,0.0125,-0.6749999999999972
-212.39999999999418,200.16249999997672,-88.33749999999418,448.625,-70.54999999998836,123.61249999998836,511.875,23.48749999998836,117.92500000000291,-170.875,0.4500000000000002,-0.22499999999999998,-0.4124999999999943,0.02499999999999991,-0.34999999999999964,1.1875,0.2125,0.13750000000000018,-0.3624999999999998,-0.19999999999999996,0.0125,-0.6749999999999972
36.60000000000582,-12.837500000023283,30.66250000000582,374.625,217.45000000001164,80.61249999998836,404.875,-154.51250000001164,-63.07499999999709,-351.875,0.4500000000000002,-0.22499999999999998,-1.4124999999999943,-0.9750000000000001,-0.34999999999999964,-0.8125,-0.7875,-0.8624999999999998,-0.3624999999999998,0.8,0.0125,1.3250000000000028
67.60000000000582,13.162499999976717,8.66250000000582,307.625,238.45000000001164,-60.38750000001164,669.875,-19.51250000001164,-114.07499999999709,-141.875,0.4500000000000002,-0.22499999999999998,0.5875000000000057,-0.9750000000000001,-0.34999999999999964,0.1875,0.2125,0.13750000000000018,0.6375000000000002,-0.19999999999999996,0.0125,0.32500000000000284
17.60000000000582,-179.83750000002328,15.66250000000582,334.625,-113.54999999998836,-16.38750000001164,865.875,-48.51250000001164,-82.07499999999709,-402.875,-0.5499999999999998,0.775,0.5875000000000057,0.02499999999999991,-0.34999999999999964,-0.8125,0.2125,-0.8624999999999998,0.6375000000000002,-0.19999999999999996,0.0125,-0.6749999999999972
40.60000000000582,-0.8375000000232831,29.66250000000582,313.625,-69.54999999998836,-82.38750000001164,399.875,-68.51250000001164,-154.0749999999971,-295.875,-0.5499999999999998,0.775,0.5875000000000057,0.02499999999999991,0.6500000000000004,0.1875,0.2125,-0.8624999999999998,0.6375000000000002,0.8,0.0125,0.32500000000000284
71.60000000000582,-201.83750000002328,-8.33749999999418,-14.375,62.45000000001164,106.61249999998836,192.875,-67.51250000001164,21.92500000000291,-381.875,-0.5499999999999998,-0.22499999999999998,0.5875000000000057,0.02499999999999991,-0.34999999999999964,0.1875,0.2125,-0.8624999999999998,-0.3624999999999998,-0.19999999999999996,0.0125,-0.6749999999999972
153.60000000000582,-343.8375000000233,-4.337499999994179,-103.375,-121.54999999998836,36.61249999998836,6.875,-19.51250000001164,33.92500000000291,-431.875,-0.5499999999999998,-0.22499999999999998,-0.4124999999999943,0.02499999999999991,-0.34999999999999964,0.1875,0.2125,0.13750000000000018,-0.3624999999999998,0.8,0.0125,-0.6749999999999972
172.60000000000582,-334.8375000000233,-130.33749999999418,193.625,-178.54999999998836,-138.38750000001164,258.875,-71.51250000001164,127.92500000000291,-428.875,-0.5499999999999998,-0.22499999999999998,-2.4124999999999943,-0.9750000000000001,-0.34999999999999964,0.1875,0.2125,0.13750000000000018,-0.3624999999999998,-0.19999999999999996,0.0125,0.32500000000000284
93.60000000000582,-18.837500000023283,-87.33749999999418,255.625,-316.54999999998836,-194.38750000001164,-853.125,-7.5125000000116415,108.92500000000291,-164.875,0.4500000000000002,-0.22499999999999998,0.5875000000000057,0.02499999999999991,-0.34999999999999964,-0.8125,0.2125,0.13750000000000018,-0.3624999999999998,-0.19999999999999996,0.0125,-0.6749999999999972
-174.39999999999418,267.1624999999767,-38.33749999999418,34.625,15.450000000011642,-122.38750000001164,-532.125,-37.51250000001164,-27.07499999999709,-21.875,-0.5499999999999998,-0.22499999999999998,0.5875000000000057,-0.9750000000000001,0.6500000000000004,0.1875,0.2125,-0.8624999999999998,0.6375000000000002,-1.2,0.0125,0.32500000000000284
-42.39999999999418,-465.8375000000233,49.66250000000582,11.625,18.45000000001164,154.61249999998836,-169.125,3.4874999999883585,27.92500000000291,-278.875,-0.5499999999999998,-0.22499999999999998,-0.4124999999999943,0.02499999999999991,0.6500000000000004,-0.8125,-0.7875,0.13750000000000018,0.6375000000000002,0.8,0.0125,0.32500000000000284
94.60000000000582,-213.83750000002328,-8.33749999999418,-44.375,-81.54999999998836,154.61249999998836,391.875,-43.51250000001164,-81.07499999999709,-483.875,0.4500000000000002,-1.225,0.5875000000000057,0.02499999999999991,0.6500000000000004,-0.8125,0.2125,0.13750000000000018,0.6375000000000002,-0.19999999999999996,0.0125,-0.6749999999999972
134.60000000000582,116.16249999997672,-4.337499999994179,-45.375,-122.54999999998836,-132.38750000001164,697.875,-8.512500000011642,-253.0749999999971,-359.875,-0.5499999999999998,0.775,0.5875000000000057,0.02499999999999991,0.6500000000000004,0.1875,0.2125,0.13750000000000018,0.6375000000000002,0.8,1.0125,-0.6749999999999972
0.6000000000058208,349.1624999999767,-228.33749999999418,-60.375,229.45000000001164,161.61249999998836,-965.125,-75.51250000001164,-392.0749999999971,-253.875,0.4500000000000002,0.775,-0.4124999999999943,-0.9750000000000001,-0.34999999999999964,1.1875,0.2125,0.13750000000000018,-0.3624999999999998,0.8,0.0125,-0.6749999999999972
-67.39999999999418,79.16249999997672,-102.33749999999418,-121.375,212.45000000001164,155.61249999998836,-253.125,-40.51250000001164,-468.0749999999971,-246.875,0.4500000000000002,-0.22499999999999998,-0.4124999999999943,0.02499999999999991,-0.34999999999999964,0.1875,-0.7875,0.13750000000000018,1.6375000000000002,-1.2,0.0125,-0.6749999999999972
-47.39999999999418,-115.83750000002328,105.66250000000582,-299.375,107.45000000001164,78.61249999998836,-135.125,-123.51250000001164,-462.0749999999971,-267.875,0.4500000000000002,-0.22499999999999998,0.5875000000000057,0.02499999999999991,-0.34999999999999964,0.1875,-0.7875,0.13750000000000018,-0.3624999999999998,-0.19999999999999996,0.0125,0.32500000000000284
89.60000000000582,-339.8375000000233,-40.33749999999418,-127.375,-62.54999999998836,-17.38750000001164,623.875,-30.51250000001164,-449.0749999999971,-390.875,-0.5499999999999998,0.775,0.5875000000000057,-0.9750000000000001,-0.34999999999999964,0.1875,0.2125,1.1375000000000002,0.6375000000000002,-0.19999999999999996,0.0125,-0.6749999999999972
147.60000000000582,18.162499999976717,-130.33749999999418,-111.375,-34.54999999998836,148.61249999998836,-600.125,129.48749999998836,-425.0749999999971,-290.875,0.4500000000000002,-0.22499999999999998,-1.4124999999999943,0.02499999999999991,0.6500000000000004,0.1875,0.2125,-0.8624999999999998,0.6375000000000002,-0.19999999999999996,0.0125,1.3250000000000028
145.60000000000582,46.16249999997672,-52.33749999999418,-211.375,2.4500000000116415,234.61249999998836,-921.125,69.48749999998836,-260.0749999999971,-362.875,0.4500000000000002,-0.22499999999999998,-0.4124999999999943,0.02499999999999991,-0.34999999999999964,0.1875,0.2125,0.13750000000000018,-0.3624999999999998,0.8,0.0125,-0.6749999999999972
-37.39999999999418,-338.8375000000233,-91.33749999999418,-261.375,16.45000000001164,335.61249999998836,613.875,6.4874999999883585,-442.0749999999971,-140.875,0.4500000000000002,0.775,-0.4124999999999943,0.02499999999999991,0.6500000000000004,0.1875,0.2125,0.13750000000000018,0.6375000000000002,0.8,0.0125,0.32500000000000284
-20.39999999999418,105.16249999997672,-61.33749999999418,-233.375,5.4500000000116415,194.61249999998836,-65.125,-164.51250000001164,-402.0749999999971,-157.875,-0.5499999999999998,-0.22499999999999998,0.5875000000000057,0.02499999999999991,-0.34999999999999964,-0.8125,0.2125,-0.8624999999999998,0.6375000000000002,-0.19999999999999996,-0.9875,0.32500000000000284
72.60000000000582,-184.83750000002328,4.662500000005821,-52.375,-13.549999999988358,110.61249999998836,123.875,47.48749999998836,-299.0749999999971,-384.875,0.4500000000000002,0.775,-0.4124999999999943,0.02499999999999991,-0.34999999999999964,-0.8125,0.2125,0.13750000000000018,-0.3624999999999998,-1.2,1.0125,-0.6749999999999972
8.60000000000582,-223.83750000002328,-165.33749999999418,-33.375,-393.54999999998836,225.61249999998836,-652.125,32.48749999998836,-405.0749999999971,-436.875,0.4500000000000002,-0.22499999999999998,0.5875000000000057,-0.9750000000000001,0.6500000000000004,0.1875,0.2125,0.13750000000000018,-0.3624999999999998,-0.19999999999999996,0.0125,0.32500000000000284
-0.39999999999417923,-52.83750000002328,-31.33749999999418,3.625,-407.54999999998836,60.61249999998836,-302.125,-147.51250000001164,-477.0749999999971,-102.875,-0.5499999999999998,-0.22499999999999998,-0.4124999999999943,-0.9750000000000001,0.6500000000000004,0.1875,0.2125,-0.8624999999999998,0.6375000000000002,-0.19999999999999996,0.0125,-0.6749999999999972
-119.39999999999418,-294.8375000000233,62.66250000000582,-70.375,64.45000000001164,19.61249999998836,79.875,-89.51250000001164,-417.0749999999971,-193.875,-0.5499999999999998,-0.22499999999999998,-0.4124999999999943,0.02499999999999991,0.6500000000000004,0.1875,0.2125,0.13750000000000018,-0.3624999999999998,-0.19999999999999996,0.0125,0.32500000000000284
-72.39999999999418,-463.8375000000233,158.66250000000582,7.625,57.45000000001164,8.612499999988358,5.875,67.48749999998836,-418.0749999999971,-247.875,-0.5499999999999998,-0.22499999999999998,0.5875000000000057,0.02499999999999991,-0.34999999999999964,0.1875,-0.7875,0.13750000000000018,0.6375000000000002,0.8,0.0125,1.3250000000000028
-28.39999999999418,-245.83750000002328,89.66250000000582,113.625,-187.54999999998836,94.61249999998836,570.875,70.48749999998836,-366.0749999999971,-69.875,0.4500000000000002,-0.22499999999999998,-0.4124999999999943,0.02499999999999991,0.6500000000000004,0.1875,-0.7875,0.13750000000000018,-0.3624999999999998,-0.19999999999999996,0.0125,-0.6749999999999972
212.60000000000582,-76.83750000002328,48.66250000000582,129.625,-175.54999999998836,50.61249999998836,-428.125,-52.51250000001164,-226.0749999999971,-70.875,-0.5499999999999998,-0.22499999999999998,1.5875000000000057,0.02499999999999991,-0.34999999999999964,0.1875,0.2125,0.13750000000000018,0.6375000000000002,-0.19999999999999996,0.0125,0.32500000000000284
266.6000000000058,-286.8375000000233,39.66250000000582,14.625,-83.54999999998836,89.61249999998836,827.875,-35.51250000001164,-473.0749999999971,-14.875,0.4500000000000002,-0.22499999999999998,-0.4124999999999943,-0.9750000000000001,-0.34999999999999964,0.1875,0.2125,0.13750000000000018,-0.3624999999999998,-0.19999999999999996,0.0125,-0.6749999999999972
261.6000000000058,11.162499999976717,107.66250000000582,10.625,-60.54999999998836,164.61249999998836,360.875,-81.51250000001164,-376.0749999999971,-364.875,-0.5499999999999998,0.775,0.5875000000000057,-0.9750000000000001,0.6500000000000004,-0.8125,0.2125,0.13750000000000018,0.6375000000000002,-0.19999999999999996,0.0125,-0.6749999999999972
212.60000000000582,456.1624999999767,-36.33749999999418,127.625,-246.54999999998836,74.61249999998836,-660.125,-132.51250000001164,-299.0749999999971,-434.875,-0.5499999999999998,-0.22499999999999998,-0.4124999999999943,1.025,0.6500000000000004,0.1875,-0.7875,0.13750000000000018,-0.3624999999999998,-0.19999999999999996,0.0125,0.32500000000000284
140.60000000000582,66.16249999997672,82.66250000000582,105.625,152.45000000001164,-64.38750000001164,-10.125,64.48749999998836,-310.0749999999971,-569.875,-0.5499999999999998,-0.22499999999999998,-0.4124999999999943,-0.9750000000000001,0.6500000000000004,1.1875,0.2125,0.13750000000000018,0.6375000000000002,-0.19999999999999996,1.0125,0.32500000000000284
53.60000000000582,-9.837500000023283,177.66250000000582,76.625,-3.5499999999883585,10.612499999988358,-588.125,164.48749999998836,-307.0749999999971,-348.875,0.4500000000000002,-0.22499999999999998,0.5875000000000057,0.02499999999999991,0.6500000000000004,0.1875,0.2125,0.13750000000000018,-0.3624999999999998,0.8,0.0125,-0.6749999999999972
85.60000000000582,-157.83750000002328,130.66250000000582,67.625,143.45000000001164,53.61249999998836,-830.125,81.48749999998836,-234.0749999999971,-231.875,-0.5499999999999998,-0.22499999999999998,1.5875000000000057,0.02499999999999991,0.6500000000000004,0.1875,-0.7875,0.13750000000000018,-0.3624999999999998,0.8,-0.9875,0.32500000000000284
65.60000000000582,-54.83750000002328,46.66250000000582,-96.375,91.45000000001164,139.61249999998836,-514.125,81.48749999998836,-345.0749999999971,-97.875,0.4500000000000002,-0.22499999999999998,-0.4124999999999943,0.02499999999999991,1.6500000000000004,0.1875,0.2125,0.13750000000000018,0.6375000000000002,-0.19999999999999996,0.0125,-0.6749999999999972
167.60000000000582,-92.83750000002328,67.66250000000582,-68.375,168.45000000001164,121.61249999998836,-884.125,14.487499999988358,-271.0749999999971,-347.875,0.4500000000000002,-0.22499999999999998,-0.4124999999999943,0.02499999999999991,0.6500000000000004,0.1875,0.2125,0.13750000000000018,0.6375000000000002,-0.19999999999999996,-0.9875,-0.6749999999999972
153.60000000000582,-198.83750000002328,59.66250000000582,-35.375,-65.54999999998836,33.61249999998836,-80.125,51.48749999998836,-331.0749999999971,-642.875,-0.5499999999999998,-0.22499999999999998,0.5875000000000057,0.02499999999999991,-0.34999999999999964,0.1875,0.2125,0.13750000000000018,-0.3624999999999998,-0.19999999999999996,-0.9875,1.3250000000000028
48.60000000000582,-404.8375000000233,-43.33749999999418,-324.375,-57.54999999998836,89.61249999998836,-710.125,93.48749999998836,-560.0749999999971,-173.875,0.4500000000000002,-0.22499999999999998,-0.4124999999999943,-0.9750000000000001,0.6500000000000004,-0.8125,0.2125,0.13750000000000018,-0.3624999999999998,0.8,0.0125,-0.6749999999999972
13.60000000000582,-304.8375000000233,61.66250000000582,-80.375,-302.54999999998836,222.61249999998836,28.875,235.48749999998836,-350.0749999999971,-42.875,0.4500000000000002,-0.22499999999999998,-0.4124999999999943,0.02499999999999991,-0.34999999999999964,-0.8125,-0.7875,0.13750000000000018,-0.3624999999999998,0.8,0.0125,0.32500000000000284
139.60000000000582,111.16249999997672,50.66250000000582,-108.375,-27.54999999998836,251.61249999998836,-1253.125,106.48749999998836,-103.07499999999709,-236.875,0.4500000000000002,-2.225,0.5875000000000057,1.025,-0.34999999999999964,0.1875,-0.7875,0.13750000000000018,0.6375000000000002,-0.19999999999999996,0.0125,0.32500000000000284
123.60000000000582,197.16249999997672,-220.33749999999418,31.625,-184.54999999998836,-125.38750000001164,-382.125,-0.5125000000116415,-129.0749999999971,-143.875,0.4500000000000002,-0.22499999999999998,-0.4124999999999943,0.02499999999999991,0.6500000000000004,0.1875,-0.7875,0.13750000000000018,-1.3624999999999998,0.8,0.0125,0.32500000000000284
94.60000000000582,432.1624999999767,-292.3374999999942,96.625,36.45000000001164,-234.38750000001164,-406.125,-67.51250000001164,-39.07499999999709,-292.875,0.4500000000000002,-0.22499999999999998,0.5875000000000057,0.02499999999999991,-0.34999999999999964,1.1875,0.2125,-0.8624999999999998,-1.3624999999999998,0.8,-0.9875,0.32500000000000284
116.60000000000582,-504.8375000000233,-46.33749999999418,-33.375,-32.54999999998836,142.61249999998836,-1996.125,-68.51250000001164,50.92500000000291,-408.875,-0.5499999999999998,0.775,-0.4124999999999943,0.02499999999999991,-0.34999999999999964,0.1875,0.2125,0.13750000000000018,-0.3624999999999998,-0.19999999999999996,0.0125,-0.6749999999999972
89.60000000000582,-733.8375000000233,-116.33749999999418,-36.375,-166.54999999998836,-58.38750000001164,-645.125,121.48749999998836,71.92500000000291,-373.875,0.4500000000000002,0.775,-0.4124999999999943,0.02499999999999991,-0.34999999999999964,-0.8125,0.2125,0.13750000000000018,0.6375000000000002,0.8,0.0125,-1.6749999999999972
54.60000000000582,-437.8375000000233,-52.33749999999418,-138.375,-108.54999999998836,-67.38750000001164,-519.125,-70.51250000001164,164.9250000000029,-216.875,0.4500000000000002,0.775,0.5875000000000057,0.02499999999999991,-0.34999999999999964,0.1875,0.2125,0.13750000000000018,-0.3624999999999998,0.8,0.0125,0.32500000000000284
95.60000000000582,-478.8375000000233,154.66250000000582,-44.375,-234.54999999998836,48.61249999998836,-454.125,18.48749999998836,417.9250000000029,-315.875,-0.5499999999999998,0.775,-0.4124999999999943,0.02499999999999991,0.6500000000000004,-0.8125,0.2125,0.13750000000000018,-0.3624999999999998,-0.19999999999999996,0.0125,0.32500000000000284
133.60000000000582,66.16249999997672,52.66250000000582,53.625,-246.54999999998836,182.61249999998836,-798.125,-12.512500000011642,271.9250000000029,-403.875,0.4500000000000002,-1.225,0.5875000000000057,0.02499999999999991,0.6500000000000004,0.1875,0.2125,0.13750000000000018,-0.3624999999999998,-0.19999999999999996,-0.9875,0.32500000000000284
49.60000000000582,103.16249999997672,247.66250000000582,75.625,-161.54999999998836,105.61249999998836,-1653.125,-54.51250000001164,117.92500000000291,-351.875,-0.5499999999999998,-0.22499999999999998,-0.4124999999999943,0.02499999999999991,0.6500000000000004,0.1875,0.2125,0.13750000000000018,0.6375000000000002,-1.2,0.0125,-0.6749999999999972
-26.39999999999418,123.16249999997672,152.66250000000582,-18.375,-420.54999999998836,47.61249999998836,-1943.125,61.48749999998836,191.9250000000029,-230.875,-0.5499999999999998,0.775,0.5875000000000057,0.02499999999999991,0.6500000000000004,0.1875,0.2125,0.13750000000000018,-0.3624999999999998,-0.19999999999999996,0.0125,0.32500000000000284
34.60000000000582,306.1624999999767,-153.33749999999418,-124.375,-257.54999999998836,-44.38750000001164,-1009.125,47.48749999998836,290.9250000000029,-206.875,-0.5499999999999998,-0.22499999999999998,-1.4124999999999943,0.02499999999999991,-0.34999999999999964,0.1875,0.2125,0.13750000000000018,0.6375000000000002,-0.19999999999999996,0.0125,-0.6749999999999972
13.60000000000582,46.16249999997672,-136.33749999999418,-132.375,-253.54999999998836,-174.38750000001164,-532.125,33.48749999998836,298.9250000000029,24.125,0.4500000000000002,0.775,-0.4124999999999943,0.02499999999999991,-0.34999999999999964,0.1875,0.2125,0.13750000000000018,-0.3624999999999998,0.8,0.0125,1.3250000000000028
-124.39999999999418,25.162499999976717,25.66250000000582,92.625,-31.54999999998836,67.61249999998836,1469.875,132.48749999998836,194.9250000000029,-9.875,-0.5499999999999998,-0.22499999999999998,-0.4124999999999943,0.02499999999999991,0.6500000000000004,0.1875,0.2125,0.13750000000000018,-0.3624999999999998,-0.19999999999999996,0.0125,0.32500000000000284
-24.39999999999418,362.1624999999767,-10.33749999999418,93.625,-213.54999999998836,7.6124999999883585,1766.875,31.48749999998836,122.92500000000291,-137.875,0.4500000000000002,-0.22499999999999998,0.5875000000000057,0.02499999999999991,-0.34999999999999964,0.1875,0.2125,0.13750000000000018,-0.3624999999999998,-0.19999999999999996,0.0125,-0.6749999999999972
-65.39999999999418,435.1624999999767,-21.33749999999418,-98.375,-318.54999999998836,-21.38750000001164,799.875,-76.51250000001164,25.92500000000291,-304.875,0.4500000000000002,-0.22499999999999998,-0.4124999999999943,0.02499999999999991,0.6500000000000004,-0.8125,0.2125,0.13750000000000018,-0.3624999999999998,-0.19999999999999996,-0.9875,-0.6749999999999972
53.60000000000582,503.1624999999767,98.66250000000582,221.625,-24.54999999998836,23.61249999998836,-895.125,63.48749999998836,-22.07499999999709,-228.875,0.4500000000000002,-1.225,0.5875000000000057,0.02499999999999991,0.6500000000000004,0.1875,0.2125,0.13750000000000018,-0.3624999999999998,-0.19999999999999996,0.0125,-0.6749999999999972
23.60000000000582,547.1624999999767,150.66250000000582,417.625,-41.54999999998836,-30.38750000001164,-504.125,66.48749999998836,23.92500000000291,-110.875,0.4500000000000002,-0.22499999999999998,0.5875000000000057,0.02499999999999991,-0.34999999999999964,0.1875,0.2125,0.13750000000000018,-0.3624999999999998,-0.19999999999999996,0.0125,0.32500000000000284
-87.39999999999418,212.16249999997672,0.6625000000058208,375.625,19.45000000001164,90.61249999998836,156.875,110.48749999998836,-91.07499999999709,-342.875,0.4500000000000002,-0.22499999999999998,-0.4124999999999943,0.02499999999999991,0.6500000000000004,0.1875,0.2125,0.13750000000000018,-0.3624999999999998,-0.19999999999999996,-0.9875,-1.6749999999999972
-37.39999999999418,175.16249999997672,25.66250000000582,352.625,150.45000000001164,152.61249999998836,504.875,5.4874999999883585,-294.0749999999971,-414.875,0.4500000000000002,-0.22499999999999998,-1.4124999999999943,0.02499999999999991,-0.34999999999999964,0.1875,0.2125,0.13750000000000018,-0.3624999999999998,0.8,0.0125,0.32500000000000284
90.60000000000582,-341.8375000000233,-26.33749999999418,377.625,73.45000000001164,-88.38750000001164,-321.125,-1.5125000000116415,-143.0749999999971,34.125,0.4500000000000002,0.775,1.5875000000000057,0.02499999999999991,-0.34999999999999964,0.1875,0.2125,0.13750000000000018,-0.3624999999999998,-0.19999999999999996,0.0125,1.3250000000000028
190.60000000000582,-93.83750000002328,-118.33749999999418,354.625,41.45000000001164,-46.38750000001164,-1090.125,84.48749999998836,-256.0749999999971,-289.875,0.4500000000000002,-0.22499999999999998,0.5875000000000057,0.02499999999999991,-0.34999999999999964,0.1875,0.2125,0.13750000000000018,-0.3624999999999998,-0.19999999999999996,0.0125,0.32500000000000284
242.60000000000582,40.16249999997672,-89.33749999999418,282.625,147.45000000001164,43.61249999998836,-1859.125,200.48749999998836,-264.0749999999971,-471.875,-0.5499999999999998,-0.22499999999999998,0.5875000000000057,0.02499999999999991,-0.34999999999999964,0.1875,0.2125,-0.8624999999999998,-0.3624999999999998,-0.19999999999999996,0.0125,-0.6749999999999972
180.60000000000582,157.16249999997672,-17.33749999999418,88.625,108.45000000001164,50.61249999998836,385.875,134.48749999998836,-178.0749999999971,-228.875,0.4500000000000002,-0.22499999999999998,-0.4124999999999943,0.02499999999999991,-0.34999999999999964,0.1875,0.2125,0.13750000000000018,0.6375000000000002,0.8,0.0125,-0.6749999999999972
196.60000000000582,121.16249999997672,-81.33749999999418,189.625,3.4500000000116415,160.61249999998836,778.875,121.48749999998836,-107.07499999999709,-310.875,0.4500000000000002,-0.22499999999999998,-0.4124999999999943,0.02499999999999991,-0.34999999999999964,0.1875,-0.7875,-0.8624999999999998,-0.3624999999999998,-0.19999999999999996,0.0125,0.32500000000000284
250.60000000000582,-145.83750000002328,-88.33749999999418,151.625,59.45000000001164,52.61249999998836,240.875,286.48749999998836,36.92500000000291,-236.875,0.4500000000000002,0.775,-0.4124999999999943,0.02499999999999991,-0.34999999999999964,1.1875,0.2125,-0.8624999999999998,0.6375000000000002,-0.19999999999999996,0.0125,-0.6749999999999972
6.600000000005821,-98.83750000002328,76.66250000000582,326.625,352.45000000001164,138.61249999998836,-1160.125,86.48749999998836,92.92500000000291,-183.875,0.4500000000000002,-0.22499999999999998,-0.4124999999999943,0.02499999999999991,-0.34999999999999964,0.1875,0.2125,-0.8624999999999998,0.6375000000000002,-0.19999999999999996,0.0125,0.32500000000000284
33.60000000000582,-108.83750000002328,23.66250000000582,297.625,-235.54999999998836,65.61249999998836,-1167.125,-72.51250000001164,78.92500000000291,-216.875,-0.5499999999999998,-0.22499999999999998,0.5875000000000057,0.02499999999999991,0.6500000000000004,-0.8125,0.2125,1.1375000000000002,-0.3624999999999998,-0.19999999999999996,0.0125,-0.6749999999999972
59.60000000000582,-268.8375000000233,18.66250000000582,307.625,-440.54999999998836,39.61249999998836,-704.125,-43.51250000001164,158.9250000000029,-172.875,0.4500000000000002,-1.225,-0.4124999999999943,0.02499999999999991,-0.34999999999999964,-0.8125,0.2125,0.13750000000000018,-0.3624999999999998,-0.19999999999999996,0.0125,-0.6749999999999972
-158.39999999999418,-30.837500000023283,252.66250000000582,274.625,-461.54999999998836,-244.38750000001164,-1357.125,-34.51250000001164,603.9250000000029,-690.875,-0.5499999999999998,0.775,-0.4124999999999943,-0.9750000000000001,0.6500000000000004,0.1875,-0.7875,0.13750000000000018,-0.3624999999999998,0.8,0.0125,-0.6749999999999972
-309.3999999999942,-122.83750000002328,145.66250000000582,213.625,109.45000000001164,-154.38750000001164,-829.125,128.48749999998836,593.9250000000029,-808.875,0.4500000000000002,0.775,0.5875000000000057,1.025,0.6500000000000004,1.1875,0.2125,0.13750000000000018,-0.3624999999999998,-0.19999999999999996,0.0125,-0.6749999999999972
6.600000000005821,-10.837500000023283,-117.33749999999418,277.625,238.45000000001164,47.61249999998836,-1110.125,-20.51250000001164,264.9250000000029,-417.875,1.4500000000000002,1.775,-1.4124999999999943,1.025,1.6500000000000004,-0.8125,0.2125,0.13750000000000018,-0.3624999999999998,0.8,0.0125,-0.6749999999999972
-147.39999999999418,310.1624999999767,68.66250000000582,458.625,248.45000000001164,-65.38750000001164,316.875,94.48749999998836,435.9250000000029,46.125,-0.5499999999999998,0.775,-2.4124999999999943,-0.9750000000000001,-1.3499999999999996,-2.8125,0.2125,-0.8624999999999998,-0.3624999999999998,-0.19999999999999996,1.0125,-1.6749999999999972
378.6000000000058,-393.8375000000233,-147.33749999999418,43.625,-633.5499999999884,68.61249999998836,363.875,176.48749999998836,-364.0749999999971,-184.875,0.4500000000000002,-0.22499999999999998,3.5875000000000057,1.025,0.6500000000000004,-0.8125,0.2125,0.13750000000000018,0.6375000000000002,-0.19999999999999996,0.0125,2.325000000000003
828.6000000000058,-616.8375000000233,-298.3374999999942,73.625,-425.54999999998836,-129.38750000001164,-398.125,416.48749999998836,-457.0749999999971,-908.875,0.4500000000000002,0.775,1.5875000000000057,-0.9750000000000001,-1.3499999999999996,0.1875,0.2125,-0.8624999999999998,-0.3624999999999998,-0.19999999999999996,0.0125,2.325000000000003
-137.39999999999418,93.16249999997672,-16.33749999999418,620.625,221.45000000001164,-512.3875000000116,-408.125,251.48749999998836,185.9250000000029,-126.875,-0.5499999999999998,-1.225,-1.4124999999999943,-0.9750000000000001,0.6500000000000004,2.1875,0.2125,0.13750000000000018,-0.3624999999999998,-1.2,-0.9875,1.3250000000000028
102.60000000000582,15.162499999976717,-81.33749999999418,232.625,-40.54999999998836,-338.38750000001164,-1350.125,27.48749999998836,-119.07499999999709,-556.875,-0.5499999999999998,0.775,-0.4124999999999943,2.025,0.6500000000000004,-1.8125,-0.7875,0.13750000000000018,-0.3624999999999998,0.8,0.0125,-0.6749999999999972
-124.39999999999418,-214.83750000002328,-46.33749999999418,347.625,74.45000000001164,-346.38750000001164,-972.125,155.48749999998836,-138.0749999999971,-435.875,0.4500000000000002,-1.225,-0.4124999999999943,-0.9750000000000001,-0.34999999999999964,-0.8125,0.2125,-0.8624999999999998,0.6375000000000002,-1.2,0.0125,-0.6749999999999972
458.6000000000058,-81.83750000002328,-382.3374999999942,343.625,-50.54999999998836,-360.38750000001164,-429.125,335.48749999998836,-260.0749999999971,-550.875,0.4500000000000002,0.775,-0.4124999999999943,2.025,-0.34999999999999964,-0.8125,0.2125,-0.8624999999999998,0.6375000000000002,-0.19999999999999996,0.0125,2.325000000000003
-67.39999999999418,-180.83750000002328,-133.33749999999418,364.625,126.45000000001164,-452.38750000001164,-579.125,205.48749999998836,-68.07499999999709,-531.875,-0.5499999999999998,-1.225,-3.4124999999999943,-1.975,-0.34999999999999964,-1.8125,-0.7875,0.13750000000000018,-0.3624999999999998,0.8,1.0125,0.32500000000000284
-196.39999999999418,-406.8375000000233,-170.33749999999418,-192.375,96.45000000001164,-303.38750000001164,-493.125,287.48749999998836,-86.07499999999709,-350.875,-1.5499999999999998,1.775,2.5875000000000057,-0.9750000000000001,1.6500000000000004,0.1875,0.2125,0.13750000000000018,0.6375000000000002,-0.19999999999999996,0.0125,1.3250000000000028
316.6000000000058,-2.837500000023283,-22.33749999999418,-167.375,71.45000000001164,-265.38750000001164,-89.125,271.48749999998836,-644.0749999999971,-835.875,-0.5499999999999998,-0.22499999999999998,0.5875000000000057,-1.975,-1.3499999999999996,-0.8125,0.2125,0.13750000000000018,-0.3624999999999998,0.8,0.0125,0.32500000000000284
-314.3999999999942,191.16249999997672,175.66250000000582,154.625,595.4500000000116,-826.3875000000116,194.875,168.48749999998836,-526.0749999999971,-565.875,0.4500000000000002,0.775,-0.4124999999999943,-0.9750000000000001,-0.34999999999999964,-1.8125,-0.7875,0.13750000000000018,-0.3624999999999998,-1.2,-0.9875,0.32500000000000284
382.6000000000058,-459.8375000000233,-264.3374999999942,-551.375,-156.54999999998836,-201.38750000001164,-65.125,308.48749999998836,-913.0749999999971,-1145.875,-0.5499999999999998,-0.22499999999999998,0.5875000000000057,-0.9750000000000001,-0.34999999999999964,-0.8125,0.2125,0.13750000000000018,-0.3624999999999998,0.8,0.0125,0.32500000000000284
579.6000000000058,-807.8375000000233,-242.33749999999418,-424.375,-351.54999999998836,-78.38750000001164,517.875,250.48749999998836,-597.0749999999971,-758.875,40.45,-27.225,-273.4125,-1.975,-4.35,-147.8125,0.2125,-0.8624999999999998,-0.3624999999999998,-1.2,1.0125,-3.674999999999997
7200.600000000006,1269.1624999999767,66.66250000000582,-74.375,535.4500000000116,30169.61249999999,41636.875,215.48749999998836,-230.0749999999971,-366.875,-52.55,-1.225,81.5875,97.025,-75.35,-71.8125,-0.7875,0.13750000000000018,-0.3624999999999998,-0.19999999999999996,-12.9875,-2.674999999999997
64051.600000000006,82150.16249999998,4622.662500000006,-1954.375,-431.54999999998836,165171.6125,170042.875,-2585.5125000000116,-1460.074999999997,-897.875,45.45,-6.225,-76.4125,22.025,-67.35,-30.8125,-1.7875,0.13750000000000018,-0.3624999999999998,-12.2,9.0125,8.325000000000003
123098.6,257218.16249999998,17599.662500000006,1512.625,-3188.5499999999884,444611.6125,236636.875,-2153.5125000000116,-404.0749999999971,-358.875,-43.55,13.775,20.587500000000006,-69.975,-24.35,22.1875,0.2125,-1.8624999999999998,-0.3624999999999998,18.8,18.0125,21.325000000000003
160455.6,242850.16249999998,13800.662500000006,992.625,-2137.5499999999884,454829.6125,263908.875,286.48749999998836,2664.925000000003,3459.125,12.45,-12.225,-29.412499999999994,0.02499999999999991,-2.3499999999999996,-55.8125,0.2125,-0.8624999999999998,-0.3624999999999998,-10.2,5.0125,-6.674999999999997
125045.6,237018.16249999998,10431.662500000006,-753.375,3439.4500000000116,268476.6125,209612.875,1120.4874999999884,-3368.074999999997,705.125,-2.55,-20.225,34.587500000000006,9.025,32.65,15.1875,0.2125,0.13750000000000018,-0.3624999999999998,12.8,-11.9875,6.325000000000003
99836.6,79687.16249999998,3032.662500000006,-2376.375,5892.450000000012,199717.6125,144953.875,2137.4874999999884,-557.0749999999971,2955.125,15.45,35.775,-25.412499999999994,31.025,-2.3499999999999996,18.1875,0.2125,-0.8624999999999998,-0.3624999999999998,-1.2,-15.9875,-0.6749999999999972
88632.6,28954.162499999977,-1458.3374999999942,-496.375,13100.450000000012,179590.6125,108607.875,693.4874999999884,236.9250000000029,5580.125,-4.55,-15.225,4.587500000000006,-2.975,-0.34999999999999964,21.1875,0.2125,-0.8624999999999998,-0.3624999999999998,4.8,-0.9875,3.325000000000003
67474.6,1725.1624999999767,-2553.337499999994,1736.625,9513.450000000012,95584.61249999999,65587.875,882.4874999999884,2326.925000000003,5046.125,6.45,7.775,-10.412499999999994,-9.975,19.65,15.1875,-0.7875,-0.8624999999999998,-0.3624999999999998,0.8,5.0125,-0.6749999999999972
59596.600000000006,-1065.8375000000233,-2645.337499999994,-1560.375,5383.450000000012,49642.61249999999,48348.875,2824.4874999999884,-479.0749999999971,-368.875,4.45,3.775,-11.412499999999994,-1.975,7.65,2.1875,0.2125,0.13750000000000018,0.6375000000000002,2.8,2.0125,3.325000000000003
60420.600000000006,-857.8375000000233,-3063.337499999994,-786.375,6572.450000000012,56539.61249999999,75256.875,3471.4874999999884,-286.0749999999971,-214.875,-18.55,1.775,29.587500000000006,18.025,9.65,46.1875,0.2125,0.13750000000000018,0.6375000000000002,1.8,2.0125,-9.674999999999997
69747.6,47265.16249999998,-707.3374999999942,1009.625,8364.450000000012,85500.61249999999,141510.875,2350.4874999999884,487.9250000000029,3094.125,4.45,17.775,-3.4124999999999943,4.025,-5.35,6.1875,-0.7875,0.13750000000000018,-1.3624999999999998,-1.2,8.0125,-1.6749999999999972
72619.6,144535.16249999998,6374.662500000006,841.625,7396.450000000012,134346.6125,207282.875,1145.4874999999884,-26.07499999999709,1856.125,-4.55,2.775,9.587500000000006,10.025,-5.35,-2.8125,0.2125,0.13750000000000018,0.6375000000000002,6.8,3.0125,1.3250000000000028
77950.6,169949.16249999998,8243.662500000006,411.625,3949.4500000000116,144045.6125,196520.875,1838.4874999999884,-473.0749999999971,959.125,1.4500000000000002,-4.225,-4.412499999999994,2.025,-4.35,-17.8125,-0.7875,1.1375000000000002,-0.3624999999999998,-2.2,-2.9875,0.32500000000000284
75793.6,156157.16249999998,7411.662500000006,-456.375,4376.450000000012,128354.61249999999,189986.875,2931.4874999999884,-1218.074999999997,279.125,-8.55,-3.225,2.5875000000000057,-0.9750000000000001,3.6500000000000004,5.1875,0.2125,0.13750000000000018,1.6375000000000002,1.8,-1.9875,10.325000000000003
67697.6,113292.16249999998,3421.662500000006,-56.375,6131.450000000012,100261.61249999999,157320.875,2542.4874999999884,904.9250000000029,2375.125,5.45,-0.22499999999999998,-6.412499999999994,2.025,-0.34999999999999964,-3.8125,0.2125,-0.8624999999999998,-0.3624999999999998,-0.19999999999999996,0.0125,-3.674999999999997
35857.600000000006,10162.162499999977,132.66250000000582,-391.375,6726.450000000012,97300.61249999999,150631.875,3527.4874999999884,-102.07499999999709,4079.125,4.45,2.775,-9.412499999999994,-5.975,-7.35,-6.8125,0.2125,0.13750000000000018,1.6375000000000002,-0.19999999999999996,1.0125,-0.6749999999999972
43909.600000000006,30798.162499999977,-890.3374999999942,-1170.375,4702.450000000012,92935.61249999999,142988.875,3347.4874999999884,-1817.074999999997,743.125,-3.55,-4.225,8.587500000000006,-1.975,4.65,11.1875,0.2125,-0.8624999999999998,-0.3624999999999998,-2.2,-0.9875,2.325000000000003
52616.600000000006,61654.16249999998,-129.33749999999418,375.625,5617.450000000012,90041.61249999999,146344.875,1903.4874999999884,-95.07499999999709,603.125,-5.55,-4.225,4.587500000000006,1.025,-1.3499999999999996,4.1875,-0.7875,-0.8624999999999998,-0.3624999999999998,-1.2,0.0125,-5.674999999999997
63740.600000000006,97709.16249999998,2216.662500000006,1255.625,5078.450000000012,84821.61249999999,156756.875,1848.4874999999884,826.9250000000029,1971.125,-0.5499999999999998,0.775,-2.4124999999999943,5.025,4.65,2.1875,0.2125,0.13750000000000018,-0.3624999999999998,0.8,1.0125,-1.6749999999999972
65629.6,96296.16249999998,2863.662500000006,-348.375,4093.4500000000116,83234.61249999999,160509.875,2128.4874999999884,-202.0749999999971,838.125,3.45,3.775,-12.412499999999994,-4.975,2.6500000000000004,-2.8125,0.2125,0.13750000000000018,0.6375000000000002,1.8,2.0125,0.32500000000000284
58658.600000000006,70975.16249999998,2031.6625000000058,-1203.375,4524.450000000012,80568.61249999999,153008.875,2710.4874999999884,-465.0749999999971,858.125,-0.5499999999999998,-6.225,5.587500000000006,-3.975,2.6500000000000004,1.1875,0.2125,0.13750000000000018,-0.3624999999999998,-3.2,-1.9875,5.325000000000003
50292.600000000006,50955.16249999998,1259.6625000000058,-528.375,4953.450000000012,53058.61249999999,140413.875,2701.4874999999884,870.9250000000029,1611.125,-1.5499999999999998,3.775,5.587500000000006,6.025,5.65,7.1875,0.2125,-0.8624999999999998,-0.3624999999999998,1.8,-2.9875,2.325000000000003
53871.600000000006,72453.16249999998,1792.6625000000058,-1480.375,4003.4500000000116,47965.61249999999,180949.875,3064.4874999999884,-1210.074999999997,492.125,4.45,7.775,-0.4124999999999943,-15.975,-0.34999999999999964,46.1875,-0.7875,0.13750000000000018,0.6375000000000002,-0.19999999999999996,-2.9875,5.325000000000003
45703.600000000006,89037.16249999998,2561.662500000006,602.625,5828.450000000012,28363.61249999999,165931.875,2910.4874999999884,-1021.0749999999971,3367.125,-3.55,-4.225,9.587500000000006,6.025,-2.3499999999999996,8.1875,0.2125,0.13750000000000018,-0.3624999999999998,0.8,0.0125,-2.674999999999997
41082.600000000006,69816.16249999998,2210.662500000006,1079.625,4745.450000000012,26435.61249999999,185676.875,2233.4874999999884,-301.0749999999971,2081.125,6.45,4.775,-1.4124999999999943,12.025,1.6500000000000004,17.1875,0.2125,-0.8624999999999998,-0.3624999999999998,-2.2,1.0125,-1.6749999999999972
42632.600000000006,76966.16249999998,2269.662500000006,-474.375,4085.4500000000116,19460.61249999999,174970.875,2486.4874999999884,-734.0749999999971,491.125,6.45,-18.225,6.587500000000006,-0.9750000000000001,14.65,-1.8125,0.2125,0.13750000000000018,-0.3624999999999998,-0.19999999999999996,0.0125,-3.674999999999997
33721.600000000006,46345.16249999998,1564.6625000000058,688.625,6019.450000000012,17222.61249999999,160538.875,2311.4874999999884,709.9250000000029,3439.125,0.4500000000000002,17.775,11.587500000000006,19.025,-6.35,-10.8125,0.2125,0.13750000000000018,0.6375000000000002,-0.19999999999999996,-0.9875,3.325000000000003
31875.600000000006,77760.16249999998,1712.6625000000058,-210.375,4732.450000000012,11002.612499999988,161976.875,2449.4874999999884,-835.0749999999971,1263.125,-2.55,-5.225,8.587500000000006,-18.975,1.6500000000000004,59.1875,0.2125,0.13750000000000018,1.6375000000000002,0.8,0.0125,-5.674999999999997
31423.600000000006,74244.16249999998,1348.6625000000058,1075.625,5847.450000000012,10590.612499999988,164912.875,1027.4874999999884,-10.07499999999709,2149.125,-5.55,-0.22499999999999998,13.587500000000006,27.025,15.65,-12.8125,-0.7875,0.13750000000000018,-1.3624999999999998,-0.19999999999999996,5.0125,-3.674999999999997
20241.600000000006,65998.16249999998,536.6625000000058,384.625,7261.450000000012,10959.612499999988,172344.875,1301.4874999999884,744.9250000000029,3571.125,1.4500000000000002,3.775,-5.412499999999994,-22.975,12.65,25.1875,0.2125,1.1375000000000002,0.6375000000000002,-4.2,-8.9875,13.325000000000003
14325.600000000006,64639.16249999998,-152.33749999999418,-23.375,7153.450000000012,7369.612499999988,178996.875,1067.4874999999884,640.9250000000029,2821.125,-0.5499999999999998,-6.225,-2.4124999999999943,13.025,-17.35,-53.8125,-0.7875,-0.8624999999999998,0.6375000000000002,-1.2,-13.9875,10.325000000000003
9836.600000000006,69438.16249999998,1141.6625000000058,722.625,7806.450000000012,3519.6124999999884,196466.875,1676.4874999999884,93.92500000000291,2706.125,-0.5499999999999998,11.775,-10.412499999999994,-17.975,-1.3499999999999996,-21.8125,0.2125,-0.8624999999999998,-0.3624999999999998,-0.19999999999999996,5.0125,18.325000000000003
7161.600000000006,67857.16249999998,-104.33749999999418,339.625,8853.450000000012,1633.6124999999884,176087.875,911.4874999999884,1951.925000000003,4734.125,8.45,15.775,-19.412499999999994,11.025,-12.35,-67.8125,0.2125,-0.8624999999999998,0.6375000000000002,5.8,14.0125,18.325000000000003
-13290.399999999994,88140.16249999998,341.6625000000058,548.625,8244.450000000012,-863.3875000000116,174951.875,-147.51250000001164,715.9250000000029,3736.125,2.45,-2.225,-13.412499999999994,-31.975,1.6500000000000004,-20.8125,0.2125,0.13750000000000018,-0.3624999999999998,1.8,1.0125,13.325000000000003
-19009.399999999994,68929.16249999998,985.6625000000058,1393.625,9213.450000000012,5700.612499999988,176328.875,-341.51250000001164,1138.925000000003,3831.125,5.45,18.775,-20.412499999999994,27.025,-15.35,-62.8125,0.2125,0.13750000000000018,-0.3624999999999998,-0.19999999999999996,-0.9875,4.325000000000003
-15351.399999999994,57684.16249999998,-795.3374999999942,-561.375,8090.450000000012,-4927.387500000012,198284.875,-138.51250000001164,-1638.074999999997,1845.125,2.45,10.775,-1.4124999999999943,28.025,3.6500000000000004,-51.8125,0.2125,0.13750000000000018,-0.3624999999999998,-0.19999999999999996,0.0125,5.325000000000003
-4354.399999999994,46436.16249999998,-358.3374999999942,924.625,10130.450000000012,-4885.387500000012,190118.875,-628.5125000000116,1433.925000000003,5945.125,1.4500000000000002,-4.225,-17.412499999999994,-20.975,-3.3499999999999996,6.1875,-0.7875,0.13750000000000018,0.6375000000000002,0.8,3.0125,3.325000000000003
20809.600000000006,13069.162499999977,-102.33749999999418,1706.625,9366.450000000012,-693.3875000000116,163032.875,-397.51250000001164,1455.925000000003,4118.125,-9.55,-4.225,5.587500000000006,7.025,9.65,-9.8125,-0.7875,0.13750000000000018,-0.3624999999999998,3.8,0.0125,-8.674999999999997
27296.600000000006,-850.8375000000233,-1200.3374999999942,-714.375,8320.450000000012,39496.61249999999,83544.875,2762.4874999999884,-510.0749999999971,2155.125,1.4500000000000002,-4.225,-10.412499999999994,-6.975,-16.35,5.1875,-0.7875,-1.8624999999999998,0.6375000000000002,-1.2,-10.9875,3.325000000000003
26774.600000000006,-371.8375000000233,1117.6625000000058,1691.625,9739.450000000012,17970.61249999999,10867.875,12705.487499999988,1214.925000000003,2721.125,-115.55,-50.225,-26.412499999999994,-198.975,75.65,-112.8125,-0.7875,1.1375000000000002,-2.3625,-4.2,0.0125,-15.674999999999997
45969.600000000006,46038.16249999998,2956.662500000006,-430.375,7533.450000000012,87900.61249999999,60523.875,25452.48749999999,825.9250000000029,2343.125,-21.55,135.775,-113.4125,187.025,34.65,-245.8125,-1.7875,-2.8625,0.6375000000000002,-16.2,14.0125,6.325000000000003
150492.6,314346.1625,18474.662500000006,-1465.375,-1756.5499999999884,368294.6125,311484.875,13217.487499999988,-2574.074999999997,-585.875,-17.55,31.775,-19.412499999999994,-100.975,-57.35,-57.8125,2.2125,-0.8624999999999998,2.6375,18.8,-17.9875,-0.6749999999999972
199726.6,247635.16249999998,16737.662500000006,3758.625,-5156.549999999988,567572.6125,303325.875,-12272.512500000012,1845.925000000003,8704.125,-66.55,49.775,113.5875,-111.975,-60.35,126.1875,2.2125,2.1375,-5.3625,14.8,-35.9875,-27.674999999999997
79074.6,318046.1625,12266.662500000006,3380.625,4670.450000000012,163095.6125,192085.875,-21072.51250000001,6249.925000000003,9367.125,49.45,4.775,-41.412499999999994,-49.975,1.6500000000000004,54.1875,-0.7875,2.1375,-7.3625,-24.2,-14.9875,-0.6749999999999972
33909.600000000006,217452.16249999998,30370.662500000006,4826.625,6550.450000000012,101824.61249999999,212077.875,9006.487499999988,9798.925000000003,8789.125,2.45,23.775,18.587500000000006,10.025,-14.35,17.1875,1.2125,1.1375000000000002,1.6375000000000002,7.8,14.0125,-12.674999999999997
34689.600000000006,182921.16249999998,4432.662500000006,1844.625,2793.4500000000116,113187.61249999999,122707.875,7203.487499999988,3616.925000000003,20885.125,22.45,-9.225,-17.412499999999994,-50.975,21.65,84.1875,0.2125,-1.8624999999999998,1.6375000000000002,4.8,-13.9875,-3.674999999999997
36290.600000000006,104644.16249999998,-7489.337499999994,-3532.375,11099.450000000012,47837.61249999999,65112.875,11077.487499999988,-5561.074999999997,7118.125,30.45,35.775,-23.412499999999994,-8.975,14.65,43.1875,-0.7875,0.13750000000000018,-0.3624999999999998,-6.2,-9.9875,-13.674999999999997
5748.600000000006,8999.162499999977,-8349.337499999994,-865.375,16031.450000000012,8158.612499999988,12801.875,18491.48749999999,599.9250000000029,9428.125,-2.55,-9.225,9.587500000000006,11.025,4.65,34.1875,0.2125,0.13750000000000018,1.6375000000000002,5.8,-23.9875,-2.674999999999997
-13764.399999999994,3661.1624999999767,688.6625000000058,928.625,10369.450000000012,15249.612499999988,1531.875,18928.48749999999,820.9250000000029,7443.125,-11.55,-31.225,29.587500000000006,3.025,18.65,23.1875,0.2125,0.13750000000000018,0.6375000000000002,6.8,26.0125,-3.674999999999997
-7259.399999999994,723.1624999999767,1082.6625000000058,2968.625,11966.450000000012,8021.612499999988,1729.875,12371.487499999988,320.9250000000029,11881.125,20.45,5.775,-24.412499999999994,10.025,12.65,12.1875,0.2125,0.13750000000000018,-0.3624999999999998,4.8,19.0125,18.325000000000003
-7615.399999999994,-1867.8375000000233,3744.662500000006,36998.625,49802.45000000001,10188.612499999988,811.875,9310.487499999988,-1455.074999999997,9398.125,5.45,-27.225,-83.4125,-23.975,-27.35,-129.8125,0.2125,0.13750000000000018,1.6375000000000002,28.8,17.0125,36.325
-8287.399999999994,482.1624999999767,5682.662500000006,159978.625,97695.45000000001,12770.612499999988,12440.875,9649.487499999988,3004.925000000003,12637.125,12.45,-22.225,-17.412499999999994,49.025,24.65,16.1875,-0.7875,1.1375000000000002,-1.3624999999999998,-7.2,3.0125,12.325000000000003
15701.600000000006,212096.16249999998,14881.662500000006,137193.625,97681.45000000001,57196.61249999999,160598.875,11280.487499999988,40415.925,23700.125,14.45,21.775,16.587500000000006,-65.975,10.65,-72.8125,-0.7875,0.13750000000000018,-0.3624999999999998,15.8,0.0125,19.325000000000003
10661.600000000006,225266.16249999998,25516.662500000006,141717.625,30734.45000000001,-1022.3875000000116,309128.875,3361.4874999999884,117798.925,94935.125,40.45,16.775,-66.4125,75.025,43.65,-95.8125,0.2125,0.13750000000000018,-0.3624999999999998,-38.2,15.0125,-46.675
-20475.399999999994,197183.16249999998,23057.662500000006,171100.625,51935.45000000001,-10019.387500000012,185748.875,1602.4874999999884,158695.925,107418.125,-26.55,44.775,39.587500000000006,0.02499999999999991,-28.35,74.1875,-0.7875,1.1375000000000002,-1.3624999999999998,39.8,-0.9875,-4.674999999999997
-21008.399999999994,334868.1625,22590.662500000006,180438.625,19830.45000000001,18740.61249999999,241398.875,1670.4874999999884,170227.925,110296.125,-4.55,-11.225,7.587500000000006,18.025,-22.35,36.1875,-0.7875,-1.8624999999999998,0.6375000000000002,-8.2,-6.9875,-13.674999999999997
-35974.399999999994,305785.1625,24376.662500000006,166643.625,54607.45000000001,-12445.387500000012,329412.875,3635.4874999999884,179631.925,116842.125,0.4500000000000002,17.775,-2.4124999999999943,-2.975,15.65,49.1875,0.2125,0.13750000000000018,-1.3624999999999998,-2.2,27.0125,-19.674999999999997
-62140.399999999994,291270.1625,23268.662500000006,176757.625,34400.45000000001,-9030.387500000012,293363.875,584.4874999999884,173511.925,113236.125,-4.55,-7.225,-23.412499999999994,3.025,17.65,-10.8125,0.2125,0.13750000000000018,-1.3624999999999998,9.8,6.0125,-11.674999999999997
-55534.399999999994,275526.1625,25153.662500000006,181037.625,30537.45000000001,-7237.387500000012,231546.875,2681.4874999999884,176330.925,102389.125,-4.55,-3.225,-1.4124999999999943,-2.975,3.6500000000000004,10.1875,0.2125,1.1375000000000002,-0.3624999999999998,15.8,-1.9875,-3.674999999999997
-48402.399999999994,191426.16249999998,15087.662500000006,170732.625,62409.45000000001,-3811.3875000000116,201918.875,488.48749999998836,163128.925,87903.125,3.45,12.775,2.5875000000000057,7.025,14.65,15.1875,0.2125,0.13750000000000018,1.6375000000000002,44.8,6.0125,11.325000000000003
-50169.399999999994,171912.16249999998,15125.662500000006,160355.625,48780.45000000001,-5674.387500000012,130409.875,160.48749999998836,146081.925,66729.125,2.45,-3.225,-14.412499999999994,0.02499999999999991,7.65,27.1875,0.2125,1.1375000000000002,-0.3624999999999998,-58.2,2.0125,-40.675
-35886.399999999994,157570.16249999998,10663.662500000006,148781.625,65001.45000000001,-11607.387500000012,114503.875,-888.5125000000116,155280.925,69149.125,-7.55,-1.225,11.587500000000006,1.025,-13.35,-24.8125,0.2125,0.13750000000000018,0.6375000000000002,54.8,9.0125,13.325000000000003
-19037.399999999994,28639.162499999977,8094.662500000006,153751.625,66382.45000000001,-3227.3875000000116,64954.875,1630.4874999999884,140585.925,56414.125,-0.5499999999999998,1.775,-8.412499999999994,1.025,19.65,-21.8125,-0.7875,0.13750000000000018,1.6375000000000002,-13.2,-4.9875,9.325000000000003
-18990.399999999994,37590.16249999998,7089.662500000006,142056.625,75639.45000000001,10488.612499999988,7850.875,1952.4874999999884,116547.925,38858.125,1.4500000000000002,5.775,6.587500000000006,-4.975,-4.35,23.1875,0.2125,-1.8624999999999998,0.6375000000000002,27.8,-0.9875,8.325000000000003
-26180.399999999994,83377.16249999998,8666.662500000006,138332.625,53040.45000000001,7037.612499999988,25464.875,1552.4874999999884,129087.925,46240.125,-2.55,-2.225,9.587500000000006,-5.975,-5.35,-15.8125,-0.7875,0.13750000000000018,-3.3625,-48.2,0.0125,-22.674999999999997
-67982.4,163095.16249999998,10927.662500000006,144487.625,84850.45000000001,431.61249999998836,127064.875,181.48749999998836,133716.925,39074.125,6.45,6.775,-9.412499999999994,-14.975,-14.35,0.1875,-0.7875,0.13750000000000018,-0.3624999999999998,41.8,-1.9875,21.325000000000003
-68075.4,178618.16249999998,17384.662500000006,174937.625,41322.45000000001,1006.6124999999884,164668.875,1719.4874999999884,151751.925,52440.125,0.4500000000000002,2.775,-24.412499999999994,18.025,9.65,-23.8125,0.2125,0.13750000000000018,-0.3624999999999998,-1.2,3.0125,11.325000000000003
-62095.399999999994,177123.16249999998,17473.662500000006,197616.625,56942.45000000001,2421.6124999999884,204563.875,2303.4874999999884,170750.925,65398.125,-2.55,0.775,-2.4124999999999943,-9.975,-1.3499999999999996,6.1875,1.2125,-1.8624999999999998,2.6375,49.8,-3.9875,29.325000000000003
-75623.4,198402.16249999998,19026.662500000006,198892.625,80701.45000000001,4953.612499999988,206076.875,988.4874999999884,189853.925,62072.125,6.45,-4.225,-5.412499999999994,-6.975,-8.35,1.1875,-0.7875,0.13750000000000018,-1.3624999999999998,-68.2,13.0125,-42.675
-77788.4,207696.16249999998,-100577.3375,187601.625,43081.45000000001,5612.612499999988,217586.875,745.4874999999884,189330.925,58985.125,-2.55,6.775,12.587500000000006,-8.975,-8.35,-3.8125,1.2125,0.13750000000000018,0.6375000000000002,48.8,-9.9875,22.325000000000003
-76341.4,200691.16249999998,20917.662500000006,170944.625,31934.45000000001,1475.6124999999884,219277.875,2511.4874999999884,150693.925,55092.125,-0.5499999999999998,-2.225,5.587500000000006,2.025,2.6500000000000004,-3.8125,0.2125,0.13750000000000018,-1.3624999999999998,-8.2,-4.9875,0.32500000000000284
-69391.4,175130.16249999998,16936.662500000006,199091.625,55291.45000000001,-412.38750000001164,173853.875,713.4874999999884,155408.925,35452.125,4.45,2.775,-6.412499999999994,-7.975,4.65,8.1875,0.2125,0.13750000000000018,0.6375000000000002,0.8,1.0125,7.325000000000003
-60720.399999999994,142440.16249999998,15847.662500000006,189817.625,53015.45000000001,-73.38750000001164,151645.875,172.48749999998836,156288.925,38864.125,0.4500000000000002,1.775,-0.4124999999999943,-3.975,-4.35,-1.8125,1.2125,-0.8624999999999998,-0.3624999999999998,3.8,0.0125,5.325000000000003
-48844.399999999994,122338.16249999998,13576.662500000006,173967.625,436945.45,92.61249999998836,124979.875,476.48749999998836,145463.925,36326.125,0.4500000000000002,0.775,-0.4124999999999943,0.02499999999999991,-0.34999999999999964,-1.8125,0.2125,0.13750000000000018,-0.3624999999999998,-1.2,-0.9875,1.3250000000000028
-39638.399999999994,110787.16249999998,12184.662500000006,154180.625,1027389.45,2183.6124999999884,122192.875,625.4874999999884,139309.925,35680.125,0.4500000000000002,-1.225,-2.4124999999999943,3.025,-1.3499999999999996,1.1875,0.2125,-0.8624999999999998,-0.3624999999999998,1.8,-0.9875,3.325000000000003
-40930.399999999994,117563.16249999998,12609.662500000006,143544.625,53050.45000000001,1543.6124999999884,136728.875,623.4874999999884,140860.925,37873.125,0.4500000000000002,0.775,-1.4124999999999943,-1.975,0.6500000000000004,4.1875,0.2125,0.13750000000000018,-0.3624999999999998,-0.19999999999999996,0.0125,-0.6749999999999972
-51678.399999999994,140113.16249999998,13514.662500000006,144950.625,51897.45000000001,-1061.3875000000116,152131.875,445.48749999998836,146338.925,43425.125,-0.5499999999999998,-1.225,0.5875000000000057,-0.9750000000000001,0.6500000000000004,1.1875,-0.7875,0.13750000000000018,-0.3624999999999998,0.8,1.0125,0.32500000000000284
-71187.4,179253.16249999998,18233.662500000006,166532.625,44695.45000000001,3008.6124999999884,177222.875,1408.4874999999884,139447.925,48484.125,0.4500000000000002,-1.225,-2.4124999999999943,0.02499999999999991,-0.34999999999999964,-0.8125,0.2125,0.13750000000000018,0.6375000000000002,-0.19999999999999996,-0.9875,-0.6749999999999972
-69676.4,194510.16249999998,18269.662500000006,164891.625,39733.45000000001,3499.6124999999884,186398.875,1666.4874999999884,142687.925,52334.125,0.4500000000000002,0.775,-1.4124999999999943,-0.9750000000000001,0.6500000000000004,-0.8125,-0.7875,0.13750000000000018,0.6375000000000002,-1.2,1.0125,-1.6749999999999972
-66678.4,190625.16249999998,18373.662500000006,163470.625,38141.45000000001,4167.612499999988,188998.875,1696.4874999999884,153725.925,56583.125,-0.5499999999999998,-0.22499999999999998,0.5875000000000057,-0.9750000000000001,1.6500000000000004,-0.8125,0.2125,0.13750000000000018,0.6375000000000002,-0.19999999999999996,1.0125,0.32500000000000284
-62480.399999999994,175154.16249999998,18404.662500000006,160345.625,30514.45000000001,3766.6124999999884,179773.875,1693.4874999999884,150279.925,61621.125,-1.5499999999999998,0.775,1.5875000000000057,-0.9750000000000001,0.6500000000000004,-2.8125,0.2125,0.13750000000000018,0.6375000000000002,-0.19999999999999996,1.0125,-0.6749999999999972
-58800.399999999994,170698.16249999998,17818.662500000006,159101.625,23023.45000000001,3792.6124999999884,171697.875,1615.4874999999884,145162.925,63476.125,0.4500000000000002,-1.225,-2.4124999999999943,-0.9750000000000001,-0.34999999999999964,1.1875,-0.7875,0.13750000000000018,-1.3624999999999998,-2.2,1.0125,-1.6749999999999972
-54453.399999999994,165116.16249999998,17613.662500000006,142723.625,19301.45000000001,2297.6124999999884,165492.875,1166.4874999999884,131512.925,58215.125,0.4500000000000002,-1.225,-2.4124999999999943,1.025,1.6500000000000004,-3.8125,0.2125,0.13750000000000018,0.6375000000000002,-1.2,1.0125,-0.6749999999999972
-53818.399999999994,165434.16249999998,17493.662500000006,149354.625,19698.45000000001,2702.6124999999884,159326.875,1084.4874999999884,130071.925,59965.125,-1.5499999999999998,0.775,0.5875000000000057,-3.975,0.6500000000000004,2.1875,0.2125,0.13750000000000018,-0.3624999999999998,-1.2,0.0125,2.325000000000003
-53596.399999999994,164377.16249999998,17379.662500000006,155935.625,18839.45000000001,2137.6124999999884,156224.875,1161.4874999999884,138075.925,63308.125,-0.5499999999999998,-0.22499999999999998,-0.4124999999999943,1.025,-1.3499999999999996,-0.8125,0.2125,0.13750000000000018,-0.3624999999999998,-0.19999999999999996,-0.9875,0.32500000000000284
-55659.399999999994,169023.16249999998,17254.662500000006,154402.625,18738.45000000001,1743.6124999999884,163563.875,1358.4874999999884,143167.925,66090.125,0.4500000000000002,-1.225,-2.4124999999999943,-1.975,-2.3499999999999996,1.1875,-0.7875,0.13750000000000018,0.6375000000000002,-0.19999999999999996,-0.9875,-0.6749999999999972
-57507.399999999994,175271.16249999998,17242.662500000006,148072.625,17440.45000000001,2106.6124999999884,178429.875,1462.4874999999884,144813.925,67074.125,-1.5499999999999998,0.775,1.5875000000000057,1.025,-1.3499999999999996,-2.8125,0.2125,-0.8624999999999998,-0.3624999999999998,0.8,0.0125,-0.6749999999999972
-58762.399999999994,178021.16249999998,17055.662500000006,147984.625,17302.45000000001,2479.6124999999884,179655.875,1501.4874999999884,144708.925,67071.125,-0.5499999999999998,-0.22499999999999998,-0.4124999999999943,-1.975,-0.34999999999999964,2.1875,0.2125,0.13750000000000018,0.6375000000000002,-0.19999999999999996,-0.9875,0.32500000000000284
-60246.399999999994,180065.16249999998,17396.662500000006,151766.625,17796.45000000001,1323.6124999999884,178965.875,1274.4874999999884,144698.925,66503.125,-0.5499999999999998,-0.22499999999999998,-0.4124999999999943,1.025,-1.3499999999999996,-0.8125,0.2125,0.13750000000000018,-0.3624999999999998,-0.19999999999999996,0.0125,1.3250000000000028
-60155.399999999994,175081.16249999998,17531.662500000006,155023.625,17328.45000000001,1858.6124999999884,173643.875,1083.4874999999884,141368.925,64861.125,0.4500000000000002,-0.22499999999999998,-1.4124999999999943,0.02499999999999991,-0.34999999999999964,0.1875,0.2125,0.13750000000000018,-0.3624999999999998,-0.19999999999999996,-0.9875,-1.6749999999999972
-58511.399999999994,170650.16249999998,17354.662500000006,151399.625,15782.450000000012,2973.6124999999884,170721.875,1119.4874999999884,139580.925,63792.125,-0.5499999999999998,0.775,-1.4124999999999943,1.025,-1.3499999999999996,-1.8125,0.2125,0.13750000000000018,-0.3624999999999998,0.8,0.0125,-1.6749999999999972
-58676.399999999994,167633.16249999998,17087.662500000006,151605.625,14117.450000000012,3245.6124999999884,168474.875,1251.4874999999884,140499.925,61589.125,-0.5499999999999998,0.775,-0.4124999999999943,1.025,-0.34999999999999964,-1.8125,0.2125,0.13750000000000018,0.6375000000000002,-0.19999999999999996,0.0125,-1.6749999999999972
-60101.399999999994,169182.16249999998,17030.662500000006,156515.625,14320.450000000012,3270.6124999999884,168468.875,1166.4874999999884,141661.925,58425.125,0.4500000000000002,-0.22499999999999998,0.5875000000000057,1.025,-0.34999999999999964,-0.8125,0.2125,0.13750000000000018,-0.3624999999999998,0.8,0.0125,0.32500000000000284
-59911.399999999994,168959.16249999998,17020.662500000006,161100.625,17453.45000000001,3809.6124999999884,167447.875,1030.4874999999884,146296.925,54553.125,1.4500000000000002,-0.22499999999999998,-0.4124999999999943,1.025,-0.34999999999999964,0.1875,0.2125,0.13750000000000018,-0.3624999999999998,1.8,0.0125,0.32500000000000284
-59368.399999999994,166714.16249999998,16689.662500000006,163112.625,27942.45000000001,4902.612499999988,166591.875,1018.4874999999884,149062.925,51634.125,0.4500000000000002,-0.22499999999999998,-0.4124999999999943,0.02499999999999991,-0.34999999999999964,1.1875,-0.7875,0.13750000000000018,-0.3624999999999998,0.8,0.0125,1.3250000000000028
-58367.399999999994,163715.16249999998,16369.662500000006,167040.625,29933.45000000001,4827.612499999988,162772.875,906.4874999999884,151725.925,50573.125,0.4500000000000002,0.775,-0.4124999999999943,1.025,0.6500000000000004,0.1875,0.2125,0.13750000000000018,-0.3624999999999998,0.8,0.0125,-0.6749999999999972
-57399.399999999994,161874.16249999998,16269.662500000006,163982.625,30314.45000000001,4932.612499999988,161093.875,1003.4874999999884,151415.925,50759.125,1.4500000000000002,-0.22499999999999998,-0.4124999999999943,1.025,0.6500000000000004,-0.8125,0.2125,0.13750000000000018,-0.3624999999999998,0.8,0.0125,1.3250000000000028
-56897.399999999994,160628.16249999998,16712.662500000006,159742.625,30895.45000000001,4787.612499999988,159719.875,1153.4874999999884,147965.925,51574.125,0.4500000000000002,-0.22499999999999998,0.5875000000000057,1.025,-0.34999999999999964,0.1875,0.2125,0.13750000000000018,-0.3624999999999998,0.8,0.0125,-0.6749999999999972
-58194.399999999994,160922.16249999998,16681.662500000006,157708.625,32474.45000000001,4422.612499999988,159266.875,1283.4874999999884,144139.925,53198.125,-0.5499999999999998,0.775,1.5875000000000057,1.025,0.6500000000000004,1.1875,0.2125,0.13750000000000018,-0.3624999999999998,0.8,1.0125,1.3250000000000028
-59889.399999999994,171158.16249999998,17027.662500000006,156257.625,33768.45000000001,3678.6124999999884,162346.875,1059.4874999999884,143806.925,56037.125,1.4500000000000002,0.775,-0.4124999999999943,1.025,0.6500000000000004,0.1875,0.2125,0.13750000000000018,-0.3624999999999998,-0.19999999999999996,0.0125,-1.6749999999999972
-60478.399999999994,173109.16249999998,17367.662500000006,154544.625,31769.45000000001,2739.6124999999884,166406.875,1050.4874999999884,143962.925,58508.125,0.4500000000000002,0.775,-0.4124999999999943,0.02499999999999991,0.6500000000000004,0.1875,0.2125,0.13750000000000018,-0.3624999999999998,0.8,1.0125,-0.6749999999999972
-60969.399999999994,175365.16249999998,17309.662500000006,152637.625,29429.45000000001,2380.6124999999884,170867.875,1110.4874999999884,143682.925,61311.125,-0.5499999999999998,0.775,-0.4124999999999943,-0.9750000000000001,0.6500000000000004,1.1875,0.2125,-0.8624999999999998,-0.3624999999999998,-0.19999999999999996,0.0125,-0.6749999999999972
-61227.399999999994,176706.16249999998,17359.662500000006,152929.625,27768.45000000001,1895.6124999999884,172182.875,1119.4874999999884,143230.925,61781.125,-0.5499999999999998,0.775,0.5875000000000057,0.02499999999999991,-0.34999999999999964,1.1875,0.2125,0.13750000000000018,0.6375000000000002,-0.19999999999999996,0.0125,1.3250000000000028
-61362.399999999994,176677.16249999998,17396.662500000006,152484.625,26401.45000000001,1717.6124999999884,172585.875,1043.4874999999884,142576.925,61543.125,-0.5499999999999998,0.775,-1.4124999999999943,0.02499999999999991,0.6500000000000004,1.1875,0.2125,0.13750000000000018,-0.3624999999999998,-0.19999999999999996,-0.9875,-0.6749999999999972
-60976.399999999994,175558.16249999998,17166.662500000006,152779.625,25674.45000000001,1997.6124999999884,170515.875,1204.4874999999884,141939.925,61006.125,0.4500000000000002,-0.22499999999999998,-0.4124999999999943,-0.9750000000000001,-0.34999999999999964,0.1875,0.2125,0.13750000000000018,-0.3624999999999998,-1.2,-0.9875,-0.6749999999999972
-59809.399999999994,172741.16249999998,16788.662500000006,152662.625,24600.45000000001,2222.6124999999884,169322.875,895.4874999999884,142442.925,60525.125,-0.5499999999999998,-1.225,-1.4124999999999943,0.02499999999999991,-1.3499999999999996,0.1875,0.2125,0.13750000000000018,-0.3624999999999998,-0.19999999999999996,0.0125,-0.6749999999999972
-58553.399999999994,170242.16249999998,16655.662500000006,153171.625,22775.45000000001,2432.6124999999884,168312.875,1002.4874999999884,143272.925,59549.125,-1.5499999999999998,-0.22499999999999998,-0.4124999999999943,-0.9750000000000001,-1.3499999999999996,-0.8125,0.2125,0.13750000000000018,0.6375000000000002,-1.2,0.0125,0.32500000000000284
-58668.399999999994,169233.16249999998,16693.662500000006,154606.625,21994.45000000001,2605.6124999999884,168605.875,1360.4874999999884,144474.925,58216.125,-0.5499999999999998,-0.22499999999999998,-0.4124999999999943,0.02499999999999991,-0.34999999999999964,-0.8125,0.2125,0.13750000000000018,-0.3624999999999998,-0.19999999999999996,0.0125,-0.6749999999999972
-59155.399999999994,169853.16249999998,16560.662500000006,156754.625,21623.45000000001,2709.6124999999884,168339.875,1306.4874999999884,145077.925,55996.125,-0.5499999999999998,-0.22499999999999998,-0.4124999999999943,-0.9750000000000001,-1.3499999999999996,0.1875,0.2125,0.13750000000000018,0.6375000000000002,-0.19999999999999996,0.0125,1.3250000000000028
-59028.399999999994,168787.16249999998,16564.662500000006,157310.625,21678.45000000001,2941.6124999999884,168782.875,1151.4874999999884,145322.925,55479.125,-0.5499999999999998,-0.22499999999999998,-0.4124999999999943,-0.9750000000000001,-0.34999999999999964,0.1875,0.2125,0.13750000000000018,0.6375000000000002,-0.19999999999999996,-0.9875,-0.6749999999999972
-58486.399999999994,167513.16249999998,16550.662500000006,157306.625,21868.45000000001,3049.6124999999884,167777.875,1107.4874999999884,146140.925,55792.125,-0.5499999999999998,-0.22499999999999998,-1.4124999999999943,-0.9750000000000001,-0.34999999999999964,0.1875,0.2125,0.13750000000000018,-0.3624999999999998,-0.19999999999999996,0.0125,0.32500000000000284
-58124.399999999994,167675.16249999998,16664.662500000006,156803.625,22175.45000000001,3029.6124999999884,166609.875,1295.4874999999884,145685.925,56503.125,-0.5499999999999998,0.775,0.5875000000000057,0.02499999999999991,-0.34999999999999964,0.1875,0.2125,-0.8624999999999998,0.6375000000000002,-0.19999999999999996,-0.9875,0.32500000000000284
-58200.399999999994,168700.16249999998,16836.662500000006,155562.625,23320.45000000001,2978.6124999999884,167280.875,1339.4874999999884,144077.925,57029.125,-0.5499999999999998,0.775,0.5875000000000057,0.02499999999999991,-0.34999999999999964,-0.8125,0.2125,-0.8624999999999998,-0.3624999999999998,-0.19999999999999996,-0.9875,0.32500000000000284
-58873.399999999994,170511.16249999998,16914.662500000006,154989.625,24132.45000000001,2740.6124999999884,167554.875,1156.4874999999884,142965.925,57606.125,-0.5499999999999998,0.775,0.5875000000000057,-0.9750000000000001,0.6500000000000004,-0.8125,0.2125,0.13750000000000018,-0.3624999999999998,-0.19999999999999996,0.0125,0.32500000000000284
-59948.399999999994,172498.16249999998,16949.662500000006,154991.625,24617.45000000001,2691.6124999999884,168768.875,1230.4874999999884,142798.925,58345.125,0.4500000000000002,-0.22499999999999998,-0.4124999999999943,-0.9750000000000001,0.6500000000000004,0.1875,0.2125,0.13750000000000018,-0.3624999999999998,-0.19999999999999996,0.0125,0.32500000000000284
-59928.399999999994,173633.16249999998,17171.662500000006,154790.625,24852.45000000001,2836.6124999999884,171715.875,1106.4874999999884,143071.925,60060.125,0.4500000000000002,0.775,0.5875000000000057,0.02499999999999991,0.6500000000000004,0.1875,0.2125,0.13750000000000018,0.6375000000000002,0.8,0.0125,0.32500000000000284
-59817.399999999994,173565.16249999998,17161.662500000006,153998.625,24817.45000000001,3071.6124999999884,169587.875,1154.4874999999884,143294.925,60072.125,0.4500000000000002,0.775,-0.4124999999999943,0.02499999999999991,0.6500000000000004,0.1875,0.2125,0.13750000000000018,0.6375000000000002,0.8,1.0125,0.32500000000000284
-59667.399999999994,172539.16249999998,17224.662500000006,154757.625,24452.45000000001,3323.6124999999884,168562.875,1161.4874999999884,143058.925,59389.125,0.4500000000000002,0.775,-1.4124999999999943,1.025,0.6500000000000004,1.1875,-0.7875,0.13750000000000018,-0.3624999999999998,-0.19999999999999996,0.0125,1.3250000000000028
-59479.399999999994,171808.16249999998,17143.662500000006,155739.625,23633.45000000001,3644.6124999999884,167375.875,1145.4874999999884,142776.925,58358.125,0.4500000000000002,0.775,-0.4124999999999943,1.025,-0.34999999999999964,0.1875,0.2125,-0.8624999999999998,-0.3624999999999998,0.8,0.0125,0.32500000000000284
-59321.399999999994,170910.16249999998,17095.662500000006,156913.625,22382.45000000001,3811.6124999999884,166958.875,1030.4874999999884,143163.925,57640.125,0.4500000000000002,0.775,0.5875000000000057,0.02499999999999991,-0.34999999999999964,0.1875,0.2125,0.13750000000000018,0.6375000000000002,0.8,0.0125,0.32500000000000284
-59211.399999999994,169550.16249999998,16866.662500000006,157877.625,21929.45000000001,3873.6124999999884,166355.875,1066.4874999999884,144427.925,57091.125,0.4500000000000002,-0.22499999999999998,0.5875000000000057,0.02499999999999991,-0.34999999999999964,0.1875,0.2125,-0.8624999999999998,0.6375000000000002,0.8,0.0125,-0.6749999999999972
-58786.399999999994,168809.16249999998,16809.662500000006,157946.625,21660.45000000001,4016.6124999999884,166490.875,1159.4874999999884,145726.925,56049.125,0.4500000000000002,-0.22499999999999998,-0.4124999999999943,1.025,-0.34999999999999964,0.1875,0.2125,0.13750000000000018,0.6375000000000002,0.8,0.0125,0.32500000000000284
-58909.399999999994,168205.16249999998,16780.662500000006,157396.625,21711.45000000001,4060.6124999999884,166804.875,1104.4874999999884,145803.925,56274.125,1.4500000000000002,-0.22499999999999998,-0.4124999999999943,0.02499999999999991,-0.34999999999999964,0.1875,0.2125,0.13750000000000018,0.6375000000000002,0.8,0.0125,1.3250000000000028
-58976.399999999994,168877.16249999998,16849.662500000006,157663.625,22103.45000000001,3613.6124999999884,166789.875,1068.4874999999884,145588.925,56489.125,0.4500000000000002,-0.22499999999999998,-1.4124999999999943,0.02499999999999991,-0.34999999999999964,0.1875,0.2125,-0.8624999999999998,0.6375000000000002,0.8,0.0125,0.32500000000000284
-59102.399999999994,170060.16249999998,16934.662500000006,156741.625,22737.45000000001,3292.6124999999884,167797.875,1072.4874999999884,144786.925,56671.125,-0.5499999999999998,-0.22499999999999998,-0.4124999999999943,0.02499999999999991,-0.34999999999999964,0.1875,0.2125,-0.8624999999999998,-0.3624999999999998,-0.19999999999999996,0.0125,1.3250000000000028
-59253.399999999994,171016.16249999998,16996.662500000006,154924.625,24052.45000000001,3072.6124999999884,167026.875,1225.4874999999884,143815.925,57357.125,0.4500000000000002,-0.22499999999999998,-0.4124999999999943,0.02499999999999991,0.6500000000000004,0.1875,0.2125,-0.8624999999999998,0.6375000000000002,-0.19999999999999996,0.0125,0.32500000000000284
-59310.399999999994,171404.16249999998,16915.662500000006,153953.625,24576.45000000001,2949.6124999999884,167513.875,1141.4874999999884,143551.925,58080.125,0.4500000000000002,-0.22499999999999998,0.5875000000000057,0.02499999999999991,0.6500000000000004,-0.8125,0.2125,0.13750000000000018,0.6375000000000002,-0.19999999999999996,-0.9875,-0.6749999999999972
-59548.399999999994,171888.16249999998,16811.662500000006,153760.625,24623.45000000001,2848.6124999999884,168522.875,1269.4874999999884,144368.925,58828.125,-0.5499999999999998,-0.22499999999999998,-0.4124999999999943,-0.9750000000000001,-1.3499999999999996,0.1875,0.2125,0.13750000000000018,0.6375000000000002,-0.19999999999999996,0.0125,0.32500000000000284
-59567.399999999994,172504.16249999998,16886.662500000006,153423.625,24877.45000000001,2701.6124999999884,167880.875,1223.4874999999884,144089.925,59122.125,-0.5499999999999998,-0.22499999999999998,-0.4124999999999943,0.02499999999999991,-0.34999999999999964,-0.8125,0.2125,0.13750000000000018,0.6375000000000002,-0.19999999999999996,0.0125,-1.6749999999999972
-59576.399999999994,172562.16249999998,16908.662500000006,153196.625,24830.45000000001,2452.6124999999884,167887.875,1114.4874999999884,144078.925,58746.125,-0.5499999999999998,-0.22499999999999998,-0.4124999999999943,-0.9750000000000001,-0.34999999999999964,-0.8125,0.2125,-0.8624999999999998,0.6375000000000002,-1.2,1.0125,1.3250000000000028
-59598.399999999994,172022.16249999998,16904.662500000006,154247.625,24541.45000000001,2520.6124999999884,167804.875,983.4874999999884,144294.925,58701.125,0.4500000000000002,0.775,-0.4124999999999943,-0.9750000000000001,-0.34999999999999964,0.1875,0.2125,0.13750000000000018,-0.3624999999999998,-0.19999999999999996,0.0125,1.3250000000000028
-59230.399999999994,170972.16249999998,16642.662500000006,154528.625,23745.45000000001,2699.6124999999884,167014.875,1139.4874999999884,144609.925,58286.125,-0.5499999999999998,-0.22499999999999998,0.5875000000000057,0.02499999999999991,-0.34999999999999964,0.1875,0.2125,0.13750000000000018,-0.3624999999999998,-0.19999999999999996,0.0125,0.32500000000000284
-58929.399999999994,170269.16249999998,16712.662500000006,154721.625,23189.45000000001,2727.6124999999884,167458.875,1352.4874999999884,144948.925,57783.125,-0.5499999999999998,-0.22499999999999998,-0.4124999999999943,0.02499999999999991,-0.34999999999999964,0.1875,-0.7875,0.13750000000000018,-0.3624999999999998,-0.19999999999999996,0.0125,1.3250000000000028
-58892.399999999994,170098.16249999998,16788.662500000006,155399.625,22883.45000000001,2795.6124999999884,169354.875,1511.4874999999884,145217.925,57164.125,0.4500000000000002,-0.22499999999999998,0.5875000000000057,-0.9750000000000001,-0.34999999999999964,0.1875,0.2125,0.13750000000000018,0.6375000000000002,-0.19999999999999996,0.0125,0.32500000000000284
-58861.399999999994,170273.16249999998,16819.662500000006,156078.625,22907.45000000001,2813.6124999999884,167824.875,1444.4874999999884,145370.925,56926.125,-0.5499999999999998,0.775,0.5875000000000057,0.02499999999999991,0.6500000000000004,0.1875,0.2125,1.1375000000000002,0.6375000000000002,-0.19999999999999996,0.0125,-0.6749999999999972
-59073.399999999994,170893.16249999998,17006.662500000006,156321.625,23176.45000000001,2761.6124999999884,169037.875,1381.4874999999884,145017.925,57067.125,-0.5499999999999998,0.775,0.5875000000000057,0.02499999999999991,-0.34999999999999964,0.1875,0.2125,0.13750000000000018,0.6375000000000002,-0.19999999999999996,0.0125,0.32500000000000284
-59215.399999999994,171212.16249999998,16977.662500000006,155898.625,23131.45000000001,2736.6124999999884,167531.875,1214.4874999999884,144590.925,57647.125,-0.5499999999999998,0.775,-0.4124999999999943,-0.9750000000000001,0.6500000000000004,-0.8125,-0.7875,0.13750000000000018,-0.3624999999999998,-0.19999999999999996,0.0125,0.32500000000000284
-59387.399999999994,171431.16249999998,17014.662500000006,154969.625,23369.45000000001,2740.6124999999884,167601.875,1274.4874999999884,144334.925,58052.125,0.4500000000000002,-0.22499999999999998,-0.4124999999999943,0.02499999999999991,0.6500000000000004,-0.8125,0.2125,0.13750000000000018,-0.3624999999999998,-0.19999999999999996,0.0125,0.32500000000000284
-59583.399999999994,171529.16249999998,17059.662500000006,154824.625,23734.45000000001,2870.6124999999884,168066.875,1284.4874999999884,143961.925,58562.125,0.4500000000000002,-0.22499999999999998,0.5875000000000057,0.02499999999999991,-0.34999999999999964,0.1875,0.2125,-0.8624999999999998,-0.3624999999999998,0.8,0.0125,0.32500000000000284
-59642.399999999994,171471.16249999998,17182.662500000006,154445.625,23915.45000000001,2999.6124999999884,167859.875,1322.4874999999884,143922.925,58847.125,-0.5499999999999998,0.775,0.5875000000000057,0.02499999999999991,0.6500000000000004,-0.8125,0.2125,-0.8624999999999998,-0.3624999999999998,0.8,0.0125,0.32500000000000284
-59485.399999999994,171848.16249999998,16957.662500000006,154645.625,23732.45000000001,2918.6124999999884,167357.875,1146.4874999999884,144099.925,58878.125,0.4500000000000002,0.775,-1.4124999999999943,1.025,-0.34999999999999964,0.1875,0.2125,0.13750000000000018,-0.3624999999999998,0.8,0.0125,-0.6749999999999972
-59432.399999999994,171243.16249999998,17053.662500000006,155030.625,23354.45000000001,3011.6124999999884,167789.875,1057.4874999999884,144489.925,58304.125,0.4500000000000002,-0.22499999999999998,-0.4124999999999943,0.02499999999999991,-0.34999999999999964,0.1875,0.2125,0.13750000000000018,-0.3624999999999998,0.8,0.0125,0.32500000000000284
-59359.399999999994,170905.16249999998,17043.662500000006,155444.625,23155.45000000001,3121.6124999999884,166188.875,1152.4874999999884,144791.925,57887.125,0.4500000000000002,-0.22499999999999998,-0.4124999999999943,1.025,0.6500000000000004,-0.8125,0.2125,-0.8624999999999998,0.6375000000000002,0.8,0.0125,0.32500000000000284
-59128.399999999994,170162.16249999998,16896.662500000006,156080.625,22538.45000000001,3298.6124999999884,165579.875,1027.4874999999884,145516.925,57235.125,0.4500000000000002,-0.22499999999999998,-1.4124999999999943,1.025,-1.3499999999999996,0.1875,0.2125,0.13750000000000018,0.6375000000000002,-0.19999999999999996,0.0125,1.3250000000000028
-59100.399999999994,170050.16249999998,16913.662500000006,156214.625,22796.45000000001,3305.6124999999884,165200.875,1121.4874999999884,145667.925,57179.125,0.4500000000000002,0.775,-0.4124999999999943,0.02499999999999991,-0.34999999999999964,0.1875,0.2125,1.1375000000000002,-0.3624999999999998,-0.19999999999999996,0.0125,-0.6749999999999972
-59097.399999999994,169980.16249999998,16775.662500000006,155931.625,22707.45000000001,3267.6124999999884,167681.875,1148.4874999999884,145618.925,57119.125,0.4500000000000002,-0.22499999999999998,0.5875000000000057,0.02499999999999991,1.6500000000000004,-1.8125,0.2125,-0.8624999999999998,-0.3624999999999998,-0.19999999999999996,0.0125,-0.6749999999999972
-59270.399999999994,170488.16249999998,17009.662500000006,155483.625,22572.45000000001,3180.6124999999884,168609.875,1214.4874999999884,145346.925,57362.125,-0.5499999999999998,0.775,0.5875000000000057,0.02499999999999991,0.6500000000000004,0.1875,0.2125,0.13750000000000018,-0.3624999999999998,-0.19999999999999996,0.0125,-0.6749999999999972
-59458.399999999994,171213.16249999998,16992.662500000006,155357.625,23005.45000000001,3132.6124999999884,167254.875,1334.4874999999884,145182.925,58018.125,-0.5499999999999998,-0.22499999999999998,-0.4124999999999943,0.02499999999999991,0.6500000000000004,0.1875,0.2125,0.13750000000000018,0.6375000000000002,0.8,0.0125,1.3250000000000028
-59384.399999999994,171349.16249999998,16852.662500000006,155097.625,23546.45000000001,3095.6124999999884,167683.875,1305.4874999999884,145052.925,58215.125,0.4500000000000002,0.775,0.5875000000000057,0.02499999999999991,0.6500000000000004,0.1875,-0.7875,0.13750000000000018,-0.3624999999999998,0.8,0.0125,-0.6749999999999972
-59491.399999999994,172993.16249999998,17107.662500000006,154306.625,23810.45000000001,2824.6124999999884,168208.875,1249.4874999999884,145276.925,58896.125,0.4500000000000002,-0.22499999999999998,-0.4124999999999943,0.02499999999999991,-0.34999999999999964,0.1875,0.2125,0.13750000000000018,-0.3624999999999998,0.8,0.0125,0.32500000000000284
-59442.399999999994,172780.16249999998,17122.662500000006,154552.625,23780.45000000001,2710.6124999999884,167164.875,1180.4874999999884,145500.925,58632.125,0.4500000000000002,0.775,-0.4124999999999943,0.02499999999999991,-0.34999999999999964,0.1875,0.2125,0.13750000000000018,-0.3624999999999998,-0.19999999999999996,0.0125,-0.6749999999999972
-59410.399999999994,172324.16249999998,17040.662500000006,154607.625,24090.45000000001,2602.6124999999884,167326.875,1136.4874999999884,145454.925,58526.125,0.4500000000000002,-0.22499999999999998,-0.4124999999999943,-0.9750000000000001,0.6500000000000004,-0.8125,-0.7875,0.13750000000000018,-0.3624999999999998,-0.19999999999999996,0.0125,0.32500000000000284
-59349.399999999994,171749.16249999998,16731.662500000006,154623.625,23801.45000000001,2770.6124999999884,168365.875,1047.4874999999884,145381.925,58011.125,-0.5499999999999998,-0.22499999999999998,-1.4124999999999943,0.02499999999999991,-0.34999999999999964,-0.8125,0.2125,0.13750000000000018,-0.3624999999999998,-0.19999999999999996,0.0125,-0.6749999999999972
-59309.399999999994,171109.16249999998,16694.662500000006,154515.625,23209.45000000001,2904.6124999999884,168517.875,1185.4874999999884,145793.925,57712.125,-0.5499999999999998,-0.22499999999999998,-0.4124999999999943,-0.9750000000000001,-0.34999999999999964,0.1875,0.2125,0.13750000000000018,0.6375000000000002,-0.19999999999999996,0.0125,-0.6749999999999972
-59004.399999999994,170956.16249999998,16837.662500000006,154931.625,23294.45000000001,2875.6124999999884,166898.875,1368.4874999999884,145723.925,57539.125,0.4500000000000002,-0.22499999999999998,-0.4124999999999943,-0.9750000000000001,-0.34999999999999964,0.1875,0.2125,0.13750000000000018,-1.3624999999999998,-0.19999999999999996,0.0125,0.32500000000000284
-58840.399999999994,171241.16249999998,16858.662500000006,154908.625,23272.45000000001,2632.6124999999884,166949.875,1291.4874999999884,145614.925,57384.125,-0.5499999999999998,-0.22499999999999998,-0.4124999999999943,-0.9750000000000001,0.6500000000000004,1.1875,-0.7875,0.13750000000000018,-0.3624999999999998,-0.19999999999999996,0.0125,-0.6749999999999972
-58948.399999999994,171492.16249999998,17040.662500000006,155014.625,23349.45000000001,2584.6124999999884,168372.875,1124.4874999999884,145413.925,57260.125,-0.5499999999999998,0.775,-0.4124999999999943,0.02499999999999991,-0.34999999999999964,0.1875,-0.7875,-0.8624999999999998,0.6375000000000002,0.8,0.0125,0.32500000000000284
-59141.399999999994,171811.16249999998,17046.662500000006,155045.625,23541.45000000001,2547.6124999999884,168385.875,1085.4874999999884,145157.925,57530.125,0.4500000000000002,-0.22499999999999998,0.5875000000000057,-0.9750000000000001,-0.34999999999999964,-0.8125,0.2125,0.13750000000000018,0.6375000000000002,-0.19999999999999996,0.0125,0.32500000000000284
-59522.399999999994,171895.16249999998,17116.662500000006,154686.625,23836.45000000001,2416.6124999999884,168049.875,1194.4874999999884,144928.925,57881.125,0.4500000000000002,0.775,-0.4124999999999943,0.02499999999999991,-0.34999999999999964,0.1875,0.2125,0.13750000000000018,-0.3624999999999998,-0.19999999999999996,0.0125,-0.6749999999999972
-59137.399999999994,172592.16249999998,16966.662500000006,154066.625,23938.45000000001,2804.6124999999884,169949.875,1254.4874999999884,144848.925,58632.125,-0.5499999999999998,-0.22499999999999998,0.5875000000000057,0.02499999999999991,-0.34999999999999964,0.1875,-0.7875,0.13750000000000018,-0.3624999999999998,-0.19999999999999996,0.0125,0.32500000000000284
-59116.399999999994,172909.16249999998,17084.662500000006,154278.625,23931.45000000001,2846.6124999999884,168147.875,1248.4874999999884,145041.925,58430.125,-0.5499999999999998,0.775,-1.4124999999999943,0.02499999999999991,0.6500000000000004,0.1875,0.2125,0.13750000000000018,-0.3624999999999998,0.8,0.0125,-0.6749999999999972
-59049.399999999994,172217.16249999998,16924.662500000006,155012.625,23448.45000000001,3103.6124999999884,167547.875,1291.4874999999884,145069.925,58037.125,0.4500000000000002,0.775,0.5875000000000057,0.02499999999999991,0.6500000000000004,0.1875,0.2125,0.13750000000000018,-0.3624999999999998,-0.19999999999999996,0.0125,-0.6749999999999972
-59049.399999999994,171661.16249999998,16917.662500000006,155424.625,23217.45000000001,3408.6124999999884,168800.875,1157.4874999999884,145108.925,57850.125,0.4500000000000002,-0.22499999999999998,-0.4124999999999943,1.025,-0.34999999999999964,0.1875,0.2125,0.13750000000000018,0.6375000000000002,0.8,0.0125,0.32500000000000284
-59006.399999999994,171034.16249999998,16818.662500000006,155883.625,22925.45000000001,3443.6124999999884,167859.875,1117.4874999999884,145597.925,57631.125,0.4500000000000002,-0.22499999999999998,-0.4124999999999943,0.02499999999999991,-1.3499999999999996,-0.8125,0.2125,0.13750000000000018,-0.3624999999999998,0.8,0.0125,-0.6749999999999972
-58858.399999999994,170570.16249999998,16886.662500000006,156168.625,22618.45000000001,3574.6124999999884,167534.875,1135.4874999999884,145976.925,57535.125,0.4500000000000002,-0.22499999999999998,0.5875000000000057,0.02499999999999991,-0.34999999999999964,0.1875,0.2125,0.13750000000000018,-0.3624999999999998,0.8,0.0125,0.32500000000000284
-58961.399999999994,170574.16249999998,16903.662500000006,156135.625,22696.45000000001,3519.6124999999884,168019.875,1215.4874999999884,145997.925,57062.125,0.4500000000000002,0.775,-0.4124999999999943,0.02499999999999991,0.6500000000000004,-0.8125,0.2125,0.13750000000000018,-0.3624999999999998,-0.19999999999999996,0.0125,-0.6749999999999972
-59091.399999999994,170719.16249999998,16789.662500000006,156134.625,22656.45000000001,3379.6124999999884,166068.875,996.4874999999884,146008.925,57566.125,0.4500000000000002,0.775,0.5875000000000057,0.02499999999999991,-0.34999999999999964,0.1875,0.2125,0.13750000000000018,-0.3624999999999998,0.8,0.0125,-0.6749999999999972
-59146.399999999994,171460.16249999998,16893.662500000006,156033.625,23031.45000000001,3281.6124999999884,166678.875,1062.4874999999884,145847.925,57813.125,0.4500000000000002,0.775,-0.4124999999999943,0.02499999999999991,-0.34999999999999964,0.1875,0.2125,0.13750000000000018,-0.3624999999999998,-0.19999999999999996,1.0125,-0.6749999999999972
-59116.399999999994,171363.16249999998,17034.662500000006,155041.625,23313.45000000001,3204.6124999999884,167361.875,1091.4874999999884,145186.925,57831.125,0.4500000000000002,-0.22499999999999998,0.5875000000000057,0.02499999999999991,0.6500000000000004,0.1875,0.2125,0.13750000000000018,-0.3624999999999998,-0.19999999999999996,0.0125,0.32500000000000284
-59059.399999999994,172035.16249999998,17002.662500000006,154510.625,23152.45000000001,3353.6124999999884,166916.875,1202.4874999999884,144945.925,57789.125,0.4500000000000002,-0.22499999999999998,0.5875000000000057,0.02499999999999991,0.6500000000000004,1.1875,0.2125,0.13750000000000018,0.6375000000000002,0.8,0.0125,0.32500000000000284
-59131.399999999994,172185.16249999998,17134.662500000006,154458.625,23418.45000000001,3083.6124999999884,168607.875,1186.4874999999884,145128.925,57904.125,0.4500000000000002,-0.22499999999999998,-0.4124999999999943,0.02499999999999991,0.6500000000000004,0.1875,0.2125,0.13750000000000018,-0.3624999999999998,0.8,0.0125,0.32500000000000284
-59239.399999999994,172515.16249999998,17116.662500000006,154495.625,23502.45000000001,2869.6124999999884,167973.875,1136.4874999999884,145418.925,58258.125,-0.5499999999999998,-0.22499999999999998,-0.4124999999999943,0.02499999999999991,0.6500000000000004,0.1875,0.2125,-0.8624999999999998,-0.3624999999999998,-0.19999999999999996,0.0125,0.32500000000000284
-59316.399999999994,172472.16249999998,16927.662500000006,154443.625,23666.45000000001,2883.6124999999884,167576.875,1160.4874999999884,145303.925,58257.125,-0.5499999999999998,-0.22499999999999998,0.5875000000000057,-0.9750000000000001,-0.34999999999999964,0.1875,-0.7875,0.13750000000000018,-0.3624999999999998,0.8,0.0125,-1.6749999999999972
-58915.399999999994,171847.16249999998,17024.662500000006,154276.625,23686.45000000001,2924.6124999999884,168305.875,1188.4874999999884,145156.925,58148.125,-0.5499999999999998,-0.22499999999999998,-0.4124999999999943,0.02499999999999991,-0.34999999999999964,0.1875,0.2125,0.13750000000000018,-0.3624999999999998,-0.19999999999999996,0.0125,-0.6749999999999972
-58851.399999999994,171448.16249999998,16961.662500000006,154356.625,23399.45000000001,3057.6124999999884,169085.875,1137.4874999999884,145390.925,57835.125,0.4500000000000002,0.775,0.5875000000000057,-0.9750000000000001,-0.34999999999999964,-0.8125,0.2125,-0.8624999999999998,0.6375000000000002,-0.19999999999999996,0.0125,0.32500000000000284
-58754.399999999994,171476.16249999998,16747.662500000006,154822.625,23148.45000000001,2787.6124999999884,169289.875,1039.4874999999884,145434.925,57397.125,-0.5499999999999998,-0.22499999999999998,0.5875000000000057,-0.9750000000000001,-0.34999999999999964,0.1875,-0.7875,-0.8624999999999998,0.6375000000000002,-0.19999999999999996,-0.9875,0.32500000000000284
-58642.399999999994,171317.16249999998,16528.662500000006,154652.625,23155.45000000001,2911.6124999999884,168583.875,779.4874999999884,145719.925,57308.125,-0.5499999999999998,-0.22499999999999998,-0.4124999999999943,-0.9750000000000001,-0.34999999999999964,0.1875,-0.7875,0.13750000000000018,-0.3624999999999998,-0.19999999999999996,0.0125,-0.6749999999999972
-58852.399999999994,171227.16249999998,16589.662500000006,154454.625,23511.45000000001,3091.6124999999884,167307.875,1018.4874999999884,145663.925,57299.125,-0.5499999999999998,-0.22499999999999998,-0.4124999999999943,-0.9750000000000001,-0.34999999999999964,-0.8125,0.2125,0.13750000000000018,0.6375000000000002,-0.19999999999999996,0.0125,-0.6749999999999972
-58941.399999999994,171952.16249999998,16858.662500000006,154280.625,23213.45000000001,2828.6124999999884,167142.875,1217.4874999999884,145632.925,57534.125,-0.5499999999999998,0.775,-0.4124999999999943,-0.9750000000000001,0.6500000000000004,0.1875,0.2125,0.13750000000000018,-0.3624999999999998,-0.19999999999999996,0.0125,-0.6749999999999972
-59084.399999999994,172163.16249999998,16876.662500000006,153661.625,23615.45000000001,2666.6124999999884,169259.875,1129.4874999999884,145010.925,58067.125,-0.5499999999999998,0.775,-2.4124999999999943,-0.9750000000000001,-0.34999999999999964,-0.8125,-0.7875,0.13750000000000018,-0.3624999999999998,-0.19999999999999996,0.0125,-0.6749999999999972
-59252.399999999994,171987.16249999998,16900.662500000006,153670.625,23880.45000000001,2480.6124999999884,166373.875,1008.4874999999884,145246.925,58200.125,0.4500000000000002,-0.22499999999999998,0.5875000000000057,0.02499999999999991,-0.34999999999999964,-0.8125,0.2125,0.13750000000000018,0.6375000000000002,0.8,-0.9875,1.3250000000000028
-59085.399999999994,172100.16249999998,16915.662500000006,153805.625,24033.45000000001,2597.6124999999884,166101.875,1052.4874999999884,145115.925,58171.125,0.4500000000000002,-0.22499999999999998,0.5875000000000057,0.02499999999999991,-0.34999999999999964,0.1875,0.2125,1.1375000000000002,-0.3624999999999998,0.8,0.0125,0.32500000000000284
-59043.399999999994,172179.16249999998,17058.662500000006,153837.625,23703.45000000001,2785.6124999999884,167667.875,1125.4874999999884,145038.925,58186.125,0.4500000000000002,0.775,0.5875000000000057,0.02499999999999991,-0.34999999999999964,0.1875,0.2125,0.13750000000000018,-0.3624999999999998,-0.19999999999999996,0.0125,0.32500000000000284
-59083.399999999994,171966.16249999998,17078.662500000006,154216.625,23559.45000000001,2939.6124999999884,166900.875,1189.4874999999884,145048.925,58281.125,0.4500000000000002,-0.22499999999999998,0.5875000000000057,0.02499999999999991,-0.34999999999999964,-0.8125,0.2125,0.13750000000000018,-0.3624999999999998,-0.19999999999999996,0.0125,-0.6749999999999972
-59135.399999999994,171758.16249999998,17007.662500000006,154550.625,23387.45000000001,3146.6124999999884,166154.875,1227.4874999999884,145377.925,57703.125,0.4500000000000002,-0.22499999999999998,-0.4124999999999943,0.02499999999999991,0.6500000000000004,0.1875,-0.7875,0.13750000000000018,0.6375000000000002,0.8,-0.9875,0.32500000000000284
-58857.399999999994,171093.16249999998,16850.662500000006,155006.625,22542.45000000001,3298.6124999999884,167096.875,1079.4874999999884,145866.925,57296.125,0.4500000000000002,-0.22499999999999998,-0.4124999999999943,0.02499999999999991,0.6500000000000004,0.1875,0.2125,0.13750000000000018,-0.3624999999999998,0.8,0.0125,-0.6749999999999972
-58840.399999999994,170649.16249999998,16927.662500000006,155147.625,22565.45000000001,3380.6124999999884,166107.875,1140.4874999999884,145934.925,57239.125,1.4500000000000002,-0.22499999999999998,-0.4124999999999943,0.02499999999999991,0.6500000000000004,0.1875,0.2125,0.13750000000000018,-0.3624999999999998,0.8,1.0125,0.32500000000000284
-58990.399999999994,170657.16249999998,16992.662500000006,155327.625,22934.45000000001,3471.6124999999884,165287.875,1056.4874999999884,145786.925,57574.125,0.4500000000000002,0.775,-1.4124999999999943,0.02499999999999991,-0.34999999999999964,0.1875,0.2125,0.13750000000000018,0.6375000000000002,-0.19999999999999996,1.0125,0.32500000000000284
-59062.399999999994,171224.16249999998,17044.662500000006,155000.625,23110.45000000001,3522.6124999999884,165954.875,1059.4874999999884,145575.925,57434.125,0.4500000000000002,-0.22499999999999998,0.5875000000000057,0.02499999999999991,-0.34999999999999964,-0.8125,0.2125,0.13750000000000018,-0.3624999999999998,-0.19999999999999996,0.0125,0.32500000000000284
-58884.399999999994,171118.16249999998,16994.662500000006,154815.625,23347.45000000001,3452.6124999999884,165600.875,1180.4874999999884,145590.925,57358.125,0.4500000000000002,-1.225,0.5875000000000057,0.02499999999999991,-0.34999999999999964,0.1875,0.2125,0.13750000000000018,-0.3624999999999998,0.8,0.0125,0.32500000000000284
-58808.399999999994,171220.16249999998,16993.662500000006,154461.625,23289.45000000001,3338.6124999999884,166171.875,1109.4874999999884,145414.925,58312.125,0.4500000000000002,0.775,0.5875000000000057,0.02499999999999991,0.6500000000000004,0.1875,-0.7875,-0.8624999999999998,0.6375000000000002,0.8,0.0125,-0.6749999999999972
-58977.399999999994,171655.16249999998,17035.662500000006,154069.625,23274.45000000001,3264.6124999999884,166698.875,1150.4874999999884,145329.925,58259.125,-0.5499999999999998,0.775,-0.4124999999999943,0.02499999999999991,0.6500000000000004,0.1875,0.2125,-0.8624999999999998,-0.3624999999999998,-0.19999999999999996,0.0125,-0.6749999999999972
-59154.399999999994,172051.16249999998,17008.662500000006,153982.625,23374.45000000001,3001.6124999999884,167964.875,1188.4874999999884,145348.925,57871.125,0.4500000000000002,-0.22499999999999998,-0.4124999999999943,0.02499999999999991,0.6500000000000004,0.1875,0.2125,0.13750000000000018,0.6375000000000002,-0.19999999999999996,0.0125,0.32500000000000284
-59014.399999999994,171936.16249999998,16945.662500000006,154351.625,23412.45000000001,3016.6124999999884,168028.875,1206.4874999999884,145444.925,57993.125,-0.5499999999999998,-0.22499999999999998,-0.4124999999999943,0.02499999999999991,-0.34999999999999964,0.1875,0.2125,-0.8624999999999998,0.6375000000000002,-0.19999999999999996,0.0125,1.3250000000000028
-58819.399999999994,171654.16249999998,16829.662500000006,154103.625,23422.45000000001,3180.6124999999884,166122.875,1331.4874999999884,145982.925,57916.125,-0.5499999999999998,-0.22499999999999998,-0.4124999999999943,0.02499999999999991,-0.34999999999999964,0.1875,0.2125,0.13750000000000018,-0.3624999999999998,-0.19999999999999996,0.0125,0.32500000000000284
-58650.399999999994,171392.16249999998,16867.662500000006,153894.625,23434.45000000001,3032.6124999999884,165173.875,1223.4874999999884,145963.925,57881.125,-0.5499999999999998,-0.22499999999999998,-0.4124999999999943,0.02499999999999991,-0.34999999999999964,0.1875,0.2125,0.13750000000000018,-0.3624999999999998,-0.19999999999999996,-0.9875,0.32500000000000284
-58749.399999999994,171247.16249999998,16948.662500000006,154205.625,23225.45000000001,2976.6124999999884,165355.875,1190.4874999999884,146149.925,57682.125,0.4500000000000002,-0.22499999999999998,-1.4124999999999943,-0.9750000000000001,-0.34999999999999964,0.1875,0.2125,0.13750000000000018,0.6375000000000002,-0.19999999999999996,0.0125,1.3250000000000028
-58833.399999999994,171237.16249999998,16815.662500000006,154463.625,23256.45000000001,3003.6124999999884,166310.875,1125.4874999999884,146316.925,57659.125,-0.5499999999999998,-0.22499999999999998,-1.4124999999999943,0.02499999999999991,-0.34999999999999964,0.1875,0.2125,0.13750000000000018,0.6375000000000002,-0.19999999999999996,0.0125,0.32500000000000284
-58953.399999999994,171548.16249999998,16806.662500000006,154457.625,23267.45000000001,2978.6124999999884,165711.875,1130.4874999999884,146164.925,57722.125,-0.5499999999999998,-0.22499999999999998,-1.4124999999999943,0.02499999999999991,-0.34999999999999964,0.1875,0.2125,0.13750000000000018,-0.3624999999999998,-0.19999999999999996,0.0125,-0.6749999999999972
-59091.399999999994,172135.16249999998,16919.662500000006,154147.625,23395.45000000001,2881.6124999999884,165779.875,1137.4874999999884,145923.925,57789.125,-0.5499999999999998,0.775,-0.4124999999999943,0.02499999999999991,0.6500000000000004,0.1875,0.2125,0.13750000000000018,-0.3624999999999998,-0.19999999999999996,-0.9875,-0.6749999999999972
-59174.399999999994,172387.16249999998,17043.662500000006,153914.625,23513.45000000001,2744.6124999999884,164841.875,1115.4874999999884,145680.925,57920.125,-0.5499999999999998,0.775,-0.4124999999999943,0.02499999999999991,0.6500000000000004,1.1875,0.2125,0.13750000000000018,-0.3624999999999998,-0.19999999999999996,0.0125,0.32500000000000284
-59171.399999999994,172244.16249999998,16970.662500000006,153886.625,23992.45000000001,2827.6124999999884,165657.875,1131.4874999999884,145424.925,58178.125,-0.5499999999999998,-0.22499999999999998,0.5875000000000057,0.02499999999999991,-0.34999999999999964,0.1875,0.2125,0.13750000000000018,0.6375000000000002,-0.19999999999999996,0.0125,1.3250000000000028
-59195.399999999994,172258.16249999998,17033.662500000006,153778.625,23982.45000000001,2835.6124999999884,168320.875,1223.4874999999884,145116.925,58219.125,-0.5499999999999998,0.775,0.5875000000000057,-0.9750000000000001,-0.34999999999999964,-0.8125,0.2125,0.13750000000000018,0.6375000000000002,-0.19999999999999996,0.0125,1.3250000000000028
-59245.399999999994,172339.16249999998,16950.662500000006,153822.625,23748.45000000001,2760.6124999999884,167788.875,1319.4874999999884,144781.925,58259.125,-0.5499999999999998,-0.22499999999999998,0.5875000000000057,0.02499999999999991,-0.34999999999999964,0.1875,0.2125,0.13750000000000018,-0.3624999999999998,-0.19999999999999996,0.0125,-0.6749999999999972
-59115.399999999994,172330.16249999998,16856.662500000006,153973.625,23801.45000000001,2908.6124999999884,166796.875,1232.4874999999884,144735.925,58230.125,-0.5499999999999998,0.775,0.5875000000000057,0.02499999999999991,0.6500000000000004,-0.8125,0.2125,0.13750000000000018,0.6375000000000002,-0.19999999999999996,0.0125,-0.6749999999999972
-59048.399999999994,172324.16249999998,17040.662500000006,154131.625,23606.45000000001,2908.6124999999884,166176.875,1206.4874999999884,144855.925,57878.125,0.4500000000000002,0.775,-1.4124999999999943,0.02499999999999991,0.6500000000000004,-0.8125,0.2125,-0.8624999999999998,0.6375000000000002,0.8,0.0125,0.32500000000000284
-59052.399999999994,171945.16249999998,16871.662500000006,154361.625,23004.45000000001,2886.6124999999884,167721.875,1177.4874999999884,145068.925,57538.125,0.4500000000000002,0.775,-0.4124999999999943,0.02499999999999991,0.6500000000000004,0.1875,0.2125,0.13750000000000018,-0.3624999999999998,-0.19999999999999996,0.0125,-0.6749999999999972
-59090.399999999994,171702.16249999998,16955.662500000006,154394.625,22886.45000000001,2911.6124999999884,167879.875,1112.4874999999884,145646.925,57481.125,-0.5499999999999998,-0.22499999999999998,0.5875000000000057,0.02499999999999991,0.6500000000000004,1.1875,0.2125,0.13750000000000018,-0.3624999999999998,0.8,0.0125,-0.6749999999999972
-59064.399999999994,171657.16249999998,16914.662500000006,154511.625,22713.45000000001,3411.6124999999884,167647.875,1115.4874999999884,145747.925,57626.125,0.4500000000000002,-0.22499999999999998,-0.4124999999999943,1.025,-0.34999999999999964,-0.8125,-0.7875,0.13750000000000018,-0.3624999999999998,0.8,0.0125,0.32500000000000284
-58963.399999999994,171856.16249999998,16787.662500000006,154391.625,22775.45000000001,3478.6124999999884,167430.875,1040.4874999999884,145629.925,57554.125,-0.5499999999999998,-0.22499999999999998,-0.4124999999999943,0.02499999999999991,-0.34999999999999964,-0.8125,0.2125,0.13750000000000018,-0.3624999999999998,0.8,0.0125,1.3250000000000028
-58958.399999999994,171696.16249999998,16746.662500000006,154524.625,23252.45000000001,3321.6124999999884,164804.875,1130.4874999999884,145460.925,57730.125,-0.5499999999999998,0.775,-0.4124999999999943,1.025,-0.34999999999999964,-0.8125,0.2125,0.13750000000000018,-0.3624999999999998,-0.19999999999999996,0.0125,-0.6749999999999972
-58888.399999999994,171533.16249999998,16877.662500000006,154600.625,23301.45000000001,3336.6124999999884,166052.875,1092.4874999999884,145419.925,57658.125,0.4500000000000002,0.775,-0.4124999999999943,0.02499999999999991,-0.34999999999999964,0.1875,0.2125,-0.8624999999999998,0.6375000000000002,-0.19999999999999996,0.0125,0.32500000000000284
-58973.399999999994,171452.16249999998,17063.662500000006,154292.625,23303.45000000001,3447.6124999999884,166354.875,1174.4874999999884,145271.925,57564.125,0.4500000000000002,0.775,0.5875000000000057,0.02499999999999991,-0.34999999999999964,-0.8125,0.2125,0.13750000000000018,0.6375000000000002,-0.19999999999999996,0.0125,0.32500000000000284
-58906.399999999994,171686.16249999998,17035.662500000006,154163.625,23315.45000000001,3429.6124999999884,166152.875,854.4874999999884,145094.925,57596.125,-0.5499999999999998,-0.22499999999999998,0.5875000000000057,0.02499999999999991,-0.34999999999999964,-0.8125,-0.7875,0.13750000000000018,-0.3624999999999998,-0.19999999999999996,0.0125,0.32500000000000284
-59092.399999999994,172101.16249999998,17034.662500000006,154412.625,23516.45000000001,3291.6124999999884,166003.875,869.4874999999884,144985.925,58007.125,-0.5499999999999998,-0.22499999999999998,-1.4124999999999943,0.02499999999999991,-0.34999999999999964,1.1875,-0.7875,0.13750000000000018,-1.3624999999999998,-0.19999999999999996,0.0125,0.32500000000000284
-58958.399999999994,171927.16249999998,16765.662500000006,154074.625,23151.45000000001,3291.6124999999884,166152.875,1143.4874999999884,145220.925,57724.125,-0.5499999999999998,-0.22499999999999998,-1.4124999999999943,0.02499999999999991,-0.34999999999999964,0.1875,0.2125,0.13750000000000018,-0.3624999999999998,-0.19999999999999996,0.0125,-0.6749999999999972
-58895.399999999994,171853.16249999998,16660.662500000006,153992.625,22893.45000000001,3096.6124999999884,166738.875,1051.4874999999884,145420.925,57909.125,0.4500000000000002,-0.22499999999999998,-0.4124999999999943,0.02499999999999991,0.6500000000000004,0.1875,0.2125,0.13750000000000018,-0.3624999999999998,-0.19999999999999996,0.0125,-0.6749999999999972
-58943.399999999994,171818.16249999998,16829.662500000006,153972.625,23080.45000000001,3015.6124999999884,166520.875,1140.4874999999884,145589.925,57712.125,0.4500000000000002,-0.22499999999999998,-0.4124999999999943,0.02499999999999991,0.6500000000000004,-0.8125,0.2125,0.13750000000000018,-0.3624999999999998,-0.19999999999999996,0.0125,-0.6749999999999972
-58989.399999999994,172030.16249999998,16818.662500000006,154060.625,23241.45000000001,3063.6124999999884,166886.875,1164.4874999999884,145494.925,57407.125,-0.5499999999999998,-0.22499999999999998,-0.4124999999999943,0.02499999999999991,-0.34999999999999964,0.1875,0.2125,0.13750000000000018,0.6375000000000002,-0.19999999999999996,0.0125,0.32500000000000284
-59065.399999999994,172016.16249999998,16800.662500000006,154117.625,23381.45000000001,2825.6124999999884,166782.875,1297.4874999999884,145447.925,57652.125,0.4500000000000002,-0.22499999999999998,0.5875000000000057,0.02499999999999991,-0.34999999999999964,0.1875,0.2125,0.13750000000000018,0.6375000000000002,-0.19999999999999996,0.0125,-0.6749999999999972
-58967.399999999994,172045.16249999998,16844.662500000006,153770.625,23309.45000000001,2797.6124999999884,166041.875,1251.4874999999884,145787.925,57815.125,0.4500000000000002,-0.22499999999999998,0.5875000000000057,0.02499999999999991,-0.34999999999999964,0.1875,-0.7875,0.13750000000000018,-0.3624999999999998,-0.19999999999999996,0.0125,0.32500000000000284
-59092.399999999994,171964.16249999998,16938.662500000006,153512.625,23311.45000000001,2743.6124999999884,166312.875,1347.4874999999884,145810.925,57730.125,-0.5499999999999998,-0.22499999999999998,-0.4124999999999943,0.02499999999999991,-0.34999999999999964,0.1875,0.2125,0.13750000000000018,-0.3624999999999998,-0.19999999999999996,0.0125,-0.6749999999999972
-59038.399999999994,172517.16249999998,16984.662500000006,153878.625,23427.45000000001,2792.6124999999884,167259.875,1013.4874999999884,145686.925,57909.125,-0.5499999999999998,0.775,-0.4124999999999943,-0.9750000000000001,-0.34999999999999964,0.1875,0.2125,0.13750000000000018,-0.3624999999999998,-0.19999999999999996,0.0125,0.32500000000000284
-59097.399999999994,172756.16249999998,16983.662500000006,154243.625,23413.45000000001,2831.6124999999884,168597.875,1006.4874999999884,145711.925,57835.125,0.4500000000000002,0.775,-0.4124999999999943,-0.9750000000000001,-0.34999999999999964,-0.8125,0.2125,0.13750000000000018,0.6375000000000002,0.8,0.0125,-0.6749999999999972
-59267.399999999994,172896.16249999998,17053.662500000006,154005.625,23460.45000000001,2705.6124999999884,166677.875,1098.4874999999884,145829.925,57920.125,-0.5499999999999998,-0.22499999999999998,-0.4124999999999943,0.02499999999999991,-0.34999999999999964,-0.8125,0.2125,0.13750000000000018,0.6375000000000002,-0.19999999999999996,0.0125,-0.6749999999999972
-59161.399999999994,172799.16249999998,17229.662500000006,154046.625,23265.45000000001,2613.6124999999884,165018.875,1140.4874999999884,145504.925,57927.125,0.4500000000000002,-0.22499999999999998,-0.4124999999999943,0.02499999999999991,-0.34999999999999964,0.1875,0.2125,0.13750000000000018,-0.3624999999999998,-0.19999999999999996,0.0125,0.32500000000000284
-58965.399999999994,172018.16249999998,17236.662500000006,154360.625,23170.45000000001,3022.6124999999884,165612.875,1182.4874999999884,145583.925,57661.125,0.4500000000000002,-0.22499999999999998,0.5875000000000057,1.025,-0.34999999999999964,0.1875,0.2125,0.13750000000000018,-0.3624999999999998,-0.19999999999999996,0.0125,-0.6749999999999972
-58984.399999999994,172191.16249999998,17109.662500000006,154385.625,23159.45000000001,3070.6124999999884,166285.875,1041.4874999999884,145846.925,57821.125,-0.5499999999999998,-0.22499999999999998,-1.4124999999999943,0.02499999999999991,-0.34999999999999964,0.1875,0.2125,-0.8624999999999998,-0.3624999999999998,0.8,0.0125,-0.6749999999999972
-58969.399999999994,171774.16249999998,16927.662500000006,154438.625,22969.45000000001,2999.6124999999884,166225.875,1133.4874999999884,145953.925,57852.125,-0.5499999999999998,-0.22499999999999998,0.5875000000000057,1.025,0.6500000000000004,-0.8125,0.2125,-0.8624999999999998,-1.3624999999999998,-0.19999999999999996,0.0125,1.3250000000000028
-59078.399999999994,171581.16249999998,16970.662500000006,154396.625,23102.45000000001,2994.6124999999884,166167.875,1153.4874999999884,146135.925,57877.125,0.4500000000000002,0.775,0.5875000000000057,1.025,-0.34999999999999964,0.1875,-0.7875,0.13750000000000018,-0.3624999999999998,-0.19999999999999996,0.0125,0.32500000000000284
-59023.399999999994,171652.16249999998,16841.662500000006,154329.625,22915.45000000001,3139.6124999999884,165922.875,995.4874999999884,146159.925,57989.125,0.4500000000000002,-0.22499999999999998,0.5875000000000057,-0.9750000000000001,-0.34999999999999964,0.1875,0.2125,0.13750000000000018,-0.3624999999999998,-0.19999999999999996,0.0125,-0.6749999999999972
-59125.399999999994,172250.16249999998,16847.662500000006,154144.625,22810.45000000001,3109.6124999999884,165755.875,995.4874999999884,146375.925,57685.125,0.4500000000000002,-0.22499999999999998,0.5875000000000057,0.02499999999999991,0.6500000000000004,-0.8125,0.2125,0.13750000000000018,0.6375000000000002,-0.19999999999999996,0.0125,0.32500000000000284
-59173.399999999994,172385.16249999998,16814.662500000006,154548.625,23158.45000000001,3090.6124999999884,166471.875,1042.4874999999884,146303.925,57608.125,0.4500000000000002,0.775,-0.4124999999999943,0.02499999999999991,0.6500000000000004,-0.8125,-0.7875,0.13750000000000018,0.6375000000000002,0.8,1.0125,0.32500000000000284
-59163.399999999994,172283.16249999998,16905.662500000006,154421.625,23186.45000000001,3169.6124999999884,167641.875,1220.4874999999884,146313.925,57935.125,0.4500000000000002,-0.22499999999999998,-0.4124999999999943,0.02499999999999991,-0.34999999999999964,-0.8125,0.2125,0.13750000000000018,-0.3624999999999998,-0.19999999999999996,1.0125,1.3250000000000028
-59145.399999999994,172279.16249999998,17017.662500000006,154306.625,23038.45000000001,3166.6124999999884,166494.875,1261.4874999999884,146386.925,58060.125,0.4500000000000002,0.775,-0.4124999999999943,0.02499999999999991,0.6500000000000004,0.1875,0.2125,0.13750000000000018,0.6375000000000002,0.8,0.0125,1.3250000000000028
-59105.399999999994,172356.16249999998,16950.662500000006,154123.625,23155.45000000001,3196.6124999999884,166068.875,1173.4874999999884,146268.925,58187.125,-0.5499999999999998,0.775,0.5875000000000057,0.02499999999999991,-0.34999999999999964,0.1875,0.2125,0.13750000000000018,-0.3624999999999998,-0.19999999999999996,0.0125,0.32500000000000284
-59293.399999999994,172218.16249999998,16930.662500000006,153948.625,23242.45000000001,3067.6124999999884,166058.875,1146.4874999999884,146222.925,58194.125,0.4500000000000002,0.775,-0.4124999999999943,-0.9750000000000001,-0.34999999999999964,0.1875,0.2125,-0.8624999999999998,-0.3624999999999998,0.8,0.0125,-0.6749999999999972
-59005.399999999994,172242.16249999998,16925.662500000006,154038.625,23278.45000000001,3205.6124999999884,167458.875,1187.4874999999884,146222.925,57880.125,0.4500000000000002,0.775,-0.4124999999999943,0.02499999999999991,-0.34999999999999964,0.1875,0.2125,0.13750000000000018,-0.3624999999999998,0.8,-0.9875,-0.6749999999999972
-59031.399999999994,172202.16249999998,16799.662500000006,154072.625,23264.45000000001,2970.6124999999884,166093.875,1175.4874999999884,146176.925,57803.125,-0.5499999999999998,0.775,-0.4124999999999943,0.02499999999999991,-0.34999999999999964,0.1875,0.2125,0.13750000000000018,-0.3624999999999998,0.8,0.0125,1.3250000000000028
-58959.399999999994,172321.16249999998,16633.662500000006,154021.625,23386.45000000001,2883.6124999999884,165705.875,1224.4874999999884,146386.925,57812.125,-0.5499999999999998,-0.22499999999999998,-0.4124999999999943,0.02499999999999991,-0.34999999999999964,-0.8125,0.2125,0.13750000000000018,0.6375000000000002,-0.19999999999999996,0.0125,0.32500000000000284
-58839.399999999994,172510.16249999998,16617.662500000006,154020.625,23301.45000000001,2997.6124999999884,165899.875,1248.4874999999884,146393.925,57799.125,-0.5499999999999998,0.775,0.5875000000000057,-0.9750000000000001,-0.34999999999999964,1.1875,0.2125,0.13750000000000018,-0.3624999999999998,0.8,0.0125,0.32500000000000284
-58942.399999999994,172512.16249999998,16864.662500000006,153713.625,23151.45000000001,2871.6124999999884,166232.875,1161.4874999999884,145901.925,57883.125,-0.5499999999999998,-0.22499999999999998,-0.4124999999999943,-0.9750000000000001,-0.34999999999999964,-0.8125,-0.7875,0.13750000000000018,-0.3624999999999998,-1.2,0.0125,-0.6749999999999972
-58981.399999999994,172365.16249999998,17152.662500000006,153550.625,23444.45000000001,2891.6124999999884,164938.875,922.4874999999884,146126.925,57986.125,-0.5499999999999998,-0.22499999999999998,-0.4124999999999943,-0.9750000000000001,0.6500000000000004,1.1875,0.2125,0.13750000000000018,-0.3624999999999998,0.8,0.0125,0.32500000000000284
-58936.399999999994,172380.16249999998,16983.662500000006,153538.625,23640.45000000001,2894.6124999999884,166982.875,1222.4874999999884,146061.925,57966.125,-0.5499999999999998,0.775,0.5875000000000057,0.02499999999999991,-0.34999999999999964,1.1875,0.2125,0.13750000000000018,-0.3624999999999998,-0.19999999999999996,0.0125,-0.6749999999999972
-59095.399999999994,172966.16249999998,17039.662500000006,153548.625,23185.45000000001,2961.6124999999884,165436.875,1345.4874999999884,145538.925,57771.125,-0.5499999999999998,0.775,-0.4124999999999943,0.02499999999999991,-0.34999999999999964,0.1875,0.2125,0.13750000000000018,-0.3624999999999998,-0.19999999999999996,0.0125,-0.6749999999999972
-59075.399999999994,172639.16249999998,16910.662500000006,153657.625,23180.45000000001,3081.6124999999884,165708.875,1167.4874999999884,145563.925,57873.125,-0.5499999999999998,0.775,-0.4124999999999943,0.02499999999999991,-0.34999999999999964,-0.8125,0.2125,-0.8624999999999998,-0.3624999999999998,-0.19999999999999996,0.0125,0.32500000000000284
-59055.399999999994,172480.16249999998,16890.662500000006,153858.625,23209.45000000001,3052.6124999999884,164682.875,1182.4874999999884,145680.925,57557.125,0.4500000000000002,-0.22499999999999998,0.5875000000000057,-0.9750000000000001,-0.34999999999999964,-0.8125,0.2125,0.13750000000000018,0.6375000000000002,-0.19999999999999996,0.0125,0.32500000000000284
-59078.399999999994,172164.16249999998,16902.662500000006,153740.625,23168.45000000001,3006.6124999999884,165387.875,1181.4874999999884,145783.925,57653.125,-0.5499999999999998,-0.22499999999999998,-0.4124999999999943,-0.9750000000000001,-0.34999999999999964,0.1875,0.2125,0.13750000000000018,-0.3624999999999998,-0.19999999999999996,0.0125,-1.6749999999999972
-59128.399999999994,171866.16249999998,16852.662500000006,153779.625,23036.45000000001,3139.6124999999884,165900.875,1078.4874999999884,145994.925,57778.125,0.4500000000000002,-0.22499999999999998,-0.4124999999999943,1.025,0.6500000000000004,0.1875,0.2125,0.13750000000000018,-0.3624999999999998,0.8,0.0125,0.32500000000000284
-59021.399999999994,172047.16249999998,16827.662500000006,153957.625,22871.45000000001,3218.6124999999884,165908.875,993.4874999999884,146115.925,57844.125,-0.5499999999999998,-0.22499999999999998,-0.4124999999999943,0.02499999999999991,-0.34999999999999964,1.1875,-0.7875,0.13750000000000018,0.6375000000000002,0.8,0.0125,0.32500000000000284
-58993.399999999994,171892.16249999998,16868.662500000006,154092.625,22829.45000000001,3257.6124999999884,165915.875,994.4874999999884,146306.925,57792.125,0.4500000000000002,0.775,0.5875000000000057,0.02499999999999991,0.6500000000000004,0.1875,0.2125,0.13750000000000018,-0.3624999999999998,0.8,0.0125,0.32500000000000284
-58906.399999999994,171774.16249999998,16762.662500000006,154094.625,22655.45000000001,3107.6124999999884,165293.875,984.4874999999884,146157.925,57879.125,0.4500000000000002,-0.22499999999999998,0.5875000000000057,0.02499999999999991,0.6500000000000004,-0.8125,1.2125,-0.8624999999999998,0.6375000000000002,0.8,0.0125,-0.6749999999999972
-58919.399999999994,171978.16249999998,16827.662500000006,153717.625,22670.45000000001,3214.6124999999884,166438.875,993.4874999999884,146156.925,57931.125,0.4500000000000002,-0.22499999999999998,-0.4124999999999943,-0.9750000000000001,-0.34999999999999964,-0.8125,0.2125,0.13750000000000018,-0.3624999999999998,-0.19999999999999996,0.0125,-0.6749999999999972
-58962.399999999994,171949.16249999998,17036.662500000006,153859.625,22945.45000000001,3191.6124999999884,166556.875,991.4874999999884,146110.925,57821.125,-0.5499999999999998,0.775,-0.4124999999999943,0.02499999999999991,0.6500000000000004,0.1875,0.2125,0.13750000000000018,-0.3624999999999998,0.8,0.0125,-0.6749999999999972
-59011.399999999994,172147.16249999998,17084.662500000006,153946.625,23228.45000000001,3265.6124999999884,167418.875,1082.4874999999884,146016.925,57514.125,0.4500000000000002,0.775,-0.4124999999999943,0.02499999999999991,-0.34999999999999964,0.1875,0.2125,0.13750000000000018,1.6375000000000002,0.8,0.0125,0.32500000000000284
-58873.399999999994,172126.16249999998,16954.662500000006,153811.625,22942.45000000001,3180.6124999999884,167038.875,993.4874999999884,145997.925,57613.125,0.4500000000000002,0.775,-1.4124999999999943,0.02499999999999991,-0.34999999999999964,0.1875,0.2125,0.13750000000000018,0.6375000000000002,0.8,0.0125,-0.6749999999999972
-58941.399999999994,172505.16249999998,16816.662500000006,153879.625,23125.45000000001,3167.6124999999884,166117.875,1119.4874999999884,146018.925,57759.125,-0.5499999999999998,-0.22499999999999998,-0.4124999999999943,0.02499999999999991,0.6500000000000004,1.1875,-0.7875,1.1375000000000002,0.6375000000000002,-0.19999999999999996,0.0125,-0.6749999999999972
-59057.399999999994,172237.16249999998,16743.662500000006,154009.625,23351.45000000001,3021.6124999999884,165537.875,1199.4874999999884,146102.925,57683.125,-0.5499999999999998,-0.22499999999999998,0.5875000000000057,0.02499999999999991,0.6500000000000004,1.1875,0.2125,0.13750000000000018,-0.3624999999999998,-0.19999999999999996,0.0125,-1.6749999999999972
-58967.399999999994,172329.16249999998,16881.662500000006,154137.625,23260.45000000001,2947.6124999999884,164896.875,1198.4874999999884,146309.925,57960.125,-0.5499999999999998,-0.22499999999999998,0.5875000000000057,-0.9750000000000001,0.6500000000000004,0.1875,0.2125,-0.8624999999999998,-0.3624999999999998,-0.19999999999999996,0.0125,-0.6749999999999972
-59018.399999999994,172428.16249999998,17001.662500000006,154144.625,23289.45000000001,3185.6124999999884,167938.875,1253.4874999999884,146277.925,57840.125,0.4500000000000002,-1.225,0.5875000000000057,0.02499999999999991,-0.34999999999999964,0.1875,0.2125,1.1375000000000002,0.6375000000000002,-0.19999999999999996,0.0125,-0.6749999999999972
-59082.399999999994,172657.16249999998,17102.662500000006,154259.625,23246.45000000001,3135.6124999999884,165844.875,1168.4874999999884,146369.925,57553.125,0.4500000000000002,-0.22499999999999998,-0.4124999999999943,-0.9750000000000001,-0.34999999999999964,0.1875,0.2125,-0.8624999999999998,-0.3624999999999998,-0.19999999999999996,-0.9875,0.32500000000000284
-59016.399999999994,172608.16249999998,17060.662500000006,154199.625,23088.45000000001,2958.6124999999884,165822.875,1154.4874999999884,146546.925,57522.125,-0.5499999999999998,0.775,0.5875000000000057,0.02499999999999991,0.6500000000000004,0.1875,0.2125,0.13750000000000018,0.6375000000000002,-0.19999999999999996,0.0125,0.32500000000000284
-59024.399999999994,172631.16249999998,16892.662500000006,153995.625,23287.45000000001,2787.6124999999884,165203.875,1218.4874999999884,146605.925,57862.125,0.4500000000000002,-0.22499999999999998,-1.4124999999999943,0.02499999999999991,0.6500000000000004,-0.8125,0.2125,0.13750000000000018,0.6375000000000002,-0.19999999999999996,0.0125,0.32500000000000284
-59035.399999999994,172752.16249999998,16883.662500000006,153918.625,23258.45000000001,2644.6124999999884,165625.875,1147.4874999999884,146387.925,57823.125,0.4500000000000002,-0.22499999999999998,-1.4124999999999943,-0.9750000000000001,0.6500000000000004,1.1875,0.2125,0.13750000000000018,0.6375000000000002,-0.19999999999999996,0.0125,-1.6749999999999972
-59084.399999999994,172699.16249999998,16936.662500000006,153859.625,23371.45000000001,2533.6124999999884,165877.875,1027.4874999999884,146209.925,57891.125,0.4500000000000002,-0.22499999999999998,-0.4124999999999943,0.02499999999999991,0.6500000000000004,1.1875,0.2125,-0.8624999999999998,-0.3624999999999998,-0.19999999999999996,-0.9875,0.32500000000000284
-59098.399999999994,173085.16249999998,16965.662500000006,153702.625,23349.45000000001,2644.6124999999884,165321.875,1283.4874999999884,146110.925,57946.125,0.4500000000000002,0.775,0.5875000000000057,0.02499999999999991,-0.34999999999999964,0.1875,0.2125,0.13750000000000018,0.6375000000000002,-0.19999999999999996,0.0125,0.32500000000000284
-58997.399999999994,172713.16249999998,16960.662500000006,153574.625,23392.45000000001,2827.6124999999884,165775.875,1190.4874999999884,145943.925,58051.125,0.4500000000000002,-0.22499999999999998,-0.4124999999999943,-0.9750000000000001,0.6500000000000004,-0.8125,0.2125,-0.8624999999999998,0.6375000000000002,-0.19999999999999996,0.0125,0.32500000000000284
-59071.399999999994,172539.16249999998,16862.662500000006,153763.625,23433.45000000001,2863.6124999999884,166396.875,1154.4874999999884,145700.925,57874.125,-0.5499999999999998,0.775,-0.4124999999999943,0.02499999999999991,-0.34999999999999964,-0.8125,0.2125,0.13750000000000018,-0.3624999999999998,-0.19999999999999996,0.0125,1.3250000000000028
-59062.399999999994,172719.16249999998,16843.662500000006,153584.625,23462.45000000001,2910.6124999999884,165217.875,1005.4874999999884,145718.925,57877.125,-0.5499999999999998,-0.22499999999999998,-0.4124999999999943,0.02499999999999991,-0.34999999999999964,0.1875,-0.7875,0.13750000000000018,0.6375000000000002,-0.19999999999999996,0.0125,-0.6749999999999972
-58996.399999999994,172730.16249999998,16917.662500000006,153703.625,22912.45000000001,3050.6124999999884,165920.875,1175.4874999999884,145683.925,57823.125,0.4500000000000002,0.775,0.5875000000000057,0.02499999999999991,-0.34999999999999964,0.1875,0.2125,0.13750000000000018,-0.3624999999999998,0.8,0.0125,-0.6749999999999972
-59168.399999999994,172545.16249999998,16951.662500000006,153984.625,22798.45000000001,3118.6124999999884,165800.875,1082.4874999999884,145763.925,57470.125,0.4500000000000002,-0.22499999999999998,-1.4124999999999943,0.02499999999999991,0.6500000000000004,0.1875,0.2125,-0.8624999999999998,-0.3624999999999998,0.8,1.0125,0.32500000000000284
-59028.399999999994,172107.16249999998,16998.662500000006,154114.625,23028.45000000001,3062.6124999999884,165757.875,1133.4874999999884,145608.925,57430.125,0.4500000000000002,-0.22499999999999998,-0.4124999999999943,0.02499999999999991,-0.34999999999999964,0.1875,-0.7875,0.13750000000000018,-0.3624999999999998,-0.19999999999999996,0.0125,-0.6749999999999972
-59038.399999999994,172156.16249999998,16938.662500000006,154126.625,23166.45000000001,2940.6124999999884,166956.875,1093.4874999999884,145655.925,57608.125,-0.5499999999999998,-0.22499999999999998,0.5875000000000057,0.02499999999999991,-0.34999999999999964,0.1875,0.2125,0.13750000000000018,0.6375000000000002,-0.19999999999999996,0.0125,0.32500000000000284
-58938.399999999994,172317.16249999998,17088.662500000006,153993.625,22932.45000000001,3224.6124999999884,165971.875,930.4874999999884,145817.925,57929.125,-0.5499999999999998,-0.22499999999999998,-0.4124999999999943,0.02499999999999991,0.6500000000000004,0.1875,0.2125,0.13750000000000018,0.6375000000000002,0.8,0.0125,-0.6749999999999972
-59079.399999999994,172067.16249999998,16987.662500000006,154117.625,23058.45000000001,3126.6124999999884,165676.875,1084.4874999999884,145847.925,57586.125,0.4500000000000002,-0.22499999999999998,-1.4124999999999943,-0.9750000000000001,-1.3499999999999996,0.1875,0.2125,0.13750000000000018,-0.3624999999999998,-0.19999999999999996,0.0125,-0.6749999999999972
-58978.399999999994,172081.16249999998,16987.662500000006,154131.625,23316.45000000001,3068.6124999999884,168074.875,976.4874999999884,145717.925,57572.125,-0.5499999999999998,0.775,0.5875000000000057,0.02499999999999991,0.6500000000000004,0.1875,0.2125,0.13750000000000018,-0.3624999999999998,-0.19999999999999996,0.0125,-0.6749999999999972
-59042.399999999994,172303.16249999998,16828.662500000006,154192.625,22962.45000000001,3038.6124999999884,167714.875,841.4874999999884,145766.925,57770.125,0.4500000000000002,0.775,-0.4124999999999943,0.02499999999999991,-0.34999999999999964,0.1875,-0.7875,0.13750000000000018,-0.3624999999999998,-0.19999999999999996,0.0125,0.32500000000000284
-59074.399999999994,172481.16249999998,16744.662500000006,154179.625,22962.45000000001,3239.6124999999884,167645.875,1227.4874999999884,146155.925,57646.125,-0.5499999999999998,0.775,-0.4124999999999943,0.02499999999999991,-0.34999999999999964,0.1875,0.2125,0.13750000000000018,0.6375000000000002,-0.19999999999999996,0.0125,0.32500000000000284
-59028.399999999994,172500.16249999998,16849.662500000006,154064.625,23281.45000000001,3285.6124999999884,166858.875,1319.4874999999884,146195.925,57816.125,0.4500000000000002,-0.22499999999999998,-0.4124999999999943,0.02499999999999991,-0.34999999999999964,0.1875,0.2125,0.13750000000000018,0.6375000000000002,0.8,0.0125,0.32500000000000284
-58925.399999999994,172351.16249999998,16861.662500000006,153914.625,23125.45000000001,3206.6124999999884,166331.875,1092.4874999999884,145810.925,57593.125,-0.5499999999999998,-0.22499999999999998,-0.4124999999999943,0.02499999999999991,-0.34999999999999964,0.1875,0.2125,1.1375000000000002,0.6375000000000002,0.8,0.0125,1.3250000000000028
-58897.399999999994,171954.16249999998,16904.662500000006,153905.625,23025.45000000001,3188.6124999999884,167854.875,1138.4874999999884,145752.925,57784.125,0.4500000000000002,0.775,-0.4124999999999943,0.02499999999999991,0.6500000000000004,0.1875,0.2125,0.13750000000000018,0.6375000000000002,-0.19999999999999996,0.0125,0.32500000000000284
