FPI,SPI,AI,SFI,FFI,FPD,SPD,AD,SFD,FFD,API_X,API_Y,API_Z,APD_X,APD_Y,APD_Z,AFD_X,AFD_Y,AFD_Z,AFI_X,AFI_Y,AFI_Z
-66475.225,-82.23750000004657,89.47500000000582,74.82500000001164,-11087.125,6431.75,-107.08749999999418,4267.0,1007.9124999999985,-28346.162500000006,0.3999999999999999,0.7375,0.11249999999999716,-0.0625,0.6124999999999998,-0.5250000000000057,-0.95,0.2124999999999999,-0.3500000000000001,-0.30000000000000004,0.0625,-0.5
-66647.225,136.76249999995343,-129.52499999999418,156.82500000001164,-11011.125,6571.75,33.91250000000582,4371.0,1052.9124999999985,-28494.162500000006,-0.6000000000000001,0.7375,-0.8875000000000028,-0.0625,0.6124999999999998,-0.5250000000000057,0.05,0.2124999999999999,0.6499999999999999,-0.30000000000000004,1.0625,-0.5
-66570.225,148.76249999995343,-234.52499999999418,192.82500000001164,-11039.125,6490.75,11.91250000000582,4317.0,1116.9124999999985,-28529.162500000006,0.3999999999999999,0.7375,1.1124999999999972,-0.0625,0.6124999999999998,0.4749999999999943,-0.95,0.2124999999999999,-0.3500000000000001,-0.30000000000000004,0.0625,1.5
-66655.225,98.76249999995343,-219.52499999999418,166.82500000001164,-10962.125,6319.75,20.91250000000582,4157.0,1410.9124999999985,-28718.162500000006,0.3999999999999999,0.7375,0.11249999999999716,-0.0625,0.6124999999999998,0.4749999999999943,0.05,0.2124999999999999,0.6499999999999999,-0.30000000000000004,0.0625,-0.5
-66930.225,230.76249999995343,-216.52499999999418,242.82500000001164,-10704.125,6457.75,105.91250000000582,4120.0,1403.9124999999985,-28571.162500000006,0.3999999999999999,-0.26249999999999996,0.11249999999999716,-0.0625,-0.3875000000000002,-0.5250000000000057,0.05,0.2124999999999999,-0.3500000000000001,-0.30000000000000004,0.0625,-0.5
-67046.225,183.76249999995343,-244.52499999999418,352.82500000001164,-10612.125,6427.75,46.91250000000582,3899.0,1228.9124999999985,-28720.162500000006,1.4,-0.26249999999999996,1.1124999999999972,-0.0625,-0.3875000000000002,0.4749999999999943,0.05,0.2124999999999999,0.6499999999999999,-0.30000000000000004,-0.9375,0.5
-66851.225,-9.237500000046566,-475.5249999999942,374.82500000001164,-10639.125,6553.75,23.91250000000582,3941.0,1064.9124999999985,-28804.162500000006,-0.6000000000000001,-1.2625,0.11249999999999716,-0.0625,-0.3875000000000002,1.4749999999999943,0.05,0.2124999999999999,-0.3500000000000001,-0.30000000000000004,0.0625,0.5
-66516.225,-89.23750000004657,-621.5249999999942,199.82500000001164,-10667.125,6453.75,-47.08749999999418,3889.0,921.9124999999985,-28681.162500000006,0.3999999999999999,-0.26249999999999996,0.11249999999999716,-1.0625,-0.3875000000000002,0.4749999999999943,0.05,0.2124999999999999,-0.3500000000000001,-0.30000000000000004,-0.9375,0.5
-66653.225,-314.23750000004657,-641.5249999999942,350.82500000001164,-10456.125,6438.75,-15.08749999999418,3839.0,779.9124999999985,-28590.162500000006,0.3999999999999999,-1.2625,-0.8875000000000028,-0.0625,-1.3875000000000002,0.4749999999999943,0.05,1.2125,-0.3500000000000001,0.7,-0.9375,0.5
-66719.225,33.762499999953434,-595.5249999999942,455.82500000001164,-10361.125,6591.75,43.91250000000582,3952.0,1025.9124999999985,-28604.162500000006,1.4,-0.26249999999999996,2.112499999999997,-0.0625,-1.3875000000000002,-0.5250000000000057,0.05,0.2124999999999999,0.6499999999999999,0.7,-0.9375,-0.5
-66672.225,94.76249999995343,-651.5249999999942,402.82500000001164,-10350.125,6602.75,10.91250000000582,3856.0,929.9124999999985,-28667.162500000006,0.3999999999999999,-0.26249999999999996,0.11249999999999716,0.9375,-1.3875000000000002,0.4749999999999943,0.05,0.2124999999999999,0.6499999999999999,0.7,-0.9375,-0.5
-66697.225,192.76249999995343,-641.5249999999942,308.82500000001164,-10359.125,6620.75,-89.08749999999418,3873.0,743.9124999999985,-28544.162500000006,0.3999999999999999,-0.26249999999999996,-0.8875000000000028,-0.0625,-0.3875000000000002,-0.5250000000000057,0.05,0.2124999999999999,-0.3500000000000001,0.7,0.0625,0.5
-66647.225,200.76249999995343,-795.5249999999942,232.82500000001164,-10319.125,6619.75,-59.08749999999418,4079.0,661.9124999999985,-28492.162500000006,0.3999999999999999,-0.26249999999999996,1.1124999999999972,-0.0625,-0.3875000000000002,0.4749999999999943,0.05,-0.7875000000000001,-0.3500000000000001,-0.30000000000000004,0.0625,-0.5
-66587.225,-68.23750000004657,-759.5249999999942,246.82500000001164,-10388.125,6603.75,-205.08749999999418,3946.0,481.91249999999854,-28511.162500000006,0.3999999999999999,-0.26249999999999996,1.1124999999999972,-0.0625,-0.3875000000000002,0.4749999999999943,0.05,0.2124999999999999,-0.3500000000000001,-0.30000000000000004,0.0625,0.5
-66587.225,91.76249999995343,-739.5249999999942,309.82500000001164,-10370.125,6735.75,-222.08749999999418,3948.0,273.91249999999854,-28675.162500000006,0.3999999999999999,-0.26249999999999996,-0.8875000000000028,-0.0625,0.6124999999999998,-0.5250000000000057,0.05,0.2124999999999999,-0.3500000000000001,0.7,0.0625,0.5
-66668.225,64.76249999995343,-367.5249999999942,147.82500000001164,-10563.125,6659.75,-149.08749999999418,3960.0,243.91249999999854,-28743.162500000006,0.3999999999999999,-0.26249999999999996,0.11249999999999716,0.9375,-0.3875000000000002,-1.5250000000000057,0.05,0.2124999999999999,-0.3500000000000001,0.7,0.0625,-0.5
-66744.225,88.76249999995343,-240.52499999999418,52.82500000001164,-10718.125,6655.75,-161.08749999999418,4076.0,131.91249999999854,-28707.162500000006,0.3999999999999999,-0.26249999999999996,-0.8875000000000028,-0.0625,0.6124999999999998,-0.5250000000000057,0.05,0.2124999999999999,-0.3500000000000001,0.7,0.0625,-0.5
-66718.225,11.762499999953434,-290.5249999999942,-20.17499999998836,-10731.125,6586.75,-123.08749999999418,4097.0,252.91249999999854,-28723.162500000006,0.3999999999999999,-0.26249999999999996,0.11249999999999716,-0.0625,0.6124999999999998,-0.5250000000000057,0.05,0.2124999999999999,-0.3500000000000001,-0.30000000000000004,1.0625,-0.5
-66685.225,-36.237500000046566,-422.5249999999942,39.82500000001164,-10828.125,6429.75,-142.08749999999418,4037.0,315.91249999999854,-28793.162500000006,0.3999999999999999,0.7375,-0.8875000000000028,-0.0625,0.6124999999999998,-0.5250000000000057,0.05,-0.7875000000000001,0.6499999999999999,-1.3,0.0625,-0.5
-66681.225,-47.237500000046566,-217.52499999999418,-75.17499999998836,-10869.125,6346.75,-100.08749999999418,3990.0,283.91249999999854,-28709.162500000006,-0.6000000000000001,0.7375,0.11249999999999716,-1.0625,0.6124999999999998,-0.5250000000000057,0.05,0.2124999999999999,-0.3500000000000001,-0.30000000000000004,0.0625,-0.5
-66803.225,-41.237500000046566,-323.5249999999942,-42.17499999998836,-10829.125,6532.75,-229.08749999999418,4100.0,290.91249999999854,-28818.162500000006,-0.6000000000000001,-0.26249999999999996,0.11249999999999716,-0.0625,0.6124999999999998,-0.5250000000000057,0.05,0.2124999999999999,-0.3500000000000001,-1.3,0.0625,0.5
-66871.225,39.762499999953434,-361.5249999999942,-28.17499999998836,-10862.125,6447.75,-278.0874999999942,4227.0,171.91249999999854,-28957.162500000006,-0.6000000000000001,-0.26249999999999996,-0.8875000000000028,-0.0625,0.6124999999999998,0.4749999999999943,0.05,0.2124999999999999,-0.3500000000000001,-0.30000000000000004,0.0625,-0.5
-66796.225,-42.237500000046566,-183.52499999999418,-22.17499999998836,-10924.125,6319.75,-74.08749999999418,4189.0,-52.087500000001455,-28924.162500000006,-0.6000000000000001,0.7375,-0.8875000000000028,-1.0625,-0.3875000000000002,0.4749999999999943,0.05,0.2124999999999999,-0.3500000000000001,0.7,0.0625,0.5
-66745.225,-63.237500000046566,-168.52499999999418,-9.174999999988358,-10969.125,6327.75,-105.08749999999418,4169.0,-166.08750000000146,-29056.162500000006,-0.6000000000000001,0.7375,-0.8875000000000028,-0.0625,-0.3875000000000002,0.4749999999999943,-0.95,0.2124999999999999,-0.3500000000000001,0.7,-0.9375,0.5
-66642.225,-69.23750000004657,-261.5249999999942,-92.17499999998836,-10920.125,6263.75,-85.08749999999418,3987.0,-129.08750000000146,-29146.162500000006,-0.6000000000000001,0.7375,0.11249999999999716,-0.0625,0.6124999999999998,-0.5250000000000057,0.05,0.2124999999999999,0.6499999999999999,-0.30000000000000004,0.0625,0.5
-66715.225,-10.237500000046566,-389.5249999999942,-54.17499999998836,-10803.125,6428.75,-2.0874999999941792,4076.0,119.91249999999854,-29099.162500000006,0.3999999999999999,-0.26249999999999996,0.11249999999999716,-0.0625,0.6124999999999998,-0.5250000000000057,0.05,0.2124999999999999,0.6499999999999999,-0.30000000000000004,0.0625,0.5
-66773.225,-21.237500000046566,-358.5249999999942,43.82500000001164,-10805.125,6421.75,36.91250000000582,4135.0,228.91249999999854,-29073.162500000006,0.3999999999999999,-0.26249999999999996,0.11249999999999716,-0.0625,0.6124999999999998,-0.5250000000000057,0.05,0.2124999999999999,0.6499999999999999,-0.30000000000000004,0.0625,-0.5
-66784.225,-18.237500000046566,-326.5249999999942,-38.17499999998836,-10855.125,6418.75,74.91250000000582,4152.0,372.91249999999854,-28698.162500000006,0.3999999999999999,-0.26249999999999996,0.11249999999999716,-0.0625,-0.3875000000000002,-0.5250000000000057,0.05,0.2124999999999999,-0.3500000000000001,-0.30000000000000004,-0.9375,-1.5
-66726.225,-16.237500000046566,-400.5249999999942,-196.17499999998836,-10728.125,6521.75,161.91250000000582,4143.0,618.9124999999985,-28644.162500000006,0.3999999999999999,-0.26249999999999996,-0.8875000000000028,-0.0625,0.6124999999999998,-0.5250000000000057,0.05,-0.7875000000000001,0.6499999999999999,0.7,0.0625,0.5
-66701.225,80.76249999995343,-594.5249999999942,-300.17499999998836,-10732.125,6690.75,70.91250000000582,4286.0,616.9124999999985,-28587.162500000006,0.3999999999999999,-0.26249999999999996,-0.8875000000000028,0.9375,-0.3875000000000002,0.4749999999999943,0.05,-0.7875000000000001,0.6499999999999999,0.7,-0.9375,0.5
-66780.225,154.76249999995343,-531.5249999999942,-419.17499999998836,-10635.125,6735.75,-57.08749999999418,4067.0,726.9124999999985,-28360.162500000006,0.3999999999999999,-0.26249999999999996,0.11249999999999716,0.9375,0.6124999999999998,-0.5250000000000057,0.05,0.2124999999999999,-0.3500000000000001,-0.30000000000000004,-0.9375,-0.5
-66714.225,132.76249999995343,-509.5249999999942,-229.17499999998836,-10481.125,6696.75,-92.08749999999418,4013.0,833.9124999999985,-28285.162500000006,0.3999999999999999,-0.26249999999999996,1.1124999999999972,-0.0625,-0.3875000000000002,0.4749999999999943,0.05,-0.7875000000000001,-0.3500000000000001,-0.30000000000000004,-0.9375,0.5
-66800.225,83.76249999995343,-590.5249999999942,-163.17499999998836,-10545.125,6803.75,-56.08749999999418,4015.0,819.9124999999985,-28452.162500000006,0.3999999999999999,-0.26249999999999996,0.11249999999999716,0.9375,-0.3875000000000002,0.4749999999999943,0.05,-0.7875000000000001,-0.3500000000000001,-0.30000000000000004,0.0625,-0.5
-66825.225,143.76249999995343,-552.5249999999942,-152.17499999998836,-10447.125,6805.75,-105.08749999999418,3939.0,819.9124999999985,-28522.162500000006,-0.6000000000000001,-0.26249999999999996,0.11249999999999716,0.9375,-1.3875000000000002,-0.5250000000000057,0.05,-0.7875000000000001,-0.3500000000000001,0.7,0.0625,-0.5
-66701.225,171.76249999995343,-529.5249999999942,-123.17499999998836,-10452.125,6697.75,-45.08749999999418,3903.0,855.9124999999985,-28559.162500000006,0.3999999999999999,-0.26249999999999996,0.11249999999999716,-0.0625,-0.3875000000000002,1.4749999999999943,0.05,0.2124999999999999,-0.3500000000000001,0.7,-0.9375,-0.5
-66647.225,183.76249999995343,-641.5249999999942,-160.17499999998836,-10424.125,6634.75,-71.08749999999418,3872.0,1041.9124999999985,-28505.162500000006,0.3999999999999999,-0.26249999999999996,0.11249999999999716,-0.0625,-0.3875000000000002,-0.5250000000000057,0.05,-0.7875000000000001,-0.3500000000000001,-0.30000000000000004,0.0625,0.5
-66468.225,154.76249999995343,-514.5249999999942,-139.17499999998836,-10486.125,6474.75,-41.08749999999418,3890.0,1215.9124999999985,-28546.162500000006,0.3999999999999999,-1.2625,1.1124999999999972,-0.0625,-0.3875000000000002,-0.5250000000000057,0.05,0.2124999999999999,0.6499999999999999,-0.30000000000000004,-0.9375,-0.5
-66524.225,165.76249999995343,-499.5249999999942,-96.17499999998836,-10476.125,6615.75,-90.08749999999418,3968.0,1039.9124999999985,-28660.162500000006,-0.6000000000000001,-0.26249999999999996,0.11249999999999716,0.9375,-0.3875000000000002,-0.5250000000000057,0.05,0.2124999999999999,-0.3500000000000001,-0.30000000000000004,0.0625,0.5
-66677.225,96.76249999995343,-436.5249999999942,-100.17499999998836,-10501.125,6555.75,49.91250000000582,4057.0,865.9124999999985,-28782.162500000006,-0.6000000000000001,-0.26249999999999996,0.11249999999999716,-1.0625,0.6124999999999998,0.4749999999999943,0.05,0.2124999999999999,-0.3500000000000001,-0.30000000000000004,0.0625,0.5
-66567.225,-65.23750000004657,-312.5249999999942,107.82500000001164,-10736.125,6504.75,-39.08749999999418,4041.0,643.9124999999985,-28886.162500000006,-0.6000000000000001,0.7375,0.11249999999999716,-1.0625,0.6124999999999998,-0.5250000000000057,0.05,-0.7875000000000001,-0.3500000000000001,-0.30000000000000004,0.0625,-0.5
-66690.225,-135.23750000004657,-211.52499999999418,67.82500000001164,-10682.125,6586.75,-245.08749999999418,4021.0,421.91249999999854,-28785.162500000006,0.3999999999999999,0.7375,0.11249999999999716,-0.0625,0.6124999999999998,-0.5250000000000057,0.05,-0.7875000000000001,-0.3500000000000001,-0.30000000000000004,0.0625,0.5
-66818.225,-135.23750000004657,-177.52499999999418,64.82500000001164,-10855.125,6646.75,-105.08749999999418,4029.0,642.9124999999985,-28850.162500000006,-0.6000000000000001,0.7375,-0.8875000000000028,-0.0625,0.6124999999999998,-0.5250000000000057,-0.95,0.2124999999999999,-0.3500000000000001,-0.30000000000000004,0.0625,-0.5
-66761.225,-27.237500000046566,-268.5249999999942,33.82500000001164,-10881.125,6543.75,2.9125000000058208,4026.0,547.9124999999985,-28863.162500000006,-0.6000000000000001,0.7375,0.11249999999999716,-0.0625,0.6124999999999998,-0.5250000000000057,0.05,0.2124999999999999,0.6499999999999999,0.7,0.0625,-0.5
-66749.225,-98.23750000004657,4.475000000005821,-42.17499999998836,-10935.125,6337.75,17.91250000000582,4139.0,541.9124999999985,-28828.162500000006,0.3999999999999999,0.7375,0.11249999999999716,-0.0625,0.6124999999999998,0.4749999999999943,0.05,1.2125,-0.3500000000000001,0.7,0.0625,-0.5
-66722.225,-89.23750000004657,-122.52499999999418,97.82500000001164,-10888.125,6427.75,45.91250000000582,4243.0,594.9124999999985,-28731.162500000006,0.3999999999999999,-0.26249999999999996,0.11249999999999716,-0.0625,0.6124999999999998,0.4749999999999943,0.05,0.2124999999999999,-0.3500000000000001,-0.30000000000000004,0.0625,0.5
-66672.225,-74.23750000004657,-53.52499999999418,233.82500000001164,-10904.125,6569.75,21.91250000000582,4240.0,516.9124999999985,-28673.162500000006,-0.6000000000000001,0.7375,0.11249999999999716,-0.0625,0.6124999999999998,-0.5250000000000057,0.05,0.2124999999999999,0.6499999999999999,-0.30000000000000004,1.0625,-0.5
-66801.225,-68.23750000004657,-109.52499999999418,284.82500000001164,-10799.125,6460.75,112.91250000000582,4154.0,607.9124999999985,-28578.162500000006,0.3999999999999999,-0.26249999999999996,1.1124999999999972,-0.0625,0.6124999999999998,-0.5250000000000057,0.05,-0.7875000000000001,-0.3500000000000001,0.7,0.0625,0.5
-66854.225,-2.237500000046566,-251.52499999999418,384.82500000001164,-10720.125,6432.75,108.91250000000582,4062.0,903.9124999999985,-28546.162500000006,-0.6000000000000001,-0.26249999999999996,1.1124999999999972,-0.0625,-0.3875000000000002,0.4749999999999943,0.05,0.2124999999999999,-0.3500000000000001,-0.30000000000000004,0.0625,0.5
-66827.225,22.762499999953434,-298.5249999999942,353.82500000001164,-10586.125,6596.75,14.91250000000582,4012.0,998.9124999999985,-28646.162500000006,-0.6000000000000001,-0.26249999999999996,0.11249999999999716,-0.0625,-0.3875000000000002,0.4749999999999943,0.05,0.2124999999999999,0.6499999999999999,0.7,0.0625,-0.5
-66783.225,-74.23750000004657,-260.5249999999942,224.82500000001164,-10592.125,6483.75,-0.08749999999417923,4023.0,1127.9124999999985,-28557.162500000006,1.4,-0.26249999999999996,-1.8875000000000028,-0.0625,-0.3875000000000002,-0.5250000000000057,0.05,0.2124999999999999,-0.3500000000000001,-0.30000000000000004,-0.9375,0.5
-66674.225,-124.23750000004657,-602.5249999999942,19.82500000001164,-10545.125,6477.75,84.91250000000582,4046.0,1172.9124999999985,-28484.162500000006,-0.6000000000000001,-1.2625,0.11249999999999716,-0.0625,-0.3875000000000002,-0.5250000000000057,0.05,-0.7875000000000001,-0.3500000000000001,-0.30000000000000004,0.0625,-0.5
-66754.225,-188.23750000004657,-548.5249999999942,-147.17499999998836,-10453.125,6532.75,-23.08749999999418,3987.0,932.9124999999985,-28605.162500000006,0.3999999999999999,-1.2625,-0.8875000000000028,-0.0625,-1.3875000000000002,-0.5250000000000057,0.05,0.2124999999999999,-0.3500000000000001,0.7,-0.9375,-0.5
-66730.225,2.762499999953434,-578.5249999999942,-310.17499999998836,-10400.125,6537.75,-116.08749999999418,4125.0,915.9124999999985,-28694.162500000006,0.3999999999999999,-1.2625,0.11249999999999716,-0.0625,-0.3875000000000002,-0.5250000000000057,0.05,0.2124999999999999,-0.3500000000000001,0.7,-0.9375,-0.5
-66756.225,38.762499999953434,-636.5249999999942,-422.17499999998836,-10460.125,6515.75,-130.08749999999418,4065.0,780.9124999999985,-28604.162500000006,-0.6000000000000001,-0.26249999999999996,1.1124999999999972,-0.0625,-0.3875000000000002,-0.5250000000000057,0.05,0.2124999999999999,0.6499999999999999,-0.30000000000000004,-0.9375,-0.5
-66732.225,38.762499999953434,-534.5249999999942,-318.17499999998836,-10363.125,6621.75,-40.08749999999418,4077.0,781.9124999999985,-28574.162500000006,-0.6000000000000001,-0.26249999999999996,0.11249999999999716,-0.0625,-0.3875000000000002,0.4749999999999943,0.05,0.2124999999999999,-0.3500000000000001,-0.30000000000000004,0.0625,-0.5
-66813.225,-14.237500000046566,-572.5249999999942,-174.17499999998836,-10294.125,6676.75,-55.08749999999418,4062.0,823.9124999999985,-28578.162500000006,0.3999999999999999,-0.26249999999999996,-0.8875000000000028,-0.0625,-0.3875000000000002,0.4749999999999943,0.05,0.2124999999999999,-0.3500000000000001,0.7,0.0625,0.5
-66847.225,124.76249999995343,-344.5249999999942,-108.17499999998836,-10337.125,6744.75,-132.08749999999418,4009.0,746.9124999999985,-28527.162500000006,0.3999999999999999,-0.26249999999999996,1.1124999999999972,0.9375,-0.3875000000000002,-0.5250000000000057,0.05,-0.7875000000000001,-0.3500000000000001,-0.30000000000000004,0.0625,0.5
-66856.225,69.76249999995343,-333.5249999999942,-94.17499999998836,-10460.125,6473.75,-120.08749999999418,3959.0,632.9124999999985,-28607.162500000006,0.3999999999999999,-0.26249999999999996,-0.8875000000000028,0.9375,-0.3875000000000002,-0.5250000000000057,0.05,1.2125,0.6499999999999999,-0.30000000000000004,0.0625,-0.5
-66823.225,33.762499999953434,-319.5249999999942,-54.17499999998836,-10522.125,6446.75,-78.08749999999418,4028.0,518.9124999999985,-28742.162500000006,0.3999999999999999,-0.26249999999999996,-0.8875000000000028,-0.0625,-0.3875000000000002,0.4749999999999943,0.05,0.2124999999999999,-0.3500000000000001,0.7,0.0625,1.5
-66860.225,210.76249999995343,-356.5249999999942,367.82500000001164,-10505.125,6599.75,-60.08749999999418,4150.0,411.91249999999854,-28784.162500000006,-0.6000000000000001,0.7375,1.1124999999999972,-0.0625,0.6124999999999998,-0.5250000000000057,0.05,0.2124999999999999,-0.3500000000000001,0.7,0.0625,0.5
-66805.225,201.76249999995343,-257.5249999999942,413.82500000001164,-10539.125,6526.75,166.91250000000582,4097.0,259.91249999999854,-28694.162500000006,0.3999999999999999,0.7375,-0.8875000000000028,-0.0625,-0.3875000000000002,0.4749999999999943,0.05,0.2124999999999999,-0.3500000000000001,-0.30000000000000004,0.0625,-0.5
-66806.225,199.76249999995343,-252.52499999999418,412.82500000001164,-10739.125,6584.75,155.91250000000582,4120.0,163.91249999999854,-28812.162500000006,0.3999999999999999,0.7375,0.11249999999999716,-0.0625,0.6124999999999998,0.4749999999999943,0.05,0.2124999999999999,-0.3500000000000001,-0.30000000000000004,0.0625,-0.5
-66849.225,251.76249999995343,-155.52499999999418,379.82500000001164,-10885.125,6570.75,160.91250000000582,4219.0,368.91249999999854,-28876.162500000006,0.3999999999999999,0.7375,-0.8875000000000028,-0.0625,0.6124999999999998,0.4749999999999943,0.05,0.2124999999999999,-0.3500000000000001,-0.30000000000000004,0.0625,-0.5
-66822.225,174.76249999995343,-227.52499999999418,412.82500000001164,-10826.125,6354.75,168.91250000000582,4102.0,640.9124999999985,-28774.162500000006,0.3999999999999999,-0.26249999999999996,0.11249999999999716,-0.0625,0.6124999999999998,0.4749999999999943,0.05,0.2124999999999999,0.6499999999999999,-0.30000000000000004,0.0625,0.5
-66786.225,243.76249999995343,-213.52499999999418,364.82500000001164,-10819.125,6384.75,147.91250000000582,4106.0,625.9124999999985,-28713.162500000006,-0.6000000000000001,-0.26249999999999996,1.1124999999999972,-0.0625,0.6124999999999998,0.4749999999999943,0.05,0.2124999999999999,-0.3500000000000001,-0.30000000000000004,0.0625,0.5
-66852.225,228.76249999995343,-245.52499999999418,219.82500000001164,-10826.125,6404.75,279.9125000000058,4126.0,512.9124999999985,-28958.162500000006,-0.6000000000000001,-0.26249999999999996,0.11249999999999716,-0.0625,0.6124999999999998,0.4749999999999943,0.05,0.2124999999999999,-0.3500000000000001,-0.30000000000000004,0.0625,0.5
-66787.225,152.76249999995343,-287.5249999999942,312.82500000001164,-10761.125,6279.75,196.91250000000582,4092.0,461.91249999999854,-28870.162500000006,0.3999999999999999,-0.26249999999999996,0.11249999999999716,-1.0625,0.6124999999999998,0.4749999999999943,0.05,-0.7875000000000001,-0.3500000000000001,-0.30000000000000004,0.0625,-0.5
-66811.225,175.76249999995343,-355.5249999999942,195.82500000001164,-10789.125,6265.75,17.91250000000582,4045.0,439.91249999999854,-28838.162500000006,0.3999999999999999,-0.26249999999999996,1.1124999999999972,-0.0625,0.6124999999999998,-0.5250000000000057,0.05,0.2124999999999999,-0.3500000000000001,-0.30000000000000004,-0.9375,-0.5
-66801.225,314.76249999995343,-365.5249999999942,73.82500000001164,-10622.125,6376.75,-72.08749999999418,4170.0,685.9124999999985,-28870.162500000006,-0.6000000000000001,0.7375,0.11249999999999716,-0.0625,-0.3875000000000002,-0.5250000000000057,0.05,0.2124999999999999,-0.3500000000000001,-0.30000000000000004,0.0625,-1.5
-66720.225,183.76249999995343,-330.5249999999942,94.82500000001164,-10460.125,6405.75,48.91250000000582,4044.0,663.9124999999985,-28804.162500000006,0.3999999999999999,-0.26249999999999996,-0.8875000000000028,-0.0625,-0.3875000000000002,-0.5250000000000057,0.05,0.2124999999999999,-0.3500000000000001,0.7,0.0625,-0.5
-66720.225,39.762499999953434,-369.5249999999942,217.82500000001164,-10532.125,6517.75,-20.08749999999418,3996.0,804.9124999999985,-28737.162500000006,0.3999999999999999,-0.26249999999999996,-0.8875000000000028,-0.0625,-0.3875000000000002,0.4749999999999943,0.05,0.2124999999999999,-1.35,0.7,0.0625,-0.5
-66748.225,-8.237500000046566,-373.5249999999942,282.82500000001164,-10553.125,6514.75,-66.08749999999418,4060.0,849.9124999999985,-28781.162500000006,-0.6000000000000001,-0.26249999999999996,0.11249999999999716,0.9375,-0.3875000000000002,-0.5250000000000057,0.05,0.2124999999999999,0.6499999999999999,0.7,0.0625,0.5
-66664.225,-160.23750000004657,-438.5249999999942,104.82500000001164,-10443.125,6536.75,-212.08749999999418,4045.0,571.9124999999985,-28745.162500000006,0.3999999999999999,-0.26249999999999996,0.11249999999999716,0.9375,-0.3875000000000002,0.4749999999999943,0.05,0.2124999999999999,-0.3500000000000001,0.7,0.0625,-0.5
-66737.225,19.762499999953434,-531.5249999999942,37.82500000001164,-10599.125,6714.75,-342.0874999999942,4042.0,613.9124999999985,-28766.162500000006,0.3999999999999999,-0.26249999999999996,0.11249999999999716,-0.0625,0.6124999999999998,-0.5250000000000057,0.05,0.2124999999999999,-0.3500000000000001,-0.30000000000000004,0.0625,-0.5
-66730.225,86.76249999995343,-460.5249999999942,74.82500000001164,-10402.125,6790.75,-31.08749999999418,4125.0,514.9124999999985,-28688.162500000006,0.3999999999999999,-0.26249999999999996,0.11249999999999716,-0.0625,0.6124999999999998,0.4749999999999943,0.05,0.2124999999999999,-0.3500000000000001,-0.30000000000000004,0.0625,-0.5
-66674.225,49.762499999953434,-465.5249999999942,170.82500000001164,-10378.125,6712.75,-22.08749999999418,4085.0,520.9124999999985,-28706.162500000006,0.3999999999999999,0.7375,-0.8875000000000028,0.9375,-0.3875000000000002,-0.5250000000000057,-0.95,-0.7875000000000001,-0.3500000000000001,0.7,0.0625,-0.5
-66672.225,-42.237500000046566,-398.5249999999942,173.82500000001164,-10487.125,6485.75,-140.08749999999418,3989.0,573.9124999999985,-28700.162500000006,0.3999999999999999,-1.2625,0.11249999999999716,-0.0625,-0.3875000000000002,0.4749999999999943,0.05,0.2124999999999999,-0.3500000000000001,-0.30000000000000004,-0.9375,-0.5
-66771.225,22.762499999953434,-395.5249999999942,264.82500000001164,-10502.125,6615.75,79.91250000000582,4167.0,646.9124999999985,-28605.162500000006,-0.6000000000000001,-0.26249999999999996,-0.8875000000000028,-0.0625,-0.3875000000000002,-0.5250000000000057,0.05,0.2124999999999999,-0.3500000000000001,-0.30000000000000004,2.0625,1.5
-66767.225,117.76249999995343,-438.5249999999942,127.82500000001164,-10540.125,6363.75,75.91250000000582,4200.0,672.9124999999985,-29261.162500000006,-0.6000000000000001,2.7375,2.112499999999997,0.9375,3.6125,-2.5250000000000057,0.05,0.2124999999999999,-0.3500000000000001,3.7,0.0625,-0.5
-66785.225,7.762499999953434,-221.52499999999418,170.82500000001164,-11245.125,5688.75,-51.08749999999418,4050.0,661.9124999999985,-30194.162500000006,1.4,-0.26249999999999996,0.11249999999999716,1.9375,-1.3875000000000002,-1.5250000000000057,0.05,0.2124999999999999,0.6499999999999999,0.7,0.0625,-2.5
-67206.225,453.76249999995343,-149.52499999999418,28.82500000001164,-11583.125,5558.75,139.91250000000582,3772.0,944.9124999999985,-30908.162500000006,-0.6000000000000001,-3.2625,5.112499999999997,-1.0625,-3.3875,2.4749999999999943,0.05,0.2124999999999999,-0.3500000000000001,0.7,-1.9375,-4.5
-67538.225,-128.23750000004657,167.47500000000582,335.82500000001164,-12422.125,5181.75,167.91250000000582,3885.0,746.9124999999985,-31723.162500000006,-0.6000000000000001,0.7375,6.112499999999997,0.9375,-3.3875,3.4749999999999943,0.05,-0.7875000000000001,-0.3500000000000001,0.7,0.0625,-2.5
-67427.225,92.76249999995343,521.4750000000058,609.8250000000116,-12245.125,4962.75,555.9125000000058,3633.0,863.9124999999985,-31121.162500000006,2.4,1.7375,-2.887500000000003,0.9375,2.6125,-0.5250000000000057,0.05,0.2124999999999999,-0.3500000000000001,0.7,-0.9375,-1.5
-67268.225,144.76249999995343,514.4750000000058,456.82500000001164,-11666.125,5623.75,689.9125000000058,3813.0,1124.9124999999985,-29711.162500000006,0.3999999999999999,3.7375,-0.8875000000000028,0.9375,2.6125,1.4749999999999943,0.05,0.2124999999999999,0.6499999999999999,-1.3,0.0625,-3.5
-66806.225,-98.23750000004657,541.4750000000058,73.82500000001164,-11838.125,6176.75,97.91250000000582,3851.0,394.91249999999854,-29627.162500000006,0.3999999999999999,1.7375,0.11249999999999716,-0.0625,3.6125,2.4749999999999943,0.05,0.2124999999999999,-0.3500000000000001,-1.3,2.0625,-0.5
-67178.225,372.76249999995343,678.4750000000058,619.8250000000116,-11379.125,6133.75,443.9125000000058,3887.0,606.9124999999985,-28951.162500000006,-0.6000000000000001,-2.2625,0.11249999999999716,-0.0625,4.6125,0.4749999999999943,-0.95,0.2124999999999999,-0.3500000000000001,1.7,2.0625,2.5
-67320.225,278.76249999995343,659.4750000000058,373.82500000001164,-11098.125,6360.75,541.9125000000058,3865.0,850.9124999999985,-28511.162500000006,-1.6,1.7375,5.112499999999997,-0.0625,-0.3875000000000002,0.4749999999999943,0.05,0.2124999999999999,0.6499999999999999,0.7,2.0625,-0.5
-66980.225,8.762499999953434,495.4750000000058,-9.174999999988358,-10939.125,6786.75,96.91250000000582,3811.0,527.9124999999985,-28530.162500000006,1.4,0.7375,-1.8875000000000028,-1.0625,0.6124999999999998,2.4749999999999943,0.05,0.2124999999999999,0.6499999999999999,-0.30000000000000004,0.0625,0.5
-66855.225,5.762499999953434,383.4750000000058,211.82500000001164,-10747.125,6691.75,286.9125000000058,3749.0,357.91249999999854,-28457.162500000006,0.3999999999999999,-0.26249999999999996,1.1124999999999972,0.9375,2.6125,-0.5250000000000057,0.05,0.2124999999999999,-0.3500000000000001,-1.3,0.0625,-1.5
-66977.225,503.76249999995343,233.47500000000582,304.82500000001164,-10467.125,6410.75,738.9125000000058,3598.0,347.91249999999854,-28058.162500000006,-1.6,-1.2625,3.112499999999997,-0.0625,1.6124999999999998,0.4749999999999943,0.05,0.2124999999999999,0.6499999999999999,0.7,0.0625,0.5
-66906.225,293.76249999995343,8.47500000000582,230.82500000001164,-10478.125,6464.75,724.9125000000058,3634.0,125.91249999999854,-28173.162500000006,0.3999999999999999,-0.26249999999999996,0.11249999999999716,0.9375,-0.3875000000000002,-0.5250000000000057,0.05,0.2124999999999999,0.6499999999999999,1.7,-0.9375,1.5
-66985.225,369.76249999995343,-448.5249999999942,329.82500000001164,-10189.125,6190.75,702.9125000000058,3531.0,340.91249999999854,-28761.162500000006,-0.6000000000000001,-2.2625,0.11249999999999716,-0.0625,-2.3875,-1.5250000000000057,0.05,0.2124999999999999,-0.3500000000000001,-0.30000000000000004,-0.9375,-0.5
-66912.225,428.76249999995343,-522.5249999999942,233.82500000001164,-10250.125,6381.75,353.9125000000058,3548.0,117.91249999999854,-28936.162500000006,0.3999999999999999,-1.2625,-0.8875000000000028,-0.0625,-0.3875000000000002,-0.5250000000000057,0.05,0.2124999999999999,-0.3500000000000001,-0.30000000000000004,-1.9375,-0.5
-66561.225,468.76249999995343,-770.5249999999942,22.82500000001164,-10362.125,6256.75,244.91250000000582,3476.0,-82.08750000000146,-29310.162500000006,0.3999999999999999,-2.2625,0.11249999999999716,-0.0625,-0.3875000000000002,-0.5250000000000057,0.05,0.2124999999999999,-0.3500000000000001,-0.30000000000000004,-0.9375,-0.5
-66682.225,638.7624999999534,-934.5249999999942,120.82500000001164,-10349.125,6027.75,255.91250000000582,3386.0,228.91249999999854,-29491.162500000006,0.3999999999999999,-0.26249999999999996,0.11249999999999716,-0.0625,-2.3875,-1.5250000000000057,0.05,0.2124999999999999,-0.3500000000000001,-0.30000000000000004,-0.9375,-0.5
-66803.225,584.7624999999534,-972.5249999999942,249.82500000001164,-10219.125,5900.75,190.91250000000582,3461.0,101.91249999999854,-29423.162500000006,0.3999999999999999,-0.26249999999999996,-0.8875000000000028,-0.0625,-1.3875000000000002,-1.5250000000000057,0.05,1.2125,-0.3500000000000001,0.7,0.0625,-0.5
-66509.225,305.76249999995343,-871.5249999999942,125.82500000001164,-10513.125,6028.75,-79.08749999999418,3463.0,65.91249999999854,-29677.162500000006,0.3999999999999999,-0.26249999999999996,0.11249999999999716,0.9375,-1.3875000000000002,0.4749999999999943,0.05,0.2124999999999999,-0.3500000000000001,-0.30000000000000004,0.0625,-0.5
-66873.225,128.76249999995343,-766.5249999999942,-35.17499999998836,-10584.125,5913.75,-127.08749999999418,3303.0,199.91249999999854,-29459.162500000006,-0.6000000000000001,-0.26249999999999996,0.11249999999999716,-0.0625,-0.3875000000000002,0.4749999999999943,0.05,0.2124999999999999,-0.3500000000000001,0.7,0.0625,1.5
-67056.225,596.7624999999534,-765.5249999999942,156.82500000001164,-10783.125,5953.75,176.91250000000582,3432.0,438.91249999999854,-29695.162500000006,-0.6000000000000001,-0.26249999999999996,0.11249999999999716,0.9375,-0.3875000000000002,-0.5250000000000057,0.05,0.2124999999999999,-0.3500000000000001,0.7,0.0625,0.5
-66937.225,384.76249999995343,-653.5249999999942,106.82500000001164,-11074.125,6072.75,-186.08749999999418,3678.0,324.91249999999854,-30060.162500000006,0.3999999999999999,0.7375,-0.8875000000000028,0.9375,-0.3875000000000002,0.4749999999999943,0.05,0.2124999999999999,0.6499999999999999,0.7,0.0625,-0.5
-67017.225,257.76249999995343,-484.5249999999942,125.82500000001164,-11362.125,6122.75,-118.08749999999418,3669.0,333.91249999999854,-30001.162500000006,0.3999999999999999,-0.26249999999999996,0.11249999999999716,-0.0625,0.6124999999999998,-0.5250000000000057,0.05,0.2124999999999999,-0.3500000000000001,0.7,0.0625,0.5
-67165.225,390.76249999995343,-327.5249999999942,163.82500000001164,-11383.125,6121.75,85.91250000000582,3611.0,373.91249999999854,-29718.162500000006,0.3999999999999999,-0.26249999999999996,0.11249999999999716,-0.0625,0.6124999999999998,0.4749999999999943,0.05,0.2124999999999999,0.6499999999999999,0.7,0.0625,-0.5
-67146.225,151.76249999995343,-92.52499999999418,128.82500000001164,-11534.125,6084.75,74.91250000000582,3481.0,370.91249999999854,-29681.162500000006,-0.6000000000000001,0.7375,-0.8875000000000028,-0.0625,1.6124999999999998,-0.5250000000000057,0.05,0.2124999999999999,-0.3500000000000001,-0.30000000000000004,0.0625,1.5
-67102.225,212.76249999995343,-95.52499999999418,84.82500000001164,-11729.125,6278.75,52.91250000000582,3500.0,295.91249999999854,-29979.162500000006,0.3999999999999999,-0.26249999999999996,0.11249999999999716,-0.0625,1.6124999999999998,-0.5250000000000057,0.05,0.2124999999999999,0.6499999999999999,0.7,0.0625,1.5
-67143.225,214.76249999995343,30.47500000000582,69.82500000001164,-11733.125,6037.75,17.91250000000582,3563.0,214.91249999999854,-29965.162500000006,0.3999999999999999,0.7375,0.11249999999999716,-0.0625,1.6124999999999998,0.4749999999999943,0.05,0.2124999999999999,0.6499999999999999,-1.3,0.0625,-0.5
-67137.225,95.76249999995343,36.47500000000582,3.8250000000116415,-11794.125,6007.75,79.91250000000582,3640.0,86.91249999999854,-29954.162500000006,0.3999999999999999,0.7375,1.1124999999999972,-0.0625,0.6124999999999998,0.4749999999999943,0.05,0.2124999999999999,-0.3500000000000001,-0.30000000000000004,0.0625,-0.5
-67128.225,155.76249999995343,-119.52499999999418,-240.17499999998836,-11778.125,6187.75,-122.08749999999418,3734.0,149.91249999999854,-29976.162500000006,-0.6000000000000001,0.7375,1.1124999999999972,-0.0625,0.6124999999999998,1.4749999999999943,0.05,0.2124999999999999,-0.3500000000000001,-0.30000000000000004,0.0625,0.5
-67101.225,255.76249999995343,19.47500000000582,-238.17499999998836,-11714.125,5989.75,22.91250000000582,3627.0,105.91249999999854,-30192.162500000006,0.3999999999999999,-0.26249999999999996,-0.8875000000000028,-1.0625,0.6124999999999998,-0.5250000000000057,0.05,0.2124999999999999,0.6499999999999999,-0.30000000000000004,0.0625,-0.5
-67112.225,244.76249999995343,-89.52499999999418,-244.17499999998836,-11624.125,5769.75,177.91250000000582,3662.0,-2.087500000001455,-30303.162500000006,-0.6000000000000001,-0.26249999999999996,-0.8875000000000028,-1.0625,0.6124999999999998,0.4749999999999943,0.05,0.2124999999999999,-0.3500000000000001,-0.30000000000000004,0.0625,-0.5
-66986.225,84.76249999995343,-311.5249999999942,-327.17499999998836,-11604.125,5622.75,286.9125000000058,3603.0,-201.08750000000146,-30199.162500000006,0.3999999999999999,-0.26249999999999996,0.11249999999999716,-1.0625,-0.3875000000000002,1.4749999999999943,0.05,0.2124999999999999,-0.3500000000000001,-0.30000000000000004,-0.9375,0.5
-66861.225,24.762499999953434,-458.5249999999942,-376.17499999998836,-11589.125,5624.75,171.91250000000582,3690.0,-155.08750000000146,-30305.162500000006,-0.6000000000000001,-0.26249999999999996,0.11249999999999716,-1.0625,-1.3875000000000002,0.4749999999999943,0.05,0.2124999999999999,-0.3500000000000001,-0.30000000000000004,0.0625,0.5
-66796.225,-72.23750000004657,-639.5249999999942,-339.17499999998836,-11531.125,5642.75,154.91250000000582,3574.0,-102.08750000000146,-30272.162500000006,0.3999999999999999,-0.26249999999999996,0.11249999999999716,-0.0625,-0.3875000000000002,-0.5250000000000057,0.05,0.2124999999999999,-0.3500000000000001,0.7,0.0625,-0.5
-66809.225,-104.23750000004657,-675.5249999999942,-202.17499999998836,-11407.125,5630.75,199.91250000000582,3438.0,-56.087500000001455,-30382.162500000006,0.3999999999999999,-1.2625,0.11249999999999716,-0.0625,-0.3875000000000002,0.4749999999999943,0.05,0.2124999999999999,-0.3500000000000001,-0.30000000000000004,0.0625,0.5
-66942.225,-161.23750000004657,-747.5249999999942,-14.174999999988358,-11439.125,5697.75,85.91250000000582,3424.0,-88.08750000000146,-30350.162500000006,0.3999999999999999,-0.26249999999999996,0.11249999999999716,-0.0625,-0.3875000000000002,0.4749999999999943,0.05,-0.7875000000000001,-0.3500000000000001,-0.30000000000000004,0.0625,-0.5
-67072.225,80.76249999995343,-802.5249999999942,75.82500000001164,-11678.125,5877.75,104.91250000000582,3474.0,125.91249999999854,-30139.162500000006,0.3999999999999999,-0.26249999999999996,-0.8875000000000028,-0.0625,-0.3875000000000002,0.4749999999999943,0.05,0.2124999999999999,-0.3500000000000001,-0.30000000000000004,0.0625,0.5
-67061.225,-23.237500000046566,-680.5249999999942,64.82500000001164,-11642.125,5809.75,34.91250000000582,3455.0,361.91249999999854,-29966.162500000006,0.3999999999999999,-0.26249999999999996,0.11249999999999716,0.9375,-0.3875000000000002,-0.5250000000000057,0.05,-0.7875000000000001,-0.3500000000000001,0.7,0.0625,0.5
-67011.225,-91.23750000004657,-636.5249999999942,-26.17499999998836,-11674.125,5766.75,65.91250000000582,3495.0,335.91249999999854,-29958.162500000006,1.4,-0.26249999999999996,1.1124999999999972,0.9375,0.6124999999999998,0.4749999999999943,0.05,0.2124999999999999,0.6499999999999999,0.7,-0.9375,1.5
-67005.225,-26.237500000046566,-453.5249999999942,15.825000000011642,-11685.125,6020.75,292.9125000000058,3426.0,445.91249999999854,-29904.162500000006,0.3999999999999999,-0.26249999999999996,0.11249999999999716,0.9375,-0.3875000000000002,-0.5250000000000057,0.05,0.2124999999999999,-0.3500000000000001,0.7,0.0625,0.5
-67129.225,-115.23750000004657,-601.5249999999942,37.82500000001164,-11717.125,6080.75,546.9125000000058,3401.0,231.91249999999854,-29953.162500000006,0.3999999999999999,-0.26249999999999996,0.11249999999999716,-0.0625,-0.3875000000000002,-0.5250000000000057,0.05,-0.7875000000000001,-0.3500000000000001,-0.30000000000000004,0.0625,-0.5
-67046.225,-73.23750000004657,-520.5249999999942,-46.17499999998836,-11689.125,6154.75,308.9125000000058,3382.0,93.91249999999854,-29888.162500000006,0.3999999999999999,-0.26249999999999996,0.11249999999999716,-0.0625,0.6124999999999998,-0.5250000000000057,0.05,0.2124999999999999,0.6499999999999999,0.7,0.0625,0.5
-67206.225,9.762499999953434,-316.5249999999942,-2.1749999999883585,-11638.125,6201.75,185.91250000000582,3378.0,112.91249999999854,-29830.162500000006,0.3999999999999999,-0.26249999999999996,-0.8875000000000028,-0.0625,0.6124999999999998,0.4749999999999943,0.05,0.2124999999999999,-0.3500000000000001,-0.30000000000000004,0.0625,0.5
-67255.225,67.76249999995343,-267.5249999999942,86.82500000001164,-11732.125,6180.75,190.91250000000582,3423.0,142.91249999999854,-29811.162500000006,0.3999999999999999,0.7375,0.11249999999999716,-0.0625,0.6124999999999998,1.4749999999999943,0.05,0.2124999999999999,-1.35,-0.30000000000000004,0.0625,-1.5
-67053.225,-47.237500000046566,-473.5249999999942,194.82500000001164,-11702.125,6077.75,108.91250000000582,3452.0,110.91249999999854,-29862.162500000006,0.3999999999999999,-0.26249999999999996,0.11249999999999716,-0.0625,0.6124999999999998,0.4749999999999943,0.05,0.2124999999999999,-0.3500000000000001,-0.30000000000000004,0.0625,-0.5
-66944.225,89.76249999995343,-429.5249999999942,169.82500000001164,-11807.125,6105.75,-7.087499999994179,3440.0,6.912499999998545,-29909.162500000006,0.3999999999999999,-0.26249999999999996,0.11249999999999716,-0.0625,0.6124999999999998,0.4749999999999943,0.05,0.2124999999999999,-0.3500000000000001,-0.30000000000000004,0.0625,-0.5
-67026.225,242.76249999995343,-310.5249999999942,128.82500000001164,-11718.125,6060.75,81.91250000000582,3494.0,138.91249999999854,-29792.162500000006,1.4,0.7375,2.112499999999997,0.9375,0.6124999999999998,1.4749999999999943,0.05,0.2124999999999999,-0.3500000000000001,-0.30000000000000004,-0.9375,-2.5
-67269.225,496.76249999995343,-231.52499999999418,161.82500000001164,-11380.125,5522.75,701.9125000000058,3566.0,379.91249999999854,-29574.162500000006,1.4,-2.2625,-2.887500000000003,-1.0625,-2.3875,-3.5250000000000057,0.05,0.2124999999999999,-0.3500000000000001,1.7,0.0625,0.5
-66076.225,-254.23750000004657,-552.5249999999942,-703.1749999999884,-11409.125,6186.75,-336.0874999999942,3636.0,403.91249999999854,-30233.162500000006,2.4,-2.2625,0.11249999999999716,0.9375,-0.3875000000000002,-0.5250000000000057,0.05,0.2124999999999999,-0.3500000000000001,-1.3,-0.9375,2.5
-66535.225,-799.2375000000466,-625.5249999999942,-496.17499999998836,-11835.125,6061.75,-788.0874999999942,3646.0,227.91249999999854,-31091.162500000006,-1.6,0.7375,3.112499999999997,-3.0625,-0.3875000000000002,2.4749999999999943,0.05,0.2124999999999999,-0.3500000000000001,-1.3,1.0625,-1.5
-67649.225,299.76249999995343,-273.5249999999942,505.82500000001164,-11470.125,5154.75,554.9125000000058,3321.0,829.9124999999985,-29616.162500000006,1.4,-2.2625,-0.8875000000000028,1.9375,1.6124999999999998,-0.5250000000000057,0.05,0.2124999999999999,-0.3500000000000001,1.7,0.0625,-0.5
-67808.225,981.7624999999534,-109.52499999999418,442.82500000001164,-11470.125,5201.75,914.9125000000058,3503.0,756.9124999999985,-29952.162500000006,0.3999999999999999,0.7375,-0.8875000000000028,-1.0625,0.6124999999999998,0.4749999999999943,0.05,0.2124999999999999,-0.3500000000000001,-0.30000000000000004,1.0625,-1.5
-66652.225,-237.23750000004657,-552.5249999999942,-150.17499999998836,-12318.125,5781.75,-80.08749999999418,3707.0,-121.08750000000146,-31482.162500000006,1.4,-0.26249999999999996,3.112499999999997,1.9375,-0.3875000000000002,2.4749999999999943,0.05,0.2124999999999999,0.6499999999999999,-1.3,-0.9375,0.5
-66680.225,-540.2375000000466,-654.5249999999942,-534.1749999999884,-12160.125,6284.75,555.9125000000058,3883.0,-99.08750000000146,-29982.162500000006,-1.6,-0.26249999999999996,0.11249999999999716,-2.0625,-0.3875000000000002,-0.5250000000000057,0.05,0.2124999999999999,-0.3500000000000001,-0.30000000000000004,0.0625,-0.5
-66818.225,-1091.2375000000466,-763.5249999999942,-595.1749999999884,-12123.125,6079.75,-768.0874999999942,4034.0,-571.0875000000015,-30996.162500000006,-0.6000000000000001,-0.26249999999999996,3.112499999999997,-1.0625,1.6124999999999998,4.474999999999994,0.05,0.2124999999999999,0.6499999999999999,-1.3,2.0625,-0.5
-66996.225,-307.23750000004657,-605.5249999999942,-121.17499999998836,-11829.125,5922.75,-484.0874999999942,3634.0,-155.08750000000146,-30724.162500000006,0.3999999999999999,-1.2625,3.112499999999997,1.9375,1.6124999999999998,1.4749999999999943,0.05,0.2124999999999999,0.6499999999999999,0.7,-0.9375,4.5
-68411.225,1307.7624999999534,-155.52499999999418,966.8250000000116,-10959.125,4870.75,1031.9125000000058,3426.0,860.9124999999985,-30147.162500000006,-1.6,-1.2625,-3.887500000000003,-2.0625,-0.3875000000000002,-0.5250000000000057,0.05,0.2124999999999999,-0.3500000000000001,1.7,1.0625,-4.5
-67217.225,323.76249999995343,-353.5249999999942,856.8250000000116,-11280.125,5296.75,823.9125000000058,3388.0,972.9124999999985,-29014.162500000006,0.3999999999999999,-0.26249999999999996,-3.887500000000003,-0.0625,2.6125,-0.5250000000000057,0.05,-0.7875000000000001,0.6499999999999999,-0.30000000000000004,0.0625,0.5
-65734.225,-1192.2375000000466,-795.5249999999942,-672.1749999999884,-12588.125,6597.75,-641.0874999999942,3824.0,-467.08750000000146,-31101.162500000006,-2.6,1.7375,3.112499999999997,32.9375,39.6125,56.474999999999994,0.05,0.2124999999999999,0.6499999999999999,0.7,0.0625,0.5
-67508.225,358.76249999995343,-506.5249999999942,220.82500000001164,-11454.125,5700.75,582.9125000000058,3560.0,1069.9124999999985,-29548.162500000006,19.4,-9.2625,123.1125,-90.0625,8.6125,-13.525000000000006,-0.95,0.2124999999999999,-0.3500000000000001,2.7,1.0625,-5.5
-62094.225000000006,30738.762499999953,340.4750000000058,522.8250000000116,-11167.125,100475.75,180970.9125,3465.0,-865.0875000000015,-30920.162500000006,-16.6,57.7375,95.1125,78.9375,14.6125,-22.525000000000006,-0.95,1.2125,0.6499999999999999,0.7,-1.9375,15.5
-10802.225000000006,222100.76249999995,9370.475000000006,1796.8250000000116,-9681.125,287231.75,246088.9125,1879.0,1152.9124999999985,-28394.162500000006,-22.6,19.7375,55.1125,16.9375,-14.3875,73.475,0.05,-1.7875,3.65,1.7,-18.9375,-16.5
2562.774999999994,220582.76249999995,2196.475000000006,-698.1749999999884,-7674.125,219816.75,191902.9125,2308.0,2288.9124999999985,-26038.162500000006,16.4,-31.2625,-47.8875,1.9375,40.6125,2.4749999999999943,0.05,-1.7875,1.65,1.7,-9.9375,-18.5
-22994.225000000006,63100.76249999995,-1210.5249999999942,-348.17499999998836,-4068.125,108198.75,127933.9125,3768.0,-2059.0875000000015,-29038.162500000006,21.4,19.7375,-48.8875,-1.0625,19.6125,29.474999999999994,0.05,0.2124999999999999,2.65,-2.3,-4.9375,8.5
-37062.225000000006,16000.762499999953,-5677.524999999994,-1621.1749999999884,-2261.125,64974.75,94681.9125,2454.0,417.91249999999854,-29171.162500000006,-2.6,-13.2625,15.112499999999997,17.9375,-24.3875,-19.525000000000006,1.05,0.2124999999999999,2.65,3.7,4.0625,3.5
-51181.225000000006,3163.7624999999534,803.4750000000058,1738.8250000000116,-569.125,31314.75,50812.912500000006,5253.0,1763.9124999999985,-28618.162500000006,2.4,12.7375,-9.887500000000003,16.9375,12.6125,-18.525000000000006,0.05,0.2124999999999999,-1.35,2.7,13.0625,-14.5
-45368.225000000006,-824.2375000000466,-1471.5249999999942,-1412.1749999999884,-2892.125,8694.75,18461.912500000006,4111.0,-2784.0875000000015,-34092.162500000006,2.4,21.7375,-8.887500000000003,-52.0625,-89.3875,2.4749999999999943,0.05,0.2124999999999999,0.6499999999999999,-3.3,-0.9375,-9.5
-45954.225000000006,-26.237500000046566,-416.5249999999942,1192.8250000000116,970.875,34598.75,136882.9125,3861.0,1134.9124999999985,-28798.162500000006,22.4,61.7375,-86.8875,-18.0625,0.6124999999999998,-108.525,0.05,1.2125,-1.35,-0.30000000000000004,-6.9375,-0.5
-43282.225000000006,3395.7624999999534,429.4750000000058,1067.8250000000116,-497.125,13360.75,194811.9125,5240.0,697.9124999999985,-26817.162500000006,-11.6,9.7375,3.112499999999997,-20.0625,-32.3875,-45.525000000000006,0.05,-0.7875000000000001,-0.3500000000000001,0.7,-28.9375,1.5
-18779.225000000006,41962.76249999995,-193.52499999999418,-891.1749999999884,-2249.125,10679.75,216695.9125,6933.0,-350.08750000000146,-31365.162500000006,-39.6,-18.2625,79.1125,15.9375,-1.3875000000000002,-66.525,-0.95,-0.7875000000000001,0.6499999999999999,-7.3,6.0625,8.5
-17212.225000000006,144566.76249999995,3412.475000000006,-984.1749999999884,-2897.125,2271.75,220650.9125,1252.0,129.91249999999854,-31643.162500000006,1.4,5.7375,29.112499999999997,-23.0625,30.6125,57.474999999999994,-0.95,-0.7875000000000001,-1.35,5.7,14.0625,15.5
-38621.225000000006,157141.76249999995,6287.475000000006,1368.8250000000116,-1020.125,-10615.25,187018.9125,-670.0,2132.9124999999985,-26324.162500000006,-24.6,-48.2625,64.1125,38.9375,19.6125,-10.525000000000006,-0.95,1.2125,-0.3500000000000001,2.7,-5.9375,11.5
-45702.225000000006,116523.76249999995,3791.475000000006,-664.1749999999884,-3517.125,-8737.25,152387.9125,-141.0,1965.9124999999985,-28466.162500000006,12.4,-5.2625,-75.8875,24.9375,0.6124999999999998,37.474999999999994,0.05,-0.7875000000000001,2.65,-0.30000000000000004,-5.9375,0.5
-51831.225000000006,38575.76249999995,-1731.5249999999942,-1120.1749999999884,-2277.125,-11322.25,127444.9125,1507.0,-1791.0875000000015,-30903.162500000006,3.4,-1.2625,-24.887500000000003,-16.0625,-3.3875,50.474999999999994,-0.95,0.2124999999999999,0.6499999999999999,-0.30000000000000004,2.0625,20.5
-58056.225000000006,49781.76249999995,-909.5249999999942,1239.8250000000116,-1444.125,-6894.25,151140.9125,76.0,1251.9124999999985,-27851.162500000006,12.4,21.7375,-28.887500000000003,17.9375,10.6125,-1.5250000000000057,0.05,1.2125,0.6499999999999999,-5.3,0.0625,17.5
-65242.225000000006,60868.76249999995,348.4750000000058,1593.8250000000116,-4863.125,-12559.25,177774.9125,319.0,1392.9124999999985,-27303.162500000006,-1.6,29.7375,-2.887500000000003,-16.0625,0.6124999999999998,-31.525000000000006,0.05,1.2125,0.6499999999999999,-0.30000000000000004,2.0625,19.5
-76821.225,83289.76249999995,-419.5249999999942,-294.17499999998836,-5801.125,-9984.25,189716.9125,733.0,23.912499999998545,-29176.162500000006,-4.6,8.7375,9.112499999999997,15.9375,-8.3875,-18.525000000000006,0.05,0.2124999999999999,1.65,-7.3,-7.9375,13.5
-78309.225,72117.76249999995,-1408.5249999999942,-724.1749999999884,-4122.125,-7934.25,175666.9125,256.0,-1053.0875000000015,-28226.162500000006,-2.6,-1.2625,35.1125,-23.0625,-5.3875,6.474999999999994,-0.95,0.2124999999999999,-1.35,-6.3,-0.9375,-3.5
-85015.225,57533.76249999995,-1301.5249999999942,678.8250000000116,-4584.125,-15919.25,171095.9125,-187.0,1448.9124999999985,-26839.162500000006,4.4,22.7375,-38.8875,-0.0625,-2.3875,-15.525000000000006,-0.95,0.2124999999999999,-0.3500000000000001,2.7,-3.9375,6.5
-98653.225,71918.76249999995,-328.5249999999942,-386.17499999998836,-4536.125,-38129.25,168345.9125,496.0,-166.08750000000146,-27569.162500000006,16.4,21.7375,-25.887500000000003,17.9375,7.6125,-14.525000000000006,0.05,0.2124999999999999,0.6499999999999999,1.7,-3.9375,6.5
-105404.225,81127.76249999995,-1334.5249999999942,-110.17499999998836,-4163.125,-54283.25,166789.9125,-345.0,-901.0875000000015,-28598.162500000006,-20.6,-41.2625,24.112499999999997,-25.0625,-0.3875000000000002,-5.525000000000006,0.05,0.2124999999999999,-0.3500000000000001,0.7,-1.9375,6.5
-109742.225,78823.76249999995,-1041.5249999999942,295.82500000001164,-3544.125,-60127.25,169769.9125,-1215.0,570.9124999999985,-28453.162500000006,4.4,26.7375,-8.887500000000003,8.9375,13.6125,-10.525000000000006,0.05,-0.7875000000000001,-0.3500000000000001,1.7,-1.9375,8.5
-118878.225,79482.76249999995,-1416.5249999999942,783.8250000000116,-2397.125,-39191.25,152240.9125,-1554.0,665.9124999999985,-26601.162500000006,-9.6,-26.2625,8.112499999999997,11.9375,2.6125,-17.525000000000006,0.05,0.2124999999999999,-0.3500000000000001,-4.3,6.0625,-2.5
-98519.225,9305.762499999953,-1494.5249999999942,293.82500000001164,-2427.125,-22417.25,90492.9125,-327.0,1059.9124999999985,-27501.162500000006,-7.6,-25.2625,-3.887500000000003,-16.0625,6.6125,-3.5250000000000057,0.05,0.2124999999999999,0.6499999999999999,4.7,-1.9375,2.5
-58963.225000000006,-1103.2375000000466,-1395.5249999999942,-1059.1749999999884,-1702.125,5937.75,12694.912500000006,35346.0,-1000.0875000000015,-28528.162500000006,5.4,10.7375,-4.887500000000003,53.9375,37.6125,-371.525,0.05,0.2124999999999999,0.6499999999999999,-2.3,4.0625,-1.5
-60466.225000000006,5329.762499999953,-2345.524999999994,-157.17499999998836,1837.875,321.75,6432.912500000006,36709.0,3594.9124999999985,-22140.162500000006,-83.6,-42.2625,235.1125,-277.0625,76.6125,-34.525000000000006,-1.95,1.2125,-1.35,13.7,-36.9375,-25.5
-11430.225000000006,163061.76249999995,-3376.524999999994,-2976.1749999999884,744.875,174351.75,129874.9125,41037.0,-1386.0875000000015,-22846.162500000006,33.4,-47.2625,-168.8875,268.9375,-77.3875,-218.525,0.05,-0.7875000000000001,0.6499999999999999,-6.3,13.0625,12.5
71535.775,351447.76249999995,5777.475000000006,1256.8250000000116,-6549.125,585186.75,276721.9125,40655.0,-823.0875000000015,-29099.162500000006,-7.6,-31.2625,4.112499999999997,7.9375,-146.3875,38.474999999999994,-0.95,-0.7875000000000001,-1.35,-5.3,38.0625,-19.5
101132.775,214734.76249999995,-20123.524999999994,3160.8250000000116,-10015.125,543400.75,266923.9125,8897.0,3898.9124999999985,-23006.162500000006,3.4,-39.2625,-24.887500000000003,92.9375,12.6125,-42.525000000000006,0.05,0.2124999999999999,1.65,-40.3,-13.9375,-30.5
118948.775,261641.76249999995,-17211.524999999994,-424.17499999998836,24618.875,57457.75,180855.9125,-36189.0,5621.9124999999985,-20935.162500000006,-42.6,15.7375,32.1125,-29.0625,-15.3875,-36.525000000000006,0.05,1.2125,0.6499999999999999,24.7,-11.9375,38.5
96188.775,261243.76249999995,-19747.524999999994,-4122.174999999988,-11195.125,34747.75,120542.9125,46428.0,-7300.0875000000015,-13030.162500000006,-2.6,-46.2625,-16.887500000000003,19.9375,29.6125,22.474999999999994,-1.95,0.2124999999999999,-4.35,-26.3,-40.9375,-26.5
57689.774999999994,201613.76249999995,-22256.524999999994,2050.8250000000116,2486.875,60495.75,113057.9125,105961.0,4901.9124999999985,-4003.162500000006,13.4,-18.2625,-28.887500000000003,21.9375,-5.3875,-30.525000000000006,1.05,1.2125,-0.3500000000000001,-13.3,-9.9375,-33.5
54196.774999999994,136138.76249999995,-31458.524999999994,1547.8250000000116,-4526.125,54043.75,76870.9125,87023.0,900.9124999999985,-8235.162500000006,20.4,5.7375,-44.8875,-15.0625,-39.3875,-4.525000000000006,-0.95,1.2125,-2.35,15.7,15.0625,14.5
31810.774999999994,-1431.2375000000466,-31858.524999999994,-1398.1749999999884,1099.875,-15146.25,-1775.0874999999942,38035.0,-1153.0875000000015,-15898.162500000006,-6.6,-35.2625,28.112499999999997,5.9375,28.6125,-2.5250000000000057,0.05,1.2125,1.65,-1.3,-6.9375,28.5
27875.774999999994,1096.7624999999534,-28373.524999999994,7696.825000000012,15405.875,-18996.25,3.9125000000058208,40748.0,-119.08750000000146,-14785.162500000006,2.4,-1.2625,10.112499999999997,-36.0625,14.6125,-93.525,-0.95,-0.7875000000000001,-2.35,-4.3,1.0625,-4.5
26505.774999999994,8940.762499999953,-24896.524999999994,69093.82500000001,14750.875,-17839.25,1543.9125000000058,39735.0,14251.912499999999,-3665.162500000006,-67.6,-7.2625,162.1125,30.9375,3.6125,37.474999999999994,0.05,0.2124999999999999,0.6499999999999999,-2.3,-11.9375,0.5
23208.774999999994,113425.76249999995,-19028.524999999994,143557.825,14730.875,3090.75,28212.912500000006,35427.0,60922.9125,15884.837499999994,35.4,-27.2625,-7.887500000000003,-44.0625,-60.3875,46.474999999999994,-0.95,0.2124999999999999,-1.35,18.7,-1.9375,26.5
14244.774999999994,210072.76249999995,-10158.524999999994,146842.825,36686.875,73098.75,264057.9125,9807.0,137594.9125,61635.837499999994,26.4,23.7375,-30.887500000000003,20.9375,-31.3875,18.474999999999994,0.05,-2.7875,0.6499999999999999,-22.3,12.0625,-20.5
-24217.225000000006,198863.76249999995,-3895.524999999994,147431.825,33382.875,40525.75,186052.9125,3862.0,207848.9125,122824.8375,-20.6,-14.2625,60.1125,23.9375,27.6125,36.474999999999994,1.05,-0.7875000000000001,1.65,-19.3,-2.9375,-42.5
-29194.225000000006,230018.76249999995,924.4750000000058,216418.825,5881.875,25756.75,251774.9125,4944.0,191171.9125,106556.8375,24.4,-3.2625,-18.887500000000003,10.9375,5.6125,6.474999999999994,-0.95,0.2124999999999999,-2.35,18.7,13.0625,-4.5
-46428.225000000006,264987.76249999995,-1233.5249999999942,206558.825,12060.875,28103.75,276603.9125,3006.0,172438.9125,87072.8375,7.4,26.7375,-13.887500000000003,-2.0625,-18.3875,36.474999999999994,0.05,-0.7875000000000001,0.6499999999999999,-2.3,11.0625,-20.5
-51867.225000000006,274077.76249999995,-773.5249999999942,192707.825,23471.875,26994.75,224796.9125,2925.0,194094.9125,100969.8375,-8.6,-14.2625,11.112499999999997,-8.0625,3.6125,37.474999999999994,-0.95,0.2124999999999999,-0.3500000000000001,12.7,3.0625,-12.5
-45951.225000000006,228835.76249999995,-4189.524999999994,196675.825,14749.875,23653.75,251289.9125,3817.0,162670.9125,78555.8375,-7.6,-1.2625,3.112499999999997,-23.0625,-3.3875,30.474999999999994,-0.95,-0.7875000000000001,-1.35,-9.3,2.0625,-18.5
-52641.225000000006,206333.76249999995,-4850.524999999994,172595.825,-3026.125,19364.75,194698.9125,3533.0,155982.9125,69448.8375,9.4,-5.2625,-23.887500000000003,21.9375,-5.3875,2.4749999999999943,0.05,0.2124999999999999,0.6499999999999999,6.7,-0.9375,1.5
-44985.225000000006,120760.76249999995,-6370.524999999994,161981.825,-756.125,14828.75,127050.9125,3125.0,146631.9125,65783.8375,-9.6,-6.2625,36.1125,-13.0625,7.6125,25.474999999999994,0.05,0.2124999999999999,-0.3500000000000001,-1.3,2.0625,-1.5
-38430.225000000006,114329.76249999995,-11041.524999999994,155050.825,5362.875,17783.75,120512.9125,660.0,142309.9125,63450.837499999994,5.4,-7.2625,-4.887500000000003,-0.0625,-5.3875,-14.525000000000006,0.05,-0.7875000000000001,0.6499999999999999,7.7,0.0625,-1.5
-30989.225000000006,102320.76249999995,-11450.524999999994,153820.825,12749.875,14220.75,57730.912500000006,1928.0,137105.9125,61475.837499999994,18.4,1.7375,-34.8875,-11.0625,14.6125,-6.525000000000006,0.05,0.2124999999999999,0.6499999999999999,16.7,0.0625,6.5
-27099.225000000006,53974.76249999995,-12955.524999999994,142406.825,28179.875,26030.75,94438.9125,2737.0,132838.9125,41319.837499999994,10.4,-4.2625,-32.8875,-8.0625,4.6125,26.474999999999994,0.05,0.2124999999999999,-0.3500000000000001,-23.3,-3.9375,-12.5
-34992.225000000006,85426.76249999995,-10389.524999999994,153934.825,18921.875,18845.75,95320.9125,3055.0,137568.9125,42133.837499999994,-6.6,6.7375,12.112499999999997,29.9375,4.6125,-12.525000000000006,0.05,0.2124999999999999,-0.3500000000000001,20.7,-0.9375,12.5
-53125.225000000006,139850.76249999995,-6989.524999999994,166311.825,8135.875,6196.75,131304.9125,2847.0,146245.9125,38666.837499999994,23.4,2.7375,-53.8875,-27.0625,13.6125,28.474999999999994,0.05,-0.7875000000000001,-0.3500000000000001,-6.3,4.0625,-1.5
-58477.225000000006,158871.76249999995,-4239.524999999994,164436.825,36396.875,15916.75,157704.9125,3333.0,158785.9125,43116.837499999994,0.3999999999999999,15.7375,3.112499999999997,-7.0625,-15.3875,-2.5250000000000057,0.05,0.2124999999999999,0.6499999999999999,6.7,-2.9375,3.5
-47917.225000000006,158754.76249999995,-3865.524999999994,183619.825,10302.875,8389.75,159416.9125,3982.0,167371.9125,46463.837499999994,-4.6,-6.2625,19.112499999999997,9.9375,-0.3875000000000002,0.4749999999999943,0.05,1.2125,0.6499999999999999,11.7,-8.9375,8.5
-66848.225,180806.76249999995,-2769.524999999994,173469.825,41632.875,2387.75,181492.9125,3803.0,163355.9125,30795.837499999994,6.4,-5.2625,-14.887500000000003,-1.0625,1.6124999999999998,9.474999999999994,0.05,-0.7875000000000001,-0.3500000000000001,-17.3,0.0625,-22.5
-61835.225000000006,195864.76249999995,-1252.5249999999942,181582.825,11459.875,1094.75,199323.9125,3955.0,167222.9125,35769.837499999994,-1.6,3.7375,5.112499999999997,-10.0625,1.6124999999999998,15.474999999999994,0.05,0.2124999999999999,0.6499999999999999,13.7,-1.9375,-0.5
-60045.225000000006,188559.76249999995,-1223.5249999999942,174405.825,1072.875,-3199.25,187069.9125,4119.0,162491.9125,47843.837499999994,0.3999999999999999,-7.2625,0.11249999999999716,-12.0625,0.6124999999999998,22.474999999999994,0.05,0.2124999999999999,-0.3500000000000001,-5.3,-0.9375,-9.5
-62472.225000000006,180203.76249999995,-1995.5249999999942,161550.825,24524.875,-2261.25,176490.9125,3993.0,145355.9125,21734.837499999994,1.4,4.7375,-4.887500000000003,9.9375,1.6124999999999998,1.4749999999999943,0.05,0.2124999999999999,-0.3500000000000001,4.7,-0.9375,0.5
-59464.225000000006,169674.76249999995,-2583.524999999994,164934.825,32968.875,-843.25,168216.9125,3123.0,143800.9125,26912.837499999994,3.4,-2.2625,-5.887500000000003,0.9375,0.6124999999999998,7.474999999999994,0.05,0.2124999999999999,-0.3500000000000001,-1.3,0.0625,-3.5
-52921.225000000006,159117.76249999995,-2971.524999999994,175768.825,32272.875,-439.25,156711.9125,3104.0,159819.9125,32675.837499999994,0.3999999999999999,-4.2625,-2.887500000000003,-2.0625,2.6125,11.474999999999994,0.05,0.2124999999999999,-0.3500000000000001,1.7,0.0625,1.5
-46511.225000000006,147711.76249999995,-3427.524999999994,176645.825,20359.875,379.75,145043.9125,3151.0,150853.9125,33932.837499999994,1.4,0.7375,-3.887500000000003,-5.0625,1.6124999999999998,10.474999999999994,0.05,0.2124999999999999,-0.3500000000000001,0.7,0.0625,-0.5
-42765.225000000006,145501.76249999995,-4290.524999999994,140704.825,14622.875,-514.25,140134.9125,3435.0,136073.9125,25950.837499999994,-0.6000000000000001,-1.2625,0.11249999999999716,-3.0625,1.6124999999999998,5.474999999999994,0.05,0.2124999999999999,0.6499999999999999,0.7,-0.9375,1.5
-50181.225000000006,161783.76249999995,-3261.524999999994,142982.825,15698.875,-928.25,164440.9125,3558.0,138208.9125,31672.837499999994,0.3999999999999999,-1.2625,-1.8875000000000028,0.9375,-1.3875000000000002,0.4749999999999943,0.05,0.2124999999999999,-0.3500000000000001,-0.30000000000000004,0.0625,-0.5
-51142.225000000006,168243.76249999995,-3054.524999999994,153329.825,17550.875,304.75,166335.9125,3927.0,141051.9125,36133.837499999994,-0.6000000000000001,0.7375,1.1124999999999972,-2.0625,-0.3875000000000002,4.474999999999994,0.05,0.2124999999999999,-0.3500000000000001,-1.3,0.0625,0.5
-54001.225000000006,184483.76249999995,-2366.524999999994,158878.825,12779.875,-832.25,178511.9125,3856.0,146633.9125,39983.837499999994,0.3999999999999999,0.7375,-1.8875000000000028,-3.0625,0.6124999999999998,4.474999999999994,0.05,0.2124999999999999,-0.3500000000000001,-0.30000000000000004,0.0625,0.5
-55011.225000000006,189230.76249999995,-1925.5249999999942,151880.825,9293.875,-1291.25,180571.9125,3865.0,144830.9125,39853.837499999994,-0.6000000000000001,0.7375,-0.8875000000000028,1.9375,0.6124999999999998,-3.5250000000000057,0.05,0.2124999999999999,-0.3500000000000001,-0.30000000000000004,0.0625,-0.5
-53161.225000000006,184670.76249999995,-2085.524999999994,151921.825,11043.875,-290.25,178290.9125,4212.0,145046.9125,40496.837499999994,-0.6000000000000001,0.7375,0.11249999999999716,-1.0625,-0.3875000000000002,1.4749999999999943,0.05,0.2124999999999999,-0.3500000000000001,-1.3,0.0625,0.5
-48764.225000000006,173646.76249999995,-2278.524999999994,156379.825,12056.875,-23.25,173879.9125,4183.0,145596.9125,41372.837499999994,-0.6000000000000001,1.7375,1.1124999999999972,-0.0625,1.6124999999999998,-0.5250000000000057,0.05,-1.7875,-0.3500000000000001,-0.30000000000000004,-0.9375,-1.5
-45296.225000000006,168956.76249999995,-2386.524999999994,153081.825,11225.875,-92.25,169068.9125,3965.0,143465.9125,42959.837499999994,-1.6,-0.26249999999999996,-2.887500000000003,-2.0625,0.6124999999999998,1.4749999999999943,0.05,0.2124999999999999,-0.3500000000000001,-0.30000000000000004,0.0625,-0.5
-42290.225000000006,169048.76249999995,-2596.524999999994,150268.825,10108.875,253.75,163168.9125,3980.0,141583.9125,43012.837499999994,-0.6000000000000001,1.7375,1.1124999999999972,0.9375,-0.3875000000000002,-2.5250000000000057,0.05,0.2124999999999999,-0.3500000000000001,-1.3,0.0625,-0.5
-42478.225000000006,169514.76249999995,-2508.524999999994,149389.825,10449.875,1044.75,162834.9125,4010.0,140113.9125,43395.837499999994,-1.6,-1.2625,3.112499999999997,2.9375,-1.3875000000000002,-0.5250000000000057,0.05,-0.7875000000000001,-0.3500000000000001,-0.30000000000000004,-0.9375,-0.5
-42716.225000000006,172665.76249999995,-2312.524999999994,150383.825,12093.875,1672.75,166699.9125,3877.0,139654.9125,44766.837499999994,0.3999999999999999,0.7375,1.1124999999999972,-3.0625,0.6124999999999998,3.4749999999999943,0.05,0.2124999999999999,0.6499999999999999,0.7,0.0625,0.5
-41882.225000000006,175362.76249999995,-2385.524999999994,152918.825,12432.875,2391.75,170837.9125,3862.0,140460.9125,46771.837499999994,0.3999999999999999,0.7375,0.11249999999999716,0.9375,0.6124999999999998,-0.5250000000000057,0.05,0.2124999999999999,-0.3500000000000001,-0.30000000000000004,0.0625,-0.5
-38025.225000000006,175970.76249999995,-2827.524999999994,149864.825,11194.875,4314.75,174912.9125,4070.0,141529.9125,49677.837499999994,2.4,-1.2625,-2.887500000000003,0.9375,-2.3875,1.4749999999999943,0.05,0.2124999999999999,-0.3500000000000001,-0.30000000000000004,0.0625,0.5
-37481.225000000006,176256.76249999995,-2919.524999999994,149884.825,10908.875,3713.75,175360.9125,4267.0,140810.9125,48528.837499999994,0.3999999999999999,-1.2625,1.1124999999999972,0.9375,-0.3875000000000002,2.4749999999999943,0.05,0.2124999999999999,-0.3500000000000001,1.7,-0.9375,0.5
-39421.225000000006,176026.76249999995,-2736.524999999994,151350.825,11002.875,3178.75,173097.9125,4244.0,140030.9125,47851.837499999994,0.3999999999999999,-0.26249999999999996,1.1124999999999972,0.9375,-0.3875000000000002,2.4749999999999943,0.05,0.2124999999999999,-0.3500000000000001,-0.30000000000000004,-0.9375,-0.5
-41427.225000000006,175351.76249999995,-2742.524999999994,152419.825,11419.875,2450.75,168895.9125,4184.0,140571.9125,47731.837499999994,1.4,-0.26249999999999996,-2.887500000000003,1.9375,0.6124999999999998,0.4749999999999943,0.05,1.2125,-0.3500000000000001,1.7,-0.9375,0.5
-42715.225000000006,173952.76249999995,-2718.524999999994,152764.825,11338.875,1872.75,168282.9125,4138.0,142408.9125,48311.837499999994,1.4,-0.26249999999999996,0.11249999999999716,0.9375,-0.3875000000000002,1.4749999999999943,0.05,-0.7875000000000001,0.6499999999999999,0.7,0.0625,0.5
-42735.225000000006,172012.76249999995,-2825.524999999994,152568.825,10582.875,1731.75,167808.9125,4117.0,144661.9125,48910.837499999994,2.4,-0.26249999999999996,-0.8875000000000028,0.9375,-1.3875000000000002,1.4749999999999943,0.05,-0.7875000000000001,-0.3500000000000001,1.7,-0.9375,-1.5
-43390.225000000006,172081.76249999995,-2768.524999999994,150823.825,9658.875,984.75,167885.9125,3960.0,145486.9125,48532.837499999994,-0.6000000000000001,0.7375,0.11249999999999716,0.9375,0.6124999999999998,-0.5250000000000057,0.05,0.2124999999999999,-0.3500000000000001,0.7,0.0625,-0.5
-45613.225000000006,175138.76249999995,-2707.524999999994,150692.825,8956.875,534.75,167056.9125,4140.0,144932.9125,46465.837499999994,0.3999999999999999,0.7375,0.11249999999999716,0.9375,0.6124999999999998,0.4749999999999943,0.05,0.2124999999999999,-0.3500000000000001,0.7,0.0625,0.5
-47295.225000000006,177797.76249999995,-2588.524999999994,150923.825,8329.875,124.75,165927.9125,4077.0,144964.9125,46036.837499999994,1.4,-1.2625,0.11249999999999716,0.9375,-0.3875000000000002,-1.5250000000000057,0.05,0.2124999999999999,-0.3500000000000001,1.7,0.0625,-0.5
-47798.225000000006,177836.76249999995,-2535.524999999994,150464.825,6949.875,-134.25,165135.9125,3988.0,145882.9125,45925.837499999994,0.3999999999999999,-1.2625,0.11249999999999716,-0.0625,-0.3875000000000002,-0.5250000000000057,0.05,0.2124999999999999,-0.3500000000000001,0.7,0.0625,-0.5
-48264.225000000006,175157.76249999995,-2698.524999999994,148868.825,6018.875,-311.25,164198.9125,3947.0,146804.9125,45847.837499999994,0.3999999999999999,-0.26249999999999996,-0.8875000000000028,-0.0625,0.6124999999999998,-0.5250000000000057,0.05,0.2124999999999999,-0.3500000000000001,-0.30000000000000004,0.0625,0.5
-49122.225000000006,175799.76249999995,-2563.524999999994,147638.825,5275.875,-700.25,164869.9125,3895.0,148092.9125,45148.837499999994,0.3999999999999999,-0.26249999999999996,0.11249999999999716,-0.0625,0.6124999999999998,0.4749999999999943,0.05,0.2124999999999999,-0.3500000000000001,-0.30000000000000004,-0.9375,0.5
-50400.225000000006,177787.76249999995,-2470.524999999994,147896.825,5076.875,-969.25,165216.9125,3782.0,148247.9125,44566.837499999994,-0.6000000000000001,0.7375,0.11249999999999716,-0.0625,0.6124999999999998,-0.5250000000000057,0.05,0.2124999999999999,-0.3500000000000001,-0.30000000000000004,0.0625,-0.5
-51459.225000000006,178998.76249999995,-2450.524999999994,150108.825,5317.875,-1120.25,164513.9125,3992.0,148387.9125,43960.837499999994,-0.6000000000000001,-0.26249999999999996,0.11249999999999716,-1.0625,0.6124999999999998,0.4749999999999943,0.05,0.2124999999999999,-0.3500000000000001,-0.30000000000000004,0.0625,0.5
-51566.225000000006,178415.76249999995,-2417.524999999994,149769.825,4974.875,-1019.25,163631.9125,3944.0,147987.9125,42212.837499999994,-0.6000000000000001,0.7375,0.11249999999999716,-0.0625,0.6124999999999998,0.4749999999999943,-0.95,0.2124999999999999,-0.3500000000000001,-0.30000000000000004,0.0625,0.5
-51398.225000000006,176924.76249999995,-2452.524999999994,149328.825,3177.875,-987.25,163035.9125,4131.0,147735.9125,41367.837499999994,-0.6000000000000001,0.7375,0.11249999999999716,-1.0625,0.6124999999999998,0.4749999999999943,0.05,0.2124999999999999,0.6499999999999999,-1.3,0.0625,0.5
-50805.225000000006,174706.76249999995,-2609.524999999994,150268.825,3286.875,-901.25,163043.9125,4107.0,147997.9125,40989.837499999994,-0.6000000000000001,-0.26249999999999996,-0.8875000000000028,-0.0625,-0.3875000000000002,-0.5250000000000057,-0.95,0.2124999999999999,-0.3500000000000001,-1.3,-0.9375,0.5
-50552.225000000006,173749.76249999995,-2655.524999999994,151818.825,3442.875,-790.25,163007.9125,4132.0,148492.9125,40675.837499999994,-0.6000000000000001,-0.26249999999999996,0.11249999999999716,-1.0625,-0.3875000000000002,0.4749999999999943,0.05,-0.7875000000000001,-0.3500000000000001,-0.30000000000000004,-0.9375,0.5
-50889.225000000006,174275.76249999995,-2741.524999999994,152382.825,3412.875,-929.25,162968.9125,4074.0,147994.9125,40410.837499999994,-1.6,0.7375,1.1124999999999972,-1.0625,0.6124999999999998,0.4749999999999943,0.05,0.2124999999999999,-0.3500000000000001,-0.30000000000000004,0.0625,-1.5
-50905.225000000006,175490.76249999995,-2635.524999999994,151924.825,3359.875,-919.25,163855.9125,3993.0,147673.9125,40496.837499999994,-0.6000000000000001,-0.26249999999999996,0.11249999999999716,-1.0625,0.6124999999999998,-0.5250000000000057,0.05,0.2124999999999999,0.6499999999999999,-0.30000000000000004,0.0625,0.5
-50677.225000000006,175924.76249999995,-2699.524999999994,150606.825,3839.875,-1054.25,164270.9125,3992.0,147875.9125,41335.837499999994,0.3999999999999999,0.7375,0.11249999999999716,-0.0625,-0.3875000000000002,0.4749999999999943,0.05,0.2124999999999999,-0.3500000000000001,-0.30000000000000004,0.0625,-0.5
-50379.225000000006,175990.76249999995,-2703.524999999994,149958.825,5247.875,-888.25,164733.9125,3980.0,148191.9125,42989.837499999994,0.3999999999999999,-0.26249999999999996,0.11249999999999716,-0.0625,0.6124999999999998,-0.5250000000000057,0.05,0.2124999999999999,-0.3500000000000001,-0.30000000000000004,0.0625,0.5
-50164.225000000006,176572.76249999995,-2671.524999999994,149057.825,5474.875,-889.25,165174.9125,4045.0,147428.9125,43553.837499999994,0.3999999999999999,-0.26249999999999996,0.11249999999999716,-0.0625,-0.3875000000000002,-0.5250000000000057,0.05,0.2124999999999999,-0.3500000000000001,0.7,0.0625,0.5
-50238.225000000006,177414.76249999995,-2681.524999999994,148753.825,5932.875,-871.25,165376.9125,4165.0,147359.9125,43978.837499999994,0.3999999999999999,-0.26249999999999996,1.1124999999999972,-0.0625,0.6124999999999998,0.4749999999999943,0.05,0.2124999999999999,0.6499999999999999,-0.30000000000000004,-0.9375,-0.5
-49982.225000000006,177538.76249999995,-2726.524999999994,149356.825,6317.875,-987.25,165256.9125,3858.0,147503.9125,44493.837499999994,0.3999999999999999,-0.26249999999999996,1.1124999999999972,-0.0625,-0.3875000000000002,-0.5250000000000057,0.05,0.2124999999999999,0.6499999999999999,1.7,0.0625,0.5
-48569.225000000006,176676.76249999995,-2765.524999999994,149907.825,7027.875,-708.25,164973.9125,3934.0,147525.9125,45034.837499999994,0.3999999999999999,-0.26249999999999996,0.11249999999999716,0.9375,-0.3875000000000002,0.4749999999999943,0.05,0.2124999999999999,0.6499999999999999,-0.30000000000000004,0.0625,-0.5
-48520.225000000006,176644.76249999995,-2739.524999999994,149181.825,7096.875,-550.25,166071.9125,4076.0,147453.9125,45558.837499999994,1.4,-0.26249999999999996,0.11249999999999716,0.9375,1.6124999999999998,-0.5250000000000057,0.05,0.2124999999999999,-0.3500000000000001,0.7,0.0625,0.5
-48325.225000000006,176887.76249999995,-2568.524999999994,150124.825,7572.875,-655.25,166159.9125,4021.0,147138.9125,45646.837499999994,0.3999999999999999,0.7375,-0.8875000000000028,0.9375,-0.3875000000000002,0.4749999999999943,0.05,0.2124999999999999,-0.3500000000000001,0.7,0.0625,0.5
-48242.225000000006,177078.76249999995,-2442.524999999994,151054.825,8235.875,-333.25,166043.9125,3952.0,146807.9125,45831.837499999994,0.3999999999999999,0.7375,0.11249999999999716,0.9375,-0.3875000000000002,0.4749999999999943,0.05,0.2124999999999999,-0.3500000000000001,0.7,0.0625,0.5
-47908.225000000006,176808.76249999995,-2703.524999999994,151175.825,8223.875,-276.25,165876.9125,3840.0,146093.9125,45696.837499999994,1.4,0.7375,0.11249999999999716,0.9375,-0.3875000000000002,0.4749999999999943,0.05,0.2124999999999999,-0.3500000000000001,0.7,0.0625,0.5
-47321.225000000006,175366.76249999995,-2769.524999999994,150579.825,7737.875,-335.25,165574.9125,3823.0,145383.9125,45651.837499999994,1.4,-0.26249999999999996,0.11249999999999716,-0.0625,-1.3875000000000002,0.4749999999999943,0.05,-0.7875000000000001,0.6499999999999999,0.7,0.0625,0.5
-47068.225000000006,175242.76249999995,-2675.524999999994,150031.825,7564.875,-199.25,165716.9125,3989.0,145265.9125,45602.837499999994,0.3999999999999999,0.7375,0.11249999999999716,-0.0625,-0.3875000000000002,-0.5250000000000057,0.05,0.2124999999999999,0.6499999999999999,0.7,-0.9375,-0.5
-47015.225000000006,175409.76249999995,-2713.524999999994,150489.825,8457.875,-183.25,166182.9125,4061.0,146042.9125,45852.837499999994,-0.6000000000000001,-0.26249999999999996,0.11249999999999716,-0.0625,-0.3875000000000002,-0.5250000000000057,0.05,0.2124999999999999,0.6499999999999999,-0.30000000000000004,0.0625,0.5
-47045.225000000006,175748.76249999995,-2765.524999999994,151120.825,8450.875,-362.25,166521.9125,4066.0,145833.9125,45655.837499999994,0.3999999999999999,-0.26249999999999996,-0.8875000000000028,-0.0625,-0.3875000000000002,0.4749999999999943,0.05,0.2124999999999999,-0.3500000000000001,-0.30000000000000004,0.0625,0.5
-47156.225000000006,175799.76249999995,-2714.524999999994,150775.825,8102.875,-440.25,166783.9125,4021.0,145477.9125,45427.837499999994,-0.6000000000000001,-0.26249999999999996,0.11249999999999716,-1.0625,-0.3875000000000002,0.4749999999999943,0.05,0.2124999999999999,-0.3500000000000001,-0.30000000000000004,0.0625,-0.5
-46925.225000000006,175442.76249999995,-2764.524999999994,150630.825,7933.875,-591.25,166501.9125,3973.0,145492.9125,45473.837499999994,-0.6000000000000001,-0.26249999999999996,0.11249999999999716,-1.0625,-0.3875000000000002,-0.5250000000000057,0.05,0.2124999999999999,0.6499999999999999,0.7,0.0625,-0.5
-47007.225000000006,175051.76249999995,-2810.524999999994,150727.825,7954.875,-638.25,166206.9125,3947.0,145869.9125,45392.837499999994,0.3999999999999999,-0.26249999999999996,0.11249999999999716,-1.0625,-0.3875000000000002,0.4749999999999943,0.05,0.2124999999999999,-0.3500000000000001,-0.30000000000000004,0.0625,-0.5
-47137.225000000006,175272.76249999995,-2720.524999999994,150687.825,7854.875,-804.25,166280.9125,4009.0,145870.9125,45197.837499999994,-0.6000000000000001,0.7375,0.11249999999999716,-0.0625,-0.3875000000000002,-0.5250000000000057,0.05,0.2124999999999999,0.6499999999999999,-0.30000000000000004,0.0625,-0.5
-47356.225000000006,175875.76249999995,-2645.524999999994,150558.825,7664.875,-1029.25,166272.9125,4052.0,145746.9125,45038.837499999994,-0.6000000000000001,0.7375,0.11249999999999716,-0.0625,-0.3875000000000002,0.4749999999999943,0.05,0.2124999999999999,-0.3500000000000001,-1.3,-0.9375,-1.5
-47545.225000000006,176266.76249999995,-2509.524999999994,150724.825,7510.875,-1110.25,166259.9125,3946.0,145789.9125,45058.837499999994,-0.6000000000000001,-0.26249999999999996,0.11249999999999716,-1.0625,-0.3875000000000002,0.4749999999999943,0.05,-0.7875000000000001,-0.3500000000000001,-1.3,0.0625,1.5
-47460.225000000006,175641.76249999995,-2294.524999999994,150629.825,7209.875,-1113.25,166055.9125,3839.0,145639.9125,44957.837499999994,-0.6000000000000001,0.7375,0.11249999999999716,-0.0625,0.6124999999999998,0.4749999999999943,0.05,0.2124999999999999,-0.3500000000000001,0.7,-0.9375,-4.5
-47594.225000000006,175765.76249999995,-2586.524999999994,150528.825,7247.875,-782.25,165650.9125,3953.0,145597.9125,44863.837499999994,-0.6000000000000001,-1.2625,2.112499999999997,-0.0625,2.6125,-1.5250000000000057,0.05,-0.7875000000000001,-0.3500000000000001,-0.30000000000000004,1.0625,-3.5
-47563.225000000006,175854.76249999995,-2735.524999999994,150592.825,7258.875,-677.25,165904.9125,3927.0,145454.9125,45030.837499999994,-0.6000000000000001,1.7375,3.112499999999997,-0.0625,0.6124999999999998,-2.5250000000000057,0.05,0.2124999999999999,-0.3500000000000001,3.7,1.0625,1.5
-47646.225000000006,175742.76249999995,-2623.524999999994,150027.825,6955.875,-335.25,165988.9125,3949.0,145722.9125,45354.837499999994,0.3999999999999999,-0.26249999999999996,-0.8875000000000028,0.9375,-1.3875000000000002,-1.5250000000000057,0.05,1.2125,-0.3500000000000001,1.7,-0.9375,-0.5
-47668.225000000006,175946.76249999995,-2743.524999999994,150294.825,6872.875,-425.25,165732.9125,3983.0,145830.9125,45150.837499999994,0.3999999999999999,0.7375,1.1124999999999972,-1.0625,-1.3875000000000002,0.4749999999999943,0.05,-0.7875000000000001,0.6499999999999999,1.7,0.0625,0.5
-47768.225000000006,176119.76249999995,-2755.524999999994,149895.825,6812.875,-241.25,165613.9125,3856.0,146026.9125,45243.837499999994,0.3999999999999999,-1.2625,1.1124999999999972,2.9375,-1.3875000000000002,-0.5250000000000057,0.05,0.2124999999999999,-0.3500000000000001,0.7,0.0625,-1.5
-48040.225000000006,176037.76249999995,-2715.524999999994,149471.825,6446.875,-349.25,165562.9125,3856.0,146121.9125,45452.837499999994,0.3999999999999999,-1.2625,-0.8875000000000028,-1.0625,-0.3875000000000002,1.4749999999999943,0.05,0.2124999999999999,-0.3500000000000001,0.7,-0.9375,-1.5
-48217.225000000006,176062.76249999995,-2779.524999999994,149457.825,6291.875,-429.25,165424.9125,3864.0,146988.9125,45445.837499999994,0.3999999999999999,-1.2625,-1.8875000000000028,-0.0625,0.6124999999999998,-0.5250000000000057,0.05,0.2124999999999999,-0.3500000000000001,1.7,0.0625,0.5
-48960.225000000006,177193.76249999995,-2659.524999999994,149456.825,6170.875,-501.25,165046.9125,3791.0,146907.9125,45004.837499999994,0.3999999999999999,-0.26249999999999996,-1.8875000000000028,1.9375,-0.3875000000000002,-0.5250000000000057,0.05,0.2124999999999999,-0.3500000000000001,-0.30000000000000004,0.0625,-0.5
-48932.225000000006,176989.76249999995,-2703.524999999994,148999.825,5629.875,-748.25,164924.9125,3819.0,147323.9125,44730.837499999994,0.3999999999999999,-0.26249999999999996,-1.8875000000000028,-0.0625,0.6124999999999998,1.4749999999999943,0.05,0.2124999999999999,0.6499999999999999,-0.30000000000000004,0.0625,1.5
-49078.225000000006,176991.76249999995,-2685.524999999994,148598.825,5508.875,-680.25,164661.9125,3951.0,147719.9125,44713.837499999994,-0.6000000000000001,-0.26249999999999996,0.11249999999999716,1.9375,0.6124999999999998,-0.5250000000000057,0.05,1.2125,0.6499999999999999,-0.30000000000000004,1.0625,3.5
-49301.225000000006,177166.76249999995,-2743.524999999994,148238.825,5458.875,-689.25,164386.9125,3867.0,147951.9125,44764.837499999994,0.3999999999999999,-0.26249999999999996,0.11249999999999716,-0.0625,-0.3875000000000002,0.4749999999999943,0.05,0.2124999999999999,-0.3500000000000001,-0.30000000000000004,1.0625,0.5
-49853.225000000006,177616.76249999995,-2663.524999999994,148095.825,5242.875,-781.25,164428.9125,3793.0,148496.9125,44724.837499999994,0.3999999999999999,-0.26249999999999996,-0.8875000000000028,0.9375,-0.3875000000000002,0.4749999999999943,0.05,0.2124999999999999,-0.3500000000000001,-0.30000000000000004,0.0625,-0.5
-50266.225000000006,178032.76249999995,-2691.524999999994,148193.825,5146.875,-913.25,164438.9125,3863.0,148834.9125,44567.837499999994,0.3999999999999999,-1.2625,0.11249999999999716,-1.0625,-1.3875000000000002,1.4749999999999943,0.05,-0.7875000000000001,-0.3500000000000001,-0.30000000000000004,0.0625,1.5
-50492.225000000006,178140.76249999995,-2763.524999999994,148163.825,4813.875,-942.25,164216.9125,3885.0,148791.9125,44483.837499999994,-0.6000000000000001,-0.26249999999999996,2.112499999999997,0.9375,-0.3875000000000002,-1.5250000000000057,0.05,0.2124999999999999,-0.3500000000000001,-0.30000000000000004,0.0625,0.5
-50415.225000000006,178069.76249999995,-2794.524999999994,148085.825,4793.875,-1015.25,163865.9125,3877.0,148563.9125,44289.837499999994,0.3999999999999999,0.7375,-0.8875000000000028,-0.0625,0.6124999999999998,-0.5250000000000057,-0.95,0.2124999999999999,-0.3500000000000001,-0.30000000000000004,-0.9375,-0.5
-50303.225000000006,177872.76249999995,-2717.524999999994,148139.825,4554.875,-1014.25,163301.9125,3840.0,148432.9125,44089.837499999994,0.3999999999999999,-0.26249999999999996,0.11249999999999716,-0.0625,-0.3875000000000002,0.4749999999999943,0.05,-0.7875000000000001,-0.3500000000000001,-0.30000000000000004,0.0625,-0.5
-50445.225000000006,177680.76249999995,-2672.524999999994,148361.825,4530.875,-1055.25,162909.9125,3757.0,147717.9125,43625.837499999994,-0.6000000000000001,-0.26249999999999996,1.1124999999999972,-1.0625,0.6124999999999998,0.4749999999999943,0.05,0.2124999999999999,-0.3500000000000001,-3.3,1.0625,-1.5
-50541.225000000006,178106.76249999995,-2589.524999999994,148535.825,4486.875,-1185.25,162987.9125,3917.0,147799.9125,43458.837499999994,1.4,2.7375,1.1124999999999972,-4.0625,-7.3875,-4.525000000000006,0.05,0.2124999999999999,0.6499999999999999,-3.3,2.0625,-3.5
-50553.225000000006,178199.76249999995,-2397.524999999994,148788.825,4371.875,-1176.25,162999.9125,3638.0,148062.9125,43831.837499999994,0.3999999999999999,3.7375,11.112499999999997,1.9375,-4.3875,15.474999999999994,-0.95,0.2124999999999999,-0.3500000000000001,1.7,7.0625,-8.5
-50711.225000000006,178514.76249999995,-2354.524999999994,149053.825,4968.875,-1142.25,163236.9125,3602.0,148372.9125,44449.837499999994,1.4,3.7375,-0.8875000000000028,-1.0625,5.6125,7.474999999999994,0.05,0.2124999999999999,-0.3500000000000001,-1.3,1.0625,-1.5
-50524.225000000006,178656.76249999995,-2318.524999999994,148888.825,5225.875,-1028.25,163222.9125,3995.0,148426.9125,44322.837499999994,0.3999999999999999,6.7375,-4.887500000000003,-1.0625,6.6125,4.474999999999994,0.05,0.2124999999999999,1.65,-0.30000000000000004,4.0625,4.5
-50228.225000000006,178432.76249999995,-2295.524999999994,148483.825,5044.875,-935.25,163434.9125,4142.0,148036.9125,44249.837499999994,2.4,1.7375,5.112499999999997,2.9375,8.6125,3.4749999999999943,0.05,0.2124999999999999,0.6499999999999999,0.7,-0.9375,3.5
-49950.225000000006,177926.76249999995,-2390.524999999994,148361.825,5326.875,-1003.25,163165.9125,3644.0,147693.9125,44606.837499999994,2.4,0.7375,7.112499999999997,-0.0625,-0.3875000000000002,-0.5250000000000057,0.05,0.2124999999999999,0.6499999999999999,-0.30000000000000004,-1.9375,-1.5
-49456.225000000006,177366.76249999995,-2485.524999999994,148529.825,5599.875,-909.25,163828.9125,3913.0,148307.9125,44897.837499999994,1.4,-1.2625,4.112499999999997,-0.0625,-4.3875,1.4749999999999943,0.05,0.2124999999999999,-0.3500000000000001,0.7,-2.9375,-2.5
-49134.225000000006,177208.76249999995,-2589.524999999994,148163.825,5622.875,-343.25,164545.9125,3910.0,148306.9125,45030.837499999994,0.3999999999999999,-2.2625,-0.8875000000000028,0.9375,0.6124999999999998,-2.5250000000000057,0.05,-0.7875000000000001,-0.3500000000000001,-0.30000000000000004,-0.9375,-2.5
-48830.225000000006,177378.76249999995,-2620.524999999994,147917.825,5964.875,-271.25,164800.9125,3952.0,147801.9125,44822.837499999994,0.3999999999999999,0.7375,1.1124999999999972,-1.0625,-1.3875000000000002,-3.5250000000000057,0.05,0.2124999999999999,-0.3500000000000001,-0.30000000000000004,0.0625,-2.5
-48763.225000000006,177323.76249999995,-2638.524999999994,148551.825,6426.875,-315.25,164837.9125,3838.0,147564.9125,45084.837499999994,1.4,-0.26249999999999996,-1.8875000000000028,0.9375,-3.3875,-0.5250000000000057,0.05,0.2124999999999999,-0.3500000000000001,0.7,-1.9375,-1.5
-48267.225000000006,176567.76249999995,-2618.524999999994,149187.825,6470.875,57.75,164529.9125,3894.0,147424.9125,45298.837499999994,1.4,0.7375,0.11249999999999716,-1.0625,-0.3875000000000002,-2.5250000000000057,0.05,0.2124999999999999,-1.35,-0.30000000000000004,-0.9375,0.5
-48311.225000000006,176336.76249999995,-2520.524999999994,148910.825,6346.875,-35.25,164387.9125,3915.0,147146.9125,45036.837499999994,0.3999999999999999,0.7375,-1.8875000000000028,-0.0625,-1.3875000000000002,-2.5250000000000057,0.05,0.2124999999999999,0.6499999999999999,0.7,-0.9375,2.5
-48436.225000000006,176467.76249999995,-2439.524999999994,148549.825,6370.875,-94.25,164777.9125,3841.0,147353.9125,45485.837499999994,1.4,-0.26249999999999996,1.1124999999999972,-0.0625,0.6124999999999998,-1.5250000000000057,0.05,0.2124999999999999,0.6499999999999999,0.7,0.0625,1.5
-48474.225000000006,177342.76249999995,-2539.524999999994,149936.825,6611.875,-249.25,165232.9125,3970.0,147697.9125,45433.837499999994,0.3999999999999999,-0.26249999999999996,-0.8875000000000028,0.9375,0.6124999999999998,-0.5250000000000057,0.05,0.2124999999999999,-0.3500000000000001,-0.30000000000000004,1.0625,0.5
-48534.225000000006,177150.76249999995,-2340.524999999994,149416.825,6291.875,-340.25,164819.9125,3974.0,147106.9125,45202.837499999994,0.3999999999999999,0.7375,0.11249999999999716,-0.0625,-0.3875000000000002,-0.5250000000000057,0.05,0.2124999999999999,-0.3500000000000001,-0.30000000000000004,1.0625,0.5
-48572.225000000006,176983.76249999995,-2381.524999999994,149402.825,6377.875,-177.25,164334.9125,3928.0,147348.9125,45234.837499999994,0.3999999999999999,-0.26249999999999996,1.1124999999999972,-0.0625,-1.3875000000000002,0.4749999999999943,0.05,0.2124999999999999,-0.3500000000000001,0.7,0.0625,1.5
-48500.225000000006,176800.76249999995,-2382.524999999994,149532.825,6379.875,-180.25,164113.9125,3860.0,147440.9125,45228.837499999994,0.3999999999999999,-0.26249999999999996,1.1124999999999972,-0.0625,-0.3875000000000002,1.4749999999999943,0.05,0.2124999999999999,-0.3500000000000001,0.7,0.0625,-0.5
-48900.225000000006,176912.76249999995,-2473.524999999994,149008.825,6097.875,-259.25,164321.9125,3977.0,147483.9125,44985.837499999994,-0.6000000000000001,-0.26249999999999996,0.11249999999999716,0.9375,-0.3875000000000002,0.4749999999999943,0.05,0.2124999999999999,-0.3500000000000001,0.7,0.0625,-0.5
-49194.225000000006,177256.76249999995,-2501.524999999994,148785.825,6085.875,-336.25,164367.9125,3921.0,147922.9125,45162.837499999994,0.3999999999999999,0.7375,-0.8875000000000028,0.9375,-0.3875000000000002,-0.5250000000000057,0.05,0.2124999999999999,0.6499999999999999,-0.30000000000000004,0.0625,0.5
-49400.225000000006,177740.76249999995,-2493.524999999994,149173.825,5961.875,-400.25,164191.9125,3978.0,148469.9125,45031.837499999994,-0.6000000000000001,-0.26249999999999996,0.11249999999999716,-0.0625,0.6124999999999998,0.4749999999999943,0.05,0.2124999999999999,-0.3500000000000001,-0.30000000000000004,0.0625,0.5
-49551.225000000006,177651.76249999995,-2429.524999999994,148649.825,5643.875,-633.25,164035.9125,4014.0,148646.9125,45040.837499999994,-0.6000000000000001,-1.2625,1.1124999999999972,-0.0625,-0.3875000000000002,0.4749999999999943,0.05,0.2124999999999999,-0.3500000000000001,-0.30000000000000004,0.0625,0.5
-49534.225000000006,177585.76249999995,-2446.524999999994,148348.825,5534.875,-876.25,163954.9125,4005.0,148858.9125,44804.837499999994,0.3999999999999999,-0.26249999999999996,-0.8875000000000028,-0.0625,-0.3875000000000002,1.4749999999999943,0.05,0.2124999999999999,0.6499999999999999,-0.30000000000000004,2.0625,-0.5
-49720.225000000006,177780.76249999995,-2402.524999999994,148582.825,5552.875,-861.25,164011.9125,4045.0,149079.9125,44790.837499999994,-0.6000000000000001,0.7375,0.11249999999999716,-0.0625,0.6124999999999998,-0.5250000000000057,0.05,-0.7875000000000001,-0.3500000000000001,-0.30000000000000004,0.0625,0.5
-49881.225000000006,178175.76249999995,-2372.524999999994,148662.825,5543.875,-814.25,164371.9125,4012.0,149200.9125,44969.837499999994,-0.6000000000000001,0.7375,0.11249999999999716,-0.0625,-0.3875000000000002,-1.5250000000000057,0.05,-0.7875000000000001,-0.3500000000000001,0.7,0.0625,-0.5
-49918.225000000006,178541.76249999995,-2351.524999999994,148610.825,5604.875,-973.25,164439.9125,4016.0,149194.9125,44840.837499999994,0.3999999999999999,0.7375,-0.8875000000000028,-0.0625,-0.3875000000000002,-0.5250000000000057,0.05,0.2124999999999999,0.6499999999999999,-1.3,0.0625,-0.5
-49834.225000000006,178352.76249999995,-2157.524999999994,148694.825,5468.875,-1124.25,164364.9125,3909.0,149227.9125,44815.837499999994,-0.6000000000000001,-0.26249999999999996,1.1124999999999972,-0.0625,-0.3875000000000002,0.4749999999999943,0.05,0.2124999999999999,0.6499999999999999,-0.30000000000000004,0.0625,0.5
-49656.225000000006,178006.76249999995,-2288.524999999994,148323.825,5512.875,-924.25,164206.9125,4097.0,149067.9125,44678.837499999994,0.3999999999999999,-0.26249999999999996,0.11249999999999716,-0.0625,-0.3875000000000002,0.4749999999999943,0.05,0.2124999999999999,-0.3500000000000001,0.7,-0.9375,0.5
-49446.225000000006,177609.76249999995,-2419.524999999994,148189.825,5510.875,-596.25,164082.9125,3901.0,148952.9125,44801.837499999994,0.3999999999999999,-0.26249999999999996,0.11249999999999716,-1.0625,-1.3875000000000002,0.4749999999999943,0.05,0.2124999999999999,0.6499999999999999,0.7,0.0625,0.5
-49429.225000000006,177488.76249999995,-2527.524999999994,148483.825,5633.875,-523.25,164422.9125,4000.0,149056.9125,45094.837499999994,0.3999999999999999,-0.26249999999999996,0.11249999999999716,0.9375,-0.3875000000000002,-0.5250000000000057,0.05,0.2124999999999999,0.6499999999999999,-0.30000000000000004,0.0625,0.5
-49428.225000000006,177739.76249999995,-2584.524999999994,148871.825,5901.875,-392.25,164685.9125,3941.0,149023.9125,45282.837499999994,0.3999999999999999,-0.26249999999999996,0.11249999999999716,-0.0625,-0.3875000000000002,0.4749999999999943,0.05,0.2124999999999999,-0.3500000000000001,-0.30000000000000004,0.0625,0.5
-49328.225000000006,177766.76249999995,-2516.524999999994,148943.825,6048.875,-334.25,164805.9125,3788.0,148679.9125,45295.837499999994,0.3999999999999999,-0.26249999999999996,0.11249999999999716,0.9375,0.6124999999999998,-0.5250000000000057,0.05,0.2124999999999999,-0.3500000000000001,0.7,0.0625,0.5
-49202.225000000006,177527.76249999995,-2400.524999999994,148922.825,5920.875,-187.25,164624.9125,3914.0,148385.9125,45359.837499999994,0.3999999999999999,-0.26249999999999996,0.11249999999999716,0.9375,0.6124999999999998,-1.5250000000000057,0.05,0.2124999999999999,0.6499999999999999,0.7,0.0625,0.5
-49141.225000000006,177390.76249999995,-2483.524999999994,148910.825,6089.875,-44.25,164224.9125,3910.0,148227.9125,45387.837499999994,0.3999999999999999,-0.26249999999999996,0.11249999999999716,-0.0625,-0.3875000000000002,-0.5250000000000057,0.05,0.2124999999999999,-0.3500000000000001,0.7,0.0625,0.5
-49302.225000000006,177393.76249999995,-2520.524999999994,148925.825,6051.875,-8.25,163960.9125,4027.0,148149.9125,45139.837499999994,0.3999999999999999,-0.26249999999999996,-0.8875000000000028,0.9375,0.6124999999999998,0.4749999999999943,0.05,-0.7875000000000001,0.6499999999999999,0.7,0.0625,0.5
-49386.225000000006,177756.76249999995,-2388.524999999994,148946.825,5909.875,-98.25,163885.9125,3935.0,148081.9125,45019.837499999994,0.3999999999999999,-0.26249999999999996,-0.8875000000000028,0.9375,0.6124999999999998,-0.5250000000000057,0.05,0.2124999999999999,0.6499999999999999,-0.30000000000000004,0.0625,0.5
-49637.225000000006,178224.76249999995,-2252.524999999994,149157.825,5972.875,-179.25,164119.9125,3737.0,148288.9125,45065.837499999994,0.3999999999999999,0.7375,1.1124999999999972,0.9375,-0.3875000000000002,-1.5250000000000057,0.05,0.2124999999999999,-0.3500000000000001,-0.30000000000000004,0.0625,-0.5
-49796.225000000006,178421.76249999995,-2333.524999999994,149028.825,5827.875,-320.25,163775.9125,3713.0,148501.9125,45039.837499999994,0.3999999999999999,0.7375,0.11249999999999716,-0.0625,-0.3875000000000002,0.4749999999999943,0.05,-0.7875000000000001,-0.3500000000000001,-0.30000000000000004,0.0625,-0.5
-49752.225000000006,178270.76249999995,-2346.524999999994,148487.825,5580.875,-375.25,163648.9125,3901.0,148649.9125,44889.837499999994,0.3999999999999999,-0.26249999999999996,0.11249999999999716,-0.0625,0.6124999999999998,0.4749999999999943,0.05,0.2124999999999999,-0.3500000000000001,0.7,-0.9375,1.5
-49826.225000000006,177931.76249999995,-2342.524999999994,148043.825,5179.875,-341.25,163453.9125,3856.0,148786.9125,44898.837499999994,-0.6000000000000001,0.7375,0.11249999999999716,0.9375,-0.3875000000000002,0.4749999999999943,0.05,-0.7875000000000001,-0.3500000000000001,-0.30000000000000004,0.0625,-0.5
-50004.225000000006,178551.76249999995,-2619.524999999994,147910.825,5161.875,-446.25,163462.9125,3856.0,149295.9125,44907.837499999994,0.3999999999999999,-0.26249999999999996,0.11249999999999716,-0.0625,-0.3875000000000002,0.4749999999999943,0.05,0.2124999999999999,0.6499999999999999,-0.30000000000000004,0.0625,0.5
-50241.225000000006,178620.76249999995,-2551.524999999994,147678.825,5016.875,-756.25,163640.9125,3781.0,149415.9125,44654.837499999994,-0.6000000000000001,-0.26249999999999996,1.1124999999999972,-0.0625,-0.3875000000000002,0.4749999999999943,0.05,0.2124999999999999,0.6499999999999999,-0.30000000000000004,0.0625,-0.5
-50358.225000000006,178524.76249999995,-2489.524999999994,147463.825,4976.875,-668.25,163671.9125,3831.0,149590.9125,44643.837499999994,-0.6000000000000001,0.7375,-0.8875000000000028,-1.0625,0.6124999999999998,0.4749999999999943,0.05,0.2124999999999999,0.6499999999999999,-0.30000000000000004,0.0625,0.5
-50248.225000000006,178263.76249999995,-2420.524999999994,147436.825,4864.875,-694.25,163475.9125,3916.0,149380.9125,44568.837499999994,0.3999999999999999,0.7375,1.1124999999999972,-0.0625,-0.3875000000000002,-0.5250000000000057,0.05,0.2124999999999999,-0.3500000000000001,-0.30000000000000004,0.0625,-0.5
-50217.225000000006,178243.76249999995,-2393.524999999994,147483.825,4839.875,-874.25,163120.9125,3838.0,149273.9125,44274.837499999994,-0.6000000000000001,-0.26249999999999996,0.11249999999999716,-0.0625,-0.3875000000000002,-0.5250000000000057,0.05,0.2124999999999999,-0.3500000000000001,-0.30000000000000004,0.0625,-0.5
-50191.225000000006,178510.76249999995,-2444.524999999994,147610.825,4881.875,-922.25,163130.9125,3860.0,149257.9125,44273.837499999994,-0.6000000000000001,0.7375,0.11249999999999716,-0.0625,-0.3875000000000002,-0.5250000000000057,0.05,0.2124999999999999,0.6499999999999999,-0.30000000000000004,0.0625,-0.5
-50290.225000000006,178751.76249999995,-2425.524999999994,147803.825,5021.875,-789.25,163279.9125,3915.0,149222.9125,44372.837499999994,-0.6000000000000001,-0.26249999999999996,0.11249999999999716,-0.0625,0.6124999999999998,-0.5250000000000057,0.05,0.2124999999999999,-0.3500000000000001,-0.30000000000000004,0.0625,0.5
-50165.225000000006,178748.76249999995,-2350.524999999994,147849.825,5141.875,-776.25,163477.9125,3850.0,149114.9125,44340.837499999994,-0.6000000000000001,-0.26249999999999996,0.11249999999999716,-0.0625,-0.3875000000000002,0.4749999999999943,-0.95,0.2124999999999999,-0.3500000000000001,-0.30000000000000004,0.0625,0.5
-50075.225000000006,178829.76249999995,-2300.524999999994,147929.825,5274.875,-718.25,163363.9125,3919.0,148734.9125,44465.837499999994,-0.6000000000000001,-0.26249999999999996,0.11249999999999716,-1.0625,-0.3875000000000002,-0.5250000000000057,-0.95,0.2124999999999999,-0.3500000000000001,-0.30000000000000004,0.0625,0.5
-49905.225000000006,178503.76249999995,-2257.524999999994,148077.825,5256.875,-666.25,163322.9125,3995.0,148701.9125,44573.837499999994,0.3999999999999999,-0.26249999999999996,0.11249999999999716,-0.0625,0.6124999999999998,-0.5250000000000057,0.05,0.2124999999999999,-0.3500000000000001,-0.30000000000000004,0.0625,-0.5
-49917.225000000006,178140.76249999995,-2342.524999999994,148339.825,5520.875,-479.25,163345.9125,4009.0,148712.9125,44707.837499999994,-0.6000000000000001,0.7375,1.1124999999999972,-0.0625,-0.3875000000000002,0.4749999999999943,0.05,0.2124999999999999,-0.3500000000000001,-0.30000000000000004,0.0625,0.5
-49616.225000000006,177983.76249999995,-2433.524999999994,148401.825,5772.875,-425.25,163946.9125,3970.0,148757.9125,44880.837499999994,0.3999999999999999,-0.26249999999999996,0.11249999999999716,-0.0625,-0.3875000000000002,-0.5250000000000057,0.05,0.2124999999999999,-0.3500000000000001,-0.30000000000000004,0.0625,-0.5
-49472.225000000006,177915.76249999995,-2420.524999999994,148443.825,5938.875,-391.25,164365.9125,4105.0,148599.9125,44954.837499999994,0.3999999999999999,0.7375,0.11249999999999716,0.9375,-0.3875000000000002,-0.5250000000000057,0.05,0.2124999999999999,-0.3500000000000001,0.7,0.0625,0.5
-49373.225000000006,177759.76249999995,-2404.524999999994,148643.825,6006.875,-240.25,164422.9125,3964.0,148596.9125,44989.837499999994,0.3999999999999999,-0.26249999999999996,1.1124999999999972,-0.0625,-0.3875000000000002,-0.5250000000000057,0.05,0.2124999999999999,-0.3500000000000001,-0.30000000000000004,0.0625,0.5
-49227.225000000006,177514.76249999995,-2516.524999999994,148401.825,5966.875,-283.25,164430.9125,3805.0,148301.9125,44971.837499999994,0.3999999999999999,-0.26249999999999996,0.11249999999999716,-0.0625,0.6124999999999998,0.4749999999999943,0.05,-0.7875000000000001,-0.3500000000000001,0.7,0.0625,0.5
-49155.225000000006,177447.76249999995,-2604.524999999994,148458.825,6043.875,-164.25,164420.9125,3802.0,148330.9125,44946.837499999994,0.3999999999999999,-0.26249999999999996,1.1124999999999972,-0.0625,-0.3875000000000002,0.4749999999999943,0.05,0.2124999999999999,-0.3500000000000001,0.7,0.0625,-0.5
-49410.225000000006,177593.76249999995,-2463.524999999994,148707.825,6165.875,-69.25,164424.9125,3790.0,148518.9125,45026.837499999994,-0.6000000000000001,0.7375,0.11249999999999716,-0.0625,-0.3875000000000002,0.4749999999999943,0.05,-0.7875000000000001,-0.3500000000000001,0.7,0.0625,0.5
-49404.225000000006,177838.76249999995,-2495.524999999994,148766.825,6151.875,-145.25,164573.9125,3757.0,148584.9125,45160.837499999994,-0.6000000000000001,-0.26249999999999996,1.1124999999999972,-0.0625,0.6124999999999998,0.4749999999999943,0.05,0.2124999999999999,-0.3500000000000001,-0.30000000000000004,0.0625,-0.5
-49503.225000000006,178119.76249999995,-2453.524999999994,148741.825,6036.875,-26.25,164614.9125,3840.0,148585.9125,44998.837499999994,0.3999999999999999,-0.26249999999999996,0.11249999999999716,-0.0625,-0.3875000000000002,-0.5250000000000057,0.05,0.2124999999999999,-1.35,-0.30000000000000004,0.0625,-0.5
-49718.225000000006,178210.76249999995,-2417.524999999994,148639.825,5738.875,-221.25,163886.9125,4043.0,148713.9125,45002.837499999994,0.3999999999999999,-0.26249999999999996,0.11249999999999716,-0.0625,-0.3875000000000002,0.4749999999999943,0.05,0.2124999999999999,-0.3500000000000001,-0.30000000000000004,-0.9375,-0.5
-49914.225000000006,178499.76249999995,-2358.524999999994,148514.825,5748.875,-356.25,163793.9125,3958.0,148891.9125,45051.837499999994,0.3999999999999999,-0.26249999999999996,0.11249999999999716,-0.0625,-0.3875000000000002,-0.5250000000000057,0.05,0.2124999999999999,-0.3500000000000001,-0.30000000000000004,0.0625,-0.5
-49988.225000000006,178792.76249999995,-2333.524999999994,148295.825,5407.875,-464.25,163877.9125,3962.0,149068.9125,44798.837499999994,-0.6000000000000001,0.7375,0.11249999999999716,-0.0625,-0.3875000000000002,0.4749999999999943,0.05,0.2124999999999999,0.6499999999999999,-0.30000000000000004,0.0625,0.5
-50211.225000000006,178909.76249999995,-2341.524999999994,148291.825,5128.875,-404.25,163767.9125,4004.0,148922.9125,44684.837499999994,0.3999999999999999,0.7375,1.1124999999999972,-0.0625,-0.3875000000000002,0.4749999999999943,0.05,0.2124999999999999,-0.3500000000000001,-0.30000000000000004,-0.9375,0.5
-50514.225000000006,178865.76249999995,-2353.524999999994,148221.825,5070.875,-466.25,163486.9125,4038.0,148936.9125,44381.837499999994,-0.6000000000000001,0.7375,-0.8875000000000028,-0.0625,-0.3875000000000002,0.4749999999999943,0.05,0.2124999999999999,-0.3500000000000001,-0.30000000000000004,0.0625,-0.5
-50261.225000000006,178674.76249999995,-2239.524999999994,147969.825,5042.875,-576.25,162943.9125,3760.0,148940.9125,44139.837499999994,-0.6000000000000001,-0.26249999999999996,0.11249999999999716,-0.0625,0.6124999999999998,-0.5250000000000057,0.05,0.2124999999999999,-0.3500000000000001,-0.30000000000000004,0.0625,0.5
-50326.225000000006,178601.76249999995,-2249.524999999994,147689.825,4852.875,-651.25,162486.9125,3919.0,149093.9125,44173.837499999994,-0.6000000000000001,0.7375,0.11249999999999716,-0.0625,-0.3875000000000002,-0.5250000000000057,0.05,0.2124999999999999,-0.3500000000000001,-0.30000000000000004,0.0625,-0.5
-50517.225000000006,178848.76249999995,-2215.524999999994,147566.825,4910.875,-689.25,162660.9125,3887.0,149391.9125,44232.837499999994,0.3999999999999999,-0.26249999999999996,0.11249999999999716,-0.0625,-0.3875000000000002,-0.5250000000000057,-0.95,0.2124999999999999,0.6499999999999999,-0.30000000000000004,0.0625,0.5
-50605.225000000006,179260.76249999995,-2349.524999999994,148043.825,5119.875,-732.25,163407.9125,3934.0,149615.9125,44301.837499999994,-0.6000000000000001,0.7375,0.11249999999999716,-0.0625,-0.3875000000000002,0.4749999999999943,0.05,-0.7875000000000001,-0.3500000000000001,-0.30000000000000004,0.0625,0.5
-50688.225000000006,179214.76249999995,-2304.524999999994,148107.825,5187.875,-613.25,163631.9125,3942.0,149817.9125,44424.837499999994,-0.6000000000000001,0.7375,0.11249999999999716,-0.0625,0.6124999999999998,-0.5250000000000057,0.05,0.2124999999999999,-0.3500000000000001,-1.3,0.0625,-0.5
-50508.225000000006,179188.76249999995,-2261.524999999994,148088.825,5105.875,-602.25,163973.9125,3882.0,149825.9125,44459.837499999994,0.3999999999999999,0.7375,1.1124999999999972,-0.0625,-0.3875000000000002,-0.5250000000000057,0.05,0.2124999999999999,-0.3500000000000001,-0.30000000000000004,0.0625,-0.5
-50357.225000000006,178831.76249999995,-2415.524999999994,148000.825,5255.875,-576.25,164099.9125,3853.0,149633.9125,44722.837499999994,0.3999999999999999,-0.26249999999999996,0.11249999999999716,-0.0625,0.6124999999999998,-0.5250000000000057,0.05,0.2124999999999999,-0.3500000000000001,-0.30000000000000004,0.0625,-0.5
-50270.225000000006,178788.76249999995,-2475.524999999994,148029.825,5343.875,-580.25,163950.9125,3937.0,149304.9125,44782.837499999994,-0.6000000000000001,-0.26249999999999996,0.11249999999999716,-0.0625,-0.3875000000000002,-0.5250000000000057,0.05,-0.7875000000000001,-0.3500000000000001,-0.30000000000000004,0.0625,-0.5
-50020.225000000006,178616.76249999995,-2478.524999999994,148083.825,5401.875,-243.25,163991.9125,4020.0,149084.9125,44866.837499999994,0.3999999999999999,-0.26249999999999996,1.1124999999999972,-0.0625,-0.3875000000000002,0.4749999999999943,0.05,0.2124999999999999,-0.3500000000000001,-0.30000000000000004,0.0625,-1.5
-49874.225000000006,178450.76249999995,-2412.524999999994,148155.825,5592.875,-221.25,164141.9125,3731.0,148958.9125,44872.837499999994,0.3999999999999999,-0.26249999999999996,0.11249999999999716,-0.0625,-0.3875000000000002,0.4749999999999943,0.05,0.2124999999999999,-0.3500000000000001,0.7,-0.9375,-0.5
-49693.225000000006,178351.76249999995,-2456.524999999994,148164.825,5655.875,-131.25,164154.9125,3773.0,148800.9125,44916.837499999994,-0.6000000000000001,-1.2625,0.11249999999999716,-0.0625,-0.3875000000000002,0.4749999999999943,0.05,0.2124999999999999,-0.3500000000000001,0.7,-0.9375,0.5
-49587.225000000006,178172.76249999995,-2519.524999999994,148183.825,5737.875,-211.25,163768.9125,3777.0,148695.9125,45124.837499999994,0.3999999999999999,0.7375,0.11249999999999716,-0.0625,-0.3875000000000002,-0.5250000000000057,0.05,0.2124999999999999,0.6499999999999999,0.7,0.0625,0.5
-49602.225000000006,178190.76249999995,-2534.524999999994,148201.825,5735.875,-9.25,163667.9125,3674.0,148586.9125,45217.837499999994,0.3999999999999999,0.7375,1.1124999999999972,0.9375,-0.3875000000000002,0.4749999999999943,0.05,0.2124999999999999,0.6499999999999999,-0.30000000000000004,0.0625,0.5
-49657.225000000006,178048.76249999995,-2483.524999999994,148182.825,5687.875,54.75,163703.9125,3909.0,148595.9125,44866.837499999994,0.3999999999999999,0.7375,1.1124999999999972,0.9375,-0.3875000000000002,-0.5250000000000057,0.05,0.2124999999999999,-0.3500000000000001,-0.30000000000000004,0.0625,0.5
-49647.225000000006,178031.76249999995,-2480.524999999994,148313.825,5720.875,-14.25,163830.9125,3934.0,148590.9125,44841.837499999994,-0.6000000000000001,-0.26249999999999996,1.1124999999999972,-0.0625,0.6124999999999998,-0.5250000000000057,0.05,-0.7875000000000001,-0.3500000000000001,0.7,0.0625,-0.5
-49819.225000000006,178196.76249999995,-2366.524999999994,148457.825,5718.875,-157.25,163780.9125,3989.0,148462.9125,44852.837499999994,0.3999999999999999,0.7375,0.11249999999999716,0.9375,-0.3875000000000002,-0.5250000000000057,0.05,0.2124999999999999,0.6499999999999999,-0.30000000000000004,0.0625,-0.5
-49984.225000000006,178423.76249999995,-2450.524999999994,148463.825,5667.875,-81.25,163519.9125,3839.0,148560.9125,44752.837499999994,-0.6000000000000001,-0.26249999999999996,0.11249999999999716,-0.0625,-0.3875000000000002,-0.5250000000000057,0.05,-0.7875000000000001,-0.3500000000000001,0.7,0.0625,-0.5
-49993.225000000006,178564.76249999995,-2370.524999999994,148147.825,5495.875,-116.25,163125.9125,3777.0,148852.9125,44528.837499999994,0.3999999999999999,0.7375,-0.8875000000000028,-0.0625,0.6124999999999998,0.4749999999999943,0.05,-0.7875000000000001,-0.3500000000000001,0.7,0.0625,-0.5
-50061.225000000006,178634.76249999995,-2399.524999999994,147898.825,5360.875,-68.25,163161.9125,3945.0,149102.9125,44655.837499999994,-0.6000000000000001,0.7375,0.11249999999999716,-0.0625,-1.3875000000000002,0.4749999999999943,0.05,0.2124999999999999,0.6499999999999999,-0.30000000000000004,0.0625,0.5
-50149.225000000006,178880.76249999995,-2513.524999999994,147889.825,5114.875,-170.25,163089.9125,3964.0,149183.9125,44513.837499999994,-0.6000000000000001,0.7375,1.1124999999999972,-0.0625,-0.3875000000000002,-0.5250000000000057,0.05,0.2124999999999999,-0.3500000000000001,-0.30000000000000004,0.0625,-0.5
-50387.225000000006,178831.76249999995,-2490.524999999994,147770.825,4999.875,-293.25,162956.9125,3874.0,149352.9125,44344.837499999994,0.3999999999999999,-0.26249999999999996,-0.8875000000000028,-0.0625,-0.3875000000000002,1.4749999999999943,-0.95,0.2124999999999999,-0.3500000000000001,-0.30000000000000004,0.0625,0.5
-50281.225000000006,178788.76249999995,-2549.524999999994,147687.825,5000.875,-310.25,162837.9125,3916.0,149658.9125,44340.837499999994,-0.6000000000000001,-0.26249999999999996,0.11249999999999716,-0.0625,-0.3875000000000002,-0.5250000000000057,0.05,0.2124999999999999,-0.3500000000000001,-0.30000000000000004,0.0625,0.5
-50435.225000000006,178694.76249999995,-2580.524999999994,147368.825,4797.875,-550.25,163031.9125,4053.0,149874.9125,44126.837499999994,0.3999999999999999,-0.26249999999999996,0.11249999999999716,-0.0625,-0.3875000000000002,-0.5250000000000057,0.05,0.2124999999999999,0.6499999999999999,-0.30000000000000004,0.0625,-0.5
-50429.225000000006,178749.76249999995,-2615.524999999994,147463.825,4985.875,-506.25,162907.9125,3978.0,149932.9125,44090.837499999994,-0.6000000000000001,0.7375,1.1124999999999972,-0.0625,-0.3875000000000002,0.4749999999999943,0.05,-0.7875000000000001,-0.3500000000000001,-0.30000000000000004,0.0625,0.5
-50478.225000000006,178870.76249999995,-2596.524999999994,147582.825,4951.875,-537.25,162991.9125,3912.0,150094.9125,44234.837499999994,-0.6000000000000001,-0.26249999999999996,-0.8875000000000028,-0.0625,-0.3875000000000002,-0.5250000000000057,0.05,0.2124999999999999,-0.3500000000000001,-0.30000000000000004,0.0625,-0.5
-50444.225000000006,178984.76249999995,-2532.524999999994,147634.825,4965.875,-502.25,163331.9125,3895.0,150068.9125,44285.837499999994,-0.6000000000000001,0.7375,1.1124999999999972,-0.0625,-0.3875000000000002,0.4749999999999943,0.05,0.2124999999999999,0.6499999999999999,-0.30000000000000004,-0.9375,-0.5
-50363.225000000006,178866.76249999995,-2454.524999999994,147816.825,5172.875,-437.25,163307.9125,3819.0,149919.9125,44431.837499999994,0.3999999999999999,-0.26249999999999996,0.11249999999999716,-0.0625,-0.3875000000000002,-0.5250000000000057,0.05,-0.7875000000000001,-0.3500000000000001,-0.30000000000000004,0.0625,-0.5
-50102.225000000006,178628.76249999995,-2491.524999999994,147947.825,5362.875,-464.25,163449.9125,3703.0,149896.9125,44606.837499999994,0.3999999999999999,-0.26249999999999996,0.11249999999999716,-0.0625,0.6124999999999998,-0.5250000000000057,0.05,0.2124999999999999,-0.3500000000000001,-0.30000000000000004,0.0625,0.5
-50097.225000000006,178695.76249999995,-2465.524999999994,148023.825,5432.875,-488.25,163739.9125,3842.0,149806.9125,44762.837499999994,-0.6000000000000001,-0.26249999999999996,0.11249999999999716,-0.0625,-0.3875000000000002,0.4749999999999943,0.05,0.2124999999999999,-1.35,-0.30000000000000004,-0.9375,-1.5
-49974.225000000006,178555.76249999995,-2506.524999999994,148185.825,5504.875,-263.25,163934.9125,3926.0,149576.9125,44819.837499999994,0.3999999999999999,-0.26249999999999996,0.11249999999999716,-0.0625,-0.3875000000000002,0.4749999999999943,0.05,0.2124999999999999,-0.3500000000000001,0.7,0.0625,-0.5
-49831.225000000006,178485.76249999995,-2478.524999999994,148333.825,5663.875,-134.25,163881.9125,4035.0,149397.9125,44717.837499999994,-0.6000000000000001,-0.26249999999999996,1.1124999999999972,-0.0625,-1.3875000000000002,0.4749999999999943,0.05,0.2124999999999999,-0.3500000000000001,-0.30000000000000004,0.0625,-0.5
-49776.225000000006,178432.76249999995,-2536.524999999994,148310.825,5636.875,-122.25,164107.9125,3888.0,148917.9125,44875.837499999994,-0.6000000000000001,0.7375,0.11249999999999716,-0.0625,-0.3875000000000002,-0.5250000000000057,0.05,0.2124999999999999,-0.3500000000000001,0.7,0.0625,-0.5
-49731.225000000006,178511.76249999995,-2538.524999999994,148353.825,5696.875,-84.25,164236.9125,3955.0,148669.9125,44755.837499999994,0.3999999999999999,0.7375,0.11249999999999716,0.9375,-0.3875000000000002,-0.5250000000000057,0.05,0.2124999999999999,-0.3500000000000001,-0.30000000000000004,0.0625,0.5
-49633.225000000006,178345.76249999995,-2408.524999999994,148561.825,5614.875,-234.25,164326.9125,3916.0,148743.9125,44889.837499999994,0.3999999999999999,-0.26249999999999996,1.1124999999999972,0.9375,-0.3875000000000002,0.4749999999999943,0.05,0.2124999999999999,-0.3500000000000001,-0.30000000000000004,0.0625,0.5
-49718.225000000006,178266.76249999995,-2266.524999999994,148710.825,5629.875,-242.25,164329.9125,3800.0,148843.9125,44912.837499999994,0.3999999999999999,0.7375,1.1124999999999972,0.9375,0.6124999999999998,0.4749999999999943,0.05,0.2124999999999999,0.6499999999999999,0.7,-0.9375,-0.5
-49928.225000000006,178789.76249999995,-2433.524999999994,148884.825,5750.875,-193.25,163904.9125,3964.0,148865.9125,44854.837499999994,0.3999999999999999,0.7375,1.1124999999999972,-0.0625,0.6124999999999998,-0.5250000000000057,0.05,-0.7875000000000001,-0.3500000000000001,-0.30000000000000004,0.0625,0.5
-50174.225000000006,179004.76249999995,-2238.524999999994,148898.825,5759.875,-353.25,163946.9125,3865.0,148606.9125,44896.837499999994,0.3999999999999999,-0.26249999999999996,1.1124999999999972,-0.0625,-0.3875000000000002,-0.5250000000000057,0.05,0.2124999999999999,-0.3500000000000001,-0.30000000000000004,0.0625,-0.5
-50327.225000000006,179125.76249999995,-2172.524999999994,148825.825,5729.875,-302.25,163781.9125,3881.0,148790.9125,44833.837499999994,0.3999999999999999,-0.26249999999999996,0.11249999999999716,-0.0625,-0.3875000000000002,-0.5250000000000057,0.05,0.2124999999999999,-0.3500000000000001,0.7,0.0625,0.5
-50313.225000000006,179083.76249999995,-2330.524999999994,148540.825,5426.875,-215.25,163700.9125,3925.0,149069.9125,44744.837499999994,-0.6000000000000001,-0.26249999999999996,0.11249999999999716,-0.0625,-0.3875000000000002,-0.5250000000000057,0.05,0.2124999999999999,-0.3500000000000001,0.7,0.0625,-0.5
-50280.225000000006,178824.76249999995,-2290.524999999994,148425.825,5257.875,-380.25,163242.9125,4034.0,149148.9125,44614.837499999994,-0.6000000000000001,-0.26249999999999996,0.11249999999999716,-0.0625,-0.3875000000000002,-0.5250000000000057,0.05,0.2124999999999999,-0.3500000000000001,-0.30000000000000004,0.0625,0.5
-50348.225000000006,178893.76249999995,-2363.524999999994,148276.825,5180.875,-331.25,162838.9125,3869.0,149261.9125,44444.837499999994,0.3999999999999999,-0.26249999999999996,0.11249999999999716,-0.0625,0.6124999999999998,-0.5250000000000057,0.05,0.2124999999999999,-0.3500000000000001,0.7,0.0625,-0.5
-50292.225000000006,178882.76249999995,-2423.524999999994,148136.825,5122.875,-320.25,162566.9125,3899.0,149443.9125,44277.837499999994,0.3999999999999999,-0.26249999999999996,0.11249999999999716,-0.0625,-0.3875000000000002,-0.5250000000000057,0.05,-0.7875000000000001,-0.3500000000000001,-0.30000000000000004,0.0625,0.5
-50383.225000000006,178932.76249999995,-2424.524999999994,147754.825,5184.875,-210.25,162638.9125,3949.0,149899.9125,44204.837499999994,0.3999999999999999,-0.26249999999999996,0.11249999999999716,-0.0625,-0.3875000000000002,0.4749999999999943,0.05,-0.7875000000000001,0.6499999999999999,-0.30000000000000004,-0.9375,1.5
-50283.225000000006,178965.76249999995,-2442.524999999994,147654.825,5049.875,-316.25,162533.9125,3867.0,150008.9125,44204.837499999994,0.3999999999999999,-0.26249999999999996,0.11249999999999716,-0.0625,0.6124999999999998,-0.5250000000000057,-0.95,0.2124999999999999,-0.3500000000000001,-0.30000000000000004,0.0625,0.5
-50202.225000000006,178794.76249999995,-2425.524999999994,147588.825,4883.875,-281.25,162287.9125,3791.0,150203.9125,44197.837499999994,0.3999999999999999,0.7375,0.11249999999999716,-0.0625,-0.3875000000000002,-0.5250000000000057,0.05,-0.7875000000000001,-0.3500000000000001,-0.30000000000000004,0.0625,-0.5
-50308.225000000006,178695.76249999995,-2516.524999999994,147497.825,4931.875,-281.25,162454.9125,3831.0,150391.9125,44271.837499999994,-0.6000000000000001,-0.26249999999999996,1.1124999999999972,-0.0625,-0.3875000000000002,0.4749999999999943,0.05,-0.7875000000000001,0.6499999999999999,-0.30000000000000004,0.0625,-0.5
-50283.225000000006,178834.76249999995,-2544.524999999994,147557.825,4979.875,-235.25,162684.9125,3854.0,150355.9125,44368.837499999994,0.3999999999999999,-0.26249999999999996,-0.8875000000000028,-1.0625,-0.3875000000000002,0.4749999999999943,0.05,0.2124999999999999,0.6499999999999999,-0.30000000000000004,0.0625,-0.5
-50331.225000000006,178962.76249999995,-2520.524999999994,147595.825,5117.875,-243.25,162946.9125,3843.0,150123.9125,44354.837499999994,-0.6000000000000001,0.7375,0.11249999999999716,-0.0625,-0.3875000000000002,0.4749999999999943,0.05,-0.7875000000000001,-0.3500000000000001,0.7,0.0625,-0.5
-50305.225000000006,178837.76249999995,-2517.524999999994,147724.825,5142.875,-355.25,162893.9125,3844.0,149781.9125,44505.837499999994,0.3999999999999999,0.7375,0.11249999999999716,-1.0625,0.6124999999999998,-0.5250000000000057,0.05,0.2124999999999999,-0.3500000000000001,-0.30000000000000004,0.0625,-0.5
-49848.225000000006,178553.76249999995,-2452.524999999994,147896.825,5534.875,-200.25,163336.9125,3987.0,149076.9125,44431.837499999994,0.3999999999999999,0.7375,1.1124999999999972,-0.0625,0.6124999999999998,0.4749999999999943,0.05,1.2125,-0.3500000000000001,-0.30000000000000004,0.0625,0.5
-49669.225000000006,178408.76249999995,-2454.524999999994,147912.825,5501.875,-31.25,163453.9125,3909.0,148880.9125,44563.837499999994,-0.6000000000000001,0.7375,0.11249999999999716,-0.0625,0.6124999999999998,-0.5250000000000057,0.05,0.2124999999999999,0.6499999999999999,-0.30000000000000004,0.0625,-0.5
-49627.225000000006,178418.76249999995,-2404.524999999994,148196.825,5704.875,12.75,163468.9125,3799.0,148827.9125,44569.837499999994,0.3999999999999999,0.7375,-0.8875000000000028,-0.0625,0.6124999999999998,0.4749999999999943,0.05,0.2124999999999999,0.6499999999999999,0.7,0.0625,1.5
-49701.225000000006,178339.76249999995,-2460.524999999994,148412.825,5925.875,-25.25,163624.9125,3801.0,148653.9125,44686.837499999994,0.3999999999999999,-0.26249999999999996,-0.8875000000000028,-0.0625,-0.3875000000000002,0.4749999999999943,0.05,0.2124999999999999,-0.3500000000000001,-0.30000000000000004,0.0625,0.5
-49641.225000000006,178106.76249999995,-2490.524999999994,148352.825,5841.875,16.75,163809.9125,3937.0,148404.9125,44763.837499999994,0.3999999999999999,-0.26249999999999996,0.11249999999999716,-0.0625,0.6124999999999998,-0.5250000000000057,-0.95,0.2124999999999999,0.6499999999999999,0.7,0.0625,0.5
-49625.225000000006,178128.76249999995,-2592.524999999994,148265.825,5888.875,200.75,163947.9125,3896.0,148260.9125,44654.837499999994,0.3999999999999999,-0.26249999999999996,0.11249999999999716,0.9375,-0.3875000000000002,-0.5250000000000057,0.05,0.2124999999999999,0.6499999999999999,0.7,-0.9375,-0.5
-49782.225000000006,178232.76249999995,-2533.524999999994,148500.825,5788.875,151.75,163775.9125,3841.0,148126.9125,44578.837499999994,0.3999999999999999,-0.26249999999999996,0.11249999999999716,0.9375,0.6124999999999998,0.4749999999999943,0.05,0.2124999999999999,0.6499999999999999,-0.30000000000000004,-0.9375,-0.5
-49839.225000000006,178202.76249999995,-2547.524999999994,148428.825,5587.875,82.75,163699.9125,3799.0,148002.9125,44668.837499999994,-0.6000000000000001,-0.26249999999999996,0.11249999999999716,-0.0625,-0.3875000000000002,0.4749999999999943,0.05,0.2124999999999999,0.6499999999999999,-0.30000000000000004,0.0625,-0.5
-49864.225000000006,178278.76249999995,-2435.524999999994,148413.825,5610.875,34.75,163503.9125,3909.0,148323.9125,44594.837499999994,0.3999999999999999,-0.26249999999999996,-0.8875000000000028,-0.0625,-0.3875000000000002,0.4749999999999943,0.05,-0.7875000000000001,-0.3500000000000001,-0.30000000000000004,0.0625,-0.5
-49976.225000000006,178386.76249999995,-2461.524999999994,148264.825,5603.875,9.75,163293.9125,3795.0,148339.9125,44534.837499999994,-0.6000000000000001,-0.26249999999999996,0.11249999999999716,-0.0625,-0.3875000000000002,-0.5250000000000057,0.05,0.2124999999999999,-0.3500000000000001,-0.30000000000000004,0.0625,-0.5
-50171.225000000006,178490.76249999995,-2449.524999999994,148169.825,5469.875,-189.25,163296.9125,3725.0,148235.9125,44467.837499999994,0.3999999999999999,-0.26249999999999996,0.11249999999999716,-0.0625,-0.3875000000000002,0.4749999999999943,0.05,0.2124999999999999,0.6499999999999999,-0.30000000000000004,0.0625,0.5
-50210.225000000006,178695.76249999995,-2416.524999999994,147937.825,5339.875,-232.25,163515.9125,3805.0,148488.9125,44521.837499999994,-0.6000000000000001,0.7375,0.11249999999999716,-0.0625,-0.3875000000000002,0.4749999999999943,0.05,0.2124999999999999,0.6499999999999999,0.7,1.0625,0.5
-50308.225000000006,178748.76249999995,-2555.524999999994,147864.825,5141.875,-133.25,163435.9125,4001.0,148820.9125,44476.837499999994,0.3999999999999999,-0.26249999999999996,0.11249999999999716,-0.0625,-0.3875000000000002,-0.5250000000000057,0.05,1.2125,-0.3500000000000001,-0.30000000000000004,0.0625,0.5
-50227.225000000006,178334.76249999995,-2560.524999999994,147842.825,4892.875,-198.25,163371.9125,3645.0,149009.9125,44372.837499999994,0.3999999999999999,-0.26249999999999996,-0.8875000000000028,-0.0625,-0.3875000000000002,-0.5250000000000057,0.05,0.2124999999999999,-0.3500000000000001,-0.30000000000000004,0.0625,0.5
-50387.225000000006,178456.76249999995,-2466.524999999994,147593.825,4822.875,-170.25,162729.9125,3886.0,149281.9125,44051.837499999994,0.3999999999999999,-0.26249999999999996,-0.8875000000000028,-0.0625,-0.3875000000000002,0.4749999999999943,0.05,0.2124999999999999,-0.3500000000000001,0.7,0.0625,-0.5
-50260.225000000006,178712.76249999995,-2530.524999999994,147435.825,4817.875,-154.25,163122.9125,3878.0,149290.9125,44012.837499999994,0.3999999999999999,-0.26249999999999996,0.11249999999999716,-0.0625,-0.3875000000000002,0.4749999999999943,0.05,0.2124999999999999,-0.3500000000000001,-0.30000000000000004,0.0625,-0.5
-50207.225000000006,178541.76249999995,-2519.524999999994,147552.825,4836.875,-227.25,163176.9125,3750.0,149316.9125,44108.837499999994,0.3999999999999999,-0.26249999999999996,0.11249999999999716,-0.0625,-0.3875000000000002,0.4749999999999943,0.05,0.2124999999999999,0.6499999999999999,-0.30000000000000004,0.0625,-0.5
-50319.225000000006,178499.76249999995,-2500.524999999994,147420.825,4733.875,-198.25,163030.9125,3841.0,149095.9125,44158.837499999994,0.3999999999999999,-0.26249999999999996,0.11249999999999716,-0.0625,-0.3875000000000002,-0.5250000000000057,0.05,-0.7875000000000001,-0.3500000000000001,-0.30000000000000004,0.0625,0.5
-50140.225000000006,178426.76249999995,-2377.524999999994,147186.825,4840.875,-77.25,162926.9125,3776.0,148715.9125,44170.837499999994,-0.6000000000000001,0.7375,0.11249999999999716,-0.0625,-0.3875000000000002,0.4749999999999943,0.05,0.2124999999999999,0.6499999999999999,-0.30000000000000004,0.0625,0.5
-50027.225000000006,178532.76249999995,-2333.524999999994,147145.825,5072.875,-279.25,162776.9125,3887.0,148252.9125,44193.837499999994,-0.6000000000000001,-0.26249999999999996,1.1124999999999972,-0.0625,-0.3875000000000002,0.4749999999999943,0.05,0.2124999999999999,-0.3500000000000001,0.7,0.0625,-0.5
-50334.225000000006,178859.76249999995,-2518.524999999994,147338.825,5153.875,21.75,162884.9125,3984.0,148250.9125,44281.837499999994,0.3999999999999999,0.7375,0.11249999999999716,-0.0625,-0.3875000000000002,-0.5250000000000057,0.05,-0.7875000000000001,-0.3500000000000001,-0.30000000000000004,0.0625,-0.5
