FPI,SPI,AI,SFI,FFI,FPD,SPD,AD,SFD,FFD,API_X,API_Y,API_Z,APD_X,APD_Y,APD_Z,AFD_X,AFD_Y,AFD_Z,AFI_X,AFI_Y,AFI_Z
-35059.225000000006,133.76249999995343,1610.4750000000058,178.82500000001164,-9269.125,-7885.25,-135979.0875,1997.0,748.9124999999985,-16070.162500000006,-0.6000000000000001,0.7375,0.11249999999999716,-0.0625,0.6124999999999998,-1.5250000000000057,0.05,0.2124999999999999,-0.3500000000000001,-0.30000000000000004,1.0625,-0.5
-35370.225000000006,380.76249999995343,1714.4750000000058,252.82500000001164,-9130.125,-7995.25,308.9125000000058,1754.0,760.9124999999985,-16247.162500000006,0.3999999999999999,-0.26249999999999996,0.11249999999999716,-0.0625,-0.3875000000000002,1.4749999999999943,0.05,0.2124999999999999,-0.3500000000000001,-0.30000000000000004,0.0625,0.5
-35652.225000000006,484.76249999995343,1688.4750000000058,492.82500000001164,-8909.125,-8051.25,433.9125000000058,1753.0,919.9124999999985,-16088.162500000006,-0.6000000000000001,-0.26249999999999996,0.11249999999999716,-0.0625,0.6124999999999998,-1.5250000000000057,0.05,-0.7875000000000001,-0.3500000000000001,0.7,0.0625,-0.5
-35164.225000000006,73.76249999995343,1543.4750000000058,216.82500000001164,-9124.125,-7625.25,-50.08749999999418,1859.0,487.91249999999854,-16496.162500000006,1.4,0.7375,1.1124999999999972,-0.0625,-0.3875000000000002,0.4749999999999943,0.05,0.2124999999999999,-0.3500000000000001,0.7,0.0625,0.5
-35363.225000000006,458.76249999995343,1560.4750000000058,283.82500000001164,-9011.125,-7760.25,158.91250000000582,1738.0,773.9124999999985,-16101.162500000006,-0.6000000000000001,-0.26249999999999996,0.11249999999999716,0.9375,-0.3875000000000002,-1.5250000000000057,0.05,0.2124999999999999,0.6499999999999999,-0.30000000000000004,0.0625,-0.5
-35290.225000000006,449.76249999995343,1583.4750000000058,255.82500000001164,-8881.125,-7761.25,278.9125000000058,1696.0,863.9124999999985,-16073.162500000006,0.3999999999999999,0.7375,-0.8875000000000028,-1.0625,0.6124999999999998,-0.5250000000000057,0.05,0.2124999999999999,0.6499999999999999,-0.30000000000000004,0.0625,-0.5
-35131.225000000006,158.76249999995343,1406.4750000000058,75.82500000001164,-9099.125,-7817.25,141.91250000000582,1701.0,620.9124999999985,-16269.162500000006,0.3999999999999999,-0.26249999999999996,1.1124999999999972,-0.0625,-0.3875000000000002,0.4749999999999943,0.05,0.2124999999999999,0.6499999999999999,0.7,0.0625,0.5
-35269.225000000006,390.76249999995343,1338.4750000000058,253.82500000001164,-8675.125,-7780.25,310.9125000000058,1839.0,655.9124999999985,-16094.162500000006,0.3999999999999999,-0.26249999999999996,1.1124999999999972,-0.0625,-0.3875000000000002,-0.5250000000000057,0.05,0.2124999999999999,-0.3500000000000001,-0.30000000000000004,0.0625,-0.5
-35420.225000000006,466.76249999995343,1370.4750000000058,411.82500000001164,-8817.125,-7773.25,129.91250000000582,1694.0,662.9124999999985,-16115.162500000006,0.3999999999999999,-0.26249999999999996,0.11249999999999716,-0.0625,-0.3875000000000002,0.4749999999999943,0.05,0.2124999999999999,-0.3500000000000001,-0.30000000000000004,0.0625,-0.5
-35345.225000000006,419.76249999995343,1340.4750000000058,137.82500000001164,-9045.125,-7636.25,24.91250000000582,1701.0,498.91249999999854,-16233.162500000006,0.3999999999999999,-0.26249999999999996,0.11249999999999716,0.9375,-0.3875000000000002,1.4749999999999943,0.05,-0.7875000000000001,0.6499999999999999,-0.30000000000000004,0.0625,0.5
-35096.225000000006,299.76249999995343,1476.4750000000058,238.82500000001164,-8923.125,-7649.25,-91.08749999999418,1617.0,662.9124999999985,-16065.162500000006,0.3999999999999999,-0.26249999999999996,1.1124999999999972,-0.0625,-0.3875000000000002,0.4749999999999943,0.05,0.2124999999999999,0.6499999999999999,0.7,0.0625,0.5
-35185.225000000006,324.76249999995343,1521.4750000000058,240.82500000001164,-8726.125,-7846.25,-253.08749999999418,1610.0,823.9124999999985,-15855.162500000006,0.3999999999999999,-0.26249999999999996,0.11249999999999716,-0.0625,-0.3875000000000002,-0.5250000000000057,-0.95,0.2124999999999999,0.6499999999999999,0.7,0.0625,0.5
-35048.225000000006,397.76249999995343,1530.4750000000058,126.82500000001164,-8778.125,-7615.25,-20.08749999999418,1783.0,642.9124999999985,-15973.162500000006,0.3999999999999999,-0.26249999999999996,-0.8875000000000028,0.9375,-0.3875000000000002,-0.5250000000000057,0.05,0.2124999999999999,-0.3500000000000001,0.7,0.0625,0.5
-35113.225000000006,263.76249999995343,1465.4750000000058,30.82500000001164,-8894.125,-7804.25,-32.08749999999418,1741.0,535.9124999999985,-16125.162500000006,0.3999999999999999,-0.26249999999999996,0.11249999999999716,0.9375,-0.3875000000000002,0.4749999999999943,0.05,0.2124999999999999,-0.3500000000000001,-0.30000000000000004,0.0625,1.5
-35291.225000000006,496.76249999995343,1469.4750000000058,171.82500000001164,-8741.125,-7748.25,158.91250000000582,1728.0,885.9124999999985,-15950.162500000006,0.3999999999999999,0.7375,-0.8875000000000028,-0.0625,-0.3875000000000002,-1.5250000000000057,0.05,0.2124999999999999,0.6499999999999999,0.7,0.0625,-1.5
-35204.225000000006,511.76249999995343,1514.4750000000058,214.82500000001164,-8985.125,-7605.25,50.91250000000582,1829.0,695.9124999999985,-16047.162500000006,0.3999999999999999,-0.26249999999999996,0.11249999999999716,-0.0625,-0.3875000000000002,-0.5250000000000057,0.05,0.2124999999999999,-0.3500000000000001,-0.30000000000000004,0.0625,-0.5
-35234.225000000006,475.76249999995343,1441.4750000000058,98.82500000001164,-9054.125,-7459.25,-62.08749999999418,1755.0,543.9124999999985,-16256.162500000006,-0.6000000000000001,0.7375,0.11249999999999716,-0.0625,1.6124999999999998,0.4749999999999943,0.05,0.2124999999999999,0.6499999999999999,-0.30000000000000004,0.0625,0.5
-35379.225000000006,345.76249999995343,1558.4750000000058,197.82500000001164,-9002.125,-7642.25,79.91250000000582,1748.0,640.9124999999985,-16208.162500000006,-0.6000000000000001,-0.26249999999999996,0.11249999999999716,-0.0625,1.6124999999999998,0.4749999999999943,0.05,0.2124999999999999,-0.3500000000000001,-0.30000000000000004,0.0625,0.5
-35664.225000000006,437.76249999995343,1697.4750000000058,361.82500000001164,-8974.125,-7851.25,46.91250000000582,1902.0,622.9124999999985,-16233.162500000006,0.3999999999999999,-0.26249999999999996,0.11249999999999716,-0.0625,-0.3875000000000002,-0.5250000000000057,0.05,0.2124999999999999,-0.3500000000000001,0.7,0.0625,-0.5
-35353.225000000006,424.76249999995343,1647.4750000000058,117.82500000001164,-9081.125,-7736.25,28.91250000000582,1897.0,419.91249999999854,-16313.162500000006,0.3999999999999999,-0.26249999999999996,0.11249999999999716,-1.0625,-0.3875000000000002,0.4749999999999943,0.05,0.2124999999999999,0.6499999999999999,-0.30000000000000004,0.0625,0.5
-35360.225000000006,307.76249999995343,1861.4750000000058,4.8250000000116415,-9045.125,-7807.25,215.91250000000582,1822.0,435.91249999999854,-15979.162500000006,0.3999999999999999,0.7375,0.11249999999999716,-0.0625,-0.3875000000000002,-1.5250000000000057,0.05,-0.7875000000000001,0.6499999999999999,-0.30000000000000004,0.0625,0.5
-35428.225000000006,399.76249999995343,1830.4750000000058,234.82500000001164,-9098.125,-7742.25,338.9125000000058,1984.0,453.91249999999854,-16114.162500000006,0.3999999999999999,-0.26249999999999996,-1.8875000000000028,-0.0625,0.6124999999999998,-0.5250000000000057,0.05,-0.7875000000000001,-0.3500000000000001,-0.30000000000000004,0.0625,-0.5
-35257.225000000006,110.76249999995343,1608.4750000000058,344.82500000001164,-9186.125,-7804.25,78.91250000000582,1859.0,419.91249999999854,-16250.162500000006,0.3999999999999999,-0.26249999999999996,0.11249999999999716,-0.0625,0.6124999999999998,-0.5250000000000057,0.05,0.2124999999999999,0.6499999999999999,-0.30000000000000004,0.0625,0.5
-35169.225000000006,303.76249999995343,1662.4750000000058,299.82500000001164,-9152.125,-7827.25,56.91250000000582,1763.0,398.91249999999854,-16318.162500000006,0.3999999999999999,-0.26249999999999996,0.11249999999999716,-0.0625,0.6124999999999998,0.4749999999999943,0.05,0.2124999999999999,0.6499999999999999,-0.30000000000000004,-0.9375,-0.5
-35423.225000000006,544.7624999999534,1683.4750000000058,306.82500000001164,-9009.125,-7824.25,121.91250000000582,1847.0,465.91249999999854,-16267.162500000006,0.3999999999999999,-0.26249999999999996,-0.8875000000000028,-0.0625,0.6124999999999998,-0.5250000000000057,0.05,0.2124999999999999,-0.3500000000000001,0.7,-0.9375,-0.5
-35361.225000000006,283.76249999995343,1615.4750000000058,129.82500000001164,-8903.125,-7808.25,46.91250000000582,1821.0,459.91249999999854,-16285.162500000006,-0.6000000000000001,-0.26249999999999996,0.11249999999999716,-0.0625,0.6124999999999998,0.4749999999999943,0.05,0.2124999999999999,0.6499999999999999,-1.3,0.0625,0.5
-35200.225000000006,263.76249999995343,1407.4750000000058,56.82500000001164,-9043.125,-7727.25,1.9125000000058208,1870.0,497.91249999999854,-16285.162500000006,-0.6000000000000001,-0.26249999999999996,-0.8875000000000028,-0.0625,-0.3875000000000002,1.4749999999999943,0.05,0.2124999999999999,-0.3500000000000001,-0.30000000000000004,0.0625,0.5
-35336.225000000006,322.76249999995343,1443.4750000000058,271.82500000001164,-8815.125,-7871.25,1.9125000000058208,1695.0,639.9124999999985,-16188.162500000006,0.3999999999999999,-1.2625,-0.8875000000000028,-0.0625,-0.3875000000000002,0.4749999999999943,0.05,0.2124999999999999,0.6499999999999999,-0.30000000000000004,0.0625,-0.5
-35329.225000000006,365.76249999995343,1430.4750000000058,272.82500000001164,-8710.125,-7911.25,91.91250000000582,1696.0,730.9124999999985,-16241.162500000006,-0.6000000000000001,-0.26249999999999996,-0.8875000000000028,-0.0625,-0.3875000000000002,-0.5250000000000057,0.05,0.2124999999999999,-0.3500000000000001,-0.30000000000000004,-0.9375,-0.5
-35228.225000000006,204.76249999995343,1243.4750000000058,139.82500000001164,-8778.125,-7782.25,-28.08749999999418,1915.0,598.9124999999985,-16341.162500000006,0.3999999999999999,-1.2625,0.11249999999999716,-0.0625,-0.3875000000000002,0.4749999999999943,0.05,0.2124999999999999,0.6499999999999999,-0.30000000000000004,0.0625,-0.5
-35061.225000000006,73.76249999995343,1234.4750000000058,-42.17499999998836,-8965.125,-7782.25,-90.08749999999418,1781.0,609.9124999999985,-16271.162500000006,0.3999999999999999,-0.26249999999999996,1.1124999999999972,-0.0625,-0.3875000000000002,0.4749999999999943,0.05,0.2124999999999999,0.6499999999999999,-0.30000000000000004,0.0625,0.5
-35091.225000000006,259.76249999995343,1373.4750000000058,29.82500000001164,-9077.125,-7964.25,327.9125000000058,1739.0,870.9124999999985,-15982.162500000006,0.3999999999999999,-0.26249999999999996,0.11249999999999716,0.9375,0.6124999999999998,-0.5250000000000057,0.05,0.2124999999999999,0.6499999999999999,0.7,0.0625,-0.5
-35164.225000000006,136.76249999995343,1454.4750000000058,-139.17499999998836,-8963.125,-7706.25,228.91250000000582,1747.0,817.9124999999985,-15895.162500000006,0.3999999999999999,-0.26249999999999996,1.1124999999999972,-0.0625,0.6124999999999998,0.4749999999999943,0.05,0.2124999999999999,-0.3500000000000001,0.7,-0.9375,0.5
-35223.225000000006,6.762499999953434,1402.4750000000058,-202.17499999998836,-8909.125,-7701.25,133.91250000000582,1897.0,768.9124999999985,-16162.162500000006,0.3999999999999999,0.7375,0.11249999999999716,-0.0625,-0.3875000000000002,0.4749999999999943,0.05,0.2124999999999999,0.6499999999999999,0.7,0.0625,-0.5
-35384.225000000006,169.76249999995343,1455.4750000000058,-163.17499999998836,-8841.125,-7746.25,195.91250000000582,1910.0,874.9124999999985,-15986.162500000006,-0.6000000000000001,0.7375,0.11249999999999716,-0.0625,0.6124999999999998,-0.5250000000000057,0.05,0.2124999999999999,-0.3500000000000001,-0.30000000000000004,0.0625,-0.5
-35248.225000000006,213.76249999995343,1515.4750000000058,-143.17499999998836,-8959.125,-7572.25,70.91250000000582,1854.0,805.9124999999985,-16171.162500000006,-0.6000000000000001,-0.26249999999999996,0.11249999999999716,0.9375,-0.3875000000000002,0.4749999999999943,0.05,-0.7875000000000001,0.6499999999999999,-0.30000000000000004,0.0625,0.5
-35200.225000000006,115.76249999995343,1498.4750000000058,-204.17499999998836,-9102.125,-7698.25,-87.08749999999418,1797.0,777.9124999999985,-16085.162500000006,-0.6000000000000001,-0.26249999999999996,0.11249999999999716,0.9375,-0.3875000000000002,-0.5250000000000057,0.05,0.2124999999999999,0.6499999999999999,-0.30000000000000004,0.0625,-0.5
-35360.225000000006,222.76249999995343,1478.4750000000058,-218.17499999998836,-9149.125,-7761.25,-209.08749999999418,1856.0,773.9124999999985,-16029.162500000006,0.3999999999999999,-0.26249999999999996,1.1124999999999972,-0.0625,-0.3875000000000002,0.4749999999999943,0.05,0.2124999999999999,-0.3500000000000001,-0.30000000000000004,0.0625,-0.5
-35312.225000000006,214.76249999995343,1561.4750000000058,-197.17499999998836,-9144.125,-7657.25,26.91250000000582,1783.0,640.9124999999985,-16192.162500000006,-0.6000000000000001,0.7375,0.11249999999999716,-0.0625,0.6124999999999998,0.4749999999999943,0.05,0.2124999999999999,-0.3500000000000001,-0.30000000000000004,0.0625,0.5
-35210.225000000006,8.762499999953434,1532.4750000000058,-58.17499999998836,-9229.125,-7734.25,99.91250000000582,1631.0,606.9124999999985,-16261.162500000006,0.3999999999999999,0.7375,0.11249999999999716,-1.0625,0.6124999999999998,0.4749999999999943,0.05,0.2124999999999999,-0.3500000000000001,-0.30000000000000004,0.0625,0.5
-35313.225000000006,93.76249999995343,1529.4750000000058,32.82500000001164,-9066.125,-7828.25,155.91250000000582,1783.0,777.9124999999985,-16206.162500000006,0.3999999999999999,-0.26249999999999996,0.11249999999999716,-0.0625,-0.3875000000000002,0.4749999999999943,0.05,0.2124999999999999,-0.3500000000000001,-0.30000000000000004,0.0625,0.5
-35343.225000000006,171.76249999995343,1744.4750000000058,85.82500000001164,-9129.125,-7975.25,83.91250000000582,1783.0,831.9124999999985,-16220.162500000006,0.3999999999999999,-0.26249999999999996,0.11249999999999716,-1.0625,0.6124999999999998,0.4749999999999943,0.05,-0.7875000000000001,-0.3500000000000001,-0.30000000000000004,0.0625,-0.5
-35347.225000000006,173.76249999995343,1590.4750000000058,48.82500000001164,-9140.125,-7918.25,1.9125000000058208,1758.0,738.9124999999985,-16298.162500000006,-0.6000000000000001,-0.26249999999999996,0.11249999999999716,-0.0625,-0.3875000000000002,0.4749999999999943,0.05,-0.7875000000000001,-0.3500000000000001,-0.30000000000000004,0.0625,0.5
-35245.225000000006,131.76249999995343,1683.4750000000058,79.82500000001164,-9103.125,-7896.25,-32.08749999999418,1792.0,837.9124999999985,-16205.162500000006,0.3999999999999999,-0.26249999999999996,0.11249999999999716,-0.0625,-0.3875000000000002,0.4749999999999943,0.05,0.2124999999999999,-0.3500000000000001,-0.30000000000000004,0.0625,0.5
-35301.225000000006,33.762499999953434,1535.4750000000058,166.82500000001164,-8984.125,-7884.25,-9.08749999999418,1853.0,846.9124999999985,-16067.162500000006,-0.6000000000000001,-0.26249999999999996,1.1124999999999972,-0.0625,-0.3875000000000002,0.4749999999999943,0.05,0.2124999999999999,-0.3500000000000001,-0.30000000000000004,0.0625,-0.5
-35295.225000000006,130.76249999995343,1479.4750000000058,178.82500000001164,-8935.125,-7839.25,71.91250000000582,1844.0,779.9124999999985,-16128.162500000006,-0.6000000000000001,0.7375,0.11249999999999716,-0.0625,-0.3875000000000002,-0.5250000000000057,0.05,0.2124999999999999,-0.3500000000000001,-0.30000000000000004,0.0625,-0.5
-35296.225000000006,161.76249999995343,1467.4750000000058,185.82500000001164,-9023.125,-7747.25,32.91250000000582,1816.0,740.9124999999985,-16177.162500000006,-0.6000000000000001,-0.26249999999999996,0.11249999999999716,-0.0625,-0.3875000000000002,0.4749999999999943,0.05,0.2124999999999999,-0.3500000000000001,-0.30000000000000004,0.0625,-0.5
-35177.225000000006,73.76249999995343,1551.4750000000058,192.82500000001164,-9067.125,-7911.25,77.91250000000582,1784.0,533.9124999999985,-16352.162500000006,0.3999999999999999,-0.26249999999999996,0.11249999999999716,-1.0625,-0.3875000000000002,0.4749999999999943,0.05,0.2124999999999999,-0.3500000000000001,0.7,0.0625,0.5
-35182.225000000006,128.76249999995343,1444.4750000000058,193.82500000001164,-8943.125,-7815.25,97.91250000000582,1829.0,642.9124999999985,-16266.162500000006,0.3999999999999999,-0.26249999999999996,-0.8875000000000028,-0.0625,0.6124999999999998,0.4749999999999943,0.05,0.2124999999999999,0.6499999999999999,-0.30000000000000004,0.0625,-1.5
-35204.225000000006,148.76249999995343,1384.4750000000058,116.82500000001164,-8898.125,-7788.25,240.91250000000582,1734.0,748.9124999999985,-16299.162500000006,0.3999999999999999,-1.2625,0.11249999999999716,-0.0625,0.6124999999999998,0.4749999999999943,-0.95,0.2124999999999999,0.6499999999999999,-0.30000000000000004,0.0625,-1.5
-35286.225000000006,57.762499999953434,1467.4750000000058,95.82500000001164,-8975.125,-7825.25,49.91250000000582,1786.0,688.9124999999985,-16264.162500000006,0.3999999999999999,-1.2625,0.11249999999999716,-0.0625,-0.3875000000000002,-0.5250000000000057,0.05,0.2124999999999999,0.6499999999999999,-0.30000000000000004,-0.9375,-0.5
-35190.225000000006,74.76249999995343,1473.4750000000058,-3.1749999999883585,-8875.125,-7736.25,-123.08749999999418,1788.0,649.9124999999985,-16182.162500000006,0.3999999999999999,-0.26249999999999996,0.11249999999999716,-1.0625,-0.3875000000000002,1.4749999999999943,0.05,0.2124999999999999,-0.3500000000000001,-0.30000000000000004,0.0625,0.5
-35139.225000000006,-9.237500000046566,1479.4750000000058,-10.174999999988358,-8761.125,-7665.25,68.91250000000582,1743.0,573.9124999999985,-16322.162500000006,0.3999999999999999,-0.26249999999999996,0.11249999999999716,-0.0625,0.6124999999999998,-0.5250000000000057,0.05,-0.7875000000000001,-0.3500000000000001,-0.30000000000000004,0.0625,0.5
-35245.225000000006,113.76249999995343,1417.4750000000058,76.82500000001164,-8881.125,-7726.25,65.91250000000582,1782.0,600.9124999999985,-16341.162500000006,0.3999999999999999,-0.26249999999999996,0.11249999999999716,-0.0625,-0.3875000000000002,-0.5250000000000057,0.05,0.2124999999999999,-0.3500000000000001,-0.30000000000000004,0.0625,-0.5
-35273.225000000006,166.76249999995343,1441.4750000000058,35.82500000001164,-8881.125,-7679.25,76.91250000000582,1864.0,490.91249999999854,-16147.162500000006,0.3999999999999999,-0.26249999999999996,0.11249999999999716,-0.0625,-0.3875000000000002,-0.5250000000000057,0.05,0.2124999999999999,0.6499999999999999,0.7,-0.9375,-0.5
-35110.225000000006,4.762499999953434,1511.4750000000058,-121.17499999998836,-8954.125,-7801.25,65.91250000000582,1742.0,499.91249999999854,-16310.162500000006,0.3999999999999999,-0.26249999999999996,-0.8875000000000028,-0.0625,0.6124999999999998,-0.5250000000000057,0.05,0.2124999999999999,-0.3500000000000001,-0.30000000000000004,0.0625,-0.5
-35071.225000000006,118.76249999995343,1338.4750000000058,-115.17499999998836,-8986.125,-7729.25,-44.08749999999418,1789.0,433.91249999999854,-16276.162500000006,0.3999999999999999,-0.26249999999999996,0.11249999999999716,-0.0625,-0.3875000000000002,-0.5250000000000057,0.05,0.2124999999999999,0.6499999999999999,0.7,0.0625,-0.5
-35235.225000000006,-6.237500000046566,1460.4750000000058,16.82500000001164,-8991.125,-7731.25,11.91250000000582,1832.0,474.91249999999854,-16156.162500000006,0.3999999999999999,-0.26249999999999996,0.11249999999999716,-0.0625,-0.3875000000000002,-0.5250000000000057,0.05,0.2124999999999999,0.6499999999999999,-0.30000000000000004,0.0625,0.5
-35108.225000000006,-74.23750000004657,1523.4750000000058,-142.17499999998836,-9012.125,-7747.25,66.91250000000582,1826.0,671.9124999999985,-16203.162500000006,0.3999999999999999,-0.26249999999999996,1.1124999999999972,-0.0625,-0.3875000000000002,-0.5250000000000057,0.05,0.2124999999999999,-0.3500000000000001,-0.30000000000000004,0.0625,-0.5
-35117.225000000006,-81.23750000004657,1516.4750000000058,-173.17499999998836,-8953.125,-7806.25,-54.08749999999418,1851.0,623.9124999999985,-16247.162500000006,0.3999999999999999,-0.26249999999999996,0.11249999999999716,-0.0625,-0.3875000000000002,0.4749999999999943,0.05,0.2124999999999999,-0.3500000000000001,-0.30000000000000004,0.0625,-0.5
-35134.225000000006,-219.23750000004657,1405.4750000000058,26.82500000001164,-9080.125,-7657.25,-68.08749999999418,1933.0,827.9124999999985,-16132.162500000006,0.3999999999999999,-0.26249999999999996,1.1124999999999972,-0.0625,0.6124999999999998,-0.5250000000000057,0.05,0.2124999999999999,-0.3500000000000001,0.7,0.0625,0.5
-35184.225000000006,27.762499999953434,1483.4750000000058,65.82500000001164,-8953.125,-7758.25,-61.08749999999418,1898.0,804.9124999999985,-16158.162500000006,-0.6000000000000001,0.7375,0.11249999999999716,-0.0625,0.6124999999999998,0.4749999999999943,0.05,0.2124999999999999,-0.3500000000000001,0.7,0.0625,-0.5
-35152.225000000006,-151.23750000004657,1497.4750000000058,165.82500000001164,-9098.125,-7786.25,-73.08749999999418,1860.0,661.9124999999985,-16094.162500000006,-0.6000000000000001,0.7375,0.11249999999999716,-0.0625,0.6124999999999998,-0.5250000000000057,0.05,0.2124999999999999,-0.3500000000000001,0.7,0.0625,-0.5
-35114.225000000006,-96.23750000004657,1553.4750000000058,49.82500000001164,-9120.125,-7649.25,-33.08749999999418,1909.0,764.9124999999985,-16107.162500000006,0.3999999999999999,0.7375,1.1124999999999972,-0.0625,0.6124999999999998,0.4749999999999943,0.05,-0.7875000000000001,-0.3500000000000001,-0.30000000000000004,0.0625,0.5
-35266.225000000006,82.76249999995343,1537.4750000000058,94.82500000001164,-9091.125,-7688.25,93.91250000000582,1846.0,727.9124999999985,-16250.162500000006,0.3999999999999999,0.7375,0.11249999999999716,-0.0625,-0.3875000000000002,-0.5250000000000057,0.05,0.2124999999999999,0.6499999999999999,-0.30000000000000004,0.0625,-0.5
-35106.225000000006,-45.237500000046566,1487.4750000000058,171.82500000001164,-9076.125,-7756.25,96.91250000000582,1735.0,811.9124999999985,-16278.162500000006,0.3999999999999999,-0.26249999999999996,-0.8875000000000028,-0.0625,0.6124999999999998,-0.5250000000000057,-0.95,0.2124999999999999,-0.3500000000000001,-0.30000000000000004,1.0625,0.5
-35098.225000000006,-288.23750000004657,1562.4750000000058,211.82500000001164,-9066.125,-7820.25,231.91250000000582,1730.0,943.9124999999985,-16353.162500000006,0.3999999999999999,-0.26249999999999996,0.11249999999999716,0.9375,-0.3875000000000002,-0.5250000000000057,0.05,0.2124999999999999,-0.3500000000000001,-0.30000000000000004,0.0625,0.5
-35153.225000000006,-73.23750000004657,1489.4750000000058,192.82500000001164,-9111.125,-7654.25,44.91250000000582,1773.0,832.9124999999985,-16365.162500000006,0.3999999999999999,-0.26249999999999996,-0.8875000000000028,-0.0625,0.6124999999999998,0.4749999999999943,0.05,0.2124999999999999,-0.3500000000000001,0.7,0.0625,-1.5
-35143.225000000006,56.762499999953434,1431.4750000000058,255.82500000001164,-8915.125,-7732.25,42.91250000000582,1754.0,750.9124999999985,-16347.162500000006,-0.6000000000000001,-0.26249999999999996,0.11249999999999716,-0.0625,-0.3875000000000002,0.4749999999999943,0.05,0.2124999999999999,-0.3500000000000001,-0.30000000000000004,0.0625,-0.5
-35228.225000000006,90.76249999995343,1473.4750000000058,299.82500000001164,-8934.125,-7668.25,25.91250000000582,1793.0,692.9124999999985,-16395.162500000006,-0.6000000000000001,-0.26249999999999996,1.1124999999999972,-0.0625,-0.3875000000000002,0.4749999999999943,0.05,0.2124999999999999,0.6499999999999999,0.7,-0.9375,0.5
-35255.225000000006,0.7624999999534339,1304.4750000000058,269.82500000001164,-9001.125,-7775.25,97.91250000000582,1733.0,559.9124999999985,-16390.162500000006,0.3999999999999999,-0.26249999999999996,-0.8875000000000028,-0.0625,0.6124999999999998,-0.5250000000000057,0.05,0.2124999999999999,-0.3500000000000001,-0.30000000000000004,0.0625,-0.5
-35284.225000000006,-5.237500000046566,1114.4750000000058,139.82500000001164,-9040.125,-7918.25,49.91250000000582,1857.0,537.9124999999985,-16293.162500000006,-0.6000000000000001,0.7375,0.11249999999999716,-0.0625,0.6124999999999998,1.4749999999999943,0.05,0.2124999999999999,-0.3500000000000001,-0.30000000000000004,0.0625,0.5
-34981.225000000006,37.762499999953434,1383.4750000000058,251.82500000001164,-8855.125,-7702.25,173.91250000000582,1735.0,604.9124999999985,-16168.162500000006,0.3999999999999999,-0.26249999999999996,0.11249999999999716,-0.0625,0.6124999999999998,0.4749999999999943,-0.95,0.2124999999999999,-0.3500000000000001,0.7,-0.9375,0.5
-35122.225000000006,30.762499999953434,1598.4750000000058,116.82500000001164,-8880.125,-7624.25,189.91250000000582,1760.0,764.9124999999985,-16110.162500000006,0.3999999999999999,-0.26249999999999996,0.11249999999999716,-0.0625,-0.3875000000000002,-0.5250000000000057,0.05,0.2124999999999999,-0.3500000000000001,-0.30000000000000004,0.0625,-0.5
-35202.225000000006,-36.237500000046566,1585.4750000000058,162.82500000001164,-8871.125,-7658.25,211.91250000000582,1802.0,788.9124999999985,-16168.162500000006,0.3999999999999999,-0.26249999999999996,0.11249999999999716,-0.0625,-0.3875000000000002,0.4749999999999943,0.05,-0.7875000000000001,0.6499999999999999,-0.30000000000000004,0.0625,1.5
-35134.225000000006,-230.23750000004657,1598.4750000000058,90.82500000001164,-8860.125,-7674.25,130.91250000000582,1784.0,665.9124999999985,-16151.162500000006,0.3999999999999999,-0.26249999999999996,0.11249999999999716,-0.0625,-0.3875000000000002,-0.5250000000000057,0.05,-0.7875000000000001,-0.3500000000000001,0.7,0.0625,1.5
-35004.225000000006,-203.23750000004657,1485.4750000000058,30.82500000001164,-8871.125,-7745.25,25.91250000000582,1813.0,664.9124999999985,-16160.162500000006,0.3999999999999999,-0.26249999999999996,0.11249999999999716,-0.0625,-0.3875000000000002,0.4749999999999943,0.05,0.2124999999999999,-0.3500000000000001,-0.30000000000000004,0.0625,-0.5
-35086.225000000006,60.762499999953434,1444.4750000000058,-46.17499999998836,-8912.125,-7670.25,-102.08749999999418,1884.0,644.9124999999985,-16311.162500000006,-0.6000000000000001,-0.26249999999999996,0.11249999999999716,-0.0625,-0.3875000000000002,0.4749999999999943,0.05,0.2124999999999999,-0.3500000000000001,-0.30000000000000004,0.0625,0.5
-35256.225000000006,-2.237500000046566,1648.4750000000058,-60.17499999998836,-8951.125,-7776.25,138.91250000000582,1791.0,634.9124999999985,-16094.162500000006,0.3999999999999999,0.7375,0.11249999999999716,-0.0625,0.6124999999999998,0.4749999999999943,0.05,-0.7875000000000001,0.6499999999999999,-0.30000000000000004,0.0625,1.5
-35218.225000000006,-233.23750000004657,1771.4750000000058,-25.17499999998836,-9212.125,-7851.25,188.91250000000582,1761.0,515.9124999999985,-16214.162500000006,-0.6000000000000001,0.7375,-0.8875000000000028,-0.0625,0.6124999999999998,0.4749999999999943,0.05,0.2124999999999999,-0.3500000000000001,-0.30000000000000004,0.0625,0.5
-35027.225000000006,-477.23750000004657,1780.4750000000058,-80.17499999998836,-9228.125,-8045.25,197.91250000000582,1536.0,565.9124999999985,-16301.162500000006,0.3999999999999999,0.7375,0.11249999999999716,-0.0625,0.6124999999999998,-0.5250000000000057,0.05,1.2125,0.6499999999999999,-0.30000000000000004,0.0625,-0.5
-35093.225000000006,-284.23750000004657,1678.4750000000058,-120.17499999998836,-9240.125,-8015.25,125.91250000000582,1696.0,525.9124999999985,-16183.162500000006,0.3999999999999999,0.7375,0.11249999999999716,-0.0625,-0.3875000000000002,0.4749999999999943,-0.95,0.2124999999999999,-0.3500000000000001,0.7,0.0625,0.5
-35208.225000000006,-129.23750000004657,1535.4750000000058,-136.17499999998836,-9500.125,-8009.25,28.91250000000582,1698.0,335.91249999999854,-16597.162500000006,0.3999999999999999,0.7375,1.1124999999999972,-0.0625,0.6124999999999998,-1.5250000000000057,0.05,0.2124999999999999,-0.3500000000000001,0.7,0.0625,-0.5
-35226.225000000006,-181.23750000004657,1774.4750000000058,-253.17499999998836,-9524.125,-8314.25,30.91250000000582,1776.0,505.91249999999854,-17020.162500000006,1.4,-0.26249999999999996,0.11249999999999716,-0.0625,0.6124999999999998,0.4749999999999943,-0.95,-0.7875000000000001,0.6499999999999999,0.7,0.0625,-1.5
-35397.225000000006,-252.23750000004657,1700.4750000000058,-346.17499999998836,-9708.125,-8811.25,232.91250000000582,1712.0,304.91249999999854,-17537.162500000006,-0.6000000000000001,-0.26249999999999996,0.11249999999999716,0.9375,-0.3875000000000002,0.4749999999999943,0.05,0.2124999999999999,-0.3500000000000001,0.7,0.0625,-0.5
-35592.225000000006,-280.23750000004657,1631.4750000000058,-243.17499999998836,-10198.125,-8964.25,4.912500000005821,1581.0,261.91249999999854,-17899.162500000006,0.3999999999999999,-0.26249999999999996,0.11249999999999716,-0.0625,-0.3875000000000002,0.4749999999999943,0.05,-0.7875000000000001,0.6499999999999999,0.7,-0.9375,0.5
-35705.225000000006,-148.23750000004657,1643.4750000000058,-192.17499999998836,-10252.125,-8630.25,215.91250000000582,1470.0,465.91249999999854,-17584.162500000006,0.3999999999999999,-0.26249999999999996,-0.8875000000000028,-0.0625,0.6124999999999998,0.4749999999999943,0.05,0.2124999999999999,0.6499999999999999,-0.30000000000000004,1.0625,0.5
-35339.225000000006,-230.23750000004657,1490.4750000000058,-155.17499999998836,-10332.125,-8301.25,105.91250000000582,1588.0,444.91249999999854,-17287.162500000006,0.3999999999999999,0.7375,0.11249999999999716,-0.0625,0.6124999999999998,0.4749999999999943,0.05,0.2124999999999999,-0.3500000000000001,0.7,0.0625,-0.5
-35212.225000000006,-155.23750000004657,1396.4750000000058,-96.17499999998836,-10002.125,-8341.25,31.91250000000582,1618.0,367.91249999999854,-16732.162500000006,0.3999999999999999,-0.26249999999999996,0.11249999999999716,-1.0625,0.6124999999999998,0.4749999999999943,0.05,0.2124999999999999,-0.3500000000000001,-0.30000000000000004,0.0625,-0.5
-35403.225000000006,-94.23750000004657,1374.4750000000058,-157.17499999998836,-9596.125,-8251.25,-14.08749999999418,1566.0,356.91249999999854,-16595.162500000006,0.3999999999999999,-0.26249999999999996,0.11249999999999716,-1.0625,0.6124999999999998,0.4749999999999943,0.05,0.2124999999999999,0.6499999999999999,-0.30000000000000004,0.0625,0.5
-35156.225000000006,-209.23750000004657,1442.4750000000058,-9.174999999988358,-9629.125,-8280.25,-25.08749999999418,1563.0,459.91249999999854,-16503.162500000006,-0.6000000000000001,-0.26249999999999996,0.11249999999999716,-0.0625,-0.3875000000000002,1.4749999999999943,0.05,0.2124999999999999,0.6499999999999999,-0.30000000000000004,0.0625,0.5
-35129.225000000006,-39.237500000046566,1262.4750000000058,-145.17499999998836,-9568.125,-8125.25,66.91250000000582,1617.0,437.91249999999854,-16495.162500000006,1.4,0.7375,2.112499999999997,0.9375,-0.3875000000000002,1.4749999999999943,0.05,0.2124999999999999,0.6499999999999999,-0.30000000000000004,0.0625,1.5
-35204.225000000006,360.76249999995343,1215.4750000000058,-83.17499999998836,-9267.125,-8189.25,279.9125000000058,1629.0,699.9124999999985,-16446.162500000006,1.4,-1.2625,-0.8875000000000028,0.9375,-0.3875000000000002,-0.5250000000000057,0.05,-0.7875000000000001,0.6499999999999999,1.7,0.0625,-0.5
-35656.225000000006,-38.237500000046566,1328.4750000000058,-15.174999999988358,-9189.125,-8156.25,-113.08749999999418,1737.0,750.9124999999985,-16863.162500000006,-0.6000000000000001,-1.2625,1.1124999999999972,-0.0625,-1.3875000000000002,-0.5250000000000057,0.05,0.2124999999999999,-0.3500000000000001,0.7,-0.9375,0.5
-34422.225000000006,-1033.2375000000466,896.4750000000058,-704.1749999999884,-9870.125,-8220.25,-504.0874999999942,1785.0,223.91249999999854,-17801.162500000006,0.3999999999999999,-1.2625,1.1124999999999972,-0.0625,-0.3875000000000002,1.4749999999999943,0.05,-0.7875000000000001,-0.3500000000000001,-0.30000000000000004,-0.9375,0.5
-35345.225000000006,-396.23750000004657,956.4750000000058,-655.1749999999884,-9718.125,-8892.25,34.91250000000582,1747.0,814.9124999999985,-17960.162500000006,-1.6,-2.2625,1.1124999999999972,-1.0625,-2.3875,1.4749999999999943,-0.95,0.2124999999999999,-0.3500000000000001,-1.3,-0.9375,0.5
-35811.225000000006,220.76249999995343,1271.4750000000058,71.82500000001164,-9473.125,-8966.25,501.9125000000058,1390.0,1178.9124999999985,-17537.162500000006,0.3999999999999999,-0.26249999999999996,4.112499999999997,0.9375,0.6124999999999998,0.4749999999999943,0.05,0.2124999999999999,0.6499999999999999,-1.3,0.0625,0.5
-36062.225000000006,544.7624999999534,1675.4750000000058,194.82500000001164,-9455.125,-9151.25,753.9125000000058,1239.0,1354.9124999999985,-17344.162500000006,-0.6000000000000001,-0.26249999999999996,-1.8875000000000028,-0.0625,-0.3875000000000002,-0.5250000000000057,0.05,0.2124999999999999,0.6499999999999999,0.7,-0.9375,-1.5
-35558.225000000006,-12.237500000046566,1264.4750000000058,-938.1749999999884,-10512.125,-8860.25,64.91250000000582,1663.0,490.91249999999854,-18784.162500000006,1.4,-1.2625,1.1124999999999972,0.9375,-0.3875000000000002,1.4749999999999943,0.05,0.2124999999999999,0.6499999999999999,-0.30000000000000004,0.0625,-0.5
-34770.225000000006,-991.2375000000466,1284.4750000000058,-334.17499999998836,-10146.125,-8358.25,-500.0874999999942,1527.0,394.91249999999854,-17858.162500000006,-0.6000000000000001,0.7375,2.112499999999997,-1.0625,0.6124999999999998,0.4749999999999943,0.05,0.2124999999999999,0.6499999999999999,0.7,1.0625,0.5
-35980.225000000006,89.76249999995343,1521.4750000000058,63.82500000001164,-9809.125,-9295.25,391.9125000000058,1477.0,1365.9124999999985,-17676.162500000006,0.3999999999999999,0.7375,0.11249999999999716,-0.0625,0.6124999999999998,-1.5250000000000057,0.05,-0.7875000000000001,-0.3500000000000001,1.7,1.0625,-0.5
-35461.225000000006,-411.23750000004657,1527.4750000000058,-149.17499999998836,-10152.125,-8953.25,-107.08749999999418,1685.0,905.9124999999985,-18127.162500000006,0.3999999999999999,1.7375,1.1124999999999972,0.9375,-0.3875000000000002,-0.5250000000000057,0.05,0.2124999999999999,-0.3500000000000001,0.7,0.0625,1.5
-35217.225000000006,-562.2375000000466,1532.4750000000058,-530.1749999999884,-10611.125,-8736.25,-47.08749999999418,1679.0,609.9124999999985,-18117.162500000006,0.3999999999999999,-1.2625,-0.8875000000000028,-0.0625,-0.3875000000000002,-0.5250000000000057,0.05,0.2124999999999999,0.6499999999999999,0.7,-0.9375,-0.5
-36379.225000000006,685.7624999999534,1803.4750000000058,284.82500000001164,-9958.125,-9087.25,846.9125000000058,1496.0,1115.9124999999985,-17862.162500000006,1.4,0.7375,0.11249999999999716,-1.0625,0.6124999999999998,-3.5250000000000057,0.05,0.2124999999999999,-0.3500000000000001,-0.30000000000000004,0.0625,-3.5
-35821.225000000006,-21.237500000046566,1419.4750000000058,-124.17499999998836,-10708.125,-8944.25,290.9125000000058,1608.0,911.9124999999985,-17398.162500000006,1.4,-1.2625,-1.8875000000000028,0.9375,-1.3875000000000002,-1.5250000000000057,0.05,0.2124999999999999,-0.3500000000000001,0.7,0.0625,0.5
-35280.225000000006,-457.23750000004657,1123.4750000000058,-347.17499999998836,-10925.125,-8443.25,-475.0874999999942,1570.0,-113.08750000000146,-18676.162500000006,-1.6,1.7375,2.112499999999997,-1.0625,1.6124999999999998,1.4749999999999943,0.05,0.2124999999999999,0.6499999999999999,-0.30000000000000004,1.0625,2.5
-35774.225000000006,-269.23750000004657,1542.4750000000058,391.82500000001164,-10324.125,-8596.25,79.91250000000582,1430.0,1025.9124999999985,-17741.162500000006,3.4,-1.2625,-2.887500000000003,0.9375,-0.3875000000000002,-1.5250000000000057,0.05,1.2125,-0.3500000000000001,0.7,-0.9375,0.5
-36867.225000000006,778.7624999999534,1902.4750000000058,821.8250000000116,-10031.125,-9095.25,831.9125000000058,1443.0,1061.9124999999985,-17617.162500000006,-0.6000000000000001,-0.26249999999999996,0.11249999999999716,-0.0625,0.6124999999999998,-2.5250000000000057,0.05,0.2124999999999999,0.6499999999999999,0.7,0.0625,-1.5
-35942.225000000006,-336.23750000004657,1300.4750000000058,-74.17499999998836,-10328.125,-8245.25,318.9125000000058,1662.0,98.91249999999854,-18491.162500000006,-0.6000000000000001,-2.2625,1.1124999999999972,-0.0625,1.6124999999999998,-0.5250000000000057,0.05,0.2124999999999999,-0.3500000000000001,-0.30000000000000004,0.0625,1.5
-35877.225000000006,-590.2375000000466,1268.4750000000058,-379.17499999998836,-10406.125,-8972.25,-129.08749999999418,1783.0,266.91249999999854,-18867.162500000006,1.4,-2.2625,1.1124999999999972,0.9375,-1.3875000000000002,-0.5250000000000057,0.05,0.2124999999999999,-0.3500000000000001,-0.30000000000000004,0.0625,5.5
-35915.225000000006,-120.23750000004657,1219.4750000000058,13.825000000011642,-10154.125,-8934.25,970.9125000000058,1302.0,738.9124999999985,-18264.162500000006,-12.6,-35.2625,-47.8875,-80.0625,-41.3875,174.475,0.05,0.2124999999999999,-0.3500000000000001,5.7,6.0625,-10.5
-23217.225000000006,111552.76249999995,2036.4750000000058,-1347.1749999999884,-10020.125,2190.75,50498.912500000006,1284.0,865.9124999999985,-17764.162500000006,-7.6,-28.2625,5.112499999999997,58.9375,3.6125,-165.525,-0.95,0.2124999999999999,-0.3500000000000001,-4.3,12.0625,-2.5
-10520.225000000006,209371.76249999995,7914.475000000006,377.82500000001164,-8201.125,76159.75,163987.9125,892.0,1041.9124999999985,-16608.162500000006,1.4,31.7375,8.112499999999997,30.9375,-2.3875,-36.525000000000006,1.05,-2.7875,1.65,12.7,1.0625,13.5
12149.774999999994,241770.76249999995,8505.475000000006,1587.8250000000116,-6937.125,323900.75,209171.9125,-1938.0,2157.9124999999985,-12843.162500000006,-1.6,-8.2625,1.1124999999999972,-14.0625,-40.3875,-12.525000000000006,-0.95,1.2125,-2.35,-7.3,-8.9375,3.5
31764.774999999994,219085.76249999995,6965.475000000006,-775.1749999999884,-5937.125,284657.75,234072.9125,1010.0,-1332.0875000000015,-18182.162500000006,2.4,15.7375,5.112499999999997,7.9375,9.6125,-7.525000000000006,1.05,-0.7875000000000001,0.6499999999999999,12.7,-7.9375,15.5
26175.774999999994,140745.76249999995,-259.5249999999942,113.82500000001164,-53.125,125334.75,170581.9125,2566.0,1267.9124999999985,-15186.162500000006,1.4,-1.2625,7.112499999999997,-2.0625,32.6125,10.474999999999994,0.05,-0.7875000000000001,0.6499999999999999,11.7,7.0625,5.5
28586.774999999994,72053.76249999995,-2219.524999999994,-409.17499999998836,203.875,95013.75,121898.9125,3338.0,-109.08750000000146,-18042.162500000006,32.4,5.7375,-56.8875,-1.0625,10.6125,10.474999999999994,-0.95,-0.7875000000000001,-2.35,-3.3,6.0625,-3.5
-14979.225000000006,-368.23750000004657,-886.5249999999942,375.82500000001164,2204.875,72835.75,33726.912500000006,3341.0,-119.08750000000146,-18894.162500000006,10.4,-9.2625,-85.8875,16.9375,10.6125,-18.525000000000006,0.05,0.2124999999999999,-1.35,-0.30000000000000004,0.0625,-8.5
-3513.225000000006,6417.762499999953,-1776.5249999999942,-1136.1749999999884,-105.125,43947.75,38440.912500000006,3810.0,-943.0875000000015,-19573.162500000006,-4.6,16.7375,25.112499999999997,-25.0625,9.6125,36.474999999999994,0.05,1.2125,0.6499999999999999,-5.3,-19.9375,4.5
26328.774999999994,66991.76249999995,1840.4750000000058,-1317.1749999999884,391.875,71957.75,142418.9125,3525.0,-1048.0875000000015,-20245.162500000006,2.4,-3.2625,-8.887500000000003,28.9375,-13.3875,-17.525000000000006,-0.95,-0.7875000000000001,0.6499999999999999,-3.3,-20.9375,-4.5
36725.774999999994,158027.76249999995,8294.475000000006,2210.8250000000116,-474.125,89452.75,183904.9125,3139.0,1564.9124999999985,-16771.162500000006,-7.6,8.7375,9.112499999999997,2.9375,13.6125,-5.525000000000006,-0.95,0.2124999999999999,-0.3500000000000001,-1.3,1.0625,-12.5
35058.774999999994,137142.76249999995,6892.475000000006,1095.8250000000116,-2390.125,94753.75,188011.9125,4076.0,2766.9124999999985,-15960.162500000006,-0.6000000000000001,1.7375,-11.887500000000003,-1.0625,-8.3875,-6.525000000000006,0.05,-0.7875000000000001,2.65,3.7,4.0625,2.5
29779.774999999994,73590.76249999995,4447.475000000006,-1870.1749999999884,-2008.125,86911.75,190993.9125,5392.0,-1305.0875000000015,-21771.162500000006,-5.6,10.7375,24.112499999999997,4.9375,1.6124999999999998,-10.525000000000006,0.05,1.2125,0.6499999999999999,-1.3,8.0625,5.5
2564.774999999994,36435.76249999995,511.4750000000058,390.82500000001164,651.875,76085.75,155193.9125,4375.0,674.9124999999985,-18019.162500000006,0.3999999999999999,-4.2625,-10.887500000000003,-4.0625,3.6125,2.4749999999999943,0.05,0.2124999999999999,-0.3500000000000001,-2.3,0.0625,0.5
14868.774999999994,54868.76249999995,-388.5249999999942,-1250.1749999999884,-720.125,77914.75,152609.9125,4304.0,-61.087500000001455,-19723.162500000006,0.3999999999999999,-9.2625,9.112499999999997,-1.0625,-7.3875,3.4749999999999943,0.05,-0.7875000000000001,0.6499999999999999,-3.3,-1.9375,1.5
25991.774999999994,83805.76249999995,1495.4750000000058,-210.17499999998836,-1995.125,77070.75,155242.9125,3691.0,-555.0875000000015,-20193.162500000006,3.4,5.7375,8.112499999999997,-1.0625,-1.3875000000000002,1.4749999999999943,0.05,0.2124999999999999,-0.3500000000000001,-1.3,1.0625,3.5
31707.774999999994,117988.76249999995,2913.475000000006,767.8250000000116,-1000.125,75322.75,161687.9125,2643.0,1362.9124999999985,-17872.162500000006,-5.6,-2.2625,11.112499999999997,-1.0625,-3.3875,-1.5250000000000057,0.05,-0.7875000000000001,-0.3500000000000001,-2.3,1.0625,-0.5
15345.774999999994,112843.76249999995,3004.475000000006,721.8250000000116,-1353.125,72013.75,165285.9125,2827.0,418.91249999999854,-18113.162500000006,3.4,-4.2625,-21.887500000000003,-5.0625,7.6125,7.474999999999994,-0.95,0.2124999999999999,0.6499999999999999,-0.30000000000000004,-0.9375,8.5
6826.774999999994,77203.76249999995,770.4750000000058,-733.1749999999884,-1464.125,62024.75,166252.9125,3649.0,360.91249999999854,-19069.162500000006,3.4,1.7375,-9.887500000000003,-0.0625,-9.3875,-0.5250000000000057,0.05,-0.7875000000000001,-0.3500000000000001,-2.3,1.0625,0.5
-1537.2250000000058,44414.76249999995,110.47500000000582,-234.17499999998836,-862.125,55599.75,183169.9125,4310.0,771.9124999999985,-19098.162500000006,3.4,-4.2625,-1.8875000000000028,-1.0625,-2.3875,2.4749999999999943,0.05,-0.7875000000000001,-0.3500000000000001,1.7,-1.9375,0.5
-1905.2250000000058,68561.76249999995,963.4750000000058,797.8250000000116,118.875,44775.75,186347.9125,4138.0,2207.9124999999985,-17017.162500000006,3.4,5.7375,-2.887500000000003,4.9375,4.6125,-1.5250000000000057,0.05,0.2124999999999999,-0.3500000000000001,0.7,-0.9375,-1.5
749.7749999999942,82487.76249999995,1048.4750000000058,-148.17499999998836,-527.125,41560.75,175519.9125,3472.0,1232.9124999999985,-19123.162500000006,1.4,-5.2625,-0.8875000000000028,2.9375,5.6125,7.474999999999994,0.05,0.2124999999999999,0.6499999999999999,-2.3,0.0625,-0.5
1009.7749999999942,75744.76249999995,783.4750000000058,-51.17499999998836,-510.125,46422.75,188061.9125,3315.0,1359.9124999999985,-18743.162500000006,1.4,-1.2625,7.112499999999997,9.9375,6.6125,3.4749999999999943,0.05,0.2124999999999999,-0.3500000000000001,0.7,0.0625,1.5
-3911.225000000006,74664.76249999995,474.4750000000058,932.8250000000116,587.875,29430.75,167013.9125,3231.0,1864.9124999999985,-16782.162500000006,4.4,10.7375,-6.887500000000003,2.9375,27.6125,-0.5250000000000057,0.05,0.2124999999999999,0.6499999999999999,-1.3,3.0625,4.5
-10230.225000000006,70303.76249999995,242.47500000000582,429.82500000001164,161.875,31298.75,174163.9125,2672.0,797.9124999999985,-17292.162500000006,1.4,-2.2625,-5.887500000000003,-5.0625,-1.3875000000000002,15.474999999999994,0.05,0.2124999999999999,0.6499999999999999,0.7,2.0625,0.5
-13388.225000000006,55693.76249999995,55.47500000000582,665.8250000000116,795.875,25664.75,202499.9125,3351.0,1202.9124999999985,-17071.162500000006,-1.6,-3.2625,9.112499999999997,-11.0625,0.6124999999999998,-1.5250000000000057,0.05,0.2124999999999999,1.65,2.7,1.0625,-1.5
-15017.225000000006,65515.76249999995,-114.52499999999418,-141.17499999998836,-68.125,13842.75,170557.9125,3725.0,292.91249999999854,-17914.162500000006,5.4,-14.2625,1.1124999999999972,-4.0625,-7.3875,1.4749999999999943,0.05,0.2124999999999999,-0.3500000000000001,-0.30000000000000004,-7.9375,-9.5
-19386.225000000006,71774.76249999995,-134.52499999999418,1115.8250000000116,703.875,10569.75,170975.9125,2473.0,647.9124999999985,-15570.162500000006,4.4,3.7375,3.112499999999997,16.9375,-7.3875,-33.525000000000006,0.05,0.2124999999999999,-0.3500000000000001,2.7,2.0625,-5.5
-38068.225000000006,88473.76249999995,298.4750000000058,373.82500000001164,1195.875,4865.75,195161.9125,1852.0,409.91249999999854,-16221.162500000006,1.4,-10.2625,-6.887500000000003,-19.0625,19.6125,17.474999999999994,0.05,-0.7875000000000001,-0.3500000000000001,-0.30000000000000004,-3.9375,-2.5
-32621.225000000006,106623.76249999995,-608.5249999999942,-224.17499999998836,949.875,-1851.25,164363.9125,1503.0,-455.08750000000146,-17844.162500000006,2.4,-19.2625,-3.887500000000003,-11.0625,-8.3875,-17.525000000000006,0.05,0.2124999999999999,-0.3500000000000001,1.7,-0.9375,-0.5
-42293.225000000006,69533.76249999995,-590.5249999999942,132.82500000001164,1537.875,-25384.25,172890.9125,1907.0,-49.087500000001455,-16312.162500000006,8.4,5.7375,-6.887500000000003,-2.0625,-14.3875,-12.525000000000006,0.05,0.2124999999999999,-0.3500000000000001,0.7,-0.9375,3.5
-50805.225000000006,93421.76249999995,-461.5249999999942,411.82500000001164,1834.875,-30307.25,182913.9125,2067.0,830.9124999999985,-16556.162500000006,4.4,3.7375,9.112499999999997,1.9375,14.6125,9.474999999999994,0.05,0.2124999999999999,1.65,-1.3,-9.9375,11.5
-60703.225000000006,88280.76249999995,-702.5249999999942,-73.17499999998836,1775.875,-36059.25,192698.9125,2176.0,911.9124999999985,-16415.162500000006,-5.6,-28.2625,0.11249999999999716,-13.0625,21.6125,14.474999999999994,0.05,0.2124999999999999,-0.3500000000000001,-0.30000000000000004,1.0625,1.5
-58937.225000000006,86430.76249999995,-902.5249999999942,380.82500000001164,2305.875,-27774.25,168478.9125,1578.0,1296.9124999999985,-15023.162500000006,-1.6,24.7375,4.112499999999997,4.9375,-11.3875,-18.525000000000006,0.05,0.2124999999999999,-0.3500000000000001,1.7,5.0625,3.5
-66576.225,79086.76249999995,-1006.5249999999942,-494.17499999998836,1104.875,-30637.25,146086.9125,1083.0,-183.08750000000146,-17673.162500000006,14.4,3.7375,-32.8875,-16.0625,-9.3875,12.474999999999994,-0.95,0.2124999999999999,-1.35,2.7,4.0625,-2.5
-88365.225,92552.76249999995,-1371.5249999999942,-194.17499999998836,2467.875,-39496.25,156915.9125,1170.0,315.91249999999854,-16376.162500000006,16.4,11.7375,-30.887500000000003,9.9375,-16.3875,-21.525000000000006,0.05,0.2124999999999999,-1.35,3.7,8.0625,-0.5
-88417.225,94253.76249999995,-925.5249999999942,340.82500000001164,2760.875,-27598.25,171667.9125,265.0,1346.9124999999985,-15072.162500000006,3.4,14.7375,-9.887500000000003,6.9375,-12.3875,-19.525000000000006,0.05,-0.7875000000000001,0.6499999999999999,4.7,1.0625,3.5
-81306.225,90634.76249999995,-733.5249999999942,601.8250000000116,2748.875,-26000.25,173736.9125,596.0,1017.9124999999985,-15301.162500000006,-10.6,-36.2625,-10.887500000000003,1.9375,-12.3875,-14.525000000000006,-0.95,1.2125,-0.3500000000000001,-4.3,-10.9375,-3.5
-38674.225000000006,49003.76249999995,-1127.5249999999942,-211.17499999998836,1485.875,-23908.25,173897.9125,1643.0,258.91249999999854,-15793.162500000006,-3.6,26.7375,1.1124999999999972,-12.0625,7.6125,5.474999999999994,0.05,0.2124999999999999,0.6499999999999999,6.7,-6.9375,-1.5
-21908.225000000006,9192.762499999953,-725.5249999999942,42.82500000001164,1882.875,-24774.25,168346.9125,2266.0,1387.9124999999985,-15303.162500000006,4.4,-2.2625,11.112499999999997,-3.0625,10.6125,-5.525000000000006,0.05,0.2124999999999999,-1.35,-1.3,4.0625,2.5
-18444.225000000006,566.7624999999534,-1720.5249999999942,703.8250000000116,2000.875,-18361.25,138681.9125,8194.0,1510.9124999999985,-14943.162500000006,-2.6,-6.2625,-5.887500000000003,-7.0625,-20.3875,4.474999999999994,0.05,0.2124999999999999,-0.3500000000000001,2.7,6.0625,6.5
-20758.225000000006,737.7624999999534,-2764.524999999994,409.82500000001164,914.875,14789.75,50240.912500000006,32474.0,1564.9124999999985,-14589.162500000006,76.4,10.7375,-395.8875,3.9375,49.6125,-171.525,0.05,0.2124999999999999,1.65,2.7,7.0625,-2.5
15255.774999999994,69072.76249999995,-3941.524999999994,-582.1749999999884,390.875,-4423.25,2885.912500000006,69421.0,544.9124999999985,-14318.162500000006,-30.6,21.7375,46.1125,-74.0625,32.6125,11.474999999999994,0.05,-0.7875000000000001,-1.35,1.7,16.0625,-31.5
42895.774999999994,275045.76249999995,2859.475000000006,-1011.1749999999884,-503.125,128549.75,64502.912500000006,71084.0,-206.08750000000146,-14699.162500000006,18.4,-34.2625,-37.8875,136.9375,-27.3875,-0.5250000000000057,2.05,1.2125,2.65,7.7,-8.9375,-21.5
49106.774999999994,318480.76249999995,9961.475000000006,1891.8250000000116,-3036.125,332154.75,277681.9125,63033.0,3777.9124999999985,-16212.162500000006,-8.6,11.7375,15.112499999999997,-62.0625,35.6125,-25.525000000000006,-0.95,0.2124999999999999,-0.3500000000000001,-3.3,-12.9375,-14.5
44026.774999999994,267588.76249999995,1207.4750000000058,2106.8250000000116,-4620.125,356978.75,229569.9125,31985.0,2043.9124999999985,-13387.162500000006,-2.6,-27.2625,-0.8875000000000028,-36.0625,24.6125,-20.525000000000006,0.05,0.2124999999999999,-1.35,6.7,-27.9375,-11.5
42770.774999999994,248821.76249999995,-2277.524999999994,-1316.1749999999884,-4480.125,70749.75,182942.9125,9698.0,-1409.0875000000015,-18699.162500000006,-19.6,13.7375,43.1125,27.9375,34.6125,-41.525000000000006,0.05,1.2125,-0.3500000000000001,-3.3,-0.9375,-21.5
29839.774999999994,277269.76249999995,-6228.524999999994,1994.8250000000116,2129.875,73797.75,154298.9125,76370.0,96.91249999999854,-11419.162500000006,22.4,-4.2625,-40.8875,34.9375,24.6125,-8.525000000000006,0.05,1.2125,1.65,7.7,16.0625,6.5
-1265.2250000000058,164504.76249999995,-16587.524999999994,90.82500000001164,3712.875,71281.75,152339.9125,92734.0,-639.0875000000015,-9574.162500000006,-13.6,-8.2625,45.1125,-16.0625,-18.3875,-32.525000000000006,-0.95,0.2124999999999999,-0.3500000000000001,-4.3,2.0625,-0.5
-15303.225000000006,31479.762499999953,-18546.524999999994,-1154.1749999999884,915.875,3106.75,92516.9125,78076.0,-2356.0875000000015,-15944.162500000006,18.4,25.7375,-0.8875000000000028,6.9375,-7.3875,-10.525000000000006,0.05,-1.7875,-1.35,0.7,5.0625,-4.5
-23915.225000000006,2953.7624999999534,-21520.524999999994,246.82500000001164,1659.875,-5428.25,19969.912500000006,56320.0,2548.9124999999985,-13468.162500000006,-10.6,18.7375,35.1125,-14.0625,-9.3875,-6.525000000000006,-0.95,0.2124999999999999,-1.35,28.7,-0.9375,5.5
-26416.225000000006,1582.7624999999534,-16491.524999999994,1114.8250000000116,248.875,-3843.25,-101.08749999999418,61434.0,222.91249999999854,-15877.162500000006,-8.6,-10.2625,1.1124999999999972,0.9375,-1.3875000000000002,-33.525000000000006,0.05,0.2124999999999999,1.65,-36.3,19.0625,-20.5
-24673.225000000006,3496.7624999999534,-11092.524999999994,77864.82500000001,14633.875,-7766.25,3533.912500000006,64703.0,-785.0875000000015,-12452.162500000006,-35.6,-9.2625,111.1125,42.9375,-8.3875,41.474999999999994,1.05,1.2125,-0.3500000000000001,24.7,11.0625,2.5
-24985.225000000006,88922.76249999995,-10834.524999999994,128507.82500000001,31277.875,3922.75,89029.9125,62370.0,998.9124999999985,-11236.162500000006,5.4,-29.2625,-18.887500000000003,-21.0625,-45.3875,65.475,-1.95,0.2124999999999999,-1.35,-35.3,-16.9375,-9.5
-14656.225000000006,215474.76249999995,13293.475000000006,125740.82500000001,75227.875,40595.75,228303.9125,55999.0,71177.9125,12299.837499999994,23.4,15.7375,-44.8875,-37.0625,-5.3875,73.475,-0.95,-0.7875000000000001,-0.3500000000000001,-3.3,0.0625,-4.5
-27457.225000000006,169430.76249999995,14665.475000000006,159985.825,33649.875,16219.75,190595.9125,29899.0,139120.9125,68990.8375,-17.6,15.7375,43.1125,7.9375,8.6125,15.474999999999994,-0.95,0.2124999999999999,0.6499999999999999,18.7,0.0625,-3.5
-23148.225000000006,203196.76249999995,15373.475000000006,182176.825,18222.875,-8545.25,200007.9125,19270.0,174531.9125,95693.8375,18.4,-13.2625,-70.8875,6.9375,0.6124999999999998,-7.525000000000006,0.05,-2.7875,0.6499999999999999,-7.3,2.0625,29.5
-54779.225000000006,282135.76249999995,15616.475000000006,174821.825,41517.875,246.75,273571.9125,15014.0,175182.9125,87637.8375,-6.6,5.7375,-14.887500000000003,12.9375,5.6125,2.4749999999999943,-0.95,-0.7875000000000001,-2.35,-13.3,7.0625,-9.5
-63870.225000000006,241776.76249999995,14829.475000000006,182415.825,46194.875,22908.75,248974.9125,10335.0,178002.9125,95620.8375,-12.6,0.7375,17.112499999999997,20.9375,-5.3875,-6.525000000000006,0.05,0.2124999999999999,0.6499999999999999,25.7,-6.9375,24.5
-66563.225,260216.76249999995,15732.475000000006,219623.825,22011.875,21218.75,214456.9125,9954.0,180088.9125,88921.8375,-0.6000000000000001,16.7375,22.112499999999997,-17.0625,17.6125,38.474999999999994,0.05,-0.7875000000000001,-1.35,-36.3,-1.9375,-14.5
-59318.225000000006,169025.76249999995,14063.475000000006,220531.825,32290.875,17288.75,169091.9125,9665.0,159342.9125,63921.837499999994,-2.6,-20.2625,21.112499999999997,35.9375,6.6125,-22.525000000000006,-0.95,0.2124999999999999,-0.3500000000000001,32.7,-7.9375,25.5
-62089.225000000006,178312.76249999995,10587.475000000006,162871.825,9135.875,12670.75,150868.9125,9009.0,162738.9125,63078.837499999994,-1.6,-11.2625,-3.887500000000003,-30.0625,6.6125,17.474999999999994,0.05,1.2125,1.65,-4.3,4.0625,16.5
-62423.225000000006,162551.76249999995,7680.475000000006,149048.825,29108.875,13292.75,143317.9125,8362.0,149950.9125,60579.837499999994,5.4,10.7375,-28.887500000000003,-18.0625,-8.3875,28.474999999999994,0.05,0.2124999999999999,0.6499999999999999,23.7,0.0625,14.5
-41885.225000000006,77197.76249999995,5691.475000000006,140256.825,26332.875,6009.75,94551.9125,9934.0,149618.9125,56720.837499999994,20.4,7.7375,-12.887500000000003,6.9375,8.6125,-6.525000000000006,-0.95,-0.7875000000000001,-1.35,-34.3,-0.9375,-24.5
-40265.225000000006,80494.76249999995,3626.475000000006,128672.82500000001,19536.875,5102.75,87754.9125,9225.0,146947.9125,39139.837499999994,4.4,13.7375,-1.8875000000000028,5.9375,3.6125,1.4749999999999943,0.05,-0.7875000000000001,0.6499999999999999,6.7,-1.9375,-15.5
-55183.225000000006,95380.76249999995,4517.475000000006,134572.825,22335.875,1664.75,87884.9125,8859.0,141550.9125,29496.837499999994,-7.6,-5.2625,14.112499999999997,-0.0625,11.6125,4.474999999999994,-0.95,0.2124999999999999,-1.35,-15.3,3.0625,-16.5
-63420.225000000006,110908.76249999995,4357.475000000006,173565.825,54008.875,8129.75,98924.9125,7592.0,155467.9125,39796.837499999994,3.4,-1.2625,-5.887500000000003,-16.0625,-8.3875,15.474999999999994,0.05,-0.7875000000000001,-0.3500000000000001,-2.3,-4.9375,-14.5
-63006.225000000006,140187.76249999995,6906.475000000006,189215.825,5104.875,10542.75,133552.9125,9575.0,163940.9125,57394.837499999994,-2.6,0.7375,5.112499999999997,19.9375,-11.3875,-20.525000000000006,0.05,0.2124999999999999,-0.3500000000000001,19.7,-1.9375,1.5
-73930.225,142483.76249999995,9579.475000000006,160151.825,-4668.125,12452.75,154863.9125,9336.0,160215.9125,49218.837499999994,4.4,-0.26249999999999996,-16.887500000000003,-18.0625,-10.3875,14.474999999999994,0.05,1.2125,0.6499999999999999,-4.3,-0.9375,-8.5
-84060.225,180394.76249999995,10433.475000000006,160494.825,22452.875,12118.75,193587.9125,10021.0,146971.9125,35760.837499999994,-2.6,-6.2625,10.112499999999997,12.9375,4.6125,-8.525000000000006,-0.95,0.2124999999999999,-0.3500000000000001,-0.30000000000000004,1.0625,-7.5
-75450.225,181445.76249999995,11061.475000000006,169109.825,-171.125,5545.75,200617.9125,10482.0,173971.9125,52724.837499999994,7.4,-3.2625,-10.887500000000003,8.9375,-1.3875000000000002,-1.5250000000000057,0.05,0.2124999999999999,0.6499999999999999,13.7,2.0625,4.5
-76035.225,206712.76249999995,12312.475000000006,169087.825,2073.875,-2602.25,185395.9125,10067.0,153501.9125,39667.837499999994,-1.6,-3.2625,-1.8875000000000028,0.9375,-1.3875000000000002,-2.5250000000000057,0.05,-0.7875000000000001,-0.3500000000000001,-5.3,0.0625,-9.5
-88301.225,205392.76249999995,12280.475000000006,162124.825,22802.875,-2406.25,195793.9125,10397.0,156819.9125,41175.837499999994,-0.6000000000000001,-3.2625,2.112499999999997,-7.0625,-4.3875,5.474999999999994,0.05,-0.7875000000000001,0.6499999999999999,-4.3,0.0625,-1.5
-73482.225,175860.76249999995,11437.475000000006,188252.825,30212.875,1800.75,188252.9125,9931.0,169154.9125,47990.837499999994,2.4,4.7375,1.1124999999999972,9.9375,-1.3875000000000002,-9.525000000000006,0.05,-0.7875000000000001,0.6499999999999999,0.7,0.0625,7.5
-68622.225,164382.76249999995,11280.475000000006,172682.825,25931.875,2267.75,166026.9125,9477.0,168096.9125,49993.837499999994,0.3999999999999999,-1.2625,-1.8875000000000028,5.9375,4.6125,-7.525000000000006,0.05,-0.7875000000000001,0.6499999999999999,0.7,-1.9375,3.5
-64088.225000000006,161562.76249999995,10664.475000000006,154804.825,8281.875,762.75,149738.9125,9765.0,152765.9125,44625.837499999994,0.3999999999999999,-1.2625,-0.8875000000000028,-1.0625,4.6125,0.4749999999999943,0.05,0.2124999999999999,-0.3500000000000001,1.7,-1.9375,4.5
-55940.225000000006,148062.76249999995,10053.475000000006,143213.825,6257.875,1711.75,136868.9125,10063.0,136806.9125,39244.837499999994,-0.6000000000000001,-2.2625,-1.8875000000000028,-0.0625,1.6124999999999998,0.4749999999999943,0.05,0.2124999999999999,-0.3500000000000001,-0.30000000000000004,-0.9375,1.5
-54111.225000000006,144012.76249999995,9756.475000000006,134451.825,4712.875,366.75,141782.9125,10450.0,131715.9125,38113.837499999994,0.3999999999999999,0.7375,1.1124999999999972,3.9375,-1.3875000000000002,-5.525000000000006,0.05,0.2124999999999999,-0.3500000000000001,-0.30000000000000004,1.0625,0.5
-58260.225000000006,153276.76249999995,9997.475000000006,136925.825,7489.875,-1784.25,153718.9125,10372.0,136480.9125,43220.837499999994,-0.6000000000000001,-0.26249999999999996,2.112499999999997,1.9375,-2.3875,-3.5250000000000057,0.05,-0.7875000000000001,-0.3500000000000001,-0.30000000000000004,0.0625,0.5
-65691.225,168622.76249999995,10507.475000000006,151504.825,12361.875,-2075.25,162732.9125,10396.0,147190.9125,49474.837499999994,0.3999999999999999,-2.2625,-3.887500000000003,-1.0625,-0.3875000000000002,0.4749999999999943,0.05,0.2124999999999999,-0.3500000000000001,-0.30000000000000004,0.0625,1.5
-69715.225,177789.76249999995,10813.475000000006,159631.825,14227.875,-1154.25,166528.9125,10383.0,151025.9125,51512.837499999994,-0.6000000000000001,-0.26249999999999996,1.1124999999999972,-0.0625,0.6124999999999998,-0.5250000000000057,0.05,0.2124999999999999,0.6499999999999999,-0.30000000000000004,0.0625,0.5
-71336.225,186046.76249999995,11114.475000000006,150319.825,8927.875,-1007.25,174071.9125,10571.0,146018.9125,51048.837499999994,-0.6000000000000001,-0.26249999999999996,2.112499999999997,0.9375,0.6124999999999998,-2.5250000000000057,0.05,-0.7875000000000001,0.6499999999999999,-0.30000000000000004,0.0625,-1.5
-69271.225,184974.76249999995,11177.475000000006,148675.825,9306.875,-208.25,178518.9125,10861.0,146784.9125,50603.837499999994,0.3999999999999999,0.7375,-0.8875000000000028,1.9375,-0.3875000000000002,-3.5250000000000057,0.05,0.2124999999999999,0.6499999999999999,-0.30000000000000004,0.0625,1.5
-67388.225,184213.76249999995,11269.475000000006,154405.825,11768.875,295.75,176015.9125,10670.0,149538.9125,52567.837499999994,-1.6,-1.2625,2.112499999999997,-3.0625,-1.3875000000000002,2.4749999999999943,0.05,0.2124999999999999,0.6499999999999999,-0.30000000000000004,0.0625,0.5
-64103.225000000006,177172.76249999995,11279.475000000006,157678.825,12651.875,715.75,170071.9125,10549.0,148823.9125,54014.837499999994,-0.6000000000000001,-0.26249999999999996,-0.8875000000000028,0.9375,0.6124999999999998,-1.5250000000000057,0.05,0.2124999999999999,0.6499999999999999,-0.30000000000000004,0.0625,0.5
-60939.225000000006,172012.76249999995,11235.475000000006,153950.825,11257.875,906.75,166460.9125,10472.0,145851.9125,52837.837499999994,-0.6000000000000001,-0.26249999999999996,0.11249999999999716,-1.0625,0.6124999999999998,-0.5250000000000057,0.05,-0.7875000000000001,0.6499999999999999,-1.3,0.0625,-0.5
-59440.225000000006,171327.76249999995,11082.475000000006,147994.825,9698.875,1327.75,163694.9125,10497.0,143435.9125,51490.837499999994,-0.6000000000000001,-0.26249999999999996,1.1124999999999972,-0.0625,0.6124999999999998,-0.5250000000000057,0.05,0.2124999999999999,0.6499999999999999,-1.3,0.0625,0.5
-59656.225000000006,175449.76249999995,10893.475000000006,151239.825,11758.875,1133.75,164376.9125,10541.0,144675.9125,52661.837499999994,-0.6000000000000001,-0.26249999999999996,0.11249999999999716,-0.0625,-0.3875000000000002,-1.5250000000000057,0.05,-0.7875000000000001,-0.3500000000000001,-0.30000000000000004,0.0625,-0.5
-59587.225000000006,177884.76249999995,10840.475000000006,150805.825,11757.875,729.75,167315.9125,10502.0,147432.9125,54565.837499999994,0.3999999999999999,-0.26249999999999996,1.1124999999999972,-0.0625,-0.3875000000000002,-0.5250000000000057,0.05,0.2124999999999999,-1.35,0.7,-0.9375,-0.5
-59539.225000000006,178087.76249999995,10814.475000000006,148600.825,11121.875,629.75,169472.9125,10621.0,149245.9125,56236.837499999994,-0.6000000000000001,-1.2625,1.1124999999999972,-0.0625,-0.3875000000000002,-0.5250000000000057,0.05,0.2124999999999999,-0.3500000000000001,-0.30000000000000004,0.0625,-0.5
-59436.225000000006,175751.76249999995,10799.475000000006,148785.825,11344.875,1147.75,169512.9125,10599.0,149637.9125,56576.837499999994,0.3999999999999999,-0.26249999999999996,0.11249999999999716,-0.0625,0.6124999999999998,0.4749999999999943,0.05,-0.7875000000000001,-0.3500000000000001,0.7,0.0625,-0.5
-60351.225000000006,175453.76249999995,10853.475000000006,151368.825,11679.875,1593.75,165718.9125,10576.0,144798.9125,54130.837499999994,0.3999999999999999,-0.26249999999999996,2.112499999999997,0.9375,-1.3875000000000002,0.4749999999999943,0.05,0.2124999999999999,0.6499999999999999,0.7,-0.9375,-0.5
-61249.225000000006,174599.76249999995,10666.475000000006,150024.825,11442.875,1436.75,165567.9125,10505.0,145149.9125,53588.837499999994,0.3999999999999999,0.7375,1.1124999999999972,0.9375,-1.3875000000000002,-0.5250000000000057,0.05,-0.7875000000000001,-0.3500000000000001,0.7,0.0625,-0.5
-62869.225000000006,173469.76249999995,10780.475000000006,151316.825,11630.875,1342.75,166409.9125,10563.0,146645.9125,53615.837499999994,1.4,-0.26249999999999996,-1.8875000000000028,0.9375,-1.3875000000000002,0.4749999999999943,-0.95,0.2124999999999999,0.6499999999999999,0.7,-0.9375,0.5
-63695.225000000006,172678.76249999995,10779.475000000006,152994.825,11860.875,1325.75,167879.9125,10762.0,147336.9125,53271.837499999994,0.3999999999999999,-0.26249999999999996,-0.8875000000000028,0.9375,-1.3875000000000002,-0.5250000000000057,0.05,0.2124999999999999,-0.3500000000000001,-0.30000000000000004,0.0625,-0.5
-65280.225000000006,172784.76249999995,11054.475000000006,153811.825,11729.875,596.75,168567.9125,10658.0,147177.9125,51969.837499999994,0.3999999999999999,0.7375,0.11249999999999716,-0.0625,-0.3875000000000002,-0.5250000000000057,-0.95,0.2124999999999999,0.6499999999999999,0.7,0.0625,-0.5
-66391.225,172951.76249999995,11115.475000000006,154039.825,11211.875,433.75,167169.9125,10691.0,145455.9125,48451.837499999994,0.3999999999999999,0.7375,0.11249999999999716,-0.0625,-0.3875000000000002,0.4749999999999943,0.05,0.2124999999999999,-0.3500000000000001,0.7,0.0625,-0.5
-67049.225,172174.76249999995,11243.475000000006,154602.825,11141.875,444.75,163837.9125,10750.0,145434.9125,47675.837499999994,0.3999999999999999,-0.26249999999999996,0.11249999999999716,-0.0625,0.6124999999999998,0.4749999999999943,0.05,0.2124999999999999,-0.3500000000000001,-0.30000000000000004,0.0625,0.5
-66947.225,171208.76249999995,11255.475000000006,155179.825,11108.875,472.75,164673.9125,10679.0,145726.9125,47195.837499999994,0.3999999999999999,-0.26249999999999996,-2.887500000000003,-0.0625,-0.3875000000000002,-0.5250000000000057,0.05,0.2124999999999999,-0.3500000000000001,-0.30000000000000004,-0.9375,-0.5
-67021.225,170970.76249999995,11289.475000000006,155107.825,10924.875,259.75,165800.9125,10688.0,146198.9125,47086.837499999994,1.4,-0.26249999999999996,0.11249999999999716,0.9375,-0.3875000000000002,0.4749999999999943,0.05,0.2124999999999999,-0.3500000000000001,-0.30000000000000004,0.0625,-0.5
-67043.225,171564.76249999995,11232.475000000006,155185.825,11008.875,124.75,166386.9125,10746.0,146479.9125,47287.837499999994,0.3999999999999999,-0.26249999999999996,0.11249999999999716,-0.0625,0.6124999999999998,-0.5250000000000057,-0.95,1.2125,-0.3500000000000001,-0.30000000000000004,0.0625,0.5
-66662.225,172409.76249999995,11276.475000000006,155245.825,11168.875,-18.25,166310.9125,10844.0,146451.9125,47972.837499999994,0.3999999999999999,0.7375,0.11249999999999716,-0.0625,0.6124999999999998,0.4749999999999943,0.05,1.2125,-0.3500000000000001,0.7,1.0625,1.5
-65858.225,172762.76249999995,11287.475000000006,154828.825,11246.875,206.75,166288.9125,10721.0,145450.9125,49620.837499999994,-0.6000000000000001,-0.26249999999999996,0.11249999999999716,0.9375,0.6124999999999998,-0.5250000000000057,0.05,0.2124999999999999,-0.3500000000000001,-0.30000000000000004,0.0625,1.5
-64890.225000000006,172741.76249999995,11235.475000000006,153771.825,11107.875,350.75,166575.9125,10763.0,145191.9125,50564.837499999994,-0.6000000000000001,-0.26249999999999996,1.1124999999999972,-0.0625,-0.3875000000000002,0.4749999999999943,0.05,0.2124999999999999,-0.3500000000000001,-0.30000000000000004,0.0625,-0.5
-64257.225000000006,172971.76249999995,11315.475000000006,152569.825,11228.875,421.75,167284.9125,10785.0,145653.9125,51649.837499999994,0.3999999999999999,-0.26249999999999996,-0.8875000000000028,-0.0625,-0.3875000000000002,-0.5250000000000057,0.05,0.2124999999999999,-0.3500000000000001,-0.30000000000000004,0.0625,0.5
-63357.225000000006,174874.76249999995,11108.475000000006,152305.825,11818.875,161.75,167547.9125,10825.0,146361.9125,53380.837499999994,-0.6000000000000001,-0.26249999999999996,1.1124999999999972,-1.0625,-0.3875000000000002,-0.5250000000000057,0.05,0.2124999999999999,-0.3500000000000001,-0.30000000000000004,0.0625,0.5
-62937.225000000006,175629.76249999995,11124.475000000006,151690.825,11989.875,185.75,167342.9125,10758.0,145759.9125,53572.837499999994,-0.6000000000000001,0.7375,0.11249999999999716,-1.0625,-0.3875000000000002,0.4749999999999943,-0.95,0.2124999999999999,-0.3500000000000001,-0.30000000000000004,-0.9375,-0.5
-62234.225000000006,175387.76249999995,11220.475000000006,151088.825,11817.875,212.75,167339.9125,10824.0,145700.9125,53813.837499999994,-0.6000000000000001,0.7375,1.1124999999999972,-0.0625,-0.3875000000000002,-0.5250000000000057,0.05,0.2124999999999999,-0.3500000000000001,-0.30000000000000004,0.0625,0.5
-61209.225000000006,175604.76249999995,11032.475000000006,150429.825,12091.875,520.75,167247.9125,10767.0,146531.9125,54804.837499999994,0.3999999999999999,-0.26249999999999996,0.11249999999999716,-0.0625,-0.3875000000000002,0.4749999999999943,0.05,0.2124999999999999,-0.3500000000000001,-0.30000000000000004,0.0625,-0.5
-61400.225000000006,175893.76249999995,11076.475000000006,150608.825,12032.875,273.75,167852.9125,10800.0,146848.9125,55030.837499999994,0.3999999999999999,-0.26249999999999996,0.11249999999999716,-1.0625,-0.3875000000000002,0.4749999999999943,0.05,0.2124999999999999,0.6499999999999999,0.7,0.0625,-0.5
-61517.225000000006,175626.76249999995,11181.475000000006,150530.825,11916.875,291.75,167976.9125,10761.0,146979.9125,54874.837499999994,-0.6000000000000001,-0.26249999999999996,-0.8875000000000028,0.9375,-0.3875000000000002,0.4749999999999943,0.05,0.2124999999999999,-0.3500000000000001,-0.30000000000000004,-0.9375,-0.5
-61573.225000000006,174909.76249999995,11106.475000000006,150439.825,11852.875,499.75,167223.9125,10756.0,146655.9125,54350.837499999994,0.3999999999999999,-0.26249999999999996,1.1124999999999972,-0.0625,-0.3875000000000002,0.4749999999999943,0.05,0.2124999999999999,-0.3500000000000001,-0.30000000000000004,0.0625,-0.5
-61812.225000000006,174188.76249999995,11107.475000000006,150619.825,11712.875,642.75,166890.9125,10709.0,146750.9125,54007.837499999994,0.3999999999999999,0.7375,-0.8875000000000028,0.9375,-0.3875000000000002,0.4749999999999943,0.05,0.2124999999999999,0.6499999999999999,-0.30000000000000004,0.0625,0.5
-62403.225000000006,174274.76249999995,10973.475000000006,150917.825,11594.875,553.75,166803.9125,10728.0,146834.9125,53773.837499999994,0.3999999999999999,-0.26249999999999996,0.11249999999999716,-0.0625,0.6124999999999998,-0.5250000000000057,0.05,0.2124999999999999,-0.3500000000000001,-0.30000000000000004,0.0625,1.5
-63742.225000000006,174773.76249999995,11098.475000000006,151268.825,11373.875,449.75,166873.9125,10765.0,146715.9125,52443.837499999994,0.3999999999999999,0.7375,0.11249999999999716,-0.0625,-0.3875000000000002,0.4749999999999943,-0.95,0.2124999999999999,-0.3500000000000001,-0.30000000000000004,0.0625,0.5
-64392.225000000006,174525.76249999995,11043.475000000006,151643.825,11112.875,289.75,166896.9125,10701.0,146763.9125,51714.837499999994,0.3999999999999999,0.7375,0.11249999999999716,0.9375,0.6124999999999998,-0.5250000000000057,-0.95,0.2124999999999999,0.6499999999999999,-0.30000000000000004,0.0625,0.5
-64975.225000000006,173852.76249999995,11162.475000000006,152131.825,10998.875,376.75,166158.9125,10741.0,146534.9125,50968.837499999994,0.3999999999999999,0.7375,0.11249999999999716,-0.0625,0.6124999999999998,0.4749999999999943,-0.95,-0.7875000000000001,0.6499999999999999,0.7,0.0625,0.5
-65452.225000000006,173257.76249999995,11434.475000000006,153083.825,10977.875,137.75,165385.9125,10545.0,146250.9125,50175.837499999994,0.3999999999999999,0.7375,0.11249999999999716,0.9375,0.6124999999999998,-0.5250000000000057,0.05,0.2124999999999999,-0.3500000000000001,0.7,0.0625,-0.5
-65922.225,173478.76249999995,11382.475000000006,153429.825,10972.875,46.75,165214.9125,10645.0,146094.9125,49516.837499999994,1.4,0.7375,0.11249999999999716,0.9375,0.6124999999999998,0.4749999999999943,0.05,-0.7875000000000001,0.6499999999999999,-0.30000000000000004,0.0625,-0.5
-65990.225,173428.76249999995,11406.475000000006,153857.825,11021.875,59.75,165565.9125,10783.0,146223.9125,49244.837499999994,0.3999999999999999,-0.26249999999999996,0.11249999999999716,-0.0625,0.6124999999999998,-0.5250000000000057,0.05,1.2125,-0.3500000000000001,0.7,0.0625,-0.5
-65851.225,173016.76249999995,11262.475000000006,153671.825,11098.875,103.75,165714.9125,10659.0,146603.9125,49619.837499999994,0.3999999999999999,-0.26249999999999996,0.11249999999999716,-0.0625,0.6124999999999998,-0.5250000000000057,-0.95,0.2124999999999999,-0.3500000000000001,0.7,0.0625,-0.5
-65678.225,172863.76249999995,11191.475000000006,152983.825,11050.875,76.75,165976.9125,10698.0,146697.9125,49997.837499999994,0.3999999999999999,-0.26249999999999996,0.11249999999999716,-0.0625,-0.3875000000000002,-0.5250000000000057,0.05,0.2124999999999999,-0.3500000000000001,0.7,0.0625,0.5
-64854.225000000006,173112.76249999995,11305.475000000006,152473.825,11162.875,100.75,166305.9125,10785.0,146160.9125,50476.837499999994,-0.6000000000000001,-0.26249999999999996,0.11249999999999716,-0.0625,-0.3875000000000002,0.4749999999999943,0.05,0.2124999999999999,-0.3500000000000001,-0.30000000000000004,0.0625,0.5
-64371.225000000006,173680.76249999995,11269.475000000006,152348.825,11477.875,-69.25,166608.9125,10801.0,146158.9125,51188.837499999994,-0.6000000000000001,-0.26249999999999996,0.11249999999999716,-0.0625,-0.3875000000000002,0.4749999999999943,0.05,0.2124999999999999,0.6499999999999999,0.7,-0.9375,-0.5
-63926.225000000006,174092.76249999995,11025.475000000006,151435.825,11496.875,42.75,166924.9125,10870.0,146455.9125,51926.837499999994,0.3999999999999999,-0.26249999999999996,0.11249999999999716,-0.0625,0.6124999999999998,-0.5250000000000057,0.05,0.2124999999999999,-0.3500000000000001,-0.30000000000000004,-0.9375,-0.5
-63432.225000000006,174063.76249999995,10993.475000000006,150764.825,11410.875,22.75,167466.9125,10762.0,146653.9125,52556.837499999994,-0.6000000000000001,0.7375,0.11249999999999716,-0.0625,-0.3875000000000002,0.4749999999999943,0.05,0.2124999999999999,-0.3500000000000001,-0.30000000000000004,0.0625,-0.5
-63069.225000000006,173973.76249999995,10991.475000000006,150599.825,11556.875,6.75,167586.9125,10738.0,146756.9125,52951.837499999994,0.3999999999999999,-0.26249999999999996,-0.8875000000000028,-0.0625,0.6124999999999998,-0.5250000000000057,0.05,0.2124999999999999,-0.3500000000000001,0.7,-0.9375,-0.5
-62690.225000000006,174178.76249999995,10966.475000000006,150936.825,11680.875,31.75,166231.9125,10885.0,146507.9125,53125.837499999994,-0.6000000000000001,-0.26249999999999996,0.11249999999999716,-0.0625,-0.3875000000000002,-0.5250000000000057,0.05,0.2124999999999999,0.6499999999999999,-1.3,0.0625,0.5
-62634.225000000006,175343.76249999995,10961.475000000006,151001.825,11659.875,-232.25,165805.9125,10692.0,146396.9125,53380.837499999994,-0.6000000000000001,-0.26249999999999996,0.11249999999999716,-1.0625,-0.3875000000000002,0.4749999999999943,-0.95,0.2124999999999999,0.6499999999999999,-0.30000000000000004,0.0625,0.5
-62689.225000000006,175481.76249999995,11079.475000000006,150876.825,11627.875,-14.25,166450.9125,10646.0,146455.9125,53518.837499999994,-1.6,0.7375,-0.8875000000000028,-1.0625,0.6124999999999998,-0.5250000000000057,-0.95,0.2124999999999999,0.6499999999999999,-1.3,0.0625,-0.5
-62598.225000000006,175409.76249999995,11151.475000000006,150818.825,11512.875,23.75,166710.9125,10745.0,146727.9125,53745.837499999994,0.3999999999999999,-0.26249999999999996,0.11249999999999716,-0.0625,0.6124999999999998,-1.5250000000000057,0.05,0.2124999999999999,-0.3500000000000001,0.7,0.0625,0.5
-62667.225000000006,175271.76249999995,11062.475000000006,150832.825,11491.875,20.75,166729.9125,10775.0,146945.9125,53989.837499999994,-0.6000000000000001,0.7375,0.11249999999999716,-0.0625,0.6124999999999998,-0.5250000000000057,-0.95,0.2124999999999999,-0.3500000000000001,-0.30000000000000004,0.0625,0.5
-62948.225000000006,175563.76249999995,11178.475000000006,151034.825,11442.875,20.75,166583.9125,10860.0,146890.9125,53909.837499999994,0.3999999999999999,-0.26249999999999996,0.11249999999999716,-1.0625,-0.3875000000000002,-0.5250000000000057,-0.95,0.2124999999999999,0.6499999999999999,-0.30000000000000004,0.0625,-0.5
-63266.225000000006,175733.76249999995,11184.475000000006,151247.825,11385.875,194.75,166421.9125,10719.0,146925.9125,53602.837499999994,0.3999999999999999,-0.26249999999999996,0.11249999999999716,-0.0625,0.6124999999999998,0.4749999999999943,0.05,0.2124999999999999,-0.3500000000000001,-0.30000000000000004,0.0625,-0.5
-63334.225000000006,175457.76249999995,11126.475000000006,151317.825,11406.875,190.75,166281.9125,10746.0,146985.9125,53023.837499999994,0.3999999999999999,-0.26249999999999996,-0.8875000000000028,-0.0625,-0.3875000000000002,-0.5250000000000057,0.05,0.2124999999999999,-0.3500000000000001,0.7,0.0625,0.5
-63434.225000000006,174929.76249999995,11070.475000000006,151188.825,11349.875,321.75,166232.9125,10826.0,147041.9125,52840.837499999994,0.3999999999999999,-0.26249999999999996,0.11249999999999716,-0.0625,-0.3875000000000002,0.4749999999999943,0.05,0.2124999999999999,-0.3500000000000001,0.7,0.0625,-1.5
-63671.225000000006,174632.76249999995,11018.475000000006,151181.825,11288.875,201.75,166229.9125,10743.0,147057.9125,52512.837499999994,0.3999999999999999,-0.26249999999999996,0.11249999999999716,-0.0625,-0.3875000000000002,0.4749999999999943,0.05,0.2124999999999999,0.6499999999999999,0.7,0.0625,0.5
-64156.225000000006,174420.76249999995,11094.475000000006,151469.825,11421.875,110.75,166064.9125,10654.0,147093.9125,52053.837499999994,0.3999999999999999,0.7375,0.11249999999999716,-0.0625,-0.3875000000000002,0.4749999999999943,0.05,0.2124999999999999,-0.3500000000000001,-0.30000000000000004,0.0625,-0.5
-64470.225000000006,174275.76249999995,11201.475000000006,152255.825,11295.875,-123.25,165787.9125,10732.0,147176.9125,51668.837499999994,-0.6000000000000001,0.7375,0.11249999999999716,-0.0625,-0.3875000000000002,-0.5250000000000057,0.05,0.2124999999999999,-0.3500000000000001,-0.30000000000000004,0.0625,0.5
-64725.225000000006,174000.76249999995,11273.475000000006,152245.825,11103.875,-104.25,165501.9125,10734.0,147236.9125,51346.837499999994,0.3999999999999999,0.7375,0.11249999999999716,-0.0625,0.6124999999999998,-0.5250000000000057,0.05,0.2124999999999999,-0.3500000000000001,-0.30000000000000004,0.0625,-0.5
-64777.225000000006,173995.76249999995,11203.475000000006,152217.825,11068.875,-76.25,165753.9125,10654.0,147232.9125,51191.837499999994,0.3999999999999999,-0.26249999999999996,1.1124999999999972,-0.0625,0.6124999999999998,-0.5250000000000057,0.05,0.2124999999999999,-0.3500000000000001,-0.30000000000000004,0.0625,-0.5
-64762.225000000006,174029.76249999995,11157.475000000006,152283.825,11275.875,-5.25,165868.9125,10631.0,147178.9125,51101.837499999994,0.3999999999999999,-0.26249999999999996,1.1124999999999972,-0.0625,-0.3875000000000002,0.4749999999999943,0.05,0.2124999999999999,-0.3500000000000001,0.7,0.0625,1.5
-64713.225000000006,173956.76249999995,11103.475000000006,152246.825,11325.875,-79.25,165799.9125,10781.0,147012.9125,51151.837499999994,0.3999999999999999,-0.26249999999999996,0.11249999999999716,0.9375,-0.3875000000000002,-0.5250000000000057,0.05,0.2124999999999999,-0.3500000000000001,0.7,-0.9375,0.5
-64509.225000000006,174069.76249999995,11092.475000000006,152012.825,11336.875,-135.25,166154.9125,10692.0,146904.9125,51522.837499999994,0.3999999999999999,-0.26249999999999996,1.1124999999999972,-0.0625,-0.3875000000000002,0.4749999999999943,-0.95,0.2124999999999999,0.6499999999999999,0.7,0.0625,0.5
-64225.225000000006,174248.76249999995,10978.475000000006,151623.825,11502.875,-80.25,166278.9125,10669.0,146688.9125,51918.837499999994,0.3999999999999999,-0.26249999999999996,-0.8875000000000028,-0.0625,-1.3875000000000002,1.4749999999999943,0.05,0.2124999999999999,-0.3500000000000001,2.7,-1.9375,-1.5
-63635.225000000006,174392.76249999995,11025.475000000006,151370.825,11394.875,67.75,166538.9125,10728.0,146793.9125,52192.837499999994,-0.6000000000000001,0.7375,2.112499999999997,-0.0625,-0.3875000000000002,1.4749999999999943,0.05,-0.7875000000000001,-0.3500000000000001,2.7,-0.9375,1.5
-63490.225000000006,174598.76249999995,10918.475000000006,151383.825,11264.875,-111.25,166896.9125,10675.0,147080.9125,52533.837499999994,0.3999999999999999,-1.2625,0.11249999999999716,0.9375,1.6124999999999998,-0.5250000000000057,0.05,0.2124999999999999,-0.3500000000000001,-0.30000000000000004,-0.9375,-0.5
-63371.225000000006,174854.76249999995,10907.475000000006,151254.825,10722.875,-49.25,167216.9125,10664.0,147193.9125,53097.837499999994,-0.6000000000000001,-0.26249999999999996,1.1124999999999972,-1.0625,-0.3875000000000002,-1.5250000000000057,0.05,0.2124999999999999,0.6499999999999999,-0.30000000000000004,0.0625,2.5
-63381.225000000006,175204.76249999995,11048.475000000006,150987.825,10468.875,-56.25,167191.9125,10552.0,147158.9125,53241.837499999994,-0.6000000000000001,-1.2625,1.1124999999999972,0.9375,-0.3875000000000002,-0.5250000000000057,0.05,-0.7875000000000001,-0.3500000000000001,0.7,0.0625,2.5
-63359.225000000006,175233.76249999995,11187.475000000006,150798.825,10463.875,-147.25,166702.9125,10649.0,146862.9125,52971.837499999994,-0.6000000000000001,0.7375,2.112499999999997,-1.0625,2.6125,-2.5250000000000057,0.05,-0.7875000000000001,0.6499999999999999,0.7,1.0625,4.5
-63492.225000000006,175315.76249999995,11246.475000000006,151038.825,10378.875,-76.25,166456.9125,10751.0,146664.9125,52840.837499999994,-0.6000000000000001,1.7375,-0.8875000000000028,-0.0625,0.6124999999999998,-0.5250000000000057,0.05,0.2124999999999999,-0.3500000000000001,-1.3,0.0625,0.5
-63607.225000000006,175491.76249999995,11155.475000000006,151065.825,10178.875,-160.25,166260.9125,10773.0,146569.9125,52503.837499999994,-0.6000000000000001,-0.26249999999999996,1.1124999999999972,-0.0625,-0.3875000000000002,1.4749999999999943,0.05,-0.7875000000000001,-0.3500000000000001,-1.3,0.0625,-1.5
-63736.225000000006,175318.76249999995,11255.475000000006,150661.825,10099.875,-410.25,166135.9125,10723.0,146680.9125,52455.837499999994,-0.6000000000000001,-0.26249999999999996,-0.8875000000000028,0.9375,-2.3875,-0.5250000000000057,0.05,0.2124999999999999,-0.3500000000000001,1.7,0.0625,2.5
-63622.225000000006,175148.76249999995,11306.475000000006,150829.825,10215.875,-194.25,165966.9125,10728.0,146671.9125,52394.837499999994,0.3999999999999999,0.7375,-0.8875000000000028,-0.0625,-0.3875000000000002,-0.5250000000000057,0.05,0.2124999999999999,-0.3500000000000001,-0.30000000000000004,0.0625,0.5
-63663.225000000006,174939.76249999995,11083.475000000006,150889.825,10081.875,-289.25,165797.9125,10686.0,146866.9125,52384.837499999994,-0.6000000000000001,0.7375,0.11249999999999716,-0.0625,0.6124999999999998,-0.5250000000000057,0.05,0.2124999999999999,0.6499999999999999,0.7,0.0625,0.5
-63781.225000000006,174987.76249999995,11015.475000000006,150726.825,10029.875,-246.25,165725.9125,10659.0,146862.9125,52227.837499999994,-0.6000000000000001,-0.26249999999999996,0.11249999999999716,-1.0625,-0.3875000000000002,1.4749999999999943,0.05,0.2124999999999999,0.6499999999999999,-0.30000000000000004,0.0625,-0.5
-63670.225000000006,174728.76249999995,11098.475000000006,150539.825,10015.875,-73.25,166028.9125,10553.0,147031.9125,52414.837499999994,-0.6000000000000001,0.7375,-0.8875000000000028,0.9375,-1.3875000000000002,-0.5250000000000057,0.05,0.2124999999999999,-0.3500000000000001,0.7,-0.9375,0.5
-63655.225000000006,174692.76249999995,11078.475000000006,150550.825,10097.875,32.75,166057.9125,10599.0,147418.9125,52555.837499999994,1.4,-0.26249999999999996,1.1124999999999972,-0.0625,-0.3875000000000002,-0.5250000000000057,0.05,0.2124999999999999,-0.3500000000000001,-0.30000000000000004,-0.9375,-1.5
-63505.225000000006,174659.76249999995,10988.475000000006,150551.825,9991.875,-24.25,166239.9125,10586.0,147510.9125,52513.837499999994,-0.6000000000000001,-0.26249999999999996,0.11249999999999716,0.9375,0.6124999999999998,-0.5250000000000057,0.05,-0.7875000000000001,-0.3500000000000001,-0.30000000000000004,-0.9375,-0.5
-63523.225000000006,174550.76249999995,11016.475000000006,150711.825,10066.875,-120.25,166171.9125,10681.0,147467.9125,52488.837499999994,0.3999999999999999,-0.26249999999999996,-0.8875000000000028,-0.0625,-0.3875000000000002,0.4749999999999943,0.05,0.2124999999999999,-0.3500000000000001,0.7,0.0625,-0.5
-63629.225000000006,174698.76249999995,11076.475000000006,150813.825,10216.875,-42.25,165913.9125,10657.0,147495.9125,52399.837499999994,0.3999999999999999,-0.26249999999999996,0.11249999999999716,0.9375,0.6124999999999998,-1.5250000000000057,0.05,0.2124999999999999,-0.3500000000000001,-0.30000000000000004,0.0625,-0.5
-63536.225000000006,174616.76249999995,11043.475000000006,150910.825,10120.875,-25.25,165683.9125,10577.0,147079.9125,52148.837499999994,-0.6000000000000001,-0.26249999999999996,0.11249999999999716,0.9375,-1.3875000000000002,0.4749999999999943,0.05,0.2124999999999999,0.6499999999999999,-0.30000000000000004,1.0625,0.5
-63804.225000000006,174502.76249999995,11056.475000000006,150814.825,10034.875,-131.25,165553.9125,10587.0,146774.9125,52046.837499999994,0.3999999999999999,0.7375,-0.8875000000000028,-0.0625,-0.3875000000000002,0.4749999999999943,0.05,0.2124999999999999,-0.3500000000000001,-0.30000000000000004,0.0625,0.5
-64036.225000000006,174873.76249999995,11362.475000000006,151023.825,10145.875,-98.25,165428.9125,10561.0,146969.9125,52019.837499999994,0.3999999999999999,-0.26249999999999996,-0.8875000000000028,-1.0625,0.6124999999999998,0.4749999999999943,0.05,0.2124999999999999,-0.3500000000000001,-0.30000000000000004,0.0625,0.5
-64212.225000000006,175250.76249999995,11400.475000000006,151607.825,10060.875,-137.25,165627.9125,10674.0,147266.9125,52143.837499999994,0.3999999999999999,0.7375,0.11249999999999716,-0.0625,0.6124999999999998,-0.5250000000000057,0.05,0.2124999999999999,0.6499999999999999,-0.30000000000000004,1.0625,0.5
-64290.225000000006,175380.76249999995,11325.475000000006,151516.825,9869.875,8.75,165697.9125,10748.0,147122.9125,52148.837499999994,0.3999999999999999,-0.26249999999999996,-0.8875000000000028,3.9375,0.6124999999999998,5.474999999999994,-0.95,0.2124999999999999,0.6499999999999999,1.7,-0.9375,-0.5
-64114.225000000006,175142.76249999995,11325.475000000006,151061.825,9780.875,166.75,165557.9125,10547.0,146749.9125,51967.837499999994,-0.6000000000000001,-4.2625,-1.8875000000000028,-2.0625,-2.3875,-0.5250000000000057,0.05,0.2124999999999999,0.6499999999999999,3.7,3.0625,6.5
-63850.225000000006,174987.76249999995,11317.475000000006,151434.825,10132.875,-13.25,165349.9125,10394.0,147045.9125,52252.837499999994,-0.6000000000000001,-0.26249999999999996,-3.887500000000003,0.9375,0.6124999999999998,2.4749999999999943,-0.95,0.2124999999999999,-1.35,0.7,7.0625,6.5
-64121.225000000006,175265.76249999995,11317.475000000006,151342.825,433393.875,-80.25,165382.9125,10498.0,146797.9125,52214.837499999994,1.4,-0.26249999999999996,3.112499999999997,2.9375,0.6124999999999998,2.4749999999999943,0.05,0.2124999999999999,-0.3500000000000001,0.7,-3.9375,3.5
-63927.225000000006,175589.76249999995,11245.475000000006,150644.825,-7232914.125,-118.25,165400.9125,10437.0,146608.9125,52340.837499999994,1.4,1.7375,-0.8875000000000028,0.9375,0.6124999999999998,0.4749999999999943,0.05,0.2124999999999999,1.65,0.7,1.0625,-0.5
-63664.225000000006,174429.76249999995,11199.475000000006,150429.825,9999.875,32.75,165439.9125,10371.0,146767.9125,52462.837499999994,0.3999999999999999,1.7375,-2.887500000000003,1.9375,6.6125,-1.5250000000000057,0.05,0.2124999999999999,-0.3500000000000001,0.7,-1.9375,-2.5
-63498.225000000006,174255.76249999995,11155.475000000006,150559.825,9872.875,46.75,165716.9125,10142.0,147391.9125,52743.837499999994,-0.6000000000000001,0.7375,-1.8875000000000028,-1.0625,2.6125,-3.5250000000000057,0.05,0.2124999999999999,0.6499999999999999,-0.30000000000000004,-0.9375,-0.5
-63588.225000000006,174839.76249999995,11237.475000000006,150393.825,9851.875,-248.25,165948.9125,10120.0,147644.9125,52736.837499999994,0.3999999999999999,-1.2625,2.112499999999997,-0.0625,-1.3875000000000002,0.4749999999999943,0.05,0.2124999999999999,-0.3500000000000001,0.7,-1.9375,0.5
-63810.225000000006,175180.76249999995,11285.475000000006,150573.825,9795.875,-319.25,166139.9125,10261.0,147820.9125,52804.837499999994,-0.6000000000000001,-2.2625,0.11249999999999716,-1.0625,0.6124999999999998,-1.5250000000000057,0.05,0.2124999999999999,-1.35,0.7,1.0625,1.5
-63835.225000000006,175208.76249999995,11193.475000000006,150715.825,9841.875,-430.25,165781.9125,10095.0,147688.9125,52715.837499999994,-0.6000000000000001,-2.2625,-1.8875000000000028,-1.0625,-1.3875000000000002,-1.5250000000000057,0.05,0.2124999999999999,0.6499999999999999,0.7,0.0625,0.5
-63399.225000000006,174712.76249999995,11152.475000000006,150165.825,9750.875,-330.25,165616.9125,10239.0,147267.9125,52885.837499999994,-0.6000000000000001,-1.2625,-1.8875000000000028,-0.0625,0.6124999999999998,-0.5250000000000057,0.05,0.2124999999999999,-0.3500000000000001,-0.30000000000000004,-0.9375,-0.5
-63303.225000000006,174537.76249999995,11156.475000000006,149855.825,9650.875,-213.25,165851.9125,10295.0,146995.9125,52936.837499999994,0.3999999999999999,-1.2625,0.11249999999999716,0.9375,-1.3875000000000002,0.4749999999999943,0.05,0.2124999999999999,-0.3500000000000001,-0.30000000000000004,0.0625,-0.5
-63609.225000000006,175504.76249999995,11174.475000000006,150514.825,9874.875,-323.25,166511.9125,10221.0,147691.9125,53622.837499999994,0.3999999999999999,-1.2625,-0.8875000000000028,-0.0625,0.6124999999999998,-0.5250000000000057,0.05,0.2124999999999999,-0.3500000000000001,-0.30000000000000004,0.0625,-0.5
-63434.225000000006,175350.76249999995,11341.475000000006,150209.825,9769.875,-13.25,166188.9125,10385.0,147292.9125,53506.837499999994,1.4,-0.26249999999999996,1.1124999999999972,-0.0625,-0.3875000000000002,1.4749999999999943,0.05,0.2124999999999999,-0.3500000000000001,-0.30000000000000004,0.0625,0.5
-63379.225000000006,175242.76249999995,11282.475000000006,150443.825,9643.875,-26.25,165978.9125,10159.0,147261.9125,53361.837499999994,0.3999999999999999,-0.26249999999999996,0.11249999999999716,-0.0625,0.6124999999999998,-0.5250000000000057,0.05,0.2124999999999999,0.6499999999999999,-0.30000000000000004,0.0625,0.5
-63681.225000000006,175521.76249999995,11181.475000000006,150602.825,9632.875,-22.25,165735.9125,10208.0,147259.9125,53119.837499999994,0.3999999999999999,-0.26249999999999996,0.11249999999999716,-0.0625,0.6124999999999998,-0.5250000000000057,-0.95,0.2124999999999999,-0.3500000000000001,0.7,0.0625,-0.5
-64051.225000000006,175856.76249999995,11341.475000000006,150720.825,9623.875,3.75,165887.9125,10208.0,147419.9125,52842.837499999994,0.3999999999999999,0.7375,0.11249999999999716,0.9375,-0.3875000000000002,0.4749999999999943,0.05,-0.7875000000000001,-0.3500000000000001,0.7,0.0625,0.5
-64431.225000000006,175969.76249999995,11424.475000000006,150959.825,9706.875,-102.25,165594.9125,10292.0,147528.9125,52540.837499999994,0.3999999999999999,0.7375,0.11249999999999716,-0.0625,0.6124999999999998,-0.5250000000000057,0.05,-0.7875000000000001,-0.3500000000000001,-0.30000000000000004,0.0625,0.5
-64300.225000000006,175295.76249999995,11594.475000000006,151139.825,9683.875,-159.25,165209.9125,10262.0,147512.9125,52131.837499999994,0.3999999999999999,0.7375,-0.8875000000000028,-0.0625,-0.3875000000000002,0.4749999999999943,0.05,0.2124999999999999,0.6499999999999999,-0.30000000000000004,0.0625,-0.5
-64428.225000000006,175021.76249999995,11443.475000000006,151040.825,9524.875,-51.25,165055.9125,10249.0,147447.9125,51879.837499999994,-0.6000000000000001,-0.26249999999999996,-0.8875000000000028,-0.0625,-0.3875000000000002,-0.5250000000000057,0.05,0.2124999999999999,-0.3500000000000001,-0.30000000000000004,0.0625,-0.5
-64519.225000000006,175445.76249999995,11338.475000000006,151049.825,9607.875,-214.25,165246.9125,10140.0,147614.9125,51930.837499999994,0.3999999999999999,-0.26249999999999996,0.11249999999999716,-0.0625,-0.3875000000000002,0.4749999999999943,0.05,0.2124999999999999,-0.3500000000000001,-0.30000000000000004,0.0625,-0.5
-64435.225000000006,175377.76249999995,11341.475000000006,150860.825,9718.875,-340.25,165670.9125,10131.0,147925.9125,52165.837499999994,0.3999999999999999,-0.26249999999999996,1.1124999999999972,-0.0625,-0.3875000000000002,0.4749999999999943,0.05,-0.7875000000000001,-0.3500000000000001,0.7,0.0625,0.5
-64337.225000000006,175296.76249999995,11301.475000000006,150426.825,9649.875,-269.25,165977.9125,10303.0,147741.9125,52491.837499999994,0.3999999999999999,-0.26249999999999996,0.11249999999999716,-0.0625,-0.3875000000000002,-0.5250000000000057,0.05,0.2124999999999999,0.6499999999999999,0.7,0.0625,-0.5
-63642.225000000006,175152.76249999995,11232.475000000006,150118.825,9548.875,-138.25,165945.9125,10292.0,147454.9125,52774.837499999994,-0.6000000000000001,-0.26249999999999996,0.11249999999999716,-0.0625,-0.3875000000000002,0.4749999999999943,0.05,0.2124999999999999,-0.3500000000000001,-0.30000000000000004,0.0625,-0.5
-63449.225000000006,175430.76249999995,11107.475000000006,150056.825,9577.875,-241.25,166056.9125,10196.0,147392.9125,53051.837499999994,0.3999999999999999,0.7375,-0.8875000000000028,-0.0625,-0.3875000000000002,-0.5250000000000057,0.05,0.2124999999999999,-0.3500000000000001,-0.30000000000000004,0.0625,-0.5
-63304.225000000006,175780.76249999995,11287.475000000006,149971.825,9910.875,-172.25,166241.9125,10177.0,147626.9125,53327.837499999994,-0.6000000000000001,-0.26249999999999996,-0.8875000000000028,0.9375,-0.3875000000000002,-0.5250000000000057,0.05,0.2124999999999999,0.6499999999999999,-0.30000000000000004,0.0625,-0.5
-63259.225000000006,175954.76249999995,11248.475000000006,149969.825,9800.875,-210.25,166451.9125,10170.0,147883.9125,53781.837499999994,0.3999999999999999,-0.26249999999999996,0.11249999999999716,-0.0625,-0.3875000000000002,-0.5250000000000057,0.05,0.2124999999999999,0.6499999999999999,-0.30000000000000004,0.0625,0.5
-63190.225000000006,175854.76249999995,11401.475000000006,149925.825,9719.875,-209.25,166184.9125,10197.0,147633.9125,53623.837499999994,-0.6000000000000001,-0.26249999999999996,0.11249999999999716,-0.0625,-0.3875000000000002,0.4749999999999943,0.05,0.2124999999999999,-0.3500000000000001,-0.30000000000000004,0.0625,0.5
-63198.225000000006,175605.76249999995,11462.475000000006,149978.825,9794.875,-304.25,165796.9125,10188.0,147398.9125,53447.837499999994,0.3999999999999999,-0.26249999999999996,0.11249999999999716,-0.0625,0.6124999999999998,-0.5250000000000057,0.05,-0.7875000000000001,-0.3500000000000001,-0.30000000000000004,0.0625,-1.5
-63368.225000000006,175558.76249999995,11387.475000000006,150150.825,9798.875,-416.25,165507.9125,10151.0,147389.9125,53237.837499999994,0.3999999999999999,0.7375,0.11249999999999716,-0.0625,-0.3875000000000002,0.4749999999999943,0.05,-0.7875000000000001,-0.3500000000000001,-0.30000000000000004,0.0625,-0.5
-63563.225000000006,175760.76249999995,11234.475000000006,150237.825,9784.875,-303.25,165412.9125,10221.0,147500.9125,53138.837499999994,-0.6000000000000001,0.7375,0.11249999999999716,-0.0625,-0.3875000000000002,0.4749999999999943,0.05,0.2124999999999999,-0.3500000000000001,-0.30000000000000004,0.0625,-0.5
-63745.225000000006,175866.76249999995,11353.475000000006,150305.825,9879.875,-289.25,165715.9125,10243.0,147746.9125,53104.837499999994,0.3999999999999999,0.7375,0.11249999999999716,-0.0625,-0.3875000000000002,1.4749999999999943,0.05,0.2124999999999999,-0.3500000000000001,0.7,0.0625,-0.5
-63814.225000000006,175707.76249999995,11339.475000000006,150661.825,9864.875,-394.25,165633.9125,10136.0,148054.9125,53022.837499999994,0.3999999999999999,-0.26249999999999996,0.11249999999999716,-1.0625,0.6124999999999998,0.4749999999999943,0.05,1.2125,0.6499999999999999,-0.30000000000000004,0.0625,0.5
-63940.225000000006,175686.76249999995,11297.475000000006,150830.825,9737.875,-491.25,165471.9125,10051.0,147946.9125,52930.837499999994,-0.6000000000000001,-0.26249999999999996,0.11249999999999716,-0.0625,-0.3875000000000002,-0.5250000000000057,0.05,0.2124999999999999,-0.3500000000000001,-0.30000000000000004,0.0625,-0.5
-64001.225000000006,175720.76249999995,11294.475000000006,150694.825,9702.875,-359.25,165518.9125,10076.0,148029.9125,52725.837499999994,0.3999999999999999,-0.26249999999999996,0.11249999999999716,-0.0625,-0.3875000000000002,0.4749999999999943,0.05,0.2124999999999999,-0.3500000000000001,-0.30000000000000004,0.0625,0.5
-63921.225000000006,175518.76249999995,11246.475000000006,150540.825,9767.875,-218.25,165782.9125,10117.0,148314.9125,52909.837499999994,0.3999999999999999,-0.26249999999999996,1.1124999999999972,-0.0625,-0.3875000000000002,0.4749999999999943,0.05,0.2124999999999999,-0.3500000000000001,0.7,0.0625,0.5
-63764.225000000006,175375.76249999995,11247.475000000006,150452.825,9726.875,-321.25,165912.9125,10162.0,148616.9125,53122.837499999994,0.3999999999999999,-0.26249999999999996,0.11249999999999716,0.9375,-1.3875000000000002,-0.5250000000000057,0.05,0.2124999999999999,-0.3500000000000001,-0.30000000000000004,0.0625,0.5
-63788.225000000006,175230.76249999995,11161.475000000006,150366.825,9874.875,-224.25,166037.9125,10269.0,148853.9125,53187.837499999994,0.3999999999999999,0.7375,-0.8875000000000028,-0.0625,-0.3875000000000002,0.4749999999999943,0.05,0.2124999999999999,0.6499999999999999,0.7,0.0625,0.5
-63901.225000000006,175308.76249999995,11234.475000000006,150434.825,9870.875,-116.25,166076.9125,10413.0,148651.9125,53053.837499999994,-0.6000000000000001,0.7375,0.11249999999999716,-0.0625,-0.3875000000000002,0.4749999999999943,0.05,0.2124999999999999,-0.3500000000000001,0.7,0.0625,0.5
-63883.225000000006,175404.76249999995,11092.475000000006,150539.825,9858.875,-85.25,165608.9125,10319.0,148417.9125,52820.837499999994,0.3999999999999999,0.7375,0.11249999999999716,0.9375,-0.3875000000000002,0.4749999999999943,0.05,0.2124999999999999,-0.3500000000000001,-1.3,0.0625,-0.5
-63891.225000000006,175434.76249999995,11183.475000000006,150432.825,9670.875,-105.25,165770.9125,10230.0,148357.9125,52752.837499999994,0.3999999999999999,0.7375,0.11249999999999716,0.9375,-0.3875000000000002,0.4749999999999943,0.05,0.2124999999999999,-0.3500000000000001,-0.30000000000000004,0.0625,-0.5
-63855.225000000006,175505.76249999995,11319.475000000006,150375.825,9722.875,-184.25,165937.9125,10238.0,148322.9125,52798.837499999994,0.3999999999999999,-0.26249999999999996,1.1124999999999972,-0.0625,-0.3875000000000002,0.4749999999999943,-0.95,0.2124999999999999,-0.3500000000000001,-0.30000000000000004,0.0625,0.5
-63920.225000000006,175689.76249999995,11289.475000000006,150512.825,9805.875,-219.25,165922.9125,10250.0,148254.9125,52899.837499999994,-0.6000000000000001,0.7375,0.11249999999999716,0.9375,-0.3875000000000002,0.4749999999999943,0.05,0.2124999999999999,-0.3500000000000001,-0.30000000000000004,0.0625,1.5
-63934.225000000006,175930.76249999995,11324.475000000006,150650.825,9806.875,-316.25,165758.9125,10271.0,147920.9125,53040.837499999994,-0.6000000000000001,-0.26249999999999996,0.11249999999999716,-0.0625,-0.3875000000000002,-0.5250000000000057,-0.95,0.2124999999999999,-0.3500000000000001,-0.30000000000000004,0.0625,-0.5
-63855.225000000006,175859.76249999995,11400.475000000006,150449.825,9675.875,-204.25,165664.9125,10335.0,147584.9125,52998.837499999994,0.3999999999999999,-0.26249999999999996,0.11249999999999716,-0.0625,-0.3875000000000002,-0.5250000000000057,0.05,0.2124999999999999,-0.3500000000000001,-0.30000000000000004,1.0625,-0.5
-63817.225000000006,175656.76249999995,11164.475000000006,150242.825,9651.875,-265.25,165414.9125,10243.0,147472.9125,52883.837499999994,0.3999999999999999,-0.26249999999999996,1.1124999999999972,-0.0625,-0.3875000000000002,0.4749999999999943,0.05,0.2124999999999999,-0.3500000000000001,0.7,0.0625,-0.5
-63758.225000000006,175605.76249999995,11150.475000000006,150191.825,9756.875,-198.25,165354.9125,10171.0,147463.9125,52893.837499999994,0.3999999999999999,0.7375,0.11249999999999716,-0.0625,-0.3875000000000002,-0.5250000000000057,0.05,0.2124999999999999,-0.3500000000000001,-0.30000000000000004,0.0625,0.5
-63806.225000000006,175634.76249999995,11201.475000000006,150054.825,9733.875,-230.25,165705.9125,10094.0,147646.9125,53064.837499999994,0.3999999999999999,-0.26249999999999996,0.11249999999999716,-0.0625,-0.3875000000000002,0.4749999999999943,0.05,0.2124999999999999,0.6499999999999999,-0.30000000000000004,0.0625,-0.5
-63752.225000000006,175606.76249999995,11274.475000000006,149981.825,433391.875,-333.25,165345.9125,10219.0,147669.9125,52872.837499999994,0.3999999999999999,0.7375,0.11249999999999716,-0.0625,-0.3875000000000002,-0.5250000000000057,-0.95,0.2124999999999999,-0.3500000000000001,0.7,-0.9375,0.5
-63670.225000000006,175364.76249999995,11149.475000000006,150073.825,-4218258.125,-193.25,165068.9125,10161.0,147600.9125,52747.837499999994,0.3999999999999999,0.7375,1.1124999999999972,-0.0625,-0.3875000000000002,0.4749999999999943,0.05,0.2124999999999999,-0.3500000000000001,-0.30000000000000004,0.0625,-0.5
-63792.225000000006,175180.76249999995,11127.475000000006,150039.825,9673.875,-361.25,165046.9125,10171.0,147571.9125,52573.837499999994,0.3999999999999999,-1.2625,0.11249999999999716,-0.0625,-0.3875000000000002,0.4749999999999943,0.05,0.2124999999999999,-0.3500000000000001,-0.30000000000000004,0.0625,-0.5
-63813.225000000006,175252.76249999995,11208.475000000006,150035.825,9677.875,-299.25,165153.9125,10040.0,147564.9125,52672.837499999994,0.3999999999999999,-0.26249999999999996,0.11249999999999716,-1.0625,0.6124999999999998,0.4749999999999943,0.05,-0.7875000000000001,-0.3500000000000001,-0.30000000000000004,0.0625,-0.5
-63873.225000000006,175533.76249999995,11176.475000000006,150243.825,9653.875,-462.25,165283.9125,10139.0,147799.9125,52851.837499999994,0.3999999999999999,-0.26249999999999996,0.11249999999999716,-1.0625,-0.3875000000000002,0.4749999999999943,0.05,-0.7875000000000001,-0.3500000000000001,-0.30000000000000004,0.0625,-0.5
-63890.225000000006,175741.76249999995,11205.475000000006,150267.825,9613.875,-333.25,165377.9125,10303.0,148077.9125,52978.837499999994,-0.6000000000000001,-0.26249999999999996,0.11249999999999716,-0.0625,-0.3875000000000002,0.4749999999999943,0.05,0.2124999999999999,-0.3500000000000001,-0.30000000000000004,0.0625,-0.5
-63716.225000000006,175763.76249999995,11220.475000000006,150070.825,9698.875,-318.25,165403.9125,10244.0,147800.9125,52982.837499999994,0.3999999999999999,-0.26249999999999996,0.11249999999999716,-0.0625,0.6124999999999998,-1.5250000000000057,0.05,0.2124999999999999,-0.3500000000000001,-0.30000000000000004,0.0625,0.5
-63628.225000000006,175677.76249999995,11269.475000000006,149740.825,9671.875,-418.25,165401.9125,10259.0,147688.9125,53060.837499999994,0.3999999999999999,0.7375,0.11249999999999716,-0.0625,-0.3875000000000002,0.4749999999999943,0.05,0.2124999999999999,-0.3500000000000001,-0.30000000000000004,0.0625,-0.5
-63485.225000000006,175630.76249999995,11230.475000000006,149784.825,9648.875,-413.25,165509.9125,10119.0,147603.9125,53147.837499999994,0.3999999999999999,-0.26249999999999996,-0.8875000000000028,0.9375,-0.3875000000000002,-0.5250000000000057,0.05,0.2124999999999999,-0.3500000000000001,-0.30000000000000004,0.0625,-0.5
-63335.225000000006,175554.76249999995,11186.475000000006,149743.825,9688.875,-176.25,165505.9125,10231.0,147707.9125,53288.837499999994,0.3999999999999999,-0.26249999999999996,1.1124999999999972,0.9375,-0.3875000000000002,-0.5250000000000057,0.05,0.2124999999999999,-0.3500000000000001,0.7,0.0625,-0.5
-63477.225000000006,175658.76249999995,11348.475000000006,149698.825,9562.875,-332.25,165574.9125,10138.0,147919.9125,53277.837499999994,-0.6000000000000001,-0.26249999999999996,0.11249999999999716,-0.0625,0.6124999999999998,-0.5250000000000057,0.05,0.2124999999999999,-0.3500000000000001,-0.30000000000000004,0.0625,1.5
-63518.225000000006,175646.76249999995,11265.475000000006,149865.825,9548.875,-284.25,165180.9125,10197.0,147960.9125,53193.837499999994,0.3999999999999999,-0.26249999999999996,1.1124999999999972,-0.0625,0.6124999999999998,-0.5250000000000057,0.05,0.2124999999999999,-0.3500000000000001,-0.30000000000000004,0.0625,1.5
-63875.225000000006,175651.76249999995,11284.475000000006,150134.825,9509.875,-376.25,164969.9125,10262.0,148135.9125,53025.837499999994,0.3999999999999999,-0.26249999999999996,0.11249999999999716,0.9375,-0.3875000000000002,0.4749999999999943,0.05,0.2124999999999999,-0.3500000000000001,-0.30000000000000004,0.0625,-0.5
-63975.225000000006,175706.76249999995,11361.475000000006,150271.825,9589.875,-405.25,164930.9125,10232.0,148171.9125,52891.837499999994,0.3999999999999999,0.7375,0.11249999999999716,-0.0625,0.6124999999999998,0.4749999999999943,0.05,0.2124999999999999,-0.3500000000000001,-0.30000000000000004,0.0625,-0.5
-63991.225000000006,175649.76249999995,11373.475000000006,150325.825,9645.875,-310.25,164829.9125,10166.0,148137.9125,52787.837499999994,0.3999999999999999,0.7375,-0.8875000000000028,-0.0625,-0.3875000000000002,-0.5250000000000057,0.05,-0.7875000000000001,-0.3500000000000001,0.7,0.0625,0.5
-64080.225000000006,175532.76249999995,11341.475000000006,150300.825,9651.875,-222.25,164673.9125,10210.0,147640.9125,52452.837499999994,0.3999999999999999,0.7375,-0.8875000000000028,-0.0625,-0.3875000000000002,-0.5250000000000057,0.05,0.2124999999999999,-0.3500000000000001,-0.30000000000000004,0.0625,-0.5
-64004.225000000006,175556.76249999995,11307.475000000006,150463.825,9578.875,-318.25,164568.9125,10183.0,147553.9125,52400.837499999994,-0.6000000000000001,0.7375,0.11249999999999716,-0.0625,-0.3875000000000002,0.4749999999999943,0.05,0.2124999999999999,-0.3500000000000001,0.7,0.0625,-0.5
-63983.225000000006,175666.76249999995,11253.475000000006,150381.825,9593.875,-395.25,164713.9125,10199.0,147533.9125,52461.837499999994,0.3999999999999999,0.7375,0.11249999999999716,-0.0625,0.6124999999999998,-1.5250000000000057,0.05,-0.7875000000000001,-0.3500000000000001,0.7,0.0625,0.5
-63964.225000000006,175639.76249999995,11310.475000000006,150132.825,9583.875,-431.25,165099.9125,10205.0,147596.9125,52721.837499999994,0.3999999999999999,0.7375,0.11249999999999716,-0.0625,-0.3875000000000002,0.4749999999999943,0.05,0.2124999999999999,-0.3500000000000001,-0.30000000000000004,0.0625,-0.5
-63801.225000000006,175459.76249999995,11553.475000000006,150096.825,9483.875,-508.25,165264.9125,10084.0,147600.9125,52889.837499999994,0.3999999999999999,-0.26249999999999996,-0.8875000000000028,-0.0625,-0.3875000000000002,-0.5250000000000057,0.05,0.2124999999999999,-0.3500000000000001,0.7,-0.9375,0.5
-63573.225000000006,175564.76249999995,11419.475000000006,149997.825,9474.875,-559.25,165401.9125,10098.0,147528.9125,52969.837499999994,0.3999999999999999,-0.26249999999999996,0.11249999999999716,-0.0625,-0.3875000000000002,0.4749999999999943,0.05,0.2124999999999999,-0.3500000000000001,0.7,0.0625,-0.5
-63576.225000000006,175642.76249999995,11235.475000000006,149852.825,9596.875,-292.25,164993.9125,10227.0,147132.9125,53081.837499999994,-0.6000000000000001,-0.26249999999999996,0.11249999999999716,-1.0625,-0.3875000000000002,0.4749999999999943,0.05,0.2124999999999999,-0.3500000000000001,-0.30000000000000004,0.0625,-0.5
-63561.225000000006,175660.76249999995,11152.475000000006,149929.825,9619.875,-315.25,165236.9125,10221.0,147267.9125,53090.837499999994,0.3999999999999999,-0.26249999999999996,1.1124999999999972,-0.0625,-0.3875000000000002,0.4749999999999943,-0.95,0.2124999999999999,-0.3500000000000001,-0.30000000000000004,0.0625,-0.5
-63778.225000000006,175732.76249999995,11063.475000000006,150027.825,9706.875,-448.25,165304.9125,10201.0,147504.9125,53061.837499999994,-0.6000000000000001,-0.26249999999999996,0.11249999999999716,-0.0625,0.6124999999999998,-0.5250000000000057,0.05,-0.7875000000000001,-0.3500000000000001,-0.30000000000000004,-0.9375,0.5
-63740.225000000006,175964.76249999995,11196.475000000006,149942.825,9683.875,-640.25,165180.9125,10224.0,147587.9125,53031.837499999994,0.3999999999999999,0.7375,1.1124999999999972,-0.0625,-0.3875000000000002,0.4749999999999943,0.05,0.2124999999999999,-0.3500000000000001,-0.30000000000000004,-0.9375,1.5
-63693.225000000006,175734.76249999995,11224.475000000006,149920.825,9825.875,-539.25,165048.9125,10333.0,147548.9125,52956.837499999994,0.3999999999999999,-0.26249999999999996,0.11249999999999716,-0.0625,-0.3875000000000002,-0.5250000000000057,0.05,0.2124999999999999,0.6499999999999999,-1.3,0.0625,-0.5
-63735.225000000006,175624.76249999995,11167.475000000006,150011.825,9801.875,-453.25,165035.9125,10243.0,147472.9125,52948.837499999994,0.3999999999999999,-0.26249999999999996,0.11249999999999716,-0.0625,0.6124999999999998,0.4749999999999943,0.05,0.2124999999999999,-0.3500000000000001,-0.30000000000000004,-0.9375,-0.5
-63879.225000000006,175851.76249999995,11194.475000000006,149973.825,9680.875,-590.25,164892.9125,10109.0,147595.9125,52938.837499999994,-0.6000000000000001,-0.26249999999999996,1.1124999999999972,-0.0625,0.6124999999999998,0.4749999999999943,0.05,0.2124999999999999,-0.3500000000000001,0.7,0.0625,-0.5
-64051.225000000006,176058.76249999995,11241.475000000006,150016.825,9627.875,-424.25,165483.9125,10124.0,147675.9125,53174.837499999994,0.3999999999999999,0.7375,0.11249999999999716,-0.0625,-0.3875000000000002,0.4749999999999943,0.05,0.2124999999999999,-0.3500000000000001,0.7,0.0625,-0.5
-63946.225000000006,176096.76249999995,11349.475000000006,149952.825,9622.875,-548.25,165486.9125,10114.0,147851.9125,53166.837499999994,0.3999999999999999,0.7375,1.1124999999999972,-0.0625,-0.3875000000000002,0.4749999999999943,0.05,0.2124999999999999,-0.3500000000000001,0.7,0.0625,-0.5
-63780.225000000006,176171.76249999995,11324.475000000006,149997.825,9553.875,-467.25,165433.9125,10200.0,147989.9125,53123.837499999994,0.3999999999999999,-0.26249999999999996,0.11249999999999716,-0.0625,-0.3875000000000002,-0.5250000000000057,0.05,0.2124999999999999,0.6499999999999999,1.7,0.0625,-0.5
-63776.225000000006,176207.76249999995,11215.475000000006,149854.825,9611.875,-396.25,165551.9125,10143.0,148139.9125,53190.837499999994,0.3999999999999999,0.7375,0.11249999999999716,0.9375,-0.3875000000000002,0.4749999999999943,0.05,0.2124999999999999,-0.3500000000000001,-0.30000000000000004,0.0625,-0.5
-63743.225000000006,176211.76249999995,11211.475000000006,149936.825,9722.875,-383.25,165577.9125,10144.0,148322.9125,53214.837499999994,-0.6000000000000001,0.7375,0.11249999999999716,-0.0625,-0.3875000000000002,0.4749999999999943,0.05,0.2124999999999999,0.6499999999999999,-0.30000000000000004,0.0625,0.5
-63963.225000000006,176280.76249999995,11138.475000000006,150080.825,9774.875,-357.25,165447.9125,10381.0,148406.9125,53247.837499999994,0.3999999999999999,-0.26249999999999996,1.1124999999999972,-0.0625,-0.3875000000000002,-0.5250000000000057,-0.95,0.2124999999999999,-0.3500000000000001,-0.30000000000000004,0.0625,-0.5
-63876.225000000006,176329.76249999995,11160.475000000006,150076.825,9745.875,-449.25,165434.9125,10248.0,148450.9125,53218.837499999994,0.3999999999999999,-0.26249999999999996,0.11249999999999716,-0.0625,-1.3875000000000002,0.4749999999999943,0.05,0.2124999999999999,0.6499999999999999,-0.30000000000000004,0.0625,-0.5
-63967.225000000006,176315.76249999995,11251.475000000006,149987.825,9650.875,-386.25,165228.9125,10284.0,148446.9125,53012.837499999994,0.3999999999999999,0.7375,0.11249999999999716,-0.0625,-0.3875000000000002,0.4749999999999943,0.05,0.2124999999999999,0.6499999999999999,-0.30000000000000004,0.0625,-0.5
-63922.225000000006,176176.76249999995,11428.475000000006,149984.825,9685.875,-476.25,165240.9125,10242.0,148115.9125,52859.837499999994,-0.6000000000000001,0.7375,0.11249999999999716,-0.0625,-0.3875000000000002,0.4749999999999943,0.05,-0.7875000000000001,-0.3500000000000001,-0.30000000000000004,0.0625,-0.5
-63870.225000000006,176247.76249999995,11391.475000000006,149930.825,9766.875,-452.25,165102.9125,10227.0,147810.9125,52811.837499999994,-0.6000000000000001,0.7375,-0.8875000000000028,-0.0625,-0.3875000000000002,-0.5250000000000057,0.05,0.2124999999999999,0.6499999999999999,-0.30000000000000004,0.0625,-1.5
-63851.225000000006,176163.76249999995,11322.475000000006,149877.825,9705.875,-419.25,165050.9125,10335.0,147558.9125,52894.837499999994,0.3999999999999999,-0.26249999999999996,0.11249999999999716,-0.0625,-0.3875000000000002,0.4749999999999943,0.05,0.2124999999999999,-0.3500000000000001,-0.30000000000000004,0.0625,-0.5
-63778.225000000006,176067.76249999995,11246.475000000006,149846.825,9622.875,-466.25,164989.9125,10228.0,147521.9125,52892.837499999994,0.3999999999999999,0.7375,-0.8875000000000028,0.9375,-0.3875000000000002,-0.5250000000000057,0.05,-0.7875000000000001,-0.3500000000000001,0.7,0.0625,-0.5
-63803.225000000006,176167.76249999995,11153.475000000006,149909.825,9701.875,-549.25,165341.9125,10210.0,147541.9125,53205.837499999994,0.3999999999999999,0.7375,-0.8875000000000028,-0.0625,-0.3875000000000002,0.4749999999999943,0.05,1.2125,-0.3500000000000001,-0.30000000000000004,0.0625,0.5
-63675.225000000006,176190.76249999995,11178.475000000006,149904.825,9635.875,-552.25,165701.9125,10302.0,147844.9125,53315.837499999994,-0.6000000000000001,-0.26249999999999996,1.1124999999999972,-0.0625,-0.3875000000000002,0.4749999999999943,0.05,0.2124999999999999,-0.3500000000000001,0.7,0.0625,0.5
-63688.225000000006,175932.76249999995,11214.475000000006,150152.825,9628.875,-377.25,165280.9125,10175.0,147746.9125,53427.837499999994,-0.6000000000000001,-0.26249999999999996,-0.8875000000000028,-0.0625,-0.3875000000000002,0.4749999999999943,0.05,0.2124999999999999,-0.3500000000000001,-0.30000000000000004,0.0625,0.5
-63615.225000000006,176055.76249999995,11220.475000000006,150238.825,9818.875,-561.25,165090.9125,10175.0,147573.9125,53302.837499999994,-0.6000000000000001,0.7375,0.11249999999999716,-0.0625,-0.3875000000000002,0.4749999999999943,0.05,0.2124999999999999,-0.3500000000000001,-0.30000000000000004,0.0625,0.5
-63685.225000000006,176099.76249999995,11283.475000000006,150254.825,9887.875,-546.25,165056.9125,10146.0,147769.9125,53245.837499999994,0.3999999999999999,-0.26249999999999996,0.11249999999999716,-0.0625,-0.3875000000000002,0.4749999999999943,0.05,-0.7875000000000001,-0.3500000000000001,-0.30000000000000004,0.0625,-0.5
-63616.225000000006,176043.76249999995,11071.475000000006,150024.825,9629.875,-498.25,165219.9125,10118.0,147788.9125,53279.837499999994,0.3999999999999999,0.7375,0.11249999999999716,-0.0625,0.6124999999999998,0.4749999999999943,0.05,0.2124999999999999,0.6499999999999999,0.7,0.0625,0.5
-63622.225000000006,176056.76249999995,11406.475000000006,150024.825,9742.875,-500.25,165055.9125,10195.0,147559.9125,53097.837499999994,0.3999999999999999,0.7375,1.1124999999999972,-0.0625,-0.3875000000000002,-0.5250000000000057,0.05,0.2124999999999999,0.6499999999999999,-0.30000000000000004,0.0625,0.5
-63609.225000000006,175923.76249999995,11151.475000000006,149804.825,9759.875,-616.25,164942.9125,10056.0,147688.9125,53196.837499999994,0.3999999999999999,0.7375,1.1124999999999972,-0.0625,-0.3875000000000002,0.4749999999999943,0.05,0.2124999999999999,0.6499999999999999,-0.30000000000000004,-0.9375,-0.5
-63720.225000000006,175949.76249999995,11270.475000000006,149584.825,9611.875,-542.25,164874.9125,10020.0,147789.9125,53282.837499999994,0.3999999999999999,-0.26249999999999996,1.1124999999999972,-0.0625,0.6124999999999998,-0.5250000000000057,0.05,0.2124999999999999,-0.3500000000000001,-0.30000000000000004,0.0625,0.5
-63672.225000000006,176002.76249999995,11245.475000000006,149598.825,9598.875,-304.25,165430.9125,10048.0,148093.9125,53292.837499999994,-0.6000000000000001,-0.26249999999999996,0.11249999999999716,0.9375,-1.3875000000000002,0.4749999999999943,0.05,0.2124999999999999,0.6499999999999999,-0.30000000000000004,0.0625,0.5
-63621.225000000006,175963.76249999995,11179.475000000006,149655.825,9673.875,-349.25,165255.9125,10139.0,147897.9125,53199.837499999994,0.3999999999999999,-0.26249999999999996,0.11249999999999716,0.9375,-0.3875000000000002,-0.5250000000000057,0.05,0.2124999999999999,-0.3500000000000001,-0.30000000000000004,0.0625,0.5
-63654.225000000006,175724.76249999995,11109.475000000006,149473.825,9538.875,-520.25,164943.9125,10150.0,147867.9125,53112.837499999994,-0.6000000000000001,-0.26249999999999996,1.1124999999999972,-0.0625,-0.3875000000000002,-0.5250000000000057,0.05,0.2124999999999999,0.6499999999999999,-0.30000000000000004,0.0625,-0.5
-63878.225000000006,175752.76249999995,11115.475000000006,149811.825,9455.875,-566.25,165069.9125,10189.0,148048.9125,52927.837499999994,0.3999999999999999,0.7375,0.11249999999999716,-0.0625,-0.3875000000000002,-0.5250000000000057,-0.95,0.2124999999999999,-0.3500000000000001,0.7,0.0625,0.5
-64026.225000000006,175878.76249999995,11207.475000000006,149846.825,9665.875,-551.25,165178.9125,10121.0,148150.9125,52868.837499999994,0.3999999999999999,-0.26249999999999996,-0.8875000000000028,-0.0625,-0.3875000000000002,0.4749999999999943,0.05,0.2124999999999999,-0.3500000000000001,0.7,0.0625,-0.5
-63991.225000000006,175973.76249999995,11284.475000000006,149967.825,9668.875,-638.25,165087.9125,10089.0,148144.9125,52913.837499999994,-0.6000000000000001,-0.26249999999999996,0.11249999999999716,-0.0625,-0.3875000000000002,0.4749999999999943,0.05,0.2124999999999999,0.6499999999999999,-0.30000000000000004,0.0625,0.5
-63889.225000000006,176160.76249999995,11506.475000000006,149932.825,9538.875,-712.25,164885.9125,10129.0,148281.9125,53041.837499999994,-0.6000000000000001,0.7375,1.1124999999999972,-1.0625,-0.3875000000000002,-0.5250000000000057,0.05,0.2124999999999999,-0.3500000000000001,0.7,0.0625,-0.5
-63811.225000000006,176148.76249999995,11333.475000000006,149733.825,9700.875,-553.25,165260.9125,10160.0,148174.9125,52998.837499999994,-0.6000000000000001,-0.26249999999999996,1.1124999999999972,-0.0625,0.6124999999999998,0.4749999999999943,0.05,0.2124999999999999,-0.3500000000000001,0.7,0.0625,-0.5
-63825.225000000006,176188.76249999995,11217.475000000006,149669.825,9627.875,-659.25,165466.9125,10133.0,148248.9125,53077.837499999994,0.3999999999999999,-0.26249999999999996,0.11249999999999716,-0.0625,-0.3875000000000002,0.4749999999999943,0.05,0.2124999999999999,-0.3500000000000001,-0.30000000000000004,0.0625,-0.5
-63819.225000000006,176462.76249999995,11242.475000000006,149605.825,9651.875,-670.25,165668.9125,10033.0,148476.9125,53222.837499999994,0.3999999999999999,-0.26249999999999996,0.11249999999999716,-0.0625,-0.3875000000000002,-0.5250000000000057,0.05,0.2124999999999999,-0.3500000000000001,-0.30000000000000004,0.0625,0.5
-63603.225000000006,176526.76249999995,11247.475000000006,149507.825,9702.875,-801.25,165666.9125,10112.0,148332.9125,53491.837499999994,-0.6000000000000001,-0.26249999999999996,0.11249999999999716,-0.0625,-0.3875000000000002,-0.5250000000000057,0.05,0.2124999999999999,-0.3500000000000001,-0.30000000000000004,0.0625,0.5
-63632.225000000006,176434.76249999995,11326.475000000006,149320.825,9728.875,-578.25,165850.9125,10204.0,148240.9125,53605.837499999994,0.3999999999999999,0.7375,0.11249999999999716,-0.0625,-0.3875000000000002,-0.5250000000000057,0.05,0.2124999999999999,-0.3500000000000001,-0.30000000000000004,0.0625,-0.5
-63513.225000000006,176535.76249999995,11216.475000000006,149230.825,9667.875,-568.25,165670.9125,10086.0,148102.9125,53549.837499999994,0.3999999999999999,-0.26249999999999996,0.11249999999999716,-0.0625,-0.3875000000000002,-0.5250000000000057,0.05,0.2124999999999999,0.6499999999999999,-0.30000000000000004,0.0625,-0.5
-63585.225000000006,176467.76249999995,11056.475000000006,149270.825,9508.875,-683.25,165434.9125,10214.0,148051.9125,53401.837499999994,-0.6000000000000001,0.7375,0.11249999999999716,-0.0625,-0.3875000000000002,0.4749999999999943,0.05,1.2125,-0.3500000000000001,-0.30000000000000004,0.0625,0.5
-63727.225000000006,176318.76249999995,11044.475000000006,149389.825,9598.875,-564.25,165213.9125,10201.0,147853.9125,53221.837499999994,-0.6000000000000001,0.7375,1.1124999999999972,-0.0625,-0.3875000000000002,0.4749999999999943,0.05,0.2124999999999999,0.6499999999999999,0.7,0.0625,-0.5
-63803.225000000006,176102.76249999995,11204.475000000006,149442.825,9612.875,-624.25,165089.9125,10093.0,147777.9125,52876.837499999994,-0.6000000000000001,-0.26249999999999996,0.11249999999999716,-1.0625,0.6124999999999998,-0.5250000000000057,-0.95,0.2124999999999999,-0.3500000000000001,0.7,-0.9375,-0.5
-63812.225000000006,176117.76249999995,11360.475000000006,149570.825,9674.875,-588.25,164937.9125,10214.0,147763.9125,52773.837499999994,-0.6000000000000001,-0.26249999999999996,0.11249999999999716,-0.0625,0.6124999999999998,-0.5250000000000057,0.05,0.2124999999999999,0.6499999999999999,0.7,0.0625,-0.5
-63746.225000000006,176211.76249999995,11425.475000000006,149487.825,9750.875,-522.25,165037.9125,10114.0,147769.9125,52804.837499999994,-0.6000000000000001,0.7375,0.11249999999999716,-0.0625,0.6124999999999998,-0.5250000000000057,0.05,-0.7875000000000001,-0.3500000000000001,0.7,0.0625,-0.5
-63815.225000000006,176194.76249999995,11220.475000000006,149415.825,9723.875,-560.25,164874.9125,10204.0,147945.9125,52867.837499999994,0.3999999999999999,-0.26249999999999996,0.11249999999999716,-0.0625,0.6124999999999998,-0.5250000000000057,0.05,0.2124999999999999,0.6499999999999999,0.7,0.0625,-0.5
-63652.225000000006,176228.76249999995,11109.475000000006,149403.825,9636.875,-600.25,164944.9125,10105.0,147935.9125,52926.837499999994,0.3999999999999999,-0.26249999999999996,0.11249999999999716,-0.0625,0.6124999999999998,0.4749999999999943,0.05,1.2125,-0.3500000000000001,-0.30000000000000004,0.0625,-0.5
-63614.225000000006,176119.76249999995,11272.475000000006,149451.825,9547.875,-527.25,165068.9125,10243.0,148143.9125,53298.837499999994,0.3999999999999999,-0.26249999999999996,0.11249999999999716,-0.0625,0.6124999999999998,1.4749999999999943,0.05,0.2124999999999999,-0.3500000000000001,0.7,0.0625,-0.5
-63749.225000000006,176197.76249999995,11207.475000000006,149388.825,9566.875,-535.25,165273.9125,10322.0,148305.9125,53300.837499999994,0.3999999999999999,-0.26249999999999996,0.11249999999999716,-0.0625,-0.3875000000000002,0.4749999999999943,0.05,0.2124999999999999,-0.3500000000000001,-0.30000000000000004,0.0625,-0.5
-63826.225000000006,176240.76249999995,11102.475000000006,149326.825,9606.875,-536.25,165450.9125,10158.0,148265.9125,53174.837499999994,0.3999999999999999,-0.26249999999999996,0.11249999999999716,-0.0625,0.6124999999999998,-0.5250000000000057,0.05,0.2124999999999999,-0.3500000000000001,0.7,0.0625,-0.5
-63756.225000000006,176293.76249999995,11130.475000000006,149382.825,9727.875,-567.25,165316.9125,10080.0,148164.9125,53140.837499999994,0.3999999999999999,-0.26249999999999996,0.11249999999999716,-0.0625,-0.3875000000000002,-0.5250000000000057,0.05,0.2124999999999999,0.6499999999999999,-0.30000000000000004,0.0625,0.5
-63832.225000000006,176303.76249999995,11015.475000000006,149355.825,9528.875,-552.25,165246.9125,10076.0,148235.9125,53270.837499999994,0.3999999999999999,-0.26249999999999996,0.11249999999999716,-0.0625,0.6124999999999998,-0.5250000000000057,0.05,0.2124999999999999,-0.3500000000000001,-0.30000000000000004,0.0625,-0.5
-63890.225000000006,176344.76249999995,11252.475000000006,149393.825,9494.875,-590.25,165123.9125,10081.0,148181.9125,53171.837499999994,0.3999999999999999,-0.26249999999999996,-0.8875000000000028,-0.0625,0.6124999999999998,-0.5250000000000057,0.05,0.2124999999999999,-0.3500000000000001,0.7,0.0625,0.5
-63939.225000000006,176308.76249999995,11201.475000000006,149449.825,9505.875,-662.25,165060.9125,10183.0,148268.9125,53032.837499999994,-0.6000000000000001,-0.26249999999999996,0.11249999999999716,-0.0625,-0.3875000000000002,0.4749999999999943,0.05,0.2124999999999999,-0.3500000000000001,0.7,0.0625,-0.5
-63927.225000000006,176241.76249999995,11173.475000000006,149575.825,9633.875,-625.25,165042.9125,10231.0,148338.9125,52935.837499999994,0.3999999999999999,-0.26249999999999996,0.11249999999999716,-0.0625,-0.3875000000000002,0.4749999999999943,0.05,0.2124999999999999,-0.3500000000000001,0.7,0.0625,-0.5
