FPI,SPI,AI,SFI,FFI,FPD,SPD,AD,SFD,FFD,API_X,API_Y,API_Z,APD_X,APD_Y,APD_Z,AFD_X,AFD_Y,AFD_Z,AFI_X,AFI_Y,AFI_Z
115274.61249999999,-165.94999999995343,-3950.449999999997,-429.70000000001164,13295.5,17395.92499999999,-83.35000000000582,-1275.8875000000116,-424.47499999999854,6679.424999999988,0.375,0.8875,-1.9749999999999943,-1.0374999999999996,0.5999999999999996,-0.48750000000001137,0.0375,-0.8875000000000002,-0.2749999999999999,-0.30000000000000004,0.0625,0.4625000000000057
115289.61249999999,-157.94999999995343,-4011.449999999997,-498.70000000001164,13140.5,17515.92499999999,-36.35000000000582,-1252.8875000000116,-258.47499999999854,6667.424999999988,-0.625,-0.11250000000000004,0.025000000000005684,-0.037499999999999645,0.5999999999999996,0.5124999999999886,-0.9625,-0.8875000000000002,-0.2749999999999999,-0.30000000000000004,0.0625,-0.5374999999999943
115212.61249999999,-152.94999999995343,-3985.449999999997,-400.70000000001164,13059.5,17438.92499999999,-171.35000000000582,-1208.8875000000116,-185.47499999999854,6496.424999999988,-0.625,-0.11250000000000004,0.025000000000005684,0.9625000000000004,0.5999999999999996,0.5124999999999886,0.0375,0.11249999999999982,-0.2749999999999999,0.7,0.0625,-0.5374999999999943
115213.61249999999,-223.94999999995343,-3943.449999999997,-173.70000000001164,13066.5,17445.92499999999,-145.35000000000582,-1265.8875000000116,-308.47499999999854,6477.424999999988,0.375,0.8875,2.0250000000000057,-0.037499999999999645,0.5999999999999996,-0.48750000000001137,0.0375,0.11249999999999982,-0.2749999999999999,-0.30000000000000004,0.0625,0.4625000000000057
114963.61249999999,-22.949999999953434,-3755.449999999997,-16.70000000001164,13063.5,17318.92499999999,68.64999999999418,-1312.8875000000116,-44.474999999998545,6813.424999999988,-0.625,0.8875,0.025000000000005684,-1.0374999999999996,-0.40000000000000036,-0.48750000000001137,0.0375,0.11249999999999982,0.7250000000000001,-0.30000000000000004,0.0625,-0.5374999999999943
114908.61249999999,72.05000000004657,-3756.449999999997,-33.70000000001164,13149.5,17359.92499999999,-87.35000000000582,-1309.8875000000116,-154.47499999999854,6790.424999999988,-0.625,-0.11250000000000004,-0.9749999999999943,-0.037499999999999645,0.5999999999999996,-0.48750000000001137,0.0375,0.11249999999999982,-0.2749999999999999,0.7,0.0625,0.4625000000000057
115004.61249999999,126.05000000004657,-3983.449999999997,-115.70000000001164,13328.5,17502.92499999999,49.64999999999418,-1312.8875000000116,-329.47499999999854,6602.424999999988,-0.625,-0.11250000000000004,0.025000000000005684,-1.0374999999999996,-0.40000000000000036,-0.48750000000001137,-0.9625,-0.8875000000000002,-0.2749999999999999,-0.30000000000000004,0.0625,0.4625000000000057
114760.61249999999,180.05000000004657,-3964.449999999997,40.29999999998836,13324.5,17395.92499999999,-2.3500000000058208,-1367.8875000000116,-292.47499999999854,6717.424999999988,0.375,-0.11250000000000004,0.025000000000005684,-0.037499999999999645,-0.40000000000000036,-1.4875000000000114,-0.9625,0.11249999999999982,-0.2749999999999999,-0.30000000000000004,0.0625,0.4625000000000057
114926.61249999999,-31.949999999953434,-4085.449999999997,-101.70000000001164,13249.5,17327.92499999999,-30.35000000000582,-1457.8875000000116,-85.47499999999854,6734.424999999988,0.375,-0.11250000000000004,1.0250000000000057,-0.037499999999999645,0.5999999999999996,-0.48750000000001137,0.0375,0.11249999999999982,0.7250000000000001,-0.30000000000000004,0.0625,-0.5374999999999943
115093.61249999999,-110.94999999995343,-4078.449999999997,-238.70000000001164,13094.5,17387.92499999999,-115.35000000000582,-1497.8875000000116,-86.47499999999854,6866.424999999988,-0.625,-0.11250000000000004,0.025000000000005684,-0.037499999999999645,-0.40000000000000036,0.5124999999999886,0.0375,0.11249999999999982,-0.2749999999999999,-0.30000000000000004,0.0625,-0.5374999999999943
115042.61249999999,104.05000000004657,-4038.449999999997,-149.70000000001164,13271.5,17710.92499999999,125.64999999999418,-1649.8875000000116,-142.47499999999854,6978.424999999988,0.375,-0.11250000000000004,0.025000000000005684,0.9625000000000004,-0.40000000000000036,-1.4875000000000114,0.0375,0.11249999999999982,-0.2749999999999999,-0.30000000000000004,0.0625,0.4625000000000057
115178.61249999999,56.050000000046566,-4202.449999999997,-116.70000000001164,13366.5,17824.92499999999,24.64999999999418,-1658.8875000000116,1.5250000000014552,6975.424999999988,0.375,-0.11250000000000004,-0.9749999999999943,0.9625000000000004,0.5999999999999996,-0.48750000000001137,0.0375,0.11249999999999982,-0.2749999999999999,-0.30000000000000004,-0.9375,0.4625000000000057
115136.61249999999,54.050000000046566,-4209.449999999997,-181.70000000001164,13384.5,17891.92499999999,-26.35000000000582,-1488.8875000000116,135.52500000000146,6907.424999999988,0.375,-0.11250000000000004,0.025000000000005684,-0.037499999999999645,-0.40000000000000036,-0.48750000000001137,0.0375,0.11249999999999982,0.7250000000000001,-0.30000000000000004,0.0625,0.4625000000000057
114988.61249999999,63.050000000046566,-4061.449999999997,21.29999999998836,13329.5,17745.92499999999,49.64999999999418,-1512.8875000000116,376.52500000000146,7049.424999999988,0.375,0.8875,1.0250000000000057,0.9625000000000004,-0.40000000000000036,-0.48750000000001137,0.0375,0.11249999999999982,-0.2749999999999999,0.7,0.0625,0.4625000000000057
115090.61249999999,40.050000000046566,-3970.449999999997,47.29999999998836,13316.5,17831.92499999999,-50.35000000000582,-1465.8875000000116,283.52500000000146,6968.424999999988,0.375,-0.11250000000000004,0.025000000000005684,0.9625000000000004,0.5999999999999996,0.5124999999999886,0.0375,0.11249999999999982,-0.2749999999999999,0.7,0.0625,0.4625000000000057
115086.61249999999,-21.949999999953434,-4055.449999999997,-89.70000000001164,13262.5,17875.92499999999,-132.35000000000582,-1417.8875000000116,178.52500000000146,7024.424999999988,1.375,-0.11250000000000004,-0.9749999999999943,-1.0374999999999996,0.5999999999999996,0.5124999999999886,0.0375,0.11249999999999982,-0.2749999999999999,-0.30000000000000004,0.0625,0.4625000000000057
115006.61249999999,56.050000000046566,-4006.449999999997,115.29999999998836,13280.5,17763.92499999999,-54.35000000000582,-1446.8875000000116,116.52500000000146,7019.424999999988,0.375,-0.11250000000000004,0.025000000000005684,-0.037499999999999645,-0.40000000000000036,-0.48750000000001137,0.0375,0.11249999999999982,0.7250000000000001,-0.30000000000000004,0.0625,-0.5374999999999943
114957.61249999999,-81.94999999995343,-3965.449999999997,171.29999999998836,13238.5,17804.92499999999,-72.35000000000582,-1434.8875000000116,29.525000000001455,7048.424999999988,-0.625,0.8875,-0.9749999999999943,-0.037499999999999645,0.5999999999999996,-0.48750000000001137,0.0375,0.11249999999999982,-0.2749999999999999,0.7,0.0625,0.4625000000000057
114952.61249999999,15.050000000046566,-3926.449999999997,235.29999999998836,13195.5,17857.92499999999,-173.35000000000582,-1375.8875000000116,-176.47499999999854,6998.424999999988,1.375,-0.11250000000000004,-1.9749999999999943,-0.037499999999999645,0.5999999999999996,0.5124999999999886,0.0375,0.11249999999999982,-0.2749999999999999,-0.30000000000000004,0.0625,0.4625000000000057
115153.61249999999,-93.94999999995343,-3757.449999999997,171.29999999998836,13212.5,17504.92499999999,-52.35000000000582,-1425.8875000000116,-293.47499999999854,7009.424999999988,-0.625,-0.11250000000000004,0.025000000000005684,-0.037499999999999645,0.5999999999999996,0.5124999999999886,0.0375,0.11249999999999982,-0.2749999999999999,-0.30000000000000004,0.0625,0.4625000000000057
114955.61249999999,58.050000000046566,-3795.449999999997,232.29999999998836,13298.5,17595.92499999999,10.64999999999418,-1448.8875000000116,-260.47499999999854,6930.424999999988,0.375,-0.11250000000000004,-0.9749999999999943,-0.037499999999999645,-0.40000000000000036,0.5124999999999886,0.0375,0.11249999999999982,0.7250000000000001,-0.30000000000000004,0.0625,-0.5374999999999943
114808.61249999999,116.05000000004657,-3880.449999999997,200.29999999998836,13343.5,17590.92499999999,73.64999999999418,-1473.8875000000116,-276.47499999999854,6779.424999999988,0.375,-0.11250000000000004,0.025000000000005684,-0.037499999999999645,-0.40000000000000036,-0.48750000000001137,0.0375,0.11249999999999982,-0.2749999999999999,-0.30000000000000004,-0.9375,-0.5374999999999943
114863.61249999999,113.05000000004657,-3991.449999999997,39.29999999998836,13285.5,17635.92499999999,-11.35000000000582,-1431.8875000000116,-346.47499999999854,6809.424999999988,0.375,-0.11250000000000004,0.025000000000005684,-0.037499999999999645,-0.40000000000000036,0.5124999999999886,0.0375,0.11249999999999982,-0.2749999999999999,0.7,0.0625,-0.5374999999999943
115023.61249999999,91.05000000004657,-3954.449999999997,192.29999999998836,13293.5,17641.92499999999,-77.35000000000582,-1428.8875000000116,-231.47499999999854,6828.424999999988,0.375,-0.11250000000000004,0.025000000000005684,-0.037499999999999645,-0.40000000000000036,0.5124999999999886,0.0375,1.1124999999999998,-0.2749999999999999,-0.30000000000000004,0.0625,-0.5374999999999943
115176.61249999999,85.05000000004657,-4013.449999999997,169.29999999998836,13313.5,17348.92499999999,-160.35000000000582,-1419.8875000000116,-209.47499999999854,6837.424999999988,0.375,0.8875,-0.9749999999999943,-0.037499999999999645,-0.40000000000000036,-0.48750000000001137,0.0375,0.11249999999999982,0.7250000000000001,-0.30000000000000004,-0.9375,-0.5374999999999943
115062.61249999999,-38.949999999953434,-4010.449999999997,100.29999999998836,13259.5,17318.92499999999,-61.35000000000582,-1430.8875000000116,-143.47499999999854,6707.424999999988,0.375,-0.11250000000000004,0.025000000000005684,-0.037499999999999645,-0.40000000000000036,-0.48750000000001137,0.0375,0.11249999999999982,0.7250000000000001,-0.30000000000000004,0.0625,0.4625000000000057
114852.61249999999,50.050000000046566,-3937.449999999997,1.2999999999883585,13189.5,17494.92499999999,156.64999999999418,-1379.8875000000116,-191.47499999999854,6607.424999999988,0.375,-0.11250000000000004,0.025000000000005684,-0.037499999999999645,-0.40000000000000036,-0.48750000000001137,0.0375,0.11249999999999982,-0.2749999999999999,-0.30000000000000004,0.0625,-0.5374999999999943
115035.61249999999,-5.949999999953434,-3903.449999999997,-84.70000000001164,13137.5,17427.92499999999,-0.35000000000582077,-1465.8875000000116,-220.47499999999854,6580.424999999988,0.375,-0.11250000000000004,-1.9749999999999943,-0.037499999999999645,-0.40000000000000036,0.5124999999999886,0.0375,0.11249999999999982,0.7250000000000001,0.7,0.0625,0.4625000000000057
114900.61249999999,7.050000000046566,-3828.449999999997,-172.70000000001164,13189.5,17379.92499999999,-154.35000000000582,-1427.8875000000116,-254.47499999999854,6635.424999999988,0.375,-0.11250000000000004,0.025000000000005684,-0.037499999999999645,0.5999999999999996,-0.48750000000001137,0.0375,0.11249999999999982,-0.2749999999999999,-0.30000000000000004,0.0625,-0.5374999999999943
114732.61249999999,62.050000000046566,-3763.449999999997,-24.70000000001164,13217.5,17397.92499999999,-102.35000000000582,-1377.8875000000116,-232.47499999999854,6814.424999999988,-0.625,-0.11250000000000004,0.025000000000005684,-0.037499999999999645,0.5999999999999996,-0.48750000000001137,0.0375,0.11249999999999982,-0.2749999999999999,-0.30000000000000004,0.0625,0.4625000000000057
114958.61249999999,0.05000000004656613,-3820.449999999997,0.29999999998835847,13234.5,17470.92499999999,91.64999999999418,-1409.8875000000116,145.52500000000146,6902.424999999988,0.375,-0.11250000000000004,0.025000000000005684,-0.037499999999999645,0.5999999999999996,0.5124999999999886,-0.9625,0.11249999999999982,-0.2749999999999999,0.7,-0.9375,-0.5374999999999943
115098.61249999999,-105.94999999995343,-3945.449999999997,30.29999999998836,13097.5,17457.92499999999,362.6499999999942,-1342.8875000000116,226.52500000000146,6927.424999999988,-0.625,-0.11250000000000004,-0.9749999999999943,-0.037499999999999645,-0.40000000000000036,0.5124999999999886,0.0375,0.11249999999999982,-0.2749999999999999,0.7,0.0625,0.4625000000000057
115084.61249999999,-55.949999999953434,-4058.449999999997,1.2999999999883585,13194.5,17663.92499999999,129.64999999999418,-1391.8875000000116,369.52500000000146,6981.424999999988,0.375,0.8875,0.025000000000005684,-0.037499999999999645,-0.40000000000000036,0.5124999999999886,0.0375,0.11249999999999982,0.7250000000000001,0.7,0.0625,-0.5374999999999943
115097.61249999999,-47.949999999953434,-4122.449999999997,91.29999999998836,13306.5,17604.92499999999,89.64999999999418,-1440.8875000000116,429.52500000000146,6938.424999999988,0.375,-0.11250000000000004,0.025000000000005684,0.9625000000000004,-0.40000000000000036,0.5124999999999886,0.0375,-0.8875000000000002,0.7250000000000001,-0.30000000000000004,0.0625,0.4625000000000057
114930.61249999999,34.050000000046566,-4083.449999999997,39.29999999998836,13378.5,17750.92499999999,15.64999999999418,-1485.8875000000116,496.52500000000146,6987.424999999988,0.375,-0.11250000000000004,0.025000000000005684,-0.037499999999999645,-0.40000000000000036,0.5124999999999886,0.0375,0.11249999999999982,-0.2749999999999999,0.7,0.0625,-0.5374999999999943
114987.61249999999,-7.949999999953434,-3995.449999999997,-126.70000000001164,13401.5,17689.92499999999,99.64999999999418,-1555.8875000000116,589.5250000000015,6974.424999999988,0.375,-0.11250000000000004,0.025000000000005684,-0.037499999999999645,0.5999999999999996,0.5124999999999886,0.0375,0.11249999999999982,0.7250000000000001,0.7,0.0625,-0.5374999999999943
115011.61249999999,-87.94999999995343,-4002.449999999997,108.29999999998836,13427.5,17695.92499999999,120.64999999999418,-1527.8875000000116,545.5250000000015,7126.424999999988,0.375,-0.11250000000000004,0.025000000000005684,-0.037499999999999645,-0.40000000000000036,-0.48750000000001137,0.0375,0.11249999999999982,0.7250000000000001,-0.30000000000000004,0.0625,1.4625000000000057
115029.61249999999,-110.94999999995343,-3962.449999999997,95.29999999998836,13276.5,17988.92499999999,75.64999999999418,-1575.8875000000116,498.52500000000146,7054.424999999988,0.375,0.8875,0.025000000000005684,-0.037499999999999645,-0.40000000000000036,-0.48750000000001137,0.0375,0.11249999999999982,-0.2749999999999999,-0.30000000000000004,0.0625,-0.5374999999999943
115037.61249999999,-47.949999999953434,-3993.449999999997,149.29999999998836,13239.5,17585.92499999999,74.64999999999418,-1562.8875000000116,491.52500000000146,6984.424999999988,0.375,-0.11250000000000004,-0.9749999999999943,-0.037499999999999645,-0.40000000000000036,0.5124999999999886,0.0375,-0.8875000000000002,-0.2749999999999999,-0.30000000000000004,0.0625,-0.5374999999999943
115063.61249999999,-111.94999999995343,-3935.449999999997,131.29999999998836,13318.5,17441.92499999999,142.64999999999418,-1528.8875000000116,422.52500000000146,6905.424999999988,0.375,-0.11250000000000004,0.025000000000005684,0.9625000000000004,0.5999999999999996,-0.48750000000001137,0.0375,0.11249999999999982,0.7250000000000001,-0.30000000000000004,0.0625,-0.5374999999999943
114991.61249999999,-41.949999999953434,-3812.449999999997,173.29999999998836,13300.5,17448.92499999999,-7.350000000005821,-1408.8875000000116,365.52500000000146,6981.424999999988,-0.625,0.8875,0.025000000000005684,-0.037499999999999645,-0.40000000000000036,0.5124999999999886,0.0375,-0.8875000000000002,-0.2749999999999999,-0.30000000000000004,0.0625,-0.5374999999999943
115012.61249999999,-154.94999999995343,-3973.449999999997,247.29999999998836,13276.5,17352.92499999999,-0.35000000000582077,-1645.8875000000116,166.52500000000146,7004.424999999988,0.375,0.8875,1.0250000000000057,-0.037499999999999645,0.5999999999999996,0.5124999999999886,-0.9625,0.11249999999999982,-0.2749999999999999,-0.30000000000000004,0.0625,0.4625000000000057
114858.61249999999,62.050000000046566,-4155.449999999997,379.29999999998836,13295.5,17515.92499999999,18.64999999999418,-1519.8875000000116,411.52500000000146,7000.424999999988,0.375,-0.11250000000000004,0.025000000000005684,-0.037499999999999645,-0.40000000000000036,-0.48750000000001137,0.0375,0.11249999999999982,-0.2749999999999999,-0.30000000000000004,0.0625,-0.5374999999999943
114959.61249999999,221.05000000004657,-3961.449999999997,466.29999999998836,13135.5,17539.92499999999,-64.35000000000582,-1393.8875000000116,243.52500000000146,6965.424999999988,0.375,0.8875,0.025000000000005684,-0.037499999999999645,-0.40000000000000036,0.5124999999999886,0.0375,-0.8875000000000002,-0.2749999999999999,-0.30000000000000004,0.0625,-0.5374999999999943
114924.61249999999,36.050000000046566,-3908.449999999997,275.29999999998836,13152.5,17651.92499999999,63.64999999999418,-1532.8875000000116,94.52500000000146,6849.424999999988,-0.625,-0.11250000000000004,-0.9749999999999943,-0.037499999999999645,0.5999999999999996,0.5124999999999886,0.0375,-0.8875000000000002,0.7250000000000001,-0.30000000000000004,0.0625,-1.5374999999999943
114964.61249999999,-159.94999999995343,-3820.449999999997,208.29999999998836,13153.5,17484.92499999999,101.64999999999418,-1489.8875000000116,35.525000000001455,6814.424999999988,0.375,-0.11250000000000004,1.0250000000000057,-0.037499999999999645,-0.40000000000000036,-0.48750000000001137,0.0375,0.11249999999999982,0.7250000000000001,-0.30000000000000004,0.0625,0.4625000000000057
115004.61249999999,89.05000000004657,-4107.449999999997,297.29999999998836,13187.5,17613.92499999999,183.64999999999418,-1452.8875000000116,-211.47499999999854,6707.424999999988,0.375,-0.11250000000000004,0.025000000000005684,-0.037499999999999645,-0.40000000000000036,-0.48750000000001137,0.0375,1.1124999999999998,-0.2749999999999999,-0.30000000000000004,0.0625,-0.5374999999999943
115032.61249999999,50.050000000046566,-4138.449999999997,318.29999999998836,13253.5,17576.92499999999,200.64999999999418,-1397.8875000000116,-77.47499999999854,6684.424999999988,0.375,-0.11250000000000004,0.025000000000005684,-0.037499999999999645,-0.40000000000000036,0.5124999999999886,0.0375,0.11249999999999982,0.7250000000000001,-0.30000000000000004,0.0625,-0.5374999999999943
114897.61249999999,3.050000000046566,-4090.449999999997,336.29999999998836,13206.5,17592.92499999999,68.64999999999418,-1421.8875000000116,-71.47499999999854,6649.424999999988,0.375,-0.11250000000000004,0.025000000000005684,-0.037499999999999645,-0.40000000000000036,-0.48750000000001137,0.0375,0.11249999999999982,-0.2749999999999999,-0.30000000000000004,0.0625,0.4625000000000057
114861.61249999999,-21.949999999953434,-3839.449999999997,324.29999999998836,13187.5,17474.92499999999,-38.35000000000582,-1427.8875000000116,-237.47499999999854,6637.424999999988,-0.625,-0.11250000000000004,0.025000000000005684,-0.037499999999999645,-0.40000000000000036,-0.48750000000001137,0.0375,0.11249999999999982,0.7250000000000001,-0.30000000000000004,0.0625,-0.5374999999999943
115049.61249999999,39.050000000046566,-3932.449999999997,194.29999999998836,13212.5,17538.92499999999,0.6499999999941792,-1383.8875000000116,-330.47499999999854,6595.424999999988,0.375,-0.11250000000000004,0.025000000000005684,-0.037499999999999645,-0.40000000000000036,-0.48750000000001137,0.0375,0.11249999999999982,-0.2749999999999999,-0.30000000000000004,0.0625,-0.5374999999999943
114912.61249999999,106.05000000004657,-3938.449999999997,53.29999999998836,13186.5,17581.92499999999,-4.350000000005821,-1325.8875000000116,-83.47499999999854,6768.424999999988,0.375,-0.11250000000000004,0.025000000000005684,-0.037499999999999645,0.5999999999999996,0.5124999999999886,0.0375,0.11249999999999982,0.7250000000000001,-0.30000000000000004,-0.9375,-0.5374999999999943
114980.61249999999,37.050000000046566,-4023.449999999997,6.2999999999883585,13252.5,17595.92499999999,-8.35000000000582,-1271.8875000000116,-81.47499999999854,6919.424999999988,0.375,-0.11250000000000004,0.025000000000005684,-0.037499999999999645,-0.40000000000000036,-1.4875000000000114,0.0375,0.11249999999999982,-0.2749999999999999,-0.30000000000000004,0.0625,0.4625000000000057
114998.61249999999,102.05000000004657,-4059.449999999997,-9.700000000011642,13383.5,17603.92499999999,-49.35000000000582,-1395.8875000000116,-94.47499999999854,6737.424999999988,0.375,-0.11250000000000004,0.025000000000005684,-0.037499999999999645,-0.40000000000000036,0.5124999999999886,0.0375,0.11249999999999982,-0.2749999999999999,0.7,-0.9375,0.4625000000000057
115138.61249999999,62.050000000046566,-4094.449999999997,83.29999999998836,13382.5,17578.92499999999,21.64999999999418,-1483.8875000000116,-8.474999999998545,6793.424999999988,-0.625,-0.11250000000000004,0.025000000000005684,-0.037499999999999645,-0.40000000000000036,0.5124999999999886,0.0375,0.11249999999999982,0.7250000000000001,-0.30000000000000004,0.0625,-0.5374999999999943
115134.61249999999,-59.949999999953434,-3989.449999999997,4.2999999999883585,13321.5,17597.92499999999,-86.35000000000582,-1470.8875000000116,23.525000000001455,6832.424999999988,0.375,-0.11250000000000004,0.025000000000005684,-0.037499999999999645,-0.40000000000000036,-0.48750000000001137,0.0375,0.11249999999999982,0.7250000000000001,0.7,0.0625,0.4625000000000057
115175.61249999999,-61.949999999953434,-3979.449999999997,12.299999999988358,13213.5,17616.92499999999,-31.35000000000582,-1472.8875000000116,-20.474999999998545,6941.424999999988,0.375,-0.11250000000000004,-0.9749999999999943,-0.037499999999999645,-0.40000000000000036,-0.48750000000001137,0.0375,0.11249999999999982,-0.2749999999999999,-0.30000000000000004,0.0625,-0.5374999999999943
115052.61249999999,-76.94999999995343,-3987.449999999997,70.29999999998836,13279.5,17693.92499999999,109.64999999999418,-1377.8875000000116,148.52500000000146,6936.424999999988,0.375,-0.11250000000000004,-0.9749999999999943,-0.037499999999999645,-0.40000000000000036,-0.48750000000001137,0.0375,0.11249999999999982,-0.2749999999999999,-0.30000000000000004,0.0625,-0.5374999999999943
115050.61249999999,-180.94999999995343,-3906.449999999997,24.29999999998836,13212.5,17653.92499999999,167.64999999999418,-1440.8875000000116,243.52500000000146,7036.424999999988,0.375,-0.11250000000000004,-0.9749999999999943,-0.037499999999999645,-0.40000000000000036,-0.48750000000001137,0.0375,0.11249999999999982,-0.2749999999999999,0.7,0.0625,0.4625000000000057
115066.61249999999,-61.949999999953434,-3743.449999999997,30.29999999998836,13184.5,17633.92499999999,297.6499999999942,-1455.8875000000116,331.52500000000146,6978.424999999988,0.375,-0.11250000000000004,1.0250000000000057,-0.037499999999999645,0.5999999999999996,0.5124999999999886,0.0375,0.11249999999999982,0.7250000000000001,0.7,0.0625,-0.5374999999999943
115005.61249999999,92.05000000004657,-3795.449999999997,214.29999999998836,13246.5,17653.92499999999,242.64999999999418,-1387.8875000000116,404.52500000000146,6921.424999999988,0.375,-0.11250000000000004,1.0250000000000057,-0.037499999999999645,0.5999999999999996,-0.48750000000001137,0.0375,0.11249999999999982,-0.2749999999999999,0.7,0.0625,-0.5374999999999943
114972.61249999999,63.050000000046566,-3860.449999999997,161.29999999998836,13233.5,17565.92499999999,82.64999999999418,-1431.8875000000116,-459.47499999999854,6735.424999999988,0.375,0.8875,-0.9749999999999943,-1.0374999999999996,-0.40000000000000036,0.5124999999999886,0.0375,-0.8875000000000002,0.7250000000000001,-0.30000000000000004,0.0625,0.4625000000000057
115010.61249999999,103.05000000004657,-3898.449999999997,131.29999999998836,13251.5,17706.92499999999,-166.35000000000582,-1438.8875000000116,-857.4749999999985,6646.424999999988,0.375,-0.11250000000000004,-0.9749999999999943,-0.037499999999999645,0.5999999999999996,-0.48750000000001137,0.0375,0.11249999999999982,0.7250000000000001,-0.30000000000000004,0.0625,0.4625000000000057
115139.61249999999,-73.94999999995343,-3738.449999999997,140.29999999998836,13217.5,17556.92499999999,-275.3500000000058,-1409.8875000000116,-1163.4749999999985,6630.424999999988,0.375,-0.11250000000000004,-0.9749999999999943,-0.037499999999999645,0.5999999999999996,-0.48750000000001137,0.0375,-0.8875000000000002,-0.2749999999999999,0.7,0.0625,-0.5374999999999943
114963.61249999999,-28.949999999953434,-3879.449999999997,110.29999999998836,13194.5,17693.92499999999,-272.3500000000058,-1357.8875000000116,-1231.4749999999985,6471.424999999988,0.375,-0.11250000000000004,0.025000000000005684,-0.037499999999999645,-0.40000000000000036,-0.48750000000001137,0.0375,0.11249999999999982,-0.2749999999999999,-0.30000000000000004,0.0625,0.4625000000000057
115000.61249999999,152.05000000004657,-3907.449999999997,-10.700000000011642,13223.5,17765.92499999999,-162.35000000000582,-1407.8875000000116,-1122.4749999999985,6520.424999999988,0.375,-0.11250000000000004,0.025000000000005684,-0.037499999999999645,0.5999999999999996,0.5124999999999886,0.0375,0.11249999999999982,-0.2749999999999999,-0.30000000000000004,0.0625,0.4625000000000057
115055.61249999999,15.050000000046566,-3966.449999999997,-88.70000000001164,13200.5,17762.92499999999,-274.3500000000058,-1381.8875000000116,-942.4749999999985,6591.424999999988,0.375,-0.11250000000000004,-0.9749999999999943,-0.037499999999999645,0.5999999999999996,0.5124999999999886,0.0375,0.11249999999999982,-0.2749999999999999,-0.30000000000000004,0.0625,-0.5374999999999943
115206.61249999999,-20.949999999953434,-3981.449999999997,-242.70000000001164,13218.5,17612.92499999999,-197.35000000000582,-1552.8875000000116,-727.4749999999985,6674.424999999988,-0.625,-0.11250000000000004,1.0250000000000057,-0.037499999999999645,0.5999999999999996,0.5124999999999886,0.0375,0.11249999999999982,-0.2749999999999999,-0.30000000000000004,-0.9375,-0.5374999999999943
114890.61249999999,53.050000000046566,-4048.449999999997,-150.70000000001164,13084.5,17676.92499999999,-187.35000000000582,-1397.8875000000116,-596.4749999999985,6705.424999999988,-0.625,0.8875,0.025000000000005684,-0.037499999999999645,0.5999999999999996,-0.48750000000001137,0.0375,0.11249999999999982,-0.2749999999999999,-0.30000000000000004,0.0625,-0.5374999999999943
114991.61249999999,98.05000000004657,-4019.449999999997,-159.70000000001164,13080.5,17743.92499999999,-256.3500000000058,-1473.8875000000116,-666.4749999999985,6666.424999999988,-0.625,-0.11250000000000004,0.025000000000005684,-0.037499999999999645,-0.40000000000000036,-0.48750000000001137,0.0375,0.11249999999999982,0.7250000000000001,-0.30000000000000004,0.0625,-0.5374999999999943
115151.61249999999,99.05000000004657,-4118.449999999997,-158.70000000001164,13121.5,17674.92499999999,-180.35000000000582,-1321.8875000000116,-703.4749999999985,6628.424999999988,0.375,-0.11250000000000004,0.025000000000005684,-0.037499999999999645,-0.40000000000000036,0.5124999999999886,0.0375,0.11249999999999982,0.7250000000000001,-0.30000000000000004,0.0625,0.4625000000000057
115129.61249999999,20.050000000046566,-4067.449999999997,-248.70000000001164,13121.5,17533.92499999999,-197.35000000000582,-1471.8875000000116,-812.4749999999985,6689.424999999988,0.375,-0.11250000000000004,1.0250000000000057,-0.037499999999999645,-0.40000000000000036,-0.48750000000001137,0.0375,0.11249999999999982,0.7250000000000001,-0.30000000000000004,0.0625,-0.5374999999999943
114914.61249999999,-10.949999999953434,-3985.449999999997,-188.70000000001164,13247.5,17640.92499999999,-301.3500000000058,-1537.8875000000116,-813.4749999999985,6641.424999999988,-0.625,-0.11250000000000004,0.025000000000005684,-0.037499999999999645,-0.40000000000000036,0.5124999999999886,0.0375,0.11249999999999982,0.7250000000000001,-0.30000000000000004,0.0625,-0.5374999999999943
114995.61249999999,38.050000000046566,-3984.449999999997,-70.70000000001164,13273.5,17690.92499999999,-424.3500000000058,-1395.8875000000116,-794.4749999999985,6611.424999999988,0.375,-0.11250000000000004,1.0250000000000057,-0.037499999999999645,-0.40000000000000036,0.5124999999999886,0.0375,0.11249999999999982,-0.2749999999999999,0.7,0.0625,-0.5374999999999943
114958.61249999999,119.05000000004657,-3985.449999999997,-357.70000000001164,13197.5,17847.92499999999,-320.3500000000058,-1453.8875000000116,-836.4749999999985,6690.424999999988,-0.625,-0.11250000000000004,0.025000000000005684,0.9625000000000004,-0.40000000000000036,0.5124999999999886,0.0375,0.11249999999999982,-0.2749999999999999,0.7,0.0625,0.4625000000000057
114958.61249999999,48.050000000046566,-3994.449999999997,-478.70000000001164,13159.5,17972.92499999999,-316.3500000000058,-1480.8875000000116,-917.4749999999985,6671.424999999988,0.375,-0.11250000000000004,0.025000000000005684,-0.037499999999999645,0.5999999999999996,-0.48750000000001137,0.0375,-0.8875000000000002,-0.2749999999999999,-0.30000000000000004,0.0625,-0.5374999999999943
115055.61249999999,113.05000000004657,-4005.449999999997,-489.70000000001164,13241.5,17949.92499999999,-320.3500000000058,-1504.8875000000116,-867.4749999999985,6740.424999999988,0.375,-0.11250000000000004,-0.9749999999999943,-0.037499999999999645,-0.40000000000000036,0.5124999999999886,0.0375,0.11249999999999982,-0.2749999999999999,-0.30000000000000004,0.0625,0.4625000000000057
115162.61249999999,90.05000000004657,-3967.449999999997,-398.70000000001164,13099.5,17645.92499999999,-246.35000000000582,-1429.8875000000116,-650.4749999999985,6775.424999999988,0.375,-0.11250000000000004,-0.9749999999999943,-0.037499999999999645,-0.40000000000000036,-0.48750000000001137,0.0375,0.11249999999999982,-0.2749999999999999,-0.30000000000000004,0.0625,0.4625000000000057
115097.61249999999,99.05000000004657,-3951.449999999997,-343.70000000001164,13146.5,17765.92499999999,-101.35000000000582,-1378.8875000000116,-527.4749999999985,6767.424999999988,0.375,-0.11250000000000004,2.0250000000000057,0.9625000000000004,-0.40000000000000036,-0.48750000000001137,0.0375,0.11249999999999982,-0.2749999999999999,-0.30000000000000004,0.0625,0.4625000000000057
115137.61249999999,52.050000000046566,-3931.449999999997,-455.70000000001164,13111.5,17735.92499999999,-118.35000000000582,-1471.8875000000116,-500.47499999999854,6892.424999999988,-0.625,-0.11250000000000004,0.025000000000005684,-0.037499999999999645,0.5999999999999996,0.5124999999999886,0.0375,0.11249999999999982,-0.2749999999999999,-0.30000000000000004,0.0625,-0.5374999999999943
115038.61249999999,115.05000000004657,-3964.449999999997,-426.70000000001164,13150.5,17783.92499999999,-188.35000000000582,-1473.8875000000116,-419.47499999999854,6922.424999999988,0.375,-0.11250000000000004,0.025000000000005684,-0.037499999999999645,-0.40000000000000036,0.5124999999999886,0.0375,0.11249999999999982,-0.2749999999999999,-0.30000000000000004,0.0625,0.4625000000000057
114899.61249999999,197.05000000004657,-3870.449999999997,-216.70000000001164,13245.5,17845.92499999999,-122.35000000000582,-1531.8875000000116,-585.4749999999985,6816.424999999988,0.375,0.8875,0.025000000000005684,-0.037499999999999645,-0.40000000000000036,0.5124999999999886,0.0375,0.11249999999999982,-0.2749999999999999,-0.30000000000000004,0.0625,-0.5374999999999943
114885.61249999999,124.05000000004657,-3844.449999999997,-71.70000000001164,13181.5,17651.92499999999,-183.35000000000582,-1466.8875000000116,-877.4749999999985,6558.424999999988,0.375,-0.11250000000000004,-0.9749999999999943,0.9625000000000004,-0.40000000000000036,-0.48750000000001137,0.0375,0.11249999999999982,0.7250000000000001,0.7,0.0625,0.4625000000000057
115068.61249999999,72.05000000004657,-3898.449999999997,37.29999999998836,13162.5,17711.92499999999,-256.3500000000058,-1476.8875000000116,-966.4749999999985,6457.424999999988,0.375,-0.11250000000000004,1.0250000000000057,-0.037499999999999645,-0.40000000000000036,0.5124999999999886,0.0375,0.11249999999999982,-0.2749999999999999,-0.30000000000000004,0.0625,-2.5374999999999943
115063.61249999999,-72.94999999995343,-3920.449999999997,4.2999999999883585,13201.5,17714.92499999999,-340.3500000000058,-1418.8875000000116,-1011.4749999999985,6620.424999999988,0.375,-0.11250000000000004,0.025000000000005684,-1.0374999999999996,0.5999999999999996,0.5124999999999886,0.0375,0.11249999999999982,-0.2749999999999999,-0.30000000000000004,0.0625,0.4625000000000057
115107.61249999999,-35.949999999953434,-3870.449999999997,-177.70000000001164,13118.5,17681.92499999999,-304.3500000000058,-1428.8875000000116,-923.4749999999985,6706.424999999988,-0.625,-0.11250000000000004,0.025000000000005684,-0.037499999999999645,0.5999999999999996,-0.48750000000001137,0.0375,0.11249999999999982,-0.2749999999999999,-0.30000000000000004,-0.9375,-0.5374999999999943
115044.61249999999,-177.94999999995343,-3908.449999999997,-204.70000000001164,13079.5,17731.92499999999,-390.3500000000058,-1406.8875000000116,-740.4749999999985,6796.424999999988,0.375,-1.1125,0.025000000000005684,-1.0374999999999996,-0.40000000000000036,-0.48750000000001137,0.0375,0.11249999999999982,-0.2749999999999999,-0.30000000000000004,0.0625,-0.5374999999999943
115162.61249999999,-71.94999999995343,-4018.449999999997,-311.70000000001164,12778.5,17665.92499999999,-457.3500000000058,-1354.8875000000116,-526.4749999999985,6586.424999999988,-0.625,0.8875,1.0250000000000057,-0.037499999999999645,0.5999999999999996,-1.4875000000000114,0.0375,-0.8875000000000002,-0.2749999999999999,0.7,0.0625,0.4625000000000057
114959.61249999999,113.05000000004657,-3969.449999999997,-350.70000000001164,12673.5,17264.92499999999,-274.3500000000058,-1309.8875000000116,-322.47499999999854,5878.424999999988,0.375,-0.11250000000000004,-0.9749999999999943,-0.037499999999999645,-1.4000000000000004,-0.48750000000001137,0.0375,-0.8875000000000002,-0.2749999999999999,0.7,0.0625,0.4625000000000057
114810.61249999999,-45.949999999953434,-3958.449999999997,-400.70000000001164,12543.5,17079.92499999999,-221.35000000000582,-1440.8875000000116,-170.47499999999854,5469.424999999988,0.375,-0.11250000000000004,0.025000000000005684,-1.0374999999999996,0.5999999999999996,0.5124999999999886,0.0375,0.11249999999999982,-0.2749999999999999,-0.30000000000000004,0.0625,-0.5374999999999943
114829.61249999999,-157.94999999995343,-3959.449999999997,-503.70000000001164,12337.5,17065.92499999999,-451.3500000000058,-1389.8875000000116,-469.47499999999854,5274.424999999988,0.375,-1.1125,1.0250000000000057,-1.0374999999999996,-0.40000000000000036,-0.48750000000001137,0.0375,0.11249999999999982,-0.2749999999999999,0.7,0.0625,-0.5374999999999943
114773.61249999999,-185.94999999995343,-3950.449999999997,-408.70000000001164,12276.5,16760.92499999999,-432.3500000000058,-1409.8875000000116,-502.47499999999854,5401.424999999988,-0.625,-1.1125,0.025000000000005684,-0.037499999999999645,-0.40000000000000036,1.5124999999999886,0.0375,-0.8875000000000002,-0.2749999999999999,-0.30000000000000004,0.0625,0.4625000000000057
114706.61249999999,-118.94999999995343,-3886.449999999997,-339.70000000001164,12325.5,16700.92499999999,-291.3500000000058,-1375.8875000000116,-596.4749999999985,5334.424999999988,0.375,-0.11250000000000004,0.025000000000005684,-0.037499999999999645,-0.40000000000000036,-0.48750000000001137,0.0375,0.11249999999999982,0.7250000000000001,-0.30000000000000004,-0.9375,-0.5374999999999943
114740.61249999999,-136.94999999995343,-3826.449999999997,-328.70000000001164,12241.5,16680.92499999999,-433.3500000000058,-1335.8875000000116,-895.4749999999985,5303.424999999988,0.375,-0.11250000000000004,-0.9749999999999943,-0.037499999999999645,-0.40000000000000036,0.5124999999999886,0.0375,0.11249999999999982,-0.2749999999999999,0.7,0.0625,0.4625000000000057
114794.61249999999,-177.94999999995343,-3820.449999999997,-224.70000000001164,12170.5,16733.92499999999,-312.3500000000058,-1466.8875000000116,-1039.4749999999985,5314.424999999988,0.375,-0.11250000000000004,0.025000000000005684,-0.037499999999999645,0.5999999999999996,-0.48750000000001137,0.0375,-0.8875000000000002,-0.2749999999999999,0.7,0.0625,1.4625000000000057
114789.61249999999,-21.949999999953434,-3957.449999999997,-117.70000000001164,12280.5,17012.92499999999,-339.3500000000058,-1612.8875000000116,-1083.4749999999985,5584.424999999988,1.375,0.8875,0.025000000000005684,1.9625000000000004,0.5999999999999996,-1.4875000000000114,0.0375,0.11249999999999982,-0.2749999999999999,1.7,0.0625,3.4625000000000057
114485.61249999999,246.05000000004657,-3894.449999999997,162.29999999998836,12645.5,17108.92499999999,36.64999999999418,-1347.8875000000116,-911.4749999999985,6238.424999999988,-0.625,0.8875,-6.974999999999994,-2.0374999999999996,-1.4000000000000004,-4.487500000000011,0.0375,0.11249999999999982,0.7250000000000001,-0.30000000000000004,1.0625,-3.5374999999999943
114438.61249999999,-1068.9499999999534,-4058.449999999997,-370.70000000001164,12552.5,17520.92499999999,-431.3500000000058,-1155.8875000000116,-749.4749999999985,4934.424999999988,0.375,-0.11250000000000004,0.025000000000005684,-0.037499999999999645,-1.4000000000000004,2.5124999999999886,0.0375,0.11249999999999982,-0.2749999999999999,-0.30000000000000004,-0.9375,3.4625000000000057
116039.61249999999,-952.9499999999534,-4224.449999999997,-1329.7000000000116,11486.5,17191.92499999999,-1207.3500000000058,-1321.8875000000116,-1083.4749999999985,4337.424999999988,0.375,0.8875,3.0250000000000057,1.9625000000000004,1.5999999999999996,2.5124999999999886,0.0375,0.11249999999999982,-0.2749999999999999,0.7,-1.9375,2.4625000000000057
113724.61249999999,750.0500000000466,-3846.449999999997,247.29999999998836,12716.5,15923.924999999988,346.6499999999942,-1691.8875000000116,306.52500000000146,6893.424999999988,0.375,-0.11250000000000004,-0.9749999999999943,-1.0374999999999996,-1.4000000000000004,-2.4875000000000114,0.0375,0.11249999999999982,-0.2749999999999999,-0.30000000000000004,-0.9375,-0.5374999999999943
114697.61249999999,286.05000000004657,-4243.449999999997,212.29999999998836,11594.5,16658.92499999999,573.6499999999942,-1826.8875000000116,-959.4749999999985,5852.424999999988,0.375,-1.1125,-3.9749999999999943,-1.0374999999999996,-2.4000000000000004,-2.4875000000000114,0.0375,0.11249999999999982,-0.2749999999999999,0.7,1.0625,1.4625000000000057
114959.61249999999,-420.94999999995343,-4350.449999999997,-755.7000000000116,11485.5,16768.92499999999,-481.3500000000058,-1627.8875000000116,-1621.4749999999985,4679.424999999988,0.375,0.8875,3.0250000000000057,-0.037499999999999645,-0.40000000000000036,-0.48750000000001137,0.0375,-0.8875000000000002,-0.2749999999999999,-0.30000000000000004,0.0625,2.4625000000000057
114499.61249999999,-313.94999999995343,-4264.449999999997,-169.70000000001164,11618.5,16358.924999999988,171.64999999999418,-1650.8875000000116,-1485.4749999999985,4495.424999999988,-0.625,-0.11250000000000004,1.0250000000000057,-2.0374999999999996,1.5999999999999996,0.5124999999999886,0.0375,0.11249999999999982,0.7250000000000001,0.7,1.0625,0.4625000000000057
114061.61249999999,300.05000000004657,-4250.449999999997,-387.70000000001164,11805.5,15659.924999999988,192.64999999999418,-1624.8875000000116,-1041.4749999999985,4201.424999999988,1.375,-1.1125,-0.9749999999999943,0.9625000000000004,-0.40000000000000036,-2.4875000000000114,0.0375,0.11249999999999982,-0.2749999999999999,-0.30000000000000004,0.0625,1.4625000000000057
114636.61249999999,-96.94999999995343,-4342.449999999997,-585.7000000000116,11186.5,15929.924999999988,-78.35000000000582,-1494.8875000000116,-1179.4749999999985,4251.424999999988,-1.625,0.8875,-0.9749999999999943,-3.0374999999999996,-1.4000000000000004,-3.4875000000000114,0.0375,0.11249999999999982,0.7250000000000001,-1.3,1.0625,-1.5374999999999943
113613.61249999999,704.0500000000466,-4150.449999999997,-647.7000000000116,11724.5,15891.924999999988,-16.35000000000582,-1935.8875000000116,-954.4749999999985,4183.424999999988,-1.625,-2.1125,-0.9749999999999943,-1.0374999999999996,-2.4000000000000004,-1.4875000000000114,0.0375,0.11249999999999982,-0.2749999999999999,1.7,-0.9375,0.4625000000000057
114014.61249999999,234.05000000004657,-4379.449999999997,140.29999999998836,11661.5,15700.924999999988,583.6499999999942,-2119.8875000000116,-170.47499999999854,5393.424999999988,0.375,0.8875,-0.9749999999999943,-0.037499999999999645,0.5999999999999996,-2.4875000000000114,0.0375,0.11249999999999982,-0.2749999999999999,0.7,-0.9375,-1.5374999999999943
114908.61249999999,-758.9499999999534,-4711.449999999997,-922.7000000000116,10550.5,16553.92499999999,-483.3500000000058,-1681.8875000000116,-1151.4749999999985,3799.4249999999884,1.375,-0.11250000000000004,0.025000000000005684,-0.037499999999999645,-1.4000000000000004,-0.48750000000001137,0.0375,0.11249999999999982,-1.275,-0.30000000000000004,-0.9375,1.4625000000000057
114183.61249999999,-276.94999999995343,-4617.449999999997,-106.70000000001164,10977.5,15988.924999999988,-1.3500000000058208,-1292.8875000000116,-100.47499999999854,4336.424999999988,-0.625,0.8875,4.025000000000006,0.9625000000000004,-1.4000000000000004,0.5124999999999886,0.0375,0.11249999999999982,1.725,1.7,-0.9375,1.4625000000000057
113233.61249999999,984.0500000000466,-4282.449999999997,416.29999999998836,11792.5,15410.924999999988,791.6499999999942,-1821.8875000000116,384.52500000000146,4688.424999999988,-0.625,0.8875,1.0250000000000057,7.9625,0.5999999999999996,-144.4875,-0.9625,0.11249999999999982,0.7250000000000001,-1.3,0.0625,-3.5374999999999943
113728.61249999999,127.05000000004657,-4331.449999999997,-128.70000000001164,10718.5,17846.92499999999,1079.6499999999942,-1489.8875000000116,-166.47499999999854,3778.4249999999884,0.375,5.8875,-2.9749999999999943,-54.0375,53.6,14.512499999999989,0.0375,0.11249999999999982,-0.2749999999999999,-3.3,-5.9375,-2.5374999999999943
114445.61249999999,179.05000000004657,-4555.449999999997,-579.7000000000116,11205.5,47830.92499999999,48723.649999999994,-1055.8875000000116,-753.4749999999985,2974.4249999999884,-25.625,-11.1125,61.025000000000006,56.9625,-0.40000000000000036,12.512499999999989,0.0375,-0.8875000000000002,-0.2749999999999999,0.7,-3.9375,-1.5374999999999943
118422.61249999999,29973.050000000047,-2212.449999999997,-309.70000000001164,12965.5,161075.925,143667.65,-1159.8875000000116,16.525000000001455,5184.424999999988,-21.625,-23.1125,38.025000000000006,2.9625000000000004,-19.4,-20.48750000000001,-0.9625,0.11249999999999982,-0.2749999999999999,-4.3,-5.9375,-9.537499999999994
127694.61249999999,113502.05000000005,947.5500000000029,814.2999999999884,14524.5,341755.925,209013.65,-1557.8875000000116,1102.5250000000015,7587.424999999988,8.375,7.8875,-23.974999999999994,-1.0374999999999996,11.6,3.5124999999999886,0.0375,0.11249999999999982,0.7250000000000001,5.7,2.0625,3.4625000000000057
136121.6125,167898.05000000005,1761.550000000003,-313.70000000001164,10966.5,370522.925,221241.65,-2212.8875000000116,-17.474999999998545,7244.424999999988,5.375,-9.1125,13.025000000000006,-33.0375,-0.40000000000000036,22.51249999999999,0.0375,-1.8875000000000002,0.7250000000000001,3.7,4.0625,4.462500000000006
119872.61249999999,135597.05000000005,1579.550000000003,241.29999999998836,9633.5,281929.925,178082.65,-293.88750000001164,-628.4749999999985,4090.4249999999884,-1.625,2.8875,19.025000000000006,20.9625,4.6,-22.48750000000001,-0.9625,0.11249999999999982,-1.275,-3.3,1.0625,7.462500000000006
117525.61249999999,97721.05000000005,868.5500000000029,-50.70000000001164,10214.5,144558.925,101461.65,-946.8875000000116,521.5250000000015,3761.4249999999884,4.375,-14.1125,-19.974999999999994,-3.0374999999999996,-8.4,27.51249999999999,0.0375,-0.8875000000000002,0.7250000000000001,5.7,5.0625,5.462500000000006
104801.61249999999,36459.05000000005,400.5500000000029,1117.2999999999884,11461.5,86002.92499999999,93321.65,557.1124999999884,-260.47499999999854,5181.424999999988,11.375,-6.1125,-41.974999999999994,-9.0375,0.5999999999999996,17.51249999999999,0.0375,0.11249999999999982,-0.2749999999999999,0.7,-1.9375,-0.5374999999999943
101248.61249999999,4332.050000000047,-3522.449999999997,-317.70000000001164,11110.5,83183.92499999999,80208.65,305.11249999998836,628.5250000000015,5306.424999999988,-10.625,-10.1125,25.025000000000006,10.9625,-9.4,-7.487500000000011,0.0375,0.11249999999999982,0.7250000000000001,1.7,-1.9375,-2.5374999999999943
109108.61249999999,44295.05000000005,-4079.449999999997,-369.70000000001164,10610.5,86091.92499999999,98637.65,778.1124999999884,-99.47499999999854,3046.4249999999884,-4.625,2.8875,16.025000000000006,-4.0375,1.5999999999999996,12.512499999999989,0.0375,0.11249999999999982,-0.2749999999999999,-3.3,0.0625,-1.5374999999999943
123925.61249999999,99101.05000000005,-2876.449999999997,26.29999999998836,11666.5,102477.92499999999,142446.65,337.11249999998836,932.5250000000015,4989.424999999988,-6.625,4.8875,22.025000000000006,2.9625000000000004,7.6,-8.487500000000011,0.0375,0.11249999999999982,0.7250000000000001,3.7,-2.9375,3.4625000000000057
138011.6125,125863.05000000005,-1134.449999999997,215.29999999998836,11397.5,120735.92499999999,169639.65,166.11249999998836,155.52500000000146,6022.424999999988,4.375,1.8875,-6.974999999999994,3.9625000000000004,-5.4,-8.487500000000011,0.0375,1.1124999999999998,-1.275,0.7,0.0625,-3.5374999999999943
135455.6125,134839.05000000005,-762.4499999999971,8.299999999988358,10045.5,124913.92499999999,179074.65,497.11249999998836,-180.47499999999854,4653.424999999988,-1.625,-3.1125,-0.9749999999999943,-9.0375,-0.40000000000000036,2.5124999999999886,0.0375,0.11249999999999982,-0.2749999999999999,4.7,-2.9375,5.462500000000006
129502.61249999999,126564.05000000005,-804.4499999999971,283.29999999998836,10729.5,123248.92499999999,176730.65,206.11249999998836,27.525000000001455,4512.424999999988,-0.625,-2.1125,-2.9749999999999943,11.9625,1.5999999999999996,-18.48750000000001,0.0375,0.11249999999999982,-0.2749999999999999,0.7,0.0625,-1.5374999999999943
118933.61249999999,99424.05000000005,-1355.449999999997,118.29999999998836,10724.5,116728.92499999999,142051.65,216.11249999998836,157.52500000000146,4788.424999999988,0.375,0.8875,3.0250000000000057,-11.0375,-0.40000000000000036,4.512499999999989,-0.9625,0.11249999999999982,0.7250000000000001,-1.3,1.0625,-3.5374999999999943
119214.61249999999,67934.05000000005,-2709.449999999997,-802.7000000000116,10106.5,112428.92499999999,142383.65,252.11249999998836,-674.4749999999985,3690.4249999999884,3.375,0.8875,-3.9749999999999943,-5.0375,-1.4000000000000004,5.512499999999989,0.0375,0.11249999999999982,-0.2749999999999999,0.7,-0.9375,1.4625000000000057
124526.61249999999,87854.05000000005,-2554.449999999997,-12.700000000011642,11037.5,104215.92499999999,148862.65,311.11249999998836,371.52500000000146,4544.424999999988,-8.625,-5.1125,11.025000000000006,3.9625000000000004,-3.4000000000000004,-6.487500000000011,0.0375,0.11249999999999982,0.7250000000000001,-1.3,4.0625,-0.5374999999999943
129064.61249999999,107078.05000000005,-2458.449999999997,679.2999999999884,10813.5,106266.92499999999,162973.65,492.11249999998836,-6.474999999998545,5155.424999999988,-1.625,-0.11250000000000004,1.0250000000000057,-5.0375,-2.4000000000000004,7.512499999999989,0.0375,0.11249999999999982,0.7250000000000001,-0.30000000000000004,0.0625,3.4625000000000057
138605.6125,115773.05000000005,-2327.449999999997,-112.70000000001164,10255.5,110575.92499999999,168885.65,379.11249999998836,-507.47499999999854,4569.424999999988,-1.625,-1.1125,9.025000000000006,2.9625000000000004,-1.4000000000000004,-6.487500000000011,0.0375,-0.8875000000000002,-0.2749999999999999,1.7,0.0625,5.462500000000006
134287.6125,113386.05000000005,-2239.449999999997,89.29999999998836,10590.5,111519.92499999999,160214.65,-28.88750000001164,-325.47499999999854,4805.424999999988,0.375,-5.1125,-1.9749999999999943,4.9625,3.5999999999999996,-8.487500000000011,0.0375,0.11249999999999982,-0.2749999999999999,-1.3,-0.9375,-2.5374999999999943
124907.61249999999,95891.05000000005,-2391.449999999997,472.29999999998836,10988.5,109667.92499999999,147607.65,-59.88750000001164,98.52500000000146,5331.424999999988,-0.625,-5.1125,-2.9749999999999943,-5.0375,4.6,1.5124999999999886,0.0375,-0.8875000000000002,-0.2749999999999999,-0.30000000000000004,-0.9375,-1.5374999999999943
120850.61249999999,74581.05000000005,-2869.449999999997,-529.7000000000116,10290.5,109744.92499999999,144731.65,132.11249999998836,-840.4749999999985,4269.424999999988,-0.625,-1.1125,0.025000000000005684,1.9625000000000004,-1.4000000000000004,-1.4875000000000114,0.0375,0.11249999999999982,-0.2749999999999999,-0.30000000000000004,-0.9375,1.4625000000000057
124515.61249999999,72114.05000000005,-3013.449999999997,-390.70000000001164,10376.5,106830.92499999999,151685.65,318.11249999998836,-217.47499999999854,4249.424999999988,-0.625,-0.11250000000000004,3.0250000000000057,-0.037499999999999645,-2.4000000000000004,2.5124999999999886,0.0375,0.11249999999999982,0.7250000000000001,0.7,0.0625,-0.5374999999999943
130378.61249999999,88316.05000000005,-2125.449999999997,533.2999999999884,10883.5,107451.92499999999,168246.65,563.1124999999884,397.52500000000146,5199.424999999988,0.375,1.8875,0.025000000000005684,-3.0374999999999996,2.5999999999999996,4.512499999999989,0.0375,0.11249999999999982,-0.2749999999999999,-0.30000000000000004,0.0625,-0.5374999999999943
142158.6125,114355.05000000005,-2296.449999999997,56.29999999998836,10003.5,111565.92499999999,167752.65,411.11249999998836,-309.47499999999854,4587.424999999988,-0.625,-3.1125,-0.9749999999999943,-0.037499999999999645,1.5999999999999996,1.5124999999999886,0.0375,0.11249999999999982,-0.2749999999999999,0.7,1.0625,0.4625000000000057
134664.6125,101258.05000000005,-2208.449999999997,577.2999999999884,10608.5,110029.92499999999,152775.65,229.11249999998836,260.52500000000146,5242.424999999988,-0.625,-0.11250000000000004,-1.9749999999999943,0.9625000000000004,-0.40000000000000036,0.5124999999999886,0.0375,0.11249999999999982,-0.2749999999999999,0.7,0.0625,0.4625000000000057
133230.6125,94528.05000000005,-2513.449999999997,308.29999999998836,10463.5,109962.92499999999,148774.65,144.11249999998836,59.525000000001455,5076.424999999988,1.375,0.8875,-0.9749999999999943,-0.037499999999999645,-0.40000000000000036,2.5124999999999886,0.0375,0.11249999999999982,-0.2749999999999999,0.7,0.0625,-0.5374999999999943
135235.6125,97503.05000000005,-2556.449999999997,38.29999999998836,10212.5,109412.92499999999,150151.65,369.11249999998836,-245.47499999999854,4546.424999999988,0.375,-0.11250000000000004,3.0250000000000057,-0.037499999999999645,-0.40000000000000036,3.5124999999999886,0.0375,0.11249999999999982,0.7250000000000001,-0.30000000000000004,0.0625,1.4625000000000057
136662.6125,102457.05000000005,-2269.449999999997,110.29999999998836,10443.5,110089.92499999999,157197.65,290.11249999998836,122.52500000000146,4811.424999999988,0.375,0.8875,2.0250000000000057,-2.0374999999999996,-1.4000000000000004,3.5124999999999886,0.0375,0.11249999999999982,-0.2749999999999999,0.7,0.0625,1.4625000000000057
135273.6125,101949.05000000005,-2623.449999999997,585.2999999999884,11019.5,110100.92499999999,161670.65,442.11249999998836,627.5250000000015,5470.424999999988,2.375,-1.1125,-3.9749999999999943,5.9625,-2.4000000000000004,-9.487500000000011,0.0375,0.11249999999999982,-0.2749999999999999,0.7,-0.9375,-1.5374999999999943
130784.61249999999,88445.05000000005,-3050.449999999997,-652.7000000000116,10241.5,109042.92499999999,150017.65,436.11249999998836,246.52500000000146,5308.424999999988,4.375,3.8875,-6.974999999999994,1.9625000000000004,0.5999999999999996,-1.4875000000000114,0.0375,0.11249999999999982,0.7250000000000001,-0.30000000000000004,0.0625,-0.5374999999999943
123961.61249999999,67835.05000000005,-3163.449999999997,-267.70000000001164,10652.5,108263.92499999999,147692.65,195.11249999998836,-31.474999999998545,5043.424999999988,0.375,-2.1125,1.0250000000000057,-0.037499999999999645,-0.40000000000000036,0.5124999999999886,0.0375,0.11249999999999982,0.7250000000000001,-0.30000000000000004,-0.9375,-0.5374999999999943
122991.61249999999,67155.05000000005,-2774.449999999997,330.29999999998836,11135.5,106970.92499999999,158761.65,279.11249999998836,522.5250000000015,5471.424999999988,-0.625,1.8875,2.0250000000000057,-2.0374999999999996,-1.4000000000000004,3.5124999999999886,0.0375,0.11249999999999982,-0.2749999999999999,0.7,1.0625,0.4625000000000057
144453.6125,104929.05000000005,-2399.449999999997,-353.70000000001164,9895.5,108051.92499999999,180349.65,595.1124999999884,-115.47499999999854,4320.424999999988,2.375,-1.1125,-6.974999999999994,2.9625000000000004,0.5999999999999996,-2.4875000000000114,0.0375,1.1124999999999998,-0.2749999999999999,-0.30000000000000004,0.0625,0.4625000000000057
135042.6125,82160.05000000005,-2554.449999999997,95.29999999998836,10244.5,101678.92499999999,166658.65,484.11249999998836,241.52500000000146,4873.424999999988,-0.625,0.8875,-5.974999999999994,-3.0374999999999996,-1.4000000000000004,-1.4875000000000114,0.0375,0.11249999999999982,-0.2749999999999999,0.7,1.0625,-1.5374999999999943
124449.61249999999,55503.05000000005,-3498.449999999997,-7.7000000000116415,9827.5,97219.92499999999,150316.65,498.11249999998836,-380.47499999999854,5044.424999999988,1.375,-0.11250000000000004,2.0250000000000057,-0.037499999999999645,-0.40000000000000036,2.5124999999999886,0.0375,0.11249999999999982,-0.2749999999999999,-0.30000000000000004,1.0625,0.4625000000000057
124340.61249999999,58633.05000000005,-3119.449999999997,345.29999999998836,10381.5,87681.92499999999,164745.65,625.1124999999884,491.52500000000146,5125.424999999988,0.375,-0.11250000000000004,-2.9749999999999943,-1.0374999999999996,-0.40000000000000036,3.5124999999999886,0.0375,0.11249999999999982,-0.2749999999999999,-0.30000000000000004,-0.9375,-0.5374999999999943
127443.61249999999,70378.05000000005,-2921.449999999997,155.29999999998836,10541.5,86774.92499999999,180065.65,632.1124999999884,590.5250000000015,5146.424999999988,-0.625,7.8875,13.025000000000006,-3.0374999999999996,-1.4000000000000004,5.512499999999989,0.0375,-0.8875000000000002,-0.2749999999999999,0.7,0.0625,1.4625000000000057
133260.6125,78110.05000000005,-2912.449999999997,-65.70000000001164,9880.5,90603.92499999999,185648.65,699.1124999999884,95.52500000000146,4490.424999999988,-0.625,1.8875,7.025000000000006,0.9625000000000004,0.5999999999999996,-0.48750000000001137,0.0375,0.11249999999999982,0.7250000000000001,-1.3,0.0625,1.4625000000000057
120134.61249999999,69294.05000000005,-3079.449999999997,74.29999999998836,10175.5,76484.92499999999,180718.65,947.1124999999884,564.5250000000015,5072.424999999988,4.375,2.8875,-18.974999999999994,9.9625,-1.4000000000000004,-17.48750000000001,0.0375,0.11249999999999982,-0.2749999999999999,-0.30000000000000004,2.0625,1.4625000000000057
116576.61249999999,53455.05000000005,-3400.449999999997,-110.70000000001164,9935.5,67228.92499999999,166745.65,1133.1124999999884,118.52500000000146,4984.424999999988,-3.625,-5.1125,9.025000000000006,0.9625000000000004,-1.4000000000000004,-1.4875000000000114,0.0375,-0.8875000000000002,-0.2749999999999999,-0.30000000000000004,0.0625,2.4625000000000057
121303.61249999999,61289.05000000005,-2866.449999999997,118.29999999998836,9659.5,65261.92499999999,162885.65,987.1124999999884,-192.47499999999854,4654.424999999988,-0.625,-4.1125,0.025000000000005684,3.9625000000000004,-1.4000000000000004,11.512499999999989,1.0375,0.11249999999999982,0.7250000000000001,-0.30000000000000004,-2.9375,3.4625000000000057
128355.61249999999,76892.05000000005,-2301.449999999997,312.29999999998836,9670.5,67237.92499999999,173210.65,874.1124999999884,127.52500000000146,4294.424999999988,-5.625,3.8875,22.025000000000006,-9.0375,1.5999999999999996,15.512499999999989,0.0375,0.11249999999999982,0.7250000000000001,-0.30000000000000004,1.0625,2.4625000000000057
126719.61249999999,87020.05000000005,-2265.449999999997,-300.70000000001164,9076.5,68808.92499999999,203843.65,1032.1124999999884,-401.47499999999854,3884.4249999999884,-5.625,-4.1125,13.025000000000006,11.9625,0.5999999999999996,-5.487500000000011,-0.9625,0.11249999999999982,-0.2749999999999999,-2.3,-2.9375,0.4625000000000057
118590.61249999999,70501.05000000005,-2107.449999999997,237.29999999998836,9082.5,55937.92499999999,173212.65,1305.1124999999884,-432.47499999999854,4452.424999999988,2.375,-4.1125,-5.974999999999994,-2.0374999999999996,3.5999999999999996,7.512499999999989,0.0375,0.11249999999999982,0.7250000000000001,3.7,-0.9375,3.4625000000000057
108867.61249999999,45848.05000000005,-2697.449999999997,248.29999999998836,10047.5,41229.92499999999,156477.65,943.1124999999884,67.52500000000146,5163.424999999988,0.375,-5.1125,-3.9749999999999943,7.9625,3.5999999999999996,-8.487500000000011,0.0375,0.11249999999999982,-0.2749999999999999,0.7,0.0625,-2.5374999999999943
109245.61249999999,43014.05000000005,-3142.449999999997,77.29999999998836,9223.5,40012.92499999999,170225.65,1280.1124999999884,-295.47499999999854,4792.424999999988,4.375,-8.1125,6.025000000000006,-15.0375,-7.4,18.51249999999999,0.0375,0.11249999999999982,0.7250000000000001,1.7,2.0625,0.4625000000000057
110289.61249999999,65856.05000000005,-2992.449999999997,-66.70000000001164,9579.5,32960.92499999999,194888.65,1114.1124999999884,181.52500000000146,3985.4249999999884,-3.625,-4.1125,7.025000000000006,9.9625,1.5999999999999996,-9.487500000000011,0.0375,0.11249999999999982,0.7250000000000001,-0.30000000000000004,0.0625,-2.5374999999999943
109703.61249999999,97555.05000000005,-1310.449999999997,689.2999999999884,9470.5,23690.92499999999,187782.65,1027.1124999999884,422.52500000000146,4926.424999999988,0.375,0.8875,-2.9749999999999943,-6.0375,-1.4000000000000004,-5.487500000000011,0.0375,0.11249999999999982,-0.2749999999999999,0.7,-1.9375,-2.5374999999999943
107632.61249999999,79668.05000000005,-2500.449999999997,247.29999999998836,9640.5,22587.92499999999,177287.65,1223.1124999999884,-4.474999999998545,4910.424999999988,-7.625,-0.11250000000000004,22.025000000000006,-0.037499999999999645,-13.4,-27.48750000000001,0.0375,0.11249999999999982,0.7250000000000001,0.7,3.0625,3.4625000000000057
103046.61249999999,57909.05000000005,-2957.449999999997,15.299999999988358,9556.5,20146.92499999999,199397.65,1584.1124999999884,-166.47499999999854,4452.424999999988,9.375,-4.1125,-18.974999999999994,1.9625000000000004,5.6,-0.48750000000001137,0.0375,-0.8875000000000002,0.7250000000000001,-0.30000000000000004,-4.9375,4.462500000000006
96813.61249999999,74229.05000000005,-1694.449999999997,1180.2999999999884,9774.5,12359.924999999988,172124.65,1508.1124999999884,482.52500000000146,5113.424999999988,-7.625,-4.1125,11.025000000000006,1.9625000000000004,-6.4,20.51249999999999,0.0375,0.11249999999999982,0.7250000000000001,2.7,-1.9375,-0.5374999999999943
93790.61249999999,63480.05000000005,-3305.449999999997,234.29999999998836,9477.5,9112.924999999988,189567.65,623.1124999999884,10.525000000001455,5730.424999999988,1.375,3.8875,2.0250000000000057,7.9625,-7.4,-3.4875000000000114,0.0375,0.11249999999999982,-0.2749999999999999,-1.3,3.0625,0.4625000000000057
89184.61249999999,76102.05000000005,-2452.449999999997,228.29999999998836,10345.5,1875.9249999999884,161086.65,983.1124999999884,53.525000000001455,4316.424999999988,-1.625,-7.1125,-4.974999999999994,-4.0375,7.6,6.512499999999989,0.0375,0.11249999999999982,-0.2749999999999999,2.7,-0.9375,8.462500000000006
84492.61249999999,71255.05000000005,-976.4499999999971,853.2999999999884,9886.5,1461.9249999999884,175183.65,641.1124999999884,328.52500000000146,5458.424999999988,0.375,2.8875,10.025000000000006,2.9625000000000004,16.6,-22.48750000000001,0.0375,0.11249999999999982,0.7250000000000001,-1.3,4.0625,8.462500000000006
75612.61249999999,70052.05000000005,-2481.449999999997,-247.70000000001164,10707.5,-6667.075000000012,174337.65,892.1124999999884,-424.47499999999854,5122.424999999988,8.375,-2.1125,2.0250000000000057,13.9625,7.6,-12.487500000000011,0.0375,0.11249999999999982,0.7250000000000001,-0.30000000000000004,-1.9375,-2.5374999999999943
76017.61249999999,55948.05000000005,-3172.449999999997,58.29999999998836,10467.5,-10177.075000000012,187935.65,831.1124999999884,920.5250000000015,6637.424999999988,5.375,-3.1125,-21.974999999999994,-7.0375,-6.4,-2.4875000000000114,0.0375,-0.8875000000000002,-0.2749999999999999,-0.30000000000000004,-2.9375,4.462500000000006
63413.61249999999,75781.05000000005,-2606.449999999997,-894.7000000000116,9485.5,-10369.075000000012,171990.65,829.1124999999884,-1080.4749999999985,5028.424999999988,-1.625,-3.1125,17.025000000000006,13.9625,1.5999999999999996,-5.487500000000011,0.0375,0.11249999999999982,1.725,-3.3,-5.9375,7.462500000000006
45838.61249999999,97949.05000000005,-2289.449999999997,-640.7000000000116,11938.5,-20983.07500000001,188299.65,-9.887500000011642,-316.47499999999854,4973.424999999988,-1.625,-1.1125,0.025000000000005684,1.9625000000000004,-5.4,1.5124999999999886,0.0375,0.11249999999999982,-0.2749999999999999,-0.30000000000000004,2.0625,1.4625000000000057
39542.61249999999,101372.05000000005,-1238.449999999997,489.29999999998836,11457.5,-19537.07500000001,182808.65,-255.88750000001164,1231.5250000000015,7740.424999999988,-1.625,-5.1125,8.025000000000006,-4.0375,-0.40000000000000036,30.51249999999999,0.0375,-0.8875000000000002,0.7250000000000001,7.7,-1.9375,-3.5374999999999943
39009.61249999999,91147.05000000005,-1753.449999999997,6.2999999999883585,11527.5,-20002.07500000001,157948.65,405.11249999998836,136.52500000000146,6210.424999999988,20.375,15.8875,-26.974999999999994,9.9625,4.6,12.512499999999989,0.0375,0.11249999999999982,-0.2749999999999999,-0.30000000000000004,3.0625,-4.537499999999994
52493.61249999999,61516.05000000005,-2921.449999999997,-1002.7000000000116,10679.5,-27087.07500000001,166222.65,-33.88750000001164,-675.4749999999985,5295.424999999988,-11.625,-2.1125,14.025000000000006,5.9625,-2.4000000000000004,9.512499999999989,0.0375,0.11249999999999982,0.7250000000000001,1.7,4.0625,-6.537499999999994
37270.61249999999,63205.05000000005,-2281.449999999997,570.2999999999884,12370.5,-33686.07500000001,174624.65,46.11249999998836,1103.5250000000015,7370.424999999988,13.375,6.8875,-18.974999999999994,-14.0375,11.6,3.5124999999999886,0.0375,1.1124999999999998,0.7250000000000001,1.7,-0.9375,-5.537499999999994
34769.61249999999,55006.05000000005,-2885.449999999997,-413.70000000001164,10525.5,-20148.07500000001,164722.65,-703.8875000000116,318.52500000000146,6052.424999999988,-9.625,8.8875,2.0250000000000057,-27.0375,7.6,-1.4875000000000114,-0.9625,-0.8875000000000002,-0.2749999999999999,-1.3,3.0625,3.4625000000000057
78584.61249999999,8879.050000000047,-4723.449999999997,-511.70000000001164,11845.5,12919.924999999988,121081.65,-3157.8875000000116,-663.4749999999985,5279.424999999988,8.375,8.8875,-9.974999999999994,-0.037499999999999645,5.6,-27.48750000000001,0.0375,-0.8875000000000002,0.7250000000000001,1.7,4.0625,10.462500000000006
90622.61249999999,-167.94999999995343,-1885.449999999997,510.29999999998836,12369.5,9605.924999999988,11111.649999999994,-6446.887500000012,763.5250000000015,7272.424999999988,27.375,-15.1125,104.025,-156.0375,-136.4,-63.48750000000001,-0.9625,0.11249999999999982,-0.2749999999999999,-12.3,-14.9375,15.462500000000006
94718.61249999999,1809.0500000000466,-2054.449999999997,-13.700000000011642,12135.5,69003.92499999999,146684.65,-6582.887500000012,-1146.4749999999985,5915.424999999988,2.375,-43.1125,182.025,99.9625,20.6,-188.4875,0.0375,0.11249999999999982,4.725,-25.3,-20.9375,21.462500000000006
112513.61249999999,77174.05000000005,-989.4499999999971,429.29999999998836,11037.5,259842.925,228254.65,-14033.887500000012,1530.5250000000015,8092.424999999988,35.375,44.8875,-48.974999999999994,-11.0375,-48.4,46.51249999999999,-1.9625,-0.8875000000000002,-0.2749999999999999,14.7,-2.9375,18.462500000000006
100353.61249999999,266679.05000000005,154.5500000000029,1000.2999999999884,9098.5,483800.925,243795.65,-93133.88750000001,-861.4749999999985,5803.424999999988,6.375,-30.1125,8.025000000000006,70.9625,-50.4,37.51249999999999,1.0375,-1.8875000000000002,2.725,25.7,40.0625,18.462500000000006
109949.61249999999,258062.05000000005,-4959.449999999997,2546.2999999999884,14865.5,313994.925,203213.65,-66974.88750000001,2818.5250000000015,11967.424999999988,-2.625,1.8875,0.025000000000005684,-64.0375,-6.4,103.51249999999999,0.0375,1.1124999999999998,0.7250000000000001,-8.3,0.0625,-6.537499999999994
160549.6125,244859.05000000005,3014.550000000003,-803.7000000000116,12287.5,80377.92499999999,147932.65,-46461.88750000001,-3079.4749999999985,7503.424999999988,-13.625,28.8875,14.025000000000006,32.9625,-27.4,23.51249999999999,0.0375,-0.8875000000000002,-1.275,16.7,-11.9375,9.462500000000006
162808.6125,169765.05000000005,7543.550000000003,-759.7000000000116,12355.5,20856.92499999999,160100.65,-26490.88750000001,141.52500000000146,3496.4249999999884,28.375,-18.1125,-34.974999999999994,20.9625,18.6,48.51249999999999,0.0375,-0.8875000000000002,-0.2749999999999999,-20.3,-27.9375,-6.537499999999994
147038.6125,127124.05000000005,1177.550000000003,976.2999999999884,11684.5,75043.92499999999,98400.65,-18228.88750000001,3085.5250000000015,14232.424999999988,-1.625,-2.1125,-11.974999999999994,-4.0375,-0.40000000000000036,27.51249999999999,0.0375,0.11249999999999982,-0.2749999999999999,-9.3,-4.9375,2.4625000000000057
128478.61249999999,58389.05000000005,-9697.449999999997,2323.2999999999884,9908.5,83597.92499999999,77524.65,-14982.887500000012,2186.5250000000015,7652.424999999988,4.375,17.8875,3.0250000000000057,1.9625000000000004,3.5999999999999996,36.51249999999999,1.0375,-0.8875000000000002,1.725,9.7,5.0625,13.462500000000006
106447.61249999999,6610.050000000047,-18209.449999999997,-912.7000000000116,11266.5,61898.92499999999,28751.649999999994,-11935.887500000012,-1231.4749999999985,4832.424999999988,5.375,8.8875,-2.9749999999999943,8.9625,9.6,21.51249999999999,0.0375,0.11249999999999982,-1.275,-3.3,7.0625,5.462500000000006
107317.61249999999,-948.9499999999534,-15927.449999999997,-386.70000000001164,12651.5,33262.92499999999,554.6499999999942,-13613.887500000012,-437.47499999999854,5840.424999999988,-0.625,-13.1125,-71.975,-4.0375,-2.4000000000000004,33.51249999999999,0.0375,0.11249999999999982,1.725,-4.3,-6.9375,10.462500000000006
105889.61249999999,20994.050000000047,-12202.449999999997,1138.2999999999884,14805.5,14419.924999999988,1920.6499999999942,-12873.887500000012,2254.5250000000015,10108.424999999988,47.375,22.8875,-61.974999999999994,-20.0375,-38.4,145.5125,0.0375,-0.8875000000000002,-0.2749999999999999,-1.3,-9.9375,8.462500000000006
122015.61249999999,133273.05000000005,-7433.449999999997,720.2999999999884,13737.5,99697.92499999999,53975.649999999994,-8230.887500000012,207.52500000000146,11390.424999999988,26.375,-16.1125,-58.974999999999994,33.9625,28.6,-14.487500000000011,-1.9625,0.11249999999999982,-0.2749999999999999,-4.3,-17.9375,4.462500000000006
115240.61249999999,184701.05000000005,-362.4499999999971,-70.70000000001164,12172.5,124211.92499999999,216567.65,-9772.887500000012,36.525000000001455,8860.424999999988,9.375,12.8875,-11.974999999999994,9.9625,7.6,-27.48750000000001,0.0375,1.1124999999999998,0.7250000000000001,0.7,-3.9375,9.462500000000006
129959.61249999999,162781.05000000005,-1218.449999999997,1757.2999999999884,13520.5,65244.92499999999,232955.65,-19118.88750000001,3991.5250000000015,9252.424999999988,-16.625,6.8875,38.025000000000006,-29.0375,22.6,18.51249999999999,0.0375,-0.8875000000000002,1.725,4.7,1.0625,2.4625000000000057
130996.61249999999,214823.05000000005,3682.550000000003,1034.2999999999884,5037.5,-111.07500000001164,210499.65,-15333.887500000012,-186.47499999999854,4375.424999999988,21.375,7.8875,-29.974999999999994,6.9625,-10.4,-24.48750000000001,0.0375,-0.8875000000000002,-0.2749999999999999,-0.30000000000000004,4.0625,-1.5374999999999943
111264.61249999999,245813.05000000005,2292.550000000003,226.29999999998836,8673.5,-1434.0750000000116,253454.65,-15074.887500000012,932.5250000000015,6938.424999999988,-5.625,2.8875,13.025000000000006,-16.0375,-22.4,-18.48750000000001,0.0375,-0.8875000000000002,0.7250000000000001,2.7,6.0625,0.4625000000000057
80387.61249999999,222655.05000000005,1797.550000000003,1094.2999999999884,8737.5,6567.924999999988,217513.65,-17193.88750000001,1054.5250000000015,7999.424999999988,-8.625,-3.1125,20.025000000000006,10.9625,10.6,-29.48750000000001,0.0375,-0.8875000000000002,-1.275,6.7,-2.9375,-0.5374999999999943
79976.61249999999,236041.05000000005,2347.550000000003,3974.2999999999884,7967.5,4461.924999999988,198306.65,-17611.88750000001,7156.5250000000015,8521.424999999988,-10.625,6.8875,7.025000000000006,-21.0375,1.5999999999999996,-7.487500000000011,0.0375,1.1124999999999998,0.7250000000000001,0.7,-0.9375,-1.5374999999999943
67320.61249999999,202302.05000000005,2426.550000000003,30404.29999999999,13218.5,11803.924999999988,215995.65,-16730.88750000001,42976.525,23837.42499999999,-8.625,2.8875,20.025000000000006,-6.0375,-4.4,-9.487500000000011,0.0375,0.11249999999999982,-0.2749999999999999,-0.30000000000000004,2.0625,0.4625000000000057
50354.61249999999,157718.05000000005,1141.550000000003,77834.29999999999,15742.5,34083.92499999999,182983.65,-18144.88750000001,89696.525,50354.42499999999,-8.625,-6.1125,7.025000000000006,-1.0374999999999996,-0.40000000000000036,9.512499999999989,0.0375,-0.8875000000000002,-0.2749999999999999,-6.3,-0.9375,-7.537499999999994
58069.61249999999,160516.05000000005,951.5500000000029,114183.29999999999,23331.5,43597.92499999999,137400.65,-18161.88750000001,142562.525,105081.42499999999,-0.625,-7.1125,-17.974999999999994,-13.0375,2.5999999999999996,9.512499999999989,0.0375,0.11249999999999982,-0.2749999999999999,1.7,8.0625,0.4625000000000057
62489.61249999999,131472.05000000005,-857.4499999999971,136895.3,19148.5,26779.92499999999,139699.65,-10441.887500000012,144053.525,92746.42499999999,0.375,-13.1125,-2.9749999999999943,3.9625000000000004,-2.4000000000000004,-12.487500000000011,0.0375,0.11249999999999982,0.7250000000000001,-0.30000000000000004,0.0625,1.4625000000000057
57840.61249999999,121570.05000000005,-6404.449999999997,136700.3,21417.5,10573.924999999988,109033.65,-10290.887500000012,125974.525,77946.42499999999,14.375,6.8875,-28.974999999999994,14.9625,10.6,-11.487500000000011,0.0375,0.11249999999999982,-1.275,10.7,-0.9375,6.462500000000006
43892.61249999999,128952.05000000005,-8065.449999999997,138855.3,34907.5,27217.92499999999,114542.65,-11536.887500000012,120841.525,64176.42499999999,2.375,-4.1125,-6.974999999999994,-14.0375,-4.4,22.51249999999999,0.0375,1.1124999999999998,0.7250000000000001,-9.3,2.0625,0.4625000000000057
58508.61249999999,127731.05000000005,-7561.449999999997,162900.3,59293.5,39952.92499999999,116728.65,-11515.887500000012,154775.525,86578.42499999999,-3.625,-0.11250000000000004,9.025000000000006,8.9625,3.5999999999999996,-3.4875000000000114,0.0375,-0.8875000000000002,-0.2749999999999999,4.7,-5.9375,14.462500000000006
75247.61249999999,127031.05000000005,-5233.449999999997,178268.3,29899.5,8131.924999999988,124165.65,-8281.887500000012,163817.525,101423.42499999999,-1.625,-8.1125,4.025000000000006,-7.0375,6.6,9.512499999999989,0.0375,-0.8875000000000002,-0.2749999999999999,0.7,-4.9375,6.462500000000006
75366.61249999999,181050.05000000005,-4536.449999999997,168016.3,22530.5,5602.924999999988,146028.65,-8123.887500000012,145969.525,85908.42499999999,6.375,3.8875,-22.974999999999994,9.9625,-3.4000000000000004,-13.487500000000011,0.0375,-0.8875000000000002,0.7250000000000001,4.7,-0.9375,5.462500000000006
63450.61249999999,181739.05000000005,-3241.449999999997,141219.3,14706.5,8285.924999999988,170757.65,-7194.887500000012,133457.525,78701.42499999999,-8.625,2.8875,18.025000000000006,-16.0375,4.6,12.512499999999989,0.0375,-0.8875000000000002,-0.2749999999999999,0.7,2.0625,-1.5374999999999943
61938.61249999999,220022.05000000005,-242.4499999999971,171698.3,23240.5,6848.924999999988,191022.65,-6021.887500000012,146768.525,88257.42499999999,9.375,4.8875,-8.974999999999994,-7.0375,0.5999999999999996,11.512499999999989,-0.9625,0.11249999999999982,-1.275,-1.3,0.0625,-3.5374999999999943
60938.61249999999,209955.05000000005,51.55000000000291,175930.3,23544.5,7349.924999999988,199126.65,-6485.887500000012,162848.525,98816.42499999999,-10.625,5.8875,25.025000000000006,-46.0375,-6.4,21.51249999999999,0.0375,0.11249999999999982,-0.2749999999999999,-0.30000000000000004,-2.9375,-3.5374999999999943
74543.61249999999,201705.05000000005,58.55000000000291,165350.3,21374.5,4751.924999999988,192293.65,-5518.887500000012,166552.525,101403.42499999999,5.375,-8.1125,-19.974999999999994,21.9625,2.5999999999999996,-3.4875000000000114,0.0375,0.11249999999999982,-1.275,7.7,2.0625,-6.537499999999994
48555.61249999999,199423.05000000005,-406.4499999999971,139021.3,5383.5,-69055.07500000001,186629.65,-4649.887500000012,114294.525,85964.42499999999,-3.625,9.8875,9.025000000000006,3.9625000000000004,3.5999999999999996,12.512499999999989,0.0375,-0.8875000000000002,0.7250000000000001,2.7,-2.9375,3.4625000000000057
29971.61249999999,196206.05000000005,-1611.449999999997,106661.29999999999,7986.5,-31703.07500000001,181369.65,-3711.8875000000116,95854.525,56341.42499999999,-3.625,-0.11250000000000004,10.025000000000006,-9.0375,-17.4,9.512499999999989,-0.9625,-0.8875000000000002,-0.2749999999999999,-3.3,1.0625,-8.537499999999994
33192.61249999999,183918.05000000005,-1471.449999999997,107073.29999999999,14203.5,-37578.07500000001,174086.65,-3919.8875000000116,101741.525,60915.42499999999,2.375,1.8875,5.025000000000006,8.9625,5.6,10.512499999999989,0.0375,0.11249999999999982,1.725,4.7,4.0625,8.462500000000006
18127.61249999999,179586.05000000005,-1636.449999999997,150690.3,23287.5,-39258.07500000001,174963.65,-5037.887500000012,123932.525,78656.42499999999,-2.625,-3.1125,2.0250000000000057,-0.037499999999999645,5.6,8.512499999999989,-0.9625,0.11249999999999982,-0.2749999999999999,-7.3,5.0625,0.4625000000000057
2318.6124999999884,175126.05000000005,-2080.449999999997,161316.3,26905.5,-14160.075000000012,171007.65,-6440.887500000012,149293.525,97714.42499999999,-1.625,6.8875,1.0250000000000057,4.9625,-6.4,1.5124999999999886,0.0375,-0.8875000000000002,-0.2749999999999999,6.7,4.0625,12.462500000000006
635.6124999999884,168699.05000000005,-2305.449999999997,167946.3,26681.5,-1762.0750000000116,163623.65,-6395.887500000012,165260.525,104296.42499999999,1.375,-1.1125,-2.9749999999999943,-6.0375,-0.40000000000000036,7.512499999999989,-0.9625,1.1124999999999998,-0.2749999999999999,-3.3,0.0625,3.4625000000000057
5708.612499999988,168319.05000000005,-2210.449999999997,162116.3,11398.5,-1411.0750000000116,162594.65,-5934.887500000012,149879.525,92087.42499999999,0.375,-0.11250000000000004,3.0250000000000057,-3.0374999999999996,0.5999999999999996,6.512499999999989,0.0375,0.11249999999999982,-0.2749999999999999,0.7,-0.9375,8.462500000000006
-6294.387500000012,178260.05000000005,-2520.449999999997,148347.3,9518.5,-507.07500000001164,163452.65,-6617.887500000012,147450.525,79390.42499999999,1.375,-1.1125,-4.974999999999994,0.9625000000000004,0.5999999999999996,0.5124999999999886,0.0375,0.11249999999999982,-0.2749999999999999,3.7,2.0625,12.462500000000006
-10343.387500000012,178271.05000000005,-2471.449999999997,153317.3,17464.5,3431.9249999999884,155996.65,-6643.887500000012,145708.525,71624.42499999999,-3.625,-5.1125,1.0250000000000057,4.9625,5.6,-4.487500000000011,0.0375,-0.8875000000000002,-0.2749999999999999,-7.3,5.0625,-2.5374999999999943
-5502.387500000012,156597.05000000005,-2797.449999999997,172690.3,28348.5,10201.924999999988,143805.65,-6653.887500000012,155604.525,80704.42499999999,-3.625,2.8875,3.0250000000000057,-2.0374999999999996,-2.4000000000000004,-0.48750000000001137,0.0375,0.11249999999999982,-0.2749999999999999,5.7,0.0625,9.462500000000006
3135.6124999999884,156755.05000000005,-2857.449999999997,156935.3,25773.5,11505.924999999988,146160.65,-6388.887500000012,165209.525,83056.42499999999,1.375,-0.11250000000000004,-5.974999999999994,-5.0375,2.5999999999999996,11.512499999999989,0.0375,0.11249999999999982,-0.2749999999999999,-2.3,-2.9375,-0.5374999999999943
4071.6124999999884,173051.05000000005,-2228.449999999997,135954.3,14282.5,9950.924999999988,155181.65,-5906.887500000012,142607.525,71605.42499999999,-3.625,-4.1125,11.025000000000006,9.9625,6.6,-2.4875000000000114,0.0375,0.11249999999999982,0.7250000000000001,4.7,-1.9375,3.4625000000000057
-4304.387500000012,180613.05000000005,-2111.449999999997,135319.3,16589.5,6854.924999999988,166678.65,-6128.887500000012,142138.525,68937.42499999999,-2.625,-1.1125,4.025000000000006,-5.0375,-2.4000000000000004,2.5124999999999886,0.0375,0.11249999999999982,-0.2749999999999999,-2.3,4.0625,-2.5374999999999943
-11699.387500000012,179425.05000000005,-2686.449999999997,159025.3,33555.5,7458.924999999988,165349.65,-6498.887500000012,151144.525,70468.42499999999,6.375,2.8875,-12.974999999999994,0.9625000000000004,0.5999999999999996,-2.4875000000000114,0.0375,0.11249999999999982,-0.2749999999999999,0.7,2.0625,1.4625000000000057
-8214.387500000012,163470.05000000005,-2953.449999999997,179349.3,38576.5,8959.924999999988,148898.65,-6352.887500000012,163495.525,81683.42499999999,0.375,2.8875,0.025000000000005684,-2.0374999999999996,1.5999999999999996,0.5124999999999886,0.0375,0.11249999999999982,0.7250000000000001,-0.30000000000000004,1.0625,1.4625000000000057
-7307.387500000012,159538.05000000005,-3002.449999999997,177721.3,36318.5,9470.924999999988,152578.65,-6676.887500000012,165093.525,80371.42499999999,1.375,-1.1125,-0.9749999999999943,3.9625000000000004,-4.4,-3.4875000000000114,0.0375,-0.8875000000000002,0.7250000000000001,0.7,-0.9375,0.4625000000000057
-5202.387500000012,169582.05000000005,-2950.449999999997,167005.3,32340.5,10963.924999999988,157528.65,-6575.887500000012,157839.525,76697.42499999999,1.375,1.8875,-1.9749999999999943,-2.0374999999999996,-1.4000000000000004,-0.48750000000001137,0.0375,0.11249999999999982,-0.2749999999999999,0.7,0.0625,-1.5374999999999943
-1875.3875000000116,176117.05000000005,-2951.449999999997,147271.3,27283.5,12379.924999999988,161088.65,-6308.887500000012,147758.525,74480.42499999999,0.375,-2.1125,0.025000000000005684,0.9625000000000004,-1.4000000000000004,-0.48750000000001137,0.0375,0.11249999999999982,0.7250000000000001,1.7,0.0625,1.4625000000000057
3652.6124999999884,182568.05000000005,-2388.449999999997,143311.3,23622.5,12917.924999999988,162962.65,-6236.887500000012,145195.525,73439.42499999999,1.375,0.8875,-1.9749999999999943,2.9625000000000004,-1.4000000000000004,-3.4875000000000114,0.0375,0.11249999999999982,-0.2749999999999999,0.7,0.0625,-1.5374999999999943
5023.612499999988,183194.05000000005,-2364.449999999997,145307.3,25612.5,13067.924999999988,164309.65,-6270.887500000012,147456.525,73875.42499999999,1.375,-1.1125,0.025000000000005684,-1.0374999999999996,-0.40000000000000036,0.5124999999999886,-0.9625,-0.8875000000000002,-0.2749999999999999,-0.30000000000000004,0.0625,1.4625000000000057
4981.612499999988,184292.05000000005,-2294.449999999997,146513.3,26479.5,12907.924999999988,164778.65,-6166.887500000012,151809.525,79636.42499999999,0.375,-1.1125,2.0250000000000057,1.9625000000000004,-1.4000000000000004,-0.48750000000001137,0.0375,0.11249999999999982,-0.2749999999999999,-0.30000000000000004,-0.9375,1.4625000000000057
5214.612499999988,186122.05000000005,-2267.449999999997,143810.3,24833.5,12919.924999999988,164808.65,-6050.887500000012,150927.525,79384.42499999999,0.375,0.8875,-1.9749999999999943,-0.037499999999999645,-1.4000000000000004,-0.48750000000001137,0.0375,0.11249999999999982,-0.2749999999999999,-0.30000000000000004,0.0625,-1.5374999999999943
5597.612499999988,186784.05000000005,-2040.449999999997,140542.3,23660.5,13020.924999999988,162404.65,-6013.887500000012,149861.525,78667.42499999999,-0.625,0.8875,0.025000000000005684,-0.037499999999999645,-0.40000000000000036,-1.4875000000000114,0.0375,0.11249999999999982,-0.2749999999999999,-0.30000000000000004,1.0625,0.4625000000000057
6085.612499999988,185307.05000000005,-1907.449999999997,141972.3,24010.5,12910.924999999988,159372.65,-6013.887500000012,149752.525,78691.42499999999,-0.625,-0.11250000000000004,1.0250000000000057,-1.0374999999999996,0.5999999999999996,-0.48750000000001137,0.0375,0.11249999999999982,-0.2749999999999999,0.7,0.0625,0.4625000000000057
6040.612499999988,184069.05000000005,-1761.449999999997,142291.3,24899.5,12554.924999999988,159573.65,-5918.887500000012,149673.525,78806.42499999999,0.375,-0.11250000000000004,0.025000000000005684,-0.037499999999999645,0.5999999999999996,-1.4875000000000114,0.0375,0.11249999999999982,-0.2749999999999999,-1.3,0.0625,0.4625000000000057
5987.612499999988,185541.05000000005,-1990.449999999997,142541.3,24832.5,12167.924999999988,161992.65,-6107.887500000012,149577.525,78867.42499999999,17.375,-3.1125,-9.974999999999994,53.9625,-9.4,-12.487500000000011,0.0375,0.11249999999999982,-0.2749999999999999,-4.3,-0.9375,4.462500000000006
7331.612499999988,182034.05000000005,-1939.449999999997,141993.3,24126.5,12217.924999999988,164075.65,-5548.887500000012,150125.525,79022.42499999999,-9.625,-0.11250000000000004,12.025000000000006,-61.0375,9.6,43.51249999999999,1.0375,0.11249999999999982,0.7250000000000001,7.7,6.0625,5.462500000000006
19824.61249999999,178588.05000000005,-1762.449999999997,134411.3,18976.5,-104664.07500000001,163804.65,-3501.8875000000116,119032.525,58028.42499999999,6.375,5.8875,6.025000000000006,-5.0375,-14.4,-15.487500000000011,0.0375,0.11249999999999982,0.7250000000000001,-1.3,4.0625,-9.537499999999994
-355.38750000001164,206703.05000000005,-737.4499999999971,95536.29999999999,-453.5,-165426.075,169205.65,-2035.8875000000116,77926.525,31827.42499999999,9.375,-9.1125,-29.974999999999994,21.9625,-5.4,-24.48750000000001,0.0375,0.11249999999999982,0.7250000000000001,-2.3,4.0625,-6.537499999999994
-85049.38750000001,232888.05000000005,374.5500000000029,51953.29999999999,-10586.5,-111446.07500000001,193384.65,-2198.8875000000116,67450.525,25902.42499999999,-17.625,-4.1125,11.025000000000006,-35.0375,5.6,32.51249999999999,0.0375,-0.8875000000000002,-1.275,1.7,0.0625,-13.537499999999994
-91424.38750000001,203525.05000000005,430.5500000000029,147881.3,34286.5,-49014.07500000001,176606.65,-4024.8875000000116,103846.525,48829.42499999999,8.375,-6.1125,-26.974999999999994,21.9625,8.6,-15.487500000000011,0.0375,0.11249999999999982,0.7250000000000001,2.7,-4.9375,-4.537499999999994
-100994.38750000001,220786.05000000005,1265.550000000003,175557.3,35793.5,-54057.07500000001,216347.65,-4541.887500000012,166261.525,82321.42499999999,-7.625,-3.1125,12.025000000000006,-23.0375,-8.4,19.51249999999999,0.0375,1.1124999999999998,-0.2749999999999999,-13.3,4.0625,-12.537499999999994
-115876.38750000001,228140.05000000005,3235.550000000003,169843.3,22768.5,-54760.07500000001,204670.65,-4659.887500000012,146436.525,80053.42499999999,-3.625,-8.1125,3.0250000000000057,-25.0375,-11.4,10.512499999999989,-0.9625,0.11249999999999982,-0.2749999999999999,-0.30000000000000004,-2.9375,-10.537499999999994
-126145.38750000001,216738.05000000005,1997.550000000003,142154.3,5426.5,-40967.07500000001,194606.65,-4378.887500000012,152563.525,63443.42499999999,-2.625,7.8875,-1.9749999999999943,12.9625,-10.4,-12.487500000000011,0.0375,0.11249999999999982,0.7250000000000001,1.7,3.0625,-1.5374999999999943
-133350.3875,201352.05000000005,389.5500000000029,121505.29999999999,7480.5,6478.924999999988,201090.65,-5219.887500000012,147853.525,63048.42499999999,5.375,-16.1125,-6.974999999999994,1.9625000000000004,-6.4,8.512499999999989,0.0375,0.11249999999999982,-0.2749999999999999,-5.3,-5.9375,-6.537499999999994
-128918.38750000001,163843.05000000005,-1902.449999999997,145283.3,14607.5,85331.92499999999,167783.65,-8338.887500000012,154008.525,71178.42499999999,10.375,-6.1125,-21.974999999999994,23.9625,3.5999999999999996,-10.487500000000011,0.0375,0.11249999999999982,-1.275,3.7,2.0625,1.4625000000000057
-105962.38750000001,159653.05000000005,-5471.449999999997,178696.3,16488.5,97498.92499999999,158639.65,-8927.887500000012,191378.525,82583.42499999999,1.375,6.8875,-6.974999999999994,-7.0375,20.6,7.512499999999989,0.0375,0.11249999999999982,0.7250000000000001,3.7,-7.9375,-3.5374999999999943
-56961.38750000001,140658.05000000005,-5895.449999999997,176293.3,9147.5,47536.92499999999,119517.65,-5772.887500000012,181740.525,63010.42499999999,8.375,8.8875,-15.974999999999994,8.9625,1.5999999999999996,-3.4875000000000114,0.0375,-0.8875000000000002,-0.2749999999999999,0.7,2.0625,-0.5374999999999943
-60525.38750000001,137598.05000000005,-7020.449999999997,124714.29999999999,7113.5,-7576.075000000012,120467.65,-4726.887500000012,135685.525,43541.42499999999,-8.625,-7.1125,18.025000000000006,1.9625000000000004,1.5999999999999996,8.512499999999989,0.0375,0.11249999999999982,0.7250000000000001,3.7,-0.9375,-0.5374999999999943
-75309.38750000001,153262.05000000005,-7935.449999999997,110221.29999999999,5813.5,-8593.075000000012,137671.65,-4659.887500000012,112315.525,39779.42499999999,3.375,2.8875,-6.974999999999994,0.9625000000000004,4.6,-1.4875000000000114,-0.9625,-0.8875000000000002,-0.2749999999999999,-9.3,-4.9375,-5.537499999999994
-80753.38750000001,167268.05000000005,-7395.449999999997,117868.29999999999,10737.5,-3862.0750000000116,154601.65,-4639.887500000012,112210.525,41138.42499999999,2.375,1.8875,2.0250000000000057,5.9625,3.5999999999999996,-7.487500000000011,0.0375,0.11249999999999982,0.7250000000000001,8.7,-3.9375,12.462500000000006
-90426.38750000001,180986.05000000005,-5647.449999999997,141572.3,18816.5,4284.924999999988,166348.65,-4911.887500000012,163808.525,56296.42499999999,-2.625,-4.1125,12.025000000000006,3.9625000000000004,-4.4,-6.487500000000011,0.0375,0.11249999999999982,0.7250000000000001,-7.3,-6.9375,3.4625000000000057
-103867.38750000001,175594.05000000005,-5960.449999999997,166573.3,26905.5,28501.92499999999,159845.65,-5664.887500000012,182133.525,54059.42499999999,5.375,-3.1125,1.0250000000000057,2.9625000000000004,-2.4000000000000004,-6.487500000000011,0.0375,0.11249999999999982,-0.2749999999999999,1.7,-0.9375,7.462500000000006
-115950.38750000001,177973.05000000005,-6785.449999999997,198061.3,26212.5,48703.92499999999,165944.65,-6366.887500000012,193083.525,56911.42499999999,0.375,1.8875,1.0250000000000057,6.9625,4.6,2.5124999999999886,-0.9625,1.1124999999999998,-0.2749999999999999,-0.30000000000000004,6.0625,-5.537499999999994
-93755.38750000001,171014.05000000005,-6500.449999999997,178907.3,20762.5,56369.92499999999,155264.65,-6548.887500000012,177002.525,58165.42499999999,-7.625,-12.1125,12.025000000000006,-0.037499999999999645,3.5999999999999996,5.512499999999989,0.0375,0.11249999999999982,-0.2749999999999999,7.7,-6.9375,7.462500000000006
-86862.38750000001,168075.05000000005,-6240.449999999997,152690.3,16862.5,39637.92499999999,154998.65,-4992.887500000012,141074.525,41978.42499999999,0.375,-3.1125,-2.9749999999999943,6.9625,6.6,-0.48750000000001137,0.0375,0.11249999999999982,-1.275,-3.3,-0.9375,-12.537499999999994
-88964.38750000001,170281.05000000005,-6110.449999999997,123082.29999999999,12731.5,25602.92499999999,160571.65,-4810.887500000012,131260.525,30564.42499999999,2.375,3.8875,3.0250000000000057,-2.0374999999999996,4.6,7.512499999999989,0.0375,0.11249999999999982,-0.2749999999999999,2.7,10.0625,6.462500000000006
-97086.38750000001,177112.05000000005,-5695.449999999997,113718.29999999999,9702.5,20070.92499999999,162096.65,-4913.887500000012,116430.525,26801.42499999999,1.375,-3.1125,-3.9749999999999943,5.9625,2.5999999999999996,-0.48750000000001137,0.0375,0.11249999999999982,0.7250000000000001,0.7,-1.9375,3.4625000000000057
-97365.38750000001,176537.05000000005,-5753.449999999997,149056.3,14649.5,20452.92499999999,159458.65,-4792.887500000012,124731.525,35723.42499999999,-0.625,-2.1125,0.025000000000005684,2.9625000000000004,-0.40000000000000036,-0.48750000000001137,0.0375,0.11249999999999982,-0.2749999999999999,-1.3,-2.9375,4.462500000000006
-93036.38750000001,168427.05000000005,-5612.449999999997,160416.3,13768.5,19155.92499999999,167630.65,-4995.887500000012,166440.525,40419.42499999999,1.375,-3.1125,2.0250000000000057,-0.037499999999999645,-0.40000000000000036,3.5124999999999886,0.0375,0.11249999999999982,-0.2749999999999999,-2.3,0.0625,1.4625000000000057
-97683.38750000001,176581.05000000005,-5665.449999999997,162256.3,12693.5,20684.92499999999,167867.65,-4938.887500000012,157989.525,40796.42499999999,-0.625,-0.11250000000000004,1.0250000000000057,-4.0375,-0.40000000000000036,6.512499999999989,-0.9625,0.11249999999999982,-0.2749999999999999,-0.30000000000000004,1.0625,-1.5374999999999943
-102369.38750000001,184606.05000000005,-5747.449999999997,134125.3,8158.5,19693.92499999999,173902.65,-4892.887500000012,148335.525,38218.42499999999,-0.625,-1.1125,-1.9749999999999943,4.9625,-1.4000000000000004,-4.487500000000011,0.0375,-0.8875000000000002,-0.2749999999999999,-0.30000000000000004,2.0625,3.4625000000000057
-106750.38750000001,185514.05000000005,-5803.449999999997,145081.3,8425.5,18898.92499999999,174650.65,-4863.887500000012,143656.525,36130.42499999999,-0.625,-0.11250000000000004,-2.9749999999999943,-0.037499999999999645,-0.40000000000000036,2.5124999999999886,0.0375,-0.8875000000000002,-0.2749999999999999,-1.3,1.0625,-0.5374999999999943
-102786.38750000001,180826.05000000005,-5745.449999999997,158827.3,11427.5,18198.92499999999,158819.65,-5090.887500000012,147918.525,39051.42499999999,-2.625,-2.1125,4.025000000000006,-0.037499999999999645,0.5999999999999996,0.5124999999999886,0.0375,0.11249999999999982,-0.2749999999999999,-0.30000000000000004,2.0625,2.4625000000000057
-98770.38750000001,170536.05000000005,-5703.449999999997,161427.3,12223.5,16334.924999999988,158529.65,-5193.887500000012,153650.525,39586.42499999999,0.375,-0.11250000000000004,-5.974999999999994,-2.0374999999999996,1.5999999999999996,3.5124999999999886,0.0375,0.11249999999999982,0.7250000000000001,-0.30000000000000004,-0.9375,-1.5374999999999943
-98054.38750000001,164475.05000000005,-6117.449999999997,160118.3,11371.5,17854.92499999999,159324.65,-5109.887500000012,146568.525,38392.42499999999,-1.625,-0.11250000000000004,1.0250000000000057,0.9625000000000004,0.5999999999999996,-0.48750000000001137,0.0375,0.11249999999999982,0.7250000000000001,-1.3,-0.9375,-0.5374999999999943
-98018.38750000001,166503.05000000005,-6222.449999999997,152568.3,9870.5,18050.92499999999,163690.65,-4947.887500000012,143666.525,36899.42499999999,-1.625,-0.11250000000000004,2.0250000000000057,-1.0374999999999996,-0.40000000000000036,1.5124999999999886,0.0375,0.11249999999999982,-0.2749999999999999,-0.30000000000000004,-0.9375,1.4625000000000057
-98138.38750000001,170204.05000000005,-5841.449999999997,148779.3,10777.5,18608.92499999999,164019.65,-4867.887500000012,145406.525,36862.42499999999,0.375,-0.11250000000000004,-0.9749999999999943,-1.0374999999999996,0.5999999999999996,1.5124999999999886,0.0375,0.11249999999999982,-0.2749999999999999,-0.30000000000000004,1.0625,0.4625000000000057
-98036.38750000001,174433.05000000005,-5421.449999999997,156380.3,12423.5,19149.92499999999,164065.65,-5097.887500000012,147399.525,37229.42499999999,-0.625,-1.1125,1.0250000000000057,-0.037499999999999645,-0.40000000000000036,1.5124999999999886,0.0375,0.11249999999999982,-0.2749999999999999,-0.30000000000000004,-0.9375,-0.5374999999999943
-97867.38750000001,178735.05000000005,-5416.449999999997,149201.3,12040.5,19871.92499999999,167568.65,-4954.887500000012,146341.525,36505.42499999999,0.375,0.8875,0.025000000000005684,0.9625000000000004,0.5999999999999996,-0.48750000000001137,0.0375,0.11249999999999982,0.7250000000000001,0.7,-0.9375,0.4625000000000057
-99047.38750000001,183045.05000000005,-5588.449999999997,144463.3,11804.5,21374.92499999999,170350.65,-4937.887500000012,142776.525,35279.42499999999,0.375,0.8875,1.0250000000000057,0.9625000000000004,0.5999999999999996,-0.48750000000001137,0.0375,0.11249999999999982,-0.2749999999999999,0.7,0.0625,0.4625000000000057
-96625.38750000001,181836.05000000005,-5565.449999999997,145690.3,13559.5,22114.92499999999,169722.65,-4908.887500000012,147217.525,36523.42499999999,1.375,-0.11250000000000004,-0.9749999999999943,0.9625000000000004,-0.40000000000000036,0.5124999999999886,0.0375,0.11249999999999982,0.7250000000000001,0.7,0.0625,-0.5374999999999943
-94278.38750000001,176939.05000000005,-5611.449999999997,151185.3,15338.5,23637.92499999999,165636.65,-4932.887500000012,149654.525,37294.42499999999,0.375,-0.11250000000000004,0.025000000000005684,-0.037499999999999645,-0.40000000000000036,0.5124999999999886,0.0375,-0.8875000000000002,-0.2749999999999999,0.7,-0.9375,-1.5374999999999943
-92894.38750000001,174657.05000000005,-5647.449999999997,151663.3,15483.5,24230.92499999999,164320.65,-4941.887500000012,147190.525,36180.42499999999,1.375,0.8875,0.025000000000005684,0.9625000000000004,-0.40000000000000036,0.5124999999999886,0.0375,-0.8875000000000002,-0.2749999999999999,0.7,0.0625,-0.5374999999999943
-92588.38750000001,175524.05000000005,-5738.449999999997,145515.3,15219.5,24578.92499999999,164594.65,-4849.887500000012,143001.525,34555.42499999999,1.375,-0.11250000000000004,-0.9749999999999943,0.9625000000000004,0.5999999999999996,1.5124999999999886,0.0375,-0.8875000000000002,0.7250000000000001,1.7,0.0625,0.4625000000000057
-92502.38750000001,181600.05000000005,-5655.449999999997,148000.3,17609.5,25025.92499999999,163986.65,-4918.887500000012,151899.525,38511.42499999999,1.375,-0.11250000000000004,0.025000000000005684,1.9625000000000004,-0.40000000000000036,0.5124999999999886,0.0375,0.11249999999999982,-0.2749999999999999,0.7,0.0625,-0.5374999999999943
-92319.38750000001,182745.05000000005,-5675.449999999997,143061.3,17212.5,25478.92499999999,164111.65,-4930.887500000012,149923.525,39380.42499999999,2.375,-0.11250000000000004,-1.9749999999999943,0.9625000000000004,-0.40000000000000036,-0.48750000000001137,0.0375,0.11249999999999982,0.7250000000000001,1.7,-0.9375,0.4625000000000057
-90798.38750000001,183209.05000000005,-5659.449999999997,138858.3,17246.5,25934.92499999999,164612.65,-4837.887500000012,147369.525,38736.42499999999,-0.625,-0.11250000000000004,0.025000000000005684,1.9625000000000004,0.5999999999999996,-0.48750000000001137,0.0375,0.11249999999999982,0.7250000000000001,0.7,0.0625,-0.5374999999999943
-87955.38750000001,182334.05000000005,-5653.449999999997,140047.3,18005.5,25635.92499999999,163496.65,-4790.887500000012,147324.525,39239.42499999999,1.375,-1.1125,0.025000000000005684,-0.037499999999999645,-0.40000000000000036,0.5124999999999886,0.0375,0.11249999999999982,-0.2749999999999999,-0.30000000000000004,0.0625,-0.5374999999999943
-87206.38750000001,183134.05000000005,-5512.449999999997,141618.3,18465.5,24815.92499999999,164494.65,-4701.887500000012,147660.525,39181.42499999999,1.375,-0.11250000000000004,0.025000000000005684,0.9625000000000004,-0.40000000000000036,-0.48750000000001137,0.0375,0.11249999999999982,-0.2749999999999999,0.7,0.0625,0.4625000000000057
-87381.38750000001,186198.05000000005,-5546.449999999997,141308.3,18583.5,23987.92499999999,166534.65,-4708.887500000012,144148.525,38284.42499999999,-0.625,-0.11250000000000004,1.0250000000000057,-0.037499999999999645,-0.40000000000000036,0.5124999999999886,0.0375,0.11249999999999982,0.7250000000000001,0.7,-0.9375,0.4625000000000057
-86704.38750000001,186789.05000000005,-5622.449999999997,142447.3,18481.5,23329.92499999999,168303.65,-4774.887500000012,144919.525,37732.42499999999,-0.625,-0.11250000000000004,0.025000000000005684,-0.037499999999999645,-0.40000000000000036,-0.48750000000001137,0.0375,0.11249999999999982,-0.2749999999999999,-0.30000000000000004,0.0625,-1.5374999999999943
-86250.38750000001,184904.05000000005,-5676.449999999997,144498.3,19163.5,23113.92499999999,167541.65,-4594.887500000012,146258.525,38465.42499999999,-0.625,0.8875,-0.9749999999999943,-1.0374999999999996,-0.40000000000000036,-0.48750000000001137,0.0375,-0.8875000000000002,-0.2749999999999999,0.7,0.0625,1.4625000000000057
-86395.38750000001,182798.05000000005,-5798.449999999997,145124.3,19231.5,22774.92499999999,165931.65,-4514.887500000012,146142.525,38168.42499999999,-0.625,-0.11250000000000004,0.025000000000005684,-0.037499999999999645,0.5999999999999996,0.5124999999999886,-0.9625,0.11249999999999982,0.7250000000000001,-1.3,-0.9375,-0.5374999999999943
-89361.38750000001,181373.05000000005,-5959.449999999997,145235.3,19144.5,22268.92499999999,164431.65,-4599.887500000012,145531.525,38423.42499999999,-0.625,-0.11250000000000004,1.0250000000000057,-1.0374999999999996,0.5999999999999996,0.5124999999999886,0.0375,-0.8875000000000002,0.7250000000000001,-1.3,-0.9375,-0.5374999999999943
-90045.38750000001,178848.05000000005,-5903.449999999997,145922.3,19216.5,22474.92499999999,163119.65,-4549.887500000012,146345.525,39224.42499999999,0.375,-0.11250000000000004,-1.9749999999999943,-1.0374999999999996,-0.40000000000000036,-1.4875000000000114,0.0375,0.11249999999999982,-0.2749999999999999,-1.3,0.0625,-0.5374999999999943
-90080.38750000001,178669.05000000005,-5834.449999999997,146532.3,19162.5,22582.92499999999,164963.65,-4341.887500000012,149111.525,39797.42499999999,-0.625,-3.1125,-0.9749999999999943,-1.0374999999999996,0.5999999999999996,1.5124999999999886,0.0375,1.1124999999999998,-0.2749999999999999,-1.3,0.0625,-1.5374999999999943
-90735.38750000001,179467.05000000005,-5740.449999999997,144957.3,18684.5,22385.92499999999,165862.65,-4259.887500000012,148673.525,39496.42499999999,-1.625,-1.1125,2.0250000000000057,-1.0374999999999996,-0.40000000000000036,-0.48750000000001137,0.0375,0.11249999999999982,-0.2749999999999999,-0.30000000000000004,0.0625,-0.5374999999999943
-91784.38750000001,180240.05000000005,-5531.449999999997,145205.3,18088.5,22074.92499999999,164895.65,-4126.887500000012,148495.525,38721.42499999999,-0.625,0.8875,0.025000000000005684,-1.0374999999999996,-0.40000000000000036,-0.48750000000001137,0.0375,-0.8875000000000002,-0.2749999999999999,-1.3,0.0625,0.4625000000000057
-91947.38750000001,180247.05000000005,-5521.449999999997,145846.3,18161.5,22230.92499999999,163377.65,-4141.887500000012,148911.525,39064.42499999999,-0.625,-0.11250000000000004,0.025000000000005684,-0.037499999999999645,-0.40000000000000036,-0.48750000000001137,0.0375,0.11249999999999982,-0.2749999999999999,-0.30000000000000004,-0.9375,-0.5374999999999943
-92064.38750000001,180250.05000000005,-5493.449999999997,145517.3,18077.5,22525.92499999999,163230.65,-4116.887500000012,149290.525,39315.42499999999,-0.625,0.8875,0.025000000000005684,-1.0374999999999996,0.5999999999999996,0.5124999999999886,0.0375,0.11249999999999982,0.7250000000000001,-0.30000000000000004,0.0625,-0.5374999999999943
-92229.38750000001,180394.05000000005,-5675.449999999997,144278.3,17907.5,22842.92499999999,164552.65,-4137.887500000012,150063.525,39712.42499999999,0.375,-0.11250000000000004,-0.9749999999999943,-0.037499999999999645,-0.40000000000000036,0.5124999999999886,0.0375,-0.8875000000000002,-0.2749999999999999,-0.30000000000000004,0.0625,-0.5374999999999943
-92000.38750000001,180287.05000000005,-5680.449999999997,143677.3,17666.5,23094.92499999999,165663.65,-4120.887500000012,150014.525,39954.42499999999,0.375,-0.11250000000000004,2.0250000000000057,-0.037499999999999645,0.5999999999999996,0.5124999999999886,0.0375,0.11249999999999982,0.7250000000000001,0.7,-0.9375,-0.5374999999999943
-91943.38750000001,180294.05000000005,-5611.449999999997,144518.3,17759.5,23246.92499999999,165074.65,-4182.887500000012,149101.525,39859.42499999999,0.375,-0.11250000000000004,-0.9749999999999943,-0.037499999999999645,-0.40000000000000036,-0.48750000000001137,0.0375,0.11249999999999982,-0.2749999999999999,0.7,1.0625,-0.5374999999999943
-92067.38750000001,180309.05000000005,-5519.449999999997,145360.3,18017.5,23192.92499999999,163755.65,-4316.887500000012,147808.525,39146.42499999999,0.375,0.8875,-0.9749999999999943,0.9625000000000004,-0.40000000000000036,-0.48750000000001137,0.0375,0.11249999999999982,-0.2749999999999999,1.7,0.0625,-0.5374999999999943
-92208.38750000001,180361.05000000005,-5621.449999999997,145739.3,18072.5,23010.92499999999,164903.65,-4315.887500000012,147084.525,38714.42499999999,0.375,-0.11250000000000004,1.0250000000000057,0.9625000000000004,-0.40000000000000036,-0.48750000000001137,0.0375,0.11249999999999982,-0.2749999999999999,0.7,0.0625,0.4625000000000057
-91933.38750000001,179549.05000000005,-5587.449999999997,146358.3,18069.5,22962.92499999999,165854.65,-4225.887500000012,147163.525,38619.42499999999,1.375,-0.11250000000000004,0.025000000000005684,0.9625000000000004,0.5999999999999996,-0.48750000000001137,0.0375,0.11249999999999982,-0.2749999999999999,0.7,0.0625,0.4625000000000057
-91512.38750000001,178759.05000000005,-5459.449999999997,146729.3,18189.5,23006.92499999999,166006.65,-4191.887500000012,146993.525,38422.42499999999,1.375,-0.11250000000000004,-0.9749999999999943,1.9625000000000004,-0.40000000000000036,-0.48750000000001137,0.0375,0.11249999999999982,0.7250000000000001,0.7,0.0625,0.4625000000000057
-91259.38750000001,178699.05000000005,-5439.449999999997,147113.3,18141.5,22775.92499999999,165911.65,-4221.887500000012,146480.525,38010.42499999999,1.375,-0.11250000000000004,0.025000000000005684,0.9625000000000004,0.5999999999999996,-0.48750000000001137,1.0375,-0.8875000000000002,-0.2749999999999999,0.7,0.0625,-0.5374999999999943
-91654.38750000001,178954.05000000005,-5552.449999999997,147632.3,18133.5,22554.92499999999,165745.65,-4212.887500000012,145999.525,37442.42499999999,0.375,-0.11250000000000004,0.025000000000005684,0.9625000000000004,0.5999999999999996,0.5124999999999886,0.0375,0.11249999999999982,0.7250000000000001,0.7,0.0625,-0.5374999999999943
-91565.38750000001,178755.05000000005,-5538.449999999997,147982.3,18039.5,22143.92499999999,165718.65,-4206.887500000012,145843.525,37219.42499999999,0.375,0.8875,0.025000000000005684,0.9625000000000004,-0.40000000000000036,-0.48750000000001137,0.0375,0.11249999999999982,-0.2749999999999999,-0.30000000000000004,0.0625,0.4625000000000057
-91342.38750000001,178351.05000000005,-5501.449999999997,148029.3,18055.5,22247.92499999999,166276.65,-4049.8875000000116,145825.525,37188.42499999999,-0.625,0.8875,-0.9749999999999943,0.9625000000000004,-0.40000000000000036,0.5124999999999886,0.0375,0.11249999999999982,0.7250000000000001,-0.30000000000000004,0.0625,0.4625000000000057
-91277.38750000001,178091.05000000005,-5553.449999999997,147829.3,17990.5,22276.92499999999,166591.65,-4195.887500000012,145946.525,36877.42499999999,0.375,-0.11250000000000004,0.025000000000005684,0.9625000000000004,-0.40000000000000036,-0.48750000000001137,0.0375,0.11249999999999982,0.7250000000000001,-0.30000000000000004,0.0625,-0.5374999999999943
-91495.38750000001,178166.05000000005,-5481.449999999997,147667.3,17852.5,22175.92499999999,166463.65,-4205.887500000012,145716.525,36785.42499999999,-0.625,-0.11250000000000004,-0.9749999999999943,-0.037499999999999645,-0.40000000000000036,0.5124999999999886,0.0375,0.11249999999999982,-0.2749999999999999,0.7,0.0625,0.4625000000000057
-91667.38750000001,178337.05000000005,-5664.449999999997,147660.3,17771.5,22016.92499999999,166138.65,-4050.8875000000116,145721.525,36849.42499999999,-0.625,-0.11250000000000004,0.025000000000005684,-0.037499999999999645,-0.40000000000000036,0.5124999999999886,0.0375,0.11249999999999982,-0.2749999999999999,-0.30000000000000004,0.0625,-0.5374999999999943
-91591.38750000001,178372.05000000005,-5609.449999999997,147572.3,17766.5,21958.92499999999,165939.65,-4200.887500000012,145995.525,36981.42499999999,-0.625,-0.11250000000000004,0.025000000000005684,-1.0374999999999996,-0.40000000000000036,0.5124999999999886,0.0375,0.11249999999999982,0.7250000000000001,-0.30000000000000004,0.0625,-1.5374999999999943
-91478.38750000001,178341.05000000005,-5624.449999999997,147138.3,17637.5,22134.92499999999,165909.65,-4137.887500000012,146261.525,36875.42499999999,-0.625,0.8875,0.025000000000005684,-0.037499999999999645,-1.4000000000000004,-0.48750000000001137,0.0375,-0.8875000000000002,-0.2749999999999999,-0.30000000000000004,0.0625,0.4625000000000057
-91615.38750000001,178812.05000000005,-5636.449999999997,146627.3,17655.5,22059.92499999999,165770.65,-4152.887500000012,146556.525,37156.42499999999,0.375,-0.11250000000000004,-0.9749999999999943,-1.0374999999999996,-0.40000000000000036,-0.48750000000001137,0.0375,0.11249999999999982,-0.2749999999999999,-0.30000000000000004,0.0625,0.4625000000000057
-91703.38750000001,179202.05000000005,-5585.449999999997,146496.3,17481.5,21959.92499999999,165620.65,-4222.887500000012,147342.525,37516.42499999999,-0.625,-0.11250000000000004,0.025000000000005684,-0.037499999999999645,-0.40000000000000036,0.5124999999999886,0.0375,-0.8875000000000002,-0.2749999999999999,-0.30000000000000004,0.0625,0.4625000000000057
-91700.38750000001,179515.05000000005,-5577.449999999997,145733.3,17414.5,22196.92499999999,165274.65,-4152.887500000012,147391.525,37736.42499999999,-0.625,0.8875,1.0250000000000057,-0.037499999999999645,-0.40000000000000036,-0.48750000000001137,0.0375,0.11249999999999982,-0.2749999999999999,-1.3,0.0625,-0.5374999999999943
-91548.38750000001,179458.05000000005,-5550.449999999997,145195.3,17530.5,22384.92499999999,164666.65,-4292.887500000012,147432.525,37976.42499999999,-0.625,0.8875,0.025000000000005684,-1.0374999999999996,-0.40000000000000036,0.5124999999999886,0.0375,0.11249999999999982,-0.2749999999999999,-0.30000000000000004,0.0625,0.4625000000000057
-91428.38750000001,179499.05000000005,-5466.449999999997,144987.3,17637.5,22369.92499999999,164555.65,-4146.887500000012,147908.525,38165.42499999999,-0.625,-0.11250000000000004,0.025000000000005684,-0.037499999999999645,0.5999999999999996,0.5124999999999886,0.0375,0.11249999999999982,-0.2749999999999999,-0.30000000000000004,0.0625,0.4625000000000057
-91483.38750000001,180480.05000000005,-5613.449999999997,145035.3,18202.5,22756.92499999999,164599.65,-4155.887500000012,148336.525,38564.42499999999,0.375,-0.11250000000000004,-0.9749999999999943,-0.037499999999999645,-0.40000000000000036,0.5124999999999886,0.0375,0.11249999999999982,-0.2749999999999999,-0.30000000000000004,0.0625,-0.5374999999999943
-91338.38750000001,180450.05000000005,-5629.449999999997,144691.3,18406.5,22874.92499999999,164387.65,-4150.887500000012,148513.525,38712.42499999999,-0.625,-0.11250000000000004,1.0250000000000057,-0.037499999999999645,-0.40000000000000036,0.5124999999999886,0.0375,0.11249999999999982,-0.2749999999999999,-0.30000000000000004,0.0625,0.4625000000000057
-90632.38750000001,180263.05000000005,-5569.449999999997,144620.3,18496.5,23063.92499999999,164000.65,-4115.887500000012,148878.525,39092.42499999999,-0.625,-0.11250000000000004,0.025000000000005684,-0.037499999999999645,-0.40000000000000036,0.5124999999999886,0.0375,0.11249999999999982,-0.2749999999999999,0.7,0.0625,0.4625000000000057
-90345.38750000001,180412.05000000005,-5517.449999999997,144605.3,18658.5,23156.92499999999,164096.65,-4098.887500000012,149022.525,39396.42499999999,0.375,-0.11250000000000004,0.025000000000005684,0.9625000000000004,-0.40000000000000036,-0.48750000000001137,0.0375,0.11249999999999982,0.7250000000000001,0.7,0.0625,-0.5374999999999943
-90453.38750000001,180922.05000000005,-5657.449999999997,144616.3,18739.5,23243.92499999999,164354.65,-4117.887500000012,148911.525,39526.42499999999,-0.625,0.8875,1.0250000000000057,0.9625000000000004,-0.40000000000000036,0.5124999999999886,0.0375,0.11249999999999982,-0.2749999999999999,0.7,0.0625,-0.5374999999999943
-90361.38750000001,181015.05000000005,-5614.449999999997,144765.3,19147.5,23535.92499999999,164165.65,-4172.887500000012,148830.525,39616.42499999999,0.375,-0.11250000000000004,-0.9749999999999943,0.9625000000000004,-0.40000000000000036,0.5124999999999886,0.0375,0.11249999999999982,-0.2749999999999999,-0.30000000000000004,0.0625,-0.5374999999999943
-90255.38750000001,180846.05000000005,-5447.449999999997,144726.3,19195.5,23683.92499999999,164154.65,-4175.887500000012,148581.525,39678.42499999999,0.375,0.8875,0.025000000000005684,-0.037499999999999645,-0.40000000000000036,0.5124999999999886,0.0375,0.11249999999999982,0.7250000000000001,0.7,-0.9375,-0.5374999999999943
-90162.38750000001,180670.05000000005,-5568.449999999997,144562.3,19198.5,23593.92499999999,164337.65,-4224.887500000012,148392.525,39668.42499999999,0.375,-0.11250000000000004,0.025000000000005684,0.9625000000000004,-0.40000000000000036,-0.48750000000001137,0.0375,0.11249999999999982,0.7250000000000001,1.7,0.0625,1.4625000000000057
-90081.38750000001,180595.05000000005,-5353.449999999997,144468.3,19130.5,23501.92499999999,164550.65,-4260.887500000012,148290.525,39671.42499999999,0.375,0.8875,-0.9749999999999943,0.9625000000000004,-0.40000000000000036,-0.48750000000001137,0.0375,0.11249999999999982,-0.2749999999999999,0.7,0.0625,0.4625000000000057
-90159.38750000001,180692.05000000005,-5316.449999999997,145358.3,19090.5,23301.92499999999,164666.65,-4234.887500000012,148230.525,39488.42499999999,1.375,-0.11250000000000004,0.025000000000005684,-0.037499999999999645,0.5999999999999996,-0.48750000000001137,0.0375,0.11249999999999982,-0.2749999999999999,1.7,1.0625,0.4625000000000057
-90378.38750000001,180793.05000000005,-5372.449999999997,145665.3,19008.5,23102.92499999999,164682.65,-4163.887500000012,147981.525,39317.42499999999,0.375,-0.11250000000000004,0.025000000000005684,-0.037499999999999645,0.5999999999999996,0.5124999999999886,0.0375,0.11249999999999982,-0.2749999999999999,0.7,0.0625,0.4625000000000057
-90408.38750000001,180740.05000000005,-5389.449999999997,145787.3,18825.5,23029.92499999999,164495.65,-4155.887500000012,147757.525,39134.42499999999,1.375,-0.11250000000000004,0.025000000000005684,-0.037499999999999645,-0.40000000000000036,0.5124999999999886,0.0375,-0.8875000000000002,0.7250000000000001,-0.30000000000000004,0.0625,-0.5374999999999943
-90272.38750000001,180274.05000000005,-5390.449999999997,145901.3,18797.5,22914.92499999999,164711.65,-4280.887500000012,147553.525,38915.42499999999,0.375,-0.11250000000000004,0.025000000000005684,-0.037499999999999645,0.5999999999999996,-0.48750000000001137,0.0375,0.11249999999999982,-0.2749999999999999,0.7,-0.9375,-0.5374999999999943
-90242.38750000001,179531.05000000005,-5324.449999999997,146050.3,18724.5,22595.92499999999,165383.65,-4231.887500000012,147517.525,38739.42499999999,0.375,-0.11250000000000004,0.025000000000005684,-0.037499999999999645,-0.40000000000000036,0.5124999999999886,0.0375,0.11249999999999982,-0.2749999999999999,0.7,-0.9375,-0.5374999999999943
-90331.38750000001,179456.05000000005,-5421.449999999997,146278.3,18668.5,22398.92499999999,165482.65,-4273.887500000012,147210.525,38456.42499999999,0.375,-0.11250000000000004,1.0250000000000057,-0.037499999999999645,-0.40000000000000036,0.5124999999999886,0.0375,0.11249999999999982,0.7250000000000001,0.7,0.0625,-0.5374999999999943
-90567.38750000001,179632.05000000005,-5431.449999999997,146548.3,18672.5,22334.92499999999,165564.65,-4221.887500000012,146945.525,38309.42499999999,-0.625,-0.11250000000000004,0.025000000000005684,-0.037499999999999645,-0.40000000000000036,0.5124999999999886,0.0375,0.11249999999999982,-0.2749999999999999,-0.30000000000000004,0.0625,-0.5374999999999943
-90708.38750000001,179519.05000000005,-5583.449999999997,146838.3,18459.5,22261.92499999999,165673.65,-4111.887500000012,147097.525,38100.42499999999,0.375,-0.11250000000000004,0.025000000000005684,-1.0374999999999996,-0.40000000000000036,0.5124999999999886,0.0375,0.11249999999999982,-0.2749999999999999,-0.30000000000000004,0.0625,0.4625000000000057
-90698.38750000001,179004.05000000005,-5578.449999999997,146365.3,18193.5,22128.92499999999,165430.65,-4156.887500000012,147459.525,37971.42499999999,0.375,-0.11250000000000004,0.025000000000005684,-0.037499999999999645,-0.40000000000000036,-0.48750000000001137,0.0375,0.11249999999999982,-0.2749999999999999,-0.30000000000000004,0.0625,-1.5374999999999943
-90837.38750000001,179022.05000000005,-5605.449999999997,146287.3,18113.5,22171.92499999999,165306.65,-4221.887500000012,147629.525,38140.42499999999,-0.625,-0.11250000000000004,0.025000000000005684,-1.0374999999999996,-0.40000000000000036,-0.48750000000001137,0.0375,0.11249999999999982,0.7250000000000001,-0.30000000000000004,0.0625,0.4625000000000057
-91223.38750000001,179270.05000000005,-5845.449999999997,146333.3,17928.5,22031.92499999999,165027.65,-4185.887500000012,148046.525,38249.42499999999,-0.625,-0.11250000000000004,0.025000000000005684,-1.0374999999999996,-0.40000000000000036,-0.48750000000001137,0.0375,0.11249999999999982,0.7250000000000001,-0.30000000000000004,0.0625,-0.5374999999999943
-91449.38750000001,179926.05000000005,-5598.449999999997,146066.3,17904.5,22361.92499999999,164685.65,-4127.887500000012,148167.525,38343.42499999999,0.375,-0.11250000000000004,1.0250000000000057,-1.0374999999999996,0.5999999999999996,0.5124999999999886,0.0375,0.11249999999999982,-0.2749999999999999,-0.30000000000000004,0.0625,-0.5374999999999943
-91363.38750000001,180194.05000000005,-5584.449999999997,145673.3,17854.5,22546.92499999999,164246.65,-4175.887500000012,148106.525,38366.42499999999,0.375,-0.11250000000000004,0.025000000000005684,-0.037499999999999645,0.5999999999999996,0.5124999999999886,0.0375,0.11249999999999982,-0.2749999999999999,-0.30000000000000004,0.0625,-0.5374999999999943
-91238.38750000001,179919.05000000005,-5538.449999999997,144763.3,17723.5,22792.92499999999,163826.65,-4231.887500000012,148494.525,38788.42499999999,-0.625,-0.11250000000000004,1.0250000000000057,-0.037499999999999645,-0.40000000000000036,0.5124999999999886,0.0375,0.11249999999999982,-0.2749999999999999,-0.30000000000000004,0.0625,0.4625000000000057
-91137.38750000001,180104.05000000005,-5540.449999999997,144610.3,17870.5,22952.92499999999,163872.65,-4195.887500000012,148906.525,39130.42499999999,0.375,-0.11250000000000004,0.025000000000005684,-0.037499999999999645,-0.40000000000000036,-0.48750000000001137,0.0375,0.11249999999999982,-0.2749999999999999,0.7,0.0625,0.4625000000000057
-91358.38750000001,180645.05000000005,-5544.449999999997,144670.3,17982.5,22945.92499999999,164129.65,-4134.887500000012,149130.525,39227.42499999999,0.375,-0.11250000000000004,-0.9749999999999943,-1.0374999999999996,-0.40000000000000036,0.5124999999999886,0.0375,0.11249999999999982,-0.2749999999999999,0.7,0.0625,0.4625000000000057
-91218.38750000001,180898.05000000005,-5639.449999999997,144701.3,18046.5,23148.92499999999,164256.65,-4065.8875000000116,149157.525,39316.42499999999,0.375,-0.11250000000000004,0.025000000000005684,-0.037499999999999645,-0.40000000000000036,-0.48750000000001137,0.0375,0.11249999999999982,-0.2749999999999999,-0.30000000000000004,0.0625,-0.5374999999999943
-91067.38750000001,180798.05000000005,-5506.449999999997,144763.3,18141.5,23438.92499999999,164009.65,-4121.887500000012,149022.525,39394.42499999999,0.375,-0.11250000000000004,0.025000000000005684,0.9625000000000004,-0.40000000000000036,-0.48750000000001137,0.0375,0.11249999999999982,-0.2749999999999999,-0.30000000000000004,-0.9375,0.4625000000000057
-90777.38750000001,180385.05000000005,-5489.449999999997,144734.3,18109.5,23351.92499999999,163653.65,-4302.887500000012,148476.525,39436.42499999999,0.375,-0.11250000000000004,0.025000000000005684,-0.037499999999999645,-0.40000000000000036,-0.48750000000001137,0.0375,0.11249999999999982,-0.2749999999999999,0.7,0.0625,-0.5374999999999943
-90699.38750000001,180212.05000000005,-5522.449999999997,144860.3,18202.5,23447.92499999999,163948.65,-4233.887500000012,148432.525,39290.42499999999,-0.625,-0.11250000000000004,1.0250000000000057,-0.037499999999999645,0.5999999999999996,0.5124999999999886,0.0375,0.11249999999999982,-0.2749999999999999,0.7,0.0625,0.4625000000000057
-90592.38750000001,180205.05000000005,-5504.449999999997,145498.3,18499.5,23308.92499999999,164326.65,-4255.887500000012,148103.525,39216.42499999999,0.375,-0.11250000000000004,0.025000000000005684,0.9625000000000004,0.5999999999999996,-0.48750000000001137,0.0375,0.11249999999999982,-0.2749999999999999,0.7,0.0625,-0.5374999999999943
-90558.38750000001,180303.05000000005,-5474.449999999997,145804.3,18497.5,23075.92499999999,164418.65,-4130.887500000012,147682.525,39125.42499999999,1.375,0.8875,0.025000000000005684,-0.037499999999999645,0.5999999999999996,0.5124999999999886,0.0375,-0.8875000000000002,-0.2749999999999999,0.7,1.0625,0.4625000000000057
-90514.38750000001,180251.05000000005,-5476.449999999997,146170.3,18596.5,22921.92499999999,164421.65,-4213.887500000012,147402.525,38906.42499999999,0.375,0.8875,0.025000000000005684,-0.037499999999999645,-0.40000000000000036,0.5124999999999886,0.0375,-0.8875000000000002,0.7250000000000001,-0.30000000000000004,1.0625,0.4625000000000057
-90517.38750000001,179881.05000000005,-5579.449999999997,146418.3,18534.5,22784.92499999999,164564.65,-4206.887500000012,147081.525,38788.42499999999,0.375,-0.11250000000000004,-0.9749999999999943,-0.037499999999999645,0.5999999999999996,0.5124999999999886,0.0375,1.1124999999999998,-0.2749999999999999,-0.30000000000000004,0.0625,0.4625000000000057
-90507.38750000001,179533.05000000005,-5452.449999999997,146613.3,18532.5,22697.92499999999,164773.65,-4254.887500000012,146639.525,38611.42499999999,0.375,0.8875,-0.9749999999999943,-0.037499999999999645,0.5999999999999996,0.5124999999999886,0.0375,0.11249999999999982,-0.2749999999999999,0.7,0.0625,-0.5374999999999943
-90431.38750000001,179437.05000000005,-5478.449999999997,146844.3,18582.5,22537.92499999999,165043.65,-4285.887500000012,146440.525,38323.42499999999,0.375,-0.11250000000000004,1.0250000000000057,0.9625000000000004,-0.40000000000000036,-0.48750000000001137,0.0375,0.11249999999999982,0.7250000000000001,-0.30000000000000004,0.0625,0.4625000000000057
-90333.38750000001,179235.05000000005,-5409.449999999997,147011.3,18506.5,22293.92499999999,165114.65,-4192.887500000012,146380.525,38127.42499999999,0.375,-0.11250000000000004,0.025000000000005684,-0.037499999999999645,0.5999999999999996,-0.48750000000001137,0.0375,0.11249999999999982,-0.2749999999999999,-0.30000000000000004,0.0625,0.4625000000000057
-90383.38750000001,179165.05000000005,-5376.449999999997,146924.3,18316.5,22289.92499999999,165761.65,-4076.8875000000116,146270.525,38071.42499999999,0.375,0.8875,0.025000000000005684,0.9625000000000004,-0.40000000000000036,0.5124999999999886,-0.9625,0.11249999999999982,0.7250000000000001,-0.30000000000000004,0.0625,-0.5374999999999943
-90462.38750000001,179084.05000000005,-5487.449999999997,146768.3,18240.5,22110.92499999999,165996.65,-4217.887500000012,146264.525,37992.42499999999,0.375,-0.11250000000000004,-0.9749999999999943,-0.037499999999999645,-1.4000000000000004,0.5124999999999886,0.0375,0.11249999999999982,-0.2749999999999999,-0.30000000000000004,0.0625,-0.5374999999999943
-90475.38750000001,178988.05000000005,-5602.449999999997,146786.3,18223.5,22178.92499999999,166107.65,-4215.887500000012,146706.525,37950.42499999999,-0.625,0.8875,0.025000000000005684,-0.037499999999999645,-0.40000000000000036,-0.48750000000001137,0.0375,0.11249999999999982,-0.2749999999999999,-0.30000000000000004,0.0625,-0.5374999999999943
-90633.38750000001,179122.05000000005,-5588.449999999997,146576.3,18256.5,22240.92499999999,165864.65,-4157.887500000012,146648.525,37974.42499999999,0.375,-0.11250000000000004,-1.9749999999999943,-0.037499999999999645,-1.4000000000000004,-0.48750000000001137,0.0375,-0.8875000000000002,-0.2749999999999999,-0.30000000000000004,0.0625,0.4625000000000057
-90735.38750000001,179193.05000000005,-5578.449999999997,146060.3,18193.5,22337.92499999999,165415.65,-4273.887500000012,146706.525,37914.42499999999,0.375,-0.11250000000000004,0.025000000000005684,-0.037499999999999645,-0.40000000000000036,-0.48750000000001137,0.0375,-0.8875000000000002,0.7250000000000001,-0.30000000000000004,-0.9375,1.4625000000000057
-90720.38750000001,179171.05000000005,-5553.449999999997,145770.3,17944.5,22373.92499999999,164978.65,-4273.887500000012,146971.525,37808.42499999999,-0.625,-0.11250000000000004,0.025000000000005684,-0.037499999999999645,-0.40000000000000036,0.5124999999999886,0.0375,0.11249999999999982,0.7250000000000001,-1.3,0.0625,0.4625000000000057
-90796.38750000001,179369.05000000005,-5560.449999999997,145621.3,17842.5,22467.92499999999,164885.65,-4216.887500000012,147381.525,38356.42499999999,-0.625,-0.11250000000000004,0.025000000000005684,-0.037499999999999645,-0.40000000000000036,-0.48750000000001137,0.0375,0.11249999999999982,-0.2749999999999999,-0.30000000000000004,0.0625,-0.5374999999999943
-90861.38750000001,180101.05000000005,-5678.449999999997,145320.3,17836.5,22481.92499999999,165105.65,-4197.887500000012,147692.525,38509.42499999999,-0.625,-0.11250000000000004,-0.9749999999999943,-0.037499999999999645,-0.40000000000000036,-0.48750000000001137,0.0375,0.11249999999999982,-0.2749999999999999,-1.3,0.0625,0.4625000000000057
-91059.38750000001,180398.05000000005,-5582.449999999997,145140.3,18092.5,22707.92499999999,164974.65,-4073.8875000000116,147744.525,38554.42499999999,-0.625,-0.11250000000000004,0.025000000000005684,-0.037499999999999645,0.5999999999999996,-0.48750000000001137,0.0375,0.11249999999999982,-0.2749999999999999,-0.30000000000000004,0.0625,-0.5374999999999943
-90973.38750000001,180245.05000000005,-5612.449999999997,144851.3,18241.5,22865.92499999999,164364.65,-4141.887500000012,147687.525,38733.42499999999,0.375,0.8875,0.025000000000005684,-0.037499999999999645,-0.40000000000000036,0.5124999999999886,0.0375,0.11249999999999982,-0.2749999999999999,0.7,0.0625,1.4625000000000057
-90794.38750000001,180151.05000000005,-5686.449999999997,144642.3,18124.5,22924.92499999999,164068.65,-4275.887500000012,147725.525,38919.42499999999,-0.625,0.8875,-0.9749999999999943,-0.037499999999999645,0.5999999999999996,-0.48750000000001137,0.0375,0.11249999999999982,0.7250000000000001,-0.30000000000000004,0.0625,-0.5374999999999943
-90658.38750000001,180215.05000000005,-5573.449999999997,144468.3,18137.5,23068.92499999999,164052.65,-4055.8875000000116,147972.525,39064.42499999999,0.375,-0.11250000000000004,1.0250000000000057,0.9625000000000004,-0.40000000000000036,0.5124999999999886,0.0375,0.11249999999999982,-0.2749999999999999,-0.30000000000000004,0.0625,0.4625000000000057
-90653.38750000001,180439.05000000005,-5560.449999999997,144400.3,18238.5,23219.92499999999,164101.65,-4184.887500000012,148218.525,39271.42499999999,0.375,-0.11250000000000004,0.025000000000005684,-0.037499999999999645,0.5999999999999996,-0.48750000000001137,0.0375,0.11249999999999982,0.7250000000000001,-0.30000000000000004,0.0625,-0.5374999999999943
-90604.38750000001,180646.05000000005,-5457.449999999997,144559.3,18408.5,23331.92499999999,164236.65,-4203.887500000012,148396.525,39352.42499999999,0.375,-0.11250000000000004,1.0250000000000057,0.9625000000000004,-0.40000000000000036,0.5124999999999886,0.0375,0.11249999999999982,0.7250000000000001,-0.30000000000000004,0.0625,0.4625000000000057
-90530.38750000001,180597.05000000005,-5497.449999999997,144601.3,18468.5,23328.92499999999,164111.65,-4148.887500000012,148113.525,39430.42499999999,0.375,-0.11250000000000004,0.025000000000005684,0.9625000000000004,-0.40000000000000036,-0.48750000000001137,0.0375,0.11249999999999982,-0.2749999999999999,0.7,0.0625,0.4625000000000057
-90422.38750000001,180492.05000000005,-5516.449999999997,144615.3,18431.5,23338.92499999999,164059.65,-4205.887500000012,147903.525,39347.42499999999,0.375,0.8875,0.025000000000005684,0.9625000000000004,-0.40000000000000036,-0.48750000000001137,0.0375,0.11249999999999982,-0.2749999999999999,-0.30000000000000004,0.0625,-0.5374999999999943
-90362.38750000001,180323.05000000005,-5303.449999999997,144786.3,18371.5,23318.92499999999,164639.65,-4070.8875000000116,147811.525,39266.42499999999,0.375,0.8875,0.025000000000005684,-0.037499999999999645,0.5999999999999996,1.5124999999999886,0.0375,1.1124999999999998,-0.2749999999999999,-0.30000000000000004,0.0625,-0.5374999999999943
-90344.38750000001,180285.05000000005,-5479.449999999997,145060.3,18479.5,23320.92499999999,164539.65,-4167.887500000012,147583.525,39246.42499999999,0.375,-0.11250000000000004,1.0250000000000057,0.9625000000000004,-0.40000000000000036,0.5124999999999886,0.0375,0.11249999999999982,-0.2749999999999999,0.7,1.0625,0.4625000000000057
-90286.38750000001,179846.05000000005,-5460.449999999997,145344.3,18474.5,22929.92499999999,164488.65,-4202.887500000012,147092.525,39013.42499999999,-0.625,-0.11250000000000004,-0.9749999999999943,-0.037499999999999645,0.5999999999999996,-0.48750000000001137,-0.9625,1.1124999999999998,-0.2749999999999999,-0.30000000000000004,0.0625,1.4625000000000057
-90223.38750000001,179607.05000000005,-5427.449999999997,145562.3,18354.5,22863.92499999999,164401.65,-4185.887500000012,146367.525,38681.42499999999,-0.625,-0.11250000000000004,0.025000000000005684,-0.037499999999999645,0.5999999999999996,0.5124999999999886,0.0375,0.11249999999999982,0.7250000000000001,-0.30000000000000004,0.0625,-0.5374999999999943
-90056.38750000001,179306.05000000005,-5395.449999999997,146055.3,18384.5,22700.92499999999,164587.65,-4130.887500000012,146484.525,38594.42499999999,-0.625,-0.11250000000000004,0.025000000000005684,-0.037499999999999645,-0.40000000000000036,0.5124999999999886,0.0375,0.11249999999999982,-0.2749999999999999,-0.30000000000000004,0.0625,1.4625000000000057
-90041.38750000001,178848.05000000005,-5419.449999999997,146401.3,18398.5,22566.92499999999,164864.65,-4153.887500000012,146546.525,38437.42499999999,0.375,-0.11250000000000004,0.025000000000005684,-1.0374999999999996,0.5999999999999996,0.5124999999999886,0.0375,-0.8875000000000002,-0.2749999999999999,-0.30000000000000004,0.0625,0.4625000000000057
-90017.38750000001,178893.05000000005,-5496.449999999997,146478.3,18269.5,22482.92499999999,165269.65,-4132.887500000012,146407.525,38144.42499999999,0.375,-0.11250000000000004,0.025000000000005684,-0.037499999999999645,-0.40000000000000036,-0.48750000000001137,0.0375,0.11249999999999982,-0.2749999999999999,-0.30000000000000004,0.0625,-0.5374999999999943
-90054.38750000001,179024.05000000005,-5497.449999999997,146524.3,18149.5,22369.92499999999,165513.65,-4058.8875000000116,146276.525,38048.42499999999,0.375,-0.11250000000000004,-0.9749999999999943,0.9625000000000004,-0.40000000000000036,-0.48750000000001137,0.0375,0.11249999999999982,-0.2749999999999999,-0.30000000000000004,0.0625,0.4625000000000057
-90135.38750000001,178707.05000000005,-5434.449999999997,146515.3,18114.5,22173.92499999999,165460.65,-4209.887500000012,146259.525,38127.42499999999,0.375,-0.11250000000000004,0.025000000000005684,0.9625000000000004,-0.40000000000000036,-0.48750000000001137,0.0375,0.11249999999999982,-0.2749999999999999,-0.30000000000000004,0.0625,-0.5374999999999943
-90262.38750000001,178574.05000000005,-5634.449999999997,146446.3,18189.5,22284.92499999999,165378.65,-4171.887500000012,146476.525,38162.42499999999,-0.625,-0.11250000000000004,0.025000000000005684,-0.037499999999999645,-1.4000000000000004,0.5124999999999886,0.0375,-0.8875000000000002,0.7250000000000001,-0.30000000000000004,0.0625,-0.5374999999999943
-90554.38750000001,178585.05000000005,-5728.449999999997,146041.3,17976.5,22444.92499999999,165461.65,-4027.8875000000116,146856.525,38174.42499999999,0.375,-0.11250000000000004,0.025000000000005684,-0.037499999999999645,-0.40000000000000036,-0.48750000000001137,-0.9625,0.11249999999999982,-0.2749999999999999,-0.30000000000000004,0.0625,0.4625000000000057
-90654.38750000001,179240.05000000005,-5574.449999999997,145902.3,17985.5,22471.92499999999,165089.65,-4112.887500000012,146991.525,38119.42499999999,-0.625,-0.11250000000000004,0.025000000000005684,-0.037499999999999645,-0.40000000000000036,-0.48750000000001137,0.0375,0.11249999999999982,-0.2749999999999999,-0.30000000000000004,0.0625,0.4625000000000057
-90789.38750000001,179255.05000000005,-5493.449999999997,145633.3,17665.5,22433.92499999999,164781.65,-4104.887500000012,147066.525,38279.42499999999,-0.625,-0.11250000000000004,-0.9749999999999943,-0.037499999999999645,-0.40000000000000036,1.5124999999999886,0.0375,-0.8875000000000002,-0.2749999999999999,-0.30000000000000004,0.0625,0.4625000000000057
-90756.38750000001,179430.05000000005,-5549.449999999997,145289.3,17564.5,22459.92499999999,164695.65,-4068.8875000000116,147684.525,38551.42499999999,0.375,-0.11250000000000004,0.025000000000005684,-0.037499999999999645,-0.40000000000000036,-0.48750000000001137,0.0375,0.11249999999999982,0.7250000000000001,-0.30000000000000004,0.0625,1.4625000000000057
-90705.38750000001,179603.05000000005,-5566.449999999997,145041.3,17678.5,22666.92499999999,164719.65,-4162.887500000012,147954.525,38801.42499999999,0.375,-0.11250000000000004,0.025000000000005684,-1.0374999999999996,-0.40000000000000036,-0.48750000000001137,0.0375,0.11249999999999982,0.7250000000000001,-0.30000000000000004,0.0625,-0.5374999999999943
-90755.38750000001,179708.05000000005,-5443.449999999997,145216.3,17784.5,22719.92499999999,164606.65,-4214.887500000012,147973.525,38940.42499999999,-0.625,-0.11250000000000004,0.025000000000005684,-0.037499999999999645,0.5999999999999996,0.5124999999999886,0.0375,0.11249999999999982,0.7250000000000001,0.7,0.0625,-1.5374999999999943
-90942.38750000001,179993.05000000005,-5625.449999999997,145173.3,17912.5,23041.92499999999,164318.65,-4075.8875000000116,147800.525,38871.42499999999,0.375,-0.11250000000000004,-0.9749999999999943,-0.037499999999999645,-0.40000000000000036,0.5124999999999886,0.0375,0.11249999999999982,-0.2749999999999999,0.7,0.0625,-0.5374999999999943
-90573.38750000001,179979.05000000005,-5620.449999999997,144961.3,18119.5,22976.92499999999,164049.65,-4196.887500000012,147513.525,38946.42499999999,0.375,-0.11250000000000004,0.025000000000005684,-0.037499999999999645,-0.40000000000000036,-0.48750000000001137,0.0375,0.11249999999999982,-0.2749999999999999,0.7,0.0625,0.4625000000000057
-90316.38750000001,179839.05000000005,-5480.449999999997,145345.3,18239.5,23116.92499999999,164381.65,-4149.887500000012,147468.525,39067.42499999999,0.375,0.8875,0.025000000000005684,-0.037499999999999645,-0.40000000000000036,-0.48750000000001137,0.0375,0.11249999999999982,-0.2749999999999999,-0.30000000000000004,0.0625,-1.5374999999999943
-90395.38750000001,179949.05000000005,-5514.449999999997,145499.3,18428.5,23195.92499999999,164579.65,-4211.887500000012,147437.525,39098.42499999999,0.375,0.8875,0.025000000000005684,-0.037499999999999645,-0.40000000000000036,0.5124999999999886,0.0375,0.11249999999999982,-0.2749999999999999,-0.30000000000000004,0.0625,0.4625000000000057
-90364.38750000001,179758.05000000005,-5483.449999999997,145631.3,18331.5,23118.92499999999,164612.65,-4180.887500000012,147328.525,39009.42499999999,0.375,-0.11250000000000004,0.025000000000005684,-0.037499999999999645,0.5999999999999996,0.5124999999999886,0.0375,0.11249999999999982,0.7250000000000001,-0.30000000000000004,0.0625,0.4625000000000057
-90176.38750000001,179587.05000000005,-5467.449999999997,145716.3,18353.5,22930.92499999999,164603.65,-4247.887500000012,146887.525,38612.42499999999,0.375,0.8875,0.025000000000005684,-0.037499999999999645,0.5999999999999996,0.5124999999999886,0.0375,0.11249999999999982,-0.2749999999999999,0.7,0.0625,0.4625000000000057
-90060.38750000001,179447.05000000005,-5401.449999999997,145901.3,18334.5,22866.92499999999,165052.65,-4189.887500000012,146636.525,38644.42499999999,0.375,0.8875,-0.9749999999999943,-0.037499999999999645,0.5999999999999996,-0.48750000000001137,0.0375,0.11249999999999982,-0.2749999999999999,0.7,0.0625,0.4625000000000057
-90177.38750000001,179425.05000000005,-5505.449999999997,146015.3,18379.5,22960.92499999999,165204.65,-4149.887500000012,146716.525,38623.42499999999,0.375,-0.11250000000000004,0.025000000000005684,-0.037499999999999645,-0.40000000000000036,0.5124999999999886,0.0375,0.11249999999999982,-0.2749999999999999,-0.30000000000000004,0.0625,-0.5374999999999943
-90087.38750000001,179312.05000000005,-5560.449999999997,146058.3,18242.5,22805.92499999999,164934.65,-4227.887500000012,146711.525,38591.42499999999,0.375,-0.11250000000000004,0.025000000000005684,-0.037499999999999645,-0.40000000000000036,0.5124999999999886,0.0375,0.11249999999999982,-0.2749999999999999,-0.30000000000000004,0.0625,0.4625000000000057
-90098.38750000001,179283.05000000005,-5614.449999999997,146207.3,18257.5,22740.92499999999,164863.65,-4225.887500000012,146702.525,38508.42499999999,1.375,-0.11250000000000004,0.025000000000005684,-0.037499999999999645,-0.40000000000000036,0.5124999999999886,0.0375,0.11249999999999982,-0.2749999999999999,-0.30000000000000004,0.0625,0.4625000000000057
-90113.38750000001,179201.05000000005,-5468.449999999997,146197.3,18250.5,22644.92499999999,164992.65,-4286.887500000012,146679.525,38453.42499999999,-0.625,-0.11250000000000004,0.025000000000005684,-0.037499999999999645,0.5999999999999996,0.5124999999999886,0.0375,0.11249999999999982,-0.2749999999999999,-0.30000000000000004,0.0625,0.4625000000000057
-90146.38750000001,179095.05000000005,-5461.449999999997,145988.3,18191.5,22569.92499999999,164959.65,-4094.8875000000116,146892.525,38344.42499999999,0.375,-0.11250000000000004,0.025000000000005684,-0.037499999999999645,-0.40000000000000036,-0.48750000000001137,0.0375,0.11249999999999982,-0.2749999999999999,-0.30000000000000004,0.0625,0.4625000000000057
-90232.38750000001,179085.05000000005,-5524.449999999997,145830.3,18133.5,22591.92499999999,165014.65,-4211.887500000012,147039.525,38530.42499999999,0.375,-0.11250000000000004,1.0250000000000057,0.9625000000000004,0.5999999999999996,-0.48750000000001137,0.0375,-0.8875000000000002,-0.2749999999999999,-0.30000000000000004,0.0625,0.4625000000000057
-90331.38750000001,179106.05000000005,-5650.449999999997,145830.3,18091.5,22645.92499999999,165070.65,-4371.887500000012,147250.525,38400.42499999999,0.375,-0.11250000000000004,0.025000000000005684,-0.037499999999999645,-0.40000000000000036,0.5124999999999886,0.0375,0.11249999999999982,-0.2749999999999999,0.7,-0.9375,-0.5374999999999943
-90341.38750000001,179174.05000000005,-5591.449999999997,145600.3,17861.5,22667.92499999999,164999.65,-4256.887500000012,147352.525,38465.42499999999,-0.625,-0.11250000000000004,0.025000000000005684,-0.037499999999999645,-0.40000000000000036,0.5124999999999886,0.0375,0.11249999999999982,-0.2749999999999999,-0.30000000000000004,0.0625,0.4625000000000057
-90419.38750000001,179370.05000000005,-5625.449999999997,145572.3,17839.5,22625.92499999999,164865.65,-4090.8875000000116,147428.525,38645.42499999999,-0.625,-0.11250000000000004,0.025000000000005684,-0.037499999999999645,-0.40000000000000036,0.5124999999999886,0.0375,0.11249999999999982,0.7250000000000001,-1.3,0.0625,-0.5374999999999943
-90640.38750000001,179203.05000000005,-5742.449999999997,145515.3,17807.5,22616.92499999999,164803.65,-3965.8875000000116,147520.525,38514.42499999999,0.375,-0.11250000000000004,-0.9749999999999943,-0.037499999999999645,-0.40000000000000036,0.5124999999999886,0.0375,0.11249999999999982,-0.2749999999999999,-0.30000000000000004,0.0625,0.4625000000000057
-90700.38750000001,179297.05000000005,-5756.449999999997,145294.3,17755.5,22741.92499999999,164761.65,-3899.8875000000116,147580.525,38344.42499999999,-0.625,-0.11250000000000004,0.025000000000005684,-0.037499999999999645,-0.40000000000000036,0.5124999999999886,0.0375,0.11249999999999982,0.7250000000000001,0.7,0.0625,0.4625000000000057
-90582.38750000001,179533.05000000005,-5545.449999999997,145341.3,17806.5,22755.92499999999,164794.65,-4055.8875000000116,147722.525,38640.42499999999,0.375,-0.11250000000000004,0.025000000000005684,-0.037499999999999645,-0.40000000000000036,0.5124999999999886,0.0375,0.11249999999999982,0.7250000000000001,-0.30000000000000004,0.0625,-0.5374999999999943
-90708.38750000001,179735.05000000005,-5466.449999999997,145404.3,17811.5,22584.92499999999,164669.65,-4204.887500000012,147633.525,38622.42499999999,-0.625,-0.11250000000000004,0.025000000000005684,-0.037499999999999645,-0.40000000000000036,-0.48750000000001137,0.0375,0.11249999999999982,-0.2749999999999999,-0.30000000000000004,0.0625,-1.5374999999999943
-90691.38750000001,179777.05000000005,-5470.449999999997,145331.3,17986.5,22612.92499999999,164728.65,-4180.887500000012,147716.525,38668.42499999999,-0.625,-0.11250000000000004,0.025000000000005684,-0.037499999999999645,-0.40000000000000036,-0.48750000000001137,0.0375,0.11249999999999982,-0.2749999999999999,-0.30000000000000004,0.0625,-0.5374999999999943
-90568.38750000001,179718.05000000005,-5528.449999999997,145370.3,18011.5,22644.92499999999,164702.65,-4181.887500000012,147762.525,38614.42499999999,0.375,-0.11250000000000004,0.025000000000005684,-0.037499999999999645,0.5999999999999996,0.5124999999999886,0.0375,0.11249999999999982,-0.2749999999999999,-0.30000000000000004,0.0625,0.4625000000000057
-90517.38750000001,179697.05000000005,-5592.449999999997,145538.3,18008.5,22686.92499999999,164687.65,-4292.887500000012,147790.525,38796.42499999999,0.375,-0.11250000000000004,-0.9749999999999943,-0.037499999999999645,0.5999999999999996,0.5124999999999886,0.0375,-0.8875000000000002,0.7250000000000001,0.7,0.0625,0.4625000000000057
