FPI,SPI,AI,SFI,FFI,FPD,SPD,AD,SFD,FFD,API_X,API_Y,API_Z,APD_X,APD_Y,APD_Z,AFD_X,AFD_Y,AFD_Z,AFI_X,AFI_Y,AFI_Z
-22615.225000000006,116.36250000004657,-18709.362500000003,-444.9750000000058,12483.924999999988,-2041.7249999999767,16.4375,8101.287500000006,-667.6374999999971,-3734.3875000000116,0.3125,-0.13749999999999996,-1.0,-0.11249999999999982,0.7125000000000004,-0.5749999999999886,0.025,0.08749999999999991,-0.2999999999999998,-0.32499999999999996,0.075,-0.5250000000000057
-22570.225000000006,201.36250000004657,-18673.362500000003,-663.9750000000058,12405.924999999988,-1958.7249999999767,52.4375,8175.287500000006,-751.6374999999971,-3834.3875000000116,-0.6875,-0.13749999999999996,0.0,-0.11249999999999982,0.7125000000000004,-0.5749999999999886,-0.975,0.08749999999999991,-0.2999999999999998,-0.32499999999999996,1.075,0.4749999999999943
-22781.225000000006,291.36250000004657,-18735.362500000003,-465.9750000000058,12345.924999999988,-2004.7249999999767,42.4375,8122.287500000006,-650.6374999999971,-3912.3875000000116,0.3125,-0.13749999999999996,1.0,0.8875000000000002,0.7125000000000004,0.42500000000001137,0.025,-0.9125000000000001,0.7000000000000002,0.675,0.075,-0.5250000000000057
-22698.225000000006,152.36250000004657,-18757.362500000003,-487.9750000000058,12431.924999999988,-1954.7249999999767,-79.5625,8101.287500000006,-495.6374999999971,-3820.3875000000116,-0.6875,0.8625,0.0,-0.11249999999999982,0.7125000000000004,0.42500000000001137,0.025,-0.9125000000000001,-0.2999999999999998,-0.32499999999999996,0.075,0.4749999999999943
-22655.225000000006,204.36250000004657,-18853.362500000003,-447.9750000000058,12453.924999999988,-1962.7249999999767,-97.5625,8112.287500000006,-464.6374999999971,-3686.3875000000116,0.3125,-0.13749999999999996,-1.0,-0.11249999999999982,-0.28749999999999964,-0.5749999999999886,0.025,0.08749999999999991,-0.2999999999999998,-0.32499999999999996,0.075,1.4749999999999943
-22628.225000000006,216.36250000004657,-18852.362500000003,-512.9750000000058,12547.924999999988,-1902.7249999999767,-96.5625,8122.287500000006,-535.6374999999971,-3645.3875000000116,0.3125,0.8625,0.0,0.8875000000000002,-0.28749999999999964,-0.5749999999999886,0.025,0.08749999999999991,-0.2999999999999998,0.675,-0.925,1.4749999999999943
-22606.225000000006,75.36250000004657,-18829.362500000003,-405.9750000000058,12655.924999999988,-1953.7249999999767,55.4375,8342.287500000006,-593.6374999999971,-3636.3875000000116,0.3125,-0.13749999999999996,0.0,-0.11249999999999982,-0.28749999999999964,0.42500000000001137,0.025,0.08749999999999991,0.7000000000000002,0.675,0.075,0.4749999999999943
-22694.225000000006,142.36250000004657,-18844.362500000003,-263.9750000000058,12614.924999999988,-1892.7249999999767,-17.5625,8190.287500000006,-501.6374999999971,-3604.3875000000116,0.3125,-0.13749999999999996,1.0,-0.11249999999999982,-0.28749999999999964,0.42500000000001137,0.025,0.08749999999999991,-1.2999999999999998,0.675,0.075,-0.5250000000000057
-22659.225000000006,179.36250000004657,-18808.362500000003,-66.97500000000582,12585.924999999988,-1932.7249999999767,-190.5625,8068.287500000006,-424.6374999999971,-3744.3875000000116,-0.6875,0.8625,1.0,-0.11249999999999982,0.7125000000000004,-0.5749999999999886,-0.975,0.08749999999999991,-0.2999999999999998,0.675,0.075,-0.5250000000000057
-22716.225000000006,194.36250000004657,-18814.362500000003,16.02499999999418,12589.924999999988,-1935.7249999999767,-241.5625,8022.287500000006,-239.6374999999971,-3686.3875000000116,0.3125,-0.13749999999999996,1.0,0.8875000000000002,-0.28749999999999964,0.42500000000001137,0.025,-0.9125000000000001,-0.2999999999999998,0.675,-0.925,-1.5250000000000057
-22784.225000000006,431.36250000004657,-18903.362500000003,-35.97500000000582,12694.924999999988,-1983.7249999999767,-104.5625,8052.287500000006,-231.6374999999971,-3821.3875000000116,0.3125,-0.13749999999999996,1.0,-0.11249999999999982,-0.28749999999999964,0.42500000000001137,0.025,0.08749999999999991,0.7000000000000002,0.675,0.075,0.4749999999999943
-22547.225000000006,70.36250000004657,-18931.362500000003,-91.97500000000582,12563.924999999988,-2178.7249999999767,-20.5625,8268.287500000006,-230.6374999999971,-3786.3875000000116,0.3125,0.8625,-1.0,-0.11249999999999982,0.7125000000000004,0.42500000000001137,0.025,-0.9125000000000001,-0.2999999999999998,-0.32499999999999996,0.075,0.4749999999999943
-22576.225000000006,274.36250000004657,-18756.362500000003,-140.97500000000582,12634.924999999988,-2125.7249999999767,-146.5625,8262.287500000006,-77.63749999999709,-3720.3875000000116,0.3125,-0.13749999999999996,0.0,-0.11249999999999982,0.7125000000000004,-0.5749999999999886,0.025,0.08749999999999991,0.7000000000000002,-0.32499999999999996,0.075,0.4749999999999943
-22779.225000000006,201.36250000004657,-18782.362500000003,-203.97500000000582,12609.924999999988,-1951.7249999999767,-69.5625,8085.287500000006,63.36250000000291,-3696.3875000000116,-0.6875,-0.13749999999999996,0.0,-0.11249999999999982,-1.2874999999999996,0.42500000000001137,0.025,0.08749999999999991,0.7000000000000002,0.675,0.075,-0.5250000000000057
-22548.225000000006,171.36250000004657,-18814.362500000003,-417.9750000000058,12687.924999999988,-1947.7249999999767,142.4375,8147.287500000006,20.36250000000291,-3767.3875000000116,0.3125,-0.13749999999999996,0.0,-0.11249999999999982,0.7125000000000004,0.42500000000001137,0.025,0.08749999999999991,-0.2999999999999998,0.675,0.075,-0.5250000000000057
-22647.225000000006,226.36250000004657,-18810.362500000003,-224.97500000000582,12623.924999999988,-2011.7249999999767,80.4375,8160.287500000006,-26.63749999999709,-3714.3875000000116,-0.6875,-0.13749999999999996,0.0,-1.1124999999999998,0.7125000000000004,0.42500000000001137,0.025,0.08749999999999991,-0.2999999999999998,-0.32499999999999996,0.075,0.4749999999999943
-22652.225000000006,148.36250000004657,-18847.362500000003,-202.97500000000582,12538.924999999988,-1883.7249999999767,46.4375,8220.287500000006,-348.6374999999971,-3990.3875000000116,-0.6875,0.8625,0.0,-0.11249999999999982,-0.28749999999999964,-0.5749999999999886,0.025,0.08749999999999991,0.7000000000000002,-0.32499999999999996,1.075,-0.5250000000000057
-22575.225000000006,114.36250000004657,-18680.362500000003,-211.97500000000582,12496.924999999988,-2035.7249999999767,-2.5625,8192.287500000006,-338.6374999999971,-3910.3875000000116,-0.6875,-0.13749999999999996,0.0,-1.1124999999999998,0.7125000000000004,0.42500000000001137,0.025,0.08749999999999991,-0.2999999999999998,0.675,0.075,-0.5250000000000057
-22667.225000000006,103.36250000004657,-18746.362500000003,-167.97500000000582,12488.924999999988,-2078.7249999999767,-141.5625,8275.287500000006,-269.6374999999971,-3738.3875000000116,0.3125,-0.13749999999999996,0.0,-0.11249999999999982,-0.28749999999999964,-0.5749999999999886,0.025,0.08749999999999991,-0.2999999999999998,-0.32499999999999996,0.075,-0.5250000000000057
-22605.225000000006,262.36250000004657,-18689.362500000003,-17.97500000000582,12487.924999999988,-2086.7249999999767,-51.5625,8370.287500000006,-43.63749999999709,-3751.3875000000116,0.3125,-0.13749999999999996,0.0,-0.11249999999999982,0.7125000000000004,-0.5749999999999886,0.025,-0.9125000000000001,-0.2999999999999998,-0.32499999999999996,0.075,-0.5250000000000057
-22638.225000000006,390.36250000004657,-18684.362500000003,-155.97500000000582,12386.924999999988,-1993.7249999999767,66.4375,8242.287500000006,-53.63749999999709,-3824.3875000000116,-0.6875,0.8625,0.0,-0.11249999999999982,0.7125000000000004,-0.5749999999999886,0.025,0.08749999999999991,-0.2999999999999998,-0.32499999999999996,0.075,-0.5250000000000057
-22666.225000000006,396.36250000004657,-18670.362500000003,-129.97500000000582,12521.924999999988,-1854.7249999999767,100.4375,8193.287500000006,-101.63749999999709,-3724.3875000000116,0.3125,0.8625,0.0,-0.11249999999999982,0.7125000000000004,-0.5749999999999886,0.025,0.08749999999999991,-0.2999999999999998,0.675,0.075,-0.5250000000000057
-22658.225000000006,147.36250000004657,-18659.362500000003,-127.97500000000582,12624.924999999988,-1929.7249999999767,80.4375,8216.287500000006,9.36250000000291,-3653.3875000000116,0.3125,-0.13749999999999996,0.0,-0.11249999999999982,-0.28749999999999964,-0.5749999999999886,-0.975,0.08749999999999991,-0.2999999999999998,0.675,0.075,-0.5250000000000057
-22597.225000000006,-92.63749999995343,-18745.362500000003,-207.97500000000582,12556.924999999988,-2075.7249999999767,-77.5625,8107.287500000006,-141.6374999999971,-3738.3875000000116,0.3125,-0.13749999999999996,0.0,-0.11249999999999982,-0.28749999999999964,-0.5749999999999886,0.025,0.08749999999999991,0.7000000000000002,-0.32499999999999996,0.075,0.4749999999999943
-22511.225000000006,75.36250000004657,-18941.362500000003,-248.97500000000582,12589.924999999988,-1939.7249999999767,48.4375,8153.287500000006,-346.6374999999971,-3529.3875000000116,-0.6875,-0.13749999999999996,0.0,-0.11249999999999982,-0.28749999999999964,-0.5749999999999886,0.025,0.08749999999999991,0.7000000000000002,-0.32499999999999996,0.075,-0.5250000000000057
-22608.225000000006,75.36250000004657,-18971.362500000003,-27.97500000000582,12584.924999999988,-1999.7249999999767,-191.5625,8095.287500000006,-555.6374999999971,-3475.3875000000116,-0.6875,-0.13749999999999996,0.0,-0.11249999999999982,-0.28749999999999964,0.42500000000001137,0.025,0.08749999999999991,-0.2999999999999998,-0.32499999999999996,0.075,0.4749999999999943
-22715.225000000006,299.36250000004657,-18803.362500000003,-115.97500000000582,12569.924999999988,-1899.7249999999767,-117.5625,8149.287500000006,-409.6374999999971,-3485.3875000000116,-0.6875,-0.13749999999999996,-1.0,0.8875000000000002,-0.28749999999999964,-0.5749999999999886,0.025,0.08749999999999991,-0.2999999999999998,-0.32499999999999996,0.075,0.4749999999999943
-22658.225000000006,202.36250000004657,-18745.362500000003,-346.9750000000058,12701.924999999988,-1794.7249999999767,96.4375,8126.287500000006,-520.6374999999971,-3535.3875000000116,0.3125,-0.13749999999999996,0.0,-0.11249999999999982,-0.28749999999999964,-0.5749999999999886,0.025,0.08749999999999991,-0.2999999999999998,-0.32499999999999996,0.075,0.4749999999999943
-22783.225000000006,213.36250000004657,-18707.362500000003,-403.9750000000058,12721.924999999988,-1768.7249999999767,91.4375,8043.287500000006,-588.6374999999971,-3618.3875000000116,0.3125,-0.13749999999999996,-1.0,-0.11249999999999982,-0.28749999999999964,-0.5749999999999886,0.025,0.08749999999999991,0.7000000000000002,-0.32499999999999996,0.075,-0.5250000000000057
-22808.225000000006,249.36250000004657,-18787.362500000003,-409.9750000000058,12706.924999999988,-1849.7249999999767,225.4375,8043.287500000006,-583.6374999999971,-3614.3875000000116,0.3125,0.8625,0.0,0.8875000000000002,0.7125000000000004,0.42500000000001137,0.025,-0.9125000000000001,0.7000000000000002,-0.32499999999999996,0.075,-0.5250000000000057
-22728.225000000006,212.36250000004657,-18751.362500000003,-370.9750000000058,12662.924999999988,-1891.7249999999767,233.4375,8030.287500000006,-587.6374999999971,-3636.3875000000116,0.3125,-0.13749999999999996,0.0,0.8875000000000002,-0.28749999999999964,0.42500000000001137,0.025,0.08749999999999991,0.7000000000000002,-0.32499999999999996,-0.925,-0.5250000000000057
-22754.225000000006,153.36250000004657,-18787.362500000003,-337.9750000000058,12518.924999999988,-1837.7249999999767,263.4375,8138.287500000006,-654.6374999999971,-3735.3875000000116,0.3125,-0.13749999999999996,1.0,-0.11249999999999982,0.7125000000000004,0.42500000000001137,0.025,0.08749999999999991,-0.2999999999999998,0.675,0.075,0.4749999999999943
-22662.225000000006,55.362500000046566,-18790.362500000003,-199.97500000000582,12711.924999999988,-2216.7249999999767,158.4375,8136.287500000006,-706.6374999999971,-3819.3875000000116,0.3125,-0.13749999999999996,1.0,-0.11249999999999982,0.7125000000000004,0.42500000000001137,0.025,0.08749999999999991,-0.2999999999999998,0.675,-0.925,1.4749999999999943
-22574.225000000006,68.36250000004657,-18710.362500000003,-128.97500000000582,12677.924999999988,-2212.7249999999767,244.4375,8164.287500000006,-778.6374999999971,-3863.3875000000116,0.3125,-0.13749999999999996,0.0,-1.1124999999999998,0.7125000000000004,0.42500000000001137,0.025,0.08749999999999991,0.7000000000000002,-0.32499999999999996,0.075,-0.5250000000000057
-22630.225000000006,154.36250000004657,-18779.362500000003,-283.9750000000058,12707.924999999988,-2202.7249999999767,258.4375,8153.287500000006,-701.6374999999971,-3910.3875000000116,-0.6875,-0.13749999999999996,1.0,-0.11249999999999982,-0.28749999999999964,-0.5749999999999886,0.025,0.08749999999999991,-0.2999999999999998,-0.32499999999999996,0.075,0.4749999999999943
-22622.225000000006,284.36250000004657,-18772.362500000003,-450.9750000000058,12724.924999999988,-2035.7249999999767,183.4375,8239.287500000006,-666.6374999999971,-3906.3875000000116,-0.6875,-0.13749999999999996,0.0,-0.11249999999999982,0.7125000000000004,-0.5749999999999886,0.025,0.08749999999999991,-0.2999999999999998,-0.32499999999999996,0.075,0.4749999999999943
-22712.225000000006,268.36250000004657,-18648.362500000003,-433.9750000000058,12643.924999999988,-2030.7249999999767,121.4375,8199.287500000006,-759.6374999999971,-3782.3875000000116,0.3125,-0.13749999999999996,0.0,-0.11249999999999982,0.7125000000000004,0.42500000000001137,0.025,-0.9125000000000001,-0.2999999999999998,-0.32499999999999996,0.075,0.4749999999999943
-22666.225000000006,126.36250000004657,-18845.362500000003,-312.9750000000058,12583.924999999988,-1983.7249999999767,165.4375,8129.287500000006,-859.6374999999971,-3685.3875000000116,0.3125,0.8625,0.0,-0.11249999999999982,-0.28749999999999964,0.42500000000001137,0.025,0.08749999999999991,0.7000000000000002,-0.32499999999999996,0.075,-0.5250000000000057
-22755.225000000006,108.36250000004657,-18832.362500000003,-427.9750000000058,12504.924999999988,-1993.7249999999767,120.4375,8121.287500000006,-891.6374999999971,-3774.3875000000116,0.3125,-0.13749999999999996,-1.0,-0.11249999999999982,0.7125000000000004,0.42500000000001137,0.025,0.08749999999999991,0.7000000000000002,-0.32499999999999996,0.075,-0.5250000000000057
-22691.225000000006,154.36250000004657,-18723.362500000003,-386.9750000000058,12411.924999999988,-2055.7249999999767,108.4375,8220.287500000006,-778.6374999999971,-3681.3875000000116,0.3125,-0.13749999999999996,0.0,-0.11249999999999982,0.7125000000000004,0.42500000000001137,0.025,-0.9125000000000001,-0.2999999999999998,-0.32499999999999996,0.075,0.4749999999999943
-22751.225000000006,157.36250000004657,-18717.362500000003,-413.9750000000058,12410.924999999988,-2035.7249999999767,28.4375,8217.287500000006,-768.6374999999971,-3619.3875000000116,-0.6875,-0.13749999999999996,0.0,-0.11249999999999982,-0.28749999999999964,0.42500000000001137,0.025,0.08749999999999991,-0.2999999999999998,-0.32499999999999996,0.075,0.4749999999999943
-22691.225000000006,162.36250000004657,-18741.362500000003,-457.9750000000058,12449.924999999988,-1938.7249999999767,-52.5625,8225.287500000006,-741.6374999999971,-3761.3875000000116,-0.6875,-0.13749999999999996,0.0,0.8875000000000002,-0.28749999999999964,0.42500000000001137,0.025,0.08749999999999991,-0.2999999999999998,-0.32499999999999996,0.075,0.4749999999999943
-22681.225000000006,254.36250000004657,-18678.362500000003,-368.9750000000058,12465.924999999988,-1910.7249999999767,-43.5625,8179.287500000006,-551.6374999999971,-3784.3875000000116,0.3125,-0.13749999999999996,0.0,-0.11249999999999982,-0.28749999999999964,0.42500000000001137,0.025,0.08749999999999991,-0.2999999999999998,-0.32499999999999996,0.075,0.4749999999999943
-22666.225000000006,223.36250000004657,-18859.362500000003,-371.9750000000058,12497.924999999988,-1982.7249999999767,-18.5625,8120.287500000006,-639.6374999999971,-3754.3875000000116,0.3125,-0.13749999999999996,0.0,-0.11249999999999982,0.7125000000000004,-0.5749999999999886,0.025,0.08749999999999991,0.7000000000000002,-0.32499999999999996,0.075,0.4749999999999943
-22676.225000000006,182.36250000004657,-18958.362500000003,-431.9750000000058,12526.924999999988,-1836.7249999999767,-66.5625,8092.287500000006,-771.6374999999971,-3698.3875000000116,0.3125,-0.13749999999999996,0.0,-0.11249999999999982,-1.2874999999999996,0.42500000000001137,0.025,0.08749999999999991,-0.2999999999999998,0.675,0.075,-1.5250000000000057
-22576.225000000006,133.36250000004657,-18976.362500000003,-429.9750000000058,12580.924999999988,-1786.7249999999767,-111.5625,8091.287500000006,-826.6374999999971,-3604.3875000000116,0.3125,-0.13749999999999996,0.0,-0.11249999999999982,-0.28749999999999964,0.42500000000001137,0.025,-0.9125000000000001,0.7000000000000002,-0.32499999999999996,-0.925,-0.5250000000000057
-22655.225000000006,216.36250000004657,-18870.362500000003,-465.9750000000058,12656.924999999988,-1863.7249999999767,-77.5625,8128.287500000006,-780.6374999999971,-3750.3875000000116,0.3125,-0.13749999999999996,0.0,-0.11249999999999982,-0.28749999999999964,0.42500000000001137,0.025,0.08749999999999991,-0.2999999999999998,-0.32499999999999996,-0.925,0.4749999999999943
-22537.225000000006,242.36250000004657,-18808.362500000003,-358.9750000000058,12707.924999999988,-1981.7249999999767,-25.5625,8060.287500000006,-851.6374999999971,-3641.3875000000116,0.3125,-0.13749999999999996,-1.0,-0.11249999999999982,-0.28749999999999964,0.42500000000001137,0.025,0.08749999999999991,-0.2999999999999998,0.675,1.075,1.4749999999999943
-22541.225000000006,111.36250000004657,-18765.362500000003,-374.9750000000058,12770.924999999988,-2034.7249999999767,35.4375,8124.287500000006,-775.6374999999971,-3676.3875000000116,0.3125,-0.13749999999999996,0.0,0.8875000000000002,-0.28749999999999964,0.42500000000001137,0.025,0.08749999999999991,-0.2999999999999998,-0.32499999999999996,0.075,0.4749999999999943
-22553.225000000006,186.36250000004657,-18983.362500000003,-242.97500000000582,12646.924999999988,-2023.7249999999767,-3.5625,8252.287500000006,-500.6374999999971,-3710.3875000000116,0.3125,-1.1375,-1.0,-0.11249999999999982,0.7125000000000004,0.42500000000001137,0.025,0.08749999999999991,0.7000000000000002,0.675,0.075,-0.5250000000000057
-22657.225000000006,118.36250000004657,-18771.362500000003,-206.97500000000582,12624.924999999988,-2033.7249999999767,-64.5625,8290.287500000006,-698.6374999999971,-3818.3875000000116,-0.6875,0.8625,0.0,-1.1124999999999998,0.7125000000000004,-1.5749999999999886,0.025,0.08749999999999991,-1.2999999999999998,0.675,-0.925,0.4749999999999943
-22583.225000000006,-8.637499999953434,-18772.362500000003,-195.97500000000582,12463.924999999988,-2028.7249999999767,47.4375,8143.287500000006,-648.6374999999971,-3827.3875000000116,1.3125,-0.13749999999999996,-1.0,-2.1125,-2.2874999999999996,5.425000000000011,-0.975,0.08749999999999991,2.7,1.675,-5.925,-8.525000000000006
-22552.225000000006,-157.63749999995343,-18743.362500000003,-142.97500000000582,12415.924999999988,-2589.7249999999767,-31.5625,8485.287500000006,-20.63749999999709,-6017.387500000012,-0.6875,-4.1375,1.0,2.8875,3.7125000000000004,8.425000000000011,-0.975,-0.9125000000000001,1.7000000000000002,0.675,10.075,-4.525000000000006
-23203.225000000006,-85.63749999995343,-18489.362500000003,-208.97500000000582,12139.924999999988,-4640.724999999977,109.4375,10290.287500000006,-1477.637499999997,-12043.387500000012,5.3125,1.8625,-12.0,3.8875,6.7125,4.425000000000011,0.025,-0.9125000000000001,-0.2999999999999998,0.675,3.075,-0.5250000000000057
-24096.225000000006,730.3625000000466,-17770.362500000003,-93.97500000000582,11391.924999999988,-5071.724999999977,-450.5625,10492.287500000006,-1619.637499999997,-11406.387500000012,3.3125,-4.1375,-6.0,-4.1125,-7.2875,-2.5749999999999886,0.025,-0.9125000000000001,-0.2999999999999998,-7.325,-2.925,4.474999999999994
-23209.225000000006,-420.63749999995343,-18638.362500000003,-233.97500000000582,11733.924999999988,-3457.7249999999767,-207.5625,8705.287500000006,-518.6374999999971,-5617.387500000012,-1.6875,-7.1375,1.0,-0.11249999999999982,0.7125000000000004,4.425000000000011,0.025,0.08749999999999991,-0.2999999999999998,1.675,-5.925,-0.5250000000000057
-23583.225000000006,27.362500000046566,-18400.362500000003,-126.97500000000582,11682.924999999988,-1947.7249999999767,126.4375,7794.287500000006,-117.63749999999709,-2748.3875000000116,2.3125,-0.13749999999999996,9.0,0.8875000000000002,10.7125,2.4250000000000114,-0.975,-0.9125000000000001,-0.2999999999999998,-2.325,1.075,-5.525000000000006
-23602.225000000006,264.36250000004657,-18346.362500000003,-177.97500000000582,10727.924999999988,-2580.7249999999767,-372.5625,8150.287500000006,-694.6374999999971,-3988.3875000000116,4.3125,-4.1375,0.0,7.8875,1.7125000000000004,-0.5749999999999886,-0.975,3.0875,-5.3,-4.325,8.075,-14.525000000000006
-23455.225000000006,-75.63749999995343,-19045.362500000003,-317.9750000000058,11263.924999999988,-3365.7249999999767,-143.5625,8188.287500000006,223.3625000000029,-6228.387500000012,9.3125,33.8625,-6.0,-1.1124999999999998,27.7125,-20.57499999999999,0.025,1.0875,0.7000000000000002,14.675,5.075,-0.5250000000000057
-24101.225000000006,790.3625000000466,-18999.362500000003,-392.9750000000058,11310.924999999988,-3810.7249999999767,-405.5625,9065.287500000006,-2296.637499999997,-5638.387500000012,8.3125,-18.1375,-16.0,-2.1125,-11.2875,-28.57499999999999,0.025,2.0875,-0.2999999999999998,-10.325,2.075,-6.525000000000006
-23578.225000000006,-512.6374999999534,-18719.362500000003,174.02499999999418,10086.924999999988,-1887.7249999999767,110.4375,6411.287500000006,1300.362500000003,-1277.3875000000116,5.3125,-0.13749999999999996,-17.0,-7.1125,-14.2875,-3.5749999999999886,-1.975,-0.9125000000000001,-2.3,12.675,-6.925,0.4749999999999943
-23273.225000000006,-445.63749999995343,-19024.362500000003,-258.9750000000058,10853.924999999988,-2422.7249999999767,-375.5625,7884.287500000006,628.3625000000029,-2197.3875000000116,-7.6875,-9.1375,12.0,1.8875000000000002,7.7125,-7.574999999999989,0.025,1.0875,-0.2999999999999998,-0.32499999999999996,8.075,1.4749999999999943
-24021.225000000006,-167.63749999995343,-19027.362500000003,-262.9750000000058,9707.924999999988,-2679.7249999999767,-274.5625,8264.287500000006,-788.6374999999971,-2619.3875000000116,-0.6875,-2.1375,-10.0,3.8875,-0.28749999999999964,-9.574999999999989,0.025,0.08749999999999991,1.7000000000000002,4.675,3.075,-4.525000000000006
-23586.225000000006,331.36250000004657,-20074.362500000003,7.024999999994179,10087.924999999988,-2727.7249999999767,-94.5625,8674.287500000006,357.3625000000029,-3090.3875000000116,1.3125,-11.1375,-4.0,0.8875000000000002,1.7125000000000004,-0.5749999999999886,0.025,1.0875,-0.2999999999999998,1.675,-3.925,2.4749999999999943
-23639.225000000006,-157.63749999995343,-19553.362500000003,-22.97500000000582,9285.924999999988,-2823.7249999999767,-323.5625,8618.287500000006,-413.6374999999971,-3269.3875000000116,3.3125,-0.13749999999999996,-6.0,-2.1125,-2.2874999999999996,7.425000000000011,-0.975,1.0875,-1.2999999999999998,0.675,0.075,0.4749999999999943
-23450.225000000006,349.36250000004657,-19628.362500000003,68.02499999999418,9162.924999999988,-2859.7249999999767,-77.5625,8208.287500000006,-354.6374999999971,-2267.3875000000116,-0.6875,-1.1375,4.0,3.8875,-2.2874999999999996,-3.5749999999999886,0.025,0.08749999999999991,-0.2999999999999998,0.675,-1.925,0.4749999999999943
-23677.225000000006,-409.63749999995343,-19553.362500000003,-166.97500000000582,9706.924999999988,-2815.7249999999767,-72.5625,7882.287500000006,110.36250000000291,-2683.3875000000116,4.3125,5.8625,-6.0,3.8875,7.7125,8.425000000000011,0.025,0.08749999999999991,-0.2999999999999998,0.675,3.075,-1.5250000000000057
-23672.225000000006,216.36250000004657,-19898.362500000003,12.02499999999418,9707.924999999988,-2730.7249999999767,-124.5625,7958.287500000006,-322.6374999999971,-2454.3875000000116,3.3125,-1.1375,0.0,1.8875000000000002,4.7125,11.425000000000011,0.025,0.08749999999999991,0.7000000000000002,-0.32499999999999996,8.075,-4.525000000000006
-23379.225000000006,-230.63749999995343,-19941.362500000003,-78.97500000000582,9743.924999999988,-2631.7249999999767,-258.5625,7768.287500000006,-80.63749999999709,-2872.3875000000116,0.3125,14.8625,6.0,1.8875000000000002,6.7125,5.425000000000011,-0.975,0.08749999999999991,1.7000000000000002,0.675,6.075,5.474999999999994
-23710.225000000006,-14.637499999953434,-19843.362500000003,-3.9750000000058208,9995.924999999988,-3081.7249999999767,-339.5625,8043.287500000006,135.3625000000029,-2367.3875000000116,-2.6875,2.8625,3.0,-1.1124999999999998,2.7125000000000004,0.42500000000001137,0.025,0.08749999999999991,-0.2999999999999998,3.675,0.075,5.474999999999994
-23901.225000000006,-42.637499999953434,-20056.362500000003,-207.97500000000582,10028.924999999988,-3406.7249999999767,-652.5625,8911.287500000006,-786.6374999999971,-4507.387500000012,3.3125,6.8625,-6.0,1.8875000000000002,0.7125000000000004,1.4250000000000114,-0.975,0.08749999999999991,-0.2999999999999998,2.675,0.075,-1.5250000000000057
-23402.225000000006,-141.63749999995343,-19967.362500000003,-178.97500000000582,10289.924999999988,-2940.7249999999767,-311.5625,8180.287500000006,-59.63749999999709,-3220.3875000000116,-0.6875,1.8625,-1.0,-1.1124999999999998,3.7125000000000004,0.42500000000001137,-0.975,0.08749999999999991,-0.2999999999999998,-1.325,0.075,-2.5250000000000057
-23957.225000000006,95.36250000004657,-19808.362500000003,-167.97500000000582,9798.924999999988,-3561.7249999999767,-122.5625,8283.287500000006,-379.6374999999971,-3890.3875000000116,-2.6875,-0.13749999999999996,7.0,-1.1124999999999998,-1.2874999999999996,-4.574999999999989,0.025,0.08749999999999991,0.7000000000000002,1.675,3.075,-0.5250000000000057
-23837.225000000006,337.36250000004657,-19692.362500000003,-96.97500000000582,10291.924999999988,-3179.7249999999767,-169.5625,8235.287500000006,132.3625000000029,-2993.3875000000116,1.3125,-3.1375,-3.0,-2.1125,-6.2875,-1.5749999999999886,0.025,0.08749999999999991,-0.2999999999999998,-1.325,3.075,-1.5250000000000057
-23453.225000000006,-334.63749999995343,-19834.362500000003,-103.97500000000582,9881.924999999988,-2912.7249999999767,-420.5625,8238.287500000006,-38.63749999999709,-2545.3875000000116,0.3125,-5.1375,-3.0,0.8875000000000002,2.7125000000000004,-6.574999999999989,0.025,0.08749999999999991,-0.2999999999999998,1.675,2.075,-2.5250000000000057
-23863.225000000006,227.36250000004657,-19633.362500000003,-443.9750000000058,9871.924999999988,-3361.7249999999767,-37.5625,8394.287500000006,17.36250000000291,-3801.3875000000116,3.3125,0.8625,-5.0,-0.11249999999999982,3.7125000000000004,-2.5749999999999886,0.025,0.08749999999999991,-1.2999999999999998,1.675,2.075,5.474999999999994
-23401.225000000006,-269.63749999995343,-19809.362500000003,-341.9750000000058,9851.924999999988,-3103.7249999999767,-231.5625,8374.287500000006,125.36250000000291,-3021.3875000000116,-0.6875,1.8625,2.0,-2.1125,3.7125000000000004,0.42500000000001137,0.025,0.08749999999999991,0.7000000000000002,2.675,-2.925,5.474999999999994
-23718.225000000006,337.36250000004657,-19723.362500000003,-83.97500000000582,10006.924999999988,-3183.7249999999767,-98.5625,8179.287500000006,35.36250000000291,-2867.3875000000116,-0.6875,-1.1375,2.0,1.8875000000000002,-1.2874999999999996,-0.5749999999999886,0.025,0.08749999999999991,-1.2999999999999998,-0.32499999999999996,-1.925,-1.5250000000000057
-23765.225000000006,13.362500000046566,-19696.362500000003,-89.97500000000582,10072.924999999988,-3085.7249999999767,-96.5625,8226.287500000006,214.3625000000029,-2765.3875000000116,0.3125,-2.1375,0.0,-1.1124999999999998,1.7125000000000004,0.42500000000001137,0.025,0.08749999999999991,-0.2999999999999998,0.675,0.075,3.4749999999999943
-23644.225000000006,-146.63749999995343,-19689.362500000003,-141.97500000000582,9850.924999999988,-3002.7249999999767,-455.5625,8353.287500000006,-133.6374999999971,-2925.3875000000116,-0.6875,0.8625,2.0,0.8875000000000002,-3.2874999999999996,0.42500000000001137,0.025,0.08749999999999991,-0.2999999999999998,0.675,0.075,4.474999999999994
-23488.225000000006,-60.637499999953434,-19617.362500000003,-197.97500000000582,9942.924999999988,-3023.7249999999767,-177.5625,8364.287500000006,57.36250000000291,-2724.3875000000116,2.3125,-1.1375,-4.0,-2.1125,-1.2874999999999996,1.4250000000000114,0.025,0.08749999999999991,0.7000000000000002,0.675,1.075,0.4749999999999943
-23322.225000000006,-87.63749999995343,-19627.362500000003,-99.97500000000582,10034.924999999988,-3066.7249999999767,-200.5625,8070.287500000006,42.36250000000291,-2746.3875000000116,2.3125,-3.1375,-1.0,0.8875000000000002,1.7125000000000004,-0.5749999999999886,0.025,0.08749999999999991,-0.2999999999999998,-0.32499999999999996,0.075,0.4749999999999943
-23503.225000000006,-129.63749999995343,-19618.362500000003,25.02499999999418,10130.924999999988,-2951.7249999999767,-452.5625,8173.287500000006,-21.63749999999709,-2702.3875000000116,0.3125,-1.1375,0.0,0.8875000000000002,1.7125000000000004,-0.5749999999999886,0.025,0.08749999999999991,0.7000000000000002,0.675,-0.925,2.4749999999999943
-23671.225000000006,52.362500000046566,-19711.362500000003,29.02499999999418,10307.924999999988,-2967.7249999999767,-100.5625,8155.287500000006,199.3625000000029,-2396.3875000000116,-0.6875,-2.1375,2.0,-0.11249999999999982,-0.28749999999999964,-0.5749999999999886,0.025,0.08749999999999991,0.7000000000000002,-0.32499999999999996,-1.925,-2.5250000000000057
-23761.225000000006,-16.637499999953434,-19724.362500000003,2.0249999999941792,10175.924999999988,-2817.7249999999767,-164.5625,8062.287500000006,-88.63749999999709,-2565.3875000000116,1.3125,-1.1375,-2.0,-0.11249999999999982,0.7125000000000004,-0.5749999999999886,0.025,0.08749999999999991,-0.2999999999999998,1.675,-0.925,-0.5250000000000057
-23525.225000000006,-45.637499999953434,-19848.362500000003,-131.97500000000582,10423.924999999988,-2836.7249999999767,-258.5625,8072.287500000006,20.36250000000291,-2498.3875000000116,0.3125,-1.1375,2.0,0.8875000000000002,-0.28749999999999964,0.42500000000001137,0.025,-0.9125000000000001,-0.2999999999999998,1.675,-0.925,-0.5250000000000057
-23733.225000000006,228.36250000004657,-19789.362500000003,-33.97500000000582,10451.924999999988,-2745.7249999999767,-202.5625,8033.287500000006,62.36250000000291,-2576.3875000000116,0.3125,0.8625,0.0,-0.11249999999999982,-2.2874999999999996,-0.5749999999999886,0.025,0.08749999999999991,-0.2999999999999998,-0.32499999999999996,1.075,-1.5250000000000057
-23519.225000000006,-35.637499999953434,-19782.362500000003,-47.97500000000582,10126.924999999988,-2641.7249999999767,-213.5625,7995.287500000006,-29.63749999999709,-2402.3875000000116,-0.6875,0.8625,1.0,-0.11249999999999982,-0.28749999999999964,-1.5749999999999886,0.025,0.08749999999999991,-0.2999999999999998,0.675,0.075,-0.5250000000000057
-23734.225000000006,-34.637499999953434,-19731.362500000003,169.02499999999418,10199.924999999988,-2854.7249999999767,56.4375,7997.287500000006,195.3625000000029,-2319.3875000000116,0.3125,-1.1375,-2.0,0.8875000000000002,-2.2874999999999996,-1.5749999999999886,0.025,0.08749999999999991,0.7000000000000002,0.675,0.075,1.4749999999999943
-23724.225000000006,263.36250000004657,-19689.362500000003,132.02499999999418,10333.924999999988,-2798.7249999999767,113.4375,8181.287500000006,174.3625000000029,-2402.3875000000116,-0.6875,-0.13749999999999996,1.0,-0.11249999999999982,0.7125000000000004,-0.5749999999999886,0.025,0.08749999999999991,0.7000000000000002,-0.32499999999999996,-0.925,0.4749999999999943
-23630.225000000006,-29.637499999953434,-19737.362500000003,64.02499999999418,10471.924999999988,-2864.7249999999767,-67.5625,8160.287500000006,203.3625000000029,-2414.3875000000116,0.3125,-0.13749999999999996,0.0,0.8875000000000002,-0.28749999999999964,-1.5749999999999886,-0.975,0.08749999999999991,-0.2999999999999998,-0.32499999999999996,0.075,0.4749999999999943
-23692.225000000006,-69.63749999995343,-19632.362500000003,222.02499999999418,10292.924999999988,-2941.7249999999767,-87.5625,8178.287500000006,257.3625000000029,-2485.3875000000116,-0.6875,-0.13749999999999996,1.0,-0.11249999999999982,-0.28749999999999964,-0.5749999999999886,0.025,0.08749999999999991,-0.2999999999999998,-0.32499999999999996,-0.925,1.4749999999999943
-23778.225000000006,26.362500000046566,-19635.362500000003,291.0249999999942,10312.924999999988,-3003.7249999999767,34.4375,8098.287500000006,396.3625000000029,-2416.3875000000116,-0.6875,-0.13749999999999996,1.0,-0.11249999999999982,0.7125000000000004,-0.5749999999999886,0.025,0.08749999999999991,-0.2999999999999998,-0.32499999999999996,0.075,0.4749999999999943
-23820.225000000006,262.36250000004657,-19647.362500000003,-9.97500000000582,10099.924999999988,-3149.7249999999767,110.4375,8171.287500000006,376.3625000000029,-2583.3875000000116,0.3125,-0.13749999999999996,-1.0,-1.1124999999999998,-0.28749999999999964,0.42500000000001137,0.025,0.08749999999999991,-0.2999999999999998,-0.32499999999999996,-0.925,0.4749999999999943
-23730.225000000006,133.36250000004657,-19644.362500000003,17.02499999999418,9874.924999999988,-3112.7249999999767,152.4375,8191.287500000006,398.3625000000029,-2709.3875000000116,0.3125,-0.13749999999999996,0.0,-1.1124999999999998,1.7125000000000004,-0.5749999999999886,0.025,1.0875,0.7000000000000002,-0.32499999999999996,0.075,-0.5250000000000057
-23782.225000000006,82.36250000004657,-19662.362500000003,90.02499999999418,10042.924999999988,-3225.7249999999767,407.4375,8273.287500000006,481.3625000000029,-2611.3875000000116,-0.6875,-0.13749999999999996,0.0,-0.11249999999999982,1.7125000000000004,-0.5749999999999886,0.025,0.08749999999999991,0.7000000000000002,-0.32499999999999996,0.075,-1.5250000000000057
-23867.225000000006,351.36250000004657,-19617.362500000003,150.02499999999418,9829.924999999988,-3382.7249999999767,666.4375,8330.287500000006,527.3625000000029,-2626.3875000000116,-0.6875,0.8625,-1.0,-0.11249999999999982,-0.28749999999999964,0.42500000000001137,0.025,0.08749999999999991,-0.2999999999999998,-0.32499999999999996,0.075,-0.5250000000000057
-23871.225000000006,320.36250000004657,-19651.362500000003,231.02499999999418,9742.924999999988,-3159.7249999999767,683.4375,8367.287500000006,490.3625000000029,-2705.3875000000116,-1.6875,0.8625,2.0,-0.11249999999999982,0.7125000000000004,-0.5749999999999886,0.025,0.08749999999999991,-0.2999999999999998,-1.325,1.075,-0.5250000000000057
-23805.225000000006,81.36250000004657,-19660.362500000003,256.0249999999942,10007.924999999988,-3186.7249999999767,368.4375,8204.287500000006,526.3625000000029,-2681.3875000000116,-0.6875,-0.13749999999999996,-1.0,-0.11249999999999982,0.7125000000000004,-0.5749999999999886,0.025,0.08749999999999991,-0.2999999999999998,-0.32499999999999996,1.075,-0.5250000000000057
-23816.225000000006,67.36250000004657,-19632.362500000003,238.02499999999418,10087.924999999988,-3190.7249999999767,475.4375,8236.287500000006,592.3625000000029,-2666.3875000000116,-0.6875,-0.13749999999999996,0.0,-0.11249999999999982,-0.28749999999999964,-1.5749999999999886,0.025,0.08749999999999991,-0.2999999999999998,0.675,0.075,0.4749999999999943
-23677.225000000006,195.36250000004657,-19491.362500000003,186.02499999999418,9964.924999999988,-3134.7249999999767,390.4375,8228.287500000006,594.3625000000029,-2599.3875000000116,-0.6875,-0.13749999999999996,1.0,-0.11249999999999982,0.7125000000000004,-0.5749999999999886,0.025,0.08749999999999991,-0.2999999999999998,-0.32499999999999996,-0.925,-0.5250000000000057
-23712.225000000006,198.36250000004657,-19595.362500000003,45.02499999999418,10100.924999999988,-3050.7249999999767,282.4375,8281.287500000006,595.3625000000029,-2576.3875000000116,0.3125,-0.13749999999999996,-1.0,-0.11249999999999982,-0.28749999999999964,-0.5749999999999886,0.025,0.08749999999999991,0.7000000000000002,-0.32499999999999996,0.075,0.4749999999999943
-23811.225000000006,149.36250000004657,-19565.362500000003,138.02499999999418,10255.924999999988,-3026.7249999999767,280.4375,8209.287500000006,500.3625000000029,-2618.3875000000116,-0.6875,0.8625,0.0,-1.1124999999999998,0.7125000000000004,-0.5749999999999886,0.025,-0.9125000000000001,0.7000000000000002,0.675,0.075,-0.5250000000000057
-23619.225000000006,138.36250000004657,-19760.362500000003,218.02499999999418,10189.924999999988,-3033.7249999999767,127.4375,8154.287500000006,436.3625000000029,-2628.3875000000116,0.3125,-0.13749999999999996,0.0,-0.11249999999999982,-0.28749999999999964,-0.5749999999999886,0.025,-0.9125000000000001,-0.2999999999999998,-0.32499999999999996,0.075,0.4749999999999943
-23662.225000000006,161.36250000004657,-19797.362500000003,273.0249999999942,10086.924999999988,-3074.7249999999767,77.4375,8211.287500000006,509.3625000000029,-2519.3875000000116,0.3125,-0.13749999999999996,0.0,-0.11249999999999982,-0.28749999999999964,0.42500000000001137,-0.975,0.08749999999999991,-0.2999999999999998,0.675,0.075,0.4749999999999943
-23760.225000000006,247.36250000004657,-19714.362500000003,234.02499999999418,10199.924999999988,-2901.7249999999767,283.4375,8134.287500000006,720.3625000000029,-2421.3875000000116,0.3125,-0.13749999999999996,0.0,0.8875000000000002,-0.28749999999999964,-1.5749999999999886,0.025,0.08749999999999991,-0.2999999999999998,-0.32499999999999996,0.075,-0.5250000000000057
-23634.225000000006,102.36250000004657,-19679.362500000003,170.02499999999418,10273.924999999988,-2945.7249999999767,-70.5625,8089.287500000006,564.3625000000029,-2498.3875000000116,0.3125,-0.13749999999999996,1.0,0.8875000000000002,-0.28749999999999964,-0.5749999999999886,0.025,0.08749999999999991,-0.2999999999999998,1.675,-0.925,0.4749999999999943
-23653.225000000006,111.36250000004657,-19564.362500000003,52.02499999999418,10316.924999999988,-2878.7249999999767,-251.5625,8153.287500000006,385.3625000000029,-2330.3875000000116,-0.6875,0.8625,1.0,-0.11249999999999982,0.7125000000000004,0.42500000000001137,0.025,0.08749999999999991,-0.2999999999999998,0.675,0.075,-0.5250000000000057
-23677.225000000006,159.36250000004657,-19766.362500000003,125.02499999999418,10274.924999999988,-2941.7249999999767,-340.5625,8110.287500000006,447.3625000000029,-2313.3875000000116,1.3125,-0.13749999999999996,-1.0,0.8875000000000002,-0.28749999999999964,-0.5749999999999886,0.025,0.08749999999999991,0.7000000000000002,0.675,0.075,0.4749999999999943
-23759.225000000006,280.36250000004657,-19755.362500000003,72.02499999999418,10323.924999999988,-2812.7249999999767,-364.5625,8127.287500000006,534.3625000000029,-2444.3875000000116,0.3125,-0.13749999999999996,-1.0,-0.11249999999999982,0.7125000000000004,-0.5749999999999886,0.025,0.08749999999999991,-0.2999999999999998,0.675,0.075,0.4749999999999943
-23795.225000000006,302.36250000004657,-19848.362500000003,-56.97500000000582,10226.924999999988,-2718.7249999999767,-405.5625,8048.287500000006,428.3625000000029,-2337.3875000000116,0.3125,-0.13749999999999996,-1.0,-0.11249999999999982,-0.28749999999999964,0.42500000000001137,0.025,0.08749999999999991,-0.2999999999999998,-0.32499999999999996,0.075,0.4749999999999943
-23678.225000000006,324.36250000004657,-19611.362500000003,-7.975000000005821,10280.924999999988,-2667.7249999999767,-338.5625,8118.287500000006,404.3625000000029,-2323.3875000000116,-0.6875,0.8625,1.0,-0.11249999999999982,0.7125000000000004,-1.5749999999999886,0.025,-0.9125000000000001,0.7000000000000002,0.675,0.075,1.4749999999999943
-23705.225000000006,121.36250000004657,-19659.362500000003,120.02499999999418,10066.924999999988,-2728.7249999999767,-323.5625,8123.287500000006,252.3625000000029,-2511.3875000000116,0.3125,-0.13749999999999996,-1.0,-0.11249999999999982,0.7125000000000004,0.42500000000001137,0.025,0.08749999999999991,-0.2999999999999998,-0.32499999999999996,0.075,-1.5250000000000057
-23671.225000000006,33.362500000046566,-19699.362500000003,-39.97500000000582,10031.924999999988,-2901.7249999999767,-451.5625,8151.287500000006,151.3625000000029,-2704.3875000000116,0.3125,1.8625,1.0,-0.11249999999999982,2.7125000000000004,-1.5749999999999886,0.025,0.08749999999999991,-0.2999999999999998,-0.32499999999999996,1.075,-0.5250000000000057
-23661.225000000006,130.36250000004657,-19532.362500000003,-88.97500000000582,9833.924999999988,-3272.7249999999767,-574.5625,8209.287500000006,92.36250000000291,-3494.3875000000116,0.3125,-1.1375,-2.0,-0.11249999999999982,-0.28749999999999964,0.42500000000001137,-0.975,0.08749999999999991,0.7000000000000002,-1.325,-0.925,0.4749999999999943
-23974.225000000006,183.36250000004657,-19622.362500000003,-77.97500000000582,9451.924999999988,-3548.7249999999767,-345.5625,8204.287500000006,140.3625000000029,-3843.3875000000116,0.3125,-1.1375,0.0,-0.11249999999999982,-0.28749999999999964,-0.5749999999999886,0.025,-0.9125000000000001,-0.2999999999999998,-0.32499999999999996,0.075,-1.5250000000000057
-23784.225000000006,-72.63749999995343,-19513.362500000003,108.02499999999418,8951.924999999988,-3842.7249999999767,-214.5625,8139.287500000006,325.3625000000029,-4085.3875000000116,-0.6875,-1.1375,2.0,-0.11249999999999982,-1.2874999999999996,-0.5749999999999886,0.025,0.08749999999999991,-0.2999999999999998,-0.32499999999999996,0.075,-0.5250000000000057
-23819.225000000006,24.362500000046566,-19364.362500000003,-62.97500000000582,8852.924999999988,-3917.7249999999767,-234.5625,8167.287500000006,163.3625000000029,-4786.387500000012,-0.6875,-0.13749999999999996,0.0,-0.11249999999999982,0.7125000000000004,0.42500000000001137,0.025,0.08749999999999991,0.7000000000000002,0.675,0.075,-0.5250000000000057
-24006.225000000006,-181.63749999995343,-19434.362500000003,3.0249999999941792,8652.924999999988,-4193.724999999977,-255.5625,8164.287500000006,169.3625000000029,-4753.387500000012,0.3125,-0.13749999999999996,-1.0,-1.1124999999999998,-0.28749999999999964,0.42500000000001137,-0.975,0.08749999999999991,0.7000000000000002,-0.32499999999999996,-0.925,-0.5250000000000057
-24095.225000000006,-95.63749999995343,-19455.362500000003,90.02499999999418,8298.924999999988,-4283.724999999977,-232.5625,8094.287500000006,-44.63749999999709,-5518.387500000012,-0.6875,0.8625,0.0,-0.11249999999999982,-0.28749999999999964,0.42500000000001137,0.025,0.08749999999999991,-0.2999999999999998,-0.32499999999999996,-0.925,-0.5250000000000057
-24427.225000000006,39.362500000046566,-19346.362500000003,77.02499999999418,8181.924999999988,-4292.724999999977,-151.5625,8136.287500000006,-52.63749999999709,-5226.387500000012,0.3125,0.8625,1.0,-0.11249999999999982,1.7125000000000004,0.42500000000001137,0.025,0.08749999999999991,-0.2999999999999998,-0.32499999999999996,0.075,-0.5250000000000057
-24435.225000000006,173.36250000004657,-19021.362500000003,88.02499999999418,8306.924999999988,-3982.7249999999767,-145.5625,8178.287500000006,12.36250000000291,-4632.387500000012,0.3125,0.8625,1.0,-0.11249999999999982,-0.28749999999999964,-0.5749999999999886,0.025,1.0875,0.7000000000000002,0.675,0.075,0.4749999999999943
-24204.225000000006,10.362500000046566,-19132.362500000003,174.02499999999418,8322.924999999988,-3595.7249999999767,-240.5625,8048.287500000006,104.36250000000291,-3901.3875000000116,0.3125,0.8625,-1.0,-0.11249999999999982,-0.28749999999999964,0.42500000000001137,0.025,0.08749999999999991,0.7000000000000002,-0.32499999999999996,1.075,0.4749999999999943
-24097.225000000006,-150.63749999995343,-19250.362500000003,72.02499999999418,8550.924999999988,-3376.7249999999767,-283.5625,7848.287500000006,103.36250000000291,-3262.3875000000116,-0.6875,-0.13749999999999996,0.0,-0.11249999999999982,0.7125000000000004,1.4250000000000114,0.025,0.08749999999999991,-0.2999999999999998,-0.32499999999999996,0.075,0.4749999999999943
-24150.225000000006,89.36250000004657,-19320.362500000003,154.02499999999418,8658.924999999988,-3329.7249999999767,-144.5625,7858.287500000006,185.3625000000029,-3122.3875000000116,-0.6875,0.8625,2.0,0.8875000000000002,1.7125000000000004,0.42500000000001137,0.025,0.08749999999999991,-0.2999999999999998,-0.32499999999999996,0.075,-0.5250000000000057
-24004.225000000006,66.36250000004657,-19556.362500000003,200.02499999999418,8632.924999999988,-3205.7249999999767,-151.5625,7870.287500000006,182.3625000000029,-2864.3875000000116,0.3125,-1.1375,-2.0,-0.11249999999999982,0.7125000000000004,0.42500000000001137,0.025,0.08749999999999991,0.7000000000000002,0.675,0.075,-0.5250000000000057
-24003.225000000006,171.36250000004657,-19679.362500000003,169.02499999999418,8567.924999999988,-3033.7249999999767,-220.5625,7908.287500000006,54.36250000000291,-2402.3875000000116,0.3125,-0.13749999999999996,-1.0,-0.11249999999999982,-0.28749999999999964,0.42500000000001137,0.025,0.08749999999999991,-0.2999999999999998,0.675,-0.925,0.4749999999999943
-23890.225000000006,26.362500000046566,-19789.362500000003,316.0249999999942,8690.924999999988,-3146.7249999999767,-189.5625,7658.287500000006,113.36250000000291,-2272.3875000000116,0.3125,-1.1375,0.0,-1.1124999999999998,-1.2874999999999996,-0.5749999999999886,0.025,0.08749999999999991,-0.2999999999999998,0.675,0.075,0.4749999999999943
-23866.225000000006,20.362500000046566,-20080.362500000003,220.02499999999418,8534.924999999988,-3032.7249999999767,-122.5625,7656.287500000006,-9.63749999999709,-2577.3875000000116,0.3125,-1.1375,-1.0,0.8875000000000002,-0.28749999999999964,-0.5749999999999886,0.025,0.08749999999999991,0.7000000000000002,-0.32499999999999996,0.075,-0.5250000000000057
-23755.225000000006,42.362500000046566,-20140.362500000003,46.02499999999418,8430.924999999988,-3096.7249999999767,-89.5625,7644.287500000006,62.36250000000291,-2789.3875000000116,0.3125,-0.13749999999999996,0.0,0.8875000000000002,-0.28749999999999964,0.42500000000001137,0.025,1.0875,-0.2999999999999998,0.675,-0.925,0.4749999999999943
-23706.225000000006,198.36250000004657,-20286.362500000003,-21.97500000000582,8361.924999999988,-3322.7249999999767,-35.5625,7541.287500000006,-109.63749999999709,-2869.3875000000116,0.3125,-1.1375,1.0,-0.11249999999999982,-1.2874999999999996,0.42500000000001137,0.025,0.08749999999999991,-0.2999999999999998,0.675,-0.925,0.4749999999999943
-23793.225000000006,210.36250000004657,-20440.362500000003,-6.975000000005821,8271.924999999988,-3437.7249999999767,36.4375,7468.287500000006,-56.63749999999709,-2905.3875000000116,0.3125,-1.1375,0.0,0.8875000000000002,-0.28749999999999964,-1.5749999999999886,0.025,0.08749999999999991,-0.2999999999999998,0.675,-1.925,-0.5250000000000057
-23965.225000000006,294.36250000004657,-20345.362500000003,61.02499999999418,8241.924999999988,-3387.7249999999767,66.4375,7482.287500000006,-53.63749999999709,-2843.3875000000116,-0.6875,-0.13749999999999996,0.0,-0.11249999999999982,0.7125000000000004,-0.5749999999999886,0.025,0.08749999999999991,-0.2999999999999998,-0.32499999999999996,0.075,0.4749999999999943
-23821.225000000006,223.36250000004657,-20304.362500000003,20.02499999999418,8200.924999999988,-3295.7249999999767,-154.5625,7627.287500000006,-19.63749999999709,-2765.3875000000116,0.3125,-0.13749999999999996,-1.0,-0.11249999999999982,-1.2874999999999996,0.42500000000001137,0.025,0.08749999999999991,-0.2999999999999998,0.675,0.075,0.4749999999999943
-23826.225000000006,140.36250000004657,-20225.362500000003,-23.97500000000582,8099.924999999988,-3119.7249999999767,-174.5625,7462.287500000006,61.36250000000291,-2797.3875000000116,1.3125,0.8625,4.0,-0.11249999999999982,-0.28749999999999964,0.42500000000001137,0.025,0.08749999999999991,-0.2999999999999998,1.675,0.075,1.4749999999999943
-23926.225000000006,190.36250000004657,-20066.362500000003,-47.97500000000582,8071.924999999988,-3263.7249999999767,-320.5625,7514.287500000006,93.36250000000291,-2610.3875000000116,2.3125,-0.13749999999999996,-1.0,-0.11249999999999982,0.7125000000000004,-2.5749999999999886,0.025,0.08749999999999991,-0.2999999999999998,0.675,1.075,-0.5250000000000057
-24266.225000000006,367.36250000004657,-19982.362500000003,177.02499999999418,8273.924999999988,-3420.7249999999767,21.4375,7699.287500000006,234.3625000000029,-2239.3875000000116,-0.6875,0.8625,-4.0,-1.1124999999999998,-0.28749999999999964,-1.5749999999999886,0.025,0.08749999999999991,-0.2999999999999998,0.675,-0.925,-0.5250000000000057
-23725.225000000006,-523.6374999999534,-20098.362500000003,-509.9750000000058,7560.924999999988,-2745.7249999999767,-422.5625,7950.287500000006,-517.6374999999971,-2671.3875000000116,0.3125,-1.1375,-1.0,0.8875000000000002,1.7125000000000004,-0.5749999999999886,0.025,0.08749999999999991,0.7000000000000002,-0.32499999999999996,0.075,1.4749999999999943
-22816.225000000006,-736.6374999999534,-19994.362500000003,-973.9750000000058,6839.924999999988,-2631.7249999999767,-529.5625,7923.287500000006,-830.6374999999971,-3725.3875000000116,1.3125,0.8625,2.0,-1.1124999999999998,0.7125000000000004,1.4250000000000114,0.025,0.08749999999999991,-0.2999999999999998,-0.32499999999999996,1.075,0.4749999999999943
-24101.225000000006,555.3625000000466,-19702.362500000003,125.02499999999418,7654.924999999988,-3482.7249999999767,443.4375,7151.287500000006,55.36250000000291,-1883.3875000000116,-0.6875,1.8625,1.0,-1.1124999999999998,0.7125000000000004,-3.5749999999999886,0.025,1.0875,-0.2999999999999998,-0.32499999999999996,3.075,-0.5250000000000057
-24668.225000000006,911.3625000000466,-19675.362500000003,622.0249999999942,7529.924999999988,-3483.7249999999767,532.4375,7362.287500000006,532.3625000000029,-1455.3875000000116,-2.6875,-0.13749999999999996,-2.0,-2.1125,-1.2874999999999996,-1.5749999999999886,0.025,0.08749999999999991,0.7000000000000002,-0.32499999999999996,1.075,1.4749999999999943
-23370.225000000006,-22.637499999953434,-19665.362500000003,-741.9750000000058,6352.924999999988,-2379.7249999999767,-735.5625,7652.287500000006,-691.6374999999971,-2607.3875000000116,0.3125,-0.13749999999999996,1.0,0.8875000000000002,0.7125000000000004,0.42500000000001137,0.025,0.08749999999999991,-0.2999999999999998,-1.325,0.075,2.4749999999999943
-24068.225000000006,-822.6374999999534,-19811.362500000003,-64.97500000000582,7217.924999999988,-3302.7249999999767,-568.5625,7552.287500000006,-255.6374999999971,-2345.3875000000116,-1.6875,0.8625,3.0,-1.1124999999999998,0.7125000000000004,-1.5749999999999886,0.025,0.08749999999999991,-0.2999999999999998,-0.32499999999999996,0.075,-2.5250000000000057
-24985.225000000006,732.3625000000466,-19564.362500000003,598.0249999999942,7962.924999999988,-3776.7249999999767,659.4375,7405.287500000006,813.3625000000029,-979.3875000000116,-0.6875,-2.1375,-3.0,0.8875000000000002,-2.2874999999999996,-2.5749999999999886,0.025,0.08749999999999991,0.7000000000000002,0.675,-2.925,-0.5250000000000057
-23849.225000000006,-559.6374999999534,-19995.362500000003,-406.9750000000058,6967.924999999988,-2848.7249999999767,-176.5625,7700.287500000006,-277.6374999999971,-1975.3875000000116,-0.6875,0.8625,-4.0,-3.1125,1.7125000000000004,0.42500000000001137,0.025,0.08749999999999991,-0.2999999999999998,-1.325,2.075,-0.5250000000000057
-23243.225000000006,-412.63749999995343,-20211.362500000003,-651.9750000000058,6940.924999999988,-2549.7249999999767,-553.5625,7511.287500000006,-474.6374999999971,-1977.3875000000116,-0.6875,-3.1375,3.0,1.8875000000000002,1.7125000000000004,1.4250000000000114,0.025,0.08749999999999991,-0.2999999999999998,-1.325,1.075,3.4749999999999943
-24108.225000000006,832.3625000000466,-19673.362500000003,-187.97500000000582,8075.924999999988,-3444.7249999999767,919.4375,7379.287500000006,341.3625000000029,-704.3875000000116,-2.6875,-0.13749999999999996,3.0,-2.1125,-3.2874999999999996,3.4250000000000114,0.025,0.08749999999999991,-0.2999999999999998,-0.32499999999999996,0.075,0.4749999999999943
-24854.225000000006,296.36250000004657,-19621.362500000003,655.0249999999942,7465.924999999988,-4033.7249999999767,253.4375,7043.287500000006,158.3625000000029,-843.3875000000116,1.3125,-0.13749999999999996,-4.0,-1.1124999999999998,0.7125000000000004,-0.5749999999999886,0.025,0.08749999999999991,-0.2999999999999998,-0.32499999999999996,-0.925,0.4749999999999943
-23394.225000000006,-295.63749999995343,-20112.362500000003,-466.9750000000058,7319.924999999988,-2507.7249999999767,-356.5625,7191.287500000006,-479.6374999999971,-1474.3875000000116,-1.6875,0.8625,-2.0,0.8875000000000002,1.7125000000000004,0.42500000000001137,0.025,-0.9125000000000001,-1.2999999999999998,-1.325,-0.925,1.4749999999999943
-23453.225000000006,-471.63749999995343,-20183.362500000003,-302.9750000000058,7299.924999999988,-2686.7249999999767,-242.5625,7249.287500000006,-566.6374999999971,-1466.3875000000116,0.3125,-0.13749999999999996,5.0,0.8875000000000002,-3.2874999999999996,2.4250000000000114,0.025,0.08749999999999991,-0.2999999999999998,0.675,-0.925,1.4749999999999943
-24630.225000000006,735.3625000000466,-19832.362500000003,675.0249999999942,8219.924999999988,-3354.7249999999767,934.4375,7021.287500000006,127.36250000000291,-440.38750000001164,-0.6875,-0.13749999999999996,-2.0,-1.1124999999999998,0.7125000000000004,-0.5749999999999886,0.025,0.08749999999999991,-0.2999999999999998,0.675,0.075,-3.5250000000000057
-24044.225000000006,930.3625000000466,-20243.362500000003,257.0249999999942,8363.924999999988,-2667.7249999999767,663.4375,6984.287500000006,-530.6374999999971,-98.38750000001164,61.3125,20.8625,-253.0,-41.1125,-14.2875,266.425,0.025,0.08749999999999991,-0.2999999999999998,0.675,-7.925,-2.5250000000000057
-17066.225000000006,5041.362500000047,-20495.362500000003,-954.9750000000058,7269.924999999988,1877.2750000000233,2561.4375,7287.287500000006,-1069.637499999997,-1874.3875000000116,-22.6875,-0.13749999999999996,-34.0,34.8875,70.7125,-37.57499999999999,0.025,-1.9125,-0.2999999999999998,-0.32499999999999996,7.075,24.474999999999994
5545.774999999994,94860.36250000005,-16436.362500000003,-902.9750000000058,6600.924999999988,42569.27500000002,81932.4375,5461.287500000006,-804.6374999999971,-675.3875000000116,-11.6875,-22.1375,3.0,66.8875,-10.2875,2.4250000000000114,-1.975,-1.9125,-3.3,-6.325,-3.925,-10.525000000000006
15463.774999999994,226775.36250000005,-11705.362500000003,358.0249999999942,7348.924999999988,195773.27500000002,260634.4375,5369.287500000006,942.3625000000029,5133.612499999988,-9.6875,-27.1375,25.0,18.8875,41.7125,25.42500000000001,0.025,0.08749999999999991,-0.2999999999999998,12.675,3.075,8.474999999999994
23742.774999999994,204763.36250000005,-13118.362500000003,965.0249999999942,6817.924999999988,263504.275,207620.4375,4206.287500000006,1865.362500000003,4781.612499999988,-4.6875,-2.1375,-9.0,35.8875,-9.2875,-65.57499999999999,0.025,-0.9125000000000001,-0.2999999999999998,8.675,10.075,4.474999999999994
24420.774999999994,177574.36250000005,-13975.362500000003,-1856.9750000000058,9372.924999999988,48304.27500000002,156331.4375,8933.287500000006,-1384.637499999997,1227.6124999999884,-0.6875,29.8625,-48.0,-12.1125,-23.2875,4.425000000000011,0.025,-0.9125000000000001,0.7000000000000002,-2.325,-12.925,0.4749999999999943
-2935.225000000006,94163.36250000005,-19657.362500000003,-951.9750000000058,13012.924999999988,40585.27500000002,122445.4375,9977.287500000006,-1167.637499999997,-23.38750000001164,-8.6875,-37.1375,3.0,9.8875,46.7125,24.42500000000001,0.025,0.08749999999999991,-1.2999999999999998,2.675,6.075,7.474999999999994
-29477.225000000006,17042.362500000047,-20694.362500000003,485.0249999999942,15459.924999999988,54134.27500000002,110562.4375,7472.287500000006,2037.362500000003,4247.612499999988,-6.6875,-7.1375,9.0,17.8875,-1.2874999999999996,-43.57499999999999,1.025,0.08749999999999991,0.7000000000000002,-1.325,-0.925,7.474999999999994
-35221.225000000006,2112.3625000000466,-20158.362500000003,919.0249999999942,9223.924999999988,32028.275000000023,62182.4375,9049.287500000006,253.3625000000029,1921.6124999999884,13.3125,16.8625,-24.0,-6.1125,4.7125,23.42500000000001,0.025,0.08749999999999991,-0.2999999999999998,3.675,-2.925,9.474999999999994
-31465.225000000006,-1172.6374999999534,-21368.362500000003,-797.9750000000058,8057.924999999988,6449.275000000023,6709.4375,9670.287500000006,-554.6374999999971,-48.38750000001164,-2.6875,-2.1375,23.0,11.8875,-3.2874999999999996,24.42500000000001,0.025,0.08749999999999991,-0.2999999999999998,-3.325,-2.925,10.474999999999994
-30579.225000000006,-1588.6374999999534,-21794.362500000003,-2158.975000000006,9103.924999999988,5243.275000000023,24679.4375,9865.287500000006,-1937.637499999997,231.61249999998836,0.3125,9.8625,11.0,-0.11249999999999982,2.7125000000000004,28.42500000000001,0.025,0.08749999999999991,-0.2999999999999998,-2.325,-2.925,7.474999999999994
-34454.225000000006,2157.3625000000466,-20674.362500000003,1272.0249999999942,11454.924999999988,35833.27500000002,165281.4375,9265.287500000006,2299.362500000003,4732.612499999988,35.3125,-57.1375,15.0,9.8875,-4.2875,-7.574999999999989,0.025,1.0875,-0.2999999999999998,-1.325,2.075,-18.525000000000006
-9206.225000000006,18851.362500000047,-20733.362500000003,-765.9750000000058,10033.924999999988,37248.27500000002,182606.4375,10700.287500000006,-1171.637499999997,2317.6124999999884,-8.6875,2.8625,41.0,-22.1125,6.7125,42.42500000000001,1.025,1.0875,1.7000000000000002,3.675,-12.925,0.4749999999999943
-29924.225000000006,118551.36250000005,-12254.362500000003,-1686.9750000000058,6485.924999999988,36270.27500000002,212192.4375,9325.287500000006,-1656.637499999997,-1740.3875000000116,-9.6875,4.8625,41.0,-9.1125,-4.2875,-22.57499999999999,-1.975,-0.9125000000000001,-0.2999999999999998,-1.325,5.075,-10.525000000000006
-45308.225000000006,150170.36250000005,-13772.362500000003,910.0249999999942,4698.924999999988,24457.275000000023,239627.4375,8205.287500000006,239.3625000000029,-1319.3875000000116,13.3125,11.8625,-2.0,-2.1125,-11.2875,-27.57499999999999,1.025,0.08749999999999991,0.7000000000000002,-1.325,15.075,-10.525000000000006
-60330.225000000006,106736.36250000005,-13867.362500000003,1265.0249999999942,4396.924999999988,-670.7249999999767,158570.4375,6219.287500000006,2961.362500000003,450.61249999998836,3.3125,6.8625,-9.0,2.8875,-6.2875,-49.57499999999999,1.025,0.08749999999999991,-0.2999999999999998,-3.325,6.075,-13.525000000000006
-74529.225,30178.362500000047,-18855.362500000003,-434.9750000000058,5315.924999999988,-4820.724999999977,120698.4375,8626.287500000006,-2305.637499999997,-645.3875000000116,-12.6875,23.8625,40.0,-0.11249999999999982,7.7125,-35.57499999999999,-0.975,0.08749999999999991,-2.3,3.675,4.075,2.4749999999999943
-74582.225,16509.362500000047,-22027.362500000003,-380.9750000000058,8370.924999999988,-3054.7249999999767,139981.4375,8984.287500000006,-844.6374999999971,335.61249999998836,-3.6875,-24.1375,7.0,-7.1125,-0.28749999999999964,0.42500000000001137,0.025,-0.9125000000000001,-0.2999999999999998,-2.325,10.075,3.4749999999999943
-73806.225,63310.36250000005,-19421.362500000003,1459.0249999999942,8218.924999999988,-17169.724999999977,147316.4375,8217.287500000006,1082.362500000003,1284.6124999999884,-0.6875,-1.1375,-28.0,9.8875,-18.2875,1.4250000000000114,0.025,0.08749999999999991,-0.2999999999999998,0.675,5.075,3.4749999999999943
-74375.225,84100.36250000005,-18407.362500000003,-199.97500000000582,8639.924999999988,-22592.724999999977,179250.4375,7449.287500000006,709.3625000000029,2832.6124999999884,-8.6875,6.8625,-1.0,-21.1125,-5.2875,15.425000000000011,-0.975,0.08749999999999991,0.7000000000000002,-2.325,-4.925,10.474999999999994
-83439.225,112496.36250000005,-17487.362500000003,-625.9750000000058,6928.924999999988,-29640.724999999977,197290.4375,8129.287500000006,-1032.637499999997,253.61249999998836,-0.6875,-14.1375,-1.0,-11.1125,0.7125000000000004,2.4250000000000114,0.025,1.0875,-0.2999999999999998,-10.325,-4.925,16.474999999999994
-88092.225,108095.36250000005,-18379.362500000003,-235.97500000000582,8414.924999999988,-28173.724999999977,206255.4375,8141.287500000006,-655.6374999999971,2346.6124999999884,5.3125,7.8625,-33.0,13.8875,-5.2875,-22.57499999999999,0.025,0.08749999999999991,0.7000000000000002,2.675,-1.925,16.474999999999994
-83232.225,68000.36250000005,-19653.362500000003,1213.0249999999942,8529.924999999988,-28679.724999999977,182731.4375,8026.287500000006,687.3625000000029,2852.6124999999884,1.3125,15.8625,-4.0,-14.1125,-9.2875,35.42500000000001,0.025,0.08749999999999991,-0.2999999999999998,0.675,-7.925,-0.5250000000000057
-84070.225,41921.36250000005,-20617.362500000003,-364.9750000000058,6682.924999999988,-25616.724999999977,141007.4375,8731.287500000006,-1464.637499999997,-397.38750000001164,8.3125,10.8625,-21.0,27.8875,-6.2875,7.425000000000011,-0.975,0.08749999999999991,-0.2999999999999998,-3.325,-6.925,1.4749999999999943
-112472.225,106780.36250000005,-19133.362500000003,1422.0249999999942,9388.924999999988,-43998.72499999998,178645.4375,7220.287500000006,1106.362500000003,3048.6124999999884,-11.6875,-8.1375,23.0,-0.11249999999999982,4.7125,-3.5749999999999886,0.025,0.08749999999999991,0.7000000000000002,1.675,-5.925,-7.525000000000006
-119705.225,96636.36250000005,-18264.362500000003,565.0249999999942,10234.924999999988,-36629.72499999998,172665.4375,5861.287500000006,955.3625000000029,3900.6124999999884,6.3125,-5.1375,-1.0,-33.1125,5.7125,49.42500000000001,0.025,-0.9125000000000001,-0.2999999999999998,-0.32499999999999996,8.075,-9.525000000000006
-111696.225,78438.36250000005,-21065.362500000003,-552.9750000000058,9792.924999999988,-42428.72499999998,183811.4375,6582.287500000006,216.3625000000029,3011.6124999999884,15.3125,-7.1375,-25.0,33.8875,8.7125,-30.57499999999999,0.025,-0.9125000000000001,1.7000000000000002,7.675,8.075,1.4749999999999943
-119284.225,75681.36250000005,-20912.362500000003,-601.9750000000058,11465.924999999988,-44973.72499999998,175779.4375,6361.287500000006,699.3625000000029,3492.6124999999884,-7.6875,-4.1375,16.0,10.8875,10.7125,15.425000000000011,0.025,0.08749999999999991,-0.2999999999999998,0.675,4.075,-2.5250000000000057
-109748.225,69738.36250000005,-20647.362500000003,845.0249999999942,11785.924999999988,-44469.72499999998,170707.4375,5683.287500000006,748.3625000000029,3907.6124999999884,-24.6875,-27.1375,41.0,15.8875,0.7125000000000004,-18.57499999999999,0.025,0.08749999999999991,-0.2999999999999998,2.675,8.075,-0.5250000000000057
-86426.225,37761.36250000005,-20987.362500000003,713.0249999999942,10483.924999999988,-56185.72499999998,179586.4375,6016.287500000006,645.3625000000029,2872.6124999999884,19.3125,15.8625,-36.0,-17.1125,8.7125,19.42500000000001,0.025,0.08749999999999991,-1.2999999999999998,0.675,6.075,-5.525000000000006
-78991.225,22288.362500000047,-22008.362500000003,-787.9750000000058,9369.924999999988,-53684.72499999998,161268.4375,10421.287500000006,-954.6374999999971,1658.6124999999884,21.3125,21.8625,-23.0,8.8875,1.7125000000000004,11.425000000000011,-0.975,1.0875,-0.2999999999999998,-4.325,-2.925,-1.5250000000000057
-68062.225,2295.3625000000466,-21608.362500000003,428.0249999999942,12139.924999999988,-12351.724999999977,91014.4375,27678.287500000006,-903.6374999999971,2580.6124999999884,-3.6875,0.8625,26.0,-19.1125,-8.2875,37.42500000000001,0.025,0.08749999999999991,-0.2999999999999998,4.675,-3.925,0.4749999999999943
-69410.225,1151.3625000000466,-20878.362500000003,1266.0249999999942,11847.924999999988,-25397.724999999977,15135.4375,40961.287500000006,1352.362500000003,5465.612499999988,-47.6875,-138.1375,194.0,-41.1125,105.7125,356.425,0.025,-1.9125,-1.2999999999999998,-1.325,-1.925,-3.5250000000000057
-55631.225000000006,22247.362500000047,-17811.362500000003,-847.9750000000058,9453.924999999988,51712.27500000002,15388.4375,41120.287500000006,-1754.637499999997,4982.612499999988,66.3125,5.8625,-121.0,106.8875,-40.2875,-338.575,-0.975,1.0875,2.7,-15.325,10.075,-20.525000000000006
-203487.225,331555.36250000005,-7763.362500000003,-3185.975000000006,7749.924999999988,338599.275,311394.4375,7870.287500000006,-2901.637499999997,1198.6124999999884,1.3125,-11.1375,38.0,88.8875,14.7125,115.42500000000001,-0.975,1.0875,-1.2999999999999998,15.675,20.075,-9.525000000000006
-2170329.225,233304.36250000005,-21443.362500000003,4805.024999999994,9786.924999999988,396942.275,222342.4375,-19865.712499999994,4725.362500000003,11943.612499999988,-35.6875,36.8625,39.0,65.8875,-7.2875,-128.575,0.025,1.0875,-2.3,8.675,11.075,-16.525000000000006
21269.774999999994,272815.36250000005,-16981.362500000003,1386.0249999999942,6915.924999999988,33653.27500000002,141671.4375,-49816.712499999994,4288.362500000003,-488.38750000001164,-6.6875,-9.1375,16.0,-13.1125,-59.2875,-11.574999999999989,0.025,-1.9125,1.7000000000000002,0.675,-12.925,0.4749999999999943
9975.774999999994,286994.36250000005,-12351.362500000003,-2540.975000000006,7782.924999999988,-38749.72499999998,176404.4375,-39708.712499999994,-8612.637499999997,-7473.387500000012,24.3125,50.8625,7.0,-5.1125,66.7125,26.42500000000001,0.025,-0.9125000000000001,0.7000000000000002,-10.325,0.075,-6.525000000000006
-18620.225000000006,206011.36250000005,-13082.362500000003,4226.024999999994,9559.924999999988,60366.27500000002,186244.4375,-22757.712499999994,6139.362500000003,9747.612499999988,6.3125,8.8625,6.0,61.8875,54.7125,12.425000000000011,0.025,-0.9125000000000001,1.7000000000000002,8.675,-11.925,12.474999999999994
-41151.225000000006,120160.36250000005,-18594.362500000003,2242.024999999994,9099.924999999988,55981.27500000002,106891.4375,35340.287500000006,-453.6374999999971,8892.612499999988,4.3125,-34.1375,-6.0,17.8875,-13.2875,-23.57499999999999,0.025,1.0875,-3.3,6.675,0.075,-11.525000000000006
-34233.225000000006,31613.362500000047,-46306.3625,-1883.9750000000058,6678.924999999988,-22241.724999999977,31513.4375,38330.287500000006,-148.6374999999971,-824.3875000000116,4.3125,29.8625,13.0,-12.1125,12.7125,11.425000000000011,1.025,-0.9125000000000001,1.7000000000000002,5.675,2.075,13.474999999999994
-37012.225000000006,-3054.6374999999534,-36216.3625,-3196.975000000006,7838.924999999988,-24891.724999999977,-3123.5625,27170.287500000006,-5627.637499999997,-3500.3875000000116,3.3125,-26.1375,12.0,4.8875,-4.2875,14.425000000000011,0.025,-0.9125000000000001,1.7000000000000002,19.675,-2.925,27.474999999999994
-46219.225000000006,1735.3625000000466,-28535.362500000003,2123.024999999994,13540.924999999988,-21848.724999999977,3521.4375,23608.287500000006,171.3625000000029,5994.612499999988,-10.6875,14.8625,16.0,9.8875,9.7125,-3.5749999999999886,-2.975,-1.9125,-4.3,-21.325,24.075,-0.5250000000000057
-47602.225000000006,1172.3625000000466,-23885.362500000003,44190.024999999994,51455.92499999999,-24784.724999999977,2564.4375,24853.287500000006,45162.3625,16402.61249999999,43.3125,-20.1375,-72.0,71.8875,30.7125,-14.574999999999989,1.025,0.08749999999999991,4.7,-20.325,-0.925,1.4749999999999943
-51096.225000000006,155226.36250000005,-20304.362500000003,153058.025,47214.92499999999,-22246.724999999977,69214.4375,5867.287500000006,112833.3625,66150.61249999999,1.3125,-48.1375,56.0,-53.1125,-50.2875,50.42500000000001,0.025,0.08749999999999991,1.7000000000000002,-41.325,4.075,-2.5250000000000057
-59441.225000000006,237495.36250000005,-15284.362500000003,152084.025,75530.92499999999,50103.27500000002,236793.4375,4467.287500000006,135054.3625,73930.61249999999,47.3125,16.8625,-50.0,35.8875,-6.2875,19.42500000000001,-1.975,-0.9125000000000001,0.7000000000000002,13.675,11.075,-2.5250000000000057
-72744.225,193225.36250000005,-3503.362500000003,180406.025,30689.92499999999,22613.275000000023,211863.4375,6348.287500000006,184746.3625,102273.61249999999,-22.6875,25.8625,31.0,-5.1125,12.7125,21.42500000000001,0.025,-0.9125000000000001,-0.2999999999999998,16.675,16.075,-8.525000000000006
-77813.225,266822.36250000005,-6944.362500000003,218721.025,29400.92499999999,3159.2750000000233,269962.4375,4958.287500000006,181412.3625,102502.61249999999,-2.6875,7.8625,9.0,-0.11249999999999982,21.7125,37.42500000000001,0.025,1.0875,0.7000000000000002,2.675,3.075,-16.525000000000006
-103110.225,270936.36250000005,-5059.362500000003,202612.025,30555.92499999999,24920.275000000023,232726.4375,4156.287500000006,193602.3625,114714.61249999999,25.3125,-5.1375,-57.0,-0.11249999999999982,7.7125,29.42500000000001,0.025,1.0875,1.7000000000000002,13.675,6.075,4.474999999999994
-85023.225,203771.36250000005,-9006.362500000003,181844.025,27845.92499999999,20878.275000000023,207530.4375,5633.287500000006,159148.3625,91449.61249999999,-25.6875,3.8625,57.0,8.8875,-4.2875,-12.574999999999989,0.025,0.08749999999999991,-1.2999999999999998,-14.325,6.075,-33.525000000000006
-91452.225,185346.36250000005,-13200.362500000003,167273.025,22955.92499999999,14871.275000000023,123900.4375,5639.287500000006,158298.3625,78929.61249999999,26.3125,-0.13749999999999996,-53.0,-31.1125,-7.2875,60.42500000000001,0.025,-0.9125000000000001,2.7,-20.325,-0.925,-24.525000000000006
-81228.225,190073.36250000005,-12552.362500000003,141956.025,23504.92499999999,1788.2750000000233,140664.4375,5800.287500000006,158401.3625,77889.61249999999,7.3125,3.8625,-1.0,41.8875,-2.2874999999999996,-27.57499999999999,0.025,0.08749999999999991,1.7000000000000002,27.675,2.075,2.4749999999999943
-69554.225,108000.36250000005,-17344.362500000003,152978.025,26115.92499999999,8179.275000000023,154842.4375,3797.287500000006,150710.3625,76281.61249999999,-12.6875,-4.1375,16.0,-35.1125,12.7125,3.4250000000000114,0.025,-0.9125000000000001,-0.2999999999999998,-20.325,6.075,-40.525000000000006
-74004.225,132026.36250000005,-16249.362500000003,151453.025,27655.92499999999,7357.275000000023,117956.4375,4857.287500000006,152170.3625,59137.61249999999,-6.6875,1.8625,15.0,4.8875,19.7125,4.425000000000011,0.025,-0.9125000000000001,-0.2999999999999998,-10.325,1.075,-13.525000000000006
-101015.225,160102.36250000005,-14124.362500000003,148028.025,35840.92499999999,-1499.7249999999767,122689.4375,5032.287500000006,152644.3625,53470.61249999999,0.3125,-6.1375,-10.0,2.8875,-5.2875,-16.57499999999999,0.025,0.08749999999999991,0.7000000000000002,6.675,3.075,-0.5250000000000057
-105869.225,141092.36250000005,-14961.362500000003,169469.025,32108.92499999999,4264.275000000023,168058.4375,6621.287500000006,150873.3625,45219.61249999999,11.3125,8.8625,-10.0,-9.1125,-4.2875,12.425000000000011,-0.975,0.08749999999999991,-1.2999999999999998,-21.325,0.075,-3.5250000000000057
-129055.225,180792.36250000005,-14264.362500000003,181624.025,39339.92499999999,16428.275000000023,158754.4375,6192.287500000006,152435.3625,39023.61249999999,-10.6875,-16.1375,17.0,-9.1125,3.7125000000000004,11.425000000000011,0.025,-0.9125000000000001,1.7000000000000002,7.675,-2.925,10.474999999999994
-116012.225,183849.36250000005,-11369.362500000003,192748.025,31404.92499999999,3798.2750000000233,177808.4375,5617.287500000006,172313.3625,53718.61249999999,12.3125,2.8625,-25.0,18.8875,-6.2875,-15.574999999999989,0.025,-0.9125000000000001,0.7000000000000002,2.675,-0.925,2.4749999999999943
-122246.225,177389.36250000005,-10733.362500000003,185965.025,11819.924999999988,3132.2750000000233,169492.4375,5687.287500000006,158481.3625,40512.61249999999,-3.6875,-8.1375,-2.0,-8.1125,3.7125000000000004,14.425000000000011,0.025,0.08749999999999991,0.7000000000000002,8.675,-2.925,2.4749999999999943
-127400.225,188454.36250000005,-13000.362500000003,169201.025,29557.92499999999,2396.2750000000233,179459.4375,6488.287500000006,147149.3625,35949.61249999999,4.3125,14.8625,1.0,-5.1125,3.7125000000000004,7.425000000000011,0.025,0.08749999999999991,-0.2999999999999998,4.675,0.075,0.4749999999999943
-107376.225,180242.36250000005,-12110.362500000003,164986.025,12320.924999999988,4309.275000000023,163686.4375,6540.287500000006,149021.3625,45751.61249999999,0.3125,5.8625,8.0,4.8875,-5.2875,-5.574999999999989,0.025,-0.9125000000000001,0.7000000000000002,-1.325,1.075,-6.525000000000006
-93626.225,160782.36250000005,-11638.362500000003,154760.025,4564.924999999988,-2603.7249999999767,160706.4375,6820.287500000006,150567.3625,43254.61249999999,-3.6875,-2.1375,7.0,-2.1125,2.7125000000000004,0.42500000000001137,0.025,0.08749999999999991,-0.2999999999999998,0.675,1.075,-2.5250000000000057
-107434.225,167196.36250000005,-12534.362500000003,149662.025,11514.924999999988,-11824.724999999977,171610.4375,7032.287500000006,136879.3625,36052.61249999999,3.3125,0.8625,-14.0,1.8875000000000002,5.7125,-1.5749999999999886,0.025,1.0875,0.7000000000000002,0.675,1.075,2.4749999999999943
-99785.225,153555.36250000005,-13240.362500000003,168745.025,20713.92499999999,-16976.724999999977,150174.4375,6525.287500000006,161939.3625,37100.61249999999,-0.6875,-9.1375,4.0,-1.1124999999999998,2.7125000000000004,0.42500000000001137,0.025,0.08749999999999991,0.7000000000000002,-0.32499999999999996,0.075,0.4749999999999943
-98650.225,149690.36250000005,-13732.362500000003,187335.025,32768.92499999999,-16341.724999999977,152689.4375,5597.287500000006,167672.3625,46087.61249999999,-2.6875,-1.1375,2.0,-0.11249999999999982,0.7125000000000004,-2.5749999999999886,0.025,0.08749999999999991,-0.2999999999999998,3.675,-1.925,-1.5250000000000057
-101336.225,154588.36250000005,-13469.362500000003,180709.025,32835.92499999999,-13542.724999999977,150267.4375,5757.287500000006,160726.3625,43716.61249999999,1.3125,0.8625,-6.0,0.8875000000000002,-2.2874999999999996,-5.574999999999989,0.025,0.08749999999999991,-0.2999999999999998,-0.32499999999999996,0.075,-1.5250000000000057
-99622.225,156201.36250000005,-13724.362500000003,155624.025,29786.92499999999,-12721.724999999977,152357.4375,6052.287500000006,147469.3625,40267.61249999999,0.3125,-0.13749999999999996,-3.0,-2.1125,-3.2874999999999996,4.425000000000011,0.025,0.08749999999999991,-0.2999999999999998,0.675,-0.925,0.4749999999999943
-98716.225,161462.36250000005,-13113.362500000003,146050.025,28496.92499999999,-12521.724999999977,157954.4375,6462.287500000006,143452.3625,42403.61249999999,-1.6875,-0.13749999999999996,7.0,-1.1124999999999998,0.7125000000000004,2.4250000000000114,-0.975,0.08749999999999991,-0.2999999999999998,1.675,0.075,0.4749999999999943
-99421.225,169179.36250000005,-12522.362500000003,148823.025,24374.92499999999,-11946.724999999977,161582.4375,6186.287500000006,148337.3625,45410.61249999999,2.3125,0.8625,-6.0,1.8875000000000002,0.7125000000000004,-3.5749999999999886,0.025,0.08749999999999991,0.7000000000000002,0.675,0.075,-0.5250000000000057
-100924.225,174403.36250000005,-12233.362500000003,150238.025,20807.92499999999,-10510.724999999977,164178.4375,6846.287500000006,146125.3625,45019.61249999999,0.3125,0.8625,0.0,-1.1124999999999998,-2.2874999999999996,1.4250000000000114,0.025,0.08749999999999991,-1.2999999999999998,1.675,0.075,0.4749999999999943
-104379.225,176148.36250000005,-12155.362500000003,149304.025,20321.92499999999,-9220.724999999977,167084.4375,6867.287500000006,143668.3625,43590.61249999999,-0.6875,-0.13749999999999996,2.0,0.8875000000000002,-1.2874999999999996,2.4250000000000114,0.025,0.08749999999999991,-0.2999999999999998,-0.32499999999999996,-0.925,0.4749999999999943
-107134.225,182263.36250000005,-11566.362500000003,151673.025,22081.92499999999,-9600.724999999977,173535.4375,6693.287500000006,142871.3625,44446.61249999999,1.3125,0.8625,-3.0,-0.11249999999999982,0.7125000000000004,0.42500000000001137,0.025,0.08749999999999991,0.7000000000000002,-0.32499999999999996,0.075,-1.5250000000000057
-106026.225,183349.36250000005,-11325.362500000003,154873.025,22186.92499999999,-9122.724999999977,174543.4375,6845.287500000006,145352.3625,45271.61249999999,-0.6875,-0.13749999999999996,-1.0,0.8875000000000002,0.7125000000000004,-0.5749999999999886,0.025,-0.9125000000000001,-0.2999999999999998,0.675,1.075,-1.5250000000000057
-102398.225,177709.36250000005,-11584.362500000003,155818.025,21777.92499999999,-7818.724999999977,171182.4375,7118.287500000006,146862.3625,45606.61249999999,-0.6875,0.8625,2.0,-0.11249999999999982,1.7125000000000004,0.42500000000001137,0.025,0.08749999999999991,-0.2999999999999998,0.675,0.075,0.4749999999999943
-98963.225,172964.36250000005,-11374.362500000003,152125.025,21334.92499999999,-7486.724999999977,167814.4375,7080.287500000006,142730.3625,45278.61249999999,-0.6875,0.8625,-2.0,-0.11249999999999982,0.7125000000000004,1.4250000000000114,0.025,0.08749999999999991,-0.2999999999999998,0.675,0.075,-0.5250000000000057
-98078.225,171989.36250000005,-11380.362500000003,148644.025,21418.92499999999,-8005.724999999977,166201.4375,7134.287500000006,141505.3625,44983.61249999999,-0.6875,-0.13749999999999996,-1.0,-1.1124999999999998,-0.28749999999999964,-0.5749999999999886,0.025,0.08749999999999991,-0.2999999999999998,-0.32499999999999996,0.075,-0.5250000000000057
-98485.225,173283.36250000005,-11733.362500000003,152786.025,21745.92499999999,-8239.724999999977,164396.4375,7239.287500000006,141344.3625,44915.61249999999,0.3125,-0.13749999999999996,1.0,0.8875000000000002,-0.28749999999999964,0.42500000000001137,0.025,0.08749999999999991,-0.2999999999999998,0.675,0.075,-0.5250000000000057
-99582.225,175728.36250000005,-11890.362500000003,153431.025,21989.92499999999,-8454.724999999977,163729.4375,7318.287500000006,140725.3625,44134.61249999999,0.3125,0.8625,0.0,-0.11249999999999982,0.7125000000000004,1.4250000000000114,0.025,0.08749999999999991,0.7000000000000002,0.675,-0.925,0.4749999999999943
-101593.225,177629.36250000005,-11875.362500000003,151350.025,21884.92499999999,-8802.724999999977,166285.4375,7314.287500000006,141598.3625,43997.61249999999,0.3125,-0.13749999999999996,-1.0,-0.11249999999999982,-0.28749999999999964,1.4250000000000114,0.025,0.08749999999999991,-0.2999999999999998,-0.32499999999999996,-0.925,-0.5250000000000057
-100901.225,176902.36250000005,-11835.362500000003,150440.025,21392.92499999999,-8877.724999999977,168896.4375,7323.287500000006,147123.3625,44670.61249999999,-0.6875,-0.13749999999999996,4.0,-0.11249999999999982,-0.28749999999999964,-0.5749999999999886,0.025,0.08749999999999991,-0.2999999999999998,-0.32499999999999996,-0.925,-0.5250000000000057
-100321.225,174683.36250000005,-12060.362500000003,151062.025,20793.92499999999,-8649.724999999977,167153.4375,7457.287500000006,147978.3625,44376.61249999999,0.3125,-1.1375,-2.0,1.8875000000000002,-0.28749999999999964,2.4250000000000114,0.025,0.08749999999999991,-0.2999999999999998,-0.32499999999999996,-1.925,0.4749999999999943
-102312.225,173283.36250000005,-12149.362500000003,151295.025,20307.92499999999,-9494.724999999977,165247.4375,7253.287500000006,147104.3625,43669.61249999999,-0.6875,-2.1375,1.0,0.8875000000000002,-1.2874999999999996,0.42500000000001137,0.025,0.08749999999999991,0.7000000000000002,0.675,-0.925,0.4749999999999943
-104723.225,172400.36250000005,-12235.362500000003,153360.025,19889.92499999999,-10579.724999999977,163660.4375,7223.287500000006,146863.3625,42962.61249999999,-0.6875,-1.1375,-1.0,-0.11249999999999982,-0.28749999999999964,-0.5749999999999886,-0.975,0.08749999999999991,0.7000000000000002,0.675,-0.925,0.4749999999999943
-102537.225,162533.36250000005,-12530.362500000003,163390.025,20395.92499999999,-10803.724999999977,161845.4375,7345.287500000006,148998.3625,42683.61249999999,1.3125,0.8625,-1.0,-0.11249999999999982,0.7125000000000004,1.4250000000000114,0.025,-0.9125000000000001,-1.2999999999999998,0.675,0.075,-1.5250000000000057
-98984.225,161099.36250000005,-12524.362500000003,161032.025,20300.92499999999,-10020.724999999977,160923.4375,7463.287500000006,151085.3625,44101.61249999999,0.3125,-0.13749999999999996,1.0,-0.11249999999999982,1.7125000000000004,1.4250000000000114,0.025,0.08749999999999991,0.7000000000000002,0.675,0.075,1.4749999999999943
-98859.225,165778.36250000005,-12299.362500000003,155026.025,20264.92499999999,-10299.724999999977,162711.4375,7423.287500000006,146781.3625,44132.61249999999,0.3125,0.8625,-1.0,0.8875000000000002,-0.28749999999999964,0.42500000000001137,0.025,0.08749999999999991,-0.2999999999999998,0.675,0.075,-0.5250000000000057
-103003.225,172379.36250000005,-11924.362500000003,152043.025,21063.92499999999,-10643.724999999977,165595.4375,7356.287500000006,144455.3625,43306.61249999999,0.3125,0.8625,0.0,-0.11249999999999982,-0.28749999999999964,1.4250000000000114,0.025,0.08749999999999991,-0.2999999999999998,-0.32499999999999996,0.075,0.4749999999999943
-103584.225,176938.36250000005,-11449.362500000003,153338.025,21421.92499999999,-10315.724999999977,166074.4375,7292.287500000006,142814.3625,42458.61249999999,0.3125,0.8625,1.0,0.8875000000000002,0.7125000000000004,0.42500000000001137,0.025,0.08749999999999991,-0.2999999999999998,-0.32499999999999996,0.075,0.4749999999999943
-103197.225,178276.36250000005,-11432.362500000003,154010.025,21382.92499999999,-9607.724999999977,166516.4375,7419.287500000006,142313.3625,42481.61249999999,0.3125,0.8625,-1.0,-0.11249999999999982,0.7125000000000004,1.4250000000000114,0.025,0.08749999999999991,-0.2999999999999998,-0.32499999999999996,-0.925,-0.5250000000000057
-102336.225,177341.36250000005,-11504.362500000003,152018.025,20926.92499999999,-9342.724999999977,167387.4375,7515.287500000006,142768.3625,43054.61249999999,0.3125,0.8625,-1.0,-0.11249999999999982,1.7125000000000004,-0.5749999999999886,0.025,0.08749999999999991,-0.2999999999999998,0.675,0.075,0.4749999999999943
-100173.225,174024.36250000005,-11662.362500000003,151150.025,20915.92499999999,-8847.724999999977,166880.4375,7682.287500000006,144435.3625,43282.61249999999,0.3125,0.8625,-1.0,-0.11249999999999982,-0.28749999999999964,0.42500000000001137,0.025,0.08749999999999991,-0.2999999999999998,0.675,0.075,0.4749999999999943
-105019.225,175785.36250000005,-11730.362500000003,152791.025,20903.92499999999,-10553.724999999977,165351.4375,7450.287500000006,144174.3625,42669.61249999999,0.3125,-0.13749999999999996,-1.0,-0.11249999999999982,-0.28749999999999964,0.42500000000001137,0.025,0.08749999999999991,-0.2999999999999998,-0.32499999999999996,0.075,0.4749999999999943
-103509.225,171474.36250000005,-12040.362500000003,153883.025,20599.92499999999,-10555.724999999977,164406.4375,7547.287500000006,146101.3625,42899.61249999999,-0.6875,-0.13749999999999996,0.0,0.8875000000000002,0.7125000000000004,-1.5749999999999886,0.025,0.08749999999999991,0.7000000000000002,-0.32499999999999996,0.075,-0.5250000000000057
-100952.225,166505.36250000005,-12209.362500000003,155944.025,20311.92499999999,-10347.724999999977,163033.4375,7531.287500000006,148237.3625,43415.61249999999,-0.6875,-0.13749999999999996,0.0,-1.1124999999999998,-0.28749999999999964,-0.5749999999999886,0.025,0.08749999999999991,-0.2999999999999998,-0.32499999999999996,0.075,0.4749999999999943
-100535.225,165953.36250000005,-12290.362500000003,156627.025,20341.92499999999,-10144.724999999977,163730.4375,7521.287500000006,148850.3625,43944.61249999999,-0.6875,0.8625,-1.0,-1.1124999999999998,0.7125000000000004,0.42500000000001137,0.025,0.08749999999999991,-0.2999999999999998,-0.32499999999999996,0.075,-0.5250000000000057
-101935.225,169222.36250000005,-12152.362500000003,155205.025,20481.92499999999,-10339.724999999977,164658.4375,7524.287500000006,146838.3625,43753.61249999999,-0.6875,-0.13749999999999996,2.0,-0.11249999999999982,-0.28749999999999964,0.42500000000001137,0.025,0.08749999999999991,-0.2999999999999998,-0.32499999999999996,0.075,0.4749999999999943
-103197.225,173025.36250000005,-11917.362500000003,154058.025,21139.92499999999,-10661.724999999977,165216.4375,7437.287500000006,145218.3625,43261.61249999999,-0.6875,-0.13749999999999996,0.0,-0.11249999999999982,-0.28749999999999964,0.42500000000001137,0.025,0.08749999999999991,-0.2999999999999998,-0.32499999999999996,0.075,0.4749999999999943
-103024.225,174871.36250000005,-11877.362500000003,152570.025,21312.92499999999,-10114.724999999977,165546.4375,7444.287500000006,144019.3625,43086.61249999999,-0.6875,-1.1375,1.0,-0.11249999999999982,-0.28749999999999964,-1.5749999999999886,0.025,0.08749999999999991,-0.2999999999999998,-0.32499999999999996,-0.925,-0.5250000000000057
-101681.225,174693.36250000005,-11859.362500000003,150838.025,21126.92499999999,-9551.724999999977,166280.4375,7438.287500000006,143460.3625,43313.61249999999,0.3125,-0.13749999999999996,-1.0,-0.11249999999999982,-0.28749999999999964,0.42500000000001137,0.025,0.08749999999999991,0.7000000000000002,-0.32499999999999996,0.075,0.4749999999999943
-101366.225,174413.36250000005,-11893.362500000003,150654.025,21360.92499999999,-9339.724999999977,167750.4375,7401.287500000006,144887.3625,43879.61249999999,0.3125,0.8625,0.0,-0.11249999999999982,-0.28749999999999964,0.42500000000001137,0.025,0.08749999999999991,-0.2999999999999998,-0.32499999999999996,0.075,0.4749999999999943
-102272.225,175731.36250000005,-11785.362500000003,152650.025,21400.92499999999,-9591.724999999977,167032.4375,7335.287500000006,144504.3625,43746.61249999999,1.3125,-0.13749999999999996,0.0,-0.11249999999999982,-0.28749999999999964,0.42500000000001137,0.025,0.08749999999999991,-0.2999999999999998,0.675,0.075,-0.5250000000000057
-103125.225,174890.36250000005,-11835.362500000003,152411.025,21076.92499999999,-9874.724999999977,165936.4375,7389.287500000006,144474.3625,43309.61249999999,0.3125,0.8625,0.0,-0.11249999999999982,0.7125000000000004,0.42500000000001137,0.025,0.08749999999999991,-0.2999999999999998,0.675,-0.925,0.4749999999999943
-103173.225,172480.36250000005,-11791.362500000003,153079.025,20822.92499999999,-10083.724999999977,164604.4375,7404.287500000006,145289.3625,43574.61249999999,0.3125,-0.13749999999999996,0.0,-0.11249999999999982,0.7125000000000004,-0.5749999999999886,0.025,0.08749999999999991,-0.2999999999999998,1.675,0.075,-0.5250000000000057
-102650.225,169541.36250000005,-11893.362500000003,155104.025,20363.92499999999,-10225.724999999977,163486.4375,7335.287500000006,146823.3625,43775.61249999999,1.3125,-0.13749999999999996,0.0,0.8875000000000002,-0.28749999999999964,-0.5749999999999886,0.025,0.08749999999999991,0.7000000000000002,-0.32499999999999996,0.075,-0.5250000000000057
-102281.225,168176.36250000005,-12045.362500000003,157100.025,20276.92499999999,-10193.724999999977,163146.4375,7466.287500000006,148426.3625,44001.61249999999,0.3125,0.8625,-1.0,-0.11249999999999982,0.7125000000000004,0.42500000000001137,0.025,-0.9125000000000001,-0.2999999999999998,-0.32499999999999996,0.075,0.4749999999999943
-102501.225,169083.36250000005,-11996.362500000003,157585.025,20607.92499999999,-10243.724999999977,163619.4375,7366.287500000006,147611.3625,43853.61249999999,0.3125,0.8625,1.0,-0.11249999999999982,0.7125000000000004,-0.5749999999999886,0.025,-0.9125000000000001,0.7000000000000002,0.675,0.075,0.4749999999999943
-103314.225,170926.36250000005,-11860.362500000003,156566.025,20849.92499999999,-10350.724999999977,164268.4375,7417.287500000006,146350.3625,43880.61249999999,0.3125,0.8625,0.0,-0.11249999999999982,0.7125000000000004,-0.5749999999999886,0.025,-0.9125000000000001,-0.2999999999999998,-0.32499999999999996,0.075,0.4749999999999943
-102916.225,172705.36250000005,-11875.362500000003,153117.025,21165.92499999999,-10200.724999999977,164762.4375,7534.287500000006,145466.3625,43792.61249999999,0.3125,-0.13749999999999996,1.0,-0.11249999999999982,-0.28749999999999964,0.42500000000001137,0.025,0.08749999999999991,-0.2999999999999998,0.675,0.075,-0.5250000000000057
-102123.225,173710.36250000005,-11850.362500000003,152130.025,21125.92499999999,-10096.724999999977,166206.4375,7459.287500000006,144592.3625,43601.61249999999,0.3125,-0.13749999999999996,0.0,-0.11249999999999982,-0.28749999999999964,0.42500000000001137,0.025,0.08749999999999991,-0.2999999999999998,-0.32499999999999996,0.075,-0.5250000000000057
-101637.225,174097.36250000005,-11955.362500000003,151698.025,21138.92499999999,-9534.724999999977,166653.4375,7542.287500000006,144129.3625,43659.61249999999,-0.6875,0.8625,0.0,0.8875000000000002,0.7125000000000004,-0.5749999999999886,0.025,0.08749999999999991,-0.2999999999999998,-0.32499999999999996,0.075,0.4749999999999943
-101594.225,174410.36250000005,-11999.362500000003,151803.025,21305.92499999999,-9709.724999999977,166977.4375,7354.287500000006,144757.3625,43701.61249999999,0.3125,-0.13749999999999996,1.0,-0.11249999999999982,-0.28749999999999964,0.42500000000001137,0.025,0.08749999999999991,0.7000000000000002,-0.32499999999999996,-0.925,0.4749999999999943
-101915.225,174345.36250000005,-11869.362500000003,152297.025,21353.92499999999,-9847.724999999977,167060.4375,7414.287500000006,145155.3625,43733.61249999999,-0.6875,-0.13749999999999996,0.0,-0.11249999999999982,-0.28749999999999964,-0.5749999999999886,0.025,0.08749999999999991,-0.2999999999999998,0.675,-0.925,0.4749999999999943
-102461.225,173748.36250000005,-11943.362500000003,152625.025,21359.92499999999,-10036.724999999977,166724.4375,7438.287500000006,145449.3625,43777.61249999999,0.3125,0.8625,-1.0,-0.11249999999999982,-0.28749999999999964,0.42500000000001137,0.025,0.08749999999999991,-0.2999999999999998,-0.32499999999999996,0.075,-0.5250000000000057
-102656.225,172305.36250000005,-12050.362500000003,153118.025,21224.92499999999,-10254.724999999977,165776.4375,7317.287500000006,145712.3625,43536.61249999999,0.3125,-0.13749999999999996,-1.0,-0.11249999999999982,-0.28749999999999964,0.42500000000001137,0.025,0.08749999999999991,-0.2999999999999998,-0.32499999999999996,0.075,1.4749999999999943
-102427.225,170660.36250000005,-12165.362500000003,154740.025,20844.92499999999,-10507.724999999977,164780.4375,7280.287500000006,146084.3625,43474.61249999999,0.3125,-0.13749999999999996,0.0,-0.11249999999999982,-0.28749999999999964,-0.5749999999999886,0.025,0.08749999999999991,-0.2999999999999998,-0.32499999999999996,0.075,0.4749999999999943
-102437.225,170179.36250000005,-12058.362500000003,155715.025,20817.92499999999,-10656.724999999977,164630.4375,7428.287500000006,147066.3625,43653.61249999999,-0.6875,-0.13749999999999996,0.0,-0.11249999999999982,0.7125000000000004,0.42500000000001137,0.025,0.08749999999999991,0.7000000000000002,-0.32499999999999996,0.075,0.4749999999999943
-102895.225,171467.36250000005,-12019.362500000003,154811.025,21225.92499999999,-10534.724999999977,165414.4375,7268.287500000006,146080.3625,43824.61249999999,0.3125,-0.13749999999999996,-1.0,-0.11249999999999982,-0.28749999999999964,-0.5749999999999886,0.025,0.08749999999999991,-0.2999999999999998,-0.32499999999999996,0.075,-0.5250000000000057
-103334.225,173255.36250000005,-11906.362500000003,153582.025,21303.92499999999,-10212.724999999977,165779.4375,7488.287500000006,145189.3625,43773.61249999999,0.3125,0.8625,0.0,-1.1124999999999998,0.7125000000000004,0.42500000000001137,0.025,0.08749999999999991,-0.2999999999999998,-0.32499999999999996,0.075,0.4749999999999943
-103006.225,174160.36250000005,-11723.362500000003,152853.025,21151.92499999999,-10057.724999999977,165850.4375,7418.287500000006,144569.3625,43626.61249999999,0.3125,0.8625,0.0,-0.11249999999999982,-0.28749999999999964,0.42500000000001137,0.025,0.08749999999999991,0.7000000000000002,0.675,0.075,0.4749999999999943
-102249.225,174140.36250000005,-11994.362500000003,152706.025,21038.92499999999,-9934.724999999977,165924.4375,7432.287500000006,144280.3625,43641.61249999999,0.3125,-0.13749999999999996,0.0,-0.11249999999999982,-0.28749999999999964,0.42500000000001137,0.025,0.08749999999999991,-0.2999999999999998,-0.32499999999999996,-0.925,-0.5250000000000057
-102175.225,174052.36250000005,-12008.362500000003,152288.025,20997.92499999999,-9700.724999999977,166294.4375,7493.287500000006,144465.3625,43758.61249999999,1.3125,-0.13749999999999996,-1.0,-0.11249999999999982,-0.28749999999999964,-0.5749999999999886,0.025,0.08749999999999991,0.7000000000000002,-0.32499999999999996,0.075,-0.5250000000000057
-102907.225,173468.36250000005,-11984.362500000003,153477.025,21239.92499999999,-10007.724999999977,166075.4375,7438.287500000006,145559.3625,43847.61249999999,0.3125,0.8625,-1.0,0.8875000000000002,-0.28749999999999964,-0.5749999999999886,0.025,0.08749999999999991,0.7000000000000002,0.675,0.075,-0.5250000000000057
-103051.225,172383.36250000005,-11960.362500000003,154129.025,21240.92499999999,-10230.724999999977,165028.4375,7416.287500000006,146065.3625,43924.61249999999,0.3125,-0.13749999999999996,0.0,-0.11249999999999982,-0.28749999999999964,-0.5749999999999886,0.025,0.08749999999999991,0.7000000000000002,0.675,-0.925,-0.5250000000000057
-102915.225,171168.36250000005,-12108.362500000003,154580.025,20818.92499999999,-10311.724999999977,164874.4375,7483.287500000006,146488.3625,43832.61249999999,0.3125,-0.13749999999999996,0.0,0.8875000000000002,-0.28749999999999964,0.42500000000001137,0.025,0.08749999999999991,-0.2999999999999998,-0.32499999999999996,0.075,-0.5250000000000057
-102537.225,170133.36250000005,-12175.362500000003,155077.025,20847.92499999999,-10119.724999999977,164744.4375,7457.287500000006,147442.3625,43852.61249999999,0.3125,-0.13749999999999996,0.0,0.8875000000000002,0.7125000000000004,-0.5749999999999886,0.025,0.08749999999999991,-0.2999999999999998,-0.32499999999999996,0.075,0.4749999999999943
-102201.225,169800.36250000005,-12163.362500000003,155584.025,21049.92499999999,-10083.724999999977,164782.4375,7407.287500000006,147217.3625,43961.61249999999,0.3125,-0.13749999999999996,0.0,-0.11249999999999982,-0.28749999999999964,0.42500000000001137,0.025,0.08749999999999991,-0.2999999999999998,-0.32499999999999996,0.075,-0.5250000000000057
-102397.225,170739.36250000005,-12058.362500000003,154338.025,21186.92499999999,-10163.724999999977,165282.4375,7476.287500000006,146238.3625,43864.61249999999,0.3125,-0.13749999999999996,-1.0,-0.11249999999999982,-0.28749999999999964,0.42500000000001137,0.025,0.08749999999999991,-0.2999999999999998,-0.32499999999999996,0.075,0.4749999999999943
-102924.225,172255.36250000005,-11966.362500000003,153595.025,21196.92499999999,-10305.724999999977,165823.4375,7454.287500000006,145139.3625,43749.61249999999,0.3125,-0.13749999999999996,0.0,-0.11249999999999982,0.7125000000000004,-0.5749999999999886,0.025,0.08749999999999991,-0.2999999999999998,-0.32499999999999996,0.075,0.4749999999999943
-102586.225,173282.36250000005,-12000.362500000003,153275.025,21321.92499999999,-10008.724999999977,166137.4375,7525.287500000006,144708.3625,43822.61249999999,-0.6875,-0.13749999999999996,1.0,-0.11249999999999982,-0.28749999999999964,-0.5749999999999886,0.025,0.08749999999999991,-0.2999999999999998,2.675,-0.925,3.4749999999999943
-102148.225,173234.36250000005,-11929.362500000003,152676.025,20744.92499999999,-9890.724999999977,166372.4375,7641.287500000006,145108.3625,43599.61249999999,0.3125,-0.13749999999999996,-1.0,-0.11249999999999982,0.7125000000000004,0.42500000000001137,0.025,-0.9125000000000001,-0.2999999999999998,2.675,-0.925,2.4749999999999943
-102629.225,173559.36250000005,-11814.362500000003,153056.025,20409.92499999999,-10203.724999999977,166632.4375,7776.287500000006,145301.3625,43686.61249999999,0.3125,-1.1375,0.0,0.8875000000000002,1.7125000000000004,-0.5749999999999886,0.025,1.0875,-0.2999999999999998,-1.325,-0.925,-1.5250000000000057
-103033.225,173432.36250000005,-11978.362500000003,153763.025,19974.92499999999,-10264.724999999977,166169.4375,7873.287500000006,145566.3625,43420.61249999999,0.3125,-0.13749999999999996,1.0,-0.11249999999999982,1.7125000000000004,0.42500000000001137,-0.975,0.08749999999999991,-0.2999999999999998,1.675,0.075,0.4749999999999943
-103126.225,172494.36250000005,-11792.362500000003,154244.025,19771.92499999999,-10352.724999999977,165038.4375,7725.287500000006,145798.3625,43532.61249999999,0.3125,-0.13749999999999996,-1.0,-0.11249999999999982,-0.28749999999999964,0.42500000000001137,-0.975,0.08749999999999991,0.7000000000000002,-1.325,0.075,-0.5250000000000057
-102774.225,171220.36250000005,-12110.362500000003,154398.025,19374.92499999999,-10218.724999999977,164404.4375,7651.287500000006,146086.3625,43605.61249999999,0.3125,-1.1375,-2.0,-0.11249999999999982,-1.2874999999999996,1.4250000000000114,0.025,0.08749999999999991,-0.2999999999999998,1.675,0.075,3.4749999999999943
-102806.225,170841.36250000005,-12070.362500000003,154786.025,19423.92499999999,-10110.724999999977,164460.4375,7591.287500000006,-11109.637499999997,43468.61249999999,-0.6875,0.8625,1.0,0.8875000000000002,-1.2874999999999996,-0.5749999999999886,0.025,0.08749999999999991,0.7000000000000002,-1.325,0.075,-0.5250000000000057
-102927.225,171232.36250000005,-11801.362500000003,154962.025,19645.92499999999,-10330.724999999977,164955.4375,7622.287500000006,1364784.3625,43526.61249999999,0.3125,-1.1375,1.0,-1.1124999999999998,0.7125000000000004,2.4250000000000114,0.025,0.08749999999999991,-0.2999999999999998,-0.32499999999999996,0.075,0.4749999999999943
-103048.225,172035.36250000005,-11732.362500000003,154762.025,19776.92499999999,-10302.724999999977,165515.4375,7687.287500000006,145729.3625,43641.61249999999,0.3125,-0.13749999999999996,1.0,0.8875000000000002,0.7125000000000004,0.42500000000001137,0.025,0.08749999999999991,0.7000000000000002,-1.325,0.075,-0.5250000000000057
-103108.225,172869.36250000005,-11732.362500000003,154212.025,19879.92499999999,-10263.724999999977,165703.4375,7578.287500000006,145141.3625,43634.61249999999,0.3125,-0.13749999999999996,-1.0,-0.11249999999999982,0.7125000000000004,1.4250000000000114,0.025,0.08749999999999991,-0.2999999999999998,-0.32499999999999996,-0.925,-0.5250000000000057
-102948.225,173316.36250000005,-12037.362500000003,153791.025,19525.92499999999,-10143.724999999977,165858.4375,7640.287500000006,144758.3625,43565.61249999999,0.3125,0.8625,0.0,0.8875000000000002,-0.28749999999999964,-0.5749999999999886,0.025,0.08749999999999991,0.7000000000000002,0.675,0.075,0.4749999999999943
-102414.225,172820.36250000005,-11918.362500000003,153522.025,19679.92499999999,-9976.724999999977,166009.4375,7716.287500000006,144860.3625,43632.61249999999,0.3125,-1.1375,0.0,-1.1124999999999998,0.7125000000000004,0.42500000000001137,0.025,0.08749999999999991,-0.2999999999999998,0.675,0.075,-0.5250000000000057
-102265.225,172852.36250000005,-11994.362500000003,153545.025,19788.92499999999,-10073.724999999977,166095.4375,7508.287500000006,145426.3625,43731.61249999999,0.3125,0.8625,0.0,-0.11249999999999982,-0.28749999999999964,-0.5749999999999886,0.025,0.08749999999999991,-0.2999999999999998,0.675,0.075,0.4749999999999943
-102841.225,172882.36250000005,-12118.362500000003,153918.025,19656.92499999999,-10271.724999999977,166220.4375,7547.287500000006,145728.3625,43649.61249999999,0.3125,-0.13749999999999996,0.0,-0.11249999999999982,-0.28749999999999964,0.42500000000001137,0.025,0.08749999999999991,0.7000000000000002,-0.32499999999999996,0.075,0.4749999999999943
-103051.225,172328.36250000005,-12092.362500000003,154287.025,19699.92499999999,-10221.724999999977,165915.4375,7599.287500000006,146028.3625,43545.61249999999,0.3125,0.8625,0.0,0.8875000000000002,-1.2874999999999996,-1.5749999999999886,0.025,0.08749999999999991,-0.2999999999999998,-0.32499999999999996,-0.925,-0.5250000000000057
-102923.225,171573.36250000005,-12097.362500000003,154603.025,19623.92499999999,-10142.724999999977,165468.4375,7598.287500000006,146116.3625,43517.61249999999,0.3125,-0.13749999999999996,-1.0,-0.11249999999999982,-0.28749999999999964,0.42500000000001137,0.025,0.08749999999999991,0.7000000000000002,-0.32499999999999996,-0.925,0.4749999999999943
-102654.225,171031.36250000005,-12134.362500000003,154619.025,19645.92499999999,-10060.724999999977,165107.4375,7559.287500000006,146203.3625,43383.61249999999,0.3125,-0.13749999999999996,0.0,0.8875000000000002,-0.28749999999999964,0.42500000000001137,0.025,0.08749999999999991,-0.2999999999999998,-0.32499999999999996,-0.925,-0.5250000000000057
-102553.225,170942.36250000005,-12035.362500000003,154449.025,19634.92499999999,-10090.724999999977,165215.4375,7605.287500000006,146311.3625,43543.61249999999,0.3125,-0.13749999999999996,0.0,-1.1124999999999998,-0.28749999999999964,1.4250000000000114,0.025,0.08749999999999991,-0.2999999999999998,-0.32499999999999996,-0.925,0.4749999999999943
-102604.225,171149.36250000005,-11944.362500000003,154489.025,19648.92499999999,-10189.724999999977,165649.4375,7596.287500000006,145995.3625,43542.61249999999,0.3125,-0.13749999999999996,0.0,0.8875000000000002,-0.28749999999999964,-0.5749999999999886,0.025,0.08749999999999991,-0.2999999999999998,-0.32499999999999996,0.075,-0.5250000000000057
-102791.225,171759.36250000005,-11892.362500000003,154417.025,19793.92499999999,-9872.724999999977,165851.4375,7576.287500000006,145598.3625,43495.61249999999,0.3125,-0.13749999999999996,0.0,-0.11249999999999982,-0.28749999999999964,-0.5749999999999886,0.025,0.08749999999999991,-0.2999999999999998,0.675,0.075,-0.5250000000000057
-103135.225,172472.36250000005,-11851.362500000003,154147.025,19868.92499999999,-9872.724999999977,165629.4375,7574.287500000006,145080.3625,43483.61249999999,-0.6875,-0.13749999999999996,0.0,0.8875000000000002,-0.28749999999999964,-0.5749999999999886,0.025,0.08749999999999991,0.7000000000000002,-0.32499999999999996,0.075,0.4749999999999943
-102561.225,172530.36250000005,-11773.362500000003,153799.025,19807.92499999999,-9920.724999999977,165462.4375,7495.287500000006,144787.3625,43381.61249999999,-0.6875,0.8625,1.0,-0.11249999999999982,0.7125000000000004,0.42500000000001137,0.025,0.08749999999999991,-0.2999999999999998,-0.32499999999999996,0.075,-0.5250000000000057
-102892.225,172561.36250000005,-11915.362500000003,154024.025,19701.92499999999,-9957.724999999977,165456.4375,7746.287500000006,145176.3625,43656.61249999999,-0.6875,0.8625,1.0,-1.1124999999999998,0.7125000000000004,0.42500000000001137,0.025,-0.9125000000000001,0.7000000000000002,0.675,0.075,1.4749999999999943
-103165.225,172587.36250000005,-11897.362500000003,154316.025,19621.92499999999,-10136.724999999977,165201.4375,7619.287500000006,145181.3625,43472.61249999999,-0.6875,0.8625,1.0,-0.11249999999999982,-0.28749999999999964,-0.5749999999999886,0.025,0.08749999999999991,0.7000000000000002,-0.32499999999999996,0.075,-0.5250000000000057
-103298.225,172326.36250000005,-11945.362500000003,154769.025,19686.92499999999,-10186.724999999977,164916.4375,7563.287500000006,145310.3625,43518.61249999999,0.3125,-0.13749999999999996,-1.0,-0.11249999999999982,0.7125000000000004,-0.5749999999999886,0.025,0.08749999999999991,0.7000000000000002,0.675,-0.925,0.4749999999999943
-103139.225,171897.36250000005,-11910.362500000003,154595.025,19577.92499999999,-10279.724999999977,164890.4375,7548.287500000006,145278.3625,43482.61249999999,1.3125,-0.13749999999999996,-1.0,0.8875000000000002,-0.28749999999999964,-0.5749999999999886,0.025,0.08749999999999991,-0.2999999999999998,-0.32499999999999996,0.075,-1.5250000000000057
-102817.225,171509.36250000005,-12003.362500000003,154372.025,19610.92499999999,-10134.724999999977,165144.4375,7679.287500000006,145370.3625,43491.61249999999,0.3125,-1.1375,0.0,-0.11249999999999982,0.7125000000000004,0.42500000000001137,0.025,0.08749999999999991,-0.2999999999999998,0.675,0.075,-0.5250000000000057
-102629.225,171524.36250000005,-12023.362500000003,154169.025,19740.92499999999,-10130.724999999977,165273.4375,7697.287500000006,145574.3625,43468.61249999999,0.3125,-0.13749999999999996,-1.0,-0.11249999999999982,-1.2874999999999996,-0.5749999999999886,0.025,0.08749999999999991,0.7000000000000002,1.675,-0.925,0.4749999999999943
-102740.225,171813.36250000005,-11954.362500000003,154214.025,19748.92499999999,-10079.724999999977,165691.4375,7556.287500000006,145394.3625,43674.61249999999,0.3125,0.8625,-2.0,-0.11249999999999982,2.7125000000000004,-1.5749999999999886,0.025,-0.9125000000000001,0.7000000000000002,-0.32499999999999996,2.075,7.474999999999994
-102772.225,172268.36250000005,-11987.362500000003,154301.025,19951.92499999999,-10236.724999999977,165911.4375,7578.287500000006,145321.3625,43655.61249999999,-2.6875,2.8625,-5.0,-2.1125,-0.28749999999999964,-5.574999999999989,0.025,-0.9125000000000001,-1.2999999999999998,-1.325,0.075,0.4749999999999943
-102669.225,172490.36250000005,-11998.362500000003,154252.025,19665.92499999999,-10322.724999999977,166004.4375,7667.287500000006,145107.3625,43645.61249999999,2.3125,-0.13749999999999996,2.0,0.8875000000000002,-1.2874999999999996,-4.574999999999989,0.025,0.08749999999999991,-0.2999999999999998,1.675,1.075,-1.5250000000000057
-102633.225,172019.36250000005,-11874.362500000003,153825.025,19591.92499999999,-10108.724999999977,165370.4375,7844.287500000006,144939.3625,43518.61249999999,1.3125,-1.1375,3.0,-1.1124999999999998,-0.28749999999999964,-1.5749999999999886,0.025,-0.9125000000000001,-0.2999999999999998,-1.325,-2.925,-0.5250000000000057
-102653.225,172167.36250000005,-11965.362500000003,154109.025,19589.92499999999,-10242.724999999977,165468.4375,7747.287500000006,145072.3625,43519.61249999999,0.3125,-3.1375,-1.0,-0.11249999999999982,0.7125000000000004,-2.5749999999999886,0.025,0.08749999999999991,-0.2999999999999998,0.675,-0.925,1.4749999999999943
-102813.225,172212.36250000005,-12197.362500000003,154334.025,19500.92499999999,-10180.724999999977,165770.4375,7551.287500000006,145270.3625,43461.61249999999,-0.6875,-2.1375,-4.0,-0.11249999999999982,-1.2874999999999996,-0.5749999999999886,0.025,0.08749999999999991,-0.2999999999999998,-0.32499999999999996,0.075,1.4749999999999943
-102705.225,171783.36250000005,-12183.362500000003,154222.025,19373.92499999999,-10202.724999999977,166037.4375,7353.287500000006,145366.3625,43550.61249999999,0.3125,-0.13749999999999996,0.0,-0.11249999999999982,-2.2874999999999996,-0.5749999999999886,0.025,0.08749999999999991,-0.2999999999999998,1.675,0.075,1.4749999999999943
-102487.225,171345.36250000005,-12139.362500000003,153872.025,19367.92499999999,-10016.724999999977,166209.4375,7426.287500000006,145579.3625,43802.61249999999,0.3125,-1.1375,1.0,-0.11249999999999982,-0.28749999999999964,-1.5749999999999886,0.025,0.08749999999999991,-0.2999999999999998,0.675,-1.925,-0.5250000000000057
-102598.225,171494.36250000005,-12133.362500000003,153811.025,19391.92499999999,-9888.724999999977,166193.4375,7570.287500000006,145679.3625,43622.61249999999,0.3125,-0.13749999999999996,1.0,0.8875000000000002,0.7125000000000004,-2.5749999999999886,0.025,0.08749999999999991,0.7000000000000002,0.675,1.075,2.4749999999999943
-102913.225,171870.36250000005,-12147.362500000003,154571.025,19242.92499999999,-9982.724999999977,165873.4375,7611.287500000006,145432.3625,43478.61249999999,0.3125,-0.13749999999999996,-3.0,-0.11249999999999982,0.7125000000000004,-0.5749999999999886,0.025,0.08749999999999991,-0.2999999999999998,-0.32499999999999996,-0.925,1.4749999999999943
-103090.225,171965.36250000005,-11941.362500000003,154420.025,19414.92499999999,-10124.724999999977,165503.4375,7588.287500000006,145224.3625,43539.61249999999,0.3125,-0.13749999999999996,-2.0,-0.11249999999999982,-1.2874999999999996,-0.5749999999999886,0.025,0.08749999999999991,0.7000000000000002,0.675,-0.925,-1.5250000000000057
-103141.225,171773.36250000005,-11805.362500000003,154580.025,19489.92499999999,-9857.724999999977,165661.4375,7632.287500000006,145574.3625,43428.61249999999,1.3125,-0.13749999999999996,2.0,-0.11249999999999982,-0.28749999999999964,-0.5749999999999886,0.025,-0.9125000000000001,0.7000000000000002,0.675,1.075,0.4749999999999943
-103015.225,171677.36250000005,-11879.362500000003,154718.025,19308.92499999999,-9911.724999999977,165657.4375,7622.287500000006,145800.3625,43542.61249999999,0.3125,-0.13749999999999996,1.0,-0.11249999999999982,1.7125000000000004,-0.5749999999999886,0.025,-0.9125000000000001,-0.2999999999999998,-0.32499999999999996,0.075,1.4749999999999943
-102936.225,171604.36250000005,-11926.362500000003,154777.025,19219.92499999999,-10126.724999999977,165352.4375,7557.287500000006,145719.3625,43638.61249999999,-0.6875,0.8625,1.0,-0.11249999999999982,-0.28749999999999964,0.42500000000001137,0.025,0.08749999999999991,-0.2999999999999998,-0.32499999999999996,-0.925,-0.5250000000000057
-103163.225,172137.36250000005,-11886.362500000003,154898.025,19239.92499999999,-10225.724999999977,165242.4375,7871.287500000006,145302.3625,43445.61249999999,0.3125,-0.13749999999999996,0.0,-0.11249999999999982,-0.28749999999999964,0.42500000000001137,0.025,0.08749999999999991,-0.2999999999999998,0.675,0.075,-1.5250000000000057
-103428.225,172592.36250000005,-11829.362500000003,155074.025,19274.92499999999,-10098.724999999977,165202.4375,7697.287500000006,144947.3625,43186.61249999999,0.3125,-0.13749999999999996,-1.0,-0.11249999999999982,0.7125000000000004,0.42500000000001137,0.025,0.08749999999999991,-0.2999999999999998,-0.32499999999999996,0.075,0.4749999999999943
-102931.225,172088.36250000005,-11831.362500000003,154146.025,19361.92499999999,-10020.724999999977,165670.4375,7718.287500000006,145267.3625,43507.61249999999,0.3125,0.8625,0.0,-1.1124999999999998,0.7125000000000004,0.42500000000001137,0.025,0.08749999999999991,-0.2999999999999998,-0.32499999999999996,0.075,-1.5250000000000057
-102971.225,172276.36250000005,-11880.362500000003,154226.025,19486.92499999999,-10174.724999999977,166100.4375,7689.287500000006,145197.3625,43594.61249999999,0.3125,-0.13749999999999996,0.0,-0.11249999999999982,-0.28749999999999964,1.4250000000000114,0.025,0.08749999999999991,0.7000000000000002,-0.32499999999999996,0.075,-0.5250000000000057
-102917.225,172660.36250000005,-11921.362500000003,154292.025,19442.92499999999,-10228.724999999977,166542.4375,7740.287500000006,145138.3625,43467.61249999999,-0.6875,-0.13749999999999996,0.0,-0.11249999999999982,-0.28749999999999964,1.4250000000000114,0.025,-0.9125000000000001,-0.2999999999999998,-0.32499999999999996,-0.925,-0.5250000000000057
-102854.225,172531.36250000005,-11959.362500000003,154234.025,19536.92499999999,-10269.724999999977,166512.4375,7620.287500000006,145046.3625,43558.61249999999,0.3125,-0.13749999999999996,0.0,0.8875000000000002,-1.2874999999999996,0.42500000000001137,0.025,0.08749999999999991,0.7000000000000002,-0.32499999999999996,0.075,-0.5250000000000057
-102680.225,172384.36250000005,-12061.362500000003,154008.025,19500.92499999999,-10174.724999999977,166608.4375,7641.287500000006,145196.3625,43595.61249999999,0.3125,-0.13749999999999996,0.0,-0.11249999999999982,-0.28749999999999964,0.42500000000001137,0.025,0.08749999999999991,-0.2999999999999998,-0.32499999999999996,0.075,0.4749999999999943
-102567.225,172054.36250000005,-12011.362500000003,153933.025,19386.92499999999,-10215.724999999977,166533.4375,7592.287500000006,145457.3625,43687.61249999999,0.3125,-1.1375,0.0,-0.11249999999999982,-0.28749999999999964,-0.5749999999999886,0.025,0.08749999999999991,-0.2999999999999998,0.675,0.075,-0.5250000000000057
-102898.225,171766.36250000005,-12046.362500000003,154451.025,19409.92499999999,-10230.724999999977,166478.4375,7668.287500000006,145721.3625,43677.61249999999,0.3125,-0.13749999999999996,0.0,-0.11249999999999982,-0.28749999999999964,0.42500000000001137,0.025,0.08749999999999991,0.7000000000000002,-0.32499999999999996,0.075,-0.5250000000000057
-103071.225,171901.36250000005,-11851.362500000003,154843.025,19442.92499999999,-10357.724999999977,166442.4375,7673.287500000006,145683.3625,43576.61249999999,0.3125,-0.13749999999999996,-1.0,-0.11249999999999982,0.7125000000000004,0.42500000000001137,0.025,0.08749999999999991,-0.2999999999999998,-0.32499999999999996,0.075,0.4749999999999943
-103095.225,172060.36250000005,-11855.362500000003,154950.025,19409.92499999999,-10448.724999999977,166200.4375,7636.287500000006,145564.3625,43475.61249999999,-0.6875,-0.13749999999999996,1.0,-0.11249999999999982,0.7125000000000004,0.42500000000001137,0.025,0.08749999999999991,-0.2999999999999998,0.675,0.075,0.4749999999999943
-103134.225,172122.36250000005,-11828.362500000003,154785.025,19447.92499999999,-10287.724999999977,166331.4375,7604.287500000006,145661.3625,43338.61249999999,-0.6875,0.8625,0.0,-0.11249999999999982,0.7125000000000004,1.4250000000000114,0.025,-0.9125000000000001,-0.2999999999999998,-0.32499999999999996,0.075,-0.5250000000000057
-103049.225,172162.36250000005,-11926.362500000003,154607.025,19428.92499999999,-10292.724999999977,166325.4375,7521.287500000006,145593.3625,43462.61249999999,0.3125,0.8625,0.0,-0.11249999999999982,-0.28749999999999964,0.42500000000001137,0.025,-0.9125000000000001,-0.2999999999999998,-0.32499999999999996,0.075,0.4749999999999943
-103039.225,172341.36250000005,-11971.362500000003,154514.025,19334.92499999999,-10268.724999999977,166377.4375,7729.287500000006,145263.3625,43505.61249999999,0.3125,-0.13749999999999996,1.0,0.8875000000000002,0.7125000000000004,0.42500000000001137,0.025,0.08749999999999991,-0.2999999999999998,-0.32499999999999996,0.075,0.4749999999999943
-103110.225,172653.36250000005,-11913.362500000003,154469.025,19325.92499999999,-10137.724999999977,166349.4375,7689.287500000006,145091.3625,43454.61249999999,0.3125,-0.13749999999999996,0.0,-0.11249999999999982,0.7125000000000004,-0.5749999999999886,0.025,0.08749999999999991,-0.2999999999999998,-0.32499999999999996,0.075,-0.5250000000000057
-102849.225,172335.36250000005,-11978.362500000003,154273.025,19321.92499999999,-10178.724999999977,166235.4375,7591.287500000006,144869.3625,43630.61249999999,0.3125,-0.13749999999999996,1.0,-0.11249999999999982,0.7125000000000004,0.42500000000001137,0.025,-0.9125000000000001,-0.2999999999999998,0.675,0.075,0.4749999999999943
-102765.225,172105.36250000005,-11980.362500000003,154267.025,19286.92499999999,-9973.724999999977,165789.4375,7565.287500000006,145037.3625,43485.61249999999,0.3125,-0.13749999999999996,1.0,0.8875000000000002,-0.28749999999999964,-0.5749999999999886,0.025,0.08749999999999991,0.7000000000000002,0.675,0.075,-0.5250000000000057
-102786.225,171733.36250000005,-12111.362500000003,154555.025,19308.92499999999,-9998.724999999977,165486.4375,7565.287500000006,145395.3625,43453.61249999999,0.3125,0.8625,-1.0,-0.11249999999999982,0.7125000000000004,1.4250000000000114,0.025,0.08749999999999991,-0.2999999999999998,0.675,-0.925,-0.5250000000000057
-102810.225,171551.36250000005,-12111.362500000003,154910.025,19286.92499999999,-10045.724999999977,165337.4375,7517.287500000006,145465.3625,43529.61249999999,0.3125,0.8625,-1.0,-0.11249999999999982,-0.28749999999999964,0.42500000000001137,0.025,0.08749999999999991,-0.2999999999999998,-0.32499999999999996,0.075,0.4749999999999943
-102909.225,171534.36250000005,-11967.362500000003,155175.025,19393.92499999999,-10117.724999999977,165503.4375,7572.287500000006,145439.3625,43341.61249999999,-0.6875,-0.13749999999999996,0.0,-1.1124999999999998,-0.28749999999999964,0.42500000000001137,0.025,0.08749999999999991,-0.2999999999999998,-0.32499999999999996,0.075,0.4749999999999943
-102989.225,171591.36250000005,-11879.362500000003,155009.025,19328.92499999999,-10098.724999999977,165635.4375,7669.287500000006,145364.3625,43357.61249999999,0.3125,-0.13749999999999996,0.0,-0.11249999999999982,-0.28749999999999964,-0.5749999999999886,0.025,0.08749999999999991,0.7000000000000002,-0.32499999999999996,0.075,0.4749999999999943
-102934.225,171771.36250000005,-11906.362500000003,154517.025,19392.92499999999,-10074.724999999977,165822.4375,7584.287500000006,145173.3625,43312.61249999999,0.3125,-0.13749999999999996,-1.0,-0.11249999999999982,-0.28749999999999964,-0.5749999999999886,0.025,0.08749999999999991,-0.2999999999999998,0.675,0.075,1.4749999999999943
-102874.225,171953.36250000005,-12054.362500000003,154376.025,19416.92499999999,-10189.724999999977,166008.4375,7708.287500000006,145023.3625,43377.61249999999,0.3125,-0.13749999999999996,-1.0,-0.11249999999999982,-1.2874999999999996,-0.5749999999999886,0.025,0.08749999999999991,0.7000000000000002,-1.325,0.075,-0.5250000000000057
-102905.225,172368.36250000005,-12085.362500000003,154429.025,19430.92499999999,-10123.724999999977,166384.4375,7576.287500000006,144699.3625,43252.61249999999,-0.6875,0.8625,0.0,-0.11249999999999982,-0.28749999999999964,0.42500000000001137,0.025,-0.9125000000000001,-0.2999999999999998,-0.32499999999999996,0.075,0.4749999999999943
-102967.225,172491.36250000005,-11981.362500000003,154542.025,19501.92499999999,-10293.724999999977,166380.4375,7495.287500000006,144642.3625,43345.61249999999,-0.6875,0.8625,0.0,-1.1124999999999998,-0.28749999999999964,-0.5749999999999886,0.025,0.08749999999999991,0.7000000000000002,-0.32499999999999996,-0.925,-0.5250000000000057
-103000.225,172533.36250000005,-11921.362500000003,154505.025,19439.92499999999,-10295.724999999977,166209.4375,7550.287500000006,144616.3625,43279.61249999999,0.3125,-0.13749999999999996,0.0,-0.11249999999999982,-0.28749999999999964,0.42500000000001137,0.025,0.08749999999999991,-0.2999999999999998,-0.32499999999999996,0.075,0.4749999999999943
-102842.225,172487.36250000005,-11963.362500000003,154438.025,19530.92499999999,-10153.724999999977,166121.4375,7567.287500000006,144613.3625,43296.61249999999,0.3125,-0.13749999999999996,0.0,0.8875000000000002,0.7125000000000004,-0.5749999999999886,0.025,-0.9125000000000001,-0.2999999999999998,-0.32499999999999996,0.075,0.4749999999999943
-102941.225,172218.36250000005,-12007.362500000003,154485.025,19478.92499999999,-10082.724999999977,165914.4375,7635.287500000006,144664.3625,43377.61249999999,-0.6875,-0.13749999999999996,0.0,-0.11249999999999982,0.7125000000000004,0.42500000000001137,0.025,0.08749999999999991,-0.2999999999999998,-0.32499999999999996,-0.925,-0.5250000000000057
-102992.225,171959.36250000005,-11909.362500000003,154897.025,19374.92499999999,-10108.724999999977,165845.4375,7588.287500000006,145201.3625,43359.61249999999,-0.6875,-0.13749999999999996,0.0,-0.11249999999999982,-0.28749999999999964,-0.5749999999999886,0.025,0.08749999999999991,-0.2999999999999998,0.675,0.075,0.4749999999999943
-102992.225,171810.36250000005,-11996.362500000003,155063.025,19299.92499999999,-10188.724999999977,165772.4375,7574.287500000006,145478.3625,43522.61249999999,0.3125,-0.13749999999999996,1.0,0.8875000000000002,-0.28749999999999964,0.42500000000001137,0.025,0.08749999999999991,0.7000000000000002,-0.32499999999999996,0.075,-0.5250000000000057
-102963.225,171529.36250000005,-11913.362500000003,154881.025,19350.92499999999,-10217.724999999977,165857.4375,7702.287500000006,145595.3625,43539.61249999999,-0.6875,0.8625,-1.0,-0.11249999999999982,-1.2874999999999996,-0.5749999999999886,0.025,0.08749999999999991,-0.2999999999999998,-0.32499999999999996,0.075,-0.5250000000000057
-102915.225,171571.36250000005,-12038.362500000003,154892.025,19435.92499999999,-10155.724999999977,165925.4375,7720.287500000006,145460.3625,43413.61249999999,0.3125,-0.13749999999999996,0.0,0.8875000000000002,-0.28749999999999964,0.42500000000001137,0.025,0.08749999999999991,-0.2999999999999998,0.675,-0.925,-0.5250000000000057
-103086.225,171797.36250000005,-12085.362500000003,154751.025,19509.92499999999,-10197.724999999977,166013.4375,7656.287500000006,145325.3625,43273.61249999999,-0.6875,0.8625,0.0,-0.11249999999999982,-0.28749999999999964,-0.5749999999999886,0.025,-0.9125000000000001,-0.2999999999999998,-0.32499999999999996,0.075,-0.5250000000000057
-103173.225,172051.36250000005,-12034.362500000003,154538.025,19490.92499999999,-10196.724999999977,166262.4375,7617.287500000006,145075.3625,43449.61249999999,0.3125,0.8625,0.0,-0.11249999999999982,-0.28749999999999964,0.42500000000001137,0.025,0.08749999999999991,-0.2999999999999998,-0.32499999999999996,0.075,0.4749999999999943
-103058.225,172182.36250000005,-11975.362500000003,154434.025,19518.92499999999,-10147.724999999977,166385.4375,7659.287500000006,144998.3625,43635.61249999999,-0.6875,0.8625,-1.0,-0.11249999999999982,0.7125000000000004,0.42500000000001137,-0.975,0.08749999999999991,-0.2999999999999998,-0.32499999999999996,0.075,0.4749999999999943
-102942.225,172024.36250000005,-11989.362500000003,154389.025,19371.92499999999,-10223.724999999977,166622.4375,7563.287500000006,145033.3625,43610.61249999999,0.3125,-0.13749999999999996,1.0,-0.11249999999999982,-0.28749999999999964,0.42500000000001137,0.025,0.08749999999999991,-0.2999999999999998,-0.32499999999999996,0.075,0.4749999999999943
-102933.225,171876.36250000005,-11988.362500000003,154447.025,19317.92499999999,-10376.724999999977,166439.4375,7607.287500000006,145095.3625,43621.61249999999,0.3125,-0.13749999999999996,0.0,-0.11249999999999982,-0.28749999999999964,0.42500000000001137,0.025,0.08749999999999991,-0.2999999999999998,-0.32499999999999996,0.075,1.4749999999999943
-102705.225,171780.36250000005,-12043.362500000003,154573.025,19358.92499999999,-10055.724999999977,166354.4375,7640.287500000006,144903.3625,43510.61249999999,0.3125,-0.13749999999999996,-1.0,-0.11249999999999982,-1.2874999999999996,0.42500000000001137,0.025,0.08749999999999991,-0.2999999999999998,-0.32499999999999996,-0.925,0.4749999999999943
-102914.225,171778.36250000005,-11976.362500000003,154724.025,19389.92499999999,-10228.724999999977,166220.4375,7562.287500000006,144917.3625,43537.61249999999,0.3125,-0.13749999999999996,0.0,-0.11249999999999982,-0.28749999999999964,0.42500000000001137,0.025,0.08749999999999991,-0.2999999999999998,0.675,-0.925,0.4749999999999943
-102815.225,171295.36250000005,-12064.362500000003,154804.025,19384.92499999999,-10041.724999999977,166057.4375,7701.287500000006,145189.3625,43337.61249999999,0.3125,-0.13749999999999996,-1.0,-0.11249999999999982,-0.28749999999999964,-0.5749999999999886,0.025,0.08749999999999991,-0.2999999999999998,0.675,0.075,0.4749999999999943
-102958.225,171246.36250000005,-12022.362500000003,154795.025,19358.92499999999,-10169.724999999977,165964.4375,7649.287500000006,145079.3625,43341.61249999999,0.3125,-0.13749999999999996,1.0,0.8875000000000002,-0.28749999999999964,-0.5749999999999886,0.025,0.08749999999999991,-0.2999999999999998,0.675,0.075,0.4749999999999943
-102917.225,171579.36250000005,-11919.362500000003,154901.025,19389.92499999999,-10056.724999999977,165750.4375,7730.287500000006,144951.3625,43323.61249999999,0.3125,0.8625,0.0,-0.11249999999999982,0.7125000000000004,-0.5749999999999886,0.025,0.08749999999999991,0.7000000000000002,0.675,-0.925,0.4749999999999943
-103180.225,171980.36250000005,-11940.362500000003,154765.025,19186.92499999999,-10002.724999999977,165943.4375,7555.287500000006,144520.3625,43227.61249999999,0.3125,-0.13749999999999996,0.0,-0.11249999999999982,-0.28749999999999964,-0.5749999999999886,0.025,0.08749999999999991,0.7000000000000002,-0.32499999999999996,0.075,-0.5250000000000057
-103092.225,172241.36250000005,-11857.362500000003,154492.025,19435.92499999999,-10099.724999999977,166107.4375,7736.287500000006,144557.3625,43342.61249999999,0.3125,0.8625,0.0,-0.11249999999999982,-0.28749999999999964,0.42500000000001137,0.025,0.08749999999999991,0.7000000000000002,-0.32499999999999996,0.075,0.4749999999999943
-102966.225,172127.36250000005,-11928.362500000003,154629.025,19394.92499999999,-10237.724999999977,166143.4375,7694.287500000006,144515.3625,43371.61249999999,-0.6875,0.8625,0.0,-0.11249999999999982,-0.28749999999999964,-0.5749999999999886,0.025,0.08749999999999991,-0.2999999999999998,-0.32499999999999996,0.075,0.4749999999999943
-103082.225,172312.36250000005,-11988.362500000003,154607.025,19471.92499999999,-10187.724999999977,166118.4375,7834.287500000006,144403.3625,43193.61249999999,0.3125,-0.13749999999999996,0.0,-0.11249999999999982,-0.28749999999999964,0.42500000000001137,0.025,0.08749999999999991,-0.2999999999999998,-0.32499999999999996,0.075,-0.5250000000000057
-103093.225,172256.36250000005,-11987.362500000003,154516.025,19304.92499999999,-10199.724999999977,166114.4375,7715.287500000006,144412.3625,43209.61249999999,0.3125,-1.1375,-1.0,0.8875000000000002,0.7125000000000004,-0.5749999999999886,0.025,-0.9125000000000001,-0.2999999999999998,-0.32499999999999996,0.075,0.4749999999999943
-103034.225,172062.36250000005,-11959.362500000003,154496.025,19282.92499999999,-10273.724999999977,166218.4375,7715.287500000006,144430.3625,43234.61249999999,-0.6875,-0.13749999999999996,0.0,-0.11249999999999982,-0.28749999999999964,-0.5749999999999886,0.025,1.0875,0.7000000000000002,-0.32499999999999996,0.075,-0.5250000000000057
-102989.225,171886.36250000005,-12050.362500000003,154405.025,19398.92499999999,-10097.724999999977,166276.4375,7659.287500000006,144600.3625,43191.61249999999,-0.6875,0.8625,0.0,-0.11249999999999982,-0.28749999999999964,0.42500000000001137,0.025,0.08749999999999991,-0.2999999999999998,-0.32499999999999996,0.075,-0.5250000000000057
-102956.225,171788.36250000005,-12056.362500000003,154390.025,19493.92499999999,-10168.724999999977,166361.4375,7685.287500000006,144544.3625,43309.61249999999,-0.6875,0.8625,0.0,-0.11249999999999982,-0.28749999999999964,0.42500000000001137,0.025,0.08749999999999991,-0.2999999999999998,0.675,0.075,-0.5250000000000057
-103021.225,171674.36250000005,-12200.362500000003,154402.025,19470.92499999999,-10237.724999999977,166309.4375,7709.287500000006,144440.3625,43188.61249999999,-0.6875,-0.13749999999999996,-1.0,0.8875000000000002,-0.28749999999999964,0.42500000000001137,0.025,0.08749999999999991,0.7000000000000002,0.675,0.075,0.4749999999999943
-102810.225,171559.36250000005,-12143.362500000003,154257.025,19446.92499999999,-10147.724999999977,166207.4375,7647.287500000006,144334.3625,43207.61249999999,0.3125,-0.13749999999999996,0.0,-0.11249999999999982,-0.28749999999999964,-0.5749999999999886,0.025,0.08749999999999991,0.7000000000000002,-0.32499999999999996,0.075,-0.5250000000000057
-102783.225,171659.36250000005,-12134.362500000003,154070.025,19505.92499999999,-10168.724999999977,166117.4375,7601.287500000006,144408.3625,43276.61249999999,0.3125,-0.13749999999999996,0.0,-0.11249999999999982,0.7125000000000004,-0.5749999999999886,0.025,0.08749999999999991,-0.2999999999999998,0.675,0.075,0.4749999999999943
-102817.225,171729.36250000005,-12144.362500000003,154177.025,19573.92499999999,-10164.724999999977,166027.4375,7674.287500000006,144558.3625,43225.61249999999,0.3125,-0.13749999999999996,0.0,-0.11249999999999982,-0.28749999999999964,0.42500000000001137,0.025,0.08749999999999991,-0.2999999999999998,0.675,0.075,-0.5250000000000057
-102763.225,171662.36250000005,-12089.362500000003,154188.025,19570.92499999999,-10171.724999999977,166110.4375,7630.287500000006,144483.3625,43244.61249999999,0.3125,0.8625,0.0,0.8875000000000002,-0.28749999999999964,-0.5749999999999886,0.025,0.08749999999999991,-0.2999999999999998,0.675,0.075,-0.5250000000000057
-102912.225,171816.36250000005,-11975.362500000003,154257.025,19486.92499999999,-10161.724999999977,166013.4375,7586.287500000006,144352.3625,43316.61249999999,-0.6875,0.8625,-1.0,-0.11249999999999982,-0.28749999999999964,-0.5749999999999886,-0.975,-0.9125000000000001,-0.2999999999999998,-0.32499999999999996,0.075,0.4749999999999943
-103058.225,172026.36250000005,-11925.362500000003,154282.025,19383.92499999999,-10229.724999999977,166012.4375,7726.287500000006,144458.3625,43210.61249999999,-0.6875,0.8625,0.0,-0.11249999999999982,-0.28749999999999964,-0.5749999999999886,-0.975,0.08749999999999991,-0.2999999999999998,0.675,0.075,0.4749999999999943
-103244.225,172094.36250000005,-11966.362500000003,154254.025,19453.92499999999,-10099.724999999977,166125.4375,7747.287500000006,144436.3625,43250.61249999999,-0.6875,0.8625,0.0,-0.11249999999999982,-0.28749999999999964,0.42500000000001137,0.025,0.08749999999999991,-0.2999999999999998,0.675,-0.925,-0.5250000000000057
-103073.225,172062.36250000005,-12042.362500000003,154359.025,19461.92499999999,-10026.724999999977,166212.4375,7773.287500000006,144633.3625,43285.61249999999,-0.6875,-0.13749999999999996,0.0,-0.11249999999999982,-0.28749999999999964,0.42500000000001137,-0.975,0.08749999999999991,-0.2999999999999998,0.675,0.075,-0.5250000000000057
-103139.225,172021.36250000005,-11919.362500000003,154635.025,19452.92499999999,-10134.724999999977,166137.4375,7647.287500000006,144538.3625,43350.61249999999,0.3125,-0.13749999999999996,0.0,-0.11249999999999982,-0.28749999999999964,0.42500000000001137,0.025,0.08749999999999991,-0.2999999999999998,0.675,-0.925,1.4749999999999943
-103273.225,171943.36250000005,-11905.362500000003,154669.025,19308.92499999999,-10312.724999999977,165923.4375,7651.287500000006,144461.3625,43348.61249999999,-0.6875,-0.13749999999999996,1.0,0.8875000000000002,-0.28749999999999964,-0.5749999999999886,0.025,0.08749999999999991,-0.2999999999999998,0.675,0.075,0.4749999999999943
-103181.225,171736.36250000005,-11931.362500000003,154728.025,19319.92499999999,-10235.724999999977,165865.4375,7711.287500000006,144552.3625,43316.61249999999,0.3125,-0.13749999999999996,-1.0,0.8875000000000002,-0.28749999999999964,1.4250000000000114,0.025,0.08749999999999991,-0.2999999999999998,0.675,0.075,-0.5250000000000057
-103074.225,171828.36250000005,-11866.362500000003,155006.025,19321.92499999999,-10262.724999999977,165834.4375,7691.287500000006,144859.3625,43298.61249999999,0.3125,-0.13749999999999996,0.0,-0.11249999999999982,0.7125000000000004,-0.5749999999999886,0.025,0.08749999999999991,-0.2999999999999998,0.675,0.075,-0.5250000000000057
-103282.225,172047.36250000005,-11949.362500000003,154839.025,19310.92499999999,-10315.724999999977,166392.4375,7748.287500000006,144724.3625,43309.61249999999,0.3125,0.8625,0.0,0.8875000000000002,-0.28749999999999964,-0.5749999999999886,0.025,0.08749999999999991,-0.2999999999999998,-0.32499999999999996,0.075,0.4749999999999943
-103044.225,172165.36250000005,-12073.362500000003,154748.025,19364.92499999999,-10234.724999999977,166432.4375,7689.287500000006,144940.3625,43285.61249999999,-0.6875,-0.13749999999999996,1.0,-0.11249999999999982,0.7125000000000004,-0.5749999999999886,0.025,0.08749999999999991,-0.2999999999999998,0.675,0.075,-0.5250000000000057
-103128.225,172224.36250000005,-11830.362500000003,154718.025,19430.92499999999,-10214.724999999977,166568.4375,7659.287500000006,144484.3625,43370.61249999999,0.3125,-0.13749999999999996,0.0,-0.11249999999999982,-1.2874999999999996,0.42500000000001137,0.025,0.08749999999999991,-0.2999999999999998,0.675,0.075,-0.5250000000000057
-103108.225,172178.36250000005,-11874.362500000003,154784.025,19393.92499999999,-10139.724999999977,166640.4375,7526.287500000006,144438.3625,43309.61249999999,0.3125,-0.13749999999999996,0.0,-0.11249999999999982,-0.28749999999999964,-0.5749999999999886,0.025,0.08749999999999991,-0.2999999999999998,-0.32499999999999996,0.075,0.4749999999999943
-103095.225,172140.36250000005,-12139.362500000003,154839.025,19377.92499999999,-10096.724999999977,166706.4375,7520.287500000006,144548.3625,43401.61249999999,0.3125,0.8625,0.0,-0.11249999999999982,-0.28749999999999964,-0.5749999999999886,0.025,-0.9125000000000001,-0.2999999999999998,-0.32499999999999996,0.075,-0.5250000000000057
-102964.225,171852.36250000005,-12063.362500000003,154876.025,19555.92499999999,-10118.724999999977,166453.4375,7688.287500000006,144729.3625,43272.61249999999,0.3125,0.8625,-1.0,-1.1124999999999998,0.7125000000000004,0.42500000000001137,0.025,0.08749999999999991,0.7000000000000002,-0.32499999999999996,0.075,-1.5250000000000057
-102885.225,171649.36250000005,-12011.362500000003,155042.025,19480.92499999999,-10192.724999999977,166309.4375,7661.287500000006,144847.3625,43346.61249999999,0.3125,-0.13749999999999996,0.0,-0.11249999999999982,-0.28749999999999964,0.42500000000001137,0.025,0.08749999999999991,0.7000000000000002,-0.32499999999999996,0.075,-0.5250000000000057
-103097.225,171688.36250000005,-12249.362500000003,155052.025,19475.92499999999,-10154.724999999977,166308.4375,7771.287500000006,144832.3625,43132.61249999999,0.3125,-0.13749999999999996,1.0,-0.11249999999999982,-0.28749999999999964,0.42500000000001137,0.025,-0.9125000000000001,0.7000000000000002,0.675,-0.925,-0.5250000000000057
-103113.225,171627.36250000005,-12095.362500000003,154900.025,19575.92499999999,-10055.724999999977,165981.4375,7783.287500000006,144626.3625,43086.61249999999,0.3125,0.8625,0.0,-0.11249999999999982,0.7125000000000004,-0.5749999999999886,0.025,-0.9125000000000001,-0.2999999999999998,-0.32499999999999996,0.075,0.4749999999999943
-103037.225,171711.36250000005,-12052.362500000003,154848.025,19520.92499999999,-10022.724999999977,166049.4375,7670.287500000006,144494.3625,43133.61249999999,0.3125,-0.13749999999999996,2.0,0.8875000000000002,-0.28749999999999964,-0.5749999999999886,0.025,0.08749999999999991,-0.2999999999999998,0.675,-0.925,0.4749999999999943
-103085.225,171697.36250000005,-11899.362500000003,154651.025,19484.92499999999,-10077.724999999977,166079.4375,7568.287500000006,144179.3625,43198.61249999999,0.3125,-0.13749999999999996,0.0,-0.11249999999999982,0.7125000000000004,-0.5749999999999886,0.025,0.08749999999999991,0.7000000000000002,-0.32499999999999996,0.075,0.4749999999999943
-103155.225,171696.36250000005,-11862.362500000003,154396.025,19490.92499999999,-10064.724999999977,166085.4375,7623.287500000006,143937.3625,43214.61249999999,0.3125,-0.13749999999999996,0.0,-0.11249999999999982,-0.28749999999999964,0.42500000000001137,0.025,0.08749999999999991,-0.2999999999999998,-0.32499999999999996,0.075,-0.5250000000000057
-103002.225,171893.36250000005,-11886.362500000003,154456.025,19406.92499999999,-10121.724999999977,166259.4375,7681.287500000006,143813.3625,43265.61249999999,0.3125,0.8625,2.0,-0.11249999999999982,-0.28749999999999964,-0.5749999999999886,0.025,0.08749999999999991,-0.2999999999999998,-0.32499999999999996,0.075,-0.5250000000000057
-102758.225,171959.36250000005,-11989.362500000003,154616.025,19320.92499999999,-10097.724999999977,166180.4375,7719.287500000006,143817.3625,43324.61249999999,0.3125,0.8625,0.0,-0.11249999999999982,0.7125000000000004,0.42500000000001137,0.025,0.08749999999999991,-0.2999999999999998,0.675,-0.925,-0.5250000000000057
-102812.225,171783.36250000005,-12075.362500000003,154503.025,19539.92499999999,-9988.724999999977,165978.4375,7701.287500000006,143777.3625,43192.61249999999,0.3125,-0.13749999999999996,0.0,-0.11249999999999982,0.7125000000000004,1.4250000000000114,0.025,0.08749999999999991,-0.2999999999999998,-0.32499999999999996,0.075,-0.5250000000000057
-102850.225,171660.36250000005,-12090.362500000003,154362.025,19513.92499999999,-9995.724999999977,165920.4375,7554.287500000006,143952.3625,43111.61249999999,0.3125,-0.13749999999999996,0.0,-0.11249999999999982,0.7125000000000004,-0.5749999999999886,0.025,0.08749999999999991,0.7000000000000002,-0.32499999999999996,0.075,0.4749999999999943
