FPI,SPI,AI,SFI,FFI,FPD,SPD,AD,SFD,FFD,API_X,API_Y,API_Z,APD_X,APD_Y,APD_Z,AFD_X,AFD_Y,AFD_Z,AFI_X,AFI_Y,AFI_Z
-37898.225000000006,61.362500000046566,-29818.362500000003,-241.97500000000582,7385.924999999988,-18040.724999999977,41.4375,16606.287500000006,-444.6374999999971,5109.612499999988,-0.6875,-0.13749999999999996,1.0,-0.11249999999999982,0.7125000000000004,0.42500000000001137,0.025,-0.9125000000000001,-0.2999999999999998,0.675,0.075,0.4749999999999943
-38114.225000000006,63.362500000046566,-29803.362500000003,-157.97500000000582,7373.924999999988,-17994.724999999977,21.4375,16602.287500000006,-366.6374999999971,5072.612499999988,0.3125,0.8625,0.0,0.8875000000000002,-0.28749999999999964,0.42500000000001137,0.025,0.08749999999999991,-0.2999999999999998,-0.32499999999999996,0.075,0.4749999999999943
-38237.225000000006,76.36250000004657,-29774.362500000003,-210.97500000000582,7166.924999999988,-18048.724999999977,238.4375,16693.287500000006,-250.6374999999971,5111.612499999988,-0.6875,0.8625,0.0,-0.11249999999999982,0.7125000000000004,-0.5749999999999886,0.025,0.08749999999999991,-0.2999999999999998,-0.32499999999999996,1.075,0.4749999999999943
-37972.225000000006,118.36250000004657,-29638.362500000003,-438.9750000000058,7192.924999999988,-18041.724999999977,391.4375,16687.287500000006,-259.6374999999971,5064.612499999988,-0.6875,0.8625,0.0,-1.1124999999999998,0.7125000000000004,-0.5749999999999886,0.025,0.08749999999999991,-0.2999999999999998,-0.32499999999999996,0.075,0.4749999999999943
-37972.225000000006,41.362500000046566,-29732.362500000003,-498.9750000000058,7132.924999999988,-18012.724999999977,222.4375,16587.287500000006,-354.6374999999971,5055.612499999988,0.3125,-0.13749999999999996,0.0,-0.11249999999999982,0.7125000000000004,-0.5749999999999886,0.025,0.08749999999999991,-0.2999999999999998,-0.32499999999999996,0.075,-0.5250000000000057
-38077.225000000006,187.36250000004657,-29726.362500000003,-451.9750000000058,7263.924999999988,-17886.724999999977,106.4375,16688.287500000006,-120.63749999999709,5197.612499999988,0.3125,-0.13749999999999996,2.0,-0.11249999999999982,-0.28749999999999964,0.42500000000001137,0.025,0.08749999999999991,-0.2999999999999998,0.675,0.075,-0.5250000000000057
-38118.225000000006,215.36250000004657,-29874.362500000003,-295.9750000000058,7341.924999999988,-17898.724999999977,40.4375,16628.287500000006,9.36250000000291,5260.612499999988,0.3125,-0.13749999999999996,0.0,-0.11249999999999982,0.7125000000000004,-0.5749999999999886,0.025,0.08749999999999991,0.7000000000000002,-0.32499999999999996,0.075,0.4749999999999943
-37924.225000000006,87.36250000004657,-29851.362500000003,-262.9750000000058,7263.924999999988,-17706.724999999977,145.4375,16550.287500000006,-77.63749999999709,5221.612499999988,-0.6875,-0.13749999999999996,0.0,-0.11249999999999982,-0.28749999999999964,0.42500000000001137,0.025,0.08749999999999991,0.7000000000000002,-0.32499999999999996,0.075,-0.5250000000000057
-37936.225000000006,-36.637499999953434,-29794.362500000003,-272.9750000000058,7390.924999999988,-17722.724999999977,776.4375,16555.287500000006,-64.63749999999709,5185.612499999988,0.3125,-0.13749999999999996,0.0,-0.11249999999999982,0.7125000000000004,1.4250000000000114,0.025,0.08749999999999991,-0.2999999999999998,0.675,0.075,0.4749999999999943
-38206.225000000006,119.36250000004657,-29873.362500000003,-282.9750000000058,7497.924999999988,-17621.724999999977,326.4375,16606.287500000006,-102.63749999999709,5245.612499999988,0.3125,-0.13749999999999996,0.0,0.8875000000000002,-0.28749999999999964,0.42500000000001137,0.025,0.08749999999999991,-0.2999999999999998,0.675,0.075,0.4749999999999943
-37970.225000000006,-97.63749999995343,-29908.362500000003,-353.9750000000058,7469.924999999988,-17508.724999999977,32.4375,16620.287500000006,-242.6374999999971,5298.612499999988,0.3125,-0.13749999999999996,0.0,-0.11249999999999982,-0.28749999999999964,0.42500000000001137,0.025,0.08749999999999991,-0.2999999999999998,-0.32499999999999996,0.075,1.4749999999999943
-38017.225000000006,-183.63749999995343,-29998.362500000003,-365.9750000000058,7413.924999999988,-17564.724999999977,-45.5625,16375.287500000006,-334.6374999999971,5283.612499999988,0.3125,-0.13749999999999996,0.0,-0.11249999999999982,-0.28749999999999964,0.42500000000001137,0.025,0.08749999999999991,-0.2999999999999998,-0.32499999999999996,0.075,0.4749999999999943
-38018.225000000006,-97.63749999995343,-30135.362500000003,-212.97500000000582,7478.924999999988,-17715.724999999977,47.4375,16394.287500000006,-407.6374999999971,5266.612499999988,-0.6875,-0.13749999999999996,0.0,-0.11249999999999982,0.7125000000000004,0.42500000000001137,0.025,0.08749999999999991,-0.2999999999999998,-0.32499999999999996,0.075,-0.5250000000000057
-37958.225000000006,-37.637499999953434,-30196.362500000003,-7.975000000005821,7592.924999999988,-17673.724999999977,231.4375,16552.287500000006,-731.6374999999971,5260.612499999988,0.3125,-0.13749999999999996,-1.0,-0.11249999999999982,-0.28749999999999964,1.4250000000000114,0.025,-0.9125000000000001,-0.2999999999999998,0.675,0.075,0.4749999999999943
-37859.225000000006,-122.63749999995343,-30078.362500000003,-36.97500000000582,7495.924999999988,-17515.724999999977,31.4375,16526.287500000006,-821.6374999999971,5104.612499999988,0.3125,0.8625,-1.0,-0.11249999999999982,-0.28749999999999964,-0.5749999999999886,0.025,0.08749999999999991,-0.2999999999999998,-0.32499999999999996,0.075,-0.5250000000000057
-37961.225000000006,-152.63749999995343,-29904.362500000003,118.02499999999418,7504.924999999988,-17681.724999999977,107.4375,16462.287500000006,-859.6374999999971,5072.612499999988,0.3125,-0.13749999999999996,-1.0,-0.11249999999999982,-0.28749999999999964,1.4250000000000114,0.025,-0.9125000000000001,-0.2999999999999998,0.675,0.075,-0.5250000000000057
-38067.225000000006,-125.63749999995343,-29944.362500000003,50.02499999999418,7507.924999999988,-17838.724999999977,-0.5625,16466.287500000006,-1125.637499999997,5006.612499999988,0.3125,-0.13749999999999996,0.0,-0.11249999999999982,-0.28749999999999964,0.42500000000001137,0.025,0.08749999999999991,-0.2999999999999998,-0.32499999999999996,0.075,0.4749999999999943
-37980.225000000006,-128.63749999995343,-30008.362500000003,-120.97500000000582,7346.924999999988,-17909.724999999977,-38.5625,16528.287500000006,-1385.637499999997,4830.612499999988,0.3125,-0.13749999999999996,0.0,-0.11249999999999982,-0.28749999999999964,-0.5749999999999886,0.025,0.08749999999999991,-0.2999999999999998,-0.32499999999999996,0.075,-0.5250000000000057
-37970.225000000006,-128.63749999995343,-29987.362500000003,-186.97500000000582,7450.924999999988,-17917.724999999977,37.4375,16602.287500000006,-1659.637499999997,4832.612499999988,-0.6875,-0.13749999999999996,-1.0,-0.11249999999999982,-0.28749999999999964,0.42500000000001137,0.025,0.08749999999999991,0.7000000000000002,-0.32499999999999996,0.075,0.4749999999999943
-37854.225000000006,-310.63749999995343,-30037.362500000003,-413.9750000000058,7236.924999999988,-17832.724999999977,-122.5625,16435.287500000006,-1581.637499999997,4757.612499999988,0.3125,-0.13749999999999996,0.0,-1.1124999999999998,-0.28749999999999964,-0.5749999999999886,0.025,0.08749999999999991,-0.2999999999999998,-0.32499999999999996,0.075,-0.5250000000000057
-37822.225000000006,-130.63749999995343,-30077.362500000003,-431.9750000000058,7252.924999999988,-17765.724999999977,-208.5625,16597.287500000006,-1362.637499999997,4688.612499999988,0.3125,-0.13749999999999996,0.0,-0.11249999999999982,0.7125000000000004,0.42500000000001137,0.025,0.08749999999999991,-0.2999999999999998,-0.32499999999999996,0.075,-0.5250000000000057
-37734.225000000006,-233.63749999995343,-29907.362500000003,-482.9750000000058,7224.924999999988,-17886.724999999977,-151.5625,16717.287500000006,-1165.637499999997,4721.612499999988,0.3125,-0.13749999999999996,0.0,-0.11249999999999982,0.7125000000000004,-0.5749999999999886,0.025,-0.9125000000000001,-0.2999999999999998,0.675,0.075,-0.5250000000000057
-37974.225000000006,-226.63749999995343,-29871.362500000003,-657.9750000000058,7136.924999999988,-17860.724999999977,-174.5625,16738.287500000006,-995.6374999999971,4787.612499999988,0.3125,-0.13749999999999996,0.0,-0.11249999999999982,-0.28749999999999964,-0.5749999999999886,-0.975,1.0875,-0.2999999999999998,-0.32499999999999996,0.075,0.4749999999999943
-38009.225000000006,-165.63749999995343,-29840.362500000003,-783.9750000000058,7207.924999999988,-17939.724999999977,-180.5625,16681.287500000006,-617.6374999999971,4870.612499999988,-0.6875,0.8625,0.0,-0.11249999999999982,0.7125000000000004,1.4250000000000114,0.025,-0.9125000000000001,-0.2999999999999998,-0.32499999999999996,0.075,-0.5250000000000057
-37971.225000000006,-140.63749999995343,-29688.362500000003,-659.9750000000058,7246.924999999988,-17971.724999999977,-201.5625,16676.287500000006,-389.6374999999971,4847.612499999988,-0.6875,0.8625,0.0,-0.11249999999999982,0.7125000000000004,0.42500000000001137,0.025,0.08749999999999991,-0.2999999999999998,0.675,0.075,-0.5250000000000057
-37850.225000000006,-80.63749999995343,-29703.362500000003,-552.9750000000058,7176.924999999988,-17829.724999999977,-214.5625,16672.287500000006,-396.6374999999971,4812.612499999988,-0.6875,-0.13749999999999996,0.0,-0.11249999999999982,-0.28749999999999964,-0.5749999999999886,0.025,0.08749999999999991,0.7000000000000002,-0.32499999999999996,0.075,-0.5250000000000057
-37860.225000000006,-95.63749999995343,-29813.362500000003,-436.9750000000058,7058.924999999988,-17837.724999999977,-42.5625,16746.287500000006,-427.6374999999971,4974.612499999988,0.3125,-0.13749999999999996,0.0,-0.11249999999999982,0.7125000000000004,-0.5749999999999886,0.025,0.08749999999999991,-0.2999999999999998,-0.32499999999999996,1.075,-0.5250000000000057
-37936.225000000006,-142.63749999995343,-29927.362500000003,-393.9750000000058,7156.924999999988,-17872.724999999977,2.4375,16590.287500000006,-542.6374999999971,5103.612499999988,0.3125,-0.13749999999999996,1.0,-0.11249999999999982,0.7125000000000004,0.42500000000001137,0.025,0.08749999999999991,-0.2999999999999998,-0.32499999999999996,0.075,0.4749999999999943
-38022.225000000006,-132.63749999995343,-29850.362500000003,-391.9750000000058,7244.924999999988,-17665.724999999977,-332.5625,16461.287500000006,-544.6374999999971,4936.612499999988,0.3125,-0.13749999999999996,0.0,-0.11249999999999982,-0.28749999999999964,-0.5749999999999886,0.025,-0.9125000000000001,-0.2999999999999998,-0.32499999999999996,0.075,-0.5250000000000057
-37884.225000000006,10.362500000046566,-29950.362500000003,-515.9750000000058,7268.924999999988,-17619.724999999977,-87.5625,16730.287500000006,-736.6374999999971,5066.612499999988,0.3125,-0.13749999999999996,0.0,0.8875000000000002,-0.28749999999999964,0.42500000000001137,0.025,0.08749999999999991,-0.2999999999999998,0.675,0.075,-0.5250000000000057
-37824.225000000006,-166.63749999995343,-29930.362500000003,-597.9750000000058,7252.924999999988,-17568.724999999977,-105.5625,16702.287500000006,-653.6374999999971,5337.612499999988,0.3125,-0.13749999999999996,-1.0,-0.11249999999999982,0.7125000000000004,0.42500000000001137,0.025,0.08749999999999991,-0.2999999999999998,0.675,0.075,-0.5250000000000057
-37838.225000000006,-116.63749999995343,-29932.362500000003,-537.9750000000058,7406.924999999988,-17588.724999999977,-83.5625,16527.287500000006,-480.6374999999971,5227.612499999988,0.3125,-0.13749999999999996,0.0,-0.11249999999999982,0.7125000000000004,-0.5749999999999886,0.025,-0.9125000000000001,-0.2999999999999998,0.675,0.075,0.4749999999999943
-37819.225000000006,-112.63749999995343,-30010.362500000003,-568.9750000000058,7352.924999999988,-17586.724999999977,19.4375,16523.287500000006,-559.6374999999971,5174.612499999988,0.3125,-0.13749999999999996,0.0,-0.11249999999999982,-0.28749999999999964,0.42500000000001137,0.025,0.08749999999999991,-0.2999999999999998,0.675,0.075,-0.5250000000000057
-37863.225000000006,-128.63749999995343,-30021.362500000003,-335.9750000000058,7472.924999999988,-17499.724999999977,-123.5625,16725.287500000006,-614.6374999999971,5174.612499999988,0.3125,-0.13749999999999996,1.0,-0.11249999999999982,-0.28749999999999964,0.42500000000001137,1.025,0.08749999999999991,-0.2999999999999998,-0.32499999999999996,0.075,-0.5250000000000057
-37860.225000000006,-58.637499999953434,-30003.362500000003,-207.97500000000582,7485.924999999988,-17461.724999999977,-83.5625,16660.287500000006,-281.6374999999971,5266.612499999988,0.3125,0.8625,0.0,-0.11249999999999982,-0.28749999999999964,-0.5749999999999886,0.025,0.08749999999999991,0.7000000000000002,0.675,0.075,-0.5250000000000057
-37769.225000000006,-108.63749999995343,-29877.362500000003,-268.9750000000058,7692.924999999988,-17625.724999999977,-58.5625,16571.287500000006,-110.63749999999709,5343.612499999988,0.3125,0.8625,1.0,-0.11249999999999982,-0.28749999999999964,-0.5749999999999886,0.025,0.08749999999999991,0.7000000000000002,-0.32499999999999996,0.075,-0.5250000000000057
-37786.225000000006,-144.63749999995343,-29843.362500000003,-163.97500000000582,7777.924999999988,-17740.724999999977,-143.5625,16448.287500000006,14.36250000000291,5417.612499999988,0.3125,-0.13749999999999996,0.0,-0.11249999999999982,-0.28749999999999964,-0.5749999999999886,0.025,0.08749999999999991,-0.2999999999999998,-0.32499999999999996,0.075,0.4749999999999943
-37914.225000000006,-141.63749999995343,-30031.362500000003,-53.97500000000582,7522.924999999988,-17730.724999999977,22.4375,16510.287500000006,-64.63749999999709,5320.612499999988,0.3125,-0.13749999999999996,0.0,-0.11249999999999982,-0.28749999999999964,0.42500000000001137,0.025,0.08749999999999991,-0.2999999999999998,0.675,0.075,-0.5250000000000057
-37947.225000000006,-11.637499999953434,-30041.362500000003,-91.97500000000582,7610.924999999988,-17757.724999999977,68.4375,16665.287500000006,-182.6374999999971,5321.612499999988,0.3125,-0.13749999999999996,0.0,-0.11249999999999982,-0.28749999999999964,0.42500000000001137,0.025,0.08749999999999991,-0.2999999999999998,-0.32499999999999996,0.075,-0.5250000000000057
-37916.225000000006,-191.63749999995343,-29828.362500000003,-106.97500000000582,7593.924999999988,-17717.724999999977,76.4375,16594.287500000006,-239.6374999999971,5192.612499999988,0.3125,-0.13749999999999996,-1.0,-0.11249999999999982,0.7125000000000004,0.42500000000001137,0.025,0.08749999999999991,-0.2999999999999998,-0.32499999999999996,0.075,-0.5250000000000057
-37849.225000000006,-122.63749999995343,-29922.362500000003,-105.97500000000582,7724.924999999988,-17773.724999999977,197.4375,16518.287500000006,-341.6374999999971,4991.612499999988,0.3125,-0.13749999999999996,-1.0,-0.11249999999999982,-0.28749999999999964,0.42500000000001137,0.025,0.08749999999999991,0.7000000000000002,-0.32499999999999996,0.075,-0.5250000000000057
-37856.225000000006,-73.63749999995343,-29985.362500000003,-1.9750000000058208,7681.924999999988,-17903.724999999977,223.4375,16549.287500000006,-461.6374999999971,5016.612499999988,-0.6875,-0.13749999999999996,0.0,-0.11249999999999982,-0.28749999999999964,0.42500000000001137,-0.975,0.08749999999999991,-0.2999999999999998,-0.32499999999999996,0.075,-0.5250000000000057
-37873.225000000006,-86.63749999995343,-30042.362500000003,-15.97500000000582,7603.924999999988,-18030.724999999977,141.4375,16686.287500000006,-311.6374999999971,5110.612499999988,-0.6875,0.8625,0.0,-1.1124999999999998,-0.28749999999999964,-0.5749999999999886,0.025,0.08749999999999991,-0.2999999999999998,-0.32499999999999996,0.075,-0.5250000000000057
-37827.225000000006,-197.63749999995343,-29944.362500000003,28.02499999999418,7598.924999999988,-18197.724999999977,105.4375,16560.287500000006,-296.6374999999971,5062.612499999988,-0.6875,-0.13749999999999996,-1.0,-0.11249999999999982,-0.28749999999999964,-1.5749999999999886,0.025,0.08749999999999991,0.7000000000000002,-0.32499999999999996,0.075,-0.5250000000000057
-37822.225000000006,-240.63749999995343,-29780.362500000003,-10.97500000000582,7503.924999999988,-18205.724999999977,161.4375,16614.287500000006,-114.63749999999709,5101.612499999988,-0.6875,0.8625,-1.0,-0.11249999999999982,-0.28749999999999964,-0.5749999999999886,0.025,0.08749999999999991,0.7000000000000002,-0.32499999999999996,0.075,0.4749999999999943
-37950.225000000006,-19.637499999953434,-29905.362500000003,196.02499999999418,7343.924999999988,-18026.724999999977,80.4375,16706.287500000006,-164.6374999999971,5156.612499999988,-0.6875,0.8625,0.0,-0.11249999999999982,0.7125000000000004,-0.5749999999999886,0.025,0.08749999999999991,-0.2999999999999998,0.675,0.075,0.4749999999999943
-37953.225000000006,9.362500000046566,-29908.362500000003,262.0249999999942,7414.924999999988,-17941.724999999977,237.4375,16620.287500000006,-36.63749999999709,5056.612499999988,-0.6875,-0.13749999999999996,0.0,-1.1124999999999998,-0.28749999999999964,-0.5749999999999886,-0.975,1.0875,-0.2999999999999998,-0.32499999999999996,0.075,0.4749999999999943
-38036.225000000006,4.362500000046566,-29817.362500000003,148.02499999999418,7471.924999999988,-17939.724999999977,155.4375,16568.287500000006,-67.63749999999709,5095.612499999988,0.3125,-0.13749999999999996,0.0,-0.11249999999999982,1.7125000000000004,-0.5749999999999886,0.025,-0.9125000000000001,-0.2999999999999998,-0.32499999999999996,0.075,-0.5250000000000057
-38089.225000000006,129.36250000004657,-29767.362500000003,178.02499999999418,7433.924999999988,-17948.724999999977,95.4375,16599.287500000006,-255.6374999999971,4991.612499999988,0.3125,-0.13749999999999996,-1.0,-1.1124999999999998,-0.28749999999999964,-0.5749999999999886,0.025,-0.9125000000000001,-0.2999999999999998,-0.32499999999999996,0.075,0.4749999999999943
-38041.225000000006,183.36250000004657,-29767.362500000003,252.02499999999418,7403.924999999988,-17744.724999999977,94.4375,16541.287500000006,-272.6374999999971,4935.612499999988,0.3125,-0.13749999999999996,0.0,-0.11249999999999982,-0.28749999999999964,0.42500000000001137,0.025,1.0875,0.7000000000000002,0.675,0.075,-0.5250000000000057
-37938.225000000006,154.36250000004657,-29614.362500000003,202.02499999999418,7440.924999999988,-17697.724999999977,33.4375,16513.287500000006,-306.6374999999971,5136.612499999988,-0.6875,0.8625,-1.0,-0.11249999999999982,0.7125000000000004,0.42500000000001137,0.025,0.08749999999999991,-0.2999999999999998,0.675,0.075,-0.5250000000000057
-37952.225000000006,66.36250000004657,-29659.362500000003,83.02499999999418,7376.924999999988,-17683.724999999977,53.4375,16592.287500000006,-509.6374999999971,5185.612499999988,0.3125,-0.13749999999999996,1.0,0.8875000000000002,0.7125000000000004,0.42500000000001137,0.025,0.08749999999999991,-0.2999999999999998,0.675,0.075,-0.5250000000000057
-37914.225000000006,81.36250000004657,-29812.362500000003,-26.97500000000582,7299.924999999988,-17784.724999999977,4.4375,16586.287500000006,-470.6374999999971,5343.612499999988,0.3125,-0.13749999999999996,0.0,-0.11249999999999982,-0.28749999999999964,0.42500000000001137,0.025,0.08749999999999991,-0.2999999999999998,0.675,0.075,0.4749999999999943
-37964.225000000006,128.36250000004657,-29935.362500000003,-125.97500000000582,7470.924999999988,-17577.724999999977,-132.5625,16553.287500000006,-378.6374999999971,5318.612499999988,0.3125,-0.13749999999999996,0.0,0.8875000000000002,-0.28749999999999964,0.42500000000001137,0.025,0.08749999999999991,0.7000000000000002,-0.32499999999999996,0.075,-0.5250000000000057
-38039.225000000006,134.36250000004657,-29914.362500000003,-156.97500000000582,7478.924999999988,-17523.724999999977,-105.5625,16537.287500000006,-434.6374999999971,5418.612499999988,0.3125,-0.13749999999999996,0.0,-0.11249999999999982,-0.28749999999999964,-0.5749999999999886,0.025,0.08749999999999991,0.7000000000000002,-0.32499999999999996,0.075,0.4749999999999943
-38014.225000000006,184.36250000004657,-29918.362500000003,-339.9750000000058,7411.924999999988,-17557.724999999977,-119.5625,16413.287500000006,-578.6374999999971,5198.612499999988,0.3125,-0.13749999999999996,0.0,0.8875000000000002,-0.28749999999999964,-0.5749999999999886,0.025,0.08749999999999991,-0.2999999999999998,0.675,0.075,0.4749999999999943
-38006.225000000006,114.36250000004657,-29942.362500000003,-351.9750000000058,7524.924999999988,-17607.724999999977,0.4375,16429.287500000006,-556.6374999999971,5105.612499999988,0.3125,-1.1375,0.0,-0.11249999999999982,-0.28749999999999964,0.42500000000001137,0.025,0.08749999999999991,-0.2999999999999998,-0.32499999999999996,0.075,0.4749999999999943
-38111.225000000006,87.36250000004657,-29961.362500000003,-192.97500000000582,7633.924999999988,-17754.724999999977,-2.5625,16477.287500000006,-560.6374999999971,5076.612499999988,0.3125,-0.13749999999999996,0.0,-0.11249999999999982,-0.28749999999999964,-0.5749999999999886,0.025,-0.9125000000000001,-0.2999999999999998,0.675,0.075,0.4749999999999943
-38085.225000000006,106.36250000004657,-29908.362500000003,-141.97500000000582,7626.924999999988,-17764.724999999977,-171.5625,16495.287500000006,-592.6374999999971,5045.612499999988,0.3125,-0.13749999999999996,0.0,-0.11249999999999982,-0.28749999999999964,0.42500000000001137,0.025,0.08749999999999991,-0.2999999999999998,-0.32499999999999996,0.075,0.4749999999999943
-38079.225000000006,115.36250000004657,-30120.362500000003,-368.9750000000058,7490.924999999988,-17865.724999999977,-112.5625,16606.287500000006,-777.6374999999971,5060.612499999988,-0.6875,-0.13749999999999996,1.0,-0.11249999999999982,0.7125000000000004,0.42500000000001137,0.025,0.08749999999999991,-0.2999999999999998,-0.32499999999999996,0.075,-0.5250000000000057
-38092.225000000006,324.36250000004657,-30088.362500000003,-353.9750000000058,7340.924999999988,-17811.724999999977,-113.5625,16671.287500000006,-920.6374999999971,5070.612499999988,-0.6875,-0.13749999999999996,0.0,-0.11249999999999982,-0.28749999999999964,-0.5749999999999886,-0.975,-0.9125000000000001,-0.2999999999999998,-0.32499999999999996,-0.925,-0.5250000000000057
-37946.225000000006,198.36250000004657,-29934.362500000003,-226.97500000000582,7524.924999999988,-17855.724999999977,-124.5625,16532.287500000006,-1033.637499999997,5066.612499999988,0.3125,-0.13749999999999996,1.0,-0.11249999999999982,-0.28749999999999964,1.4250000000000114,0.025,0.08749999999999991,-0.2999999999999998,-0.32499999999999996,-0.925,-0.5250000000000057
-38069.225000000006,144.36250000004657,-29983.362500000003,-270.9750000000058,7657.924999999988,-17893.724999999977,-195.5625,16511.287500000006,-888.6374999999971,4863.612499999988,0.3125,0.8625,0.0,-1.1124999999999998,-1.2874999999999996,1.4250000000000114,0.025,-0.9125000000000001,-0.2999999999999998,-0.32499999999999996,0.075,-0.5250000000000057
-38032.225000000006,93.36250000004657,-29946.362500000003,-275.9750000000058,7518.924999999988,-17864.724999999977,-178.5625,16481.287500000006,-682.6374999999971,4864.612499999988,-0.6875,-0.13749999999999996,0.0,-0.11249999999999982,0.7125000000000004,-0.5749999999999886,0.025,0.08749999999999991,-0.2999999999999998,-0.32499999999999996,0.075,-0.5250000000000057
-38022.225000000006,152.36250000004657,-29849.362500000003,-212.97500000000582,7377.924999999988,-17894.724999999977,-44.5625,16459.287500000006,-625.6374999999971,4821.612499999988,0.3125,0.8625,0.0,-0.11249999999999982,-0.28749999999999964,-0.5749999999999886,0.025,0.08749999999999991,-0.2999999999999998,-0.32499999999999996,0.075,-0.5250000000000057
-37947.225000000006,84.36250000004657,-29752.362500000003,-241.97500000000582,7339.924999999988,-17831.724999999977,-59.5625,16493.287500000006,-625.6374999999971,4922.612499999988,-0.6875,0.8625,0.0,-0.11249999999999982,0.7125000000000004,-0.5749999999999886,0.025,0.08749999999999991,-0.2999999999999998,-0.32499999999999996,0.075,-0.5250000000000057
-37935.225000000006,3.362500000046566,-29591.362500000003,-233.97500000000582,7232.924999999988,-17821.724999999977,-5.5625,16552.287500000006,-604.6374999999971,4960.612499999988,-0.6875,-0.13749999999999996,0.0,-0.11249999999999982,-0.28749999999999964,-0.5749999999999886,-0.975,0.08749999999999991,0.7000000000000002,-0.32499999999999996,0.075,-0.5250000000000057
-37940.225000000006,64.36250000004657,-29679.362500000003,-284.9750000000058,7199.924999999988,-17935.724999999977,-6.5625,16586.287500000006,-368.6374999999971,5056.612499999988,0.3125,-0.13749999999999996,0.0,-0.11249999999999982,0.7125000000000004,-0.5749999999999886,-0.975,0.08749999999999991,-0.2999999999999998,-0.32499999999999996,0.075,-0.5250000000000057
-37992.225000000006,105.36250000004657,-29799.362500000003,-524.9750000000058,7175.924999999988,-17975.724999999977,-46.5625,16672.287500000006,-400.6374999999971,5188.612499999988,0.3125,0.8625,0.0,-0.11249999999999982,-0.28749999999999964,0.42500000000001137,0.025,0.08749999999999991,0.7000000000000002,-0.32499999999999996,0.075,-0.5250000000000057
-37992.225000000006,183.36250000004657,-29722.362500000003,-465.9750000000058,7137.924999999988,-17926.724999999977,-187.5625,16568.287500000006,-367.6374999999971,4978.612499999988,-0.6875,-0.13749999999999996,-1.0,-0.11249999999999982,-0.28749999999999964,-0.5749999999999886,0.025,0.08749999999999991,0.7000000000000002,0.675,0.075,0.4749999999999943
-38087.225000000006,245.36250000004657,-29795.362500000003,-451.9750000000058,7203.924999999988,-17799.724999999977,-130.5625,16578.287500000006,-396.6374999999971,4983.612499999988,0.3125,-0.13749999999999996,1.0,-0.11249999999999982,0.7125000000000004,1.4250000000000114,0.025,0.08749999999999991,-0.2999999999999998,-0.32499999999999996,0.075,-0.5250000000000057
-38002.225000000006,215.36250000004657,-29891.362500000003,-445.9750000000058,7217.924999999988,-17738.724999999977,-42.5625,16509.287500000006,-522.6374999999971,5095.612499999988,0.3125,-0.13749999999999996,0.0,0.8875000000000002,-0.28749999999999964,0.42500000000001137,0.025,0.08749999999999991,0.7000000000000002,0.675,0.075,-0.5250000000000057
-37945.225000000006,182.36250000004657,-29857.362500000003,-414.9750000000058,7279.924999999988,-17807.724999999977,2.4375,16455.287500000006,-796.6374999999971,5177.612499999988,0.3125,0.8625,1.0,-0.11249999999999982,-0.28749999999999964,0.42500000000001137,0.025,0.08749999999999991,0.7000000000000002,-0.32499999999999996,-0.925,0.4749999999999943
-37914.225000000006,230.36250000004657,-29901.362500000003,-324.9750000000058,7454.924999999988,-17712.724999999977,-67.5625,16466.287500000006,-745.6374999999971,5226.612499999988,0.3125,-0.13749999999999996,0.0,0.8875000000000002,-0.28749999999999964,-0.5749999999999886,0.025,0.08749999999999991,-0.2999999999999998,-0.32499999999999996,0.075,-0.5250000000000057
-37955.225000000006,140.36250000004657,-29955.362500000003,-328.9750000000058,7419.924999999988,-17634.724999999977,-28.5625,16522.287500000006,-856.6374999999971,5122.612499999988,0.3125,-0.13749999999999996,0.0,0.8875000000000002,-0.28749999999999964,0.42500000000001137,0.025,-0.9125000000000001,0.7000000000000002,-0.32499999999999996,0.075,0.4749999999999943
-37996.225000000006,95.36250000004657,-29903.362500000003,-337.9750000000058,7466.924999999988,-17641.724999999977,-32.5625,16485.287500000006,-1026.637499999997,5191.612499999988,0.3125,-0.13749999999999996,-1.0,0.8875000000000002,0.7125000000000004,0.42500000000001137,0.025,0.08749999999999991,0.7000000000000002,0.675,-0.925,-1.5250000000000057
-37944.225000000006,65.36250000004657,-30104.362500000003,-231.97500000000582,7645.924999999988,-17688.724999999977,83.4375,16523.287500000006,-938.6374999999971,5234.612499999988,0.3125,-0.13749999999999996,0.0,-0.11249999999999982,-0.28749999999999964,0.42500000000001137,-0.975,0.08749999999999991,-0.2999999999999998,-0.32499999999999996,0.075,0.4749999999999943
-37898.225000000006,207.36250000004657,-30037.362500000003,-262.9750000000058,7670.924999999988,-17537.724999999977,-33.5625,16497.287500000006,-877.6374999999971,5171.612499999988,-0.6875,-0.13749999999999996,-1.0,-0.11249999999999982,-0.28749999999999964,1.4250000000000114,0.025,0.08749999999999991,-0.2999999999999998,0.675,0.075,0.4749999999999943
-37936.225000000006,266.36250000004657,-30025.362500000003,-357.9750000000058,7674.924999999988,-17611.724999999977,-132.5625,16529.287500000006,-1084.637499999997,5110.612499999988,-0.6875,-0.13749999999999996,0.0,0.8875000000000002,-0.28749999999999964,0.42500000000001137,0.025,0.08749999999999991,0.7000000000000002,0.675,0.075,-0.5250000000000057
-37909.225000000006,300.36250000004657,-29912.362500000003,-395.9750000000058,7494.924999999988,-17749.724999999977,-129.5625,16586.287500000006,-1138.637499999997,5083.612499999988,0.3125,-0.13749999999999996,0.0,-0.11249999999999982,-0.28749999999999964,1.4250000000000114,0.025,0.08749999999999991,0.7000000000000002,-0.32499999999999996,0.075,1.4749999999999943
-37974.225000000006,170.36250000004657,-29910.362500000003,-505.9750000000058,7348.924999999988,-17944.724999999977,-145.5625,16546.287500000006,-1334.637499999997,4915.612499999988,0.3125,0.8625,0.0,0.8875000000000002,-0.28749999999999964,0.42500000000001137,0.025,0.08749999999999991,-0.2999999999999998,-0.32499999999999996,-0.925,1.4749999999999943
-37930.225000000006,84.36250000004657,-29876.362500000003,-512.9750000000058,7106.924999999988,-18106.724999999977,-352.5625,16511.287500000006,-1453.637499999997,4748.612499999988,-0.6875,0.8625,0.0,-0.11249999999999982,0.7125000000000004,0.42500000000001137,0.025,0.08749999999999991,0.7000000000000002,-0.32499999999999996,0.075,-0.5250000000000057
-37965.225000000006,187.36250000004657,-29919.362500000003,-623.9750000000058,6826.924999999988,-18120.724999999977,-452.5625,16461.287500000006,-1473.637499999997,4062.6124999999884,0.3125,0.8625,0.0,0.8875000000000002,-0.28749999999999964,0.42500000000001137,0.025,-0.9125000000000001,-0.2999999999999998,0.675,0.075,0.4749999999999943
-38252.225000000006,96.36250000004657,-29855.362500000003,-690.9750000000058,6613.924999999988,-18273.724999999977,-278.5625,16464.287500000006,-1305.637499999997,3764.6124999999884,-0.6875,-0.13749999999999996,1.0,-0.11249999999999982,-0.28749999999999964,-1.5749999999999886,0.025,0.08749999999999991,0.7000000000000002,-0.32499999999999996,0.075,1.4749999999999943
-38155.225000000006,21.362500000046566,-29792.362500000003,-849.9750000000058,6414.924999999988,-18199.724999999977,-282.5625,16440.287500000006,-950.6374999999971,3888.6124999999884,-0.6875,0.8625,1.0,0.8875000000000002,0.7125000000000004,-0.5749999999999886,0.025,0.08749999999999991,-0.2999999999999998,-0.32499999999999996,0.075,0.4749999999999943
-38447.225000000006,244.36250000004657,-29884.362500000003,-879.9750000000058,6567.924999999988,-18252.724999999977,-171.5625,16439.287500000006,-746.6374999999971,4072.6124999999884,0.3125,-0.13749999999999996,0.0,-1.1124999999999998,0.7125000000000004,-0.5749999999999886,-0.975,0.08749999999999991,-0.2999999999999998,-0.32499999999999996,0.075,-0.5250000000000057
-38256.225000000006,153.36250000004657,-29914.362500000003,-937.9750000000058,6572.924999999988,-18139.724999999977,-314.5625,16413.287500000006,-746.6374999999971,4382.612499999988,0.3125,-0.13749999999999996,0.0,-0.11249999999999982,0.7125000000000004,-0.5749999999999886,0.025,0.08749999999999991,-0.2999999999999998,-0.32499999999999996,0.075,-0.5250000000000057
-38154.225000000006,19.362500000046566,-29997.362500000003,-932.9750000000058,6502.924999999988,-18085.724999999977,-439.5625,16473.287500000006,-956.6374999999971,4670.612499999988,0.3125,-0.13749999999999996,1.0,0.8875000000000002,0.7125000000000004,-0.5749999999999886,0.025,0.08749999999999991,-1.2999999999999998,-0.32499999999999996,0.075,0.4749999999999943
-37959.225000000006,28.362500000046566,-29928.362500000003,-907.9750000000058,6480.924999999988,-18096.724999999977,-195.5625,16454.287500000006,-1065.637499999997,4728.612499999988,-0.6875,-0.13749999999999996,2.0,-0.11249999999999982,0.7125000000000004,-1.5749999999999886,0.025,0.08749999999999991,-0.2999999999999998,0.675,0.075,-0.5250000000000057
-37994.225000000006,25.362500000046566,-29857.362500000003,-972.9750000000058,6667.924999999988,-18079.724999999977,-225.5625,16452.287500000006,-745.6374999999971,5056.612499999988,1.3125,0.8625,0.0,0.8875000000000002,-0.28749999999999964,2.4250000000000114,0.025,0.08749999999999991,0.7000000000000002,-0.32499999999999996,0.075,2.4749999999999943
-38182.225000000006,211.36250000004657,-30092.362500000003,-815.9750000000058,6781.924999999988,-17982.724999999977,-359.5625,16453.287500000006,-184.6374999999971,5412.612499999988,0.3125,0.8625,-4.0,-0.11249999999999982,-0.28749999999999964,-1.5749999999999886,0.025,0.08749999999999991,0.7000000000000002,0.675,0.075,0.4749999999999943
-38257.225000000006,-123.63749999995343,-30137.362500000003,-615.9750000000058,6954.924999999988,-17886.724999999977,-82.5625,16591.287500000006,-356.6374999999971,5244.612499999988,0.3125,-0.13749999999999996,-3.0,-0.11249999999999982,0.7125000000000004,-0.5749999999999886,0.025,0.08749999999999991,-0.2999999999999998,0.675,0.075,1.4749999999999943
-37220.225000000006,-793.6374999999534,-30570.362500000003,-1398.9750000000058,6573.924999999988,-17829.724999999977,-800.5625,16735.287500000006,-906.6374999999971,4305.612499999988,-0.6875,-0.13749999999999996,1.0,-1.1124999999999998,0.7125000000000004,0.42500000000001137,0.025,0.08749999999999991,0.7000000000000002,-0.32499999999999996,-1.925,2.4749999999999943
-38307.225000000006,199.36250000004657,-30648.362500000003,-1246.9750000000058,7082.924999999988,-18262.724999999977,67.4375,16376.287500000006,-419.6374999999971,4555.612499999988,-0.6875,-0.13749999999999996,1.0,-0.11249999999999982,-0.28749999999999964,3.4250000000000114,0.025,0.08749999999999991,-0.2999999999999998,-1.325,-1.925,0.4749999999999943
-38790.225000000006,874.3625000000466,-30514.362500000003,166.02499999999418,7474.924999999988,-18800.724999999977,714.4375,16199.287500000006,261.3625000000029,5256.612499999988,0.3125,-0.13749999999999996,-1.0,-0.11249999999999982,-0.28749999999999964,0.42500000000001137,0.025,0.08749999999999991,0.7000000000000002,-0.32499999999999996,-1.925,-1.5250000000000057
-38039.225000000006,302.36250000004657,-30599.362500000003,-471.9750000000058,7144.924999999988,-18575.724999999977,195.4375,16309.287500000006,-526.6374999999971,4145.612499999988,1.3125,-3.1375,-2.0,-0.11249999999999982,-0.28749999999999964,1.4250000000000114,0.025,0.08749999999999991,-0.2999999999999998,-0.32499999999999996,-1.925,0.4749999999999943
-37731.225000000006,13.362500000046566,-30651.362500000003,-393.9750000000058,6714.924999999988,-18125.724999999977,-264.5625,16408.287500000006,-514.6374999999971,4309.612499999988,0.3125,-2.1375,-1.0,-0.11249999999999982,-0.28749999999999964,2.4250000000000114,0.025,0.08749999999999991,-0.2999999999999998,0.675,0.075,1.4749999999999943
-38008.225000000006,352.36250000004657,-30490.362500000003,-98.97500000000582,6967.924999999988,-18739.724999999977,33.4375,16415.287500000006,-335.6374999999971,4310.612499999988,-0.6875,-0.13749999999999996,-2.0,-0.11249999999999982,0.7125000000000004,0.42500000000001137,0.025,-0.9125000000000001,-0.2999999999999998,-0.32499999999999996,1.075,-1.5250000000000057
-37884.225000000006,52.362500000046566,-30657.362500000003,-203.97500000000582,6755.924999999988,-18485.724999999977,-75.5625,16467.287500000006,-495.6374999999971,3940.6124999999884,0.3125,-2.1375,-2.0,0.8875000000000002,-1.2874999999999996,1.4250000000000114,0.025,0.08749999999999991,-0.2999999999999998,-0.32499999999999996,0.075,2.4749999999999943
-37629.225000000006,-394.63749999995343,-30691.362500000003,-548.9750000000058,6549.924999999988,-18313.724999999977,-552.5625,16358.287500000006,-862.6374999999971,3378.6124999999884,0.3125,0.8625,2.0,-1.1124999999999998,-1.2874999999999996,1.4250000000000114,0.025,0.08749999999999991,-0.2999999999999998,-0.32499999999999996,0.075,1.4749999999999943
-38020.225000000006,73.36250000004657,-30452.362500000003,7.024999999994179,7060.924999999988,-19037.724999999977,312.4375,16259.287500000006,-93.63749999999709,4211.612499999988,0.3125,-0.13749999999999996,-2.0,0.8875000000000002,-1.2874999999999996,-2.5749999999999886,0.025,-0.9125000000000001,0.7000000000000002,-0.32499999999999996,0.075,-1.5250000000000057
-38083.225000000006,65.36250000004657,-30375.362500000003,-276.9750000000058,6264.924999999988,-18051.724999999977,-99.5625,16279.287500000006,-589.6374999999971,3978.6124999999884,-1.6875,-0.13749999999999996,1.0,0.8875000000000002,1.7125000000000004,1.4250000000000114,0.025,0.08749999999999991,-0.2999999999999998,0.675,1.075,-0.5250000000000057
-38574.225000000006,561.3625000000466,-30108.362500000003,-260.9750000000058,6701.924999999988,-18798.724999999977,308.4375,16336.287500000006,-680.6374999999971,4331.612499999988,-0.6875,-1.1375,-1.0,-0.11249999999999982,-0.28749999999999964,-3.5749999999999886,0.025,-0.9125000000000001,-0.2999999999999998,0.675,1.075,-4.525000000000006
-38500.225000000006,114.36250000004657,-30228.362500000003,-333.9750000000058,5848.924999999988,-17965.724999999977,8.4375,16418.287500000006,-628.6374999999971,3810.6124999999884,0.3125,0.8625,0.0,0.8875000000000002,-1.2874999999999996,-1.5749999999999886,0.025,0.08749999999999991,0.7000000000000002,0.675,1.075,1.4749999999999943
-37645.225000000006,-298.63749999995343,-30352.362500000003,-1154.9750000000058,5817.924999999988,-18281.724999999977,-465.5625,16313.287500000006,-858.6374999999971,3349.6124999999884,-1.6875,1.8625,5.0,3.8875,2.7125000000000004,0.42500000000001137,0.025,0.08749999999999991,0.7000000000000002,-0.32499999999999996,1.075,0.4749999999999943
-38870.225000000006,712.3625000000466,-30032.362500000003,-296.9750000000058,6298.924999999988,-19137.724999999977,162.4375,16284.287500000006,-479.6374999999971,4040.6124999999884,-38.6875,14.8625,8.0,-8.1125,-0.28749999999999964,-37.57499999999999,0.025,0.08749999999999991,-1.2999999999999998,3.675,1.075,-4.525000000000006
-17565.225000000006,15290.362500000047,-29904.362500000003,-1302.9750000000058,6506.924999999988,-18750.724999999977,9357.4375,16196.287500000006,-765.6374999999971,4381.612499999988,12.3125,-8.1375,-39.0,-57.1125,42.7125,122.42500000000001,0.025,-0.9125000000000001,-0.2999999999999998,2.675,18.075,-2.5250000000000057
-25543.225000000006,112134.36250000005,-25005.362500000003,-2105.975000000006,4652.924999999988,2197.2750000000233,104985.4375,15328.287500000006,-2584.637499999997,1386.6124999999884,5.3125,13.8625,32.0,82.8875,-28.2875,-109.57499999999999,0.025,0.08749999999999991,-0.2999999999999998,1.675,-16.925,11.474999999999994
-24266.225000000006,174758.36250000005,-24794.362500000003,1432.0249999999942,7312.924999999988,133948.27500000002,202202.4375,13918.287500000006,-997.6374999999971,10906.612499999988,-5.6875,-1.1375,28.0,-29.1125,-12.2875,-60.57499999999999,0.025,0.08749999999999991,0.7000000000000002,-6.325,6.075,1.4749999999999943
-1151.2250000000058,244677.36250000005,-23723.362500000003,359.0249999999942,4305.924999999988,349617.275,233837.4375,10648.287500000006,-2611.637499999997,7121.612499999988,-1.6875,-6.1375,-15.0,-32.1125,-4.2875,-0.5749999999999886,0.025,-0.9125000000000001,0.7000000000000002,9.675,6.075,-3.5250000000000057
-1044.2250000000058,163040.36250000005,-27946.362500000003,-272.9750000000058,6320.924999999988,170099.27500000002,188522.4375,14363.287500000006,83.36250000000291,5041.612499999988,2.3125,-8.1375,1.0,9.8875,13.7125,-34.57499999999999,0.025,0.08749999999999991,-0.2999999999999998,2.675,23.075,3.4749999999999943
-2483.225000000006,119033.36250000005,-30841.362500000003,-2178.975000000006,10019.924999999988,82831.27500000002,153572.4375,15873.287500000006,-2253.637499999997,3662.6124999999884,15.3125,30.8625,-53.0,-11.1125,-11.2875,38.42500000000001,0.025,0.08749999999999991,0.7000000000000002,5.675,3.075,11.474999999999994
-23617.225000000006,53727.36250000005,-31271.362500000003,-491.9750000000058,12280.924999999988,78388.27500000002,125629.4375,13996.287500000006,-859.6374999999971,3969.6124999999884,-15.6875,-8.1375,40.0,-12.1125,-27.2875,9.425000000000011,0.025,-0.9125000000000001,-1.2999999999999998,-5.325,-0.925,-6.525000000000006
-48059.225000000006,4628.362500000047,-33355.3625,208.02499999999418,13377.924999999988,68308.27500000002,103551.4375,13059.287500000006,1996.362500000003,3619.6124999999884,17.3125,3.8625,-27.0,13.8875,15.7125,12.425000000000011,-0.975,-0.9125000000000001,-1.2999999999999998,3.675,-9.925,2.4749999999999943
-51676.225000000006,189.36250000004657,-33866.3625,-1797.9750000000058,9446.924999999988,19652.275000000023,17315.4375,15706.287500000006,-2302.637499999997,1378.6124999999884,15.3125,11.8625,-14.0,-2.1125,-9.2875,6.425000000000011,0.025,0.08749999999999991,-0.2999999999999998,-1.325,-9.925,7.474999999999994
-40331.225000000006,4140.362500000047,-33997.3625,-1649.9750000000058,11016.924999999988,997.2750000000233,93751.4375,16237.287500000006,-1159.637499999997,3191.6124999999884,12.3125,12.8625,28.0,2.8875,-1.2874999999999996,18.42500000000001,0.025,0.08749999999999991,1.7000000000000002,-2.325,-1.925,13.474999999999994
-11416.225000000006,73471.36250000005,-30015.362500000003,131.02499999999418,11408.924999999988,53881.27500000002,173818.4375,15239.287500000006,687.3625000000029,4819.612499999988,-7.6875,12.8625,12.0,-3.1125,1.7125000000000004,9.425000000000011,0.025,0.08749999999999991,-0.2999999999999998,-0.32499999999999996,6.075,4.474999999999994
5000.774999999994,147121.36250000005,-27527.362500000003,843.0249999999942,10791.924999999988,59640.27500000002,189710.4375,15114.287500000006,529.3625000000029,5429.612499999988,5.3125,8.8625,-11.0,-0.11249999999999982,-0.28749999999999964,6.425000000000011,0.025,-0.9125000000000001,-0.2999999999999998,2.675,11.075,0.4749999999999943
11804.774999999994,159128.36250000005,-27913.362500000003,-727.9750000000058,8251.924999999988,59012.27500000002,186633.4375,16061.287500000006,-1183.637499999997,2241.6124999999884,0.3125,-6.1375,5.0,3.8875,2.7125000000000004,7.425000000000011,0.025,0.08749999999999991,0.7000000000000002,-0.32499999999999996,-0.925,3.4749999999999943
-2653.225000000006,133993.36250000005,-28715.362500000003,-1483.9750000000058,7948.924999999988,52350.27500000002,176199.4375,16471.287500000006,-1330.637499999997,1737.6124999999884,2.3125,-2.1375,3.0,-1.1124999999999998,-2.2874999999999996,0.42500000000001137,0.025,1.0875,0.7000000000000002,0.675,-2.925,-1.5250000000000057
-29267.225000000006,35201.36250000005,-29463.362500000003,476.0249999999942,10760.924999999988,44921.27500000002,159793.4375,16020.287500000006,270.3625000000029,5165.612499999988,-5.6875,-4.1375,9.0,-2.1125,4.7125,-3.5749999999999886,0.025,1.0875,-0.2999999999999998,-0.32499999999999996,-4.925,-3.5250000000000057
-48859.225000000006,33932.36250000005,-32584.362500000003,-1231.9750000000058,9391.924999999988,40840.27500000002,149704.4375,15997.287500000006,-1442.637499999997,2891.6124999999884,-1.6875,3.8625,4.0,2.8875,-2.2874999999999996,-1.5749999999999886,0.025,0.08749999999999991,-0.2999999999999998,-1.325,-1.925,0.4749999999999943
-37471.225000000006,59850.36250000005,-31783.362500000003,-799.9750000000058,9414.924999999988,37640.27500000002,146244.4375,15678.287500000006,-1403.637499999997,2782.6124999999884,1.3125,-7.1375,-12.0,0.8875000000000002,-2.2874999999999996,1.4250000000000114,0.025,0.08749999999999991,-0.2999999999999998,-1.325,0.075,-1.5250000000000057
-30659.225000000006,83218.36250000005,-30734.362500000003,213.02499999999418,9881.924999999988,34778.27500000002,158059.4375,15105.287500000006,-98.63749999999709,4194.612499999988,-0.6875,14.8625,5.0,-16.1125,1.7125000000000004,19.42500000000001,0.025,0.08749999999999991,-0.2999999999999998,2.675,1.075,0.4749999999999943
-29855.225000000006,108665.36250000005,-29383.362500000003,154.02499999999418,9282.924999999988,28306.275000000023,173133.4375,15261.287500000006,-583.6374999999971,3496.6124999999884,1.3125,0.8625,-9.0,20.8875,4.7125,-32.57499999999999,0.025,0.08749999999999991,-0.2999999999999998,-1.325,5.075,-5.525000000000006
-38483.225000000006,100108.36250000005,-29660.362500000003,-575.9750000000058,8565.924999999988,12109.275000000023,177500.4375,15328.287500000006,-1491.637499999997,2829.6124999999884,1.3125,0.8625,-17.0,-21.1125,-0.28749999999999964,10.425000000000011,0.025,0.08749999999999991,-0.2999999999999998,0.675,2.075,-0.5250000000000057
-46061.225000000006,63849.36250000005,-30450.362500000003,-364.9750000000058,9712.924999999988,263.2750000000233,152601.4375,15568.287500000006,-1085.637499999997,4267.612499999988,-3.6875,-9.1375,19.0,4.8875,-13.2875,5.425000000000011,0.025,0.08749999999999991,0.7000000000000002,-3.325,1.075,-6.525000000000006
-50969.225000000006,43116.36250000005,-31583.362500000003,-691.9750000000058,9823.924999999988,-1575.7249999999767,159234.4375,15757.287500000006,-519.6374999999971,4080.6124999999884,1.3125,3.8625,3.0,8.8875,17.7125,12.425000000000011,0.025,0.08749999999999991,-0.2999999999999998,-0.32499999999999996,0.075,0.4749999999999943
-50837.225000000006,72304.36250000005,-30847.362500000003,-489.9750000000058,9537.924999999988,-4461.724999999977,178866.4375,15568.287500000006,-693.6374999999971,3727.6124999999884,-1.6875,-1.1375,9.0,0.8875000000000002,-12.2875,24.42500000000001,0.025,0.08749999999999991,-1.2999999999999998,0.675,-6.925,-1.5250000000000057
-56942.225000000006,86870.36250000005,-31489.362500000003,-880.9750000000058,9720.924999999988,-20027.724999999977,169187.4375,14632.287500000006,-648.6374999999971,3733.6124999999884,1.3125,-9.1375,-6.0,18.8875,15.7125,-7.574999999999989,-0.975,-0.9125000000000001,-0.2999999999999998,1.675,-0.925,-7.525000000000006
-62400.225000000006,69577.36250000005,-31457.362500000003,214.02499999999418,10947.924999999988,-23498.724999999977,171670.4375,14516.287500000006,-572.6374999999971,5071.612499999988,0.3125,3.8625,11.0,19.8875,-5.2875,-10.574999999999989,0.025,-0.9125000000000001,0.7000000000000002,1.675,5.075,7.474999999999994
-66974.225,84231.36250000005,-32917.3625,-1128.9750000000058,10903.924999999988,-25620.724999999977,178073.4375,14528.287500000006,-1104.637499999997,4557.612499999988,1.3125,-8.1375,-16.0,-10.1125,4.7125,14.425000000000011,-0.975,0.08749999999999991,-0.2999999999999998,-0.32499999999999996,0.075,3.4749999999999943
-70901.225,75071.36250000005,-32007.362500000003,83.02499999999418,12862.924999999988,-29632.724999999977,184880.4375,14387.287500000006,-3.6374999999970896,4504.612499999988,0.3125,6.8625,16.0,10.8875,-0.28749999999999964,-5.574999999999989,0.025,1.0875,0.7000000000000002,-2.325,-0.925,7.474999999999994
-76521.225,75524.36250000005,-33461.3625,-120.97500000000582,11983.924999999988,-30910.724999999977,185706.4375,13624.287500000006,-256.6374999999971,5346.612499999988,-5.6875,-19.1375,11.0,-10.1125,12.7125,47.42500000000001,0.025,-0.9125000000000001,-0.2999999999999998,4.675,-1.925,-1.5250000000000057
-77302.225,62460.36250000005,-33016.3625,141.02499999999418,12631.924999999988,-37147.72499999998,161257.4375,13872.287500000006,-400.6374999999971,5746.612499999988,-3.6875,1.8625,9.0,-14.1125,11.7125,41.42500000000001,0.025,0.08749999999999991,-0.2999999999999998,0.675,7.075,1.4749999999999943
-94620.225,79083.36250000005,-32493.362500000003,633.0249999999942,12958.924999999988,-52580.72499999998,173861.4375,13764.287500000006,528.3625000000029,6393.612499999988,1.3125,-13.1375,15.0,-17.1125,10.7125,9.425000000000011,0.025,0.08749999999999991,-0.2999999999999998,6.675,0.075,-14.525000000000006
-104635.225,79677.36250000005,-32592.362500000003,762.0249999999942,13231.924999999988,-45852.72499999998,167535.4375,13762.287500000006,25.36250000000291,7137.612499999988,3.3125,-13.1375,7.0,4.8875,-17.2875,-40.57499999999999,0.025,1.0875,-0.2999999999999998,0.675,1.075,-5.525000000000006
-112937.225,87493.36250000005,-32776.3625,-1.9750000000058208,12557.924999999988,-54174.72499999998,167876.4375,12831.287500000006,-1271.637499999997,5667.612499999988,0.3125,-6.1375,1.0,7.8875,-10.2875,-20.57499999999999,0.025,0.08749999999999991,-0.2999999999999998,2.675,-1.925,-14.525000000000006
-107697.225,86685.36250000005,-33088.3625,634.0249999999942,13726.924999999988,-61699.72499999998,176305.4375,12695.287500000006,-284.6374999999971,6649.612499999988,-6.6875,-25.1375,16.0,-4.1125,-14.2875,-11.574999999999989,0.025,-0.9125000000000001,0.7000000000000002,4.675,4.075,-14.525000000000006
-105992.225,65990.36250000005,-32773.3625,583.0249999999942,13089.924999999988,-61228.72499999998,173924.4375,12579.287500000006,-225.6374999999971,6610.612499999988,0.3125,-22.1375,-11.0,-10.1125,-14.2875,-1.5749999999999886,0.025,1.0875,-1.2999999999999998,-1.325,2.075,-6.525000000000006
-119197.225,53167.36250000005,-32811.3625,297.0249999999942,13053.924999999988,-52939.72499999998,182008.4375,12316.287500000006,41.36250000000291,6525.612499999988,13.3125,0.8625,-23.0,23.8875,-14.2875,-25.57499999999999,0.025,1.0875,-1.2999999999999998,-3.325,-1.925,-11.525000000000006
-73132.225,6935.362500000047,-32569.362500000003,296.0249999999942,12592.924999999988,-12164.724999999977,164885.4375,17209.287500000006,-671.6374999999971,6860.612499999988,2.3125,-0.13749999999999996,-11.0,-31.1125,1.7125000000000004,-7.574999999999989,0.025,1.0875,1.7000000000000002,-0.32499999999999996,-9.925,-6.525000000000006
-54646.225000000006,-557.6374999999534,-32856.3625,-843.9750000000058,11932.924999999988,3004.2750000000233,88655.4375,33055.287500000006,-1750.637499999997,4667.612499999988,127.3125,-67.1375,-421.0,2.8875,-10.2875,-21.57499999999999,0.025,-0.9125000000000001,1.7000000000000002,0.675,5.075,-6.525000000000006
-50429.225000000006,1904.3625000000466,-33538.3625,109.02499999999418,13680.924999999988,-23210.724999999977,20253.4375,46230.287500000006,414.3625000000029,7568.612499999988,-43.6875,104.8625,32.0,-74.1125,-57.2875,328.425,0.025,0.08749999999999991,-3.3,4.675,-21.925,-26.525000000000006
-670.2250000000058,112912.36250000005,-33588.3625,-2301.975000000006,11487.924999999988,25040.275000000023,200636.4375,46864.287500000006,354.3625000000029,5496.612499999988,-11.6875,27.8625,-6.0,148.8875,-54.2875,6.425000000000011,1.025,-2.9125,3.7,15.675,40.075,8.474999999999994
-950.2250000000058,344802.36250000005,-22439.362500000003,2396.024999999994,6122.924999999988,189288.27500000002,289593.4375,50422.287500000006,1695.362500000003,6622.612499999988,-13.6875,-29.1375,13.0,-121.1125,109.7125,1.4250000000000114,-0.975,0.08749999999999991,-3.3,20.675,-2.925,-21.525000000000006
-7853.225000000006,280383.36250000005,-28233.362500000003,1644.0249999999942,7371.924999999988,366152.275,257978.4375,14887.287500000006,3601.362500000003,14844.612499999988,-12.6875,-24.1375,55.0,-25.1125,36.7125,-105.57499999999999,1.025,1.0875,-0.2999999999999998,-2.325,-19.925,-40.525000000000006
13119.774999999994,237420.36250000005,-23217.362500000003,-471.9750000000058,8186.924999999988,-31253.724999999977,217491.4375,-16693.712499999994,-1232.637499999997,9600.612499999988,12.3125,14.8625,-44.0,-49.1125,17.7125,-67.57499999999999,0.025,1.0875,-0.2999999999999998,-3.325,-24.925,-19.525000000000006
17802.774999999994,271037.36250000005,-17680.362500000003,-3273.975000000006,8643.924999999988,-2321.7249999999767,173739.4375,-11983.712499999994,-5405.637499999997,2511.6124999999884,-8.6875,-19.1375,-4.0,-9.1125,4.7125,-2.5749999999999886,0.025,-0.9125000000000001,0.7000000000000002,0.675,31.075,6.474999999999994
-15370.225000000006,197377.36250000005,-21459.362500000003,1876.0249999999942,11274.924999999988,11983.275000000023,162557.4375,7858.287500000006,1894.362500000003,12542.612499999988,-20.6875,-26.1375,20.0,-0.11249999999999982,67.7125,12.425000000000011,0.025,-0.9125000000000001,-0.2999999999999998,7.675,23.075,5.474999999999994
-51868.225000000006,129468.36250000005,-30612.362500000003,2488.024999999994,7085.924999999988,14741.275000000023,170605.4375,54715.287500000006,4664.362500000003,18274.61249999999,-21.6875,-22.1375,18.0,39.8875,8.7125,-12.574999999999989,-0.975,-2.9125,0.7000000000000002,4.675,16.075,-2.5250000000000057
-71073.225,34022.36250000005,-34707.3625,-2662.975000000006,5476.924999999988,-19936.724999999977,21787.4375,37276.287500000006,-2265.637499999997,6030.612499999988,17.3125,-10.1375,-29.0,-28.1125,-6.2875,43.42500000000001,0.025,-0.9125000000000001,-1.2999999999999998,0.675,6.075,-8.525000000000006
-64784.225000000006,-2326.6374999999534,-35530.3625,-902.9750000000058,7593.924999999988,-33441.72499999998,-1535.5625,25574.287500000006,-858.6374999999971,7866.612499999988,15.3125,-2.1375,-22.0,11.8875,20.7125,30.42500000000001,2.025,1.0875,3.7,-22.325,-28.925,-18.525000000000006
-67550.225,1416.3625000000466,-24188.362500000003,107119.025,29112.92499999999,-24062.724999999977,4067.4375,22310.287500000006,57509.3625,56674.61249999999,55.3125,-20.1375,32.0,37.8875,-3.2874999999999996,70.42500000000001,0.025,-2.9125,-1.2999999999999998,-3.325,-8.925,-33.525000000000006
-68636.225,21596.362500000047,-25094.362500000003,172124.025,16737.92499999999,2913.2750000000233,77193.4375,18277.287500000006,133059.3625,96025.61249999999,29.3125,76.8625,15.0,-33.1125,24.7125,-4.574999999999989,1.025,-1.9125,-0.2999999999999998,5.675,2.075,-18.525000000000006
-73090.225,194801.36250000005,-15731.362500000003,140511.025,15590.924999999988,17922.275000000023,211016.4375,15812.287500000006,138822.3625,74483.61249999999,-18.6875,-18.1375,46.0,-33.1125,-23.2875,-1.5749999999999886,1.025,-0.9125000000000001,0.7000000000000002,-31.325,40.075,-70.525
-80458.225,247573.36250000005,-10093.362500000003,102754.025,23488.92499999999,45611.27500000002,223655.4375,14835.287500000006,164894.3625,99352.61249999999,-8.6875,29.8625,33.0,0.8875000000000002,-3.2874999999999996,12.425000000000011,-0.975,0.08749999999999991,-3.3,55.675,34.075,-7.525000000000006
-96754.225,256763.36250000005,-13077.362500000003,184135.025,-10692.075000000012,-28260.724999999977,210178.4375,14106.287500000006,178834.3625,91919.61249999999,-31.6875,-16.1375,37.0,-15.1125,-0.28749999999999964,16.42500000000001,1.025,-0.9125000000000001,3.7,-35.325,29.075,-47.525000000000006
-126686.225,314957.36250000005,-9652.362500000003,192974.025,19334.92499999999,-53949.72499999998,261597.4375,13933.287500000006,155834.3625,64186.61249999999,20.3125,-26.1375,-58.0,-8.1125,-19.2875,62.42500000000001,0.025,0.08749999999999991,-0.2999999999999998,15.675,2.075,-28.525000000000006
-130433.225,241932.36250000005,-7686.362500000003,203379.025,9330.924999999988,-40703.72499999998,247523.4375,11905.287500000006,159469.3625,74180.61249999999,-1.6875,-0.13749999999999996,25.0,-5.1125,13.7125,44.42500000000001,-0.975,1.0875,-0.2999999999999998,-0.32499999999999996,0.075,-28.525000000000006
-144410.225,247067.36250000005,-14718.362500000003,240766.025,23227.92499999999,66916.27500000002,218546.4375,10474.287500000006,181500.3625,75242.61249999999,3.3125,-3.1375,-12.0,10.8875,1.7125000000000004,33.42500000000001,-1.975,-0.9125000000000001,-2.3,-3.325,8.075,2.4749999999999943
-125001.225,199638.36250000005,-17255.362500000003,201892.025,16290.924999999988,47558.27500000002,170607.4375,11089.287500000006,207526.3625,77800.61249999999,11.3125,1.8625,-2.0,-6.1125,17.7125,25.42500000000001,0.025,0.08749999999999991,0.7000000000000002,-1.325,7.075,3.4749999999999943
-94403.225,150599.36250000005,-21276.362500000003,201925.025,21903.92499999999,35305.27500000002,171449.4375,10783.287500000006,154996.3625,60187.61249999999,-7.6875,1.8625,25.0,-8.1125,11.7125,33.42500000000001,-0.975,-0.9125000000000001,-1.2999999999999998,-2.325,-12.925,-11.525000000000006
-96186.225,139691.36250000005,-21458.362500000003,165538.025,10125.924999999988,26694.275000000023,115931.4375,11385.287500000006,156584.3625,32552.61249999999,14.3125,0.8625,-19.0,4.8875,-12.2875,-7.574999999999989,0.025,-0.9125000000000001,-1.2999999999999998,9.675,14.075,8.474999999999994
-66611.225,95825.36250000005,-25105.362500000003,130094.025,8771.924999999988,28138.275000000023,87980.4375,10937.287500000006,142946.3625,22171.61249999999,-15.6875,16.8625,24.0,-13.1125,-12.2875,12.425000000000011,0.025,-0.9125000000000001,-1.2999999999999998,-10.325,14.075,-22.525000000000006
-56032.225000000006,63022.36250000005,-27649.362500000003,117409.025,24393.92499999999,26429.275000000023,53795.4375,13573.287500000006,123312.3625,5705.612499999988,15.3125,-15.1375,-11.0,-0.11249999999999982,-2.2874999999999996,9.425000000000011,0.025,-0.9125000000000001,-1.2999999999999998,23.675,-8.925,9.474999999999994
-92628.225,60566.36250000005,-26285.362500000003,123298.025,42402.92499999999,-3032.7249999999767,103937.4375,14074.287500000006,136231.3625,4811.612499999988,11.3125,15.8625,-14.0,16.8875,-2.2874999999999996,-21.57499999999999,-0.975,1.0875,-1.2999999999999998,0.675,-2.925,-16.525000000000006
-137250.225,123437.36250000005,-21694.362500000003,155928.025,42023.92499999999,-13965.724999999977,141869.4375,12928.287500000006,153789.3625,10472.612499999988,-15.6875,-9.1375,41.0,9.8875,0.7125000000000004,-6.574999999999989,0.025,-0.9125000000000001,0.7000000000000002,9.675,2.075,-11.525000000000006
-134372.225,158831.36250000005,-20952.362500000003,189914.025,31487.92499999999,-12732.724999999977,157421.4375,13832.287500000006,156074.3625,4487.612499999988,18.3125,-5.1375,-19.0,8.8875,2.7125000000000004,-26.57499999999999,1.025,0.08749999999999991,1.7000000000000002,-1.325,11.075,-3.5250000000000057
-143350.225,180071.36250000005,-19676.362500000003,186485.025,33360.92499999999,-16447.724999999977,164379.4375,13492.287500000006,177226.3625,3510.6124999999884,-10.6875,1.8625,21.0,-23.1125,-7.2875,25.42500000000001,0.025,0.08749999999999991,1.7000000000000002,-2.325,-1.925,-7.525000000000006
-155263.225,179307.36250000005,-18964.362500000003,176690.025,38681.92499999999,-19412.724999999977,181837.4375,13756.287500000006,186129.3625,3938.6124999999884,14.3125,-1.1375,-26.0,40.8875,2.7125000000000004,-38.57499999999999,0.025,1.0875,-1.2999999999999998,-19.325,9.075,-6.525000000000006
-154479.225,186315.36250000005,-19964.362500000003,192199.025,39626.92499999999,-23258.724999999977,205984.4375,13173.287500000006,166997.3625,-4384.387500000012,-1.6875,-7.1375,-9.0,27.8875,5.7125,-28.57499999999999,0.025,0.08749999999999991,-0.2999999999999998,18.675,-0.925,10.474999999999994
-159971.225,192717.36250000005,-19643.362500000003,190873.025,39674.92499999999,-19739.724999999977,199189.4375,13433.287500000006,151208.3625,-11608.387500000012,-15.6875,-1.1375,23.0,-16.1125,-9.2875,3.4250000000000114,0.025,0.08749999999999991,0.7000000000000002,0.675,-7.925,1.4749999999999943
-139854.225,174995.36250000005,-20013.362500000003,181134.025,53619.92499999999,-22375.724999999977,169612.4375,13128.287500000006,143434.3625,-14379.387500000012,6.3125,-13.1375,0.0,-4.1125,1.7125000000000004,-6.574999999999989,0.025,0.08749999999999991,0.7000000000000002,23.675,2.075,13.474999999999994
-116528.225,153536.36250000005,-20660.362500000003,161856.025,21992.92499999999,-18922.724999999977,157013.4375,13056.287500000006,143489.3625,-4792.387500000012,1.3125,-9.1375,-8.0,14.8875,-9.2875,-29.57499999999999,0.025,0.08749999999999991,0.7000000000000002,3.675,-2.925,5.474999999999994
-102952.225,130963.36250000005,-22842.362500000003,150957.025,45275.92499999999,-12214.724999999977,145912.4375,12439.287500000006,146944.3625,-12699.387500000012,-1.6875,-6.1375,-6.0,13.8875,3.7125000000000004,-7.574999999999989,0.025,-0.9125000000000001,0.7000000000000002,-8.325,4.075,-7.525000000000006
-71221.225,99572.36250000005,-25202.362500000003,171048.025,60836.92499999999,-8386.724999999977,147345.4375,12362.287500000006,156139.3625,-10470.387500000012,-0.6875,3.8625,6.0,-7.1125,8.7125,9.425000000000011,-0.975,0.08749999999999991,-0.2999999999999998,-2.325,-0.925,6.474999999999994
-41467.225000000006,35846.36250000005,-24268.362500000003,154732.025,52186.92499999999,-18852.724999999977,133736.4375,12754.287500000006,133903.3625,-26561.38750000001,-1.6875,-3.1375,1.0,5.8875,4.7125,-9.574999999999989,0.025,-0.9125000000000001,-0.2999999999999998,16.675,-0.925,19.474999999999994
-25327.225000000006,24508.362500000047,-24549.362500000003,176276.025,50410.92499999999,-25096.724999999977,150537.4375,12548.287500000006,149554.3625,-25193.38750000001,-0.6875,-2.1375,3.0,2.8875,-0.28749999999999964,1.4250000000000114,0.025,0.08749999999999991,0.7000000000000002,-8.325,6.075,-0.5250000000000057
-18307.225000000006,11062.362500000047,-23789.362500000003,188145.025,37669.92499999999,-17887.724999999977,148168.4375,12971.287500000006,163474.3625,-20074.38750000001,-2.6875,0.8625,8.0,-10.1125,-6.2875,12.425000000000011,-0.975,0.08749999999999991,-0.2999999999999998,-5.325,-1.925,-9.525000000000006
-19922.225000000006,7427.362500000047,-18030.362500000003,158338.025,17878.92499999999,-42789.72499999998,151330.4375,13861.287500000006,151092.3625,-19593.38750000001,1.3125,-1.1375,0.0,8.8875,-3.2874999999999996,-7.574999999999989,0.025,0.08749999999999991,-0.2999999999999998,-0.32499999999999996,-2.925,-3.5250000000000057
-20597.225000000006,5955.362500000047,-13552.362500000003,134467.025,19493.92499999999,-47320.72499999998,179136.4375,14057.287500000006,129627.3625,-23248.38750000001,2.3125,2.8625,-1.0,0.8875000000000002,6.7125,1.4250000000000114,0.025,1.0875,0.7000000000000002,3.675,-0.925,4.474999999999994
-18143.225000000006,3089.3625000000466,-11468.362500000003,149397.025,34183.92499999999,-41793.72499999998,173412.4375,14055.287500000006,153408.3625,-28566.38750000001,-0.6875,1.8625,3.0,1.8875000000000002,1.7125000000000004,1.4250000000000114,0.025,-0.9125000000000001,0.7000000000000002,-0.32499999999999996,2.075,1.4749999999999943
-18022.225000000006,2625.3625000000466,-10456.362500000003,183116.025,35687.92499999999,-37348.72499999998,167304.4375,13738.287500000006,174252.3625,-24762.38750000001,-0.6875,-0.13749999999999996,2.0,-2.1125,-0.28749999999999964,2.4250000000000114,0.025,0.08749999999999991,-0.2999999999999998,-1.325,-0.925,-3.5250000000000057
-17859.225000000006,2018.3625000000466,-9885.362500000003,182046.025,38083.92499999999,-37940.72499999998,166576.4375,13300.287500000006,165240.3625,-21659.38750000001,-0.6875,0.8625,-1.0,1.8875000000000002,-1.2874999999999996,-5.574999999999989,0.025,0.08749999999999991,-0.2999999999999998,0.675,0.075,-1.5250000000000057
-20213.225000000006,4749.362500000047,-9618.362500000003,152496.025,40413.92499999999,-37429.72499999998,164401.4375,13919.287500000006,142606.3625,-22415.38750000001,-0.6875,1.8625,0.0,2.8875,0.7125000000000004,-2.5749999999999886,0.025,0.08749999999999991,-0.2999999999999998,0.675,1.075,-0.5250000000000057
-27891.225000000006,8353.362500000047,-9210.362500000003,143547.025,38284.92499999999,-35565.72499999998,162543.4375,13953.287500000006,130429.3625,-22595.38750000001,1.3125,-1.1375,0.0,-0.11249999999999982,0.7125000000000004,0.42500000000001137,0.025,0.08749999999999991,0.7000000000000002,-1.325,0.075,-1.5250000000000057
-37045.225000000006,24940.362500000047,-8222.362500000003,147914.025,31903.92499999999,-37637.72499999998,162639.4375,13695.287500000006,132329.3625,-20338.38750000001,-0.6875,1.8625,1.0,-0.11249999999999982,1.7125000000000004,-0.5749999999999886,0.025,0.08749999999999991,0.7000000000000002,0.675,0.075,0.4749999999999943
-44626.225000000006,33028.36250000005,-7836.362500000003,154494.025,21610.92499999999,-39020.72499999998,162368.4375,13439.287500000006,143629.3625,-17940.38750000001,-0.6875,-0.13749999999999996,1.0,1.8875000000000002,-1.2874999999999996,-1.5749999999999886,0.025,0.08749999999999991,-0.2999999999999998,0.675,0.075,-2.5250000000000057
-49985.225000000006,38473.36250000005,-7471.362500000003,156960.025,21243.92499999999,-39676.72499999998,163732.4375,13398.287500000006,146095.3625,-14648.387500000012,0.3125,-0.13749999999999996,1.0,1.8875000000000002,-1.2874999999999996,-1.5749999999999886,0.025,0.08749999999999991,-0.2999999999999998,-0.32499999999999996,0.075,0.4749999999999943
-53216.225000000006,42315.36250000005,-7374.362500000003,150858.025,20944.92499999999,-40395.72499999998,166552.4375,13278.287500000006,143869.3625,-13697.387500000012,0.3125,-1.1375,0.0,-0.11249999999999982,0.7125000000000004,0.42500000000001137,0.025,1.0875,-0.2999999999999998,-0.32499999999999996,0.075,0.4749999999999943
-57211.225000000006,46424.36250000005,-7244.362500000003,147075.025,19535.92499999999,-40344.72499999998,168154.4375,13348.287500000006,142681.3625,-13517.387500000012,0.3125,-0.13749999999999996,-2.0,0.8875000000000002,-0.28749999999999964,-1.5749999999999886,0.025,0.08749999999999991,0.7000000000000002,-0.32499999999999996,0.075,0.4749999999999943
-59415.225000000006,48021.36250000005,-7321.362500000003,147897.025,18733.92499999999,-39281.72499999998,167473.4375,13438.287500000006,143251.3625,-13587.387500000012,-0.6875,0.8625,0.0,0.8875000000000002,-0.28749999999999964,-0.5749999999999886,0.025,0.08749999999999991,0.7000000000000002,-0.32499999999999996,0.075,0.4749999999999943
-59005.225000000006,47663.36250000005,-7382.362500000003,150626.025,17876.92499999999,-38980.72499999998,165327.4375,13513.287500000006,143557.3625,-13339.387500000012,-0.6875,-0.13749999999999996,0.0,0.8875000000000002,-1.2874999999999996,-1.5749999999999886,0.025,0.08749999999999991,-0.2999999999999998,0.675,-0.925,0.4749999999999943
-57474.225000000006,47158.36250000005,-7260.362500000003,151195.025,17527.92499999999,-39233.72499999998,163190.4375,13366.287500000006,142145.3625,-13107.387500000012,0.3125,-1.1375,-2.0,-0.11249999999999982,-0.28749999999999964,-0.5749999999999886,-0.975,0.08749999999999991,0.7000000000000002,-0.32499999999999996,-0.925,-2.5250000000000057
-55520.225000000006,45316.36250000005,-7417.362500000003,150366.025,17138.92499999999,-39075.72499999998,162872.4375,13309.287500000006,141227.3625,-14569.387500000012,0.3125,-0.13749999999999996,-1.0,-0.11249999999999982,-0.28749999999999964,-0.5749999999999886,0.025,0.08749999999999991,0.7000000000000002,-0.32499999999999996,0.075,0.4749999999999943
-52518.225000000006,42516.36250000005,-7456.362500000003,149961.025,16378.924999999988,-38817.72499999998,163700.4375,13464.287500000006,141783.3625,-15349.387500000012,0.3125,0.8625,2.0,0.8875000000000002,0.7125000000000004,1.4250000000000114,0.025,1.0875,-0.2999999999999998,-0.32499999999999996,0.075,0.4749999999999943
-48875.225000000006,38559.36250000005,-7464.362500000003,150432.025,15684.924999999988,-38666.72499999998,166403.4375,13454.287500000006,143258.3625,-16211.387500000012,1.3125,0.8625,0.0,0.8875000000000002,0.7125000000000004,-2.5749999999999886,0.025,0.08749999999999991,-0.2999999999999998,-0.32499999999999996,0.075,-0.5250000000000057
-45433.225000000006,30340.362500000047,-7472.362500000003,154619.025,13732.924999999988,-39064.72499999998,166776.4375,13516.287500000006,143795.3625,-17850.38750000001,-0.6875,-0.13749999999999996,-1.0,-0.11249999999999982,-0.28749999999999964,-0.5749999999999886,0.025,0.08749999999999991,-0.2999999999999998,0.675,0.075,1.4749999999999943
-40986.225000000006,25417.362500000047,-7799.362500000003,159021.025,12640.924999999988,-38492.72499999998,165362.4375,13765.287500000006,144372.3625,-20224.38750000001,0.3125,-0.13749999999999996,1.0,0.8875000000000002,-0.28749999999999964,0.42500000000001137,0.025,0.08749999999999991,0.7000000000000002,-0.32499999999999996,0.075,0.4749999999999943
-36851.225000000006,21465.362500000047,-8126.362500000003,161991.025,17899.92499999999,-36617.72499999998,163746.4375,13731.287500000006,144486.3625,-22404.38750000001,0.3125,-0.13749999999999996,1.0,-0.11249999999999982,-0.28749999999999964,0.42500000000001137,0.025,0.08749999999999991,-0.2999999999999998,-0.32499999999999996,0.075,0.4749999999999943
-31090.225000000006,18168.362500000047,-8368.362500000003,162940.025,19679.92499999999,-35910.72499999998,163486.4375,13620.287500000006,144826.3625,-23347.38750000001,0.3125,-0.13749999999999996,-1.0,-1.1124999999999998,-0.28749999999999964,0.42500000000001137,-0.975,0.08749999999999991,0.7000000000000002,-0.32499999999999996,0.075,-0.5250000000000057
-31350.225000000006,17149.362500000047,-8285.362500000003,163214.025,21053.92499999999,-36040.72499999998,163084.4375,13592.287500000006,146117.3625,-21419.38750000001,0.3125,-0.13749999999999996,0.0,0.8875000000000002,0.7125000000000004,-0.5749999999999886,0.025,0.08749999999999991,-0.2999999999999998,0.675,0.075,-0.5250000000000057
-34195.225000000006,19335.362500000047,-7917.362500000003,161910.025,23143.92499999999,-35781.72499999998,162742.4375,13735.287500000006,146623.3625,-20344.38750000001,0.3125,-0.13749999999999996,0.0,0.8875000000000002,0.7125000000000004,-0.5749999999999886,0.025,1.0875,0.7000000000000002,-0.32499999999999996,0.075,-0.5250000000000057
-39915.225000000006,24788.362500000047,-7718.362500000003,159030.025,25771.92499999999,-36698.72499999998,163695.4375,13575.287500000006,141518.3625,-19247.38750000001,-0.6875,-0.13749999999999996,0.0,0.8875000000000002,-0.28749999999999964,-0.5749999999999886,0.025,-0.9125000000000001,0.7000000000000002,0.675,0.075,0.4749999999999943
-45396.225000000006,31016.362500000047,-7499.362500000003,154330.025,27321.92499999999,-38198.72499999998,166591.4375,13462.287500000006,142836.3625,-17651.38750000001,-0.6875,-0.13749999999999996,0.0,0.8875000000000002,0.7125000000000004,-0.5749999999999886,0.025,0.08749999999999991,-0.2999999999999998,-0.32499999999999996,0.075,-0.5250000000000057
-48576.225000000006,35033.36250000005,-7350.362500000003,153629.025,26854.92499999999,-38798.72499999998,166676.4375,13409.287500000006,145085.3625,-16176.387500000012,1.3125,-0.13749999999999996,-1.0,-0.11249999999999982,0.7125000000000004,1.4250000000000114,0.025,-0.9125000000000001,-0.2999999999999998,-0.32499999999999996,0.075,0.4749999999999943
-50243.225000000006,37181.36250000005,-7216.362500000003,151428.025,23754.92499999999,-39220.72499999998,166073.4375,13389.287500000006,145520.3625,-14811.387500000012,0.3125,-0.13749999999999996,0.0,-0.11249999999999982,0.7125000000000004,-0.5749999999999886,0.025,0.08749999999999991,-0.2999999999999998,-0.32499999999999996,0.075,0.4749999999999943
-51005.225000000006,39558.36250000005,-7164.362500000003,149604.025,22300.92499999999,-38635.72499999998,165234.4375,13249.287500000006,143586.3625,-14263.387500000012,-0.6875,-0.13749999999999996,-1.0,-0.11249999999999982,-0.28749999999999964,0.42500000000001137,0.025,0.08749999999999991,0.7000000000000002,-0.32499999999999996,0.075,-0.5250000000000057
-51744.225000000006,39639.36250000005,-7560.362500000003,150062.025,21280.92499999999,-38434.72499999998,164200.4375,13531.287500000006,141620.3625,-15229.387500000012,0.3125,-0.13749999999999996,0.0,-0.11249999999999982,-1.2874999999999996,0.42500000000001137,0.025,-0.9125000000000001,-0.2999999999999998,-0.32499999999999996,0.075,0.4749999999999943
-50876.225000000006,38507.36250000005,-7527.362500000003,151997.025,20322.92499999999,-38764.72499999998,163958.4375,13588.287500000006,144029.3625,-15435.387500000012,-0.6875,0.8625,0.0,-0.11249999999999982,-0.28749999999999964,0.42500000000001137,0.025,0.08749999999999991,0.7000000000000002,-0.32499999999999996,0.075,-0.5250000000000057
-49070.225000000006,36551.36250000005,-7331.362500000003,153080.025,19139.92499999999,-38851.72499999998,164521.4375,13546.287500000006,144988.3625,-15714.387500000012,0.3125,-0.13749999999999996,0.0,-0.11249999999999982,-0.28749999999999964,-0.5749999999999886,0.025,0.08749999999999991,-0.2999999999999998,-0.32499999999999996,0.075,-0.5250000000000057
-46606.225000000006,33974.36250000005,-7545.362500000003,153349.025,17946.92499999999,-38379.72499999998,165436.4375,13476.287500000006,145310.3625,-16825.38750000001,0.3125,-0.13749999999999996,0.0,0.8875000000000002,-0.28749999999999964,0.42500000000001137,0.025,-0.9125000000000001,-0.2999999999999998,0.675,-0.925,0.4749999999999943
-44270.225000000006,31258.362500000047,-7913.362500000003,154986.025,16242.924999999988,-37261.72499999998,164962.4375,13593.287500000006,145064.3625,-18336.38750000001,-0.6875,-0.13749999999999996,0.0,-0.11249999999999982,-0.28749999999999964,0.42500000000001137,0.025,-0.9125000000000001,-0.2999999999999998,0.675,0.075,0.4749999999999943
-41957.225000000006,28766.362500000047,-7963.362500000003,157071.025,15886.924999999988,-36253.72499999998,163995.4375,13639.287500000006,145185.3625,-19339.38750000001,-0.6875,0.8625,0.0,-0.11249999999999982,-0.28749999999999964,0.42500000000001137,0.025,0.08749999999999991,-0.2999999999999998,-0.32499999999999996,0.075,0.4749999999999943
-40592.225000000006,27388.362500000047,-7798.362500000003,158437.025,15873.924999999988,-36194.72499999998,163179.4375,13585.287500000006,145014.3625,-19363.38750000001,0.3125,-0.13749999999999996,1.0,-0.11249999999999982,-0.28749999999999964,0.42500000000001137,0.025,0.08749999999999991,-0.2999999999999998,0.675,0.075,-0.5250000000000057
-40313.225000000006,27037.362500000047,-7642.362500000003,158709.025,16589.92499999999,-36034.72499999998,163044.4375,13560.287500000006,144381.3625,-19004.38750000001,0.3125,-0.13749999999999996,0.0,-0.11249999999999982,0.7125000000000004,1.4250000000000114,0.025,0.08749999999999991,-0.2999999999999998,-0.32499999999999996,0.075,0.4749999999999943
-42548.225000000006,28065.362500000047,-7585.362500000003,157653.025,18019.92499999999,-35738.72499999998,163453.4375,13791.287500000006,144132.3625,-17899.38750000001,0.3125,0.8625,0.0,0.8875000000000002,-0.28749999999999964,0.42500000000001137,0.025,0.08749999999999991,0.7000000000000002,0.675,1.075,0.4749999999999943
-44489.225000000006,29813.362500000047,-7680.362500000003,154808.025,19689.92499999999,-35829.72499999998,164257.4375,13609.287500000006,144622.3625,-16190.387500000012,-0.6875,0.8625,0.0,0.8875000000000002,0.7125000000000004,0.42500000000001137,0.025,0.08749999999999991,-0.2999999999999998,0.675,0.075,0.4749999999999943
-46717.225000000006,34484.36250000005,-7902.362500000003,153701.025,22197.92499999999,-36209.72499999998,164821.4375,13706.287500000006,144836.3625,-14763.387500000012,-0.6875,-0.13749999999999996,0.0,0.8875000000000002,-0.28749999999999964,0.42500000000001137,0.025,0.08749999999999991,-0.2999999999999998,0.675,0.075,0.4749999999999943
-48567.225000000006,36333.36250000005,-7911.362500000003,152826.025,23456.92499999999,-36747.72499999998,164955.4375,13710.287500000006,144199.3625,-13812.387500000012,-0.6875,0.8625,-1.0,-0.11249999999999982,-1.2874999999999996,1.4250000000000114,0.025,0.08749999999999991,-0.2999999999999998,-0.32499999999999996,-0.925,-1.5250000000000057
-49594.225000000006,37218.36250000005,-7798.362500000003,152288.025,24039.92499999999,-36938.72499999998,164014.4375,13705.287500000006,143146.3625,-13413.387500000012,2.3125,-2.1375,-2.0,0.8875000000000002,2.7125000000000004,-1.5749999999999886,0.025,0.08749999999999991,-0.2999999999999998,-0.32499999999999996,-0.925,-0.5250000000000057
-49594.225000000006,36981.36250000005,-7826.362500000003,151936.025,23946.92499999999,-36456.72499999998,163598.4375,13850.287500000006,143513.3625,-13922.387500000012,-0.6875,-0.13749999999999996,0.0,-0.11249999999999982,-1.2874999999999996,2.4250000000000114,0.025,0.08749999999999991,-0.2999999999999998,0.675,-0.925,0.4749999999999943
-48739.225000000006,36099.36250000005,-7458.362500000003,151553.025,23837.92499999999,-36569.72499999998,163652.4375,13733.287500000006,144131.3625,-14231.387500000012,0.3125,-1.1375,-2.0,0.8875000000000002,-1.2874999999999996,-2.5749999999999886,0.025,0.08749999999999991,-0.2999999999999998,-0.32499999999999996,0.075,0.4749999999999943
-47813.225000000006,35207.36250000005,-7628.362500000003,151683.025,23150.92499999999,-36649.72499999998,164192.4375,13767.287500000006,145073.3625,-14817.387500000012,1.3125,-1.1375,-3.0,-0.11249999999999982,-1.2874999999999996,0.42500000000001137,0.025,0.08749999999999991,0.7000000000000002,0.675,-0.925,0.4749999999999943
-46412.225000000006,34467.36250000005,-7524.362500000003,154194.025,21020.92499999999,-36467.72499999998,164346.4375,13900.287500000006,146079.3625,-15793.387500000012,0.3125,0.8625,2.0,-0.11249999999999982,0.7125000000000004,0.42500000000001137,0.025,0.08749999999999991,-0.2999999999999998,0.675,0.075,-1.5250000000000057
-45438.225000000006,33206.36250000005,-7583.362500000003,155125.025,20460.92499999999,-36294.72499999998,163977.4375,13770.287500000006,146469.3625,-16561.38750000001,0.3125,-1.1375,-3.0,0.8875000000000002,-0.28749999999999964,0.42500000000001137,0.025,0.08749999999999991,-0.2999999999999998,0.675,0.075,-0.5250000000000057
-43803.225000000006,30947.362500000047,-7601.362500000003,155668.025,19425.92499999999,-35521.72499999998,162877.4375,13881.287500000006,145400.3625,-17411.38750000001,1.3125,-0.13749999999999996,0.0,-0.11249999999999982,-1.2874999999999996,0.42500000000001137,0.025,0.08749999999999991,-0.2999999999999998,0.675,0.075,-0.5250000000000057
-44119.225000000006,31751.362500000047,-7448.362500000003,155497.025,19444.92499999999,-35660.72499999998,162557.4375,14017.287500000006,145168.3625,-17302.38750000001,0.3125,0.8625,1.0,0.8875000000000002,1.7125000000000004,-0.5749999999999886,0.025,0.08749999999999991,-0.2999999999999998,0.675,0.075,-0.5250000000000057
-45186.225000000006,33284.36250000005,-7216.362500000003,154845.025,20137.92499999999,-36188.72499999998,163254.4375,14042.287500000006,144848.3625,-17053.38750000001,0.3125,0.8625,-1.0,0.8875000000000002,0.7125000000000004,-0.5749999999999886,0.025,0.08749999999999991,0.7000000000000002,0.675,0.075,-0.5250000000000057
-46880.225000000006,35113.36250000005,-7001.362500000003,154321.025,21511.92499999999,-36592.72499999998,163880.4375,14007.287500000006,144748.3625,-16344.387500000012,-0.6875,0.8625,-1.0,-0.11249999999999982,-0.28749999999999964,-0.5749999999999886,0.025,0.08749999999999991,-0.2999999999999998,-1.325,1.075,-0.5250000000000057
-49689.225000000006,36256.36250000005,-7088.362500000003,153247.025,21912.92499999999,-36946.72499999998,164320.4375,13850.287500000006,144908.3625,-15594.387500000012,0.3125,-0.13749999999999996,0.0,-0.11249999999999982,-0.28749999999999964,0.42500000000001137,0.025,0.08749999999999991,-0.2999999999999998,0.675,0.075,-1.5250000000000057
-50259.225000000006,37233.36250000005,-7000.362500000003,152597.025,22537.92499999999,-36961.72499999998,164248.4375,13858.287500000006,144598.3625,-15310.387500000012,-0.6875,0.8625,-1.0,-0.11249999999999982,0.7125000000000004,-0.5749999999999886,0.025,0.08749999999999991,-0.2999999999999998,0.675,0.075,-0.5250000000000057
-50271.225000000006,37494.36250000005,-6853.362500000003,152309.025,22711.92499999999,-36921.72499999998,163934.4375,13808.287500000006,144383.3625,-15103.387500000012,-0.6875,-0.13749999999999996,-2.0,-0.11249999999999982,0.7125000000000004,-0.5749999999999886,0.025,0.08749999999999991,-0.2999999999999998,-0.32499999999999996,0.075,0.4749999999999943
-49820.225000000006,37276.36250000005,-6957.362500000003,152485.025,22590.92499999999,-36766.72499999998,163462.4375,13939.287500000006,144581.3625,-15393.387500000012,-0.6875,-0.13749999999999996,1.0,-0.11249999999999982,0.7125000000000004,-0.5749999999999886,0.025,0.08749999999999991,-0.2999999999999998,-0.32499999999999996,0.075,-0.5250000000000057
-49156.225000000006,36526.36250000005,-7080.362500000003,152691.025,22225.92499999999,-36714.72499999998,163253.4375,13937.287500000006,145090.3625,-15801.387500000012,0.3125,-0.13749999999999996,0.0,0.8875000000000002,-0.28749999999999964,0.42500000000001137,0.025,0.08749999999999991,0.7000000000000002,0.675,0.075,-1.5250000000000057
-48616.225000000006,35766.36250000005,-7017.362500000003,153149.025,21066.92499999999,-36600.72499999998,163348.4375,13895.287500000006,145579.3625,-16145.387500000012,-0.6875,0.8625,0.0,0.8875000000000002,-0.28749999999999964,0.42500000000001137,0.025,0.08749999999999991,0.7000000000000002,-0.32499999999999996,0.075,-0.5250000000000057
-48202.225000000006,35246.36250000005,-7181.362500000003,153806.025,20628.92499999999,-36354.72499999998,163280.4375,13981.287500000006,146022.3625,-16969.38750000001,0.3125,-0.13749999999999996,-2.0,-0.11249999999999982,-0.28749999999999964,0.42500000000001137,0.025,0.08749999999999991,0.7000000000000002,-0.32499999999999996,0.075,0.4749999999999943
-47499.225000000006,34482.36250000005,-7338.362500000003,154251.025,20523.92499999999,-36277.72499999998,163246.4375,13861.287500000006,146069.3625,-17226.38750000001,-0.6875,-0.13749999999999996,0.0,-0.11249999999999982,-0.28749999999999964,0.42500000000001137,0.025,0.08749999999999991,0.7000000000000002,-0.32499999999999996,-0.925,-0.5250000000000057
-47008.225000000006,34205.36250000005,-7227.362500000003,154104.025,20595.92499999999,-36195.72499999998,162930.4375,13775.287500000006,146061.3625,-17092.38750000001,0.3125,-0.13749999999999996,1.0,-0.11249999999999982,-0.28749999999999964,0.42500000000001137,0.025,0.08749999999999991,-0.2999999999999998,0.675,0.075,0.4749999999999943
-47461.225000000006,34517.36250000005,-7201.362500000003,153555.025,21017.92499999999,-36155.72499999998,162790.4375,13835.287500000006,146063.3625,-16810.38750000001,-0.6875,-0.13749999999999996,-1.0,-0.11249999999999982,-0.28749999999999964,0.42500000000001137,0.025,0.08749999999999991,-0.2999999999999998,0.675,0.075,0.4749999999999943
-48431.225000000006,35358.36250000005,-7307.362500000003,153169.025,21423.92499999999,-36412.72499999998,162977.4375,13829.287500000006,145934.3625,-16346.387500000012,-0.6875,-1.1375,0.0,-0.11249999999999982,-1.2874999999999996,-0.5749999999999886,-0.975,0.08749999999999991,0.7000000000000002,-0.32499999999999996,0.075,-0.5250000000000057
-49500.225000000006,36589.36250000005,-7178.362500000003,152758.025,22433.92499999999,-36688.72499999998,163395.4375,13826.287500000006,146240.3625,-16003.387500000012,-0.6875,-0.13749999999999996,0.0,-0.11249999999999982,-0.28749999999999964,0.42500000000001137,0.025,-0.9125000000000001,-0.2999999999999998,0.675,0.075,-1.5250000000000057
-50488.225000000006,37688.36250000005,-7081.362500000003,152599.025,22596.92499999999,-36565.72499999998,163560.4375,13925.287500000006,146109.3625,-15567.387500000012,0.3125,-0.13749999999999996,0.0,-0.11249999999999982,-0.28749999999999964,-0.5749999999999886,0.025,0.08749999999999991,-0.2999999999999998,0.675,0.075,-0.5250000000000057
-50785.225000000006,37919.36250000005,-7146.362500000003,152395.025,22716.92499999999,-36692.72499999998,163558.4375,13767.287500000006,145985.3625,-15292.387500000012,0.3125,-0.13749999999999996,0.0,-0.11249999999999982,0.7125000000000004,0.42500000000001137,0.025,0.08749999999999991,-0.2999999999999998,0.675,-0.925,-1.5250000000000057
-50560.225000000006,37784.36250000005,-7106.362500000003,152216.025,22562.92499999999,-36376.72499999998,163213.4375,13796.287500000006,145883.3625,-15513.387500000012,-0.6875,-0.13749999999999996,0.0,-0.11249999999999982,-0.28749999999999964,-0.5749999999999886,0.025,0.08749999999999991,-0.2999999999999998,-0.32499999999999996,0.075,-0.5250000000000057
-49984.225000000006,37246.36250000005,-7078.362500000003,152590.025,22210.92499999999,-36111.72499999998,163022.4375,13807.287500000006,145818.3625,-15724.387500000012,0.3125,-0.13749999999999996,0.0,0.8875000000000002,-0.28749999999999964,0.42500000000001137,0.025,0.08749999999999991,-0.2999999999999998,0.675,-0.925,0.4749999999999943
-49097.225000000006,36639.36250000005,-7056.362500000003,153348.025,21568.92499999999,-36137.72499999998,162840.4375,13855.287500000006,145892.3625,-16280.387500000012,0.3125,0.8625,0.0,0.8875000000000002,0.7125000000000004,-0.5749999999999886,0.025,0.08749999999999991,-0.2999999999999998,0.675,0.075,-0.5250000000000057
-48800.225000000006,36059.36250000005,-7151.362500000003,154111.025,20441.92499999999,-36101.72499999998,162670.4375,13910.287500000006,146037.3625,-16906.38750000001,0.3125,0.8625,0.0,0.8875000000000002,0.7125000000000004,-0.5749999999999886,0.025,0.08749999999999991,-0.2999999999999998,-0.32499999999999996,0.075,-0.5250000000000057
-48477.225000000006,35418.36250000005,-7161.362500000003,154535.025,20347.92499999999,-35913.72499999998,162383.4375,13885.287500000006,146088.3625,-17202.38750000001,-0.6875,0.8625,0.0,0.8875000000000002,0.7125000000000004,-0.5749999999999886,0.025,0.08749999999999991,-0.2999999999999998,0.675,0.075,-0.5250000000000057
-48293.225000000006,35422.36250000005,-7101.362500000003,154402.025,20283.92499999999,-35693.72499999998,162344.4375,13871.287500000006,146100.3625,-17321.38750000001,0.3125,0.8625,-1.0,-0.11249999999999982,0.7125000000000004,-0.5749999999999886,0.025,0.08749999999999991,0.7000000000000002,-0.32499999999999996,0.075,0.4749999999999943
-48335.225000000006,35649.36250000005,-6942.362500000003,153969.025,20563.92499999999,-35767.72499999998,162416.4375,13859.287500000006,146229.3625,-17307.38750000001,0.3125,0.8625,0.0,-0.11249999999999982,0.7125000000000004,0.42500000000001137,-0.975,0.08749999999999991,-0.2999999999999998,-0.32499999999999996,0.075,-0.5250000000000057
-48872.225000000006,36270.36250000005,-6906.362500000003,153267.025,20923.92499999999,-35828.72499999998,162581.4375,13884.287500000006,146177.3625,-16874.38750000001,0.3125,0.8625,0.0,0.8875000000000002,-0.28749999999999964,0.42500000000001137,0.025,0.08749999999999991,-0.2999999999999998,-0.32499999999999996,0.075,-0.5250000000000057
-49805.225000000006,37361.36250000005,-7057.362500000003,152929.025,21367.92499999999,-36047.72499999998,162720.4375,13898.287500000006,145840.3625,-16307.387500000012,-0.6875,-0.13749999999999996,-1.0,0.8875000000000002,-0.28749999999999964,-0.5749999999999886,0.025,0.08749999999999991,-0.2999999999999998,0.675,0.075,-0.5250000000000057
-51283.225000000006,38154.36250000005,-7157.362500000003,152554.025,22157.92499999999,-36301.72499999998,162686.4375,13861.287500000006,145648.3625,-15988.387500000012,0.3125,-0.13749999999999996,-1.0,-0.11249999999999982,-0.28749999999999964,-0.5749999999999886,0.025,0.08749999999999991,-0.2999999999999998,0.675,0.075,0.4749999999999943
-51373.225000000006,38512.36250000005,-7070.362500000003,151820.025,22526.92499999999,-36466.72499999998,162602.4375,13769.287500000006,145409.3625,-15589.387500000012,-0.6875,0.8625,0.0,-0.11249999999999982,-1.2874999999999996,-0.5749999999999886,0.025,0.08749999999999991,-0.2999999999999998,-0.32499999999999996,1.075,0.4749999999999943
-51224.225000000006,38394.36250000005,-6974.362500000003,151359.025,22527.92499999999,-36347.72499999998,162761.4375,13860.287500000006,145517.3625,-15633.387500000012,0.3125,0.8625,0.0,-0.11249999999999982,-0.28749999999999964,-0.5749999999999886,0.025,0.08749999999999991,-0.2999999999999998,0.675,0.075,-0.5250000000000057
-50964.225000000006,38347.36250000005,-7179.362500000003,151344.025,22307.92499999999,-36278.72499999998,162681.4375,13789.287500000006,145837.3625,-15891.387500000012,-0.6875,0.8625,0.0,0.8875000000000002,-0.28749999999999964,0.42500000000001137,0.025,0.08749999999999991,-0.2999999999999998,-0.32499999999999996,0.075,0.4749999999999943
-50719.225000000006,38058.36250000005,-7024.362500000003,151940.025,22012.92499999999,-36253.72499999998,162509.4375,13729.287500000006,145911.3625,-16180.387500000012,-0.6875,-0.13749999999999996,0.0,-0.11249999999999982,-0.28749999999999964,0.42500000000001137,0.025,0.08749999999999991,-0.2999999999999998,-0.32499999999999996,0.075,-0.5250000000000057
-50394.225000000006,37397.36250000005,-6991.362500000003,152628.025,21471.92499999999,-36276.72499999998,162358.4375,13838.287500000006,146017.3625,-16408.38750000001,0.3125,-0.13749999999999996,0.0,0.8875000000000002,-0.28749999999999964,-0.5749999999999886,0.025,0.08749999999999991,-0.2999999999999998,-0.32499999999999996,0.075,0.4749999999999943
-49973.225000000006,36764.36250000005,-7079.362500000003,152798.025,21071.92499999999,-35990.72499999998,162263.4375,13824.287500000006,146235.3625,-16732.38750000001,0.3125,-0.13749999999999996,0.0,-0.11249999999999982,0.7125000000000004,-0.5749999999999886,0.025,0.08749999999999991,-0.2999999999999998,0.675,0.075,0.4749999999999943
-49530.225000000006,36262.36250000005,-7050.362500000003,152786.025,20704.92499999999,-35854.72499999998,162060.4375,13785.287500000006,146267.3625,-16837.38750000001,0.3125,-0.13749999999999996,0.0,0.8875000000000002,-0.28749999999999964,-0.5749999999999886,0.025,0.08749999999999991,-0.2999999999999998,0.675,0.075,-0.5250000000000057
-49620.225000000006,36273.36250000005,-7001.362500000003,152604.025,20886.92499999999,-35797.72499999998,162082.4375,13830.287500000006,146302.3625,-16792.38750000001,0.3125,-0.13749999999999996,0.0,-0.11249999999999982,-0.28749999999999964,0.42500000000001137,0.025,0.08749999999999991,0.7000000000000002,0.675,-0.925,0.4749999999999943
-50169.225000000006,36697.36250000005,-7041.362500000003,152582.025,21127.92499999999,-35963.72499999998,162211.4375,13712.287500000006,146190.3625,-16726.38750000001,0.3125,-0.13749999999999996,0.0,0.8875000000000002,-0.28749999999999964,-0.5749999999999886,0.025,0.08749999999999991,-0.2999999999999998,0.675,0.075,0.4749999999999943
-50854.225000000006,37529.36250000005,-6979.362500000003,152452.025,21412.92499999999,-36008.72499999998,162548.4375,13661.287500000006,146180.3625,-16474.38750000001,-0.6875,0.8625,0.0,-0.11249999999999982,-0.28749999999999964,0.42500000000001137,0.025,0.08749999999999991,-0.2999999999999998,0.675,0.075,0.4749999999999943
-51439.225000000006,38272.36250000005,-7039.362500000003,152165.025,21737.92499999999,-36106.72499999998,162631.4375,13653.287500000006,146391.3625,-16273.387500000012,0.3125,0.8625,0.0,0.8875000000000002,-0.28749999999999964,0.42500000000001137,0.025,0.08749999999999991,-0.2999999999999998,-0.32499999999999996,0.075,0.4749999999999943
-51671.225000000006,38662.36250000005,-7130.362500000003,151869.025,21889.92499999999,-36280.72499999998,162505.4375,13724.287500000006,146532.3625,-16075.387500000012,0.3125,0.8625,0.0,-0.11249999999999982,-0.28749999999999964,0.42500000000001137,0.025,0.08749999999999991,-0.2999999999999998,0.675,0.075,-0.5250000000000057
-51735.225000000006,38842.36250000005,-7141.362500000003,151669.025,22038.92499999999,-36143.72499999998,162485.4375,13799.287500000006,146478.3625,-15939.387500000012,0.3125,-0.13749999999999996,0.0,-0.11249999999999982,-0.28749999999999964,1.4250000000000114,0.025,0.08749999999999991,0.7000000000000002,-0.32499999999999996,0.075,0.4749999999999943
-51553.225000000006,38606.36250000005,-7134.362500000003,151819.025,21962.92499999999,-36073.72499999998,162474.4375,13791.287500000006,146636.3625,-16144.387500000012,0.3125,-0.13749999999999996,-1.0,-0.11249999999999982,-1.2874999999999996,0.42500000000001137,0.025,0.08749999999999991,-0.2999999999999998,-0.32499999999999996,0.075,-0.5250000000000057
-51362.225000000006,38009.36250000005,-7215.362500000003,152127.025,21628.92499999999,-35961.72499999998,162224.4375,13774.287500000006,146913.3625,-16419.38750000001,0.3125,-0.13749999999999996,-1.0,0.8875000000000002,-0.28749999999999964,-0.5749999999999886,0.025,0.08749999999999991,0.7000000000000002,0.675,0.075,0.4749999999999943
-50883.225000000006,37603.36250000005,-7125.362500000003,152622.025,21299.92499999999,-35977.72499999998,162047.4375,13737.287500000006,147219.3625,-16653.38750000001,0.3125,-0.13749999999999996,0.0,-0.11249999999999982,-0.28749999999999964,0.42500000000001137,0.025,0.08749999999999991,0.7000000000000002,-0.32499999999999996,0.075,-0.5250000000000057
-50481.225000000006,37216.36250000005,-7115.362500000003,152933.025,20761.92499999999,-36106.72499999998,161918.4375,13708.287500000006,147260.3625,-16824.38750000001,-0.6875,-0.13749999999999996,-1.0,-0.11249999999999982,-0.28749999999999964,0.42500000000001137,0.025,-0.9125000000000001,0.7000000000000002,-0.32499999999999996,0.075,-0.5250000000000057
-50661.225000000006,37428.36250000005,-7144.362500000003,152906.025,21150.92499999999,-35774.72499999998,161556.4375,13673.287500000006,147338.3625,-16759.38750000001,0.3125,-0.13749999999999996,-1.0,-0.11249999999999982,0.7125000000000004,-0.5749999999999886,-0.975,0.08749999999999991,-0.2999999999999998,0.675,0.075,0.4749999999999943
-50827.225000000006,37648.36250000005,-7004.362500000003,152844.025,21394.92499999999,-35859.72499999998,161908.4375,13775.287500000006,147185.3625,-16405.38750000001,-0.6875,-0.13749999999999996,-1.0,0.8875000000000002,-0.28749999999999964,0.42500000000001137,0.025,0.08749999999999991,-0.2999999999999998,-0.32499999999999996,0.075,0.4749999999999943
-51266.225000000006,38178.36250000005,-6988.362500000003,152507.025,21682.92499999999,-36017.72499999998,161973.4375,13926.287500000006,146934.3625,-16289.387500000012,-0.6875,-0.13749999999999996,1.0,-0.11249999999999982,-0.28749999999999964,0.42500000000001137,0.025,0.08749999999999991,0.7000000000000002,0.675,0.075,0.4749999999999943
-51951.225000000006,38758.36250000005,-6987.362500000003,152341.025,21785.92499999999,-36096.72499999998,162267.4375,14006.287500000006,146900.3625,-16248.387500000012,0.3125,-0.13749999999999996,1.0,-0.11249999999999982,-0.28749999999999964,-0.5749999999999886,0.025,0.08749999999999991,-0.2999999999999998,-0.32499999999999996,0.075,0.4749999999999943
-52498.225000000006,39273.36250000005,-7009.362500000003,152482.025,21843.92499999999,-36355.72499999998,162265.4375,13878.287500000006,146991.3625,-16063.387500000012,-0.6875,-0.13749999999999996,0.0,-0.11249999999999982,0.7125000000000004,0.42500000000001137,0.025,-0.9125000000000001,-0.2999999999999998,0.675,0.075,0.4749999999999943
-52677.225000000006,39528.36250000005,-7034.362500000003,152297.025,22065.92499999999,-36311.72499999998,162317.4375,13792.287500000006,147062.3625,-16003.387500000012,0.3125,0.8625,-1.0,0.8875000000000002,-0.28749999999999964,-0.5749999999999886,0.025,0.08749999999999991,0.7000000000000002,0.675,0.075,0.4749999999999943
-52309.225000000006,39119.36250000005,-7025.362500000003,152221.025,21540.92499999999,-36230.72499999998,162607.4375,13846.287500000006,146978.3625,-16283.387500000012,0.3125,-0.13749999999999996,0.0,-0.11249999999999982,0.7125000000000004,0.42500000000001137,0.025,0.08749999999999991,-0.2999999999999998,-0.32499999999999996,0.075,-0.5250000000000057
-52194.225000000006,38946.36250000005,-7199.362500000003,152456.025,21458.92499999999,-36234.72499999998,162353.4375,13959.287500000006,147121.3625,-16608.38750000001,-0.6875,0.8625,-1.0,-0.11249999999999982,-0.28749999999999964,0.42500000000001137,0.025,-0.9125000000000001,-0.2999999999999998,-0.32499999999999996,0.075,-0.5250000000000057
-52084.225000000006,38663.36250000005,-7137.362500000003,152762.025,21260.92499999999,-36015.72499999998,162126.4375,13859.287500000006,146846.3625,-16825.38750000001,0.3125,-0.13749999999999996,0.0,-0.11249999999999982,-0.28749999999999964,0.42500000000001137,0.025,-0.9125000000000001,0.7000000000000002,0.675,0.075,-0.5250000000000057
-51877.225000000006,38512.36250000005,-6952.362500000003,152857.025,21148.92499999999,-36061.72499999998,161881.4375,13740.287500000006,146784.3625,-16819.38750000001,0.3125,-0.13749999999999996,-1.0,-0.11249999999999982,-0.28749999999999964,0.42500000000001137,0.025,0.08749999999999991,-0.2999999999999998,0.675,0.075,-0.5250000000000057
-51756.225000000006,38567.36250000005,-6981.362500000003,152849.025,21125.92499999999,-35837.72499999998,161965.4375,13878.287500000006,146840.3625,-16809.38750000001,-0.6875,-0.13749999999999996,0.0,-0.11249999999999982,-0.28749999999999964,0.42500000000001137,0.025,-0.9125000000000001,-0.2999999999999998,0.675,-0.925,0.4749999999999943
-51725.225000000006,38477.36250000005,-7078.362500000003,152771.025,21275.92499999999,-35821.72499999998,162036.4375,13812.287500000006,146960.3625,-16649.38750000001,0.3125,-0.13749999999999996,-1.0,-0.11249999999999982,-0.28749999999999964,-0.5749999999999886,0.025,0.08749999999999991,-0.2999999999999998,0.675,0.075,0.4749999999999943
-52108.225000000006,38717.36250000005,-7024.362500000003,152363.025,21440.92499999999,-35887.72499999998,162157.4375,13782.287500000006,146872.3625,-16619.38750000001,1.3125,-0.13749999999999996,-1.0,-0.11249999999999982,-0.28749999999999964,0.42500000000001137,0.025,0.08749999999999991,-0.2999999999999998,0.675,0.075,0.4749999999999943
-52325.225000000006,39035.36250000005,-7073.362500000003,152287.025,21817.92499999999,-36105.72499999998,162255.4375,13831.287500000006,146769.3625,-16611.38750000001,0.3125,-0.13749999999999996,0.0,-0.11249999999999982,-1.2874999999999996,-0.5749999999999886,0.025,0.08749999999999991,-0.2999999999999998,-0.32499999999999996,0.075,0.4749999999999943
-52352.225000000006,39292.36250000005,-7011.362500000003,152315.025,21963.92499999999,-36063.72499999998,162155.4375,13707.287500000006,146865.3625,-16403.38750000001,0.3125,-0.13749999999999996,0.0,0.8875000000000002,-0.28749999999999964,0.42500000000001137,0.025,0.08749999999999991,0.7000000000000002,0.675,0.075,0.4749999999999943
-52491.225000000006,39393.36250000005,-7048.362500000003,152318.025,21901.92499999999,-36024.72499999998,161930.4375,13857.287500000006,147096.3625,-16312.387500000012,0.3125,-1.1375,0.0,0.8875000000000002,0.7125000000000004,0.42500000000001137,0.025,0.08749999999999991,-0.2999999999999998,0.675,-0.925,-0.5250000000000057
-52354.225000000006,39247.36250000005,-7048.362500000003,152231.025,21601.92499999999,-35852.72499999998,162032.4375,13655.287500000006,147247.3625,-16650.38750000001,0.3125,-0.13749999999999996,-1.0,-0.11249999999999982,-0.28749999999999964,0.42500000000001137,0.025,0.08749999999999991,0.7000000000000002,0.675,0.075,0.4749999999999943
-52419.225000000006,39202.36250000005,-7149.362500000003,152425.025,21477.92499999999,-35853.72499999998,161859.4375,13879.287500000006,147281.3625,-16840.38750000001,0.3125,-0.13749999999999996,0.0,-0.11249999999999982,-0.28749999999999964,-0.5749999999999886,0.025,0.08749999999999991,-0.2999999999999998,0.675,0.075,-0.5250000000000057
-52369.225000000006,39060.36250000005,-7208.362500000003,152646.025,21364.92499999999,-35799.72499999998,161776.4375,13883.287500000006,147309.3625,-16900.38750000001,0.3125,-0.13749999999999996,0.0,-0.11249999999999982,0.7125000000000004,0.42500000000001137,0.025,0.08749999999999991,0.7000000000000002,0.675,0.075,-0.5250000000000057
-52308.225000000006,39057.36250000005,-7196.362500000003,152514.025,21400.92499999999,-35709.72499999998,161692.4375,13869.287500000006,147098.3625,-16780.38750000001,-0.6875,0.8625,0.0,-0.11249999999999982,-0.28749999999999964,0.42500000000001137,0.025,0.08749999999999991,-0.2999999999999998,0.675,0.075,-0.5250000000000057
-52480.225000000006,39230.36250000005,-7143.362500000003,152397.025,21389.92499999999,-35704.72499999998,161533.4375,13766.287500000006,146962.3625,-16674.38750000001,0.3125,-0.13749999999999996,0.0,-0.11249999999999982,-0.28749999999999964,-0.5749999999999886,0.025,0.08749999999999991,-0.2999999999999998,0.675,0.075,0.4749999999999943
-52681.225000000006,39445.36250000005,-6972.362500000003,152329.025,21446.92499999999,-35856.72499999998,161567.4375,13757.287500000006,146889.3625,-16617.38750000001,0.3125,-0.13749999999999996,1.0,-0.11249999999999982,0.7125000000000004,0.42500000000001137,0.025,0.08749999999999991,-0.2999999999999998,0.675,0.075,0.4749999999999943
-53523.225000000006,40150.36250000005,-6981.362500000003,152343.025,21541.92499999999,-36066.72499999998,161657.4375,13831.287500000006,146698.3625,-16509.38750000001,0.3125,-0.13749999999999996,0.0,-0.11249999999999982,-0.28749999999999964,0.42500000000001137,0.025,0.08749999999999991,-0.2999999999999998,0.675,0.075,-0.5250000000000057
-53492.225000000006,40027.36250000005,-7000.362500000003,152388.025,21557.92499999999,-36088.72499999998,161787.4375,13773.287500000006,146719.3625,-16520.38750000001,0.3125,0.8625,0.0,0.8875000000000002,0.7125000000000004,0.42500000000001137,0.025,0.08749999999999991,-0.2999999999999998,-0.32499999999999996,0.075,-0.5250000000000057
-171186.225,39705.36250000005,-6902.362500000003,152237.025,21556.92499999999,-35840.72499999998,161382.4375,13823.287500000006,146910.3625,-16373.387500000012,0.3125,-0.13749999999999996,0.0,-0.11249999999999982,-0.28749999999999964,1.4250000000000114,0.025,0.08749999999999991,-0.2999999999999998,-0.32499999999999996,0.075,0.4749999999999943
-52688.225000000006,39340.36250000005,-6931.362500000003,152343.025,21150.92499999999,-35739.72499999998,161612.4375,13730.287500000006,146871.3625,-16769.38750000001,0.3125,-0.13749999999999996,0.0,-0.11249999999999982,-0.28749999999999964,-0.5749999999999886,0.025,0.08749999999999991,0.7000000000000002,-0.32499999999999996,0.075,-0.5250000000000057
-52516.225000000006,39301.36250000005,-7113.362500000003,152367.025,21198.92499999999,-35814.72499999998,161740.4375,13730.287500000006,147139.3625,-16886.38750000001,0.3125,-1.1375,0.0,-0.11249999999999982,-0.28749999999999964,0.42500000000001137,-0.975,0.08749999999999991,-0.2999999999999998,0.675,-0.925,-0.5250000000000057
-52659.225000000006,39358.36250000005,-7181.362500000003,152212.025,21213.92499999999,-36045.72499999998,161755.4375,13724.287500000006,147356.3625,-16808.38750000001,0.3125,0.8625,0.0,-0.11249999999999982,0.7125000000000004,-0.5749999999999886,0.025,0.08749999999999991,-0.2999999999999998,0.675,0.075,0.4749999999999943
-52832.225000000006,39573.36250000005,-7141.362500000003,152056.025,21258.92499999999,-35979.72499999998,161907.4375,13775.287500000006,147385.3625,-16752.38750000001,0.3125,-0.13749999999999996,0.0,0.8875000000000002,-0.28749999999999964,0.42500000000001137,0.025,0.08749999999999991,-0.2999999999999998,-0.32499999999999996,-0.925,0.4749999999999943
-53085.225000000006,39840.36250000005,-7208.362500000003,151896.025,21444.92499999999,-35814.72499999998,162013.4375,13763.287500000006,147279.3625,-16800.38750000001,0.3125,-0.13749999999999996,1.0,0.8875000000000002,-0.28749999999999964,-0.5749999999999886,0.025,0.08749999999999991,-0.2999999999999998,-0.32499999999999996,0.075,-0.5250000000000057
-53187.225000000006,39965.36250000005,-7209.362500000003,151651.025,21689.92499999999,-35929.72499999998,161923.4375,13740.287500000006,147234.3625,-16667.38750000001,0.3125,-0.13749999999999996,1.0,0.8875000000000002,-0.28749999999999964,-0.5749999999999886,0.025,0.08749999999999991,-0.2999999999999998,0.675,0.075,0.4749999999999943
-53338.225000000006,39978.36250000005,-7175.362500000003,151517.025,21840.92499999999,-35965.72499999998,161935.4375,13736.287500000006,147347.3625,-16610.38750000001,0.3125,0.8625,0.0,-0.11249999999999982,-1.2874999999999996,-0.5749999999999886,0.025,0.08749999999999991,0.7000000000000002,0.675,0.075,-0.5250000000000057
-53454.225000000006,39953.36250000005,-7183.362500000003,151494.025,21842.92499999999,-35858.72499999998,161838.4375,13830.287500000006,147366.3625,-16508.38750000001,0.3125,-0.13749999999999996,1.0,-0.11249999999999982,-1.2874999999999996,-0.5749999999999886,0.025,0.08749999999999991,-0.2999999999999998,-0.32499999999999996,0.075,-0.5250000000000057
-53537.225000000006,40012.36250000005,-7150.362500000003,151587.025,21789.92499999999,-35812.72499999998,161592.4375,13864.287500000006,147211.3625,-16573.38750000001,0.3125,-0.13749999999999996,1.0,0.8875000000000002,-0.28749999999999964,-0.5749999999999886,0.025,0.08749999999999991,-0.2999999999999998,0.675,-0.925,0.4749999999999943
-53275.225000000006,39847.36250000005,-7055.362500000003,151685.025,21637.92499999999,-35879.72499999998,161524.4375,13805.287500000006,147271.3625,-16790.38750000001,0.3125,-0.13749999999999996,0.0,-0.11249999999999982,-1.2874999999999996,-0.5749999999999886,0.025,0.08749999999999991,-0.2999999999999998,-0.32499999999999996,0.075,-0.5250000000000057
-53145.225000000006,39713.36250000005,-7053.362500000003,151754.025,21474.92499999999,-35703.72499999998,161594.4375,13676.287500000006,147378.3625,-16829.38750000001,-0.6875,-0.13749999999999996,0.0,0.8875000000000002,-0.28749999999999964,-0.5749999999999886,0.025,0.08749999999999991,-0.2999999999999998,0.675,0.075,-0.5250000000000057
-53045.225000000006,39673.36250000005,-7020.362500000003,151900.025,21272.92499999999,-35706.72499999998,161736.4375,13673.287500000006,147465.3625,-16815.38750000001,0.3125,-0.13749999999999996,-1.0,0.8875000000000002,-0.28749999999999964,0.42500000000001137,0.025,0.08749999999999991,-0.2999999999999998,0.675,0.075,0.4749999999999943
-53101.225000000006,39768.36250000005,-7079.362500000003,152271.025,21294.92499999999,-35642.72499999998,161836.4375,13771.287500000006,147553.3625,-16906.38750000001,0.3125,0.8625,0.0,0.8875000000000002,-0.28749999999999964,-0.5749999999999886,0.025,0.08749999999999991,-0.2999999999999998,-0.32499999999999996,0.075,-0.5250000000000057
-53234.225000000006,39724.36250000005,-7142.362500000003,152321.025,21264.92499999999,-35728.72499999998,161644.4375,13745.287500000006,147469.3625,-17041.38750000001,0.3125,0.8625,0.0,0.8875000000000002,-0.28749999999999964,-0.5749999999999886,0.025,0.08749999999999991,-0.2999999999999998,0.675,0.075,-0.5250000000000057
-53382.225000000006,39790.36250000005,-6957.362500000003,152311.025,21257.92499999999,-35775.72499999998,161517.4375,13722.287500000006,147380.3625,-16902.38750000001,-0.6875,-0.13749999999999996,0.0,0.8875000000000002,0.7125000000000004,-0.5749999999999886,0.025,1.0875,-0.2999999999999998,0.675,0.075,-0.5250000000000057
-53547.225000000006,39942.36250000005,-6913.362500000003,152283.025,21123.92499999999,-35799.72499999998,161710.4375,13806.287500000006,147410.3625,-16816.38750000001,-0.6875,0.8625,0.0,-0.11249999999999982,-0.28749999999999964,0.42500000000001137,0.025,0.08749999999999991,-0.2999999999999998,-0.32499999999999996,0.075,-0.5250000000000057
-53748.225000000006,40264.36250000005,-7011.362500000003,152174.025,21224.92499999999,-35922.72499999998,161692.4375,13759.287500000006,147479.3625,-16795.38750000001,-0.6875,0.8625,0.0,0.8875000000000002,-0.28749999999999964,-0.5749999999999886,0.025,0.08749999999999991,-0.2999999999999998,0.675,0.075,-0.5250000000000057
-53787.225000000006,40446.36250000005,-6951.362500000003,152100.025,21384.92499999999,-35965.72499999998,161552.4375,13621.287500000006,147410.3625,-16673.38750000001,0.3125,0.8625,0.0,-0.11249999999999982,0.7125000000000004,-0.5749999999999886,0.025,0.08749999999999991,-0.2999999999999998,0.675,0.075,0.4749999999999943
-53808.225000000006,40527.36250000005,-6963.362500000003,151992.025,21446.92499999999,-35944.72499999998,161419.4375,13804.287500000006,147432.3625,-16504.38750000001,0.3125,0.8625,0.0,0.8875000000000002,0.7125000000000004,-0.5749999999999886,0.025,0.08749999999999991,-0.2999999999999998,-0.32499999999999996,0.075,0.4749999999999943
-53878.225000000006,40333.36250000005,-6972.362500000003,151869.025,21499.92499999999,-35904.72499999998,161430.4375,13857.287500000006,147502.3625,-16664.38750000001,-0.6875,-0.13749999999999996,0.0,-0.11249999999999982,0.7125000000000004,0.42500000000001137,-0.975,0.08749999999999991,-0.2999999999999998,-0.32499999999999996,0.075,0.4749999999999943
-53797.225000000006,40396.36250000005,-6960.362500000003,151762.025,21596.92499999999,-35739.72499999998,161308.4375,13690.287500000006,147532.3625,-16664.38750000001,-0.6875,-0.13749999999999996,1.0,-0.11249999999999982,-0.28749999999999964,-0.5749999999999886,0.025,0.08749999999999991,-0.2999999999999998,-0.32499999999999996,0.075,0.4749999999999943
-53763.225000000006,40301.36250000005,-7013.362500000003,151774.025,21429.92499999999,-35786.72499999998,161341.4375,13669.287500000006,147542.3625,-16756.38750000001,-0.6875,-0.13749999999999996,0.0,0.8875000000000002,-0.28749999999999964,0.42500000000001137,0.025,0.08749999999999991,-0.2999999999999998,0.675,0.075,-0.5250000000000057
-53751.225000000006,40234.36250000005,-7139.362500000003,151724.025,21385.92499999999,-35843.72499999998,161328.4375,13717.287500000006,147601.3625,-16833.38750000001,-0.6875,-0.13749999999999996,0.0,0.8875000000000002,-0.28749999999999964,0.42500000000001137,0.025,0.08749999999999991,0.7000000000000002,0.675,0.075,0.4749999999999943
-53776.225000000006,40328.36250000005,-6913.362500000003,151758.025,21423.92499999999,-35752.72499999998,161406.4375,13756.287500000006,147753.3625,-16790.38750000001,0.3125,-0.13749999999999996,0.0,-0.11249999999999982,0.7125000000000004,-0.5749999999999886,0.025,0.08749999999999991,0.7000000000000002,-0.32499999999999996,0.075,-0.5250000000000057
-53843.225000000006,40370.36250000005,-7005.362500000003,151762.025,21461.92499999999,-35760.72499999998,161584.4375,13807.287500000006,148021.3625,-16822.38750000001,0.3125,0.8625,-1.0,0.8875000000000002,-1.2874999999999996,-0.5749999999999886,0.025,0.08749999999999991,-0.2999999999999998,0.675,0.075,0.4749999999999943
-53862.225000000006,40452.36250000005,-7137.362500000003,151714.025,21401.92499999999,-35779.72499999998,161503.4375,13775.287500000006,147950.3625,-16823.38750000001,0.3125,-0.13749999999999996,0.0,-0.11249999999999982,-0.28749999999999964,0.42500000000001137,0.025,0.08749999999999991,-0.2999999999999998,0.675,0.075,-0.5250000000000057
-53969.225000000006,40578.36250000005,-6936.362500000003,151854.025,21410.92499999999,-35762.72499999998,161281.4375,13647.287500000006,147741.3625,-16607.38750000001,-0.6875,0.8625,1.0,-0.11249999999999982,-0.28749999999999964,0.42500000000001137,0.025,0.08749999999999991,-0.2999999999999998,-0.32499999999999996,0.075,-0.5250000000000057
-54080.225000000006,40671.36250000005,-6867.362500000003,151942.025,21523.92499999999,-35706.72499999998,161071.4375,13659.287500000006,147711.3625,-16605.38750000001,0.3125,-0.13749999999999996,0.0,-0.11249999999999982,-0.28749999999999964,-0.5749999999999886,0.025,0.08749999999999991,-0.2999999999999998,0.675,0.075,-0.5250000000000057
-54191.225000000006,40711.36250000005,-7016.362500000003,151787.025,21647.92499999999,-35616.72499999998,161006.4375,13837.287500000006,147800.3625,-16573.38750000001,-0.6875,0.8625,0.0,-0.11249999999999982,0.7125000000000004,0.42500000000001137,0.025,0.08749999999999991,-0.2999999999999998,0.675,0.075,-1.5250000000000057
-54358.225000000006,40873.36250000005,-7024.362500000003,151697.025,21472.92499999999,-35690.72499999998,161134.4375,13895.287500000006,147947.3625,-16609.38750000001,0.3125,0.8625,0.0,-0.11249999999999982,0.7125000000000004,-0.5749999999999886,0.025,0.08749999999999991,0.7000000000000002,-0.32499999999999996,1.075,-0.5250000000000057
-54403.225000000006,40993.36250000005,-6934.362500000003,151554.025,21560.92499999999,-35811.72499999998,161253.4375,13859.287500000006,147962.3625,-16714.38750000001,-0.6875,-0.13749999999999996,0.0,0.8875000000000002,-0.28749999999999964,-0.5749999999999886,0.025,0.08749999999999991,0.7000000000000002,-0.32499999999999996,0.075,-0.5250000000000057
-54593.225000000006,40962.36250000005,-7152.362500000003,151628.025,21467.92499999999,-35812.72499999998,161197.4375,13707.287500000006,147845.3625,-16685.38750000001,0.3125,-0.13749999999999996,-1.0,0.8875000000000002,0.7125000000000004,-0.5749999999999886,0.025,0.08749999999999991,-0.2999999999999998,0.675,0.075,-0.5250000000000057
-54681.225000000006,41001.36250000005,-7095.362500000003,151705.025,21331.92499999999,-35713.72499999998,161010.4375,13725.287500000006,147682.3625,-16862.38750000001,0.3125,-0.13749999999999996,0.0,0.8875000000000002,-0.28749999999999964,-0.5749999999999886,0.025,-0.9125000000000001,-0.2999999999999998,-0.32499999999999996,0.075,0.4749999999999943
-54433.225000000006,40966.36250000005,-6995.362500000003,151574.025,21432.92499999999,-35722.72499999998,160853.4375,13624.287500000006,147722.3625,-16738.38750000001,-0.6875,-0.13749999999999996,1.0,-0.11249999999999982,0.7125000000000004,-0.5749999999999886,0.025,0.08749999999999991,0.7000000000000002,0.675,0.075,0.4749999999999943
-54366.225000000006,40828.36250000005,-7117.362500000003,151591.025,21373.92499999999,-35794.72499999998,160824.4375,13676.287500000006,147736.3625,-16830.38750000001,0.3125,-0.13749999999999996,0.0,0.8875000000000002,-0.28749999999999964,-0.5749999999999886,0.025,0.08749999999999991,-0.2999999999999998,-0.32499999999999996,0.075,1.4749999999999943
-54338.225000000006,40848.36250000005,-7163.362500000003,151701.025,21218.92499999999,-35833.72499999998,160845.4375,13715.287500000006,147791.3625,-16820.38750000001,0.3125,0.8625,-1.0,0.8875000000000002,-0.28749999999999964,1.4250000000000114,0.025,0.08749999999999991,0.7000000000000002,-0.32499999999999996,0.075,0.4749999999999943
-54394.225000000006,40920.36250000005,-7155.362500000003,151642.025,21381.92499999999,-35827.72499999998,160812.4375,13702.287500000006,147914.3625,-16707.38750000001,0.3125,-0.13749999999999996,-1.0,-0.11249999999999982,-0.28749999999999964,0.42500000000001137,-0.975,0.08749999999999991,-0.2999999999999998,0.675,0.075,0.4749999999999943
-54598.225000000006,41139.36250000005,-7008.362500000003,151646.025,21244.92499999999,-35772.72499999998,161014.4375,13843.287500000006,147866.3625,-16690.38750000001,0.3125,-0.13749999999999996,0.0,-0.11249999999999982,0.7125000000000004,0.42500000000001137,0.025,0.08749999999999991,0.7000000000000002,0.675,0.075,0.4749999999999943
-54577.225000000006,41201.36250000005,-6955.362500000003,151566.025,21451.92499999999,-35739.72499999998,161141.4375,13679.287500000006,147808.3625,-16762.38750000001,0.3125,-0.13749999999999996,-1.0,-0.11249999999999982,0.7125000000000004,-0.5749999999999886,0.025,0.08749999999999991,0.7000000000000002,0.675,0.075,-0.5250000000000057
-54625.225000000006,41100.36250000005,-6981.362500000003,151489.025,21363.92499999999,-35812.72499999998,161357.4375,13644.287500000006,147721.3625,-16878.38750000001,0.3125,-0.13749999999999996,-1.0,-0.11249999999999982,-0.28749999999999964,-0.5749999999999886,0.025,0.08749999999999991,0.7000000000000002,0.675,0.075,0.4749999999999943
-54866.225000000006,41352.36250000005,-6897.362500000003,151278.025,21326.92499999999,-35856.72499999998,161384.4375,13691.287500000006,147899.3625,-16750.38750000001,0.3125,-0.13749999999999996,0.0,0.8875000000000002,0.7125000000000004,0.42500000000001137,0.025,0.08749999999999991,0.7000000000000002,-0.32499999999999996,0.075,-0.5250000000000057
-54918.225000000006,41528.36250000005,-6882.362500000003,151327.025,21503.92499999999,-35916.72499999998,161413.4375,13721.287500000006,147804.3625,-16788.38750000001,0.3125,0.8625,1.0,-0.11249999999999982,-0.28749999999999964,0.42500000000001137,-0.975,0.08749999999999991,-0.2999999999999998,0.675,0.075,-0.5250000000000057
-54972.225000000006,41489.36250000005,-7075.362500000003,151404.025,21505.92499999999,-35850.72499999998,161300.4375,13834.287500000006,147712.3625,-16758.38750000001,0.3125,-0.13749999999999996,-1.0,-0.11249999999999982,0.7125000000000004,0.42500000000001137,0.025,0.08749999999999991,-0.2999999999999998,-0.32499999999999996,0.075,-0.5250000000000057
-55051.225000000006,41379.36250000005,-7033.362500000003,151283.025,21524.92499999999,-35833.72499999998,161220.4375,13804.287500000006,147813.3625,-16747.38750000001,0.3125,-0.13749999999999996,0.0,-0.11249999999999982,-0.28749999999999964,0.42500000000001137,0.025,0.08749999999999991,-0.2999999999999998,0.675,-0.925,0.4749999999999943
-54959.225000000006,41400.36250000005,-7055.362500000003,151197.025,21518.92499999999,-35758.72499999998,161244.4375,13741.287500000006,147951.3625,-16786.38750000001,-0.6875,-0.13749999999999996,1.0,0.8875000000000002,0.7125000000000004,-0.5749999999999886,0.025,0.08749999999999991,-0.2999999999999998,0.675,0.075,-0.5250000000000057
-54891.225000000006,41355.36250000005,-7070.362500000003,151236.025,21398.92499999999,-35807.72499999998,161189.4375,13746.287500000006,148153.3625,-16753.38750000001,0.3125,-0.13749999999999996,0.0,0.8875000000000002,-0.28749999999999964,0.42500000000001137,0.025,-0.9125000000000001,1.7000000000000002,0.675,0.075,0.4749999999999943
-54875.225000000006,41286.36250000005,-7146.362500000003,151453.025,21266.92499999999,-35814.72499999998,161473.4375,13747.287500000006,148377.3625,-16907.38750000001,0.3125,-0.13749999999999996,0.0,-0.11249999999999982,-0.28749999999999964,-0.5749999999999886,0.025,0.08749999999999991,-0.2999999999999998,-0.32499999999999996,0.075,0.4749999999999943
-54854.225000000006,41256.36250000005,-7153.362500000003,151649.025,21264.92499999999,-35757.72499999998,161154.4375,13787.287500000006,148299.3625,-16945.38750000001,0.3125,-0.13749999999999996,-1.0,0.8875000000000002,-0.28749999999999964,0.42500000000001137,0.025,0.08749999999999991,-0.2999999999999998,0.675,0.075,-0.5250000000000057
-54734.225000000006,41193.36250000005,-7020.362500000003,151619.025,21334.92499999999,-35691.72499999998,160922.4375,13748.287500000006,148027.3625,-16899.38750000001,-0.6875,0.8625,0.0,-0.11249999999999982,-0.28749999999999964,0.42500000000001137,0.025,0.08749999999999991,0.7000000000000002,-0.32499999999999996,0.075,0.4749999999999943
-54738.225000000006,41167.36250000005,-7053.362500000003,151396.025,21370.92499999999,-35600.72499999998,160988.4375,13736.287500000006,147915.3625,-16884.38750000001,-0.6875,-0.13749999999999996,0.0,0.8875000000000002,-0.28749999999999964,-0.5749999999999886,0.025,0.08749999999999991,-0.2999999999999998,0.675,-0.925,-0.5250000000000057
-54824.225000000006,41282.36250000005,-7023.362500000003,151176.025,21396.92499999999,-35651.72499999998,161150.4375,13729.287500000006,148093.3625,-16842.38750000001,0.3125,-0.13749999999999996,1.0,0.8875000000000002,-0.28749999999999964,-0.5749999999999886,0.025,-0.9125000000000001,0.7000000000000002,0.675,0.075,-0.5250000000000057
-55039.225000000006,41487.36250000005,-6941.362500000003,151183.025,21304.92499999999,-35980.72499999998,161277.4375,13536.287500000006,148289.3625,-16795.38750000001,0.3125,-0.13749999999999996,0.0,-0.11249999999999982,-0.28749999999999964,0.42500000000001137,0.025,-0.9125000000000001,-0.2999999999999998,-0.32499999999999996,0.075,0.4749999999999943
-55440.225000000006,41764.36250000005,-6952.362500000003,151243.025,21312.92499999999,-35913.72499999998,161329.4375,13719.287500000006,148202.3625,-16627.38750000001,-0.6875,0.8625,-1.0,-0.11249999999999982,-0.28749999999999964,0.42500000000001137,0.025,0.08749999999999991,-0.2999999999999998,-0.32499999999999996,0.075,0.4749999999999943
-55523.225000000006,41810.36250000005,-7089.362500000003,151215.025,21562.92499999999,-35911.72499999998,161146.4375,13821.287500000006,148007.3625,-16724.38750000001,0.3125,-0.13749999999999996,0.0,-0.11249999999999982,-0.28749999999999964,0.42500000000001137,0.025,0.08749999999999991,-0.2999999999999998,0.675,0.075,0.4749999999999943
-55369.225000000006,41727.36250000005,-6997.362500000003,151111.025,21557.92499999999,-35866.72499999998,160990.4375,13775.287500000006,147820.3625,-16729.38750000001,0.3125,-0.13749999999999996,0.0,-0.11249999999999982,-0.28749999999999964,-0.5749999999999886,0.025,-0.9125000000000001,-0.2999999999999998,0.675,0.075,-0.5250000000000057
-55271.225000000006,41533.36250000005,-6941.362500000003,151106.025,21485.92499999999,-35720.72499999998,160799.4375,13672.287500000006,147677.3625,-16584.38750000001,0.3125,-0.13749999999999996,-1.0,0.8875000000000002,-0.28749999999999964,-0.5749999999999886,0.025,0.08749999999999991,-0.2999999999999998,-0.32499999999999996,0.075,0.4749999999999943
-55115.225000000006,41421.36250000005,-6854.362500000003,151187.025,21456.92499999999,-35652.72499999998,160713.4375,13761.287500000006,147736.3625,-16562.38750000001,0.3125,-0.13749999999999996,1.0,0.8875000000000002,0.7125000000000004,-0.5749999999999886,0.025,0.08749999999999991,0.7000000000000002,0.675,0.075,-0.5250000000000057
-55074.225000000006,41395.36250000005,-6886.362500000003,151375.025,21269.92499999999,-35662.72499999998,160724.4375,13860.287500000006,147947.3625,-16601.38750000001,0.3125,-0.13749999999999996,0.0,-0.11249999999999982,0.7125000000000004,-0.5749999999999886,0.025,0.08749999999999991,-0.2999999999999998,-0.32499999999999996,0.075,-0.5250000000000057
-55079.225000000006,41375.36250000005,-7082.362500000003,151447.025,21351.92499999999,-35782.72499999998,160598.4375,13860.287500000006,147893.3625,-16871.38750000001,0.3125,-0.13749999999999996,0.0,-0.11249999999999982,0.7125000000000004,0.42500000000001137,0.025,0.08749999999999991,0.7000000000000002,-0.32499999999999996,0.075,0.4749999999999943
-55233.225000000006,41435.36250000005,-7119.362500000003,151416.025,21392.92499999999,-35664.72499999998,160556.4375,13780.287500000006,147778.3625,-16767.38750000001,-0.6875,0.8625,1.0,0.8875000000000002,0.7125000000000004,-0.5749999999999886,0.025,-0.9125000000000001,-0.2999999999999998,0.675,0.075,-0.5250000000000057
-55296.225000000006,41659.36250000005,-7007.362500000003,151448.025,21222.92499999999,-35592.72499999998,160769.4375,13838.287500000006,148045.3625,-16810.38750000001,0.3125,0.8625,0.0,-0.11249999999999982,-0.28749999999999964,0.42500000000001137,0.025,-0.9125000000000001,-0.2999999999999998,0.675,0.075,-1.5250000000000057
-55570.225000000006,41839.36250000005,-7022.362500000003,151557.025,21449.92499999999,-35717.72499999998,160699.4375,13718.287500000006,148077.3625,-16910.38750000001,0.3125,-0.13749999999999996,0.0,0.8875000000000002,-0.28749999999999964,0.42500000000001137,0.025,0.08749999999999991,0.7000000000000002,0.675,-0.925,0.4749999999999943
-55769.225000000006,42053.36250000005,-6982.362500000003,151686.025,21478.92499999999,-35758.72499999998,160676.4375,13627.287500000006,147984.3625,-16842.38750000001,0.3125,-0.13749999999999996,0.0,-0.11249999999999982,-0.28749999999999964,-0.5749999999999886,0.025,0.08749999999999991,-0.2999999999999998,-0.32499999999999996,0.075,-0.5250000000000057
-55870.225000000006,42166.36250000005,-7013.362500000003,151568.025,21426.92499999999,-35805.72499999998,160696.4375,13679.287500000006,147928.3625,-16867.38750000001,0.3125,-0.13749999999999996,0.0,-0.11249999999999982,-0.28749999999999964,-0.5749999999999886,0.025,0.08749999999999991,0.7000000000000002,-0.32499999999999996,0.075,-1.5250000000000057
-55828.225000000006,42165.36250000005,-7070.362500000003,151460.025,21392.92499999999,-35816.72499999998,160777.4375,13722.287500000006,148007.3625,-16771.38750000001,0.3125,-0.13749999999999996,0.0,0.8875000000000002,-0.28749999999999964,0.42500000000001137,0.025,-0.9125000000000001,-0.2999999999999998,-0.32499999999999996,0.075,-0.5250000000000057
-55615.225000000006,41997.36250000005,-7002.362500000003,151257.025,21522.92499999999,-35822.72499999998,160747.4375,13811.287500000006,148113.3625,-16715.38750000001,-0.6875,-0.13749999999999996,0.0,-0.11249999999999982,-0.28749999999999964,1.4250000000000114,0.025,0.08749999999999991,-0.2999999999999998,0.675,0.075,-0.5250000000000057
-55576.225000000006,41941.36250000005,-6961.362500000003,151278.025,21538.92499999999,-35934.72499999998,160919.4375,13761.287500000006,148153.3625,-16813.38750000001,0.3125,-0.13749999999999996,-1.0,-0.11249999999999982,-0.28749999999999964,0.42500000000001137,0.025,0.08749999999999991,0.7000000000000002,0.675,0.075,0.4749999999999943
-55536.225000000006,41908.36250000005,-6982.362500000003,151262.025,21524.92499999999,-35896.72499999998,161035.4375,13659.287500000006,148228.3625,-16790.38750000001,-0.6875,0.8625,0.0,0.8875000000000002,-0.28749999999999964,-0.5749999999999886,0.025,0.08749999999999991,-0.2999999999999998,0.675,-0.925,-1.5250000000000057
-55662.225000000006,42030.36250000005,-7091.362500000003,151293.025,21383.92499999999,-35702.72499999998,160843.4375,13801.287500000006,148360.3625,-16796.38750000001,-0.6875,0.8625,0.0,1.8875000000000002,-0.28749999999999964,-0.5749999999999886,0.025,0.08749999999999991,0.7000000000000002,0.675,0.075,0.4749999999999943
-55639.225000000006,42123.36250000005,-7092.362500000003,151266.025,21324.92499999999,-35788.72499999998,160808.4375,13692.287500000006,148277.3625,-16812.38750000001,0.3125,-0.13749999999999996,0.0,-0.11249999999999982,-0.28749999999999964,0.42500000000001137,0.025,0.08749999999999991,-0.2999999999999998,-0.32499999999999996,0.075,0.4749999999999943
-55761.225000000006,42057.36250000005,-7104.362500000003,151338.025,21370.92499999999,-35785.72499999998,160910.4375,13686.287500000006,148174.3625,-16785.38750000001,-0.6875,-0.13749999999999996,-1.0,-0.11249999999999982,-0.28749999999999964,0.42500000000001137,0.025,0.08749999999999991,-0.2999999999999998,0.675,0.075,-0.5250000000000057
-55866.225000000006,42195.36250000005,-7113.362500000003,151334.025,21411.92499999999,-35627.72499999998,160837.4375,13677.287500000006,148114.3625,-16839.38750000001,0.3125,-0.13749999999999996,-1.0,-0.11249999999999982,-0.28749999999999964,0.42500000000001137,0.025,0.08749999999999991,0.7000000000000002,0.675,0.075,-0.5250000000000057
-55829.225000000006,42091.36250000005,-6959.362500000003,151138.025,21495.92499999999,-35824.72499999998,160732.4375,13622.287500000006,148047.3625,-16804.38750000001,0.3125,-0.13749999999999996,0.0,-0.11249999999999982,-0.28749999999999964,0.42500000000001137,-0.975,0.08749999999999991,-0.2999999999999998,-0.32499999999999996,0.075,-0.5250000000000057
-55844.225000000006,42158.36250000005,-6946.362500000003,151232.025,21504.92499999999,-35913.72499999998,160796.4375,13685.287500000006,148022.3625,-16888.38750000001,0.3125,-0.13749999999999996,-1.0,-0.11249999999999982,0.7125000000000004,0.42500000000001137,0.025,0.08749999999999991,-0.2999999999999998,0.675,-0.925,-0.5250000000000057
-55946.225000000006,42148.36250000005,-6988.362500000003,151178.025,21544.92499999999,-35887.72499999998,160840.4375,13737.287500000006,148029.3625,-16847.38750000001,0.3125,0.8625,1.0,0.8875000000000002,0.7125000000000004,-0.5749999999999886,0.025,0.08749999999999991,-0.2999999999999998,0.675,0.075,0.4749999999999943
-55938.225000000006,42156.36250000005,-6913.362500000003,151178.025,21399.92499999999,-35811.72499999998,160954.4375,13674.287500000006,148171.3625,-16765.38750000001,0.3125,-0.13749999999999996,-1.0,0.8875000000000002,-0.28749999999999964,0.42500000000001137,0.025,0.08749999999999991,-0.2999999999999998,0.675,0.075,-0.5250000000000057
-56113.225000000006,42454.36250000005,-6902.362500000003,151342.025,21478.92499999999,-35745.72499999998,160875.4375,13790.287500000006,148357.3625,-16806.38750000001,0.3125,0.8625,0.0,-0.11249999999999982,0.7125000000000004,0.42500000000001137,0.025,0.08749999999999991,-0.2999999999999998,0.675,0.075,-0.5250000000000057
-56062.225000000006,42579.36250000005,-6927.362500000003,151339.025,21504.92499999999,-35846.72499999998,160911.4375,13787.287500000006,148582.3625,-16956.38750000001,0.3125,-0.13749999999999996,0.0,-0.11249999999999982,-0.28749999999999964,-0.5749999999999886,0.025,0.08749999999999991,0.7000000000000002,0.675,0.075,-0.5250000000000057
-55978.225000000006,42416.36250000005,-6856.362500000003,151351.025,21455.92499999999,-35914.72499999998,160785.4375,13809.287500000006,148524.3625,-16932.38750000001,0.3125,-0.13749999999999996,0.0,0.8875000000000002,-0.28749999999999964,-0.5749999999999886,0.025,0.08749999999999991,0.7000000000000002,-0.32499999999999996,0.075,0.4749999999999943
-55916.225000000006,42246.36250000005,-6948.362500000003,151294.025,21457.92499999999,-35697.72499999998,160794.4375,13629.287500000006,148554.3625,-16875.38750000001,0.3125,0.8625,-1.0,-0.11249999999999982,0.7125000000000004,-0.5749999999999886,0.025,0.08749999999999991,0.7000000000000002,-0.32499999999999996,0.075,0.4749999999999943
-56015.225000000006,42320.36250000005,-6996.362500000003,151265.025,21441.92499999999,-35681.72499999998,160925.4375,13642.287500000006,148458.3625,-16793.38750000001,-0.6875,0.8625,0.0,0.8875000000000002,0.7125000000000004,-0.5749999999999886,0.025,0.08749999999999991,-0.2999999999999998,0.675,0.075,0.4749999999999943
-56089.225000000006,42292.36250000005,-6979.362500000003,151370.025,21459.92499999999,-35700.72499999998,160908.4375,13566.287500000006,148442.3625,-16775.38750000001,-0.6875,-0.13749999999999996,0.0,-0.11249999999999982,-0.28749999999999964,0.42500000000001137,0.025,0.08749999999999991,0.7000000000000002,0.675,-0.925,0.4749999999999943
-55971.225000000006,42330.36250000005,-6944.362500000003,151338.025,21413.92499999999,-35742.72499999998,160944.4375,13640.287500000006,148472.3625,-16823.38750000001,0.3125,-0.13749999999999996,1.0,-0.11249999999999982,-0.28749999999999964,0.42500000000001137,0.025,0.08749999999999991,-0.2999999999999998,0.675,0.075,0.4749999999999943
-56064.225000000006,42258.36250000005,-7044.362500000003,151353.025,21415.92499999999,-35879.72499999998,161052.4375,13590.287500000006,148429.3625,-16792.38750000001,0.3125,-0.13749999999999996,0.0,0.8875000000000002,-0.28749999999999964,0.42500000000001137,0.025,0.08749999999999991,-0.2999999999999998,0.675,0.075,-0.5250000000000057
-56265.225000000006,42351.36250000005,-7014.362500000003,151396.025,21336.92499999999,-35924.72499999998,161022.4375,13713.287500000006,148622.3625,-16788.38750000001,-0.6875,-0.13749999999999996,0.0,0.8875000000000002,-0.28749999999999964,0.42500000000001137,0.025,-0.9125000000000001,0.7000000000000002,-0.32499999999999996,0.075,-0.5250000000000057
-56231.225000000006,42433.36250000005,-7083.362500000003,151395.025,21385.92499999999,-35870.72499999998,161156.4375,13663.287500000006,148660.3625,-16800.38750000001,-0.6875,-0.13749999999999996,0.0,-0.11249999999999982,-0.28749999999999964,0.42500000000001137,0.025,0.08749999999999991,0.7000000000000002,0.675,-0.925,0.4749999999999943
-56160.225000000006,42415.36250000005,-7085.362500000003,151429.025,21424.92499999999,-35893.72499999998,161083.4375,13747.287500000006,148582.3625,-16782.38750000001,0.3125,-0.13749999999999996,0.0,-0.11249999999999982,-0.28749999999999964,0.42500000000001137,0.025,-0.9125000000000001,-0.2999999999999998,0.675,0.075,-0.5250000000000057
-56225.225000000006,42528.36250000005,-7118.362500000003,151328.025,21468.92499999999,-35870.72499999998,161091.4375,13741.287500000006,148634.3625,-16775.38750000001,0.3125,-0.13749999999999996,0.0,-0.11249999999999982,-1.2874999999999996,-0.5749999999999886,0.025,0.08749999999999991,-0.2999999999999998,0.675,0.075,-0.5250000000000057
-56173.225000000006,42649.36250000005,-6971.362500000003,151262.025,21454.92499999999,-35858.72499999998,161134.4375,13705.287500000006,148669.3625,-16779.38750000001,1.3125,-0.13749999999999996,0.0,-0.11249999999999982,-0.28749999999999964,0.42500000000001137,0.025,0.08749999999999991,-0.2999999999999998,-0.32499999999999996,0.075,0.4749999999999943
-56278.225000000006,42700.36250000005,-6882.362500000003,151235.025,21441.92499999999,-35776.72499999998,161261.4375,13771.287500000006,148727.3625,-16854.38750000001,0.3125,-0.13749999999999996,1.0,-0.11249999999999982,-0.28749999999999964,-0.5749999999999886,0.025,0.08749999999999991,-0.2999999999999998,0.675,0.075,0.4749999999999943
-56286.225000000006,42522.36250000005,-7106.362500000003,151182.025,21460.92499999999,-35866.72499999998,161195.4375,13681.287500000006,148799.3625,-16846.38750000001,0.3125,0.8625,0.0,-0.11249999999999982,-0.28749999999999964,-0.5749999999999886,0.025,0.08749999999999991,-0.2999999999999998,0.675,0.075,-0.5250000000000057
-56263.225000000006,42507.36250000005,-6959.362500000003,151332.025,21467.92499999999,-35827.72499999998,161070.4375,13621.287500000006,148716.3625,-16777.38750000001,0.3125,-0.13749999999999996,0.0,-0.11249999999999982,-0.28749999999999964,-0.5749999999999886,0.025,0.08749999999999991,-0.2999999999999998,-0.32499999999999996,0.075,-0.5250000000000057
-56289.225000000006,42592.36250000005,-6894.362500000003,151471.025,21384.92499999999,-35644.72499999998,161014.4375,13637.287500000006,148774.3625,-16901.38750000001,-0.6875,-0.13749999999999996,-1.0,0.8875000000000002,-0.28749999999999964,-0.5749999999999886,0.025,0.08749999999999991,-0.2999999999999998,-0.32499999999999996,-0.925,-0.5250000000000057
-56437.225000000006,42710.36250000005,-6976.362500000003,151452.025,21344.92499999999,-35707.72499999998,160931.4375,13582.287500000006,148721.3625,-17006.38750000001,-0.6875,-0.13749999999999996,0.0,-0.11249999999999982,0.7125000000000004,-0.5749999999999886,0.025,0.08749999999999991,-1.2999999999999998,0.675,0.075,-0.5250000000000057
-56440.225000000006,42755.36250000005,-7088.362500000003,151299.025,21361.92499999999,-35658.72499999998,160878.4375,13586.287500000006,148773.3625,-16820.38750000001,0.3125,-0.13749999999999996,1.0,0.8875000000000002,-0.28749999999999964,0.42500000000001137,0.025,0.08749999999999991,-0.2999999999999998,-0.32499999999999996,0.075,0.4749999999999943
-56435.225000000006,42854.36250000005,-7148.362500000003,151371.025,21262.92499999999,-35669.72499999998,160903.4375,13629.287500000006,148789.3625,-16753.38750000001,1.3125,0.8625,0.0,0.8875000000000002,-0.28749999999999964,0.42500000000001137,0.025,0.08749999999999991,-0.2999999999999998,0.675,0.075,0.4749999999999943
-56418.225000000006,42836.36250000005,-7073.362500000003,151384.025,21233.92499999999,-35698.72499999998,160862.4375,13632.287500000006,148761.3625,-16762.38750000001,0.3125,-0.13749999999999996,0.0,-0.11249999999999982,0.7125000000000004,0.42500000000001137,0.025,0.08749999999999991,-0.2999999999999998,-0.32499999999999996,-0.925,0.4749999999999943
-56584.225000000006,42747.36250000005,-6939.362500000003,151361.025,21305.92499999999,-35754.72499999998,160617.4375,13655.287500000006,148691.3625,-16739.38750000001,0.3125,0.8625,0.0,-0.11249999999999982,-0.28749999999999964,0.42500000000001137,0.025,0.08749999999999991,-0.2999999999999998,-0.32499999999999996,0.075,0.4749999999999943
-56636.225000000006,42835.36250000005,-6945.362500000003,151255.025,21416.92499999999,-35736.72499999998,160621.4375,13704.287500000006,148546.3625,-16892.38750000001,0.3125,-0.13749999999999996,0.0,-0.11249999999999982,-0.28749999999999964,0.42500000000001137,0.025,0.08749999999999991,0.7000000000000002,-0.32499999999999996,0.075,-0.5250000000000057
-56588.225000000006,42991.36250000005,-6880.362500000003,151150.025,21374.92499999999,-35673.72499999998,160686.4375,13762.287500000006,148545.3625,-16891.38750000001,0.3125,-0.13749999999999996,1.0,-0.11249999999999982,-0.28749999999999964,-0.5749999999999886,0.025,-0.9125000000000001,-0.2999999999999998,0.675,-0.925,-0.5250000000000057
-56569.225000000006,42915.36250000005,-6859.362500000003,151223.025,21299.92499999999,-35613.72499999998,160690.4375,13719.287500000006,148646.3625,-16728.38750000001,0.3125,-0.13749999999999996,0.0,-0.11249999999999982,-0.28749999999999964,0.42500000000001137,0.025,0.08749999999999991,-0.2999999999999998,-0.32499999999999996,0.075,-0.5250000000000057
-56814.225000000006,43031.36250000005,-6883.362500000003,151234.025,21343.92499999999,-35672.72499999998,160618.4375,13757.287500000006,148677.3625,-16781.38750000001,0.3125,-0.13749999999999996,-1.0,-0.11249999999999982,0.7125000000000004,-0.5749999999999886,0.025,0.08749999999999991,-0.2999999999999998,0.675,0.075,0.4749999999999943
-56875.225000000006,43051.36250000005,-6927.362500000003,151324.025,21378.92499999999,-35705.72499999998,160544.4375,13676.287500000006,148646.3625,-17014.38750000001,-0.6875,-0.13749999999999996,1.0,-0.11249999999999982,0.7125000000000004,0.42500000000001137,0.025,0.08749999999999991,-0.2999999999999998,-0.32499999999999996,0.075,0.4749999999999943
