FPI,SPI,AI,SFI,FFI,FPD,SPD,AD,SFD,FFD,API_X,API_Y,API_Z,APD_X,APD_Y,APD_Z,AFD_X,AFD_Y,AFD_Z,AFI_X,AFI_Y,AFI_Z
-12808.200000000012,39.34999999997672,1812.0,95894.975,1558.3375000000233,9111.337500000023,-79.22500000000582,-5749.725000000006,435.25,-50294.28749999998,-0.3624999999999998,0.5625,-0.0625,-0.17499999999999982,0.5750000000000002,-0.125,0.1625,0.08749999999999991,-0.2749999999999999,0.7250000000000001,0.0125,-0.125
-12979.200000000012,176.34999999997672,1721.0,95921.975,1742.3375000000233,8959.337500000023,-7.225000000005821,-5684.725000000006,593.25,-50369.28749999998,0.6375000000000002,0.5625,-0.0625,0.8250000000000002,0.5750000000000002,-0.125,1.1625,0.08749999999999991,0.7250000000000001,-0.2749999999999999,0.0125,0.875
-12726.200000000012,-77.65000000002328,1697.0,95720.975,1567.3375000000233,8910.337500000023,236.77499999999418,-5849.725000000006,590.25,-50730.28749999998,0.6375000000000002,-0.4375,-0.0625,-0.17499999999999982,-0.4249999999999998,-0.125,-0.8375,0.08749999999999991,-0.2749999999999999,-0.2749999999999999,0.0125,-0.125
-12851.200000000012,-70.65000000002328,1762.0,95947.975,1591.3375000000233,8897.337500000023,165.77499999999418,-5838.725000000006,481.25,-50633.28749999998,-0.3624999999999998,0.5625,-1.0625,-0.17499999999999982,0.5750000000000002,-0.125,0.1625,0.08749999999999991,0.7250000000000001,-0.2749999999999999,0.0125,-0.125
-12789.200000000012,-155.65000000002328,1756.0,96016.975,1546.3375000000233,8786.337500000023,-91.22500000000582,-5886.725000000006,280.25,-50633.28749999998,-0.3624999999999998,-0.4375,-0.0625,-0.17499999999999982,-0.4249999999999998,-0.125,0.1625,0.08749999999999991,-0.2749999999999999,-0.2749999999999999,-0.9875,0.875
-12691.200000000012,-211.65000000002328,1570.0,95918.975,1640.3375000000233,8895.337500000023,-472.2250000000058,-5928.725000000006,144.25,-50614.28749999998,-0.3624999999999998,-0.4375,1.9375,-0.17499999999999982,-0.4249999999999998,-0.125,-0.8375,0.08749999999999991,0.7250000000000001,-1.275,0.0125,0.875
-12704.200000000012,-202.65000000002328,1553.0,95904.975,1790.3375000000233,8902.337500000023,-169.22500000000582,-5923.725000000006,124.25,-50532.28749999998,0.6375000000000002,-0.4375,-0.0625,-0.17499999999999982,-1.4249999999999998,-0.125,0.1625,0.08749999999999991,0.7250000000000001,-0.2749999999999999,0.0125,-0.125
-12712.200000000012,-166.65000000002328,1371.0,95772.975,1564.3375000000233,8833.337500000023,-4.225000000005821,-5954.725000000006,136.25,-50453.28749999998,-0.3624999999999998,-0.4375,-0.0625,-1.1749999999999998,-0.4249999999999998,-0.125,0.1625,0.08749999999999991,-0.2749999999999999,-0.2749999999999999,0.0125,-0.125
-12803.200000000012,-213.65000000002328,1419.0,95720.975,1557.3375000000233,9111.337500000023,-247.22500000000582,-5916.725000000006,129.25,-50569.28749999998,0.6375000000000002,-0.4375,-0.0625,-0.17499999999999982,-0.4249999999999998,-0.125,0.1625,0.08749999999999991,-0.2749999999999999,-0.2749999999999999,-0.9875,-0.125
-12885.200000000012,-96.65000000002328,1426.0,95866.975,1711.3375000000233,9148.337500000023,-127.22500000000582,-5924.725000000006,320.25,-50688.28749999998,-0.3624999999999998,-0.4375,-0.0625,0.8250000000000002,-0.4249999999999998,-0.125,0.1625,0.08749999999999991,-0.2749999999999999,-0.2749999999999999,0.0125,-0.125
-12909.200000000012,-129.65000000002328,1421.0,95935.975,1959.3375000000233,9088.337500000023,97.77499999999418,-6064.725000000006,290.25,-50571.28749999998,-0.3624999999999998,-0.4375,-1.0625,-0.17499999999999982,-0.4249999999999998,-0.125,0.1625,1.0875,-0.2749999999999999,-0.2749999999999999,0.0125,0.875
-12797.200000000012,-205.65000000002328,1501.0,95833.975,1834.3375000000233,9109.337500000023,246.77499999999418,-5912.725000000006,168.25,-50460.28749999998,-0.3624999999999998,-0.4375,-0.0625,0.8250000000000002,-0.4249999999999998,-0.125,-0.8375,1.0875,-0.2749999999999999,-0.2749999999999999,0.0125,0.875
-12796.200000000012,-246.65000000002328,1540.0,95745.975,1708.3375000000233,9274.337500000023,268.7749999999942,-5893.725000000006,-9.75,-50494.28749999998,0.6375000000000002,-0.4375,-0.0625,0.8250000000000002,0.5750000000000002,-0.125,0.1625,0.08749999999999991,-0.2749999999999999,-0.2749999999999999,0.0125,0.875
-12849.200000000012,-211.65000000002328,1462.0,96011.975,1646.3375000000233,9024.337500000023,626.7749999999942,-6085.725000000006,-133.75,-50491.28749999998,-0.3624999999999998,-0.4375,-0.0625,-0.17499999999999982,-0.4249999999999998,-0.125,0.1625,0.08749999999999991,-0.2749999999999999,0.7250000000000001,0.0125,0.875
-13041.200000000012,5.349999999976717,1458.0,95976.975,1618.3375000000233,9454.337500000023,310.7749999999942,-5802.725000000006,-82.75,-50466.28749999998,0.6375000000000002,-0.4375,-0.0625,0.8250000000000002,-0.4249999999999998,-0.125,0.1625,-0.9125000000000001,-0.2749999999999999,-0.2749999999999999,1.0125,-0.125
-12798.200000000012,-36.65000000002328,1678.0,95888.975,1641.3375000000233,9269.337500000023,132.77499999999418,-5907.725000000006,-180.75,-50495.28749999998,-0.3624999999999998,-0.4375,-0.0625,-0.17499999999999982,-0.4249999999999998,-0.125,0.1625,0.08749999999999991,-0.2749999999999999,-0.2749999999999999,0.0125,-0.125
-12693.200000000012,-7.650000000023283,1710.0,95946.975,1695.3375000000233,9248.337500000023,170.77499999999418,-5935.725000000006,-59.75,-50441.28749999998,-0.3624999999999998,0.5625,-0.0625,0.8250000000000002,-0.4249999999999998,-0.125,0.1625,0.08749999999999991,-0.2749999999999999,0.7250000000000001,0.0125,-0.125
-12871.200000000012,22.349999999976717,1698.0,95986.975,1626.3375000000233,9409.337500000023,41.77499999999418,-5914.725000000006,50.25,-50383.28749999998,0.6375000000000002,0.5625,-1.0625,-0.17499999999999982,-0.4249999999999998,-0.125,0.1625,0.08749999999999991,-0.2749999999999999,-0.2749999999999999,0.0125,-1.125
-12900.200000000012,183.34999999997672,1769.0,95942.975,1482.3375000000233,9414.337500000023,-90.22500000000582,-5832.725000000006,61.25,-50439.28749999998,-0.3624999999999998,0.5625,0.9375,-0.17499999999999982,0.5750000000000002,-0.125,0.1625,0.08749999999999991,-0.2749999999999999,-0.2749999999999999,0.0125,0.875
-12909.200000000012,200.34999999997672,1715.0,95970.975,1452.3375000000233,9250.337500000023,-83.22500000000582,-5923.725000000006,94.25,-50533.28749999998,-0.3624999999999998,0.5625,0.9375,-0.17499999999999982,0.5750000000000002,-0.125,0.1625,0.08749999999999991,0.7250000000000001,0.7250000000000001,0.0125,-0.125
-12908.200000000012,356.3499999999767,1764.0,95920.975,1580.3375000000233,9330.337500000023,125.77499999999418,-5887.725000000006,526.25,-50626.28749999998,0.6375000000000002,0.5625,-1.0625,-0.17499999999999982,0.5750000000000002,0.875,0.1625,0.08749999999999991,0.7250000000000001,0.7250000000000001,0.0125,-0.125
-12890.200000000012,73.34999999997672,1733.0,96064.975,1534.3375000000233,9169.337500000023,163.77499999999418,-5801.725000000006,646.25,-50515.28749999998,-0.3624999999999998,0.5625,-0.0625,0.8250000000000002,0.5750000000000002,-0.125,0.1625,0.08749999999999991,0.7250000000000001,-0.2749999999999999,1.0125,-0.125
-13006.200000000012,63.34999999997672,1850.0,96051.975,1534.3375000000233,9202.337500000023,168.77499999999418,-5527.725000000006,686.25,-50420.28749999998,0.6375000000000002,0.5625,-0.0625,-0.17499999999999982,0.5750000000000002,-0.125,0.1625,0.08749999999999991,-0.2749999999999999,-0.2749999999999999,0.0125,-0.125
-13000.200000000012,206.34999999997672,1845.0,96163.975,1535.3375000000233,9158.337500000023,78.77499999999418,-5677.725000000006,590.25,-50370.28749999998,0.6375000000000002,-0.4375,-0.0625,-0.17499999999999982,-0.4249999999999998,-0.125,-0.8375,0.08749999999999991,-0.2749999999999999,-1.275,1.0125,-0.125
-12895.200000000012,-47.65000000002328,1925.0,96155.975,1513.3375000000233,9000.337500000023,157.77499999999418,-5880.725000000006,678.25,-50586.28749999998,-0.3624999999999998,-0.4375,0.9375,-0.17499999999999982,0.5750000000000002,-0.125,0.1625,0.08749999999999991,-0.2749999999999999,-0.2749999999999999,0.0125,0.875
-12989.200000000012,194.34999999997672,1722.0,96243.975,1632.3375000000233,9041.337500000023,117.77499999999418,-5755.725000000006,942.25,-50416.28749999998,-0.3624999999999998,0.5625,-0.0625,-0.17499999999999982,0.5750000000000002,-0.125,0.1625,0.08749999999999991,0.7250000000000001,-0.2749999999999999,-0.9875,-0.125
-13061.200000000012,199.34999999997672,1680.0,96375.975,1768.3375000000233,9006.337500000023,246.77499999999418,-5741.725000000006,1048.25,-50379.28749999998,-0.3624999999999998,0.5625,-0.0625,-0.17499999999999982,-0.4249999999999998,-0.125,0.1625,-0.9125000000000001,0.7250000000000001,-0.2749999999999999,0.0125,-0.125
-12905.200000000012,35.34999999997672,1530.0,96407.975,1772.3375000000233,8674.337500000023,539.7749999999942,-5928.725000000006,1071.25,-50540.28749999998,-0.3624999999999998,-0.4375,0.9375,-0.17499999999999982,-0.4249999999999998,-0.125,0.1625,0.08749999999999991,-0.2749999999999999,-0.2749999999999999,0.0125,-0.125
-12918.200000000012,173.34999999997672,1493.0,96476.975,1920.3375000000233,8944.337500000023,479.7749999999942,-5855.725000000006,1124.25,-50366.28749999998,-0.3624999999999998,-0.4375,-1.0625,-0.17499999999999982,-0.4249999999999998,-0.125,0.1625,0.08749999999999991,-0.2749999999999999,-0.2749999999999999,0.0125,-0.125
-12893.200000000012,114.34999999997672,1621.0,96360.975,2056.3375000000233,9048.337500000023,224.77499999999418,-5915.725000000006,1052.25,-50463.28749999998,-0.3624999999999998,-0.4375,-0.0625,-0.17499999999999982,-0.4249999999999998,-0.125,0.1625,0.08749999999999991,0.7250000000000001,-0.2749999999999999,-0.9875,0.875
-12819.200000000012,-17.650000000023283,1608.0,96299.975,1908.3375000000233,8932.337500000023,159.77499999999418,-5942.725000000006,1037.25,-50482.28749999998,-0.3624999999999998,0.5625,-0.0625,-0.17499999999999982,0.5750000000000002,-1.125,0.1625,0.08749999999999991,-0.2749999999999999,-0.2749999999999999,0.0125,0.875
-12865.200000000012,-68.65000000002328,1698.0,96625.975,1902.3375000000233,9079.337500000023,182.77499999999418,-5980.725000000006,888.25,-50370.28749999998,-0.3624999999999998,-0.4375,-0.0625,-0.17499999999999982,-0.4249999999999998,-1.125,0.1625,0.08749999999999991,-0.2749999999999999,0.7250000000000001,0.0125,-0.125
-12925.200000000012,-58.65000000002328,1662.0,96643.975,1862.3375000000233,9182.337500000023,-436.2250000000058,-5935.725000000006,801.25,-50465.28749999998,-0.3624999999999998,0.5625,0.9375,-0.17499999999999982,0.5750000000000002,-0.125,-0.8375,0.08749999999999991,-0.2749999999999999,-0.2749999999999999,-0.9875,-0.125
-12882.200000000012,125.34999999997672,1648.0,96517.975,1874.3375000000233,9085.337500000023,124.77499999999418,-5870.725000000006,495.25,-50478.28749999998,0.6375000000000002,-0.4375,-0.0625,-0.17499999999999982,-0.4249999999999998,0.875,0.1625,0.08749999999999991,0.7250000000000001,0.7250000000000001,0.0125,-0.125
-12821.200000000012,91.34999999997672,1820.0,96465.975,1862.3375000000233,9096.337500000023,137.77499999999418,-5809.725000000006,371.25,-50437.28749999998,0.6375000000000002,-0.4375,-0.0625,-0.17499999999999982,0.5750000000000002,-0.125,0.1625,0.08749999999999991,0.7250000000000001,0.7250000000000001,0.0125,-0.125
-12774.200000000012,-0.6500000000232831,1759.0,96427.975,1676.3375000000233,9198.337500000023,214.77499999999418,-5813.725000000006,386.25,-50437.28749999998,0.6375000000000002,-0.4375,-0.0625,-0.17499999999999982,0.5750000000000002,-0.125,-0.8375,0.08749999999999991,-0.2749999999999999,-0.2749999999999999,0.0125,-0.125
-12782.200000000012,70.34999999997672,1751.0,96460.975,1649.3375000000233,9307.337500000023,158.77499999999418,-5885.725000000006,250.25,-50326.28749999998,0.6375000000000002,0.5625,-0.0625,-0.17499999999999982,-0.4249999999999998,-0.125,0.1625,0.08749999999999991,-0.2749999999999999,-0.2749999999999999,0.0125,-0.125
-13025.200000000012,27.349999999976717,1701.0,96483.975,1669.3375000000233,9192.337500000023,187.77499999999418,-5900.725000000006,91.25,-50355.28749999998,0.6375000000000002,0.5625,-0.0625,0.8250000000000002,0.5750000000000002,-1.125,0.1625,0.08749999999999991,-0.2749999999999999,0.7250000000000001,0.0125,-0.125
-12875.200000000012,-25.650000000023283,1985.0,96483.975,1782.3375000000233,9165.337500000023,18.77499999999418,-5849.725000000006,58.25,-50312.28749999998,-0.3624999999999998,0.5625,-1.0625,-0.17499999999999982,-0.4249999999999998,-0.125,0.1625,0.08749999999999991,-0.2749999999999999,-0.2749999999999999,0.0125,0.875
-12988.200000000012,-46.65000000002328,1969.0,96434.975,1832.3375000000233,9181.337500000023,-69.22500000000582,-5818.725000000006,59.25,-50303.28749999998,-0.3624999999999998,0.5625,-0.0625,-0.17499999999999982,0.5750000000000002,-0.125,0.1625,0.08749999999999991,-0.2749999999999999,-0.2749999999999999,0.0125,-0.125
-12994.200000000012,-9.650000000023283,1924.0,96513.975,1741.3375000000233,9193.337500000023,8.77499999999418,-5758.725000000006,-51.75,-50340.28749999998,-0.3624999999999998,-0.4375,-1.0625,-0.17499999999999982,0.5750000000000002,-0.125,0.1625,0.08749999999999991,0.7250000000000001,-0.2749999999999999,0.0125,-0.125
-12916.200000000012,-209.65000000002328,1924.0,96537.975,1679.3375000000233,9220.337500000023,46.77499999999418,-5774.725000000006,-97.75,-50616.28749999998,0.6375000000000002,0.5625,-0.0625,-0.17499999999999982,-0.4249999999999998,-0.125,0.1625,0.08749999999999991,-0.2749999999999999,0.7250000000000001,0.0125,0.875
-12965.200000000012,-60.65000000002328,1842.0,96459.975,1690.3375000000233,9204.337500000023,134.77499999999418,-5741.725000000006,88.25,-50557.28749999998,-0.3624999999999998,-0.4375,-1.0625,-0.17499999999999982,-0.4249999999999998,0.875,0.1625,0.08749999999999991,-0.2749999999999999,-0.2749999999999999,0.0125,-1.125
-12877.200000000012,-68.65000000002328,1814.0,96527.975,1721.3375000000233,9063.337500000023,263.7749999999942,-5752.725000000006,195.25,-50417.28749999998,0.6375000000000002,-0.4375,-0.0625,-0.17499999999999982,0.5750000000000002,0.875,-0.8375,0.08749999999999991,-0.2749999999999999,-0.2749999999999999,0.0125,-1.125
-12883.200000000012,27.349999999976717,1719.0,96485.975,1831.3375000000233,9151.337500000023,85.77499999999418,-5800.725000000006,300.25,-50590.28749999998,-0.3624999999999998,-0.4375,-1.0625,-0.17499999999999982,0.5750000000000002,0.875,-0.8375,0.08749999999999991,-0.2749999999999999,-0.2749999999999999,0.0125,-0.125
-12712.200000000012,-71.65000000002328,1678.0,96418.975,1793.3375000000233,9127.337500000023,-8.22500000000582,-5791.725000000006,268.25,-50613.28749999998,-0.3624999999999998,-0.4375,0.9375,-0.17499999999999982,-1.4249999999999998,0.875,-0.8375,0.08749999999999991,-0.2749999999999999,-0.2749999999999999,0.0125,0.875
-12845.200000000012,-97.65000000002328,1639.0,96497.975,1709.3375000000233,8961.337500000023,64.77499999999418,-5749.725000000006,322.25,-50439.28749999998,0.6375000000000002,-0.4375,0.9375,-0.17499999999999982,0.5750000000000002,-0.125,0.1625,0.08749999999999991,0.7250000000000001,-0.2749999999999999,0.0125,-0.125
-12911.200000000012,-118.65000000002328,1650.0,96579.975,1837.3375000000233,8997.337500000023,24.77499999999418,-5785.725000000006,355.25,-50545.28749999998,-0.3624999999999998,-0.4375,-0.0625,-0.17499999999999982,-0.4249999999999998,-0.125,0.1625,0.08749999999999991,-0.2749999999999999,-0.2749999999999999,0.0125,-1.125
-12907.200000000012,-298.6500000000233,1677.0,96527.975,1875.3375000000233,9015.337500000023,-60.22500000000582,-5811.725000000006,368.25,-50514.28749999998,-0.3624999999999998,-0.4375,-0.0625,-0.17499999999999982,-0.4249999999999998,-0.125,0.1625,0.08749999999999991,-0.2749999999999999,-0.2749999999999999,0.0125,-0.125
-12765.200000000012,-304.6500000000233,1651.0,96511.975,1923.3375000000233,8932.337500000023,275.7749999999942,-5859.725000000006,240.25,-50634.28749999998,-0.3624999999999998,-0.4375,-0.0625,-0.17499999999999982,-0.4249999999999998,-0.125,0.1625,-0.9125000000000001,-0.2749999999999999,-0.2749999999999999,0.0125,-0.125
-12836.200000000012,-262.6500000000233,1729.0,96610.975,1842.3375000000233,9012.337500000023,528.7749999999942,-5888.725000000006,228.25,-50615.28749999998,-0.3624999999999998,-0.4375,-0.0625,-0.17499999999999982,-0.4249999999999998,0.875,0.1625,0.08749999999999991,-0.2749999999999999,-0.2749999999999999,0.0125,-0.125
-12775.200000000012,90.34999999997672,1527.0,96504.975,1846.3375000000233,8928.337500000023,356.7749999999942,-5883.725000000006,-17.75,-50620.28749999998,-0.3624999999999998,-0.4375,-1.0625,-0.17499999999999982,0.5750000000000002,-0.125,0.1625,0.08749999999999991,-0.2749999999999999,-0.2749999999999999,0.0125,-0.125
-12786.200000000012,-25.650000000023283,1766.0,96395.975,1842.3375000000233,8931.337500000023,334.7749999999942,-5969.725000000006,-139.75,-50477.28749999998,-0.3624999999999998,0.5625,-0.0625,-0.17499999999999982,-0.4249999999999998,-0.125,0.1625,0.08749999999999991,-0.2749999999999999,-0.2749999999999999,0.0125,-0.125
-12809.200000000012,-12.650000000023283,1808.0,96374.975,1729.3375000000233,9098.337500000023,556.7749999999942,-5925.725000000006,-184.75,-50509.28749999998,0.6375000000000002,-0.4375,-0.0625,-1.1749999999999998,-0.4249999999999998,-0.125,0.1625,-0.9125000000000001,0.7250000000000001,-0.2749999999999999,0.0125,0.875
-12871.200000000012,20.349999999976717,1672.0,96331.975,1717.3375000000233,9244.337500000023,549.7749999999942,-5711.725000000006,-150.75,-50521.28749999998,-0.3624999999999998,-0.4375,-1.0625,-0.17499999999999982,0.5750000000000002,-0.125,0.1625,0.08749999999999991,-0.2749999999999999,-0.2749999999999999,0.0125,-1.125
-12854.200000000012,-86.65000000002328,1689.0,96283.975,1682.3375000000233,9302.337500000023,405.7749999999942,-5712.725000000006,-127.75,-50512.28749999998,-0.3624999999999998,-0.4375,-0.0625,-0.17499999999999982,-0.4249999999999998,-0.125,0.1625,0.08749999999999991,-0.2749999999999999,-0.2749999999999999,0.0125,-0.125
-12951.200000000012,-38.65000000002328,1638.0,96175.975,1789.3375000000233,9247.337500000023,327.7749999999942,-5829.725000000006,-212.75,-50510.28749999998,-0.3624999999999998,0.5625,-0.0625,0.8250000000000002,0.5750000000000002,-0.125,0.1625,0.08749999999999991,0.7250000000000001,-0.2749999999999999,0.0125,0.875
-13080.200000000012,-62.65000000002328,1635.0,96034.975,1679.3375000000233,9161.337500000023,350.7749999999942,-5852.725000000006,-280.75,-50540.28749999998,1.6375000000000002,0.5625,-1.0625,-0.17499999999999982,0.5750000000000002,-0.125,0.1625,0.08749999999999991,-0.2749999999999999,-0.2749999999999999,0.0125,0.875
-13067.200000000012,-240.65000000002328,2082.0,95899.975,1518.3375000000233,9118.337500000023,364.7749999999942,-5802.725000000006,-116.75,-50448.28749999998,-0.3624999999999998,-0.4375,-0.0625,-0.17499999999999982,0.5750000000000002,0.875,0.1625,0.08749999999999991,0.7250000000000001,0.7250000000000001,0.0125,-0.125
-12988.200000000012,-126.65000000002328,2026.0,95904.975,1541.3375000000233,9134.337500000023,446.7749999999942,-5510.725000000006,40.25,-50226.28749999998,-0.3624999999999998,-0.4375,0.9375,0.8250000000000002,0.5750000000000002,-1.125,0.1625,0.08749999999999991,-0.2749999999999999,0.7250000000000001,0.0125,0.875
-13052.200000000012,113.34999999997672,1789.0,95894.975,1620.3375000000233,9211.337500000023,460.7749999999942,-5700.725000000006,86.25,-50365.28749999998,0.6375000000000002,-0.4375,-0.0625,-0.17499999999999982,-0.4249999999999998,-0.125,0.1625,0.08749999999999991,-0.2749999999999999,-0.2749999999999999,0.0125,-1.125
-12958.200000000012,84.34999999997672,1771.0,95853.975,1486.3375000000233,9152.337500000023,277.7749999999942,-5825.725000000006,113.25,-50423.28749999998,-0.3624999999999998,0.5625,-0.0625,-0.17499999999999982,0.5750000000000002,-0.125,0.1625,0.08749999999999991,0.7250000000000001,0.7250000000000001,0.0125,-0.125
-12933.200000000012,277.3499999999767,1794.0,95924.975,1578.3375000000233,9174.337500000023,168.77499999999418,-5863.725000000006,-53.75,-50516.28749999998,-0.3624999999999998,0.5625,0.9375,-0.17499999999999982,0.5750000000000002,-0.125,0.1625,-0.9125000000000001,0.7250000000000001,0.7250000000000001,0.0125,-0.125
-12895.200000000012,209.34999999997672,1865.0,95914.975,1607.3375000000233,9220.337500000023,281.7749999999942,-5861.725000000006,-153.75,-50503.28749999998,0.6375000000000002,-0.4375,-0.0625,0.8250000000000002,0.5750000000000002,-1.125,0.1625,-0.9125000000000001,-0.2749999999999999,0.7250000000000001,-0.9875,0.875
-12801.200000000012,-52.65000000002328,1762.0,95775.975,1571.3375000000233,9136.337500000023,333.7749999999942,-5844.725000000006,-314.75,-50665.28749999998,-0.3624999999999998,-0.4375,-1.0625,-0.17499999999999982,0.5750000000000002,0.875,0.1625,0.08749999999999991,-0.2749999999999999,-0.2749999999999999,0.0125,1.875
-12976.200000000012,33.34999999997672,1681.0,95716.975,1604.3375000000233,9226.337500000023,222.77499999999418,-5890.725000000006,-326.75,-50717.28749999998,-0.3624999999999998,0.5625,-1.0625,-1.1749999999999998,0.5750000000000002,-0.125,0.1625,0.08749999999999991,-0.2749999999999999,-0.2749999999999999,0.0125,0.875
-12876.200000000012,59.34999999997672,1729.0,95855.975,1484.3375000000233,8987.337500000023,106.77499999999418,-5922.725000000006,-374.75,-50649.28749999998,-0.3624999999999998,0.5625,-0.0625,-0.17499999999999982,-0.4249999999999998,-0.125,0.1625,0.08749999999999991,-0.2749999999999999,0.7250000000000001,0.0125,-0.125
-12885.200000000012,176.34999999997672,1667.0,95997.975,1690.3375000000233,9139.337500000023,84.77499999999418,-5775.725000000006,-326.75,-50542.28749999998,-0.3624999999999998,-0.4375,-1.0625,-0.17499999999999982,-0.4249999999999998,0.875,0.1625,0.08749999999999991,-1.275,-0.2749999999999999,0.0125,0.875
-13014.200000000012,-1.650000000023283,1751.0,95838.975,1748.3375000000233,9028.337500000023,55.77499999999418,-5886.725000000006,-372.75,-50579.28749999998,-0.3624999999999998,-0.4375,-0.0625,-0.17499999999999982,-0.4249999999999998,-1.125,-0.8375,0.08749999999999991,-0.2749999999999999,-0.2749999999999999,0.0125,-0.125
-13003.200000000012,-86.65000000002328,1651.0,95610.975,1743.3375000000233,9008.337500000023,137.77499999999418,-5995.725000000006,-455.75,-50594.28749999998,-0.3624999999999998,-0.4375,-0.0625,-0.17499999999999982,-0.4249999999999998,-0.125,0.1625,0.08749999999999991,-0.2749999999999999,-0.2749999999999999,0.0125,-0.125
-12940.200000000012,48.34999999997672,1676.0,95617.975,1834.3375000000233,9108.337500000023,132.77499999999418,-5891.725000000006,-392.75,-50647.28749999998,-0.3624999999999998,-0.4375,-0.0625,-0.17499999999999982,-0.4249999999999998,-0.125,0.1625,0.08749999999999991,-0.2749999999999999,-0.2749999999999999,0.0125,-0.125
-12850.200000000012,3.349999999976717,1598.0,95893.975,1672.3375000000233,9153.337500000023,129.77499999999418,-5885.725000000006,-378.75,-50608.28749999998,0.6375000000000002,0.5625,-0.0625,-0.17499999999999982,-0.4249999999999998,-0.125,0.1625,0.08749999999999991,-0.2749999999999999,-0.2749999999999999,0.0125,-1.125
-12886.200000000012,-57.65000000002328,1662.0,96010.975,1931.3375000000233,9008.337500000023,109.77499999999418,-5846.725000000006,-373.75,-50655.28749999998,-0.3624999999999998,-0.4375,-0.0625,-0.17499999999999982,0.5750000000000002,-0.125,0.1625,0.08749999999999991,-0.2749999999999999,-0.2749999999999999,0.0125,-0.125
-12861.200000000012,-38.65000000002328,1642.0,95902.975,1763.3375000000233,8934.337500000023,149.77499999999418,-6004.725000000006,-505.75,-50719.28749999998,-0.3624999999999998,-0.4375,-0.0625,-0.17499999999999982,-0.4249999999999998,-0.125,-0.8375,0.08749999999999991,0.7250000000000001,0.7250000000000001,0.0125,1.875
-12846.200000000012,134.34999999997672,1649.0,95878.975,1700.3375000000233,9064.337500000023,120.77499999999418,-5955.725000000006,-529.75,-50637.28749999998,-0.3624999999999998,-0.4375,-0.0625,-0.17499999999999982,-0.4249999999999998,-0.125,0.1625,0.08749999999999991,-0.2749999999999999,-0.2749999999999999,-0.9875,-0.125
-12766.200000000012,203.34999999997672,1578.0,95791.975,1779.3375000000233,9037.337500000023,-143.22500000000582,-5907.725000000006,-453.75,-50667.28749999998,-0.3624999999999998,0.5625,-1.0625,-0.17499999999999982,-0.4249999999999998,-0.125,0.1625,0.08749999999999991,-0.2749999999999999,-0.2749999999999999,0.0125,-0.125
-12752.200000000012,72.34999999997672,1695.0,95764.975,1777.3375000000233,9064.337500000023,71.77499999999418,-5668.725000000006,-402.75,-50756.28749999998,-0.3624999999999998,0.5625,-0.0625,-0.17499999999999982,-0.4249999999999998,-0.125,0.1625,0.08749999999999991,-0.2749999999999999,0.7250000000000001,0.0125,-0.125
-12884.200000000012,77.34999999997672,1710.0,95788.975,1625.3375000000233,9109.337500000023,172.77499999999418,-5664.725000000006,-392.75,-50732.28749999998,-0.3624999999999998,0.5625,-0.0625,-0.17499999999999982,-0.4249999999999998,0.875,0.1625,0.08749999999999991,-0.2749999999999999,-0.2749999999999999,0.0125,0.875
-12957.200000000012,161.34999999997672,1747.0,95884.975,1604.3375000000233,9142.337500000023,295.7749999999942,-5770.725000000006,-394.75,-50779.28749999998,-0.3624999999999998,0.5625,-1.0625,-0.17499999999999982,0.5750000000000002,-0.125,-0.8375,0.08749999999999991,-0.2749999999999999,-0.2749999999999999,0.0125,-0.125
-12894.200000000012,193.34999999997672,1891.0,95955.975,1561.3375000000233,9315.337500000023,157.77499999999418,-5798.725000000006,-283.75,-50423.28749999998,-0.3624999999999998,0.5625,-0.0625,-0.17499999999999982,-0.4249999999999998,-1.125,0.1625,0.08749999999999991,-0.2749999999999999,0.7250000000000001,0.0125,-1.125
-12887.200000000012,49.34999999997672,1793.0,95892.975,1496.3375000000233,9211.337500000023,201.77499999999418,-5796.725000000006,-109.75,-50471.28749999998,0.6375000000000002,-0.4375,-0.0625,-0.17499999999999982,0.5750000000000002,-1.125,0.1625,0.08749999999999991,-0.2749999999999999,-0.2749999999999999,0.0125,0.875
-12896.200000000012,95.34999999997672,1719.0,95766.975,1268.3375000000233,8975.337500000023,67.77499999999418,-5868.725000000006,-13.75,-51021.28749999998,-0.3624999999999998,0.5625,-0.0625,-0.17499999999999982,-0.4249999999999998,-0.125,0.1625,0.08749999999999991,0.7250000000000001,0.7250000000000001,-0.9875,0.875
-13183.200000000012,47.34999999997672,1899.0,95759.975,980.3375000000233,8601.337500000023,84.77499999999418,-5832.725000000006,79.25,-51587.28749999998,0.6375000000000002,-1.4375,-0.0625,0.8250000000000002,-0.4249999999999998,-2.125,0.1625,0.08749999999999991,-0.2749999999999999,0.7250000000000001,0.0125,-0.125
-13357.200000000012,72.34999999997672,1893.0,95760.975,577.3375000000233,8277.337500000023,537.7749999999942,-5970.725000000006,37.25,-52110.28749999998,0.6375000000000002,-0.4375,-1.0625,-0.17499999999999982,-0.4249999999999998,-0.125,0.1625,-0.9125000000000001,-0.2749999999999999,-0.2749999999999999,0.0125,-0.125
-13401.200000000012,74.34999999997672,1854.0,95747.975,557.3375000000233,8339.337500000023,233.77499999999418,-5983.725000000006,31.25,-52343.28749999998,0.6375000000000002,-0.4375,0.9375,-0.17499999999999982,-0.4249999999999998,0.875,-0.8375,0.08749999999999991,0.7250000000000001,-0.2749999999999999,0.0125,0.875
-13277.200000000012,27.349999999976717,1896.0,95799.975,743.3375000000233,8699.337500000023,74.77499999999418,-5960.725000000006,138.25,-52343.28749999998,0.6375000000000002,-0.4375,-0.0625,0.8250000000000002,-0.4249999999999998,-0.125,0.1625,0.08749999999999991,-1.275,-0.2749999999999999,0.0125,0.875
-13201.200000000012,188.34999999997672,1826.0,95848.975,970.3375000000233,8959.337500000023,112.77499999999418,-5942.725000000006,376.25,-51075.28749999998,-1.3624999999999998,0.5625,0.9375,-0.17499999999999982,0.5750000000000002,-0.125,0.1625,0.08749999999999991,-0.2749999999999999,-0.2749999999999999,0.0125,0.875
-13070.200000000012,54.34999999997672,1756.0,95775.975,1117.3375000000233,9040.337500000023,-151.22500000000582,-6123.725000000006,274.25,-50838.28749999998,-0.3624999999999998,0.5625,-0.0625,-0.17499999999999982,-0.4249999999999998,-0.125,0.1625,0.08749999999999991,-0.2749999999999999,-0.2749999999999999,0.0125,-0.125
-12981.200000000012,-126.65000000002328,1703.0,95758.975,1204.3375000000233,9007.337500000023,5.774999999994179,-5971.725000000006,306.25,-50572.28749999998,-0.3624999999999998,0.5625,-0.0625,-0.17499999999999982,-0.4249999999999998,-1.125,0.1625,0.08749999999999991,-0.2749999999999999,-0.2749999999999999,0.0125,0.875
-12950.200000000012,-48.65000000002328,1563.0,95791.975,1200.3375000000233,9061.337500000023,-74.22500000000582,-6035.725000000006,353.25,-50580.28749999998,-0.3624999999999998,0.5625,-0.0625,-0.17499999999999982,-0.4249999999999998,-0.125,0.1625,0.08749999999999991,-0.2749999999999999,0.7250000000000001,0.0125,0.875
-12948.200000000012,39.34999999997672,1475.0,95986.975,1198.3375000000233,9010.337500000023,-73.22500000000582,-6075.725000000006,201.25,-50381.28749999998,-0.3624999999999998,0.5625,0.9375,-0.17499999999999982,0.5750000000000002,-0.125,0.1625,0.08749999999999991,-0.2749999999999999,-0.2749999999999999,0.0125,-1.125
-12938.200000000012,18.349999999976717,1285.0,96027.975,1364.3375000000233,9204.337500000023,166.77499999999418,-5793.725000000006,393.25,-50440.28749999998,0.6375000000000002,-0.4375,-0.0625,-0.17499999999999982,-0.4249999999999998,-0.125,-0.8375,0.08749999999999991,0.7250000000000001,-0.2749999999999999,0.0125,0.875
-12893.200000000012,-82.65000000002328,1397.0,95977.975,1208.3375000000233,8788.337500000023,97.77499999999418,-5927.725000000006,319.25,-50550.28749999998,0.6375000000000002,-0.4375,-0.0625,-1.1749999999999998,-0.4249999999999998,1.875,0.1625,-0.9125000000000001,0.7250000000000001,0.7250000000000001,0.0125,0.875
-12985.200000000012,-31.650000000023283,1220.0,95939.975,1154.3375000000233,8522.337500000023,117.77499999999418,-5977.725000000006,480.25,-51337.28749999998,0.6375000000000002,-0.4375,-0.0625,0.8250000000000002,-0.4249999999999998,-0.125,0.1625,0.08749999999999991,0.7250000000000001,-0.2749999999999999,-0.9875,0.875
-13199.200000000012,144.34999999997672,1141.0,96025.975,1201.3375000000233,8300.337500000023,123.77499999999418,-6007.725000000006,668.25,-51470.28749999998,-0.3624999999999998,-0.4375,-0.0625,-0.17499999999999982,-0.4249999999999998,-1.125,0.1625,0.08749999999999991,0.7250000000000001,0.7250000000000001,-0.9875,-0.125
-13026.200000000012,-538.6500000000233,1059.0,95848.975,950.3375000000233,8499.337500000023,-448.2250000000058,-5796.725000000006,479.25,-51937.28749999998,0.6375000000000002,-1.4375,-0.0625,0.8250000000000002,-0.4249999999999998,0.875,0.1625,0.08749999999999991,-0.2749999999999999,-0.2749999999999999,-0.9875,-0.125
-13065.200000000012,-125.65000000002328,987.0,95549.975,507.3375000000233,8473.337500000023,-359.2250000000058,-5981.725000000006,374.25,-52273.28749999998,-0.3624999999999998,0.5625,-0.0625,-0.17499999999999982,-0.4249999999999998,0.875,0.1625,0.08749999999999991,-0.2749999999999999,-0.2749999999999999,0.0125,-0.125
-13473.200000000012,371.3499999999767,1229.0,96095.975,897.3375000000233,7905.337500000023,312.7749999999942,-5966.725000000006,960.25,-51846.28749999998,0.6375000000000002,-0.4375,1.9375,1.8250000000000002,-0.4249999999999998,0.875,0.1625,0.08749999999999991,-0.2749999999999999,-0.2749999999999999,-0.9875,0.875
-13466.200000000012,327.3499999999767,1314.0,96364.975,841.3375000000233,7881.337500000023,432.7749999999942,-6100.725000000006,900.25,-52007.28749999998,-1.3624999999999998,0.5625,-1.0625,-1.1749999999999998,0.5750000000000002,-1.125,0.1625,0.08749999999999991,-1.275,0.7250000000000001,0.0125,-1.125
-12898.200000000012,-154.65000000002328,1079.0,95799.975,540.3375000000233,8572.337500000023,142.77499999999418,-5822.725000000006,131.25,-52684.28749999998,0.6375000000000002,-1.4375,-1.0625,-0.17499999999999982,0.5750000000000002,1.875,0.1625,0.08749999999999991,-0.2749999999999999,-0.2749999999999999,0.0125,0.875
-12366.200000000012,-648.6500000000233,1223.0,95688.975,-25.662499999976717,8307.337500000023,-417.2250000000058,-5813.725000000006,-5.75,-52543.28749999998,0.6375000000000002,0.5625,1.9375,-0.17499999999999982,0.5750000000000002,0.875,-0.8375,0.08749999999999991,0.7250000000000001,-0.2749999999999999,0.0125,0.875
-13426.200000000012,118.34999999997672,1568.0,96538.975,560.3375000000233,7545.337500000023,173.77499999999418,-5949.725000000006,787.25,-51619.28749999998,-0.3624999999999998,-0.4375,-0.0625,0.8250000000000002,0.5750000000000002,-0.125,0.1625,0.08749999999999991,-1.275,-0.2749999999999999,1.0125,0.875
-14095.200000000012,737.3499999999767,1738.0,96738.975,812.3375000000233,7731.337500000023,860.7749999999942,-5799.725000000006,1093.25,-51531.28749999998,-1.3624999999999998,0.5625,-2.0625,-1.1749999999999998,-0.4249999999999998,-3.125,0.1625,0.08749999999999991,-0.2749999999999999,0.7250000000000001,0.0125,-0.125
-13371.200000000012,-146.65000000002328,1381.0,96110.975,-398.6624999999767,8514.337500000023,-580.2250000000058,-5474.725000000006,592.25,-52241.28749999998,2.6375,0.5625,-1.0625,0.8250000000000002,2.575,1.875,0.1625,0.08749999999999991,0.7250000000000001,-1.275,1.0125,0.875
-13419.200000000012,-744.6500000000233,1169.0,95494.975,250.33750000002328,9022.337500000023,197.77499999999418,-5562.725000000006,901.25,-52864.28749999998,-0.3624999999999998,0.5625,1.9375,-1.1749999999999998,-0.4249999999999998,-0.125,-0.8375,0.08749999999999991,-0.2749999999999999,-0.2749999999999999,0.0125,0.875
-13979.200000000012,798.3499999999767,1570.0,96679.975,689.3375000000233,7858.337500000023,780.7749999999942,-5932.725000000006,928.25,-51638.28749999998,0.6375000000000002,-0.4375,-5.0625,1.8250000000000002,-0.4249999999999998,-2.125,0.1625,0.08749999999999991,0.7250000000000001,0.7250000000000001,1.0125,-1.125
-12567.200000000012,-227.65000000002328,1321.0,95600.975,-270.6624999999767,10038.337500000023,234.77499999999418,-5699.725000000006,-287.75,-53047.28749999998,-0.3624999999999998,0.5625,0.9375,-16.175,-13.425,11.875,0.1625,0.08749999999999991,-0.2749999999999999,-0.2749999999999999,-0.9875,-1.125
-13605.200000000012,987.3499999999767,1597.0,96394.975,-195.66249999997672,42787.33750000002,22500.774999999994,-5918.725000000006,39.25,-51883.28749999998,25.6375,13.5625,-163.0625,17.825,-19.425,22.875,0.1625,-0.9125000000000001,-0.2749999999999999,1.725,5.0125,-5.125
-10605.200000000012,25915.349999999977,1447.0,96687.975,2580.3375000000233,148067.33750000002,98271.775,-6498.725000000006,671.25,-50445.28749999998,-3.3625,-19.4375,9.9375,19.825,-9.425,4.875,0.1625,0.08749999999999991,0.7250000000000001,2.725,-4.9875,7.875
5734.799999999988,124791.34999999998,3914.0,95918.975,2330.3375000000233,275233.3375,166210.775,-8446.725000000006,-38.75,-50366.28749999998,6.6375,-5.4375,2.9375,11.825,3.575,-14.125,0.1625,-0.9125000000000001,-0.2749999999999999,-2.275,-5.9875,1.875
-19915.20000000001,160802.34999999998,8276.0,96936.975,1533.3375000000233,319154.3375,181560.775,-9785.725000000006,313.25,-49211.28749999998,9.6375,-5.4375,-30.0625,-3.175,-15.425,-13.125,0.1625,0.08749999999999991,-0.2749999999999999,2.725,1.0125,6.875
-23070.20000000001,104494.34999999998,6777.0,95961.975,1312.3375000000233,147423.33750000002,133814.775,-7750.725000000006,-96.75,-51321.28749999998,-4.3625,15.5625,28.9375,-0.17499999999999982,4.575,11.875,0.1625,0.08749999999999991,-0.2749999999999999,0.7250000000000001,3.0125,1.875
-26319.20000000001,39882.34999999998,1105.0,96021.975,843.3375000000233,114253.33750000002,108825.775,-6373.725000000006,-622.75,-52155.28749999998,5.6375,-2.4375,-13.0625,-0.17499999999999982,5.575,-0.125,0.1625,0.08749999999999991,-0.2749999999999999,-1.275,-1.9875,5.875
-25150.20000000001,14401.349999999977,1078.0,96398.975,2155.3375000000233,104958.33750000002,108420.775,-6382.725000000006,-41.75,-51527.28749999998,14.6375,-16.4375,-27.0625,0.8250000000000002,-5.425,2.875,0.1625,-0.9125000000000001,-0.2749999999999999,1.725,-4.9875,4.875
-26233.20000000001,61426.34999999998,1091.0,96480.975,2051.3375000000233,115089.33750000002,122535.775,-6521.725000000006,-688.75,-51120.28749999998,-1.3624999999999998,6.5625,12.9375,-0.17499999999999982,-2.425,-8.125,-0.8375,0.08749999999999991,-0.2749999999999999,-2.275,-1.9875,-0.125
-12290.200000000012,124025.34999999998,2901.0,95513.975,1180.3375000000233,131776.33750000002,146562.775,-7361.725000000006,-504.75,-52081.28749999998,4.6375,2.5625,-4.0625,-0.17499999999999982,3.575,10.875,0.1625,0.08749999999999991,0.7250000000000001,1.725,1.0125,3.875
-7875.200000000012,139546.34999999998,5551.0,97102.975,1351.3375000000233,132617.33750000002,147555.775,-7573.725000000006,276.25,-51781.28749999998,-1.3624999999999998,2.5625,1.9375,1.8250000000000002,9.575,0.875,0.1625,0.08749999999999991,0.7250000000000001,4.725,0.0125,3.875
-20627.20000000001,113613.34999999998,5976.0,96375.975,1422.3375000000233,136497.33750000002,163352.775,-6540.725000000006,405.25,-51591.28749999998,0.6375000000000002,0.5625,-6.0625,1.8250000000000002,-2.425,-2.125,0.1625,0.08749999999999991,-0.2749999999999999,-1.275,0.0125,1.875
-15292.200000000012,91320.34999999998,4690.0,95633.975,896.3375000000233,125559.33750000002,144747.775,-6183.725000000006,-360.75,-52543.28749999998,0.6375000000000002,-3.4375,0.9375,-1.1749999999999998,-4.425,3.875,-0.8375,0.08749999999999991,0.7250000000000001,0.7250000000000001,-0.9875,2.875
-15011.200000000012,81266.34999999998,3742.0,96046.975,1039.3375000000233,121817.33750000002,141015.775,-6251.725000000006,13.25,-52133.28749999998,0.6375000000000002,1.5625,0.9375,3.825,-3.425,-4.125,0.1625,0.08749999999999991,-0.2749999999999999,-0.2749999999999999,1.0125,-1.125
-19433.20000000001,76655.34999999998,3701.0,96508.975,1416.3375000000233,124806.33750000002,145997.775,-6504.725000000006,484.25,-51200.28749999998,-0.3624999999999998,-0.4375,-0.0625,-4.175,2.575,1.875,0.1625,0.08749999999999991,-0.2749999999999999,1.725,1.0125,0.875
-20835.20000000001,79097.34999999998,3919.0,95894.975,771.3375000000233,130171.33750000002,145798.775,-6884.725000000006,-491.75,-52079.28749999998,-0.3624999999999998,0.5625,0.9375,-2.175,0.5750000000000002,1.875,0.1625,0.08749999999999991,-0.2749999999999999,-0.2749999999999999,1.0125,2.875
-19623.20000000001,91171.34999999998,4095.0,95550.975,747.3375000000233,132014.33750000002,146619.775,-6814.725000000006,-550.75,-52479.28749999998,-1.3624999999999998,-4.4375,5.9375,0.8250000000000002,-1.4249999999999998,-1.125,0.1625,0.08749999999999991,-0.2749999999999999,0.7250000000000001,-0.9875,-0.125
-16866.20000000001,102775.34999999998,4411.0,96572.975,1301.3375000000233,128806.33750000002,145767.775,-6696.725000000006,47.25,-52126.28749999998,1.6375000000000002,1.5625,-6.0625,-1.1749999999999998,-3.425,-2.125,0.1625,-0.9125000000000001,-0.2749999999999999,-0.2749999999999999,0.0125,-1.125
-16123.200000000012,88773.34999999998,4243.0,95925.975,1230.3375000000233,125513.33750000002,144231.775,-6481.725000000006,-228.75,-52402.28749999998,-1.3624999999999998,0.5625,-0.0625,-1.1749999999999998,-1.4249999999999998,-2.125,0.1625,0.08749999999999991,-0.2749999999999999,-0.2749999999999999,-0.9875,-1.125
-18823.20000000001,80636.34999999998,3816.0,95518.975,701.3375000000233,125347.33750000002,146388.775,-6065.725000000006,-571.75,-52793.28749999998,-0.3624999999999998,-0.4375,0.9375,0.8250000000000002,0.5750000000000002,0.875,0.1625,-0.9125000000000001,-0.2749999999999999,-1.275,0.0125,1.875
-20100.20000000001,82950.34999999998,4193.0,96131.975,1289.3375000000233,125570.33750000002,147049.775,-6384.725000000006,70.25,-52136.28749999998,-2.3625,-1.4375,3.9375,-1.1749999999999998,0.5750000000000002,0.875,0.1625,0.08749999999999991,0.7250000000000001,-0.2749999999999999,0.0125,-0.125
-18800.20000000001,94334.34999999998,4372.0,96532.975,1080.3375000000233,127215.33750000002,145954.775,-6621.725000000006,252.25,-52081.28749999998,-1.3624999999999998,1.5625,-0.0625,-1.1749999999999998,-0.4249999999999998,-3.125,0.1625,0.08749999999999991,-0.2749999999999999,-1.275,0.0125,-0.125
-18208.20000000001,101366.34999999998,4311.0,95953.975,519.3375000000233,129031.33750000002,144194.775,-6708.725000000006,-172.75,-52393.28749999998,-1.3624999999999998,0.5625,0.9375,-2.175,0.5750000000000002,-0.125,0.1625,0.08749999999999991,-0.2749999999999999,-0.2749999999999999,0.0125,0.875
-20042.20000000001,95645.34999999998,4267.0,95795.975,394.3375000000233,129873.33750000002,142236.775,-6918.725000000006,-390.75,-52461.28749999998,-0.3624999999999998,-0.4375,-1.0625,-1.1749999999999998,-0.4249999999999998,-0.125,0.1625,0.08749999999999991,0.7250000000000001,-0.2749999999999999,0.0125,0.875
-21680.20000000001,86445.34999999998,4074.0,96390.975,953.3375000000233,129844.33750000002,141282.775,-6855.725000000006,326.25,-51813.28749999998,-1.3624999999999998,-2.4375,-0.0625,-1.1749999999999998,0.5750000000000002,-1.125,0.1625,0.08749999999999991,-0.2749999999999999,-0.2749999999999999,0.0125,0.875
-21277.20000000001,83990.34999999998,4223.0,95939.975,729.3375000000233,129245.33750000002,141460.775,-6576.725000000006,76.25,-51973.28749999998,-0.3624999999999998,-0.4375,-0.0625,-1.1749999999999998,-0.4249999999999998,-0.125,0.1625,0.08749999999999991,-0.2749999999999999,-0.2749999999999999,0.0125,-0.125
-19694.20000000001,88731.34999999998,4155.0,95963.975,742.3375000000233,129685.33750000002,143279.775,-6570.725000000006,-96.75,-51970.28749999998,0.6375000000000002,0.5625,-0.0625,-0.17499999999999982,-0.4249999999999998,1.875,0.1625,0.08749999999999991,-0.2749999999999999,-0.2749999999999999,-0.9875,-1.125
-20580.20000000001,92921.34999999998,4277.0,96346.975,1104.3375000000233,130761.33750000002,144310.775,-6743.725000000006,314.25,-51363.28749999998,0.6375000000000002,-0.4375,-0.0625,-0.17499999999999982,-0.4249999999999998,-0.125,-0.8375,0.08749999999999991,0.7250000000000001,0.7250000000000001,0.0125,-1.125
-20895.20000000001,91246.34999999998,4154.0,96468.975,1194.3375000000233,131197.33750000002,142443.775,-6799.725000000006,396.25,-51145.28749999998,0.6375000000000002,-0.4375,-0.0625,0.8250000000000002,-0.4249999999999998,-1.125,0.1625,0.08749999999999991,-0.2749999999999999,0.7250000000000001,0.0125,-0.125
-20396.20000000001,90962.34999999998,3838.0,96088.975,1096.3375000000233,130664.33750000002,140992.775,-6986.725000000006,45.25,-51323.28749999998,0.6375000000000002,-0.4375,-0.0625,0.8250000000000002,-0.4249999999999998,-0.125,0.1625,0.08749999999999991,0.7250000000000001,0.7250000000000001,0.0125,1.875
-20126.20000000001,92473.34999999998,3968.0,96013.975,1014.3375000000233,129597.33750000002,142083.775,-6771.725000000006,305.25,-51276.28749999998,0.6375000000000002,-0.4375,1.9375,0.8250000000000002,-0.4249999999999998,-0.125,0.1625,0.08749999999999991,-0.2749999999999999,1.725,-0.9875,-0.125
-19702.20000000001,93938.34999999998,4052.0,96344.975,1478.3375000000233,129191.33750000002,144883.775,-6876.725000000006,527.25,-50810.28749999998,0.6375000000000002,0.5625,-0.0625,0.8250000000000002,-1.4249999999999998,-1.125,0.1625,-0.9125000000000001,-0.2749999999999999,0.7250000000000001,0.0125,-1.125
-20076.20000000001,93799.34999999998,4060.0,96221.975,1204.3375000000233,129793.33750000002,145961.775,-6760.725000000006,448.25,-51049.28749999998,0.6375000000000002,-0.4375,-0.0625,-0.17499999999999982,-1.4249999999999998,-1.125,0.1625,0.08749999999999991,-0.2749999999999999,0.7250000000000001,0.0125,-0.125
-20513.20000000001,93180.34999999998,4155.0,96064.975,946.3375000000233,130536.33750000002,144350.775,-6669.725000000006,323.25,-51196.28749999998,0.6375000000000002,-0.4375,-0.0625,0.8250000000000002,-0.4249999999999998,-0.125,0.1625,-0.9125000000000001,-0.2749999999999999,0.7250000000000001,0.0125,0.875
-20885.20000000001,92896.34999999998,4221.0,96317.975,1194.3375000000233,130577.33750000002,141793.775,-6774.725000000006,301.25,-51124.28749999998,0.6375000000000002,-0.4375,-1.0625,-0.17499999999999982,-0.4249999999999998,-0.125,0.1625,0.08749999999999991,0.7250000000000001,-0.2749999999999999,0.0125,-0.125
-20636.20000000001,92219.34999999998,4206.0,96437.975,1301.3375000000233,130735.33750000002,142518.775,-6746.725000000006,374.25,-51036.28749999998,0.6375000000000002,-0.4375,-1.0625,-0.17499999999999982,-0.4249999999999998,-0.125,0.1625,0.08749999999999991,-0.2749999999999999,-0.2749999999999999,-0.9875,-0.125
-20358.20000000001,91936.34999999998,4054.0,96237.975,1115.3375000000233,130844.33750000002,143162.775,-6788.725000000006,140.25,-51183.28749999998,0.6375000000000002,-0.4375,0.9375,-0.17499999999999982,-0.4249999999999998,-0.125,-0.8375,-0.9125000000000001,-0.2749999999999999,-0.2749999999999999,0.0125,-0.125
-20156.20000000001,91941.34999999998,4137.0,96103.975,438287.3375,130332.33750000002,142840.775,-6825.725000000006,196.25,-51317.28749999998,0.6375000000000002,-0.4375,-0.0625,-0.17499999999999982,-0.4249999999999998,-0.125,0.1625,0.08749999999999991,-0.2749999999999999,-0.2749999999999999,0.0125,-0.125
-20356.20000000001,93552.34999999998,4136.0,96185.975,1018.3375000000233,129993.33750000002,142475.775,-6691.725000000006,370.25,-51600.28749999998,-0.3624999999999998,0.5625,-0.0625,-0.17499999999999982,0.5750000000000002,-1.125,0.1625,0.08749999999999991,-0.2749999999999999,-0.2749999999999999,0.0125,-0.125
-19626.20000000001,94086.34999999998,4018.0,96077.975,844.3375000000233,129828.33750000002,141760.775,-6693.725000000006,351.25,-51803.28749999998,0.6375000000000002,-0.4375,-0.0625,-0.17499999999999982,0.5750000000000002,-0.125,-0.8375,1.0875,-0.2749999999999999,-0.2749999999999999,0.0125,-0.125
-19128.20000000001,93151.34999999998,4077.0,96328.975,1089.3375000000233,129206.33750000002,140798.775,-6774.725000000006,380.25,-51763.28749999998,-0.3624999999999998,-0.4375,-1.0625,-1.1749999999999998,-0.4249999999999998,-0.125,0.1625,0.08749999999999991,0.7250000000000001,-1.275,0.0125,-1.125
-19666.20000000001,93071.34999999998,4175.0,96465.975,1177.3375000000233,129088.33750000002,141130.775,-6843.725000000006,173.25,-51738.28749999998,-0.3624999999999998,-0.4375,-1.0625,-0.17499999999999982,0.5750000000000002,-0.125,0.1625,-0.9125000000000001,-0.2749999999999999,-0.2749999999999999,0.0125,0.875
-20317.20000000001,93548.34999999998,4295.0,96442.975,960.3375000000233,129504.33750000002,142088.775,-6777.725000000006,59.25,-51897.28749999998,-1.3624999999999998,0.5625,-0.0625,-1.1749999999999998,0.5750000000000002,-0.125,0.1625,0.08749999999999991,-0.2749999999999999,-0.2749999999999999,0.0125,-0.125
-20900.20000000001,93693.34999999998,4322.0,96314.975,792.3375000000233,129674.33750000002,140590.775,-6564.725000000006,86.25,-52080.28749999998,-0.3624999999999998,0.5625,0.9375,-1.1749999999999998,0.5750000000000002,-0.125,-0.8375,0.08749999999999991,-0.2749999999999999,-0.2749999999999999,0.0125,-0.125
-21416.20000000001,93309.34999999998,4368.0,96553.975,874.3375000000233,129298.33750000002,139250.775,-6759.725000000006,147.25,-52143.28749999998,-1.3624999999999998,0.5625,-0.0625,-1.1749999999999998,0.5750000000000002,-0.125,0.1625,0.08749999999999991,0.7250000000000001,-0.2749999999999999,0.0125,-0.125
-20853.20000000001,93413.34999999998,4311.0,96344.975,791.3375000000233,129747.33750000002,139991.775,-6703.725000000006,26.25,-52146.28749999998,-0.3624999999999998,0.5625,-1.0625,-0.17499999999999982,-0.4249999999999998,0.875,0.1625,0.08749999999999991,-0.2749999999999999,-0.2749999999999999,0.0125,-0.125
-20625.20000000001,93559.34999999998,4230.0,96504.975,834.3375000000233,129959.33750000002,140510.775,-6813.725000000006,303.25,-51815.28749999998,-0.3624999999999998,0.5625,0.9375,-1.1749999999999998,-0.4249999999999998,-0.125,0.1625,0.08749999999999991,0.7250000000000001,-1.275,0.0125,0.875
-20857.20000000001,92761.34999999998,4051.0,96634.975,1062.3375000000233,130252.33750000002,141015.775,-6839.725000000006,386.25,-51570.28749999998,-0.3624999999999998,-0.4375,-0.0625,-0.17499999999999982,0.5750000000000002,-0.125,0.1625,0.08749999999999991,-0.2749999999999999,0.7250000000000001,0.0125,-1.125
-20385.20000000001,93334.34999999998,3984.0,96422.975,1081.3375000000233,130497.33750000002,141554.775,-6905.725000000006,301.25,-51741.28749999998,-0.3624999999999998,-0.4375,1.9375,-0.17499999999999982,0.5750000000000002,-0.125,-0.8375,0.08749999999999991,0.7250000000000001,-0.2749999999999999,0.0125,-0.125
-20269.20000000001,92902.34999999998,4017.0,96283.975,1166.3375000000233,130738.33750000002,141304.775,-7052.725000000006,286.25,-51680.28749999998,0.6375000000000002,-0.4375,-0.0625,-0.17499999999999982,-0.4249999999999998,-0.125,0.1625,0.08749999999999991,-1.275,-0.2749999999999999,0.0125,-0.125
-20484.20000000001,92888.34999999998,3992.0,96476.975,1307.3375000000233,130730.33750000002,141164.775,-7087.725000000006,649.25,-51356.28749999998,0.6375000000000002,-0.4375,-0.0625,-0.17499999999999982,-0.4249999999999998,-1.125,0.1625,0.08749999999999991,-0.2749999999999999,0.7250000000000001,0.0125,-0.125
-20440.20000000001,93223.34999999998,3993.0,96272.975,1319.3375000000233,130862.33750000002,142068.775,-6974.725000000006,428.25,-51504.28749999998,0.6375000000000002,-0.4375,-0.0625,-0.17499999999999982,-1.4249999999999998,-0.125,0.1625,-0.9125000000000001,-0.2749999999999999,0.7250000000000001,0.0125,-0.125
-20101.20000000001,93800.34999999998,3937.0,96053.975,1233.3375000000233,130892.33750000002,142710.775,-6802.725000000006,408.25,-51421.28749999998,0.6375000000000002,0.5625,-0.0625,-0.17499999999999982,-0.4249999999999998,-0.125,0.1625,0.08749999999999991,-0.2749999999999999,-0.2749999999999999,-0.9875,-0.125
-20244.20000000001,93464.34999999998,3950.0,96169.975,1426.3375000000233,130768.33750000002,142825.775,-6788.725000000006,757.25,-51143.28749999998,0.6375000000000002,-0.4375,0.9375,-0.17499999999999982,-1.4249999999999998,-0.125,0.1625,0.08749999999999991,0.7250000000000001,0.7250000000000001,0.0125,-0.125
-20474.20000000001,93331.34999999998,3813.0,96142.975,1506.3375000000233,130930.33750000002,142475.775,-6874.725000000006,908.25,-51145.28749999998,0.6375000000000002,-0.4375,-0.0625,-0.17499999999999982,-0.4249999999999998,-0.125,0.1625,0.08749999999999991,-0.2749999999999999,0.7250000000000001,0.0125,-0.125
-20544.20000000001,93355.34999999998,3635.0,96033.975,1266.3375000000233,131114.33750000002,141671.775,-6723.725000000006,760.25,-51157.28749999998,-0.3624999999999998,-0.4375,-0.0625,0.8250000000000002,-0.4249999999999998,-0.125,0.1625,0.08749999999999991,-0.2749999999999999,0.7250000000000001,0.0125,0.875
-20348.20000000001,93714.34999999998,3851.0,96051.975,1362.3375000000233,131029.33750000002,141556.775,-6832.725000000006,592.25,-51170.28749999998,-0.3624999999999998,-0.4375,0.9375,0.8250000000000002,-0.4249999999999998,0.875,0.1625,0.08749999999999991,0.7250000000000001,0.7250000000000001,0.0125,-0.125
-20081.20000000001,93437.34999999998,3990.0,96072.975,1359.3375000000233,131106.33750000002,142047.775,-6876.725000000006,305.25,-51227.28749999998,-0.3624999999999998,-0.4375,-0.0625,-0.17499999999999982,0.5750000000000002,0.875,0.1625,0.08749999999999991,-0.2749999999999999,-0.2749999999999999,0.0125,0.875
-20127.20000000001,93197.34999999998,4064.0,96130.975,1139.3375000000233,130940.33750000002,141603.775,-6963.725000000006,30.25,-51434.28749999998,0.6375000000000002,-0.4375,0.9375,-0.17499999999999982,0.5750000000000002,-0.125,0.1625,0.08749999999999991,-0.2749999999999999,-0.2749999999999999,1.0125,-0.125
-20553.20000000001,93515.34999999998,4086.0,96280.975,1143.3375000000233,131070.33750000002,141293.775,-6744.725000000006,65.25,-51347.28749999998,-0.3624999999999998,-0.4375,-0.0625,-0.17499999999999982,-0.4249999999999998,-0.125,0.1625,0.08749999999999991,-0.2749999999999999,0.7250000000000001,0.0125,-0.125
-20363.20000000001,93758.34999999998,4099.0,96346.975,1291.3375000000233,131216.33750000002,141534.775,-6794.725000000006,-65.75,-51483.28749999998,-0.3624999999999998,-0.4375,0.9375,-0.17499999999999982,-0.4249999999999998,-0.125,0.1625,0.08749999999999991,-0.2749999999999999,-0.2749999999999999,0.0125,-0.125
-20345.20000000001,93801.34999999998,4066.0,96265.975,1139.3375000000233,131162.33750000002,141453.775,-6888.725000000006,-193.75,-51624.28749999998,-0.3624999999999998,0.5625,0.9375,-0.17499999999999982,-0.4249999999999998,0.875,-0.8375,0.08749999999999991,-0.2749999999999999,-0.2749999999999999,0.0125,-0.125
-20235.20000000001,93422.34999999998,4071.0,96250.975,1032.3375000000233,130859.33750000002,141493.775,-6850.725000000006,-57.75,-51780.28749999998,-0.3624999999999998,0.5625,-0.0625,-0.17499999999999982,0.5750000000000002,-0.125,0.1625,0.08749999999999991,-0.2749999999999999,-0.2749999999999999,-0.9875,-0.125
-20286.20000000001,93488.34999999998,4055.0,96332.975,1034.3375000000233,130759.33750000002,141592.775,-6836.725000000006,-62.75,-51776.28749999998,-0.3624999999999998,0.5625,0.9375,-1.1749999999999998,0.5750000000000002,-0.125,0.1625,0.08749999999999991,0.7250000000000001,-0.2749999999999999,0.0125,-0.125
-20338.20000000001,93573.34999999998,4240.0,96131.975,1098.3375000000233,130880.33750000002,141496.775,-6865.725000000006,-191.75,-51868.28749999998,-0.3624999999999998,-0.4375,-0.0625,-0.17499999999999982,0.5750000000000002,-1.125,0.1625,0.08749999999999991,-0.2749999999999999,-0.2749999999999999,0.0125,0.875
-20521.20000000001,93945.34999999998,4126.0,96328.975,1036.3375000000233,130665.33750000002,140856.775,-6782.725000000006,-137.75,-51974.28749999998,-0.3624999999999998,-0.4375,-0.0625,-0.17499999999999982,-0.4249999999999998,-0.125,0.1625,1.0875,-0.2749999999999999,-0.2749999999999999,0.0125,-0.125
-20422.20000000001,93750.34999999998,4072.0,96310.975,962.3375000000233,130668.33750000002,140876.775,-6929.725000000006,-144.75,-51938.28749999998,0.6375000000000002,-0.4375,-2.0625,-1.1749999999999998,-0.4249999999999998,0.875,0.1625,0.08749999999999991,-0.2749999999999999,-0.2749999999999999,0.0125,-0.125
-20453.20000000001,93178.34999999998,4016.0,96227.975,1021.3375000000233,130443.33750000002,140833.775,-6862.725000000006,-37.75,-52003.28749999998,0.6375000000000002,-0.4375,-1.0625,-1.1749999999999998,-0.4249999999999998,1.875,-0.8375,0.08749999999999991,-0.2749999999999999,-0.2749999999999999,0.0125,-0.125
-20423.20000000001,93222.34999999998,4021.0,96208.975,1160.3375000000233,130058.33750000002,140896.775,-6786.725000000006,-25.75,-51854.28749999998,-1.3624999999999998,-0.4375,2.9375,-0.17499999999999982,-0.4249999999999998,-1.125,0.1625,0.08749999999999991,-0.2749999999999999,-0.2749999999999999,-0.9875,-0.125
-20088.20000000001,93759.34999999998,3828.0,96314.975,1173.3375000000233,130604.33750000002,142877.775,-6979.725000000006,-184.75,-51811.28749999998,0.6375000000000002,-0.4375,-2.0625,0.8250000000000002,-0.4249999999999998,-0.125,0.1625,-0.9125000000000001,0.7250000000000001,-0.2749999999999999,-0.9875,-0.125
-20271.20000000001,91997.34999999998,3727.0,96236.975,1406.3375000000233,130587.33750000002,142917.775,-6979.725000000006,-14.75,-51639.28749999998,-0.3624999999999998,-0.4375,-1.0625,-1.1749999999999998,-0.4249999999999998,0.875,-0.8375,1.0875,0.7250000000000001,0.7250000000000001,-0.9875,-0.125
-19325.20000000001,89646.34999999998,3638.0,96012.975,1213.3375000000233,132299.33750000002,143989.775,-6924.725000000006,-180.75,-51840.28749999998,3.6375,2.5625,-4.0625,1.8250000000000002,-0.4249999999999998,-0.125,0.1625,0.08749999999999991,-0.2749999999999999,0.7250000000000001,-0.9875,-0.125
-15786.200000000012,89758.34999999998,3672.0,96189.975,1484.3375000000233,132062.33750000002,144076.775,-6870.725000000006,16.25,-51800.28749999998,1.6375000000000002,-3.4375,-5.0625,1.8250000000000002,-0.4249999999999998,-2.125,0.1625,0.08749999999999991,-0.2749999999999999,0.7250000000000001,0.0125,-0.125
-18948.20000000001,83035.34999999998,3145.0,96194.975,1464.3375000000233,133075.33750000002,145316.775,-6807.725000000006,-82.75,-51676.28749999998,-1.3624999999999998,-2.4375,4.9375,-1.1749999999999998,-0.4249999999999998,1.875,-0.8375,0.08749999999999991,-0.2749999999999999,-0.2749999999999999,0.0125,-0.125
-20773.20000000001,75305.34999999998,3067.0,95818.975,1172.3375000000233,134757.33750000002,147632.775,-6926.725000000006,-301.75,-51608.28749999998,0.6375000000000002,0.5625,2.9375,-0.17499999999999982,-0.4249999999999998,1.875,0.1625,0.08749999999999991,-0.2749999999999999,-0.2749999999999999,-0.9875,1.875
-18828.20000000001,79961.34999999998,3486.0,95978.975,1312.3375000000233,134046.33750000002,147331.775,-7019.725000000006,5.25,-51304.28749999998,2.6375,0.5625,-7.0625,2.825,-1.4249999999999998,-4.125,0.1625,0.08749999999999991,-0.2749999999999999,-0.2749999999999999,0.0125,-0.125
-22219.20000000001,64556.34999999998,2934.0,95214.975,74.33750000002328,133562.33750000002,144696.775,-6665.725000000006,-628.75,-52468.28749999998,-0.3624999999999998,-0.4375,2.9375,2.825,-0.4249999999999998,-4.125,0.1625,0.08749999999999991,-0.2749999999999999,-1.275,0.0125,3.875
-16408.20000000001,61954.34999999998,3106.0,96208.975,791.3375000000233,109466.33750000002,143857.775,-6604.725000000006,232.25,-52399.28749999998,-0.3624999999999998,-0.4375,0.9375,-1.1749999999999998,3.575,7.875,0.1625,0.08749999999999991,0.7250000000000001,-0.2749999999999999,-0.9875,-0.125
-16825.20000000001,54937.34999999998,3421.0,97016.975,1115.3375000000233,107676.33750000002,144226.775,-6613.725000000006,1017.25,-51167.28749999998,0.6375000000000002,-2.4375,-4.0625,1.8250000000000002,-3.425,-8.125,0.1625,0.08749999999999991,-0.2749999999999999,0.7250000000000001,0.0125,-0.125
-19893.20000000001,34289.34999999998,2033.0,95281.975,-286.6624999999767,89029.33750000002,135873.775,-5417.725000000006,-732.75,-53057.28749999998,0.6375000000000002,-4.4375,4.9375,-4.175,1.5750000000000002,3.875,-0.8375,0.08749999999999991,-0.2749999999999999,-0.2749999999999999,-0.9875,4.875
-23522.20000000001,19875.349999999977,2221.0,95721.975,-89.66249999997672,76718.33750000002,141073.775,-5402.725000000006,385.25,-52271.28749999998,1.6375000000000002,3.5625,-11.0625,-0.17499999999999982,5.575,0.875,0.1625,0.08749999999999991,-0.2749999999999999,0.7250000000000001,-1.9875,-0.125
-30510.20000000001,6101.349999999977,2159.0,96096.975,181.33750000002328,66753.33750000002,141392.775,-5465.725000000006,426.25,-51902.28749999998,-7.3625,-13.4375,47.9375,4.825,-0.4249999999999998,12.875,0.1625,0.08749999999999991,-0.2749999999999999,0.7250000000000001,1.0125,-2.125
-29930.20000000001,1781.3499999999767,1259.0,94678.975,-1395.6624999999767,62455.33750000002,130147.775,-5175.725000000006,-1476.75,-54050.28749999998,9.6375,22.5625,14.9375,8.825,16.575,20.875,0.1625,0.08749999999999991,0.7250000000000001,0.7250000000000001,-0.9875,1.875
-17205.20000000001,31907.349999999977,2018.0,96307.975,-657.6624999999767,53034.33750000002,135541.775,-5454.725000000006,-407.75,-53720.28749999998,8.6375,-2.4375,-43.0625,-18.175,3.575,2.875,-0.8375,-0.9125000000000001,-0.2749999999999999,3.725,-2.9875,-5.125
-19332.20000000001,58631.34999999998,3724.0,96881.975,-714.6624999999767,39191.33750000002,166686.775,-5073.725000000006,616.25,-52929.28749999998,-4.3625,-2.4375,1.9375,8.825,24.575,-28.125,0.1625,0.08749999999999991,0.7250000000000001,-1.275,2.0125,-4.125
-17623.20000000001,69970.34999999998,3281.0,95818.975,-1613.6624999999767,25202.337500000023,170295.775,-4891.725000000006,-508.75,-53370.28749999998,-19.3625,-2.4375,36.9375,-1.1749999999999998,10.575,-50.125,-0.8375,-0.9125000000000001,0.7250000000000001,-0.2749999999999999,-1.9875,-6.125
-26379.20000000001,37813.34999999998,1260.0,96393.975,-1336.6624999999767,17638.337500000023,172102.775,-4427.725000000006,49.25,-52469.28749999998,-1.3624999999999998,-2.4375,-21.0625,-18.175,1.5750000000000002,-77.125,0.1625,1.0875,-0.2749999999999999,-2.275,-8.9875,-6.125
-28293.20000000001,42525.34999999998,2407.0,95644.975,-741.6624999999767,17577.337500000023,174019.775,-3428.725000000006,2.25,-53832.28749999998,5.6375,-31.4375,-75.0625,-1.1749999999999998,2.575,-72.125,-0.8375,1.0875,-1.275,-0.2749999999999999,-1.9875,14.875
-34544.20000000001,48412.34999999998,2230.0,96129.975,-458.6624999999767,6144.337500000023,164745.775,-3881.725000000006,-542.75,-53172.28749999998,6.6375,-5.4375,-11.0625,0.8250000000000002,6.575,-83.125,0.1625,0.08749999999999991,-0.2749999999999999,-8.275,-12.9875,9.875
-37668.20000000001,45414.34999999998,1866.0,96506.975,588.3375000000233,12473.337500000023,171094.775,-5000.725000000006,646.25,-52051.28749999998,13.6375,-1.4375,16.9375,37.825,-10.425,-22.125,0.1625,1.0875,-0.2749999999999999,-7.275,-1.9875,22.875
-44033.20000000001,63072.34999999998,2474.0,95810.975,1113.3375000000233,5503.337500000023,188947.775,-4903.725000000006,-806.75,-53631.28749999998,-14.3625,17.5625,52.9375,-25.175,4.575,-9.125,0.1625,1.0875,-0.2749999999999999,1.725,1.0125,18.875
-58333.20000000001,80864.34999999998,2521.0,96453.975,3565.3375000000233,4064.3375000000233,177189.775,-5562.725000000006,-214.75,-51875.28749999998,-2.3625,-32.4375,4.9375,6.825,-32.425,11.875,0.1625,0.08749999999999991,0.7250000000000001,-1.275,-1.9875,2.875
-57974.20000000001,75254.34999999998,3154.0,96560.975,3701.3375000000233,-5688.662499999977,173759.775,-5176.725000000006,340.25,-52547.28749999998,-5.3625,11.5625,16.9375,-1.1749999999999998,11.575,13.875,-0.8375,1.0875,-1.275,3.725,-2.9875,9.875
-56608.20000000001,56833.34999999998,1473.0,96324.975,5256.337500000023,-11805.662499999977,180209.775,-5011.725000000006,287.25,-52552.28749999998,21.6375,19.5625,-38.0625,10.825,8.575,-9.125,0.1625,-0.9125000000000001,1.725,-6.275,-4.9875,-1.125
-59538.20000000001,53675.34999999998,1513.0,95522.975,4478.337500000023,-19970.662499999977,191174.775,-4777.725000000006,-1451.75,-53272.28749999998,-11.3625,-28.4375,7.9375,-10.175,-23.425,13.875,0.1625,0.08749999999999991,0.7250000000000001,0.7250000000000001,5.0125,2.875
-71692.20000000001,68237.34999999998,2658.0,98091.975,6309.337500000023,-29607.662499999977,190629.775,-6738.725000000006,1657.25,-49269.28749999998,17.6375,1.5625,-21.0625,0.8250000000000002,-8.425,6.875,0.1625,0.08749999999999991,-1.275,5.725,1.0125,4.875
-71566.20000000001,37566.34999999998,3195.0,95938.975,3531.3375000000233,-26147.662499999977,160023.775,-5708.725000000006,-1005.75,-51850.28749999998,3.6375,-17.4375,9.9375,6.825,2.575,-2.125,0.1625,-0.9125000000000001,-0.2749999999999999,-3.275,-3.9875,-13.125
-35811.20000000001,637.3499999999767,2639.0,95348.975,2610.3375000000233,3170.3375000000233,78090.775,-6361.725000000006,-526.75,-53810.28749999998,-4.3625,-8.4375,14.9375,4.825,-24.425,-6.125,-0.8375,-0.9125000000000001,-0.2749999999999999,1.725,4.0125,-0.125
-27624.20000000001,663.3499999999767,5024.0,96429.975,2838.3375000000233,10652.337500000023,9693.774999999994,-12992.725000000006,349.25,-53575.28749999998,40.6375,-101.4375,-166.0625,-103.175,5.575,-297.125,-0.8375,-0.9125000000000001,-0.2749999999999999,-0.2749999999999999,14.0125,2.875
-16069.200000000012,9081.349999999977,6040.0,97725.975,4871.337500000023,27619.337500000023,5777.774999999994,-18590.725000000006,2256.25,-50455.28749999998,-31.3625,42.5625,250.9375,21.825,-115.425,108.875,-0.8375,0.08749999999999991,-0.2749999999999999,8.725,1.0125,-33.125
72014.79999999999,209534.34999999998,17192.0,95482.975,46.33750000002328,247062.33750000002,154967.775,-52219.725000000006,-2661.75,-55443.28749999998,125.6375,-121.4375,-99.0625,249.825,-56.425,141.875,-0.8375,4.0875,-1.275,-5.275,21.0125,-3.125
73067.79999999999,390090.35,27379.0,93367.975,3314.3375000000233,529557.3375,346828.775,-118239.725,-1208.75,-43524.28749999998,-3.3625,-24.4375,23.9375,-72.175,-1.4249999999999998,-82.125,1.1625,-4.9125,8.725,36.725,-6.9875,9.875
57745.79999999999,208759.34999999998,18708.0,96295.975,1798.3375000000233,298309.3375,138996.775,-123196.725,5232.25,-31413.287499999977,31.6375,4.5625,-134.0625,99.825,92.575,-47.125,1.1625,-1.9125,2.725,-36.275,-21.9875,-35.125
40849.79999999999,271025.35,39207.0,90691.975,9376.337500000023,-70555.66249999998,135171.775,-106392.725,-11499.75,-42147.28749999998,-31.3625,10.5625,15.9375,-117.175,26.575,-9.125,1.1625,-0.9125000000000001,4.725,15.725,-50.9875,7.875
11409.799999999988,313412.35,41054.0,95922.975,2859.3375000000233,66272.33750000002,203243.775,-58909.725000000006,1076.25,-34133.28749999998,39.6375,16.5625,-13.0625,96.825,21.575,-79.125,-0.8375,1.0875,-2.275,2.725,0.0125,-1.125
-24091.20000000001,62837.34999999998,32949.0,102643.975,4916.337500000023,31623.337500000023,124947.775,-33523.725000000006,9674.25,-16940.287499999977,2.6375,46.5625,-43.0625,11.825,47.575,-2.125,0.1625,0.08749999999999991,0.7250000000000001,14.725,-4.9875,-16.125
-24395.20000000001,16242.349999999977,24940.0,98047.975,4602.337500000023,13294.337500000023,21313.774999999994,-31685.725000000006,-807.75,-32750.287499999977,-0.3624999999999998,-4.4375,11.9375,-7.175,-1.4249999999999998,2.875,0.1625,1.0875,-0.2749999999999999,-3.275,15.0125,-13.125
-40810.20000000001,2218.3499999999767,4154.0,110324.975,26596.337500000023,-11952.662499999977,-3502.225000000006,-7684.725000000006,61533.25,-13616.287499999977,6.6375,6.5625,13.9375,-0.17499999999999982,4.575,36.875,-0.8375,0.08749999999999991,1.725,23.725,-29.9875,12.875
-43866.20000000001,2832.3499999999767,4977.0,296550.975,67370.33750000002,-14225.662499999977,3007.774999999994,-11904.725000000006,212389.25,71266.71250000002,-9.3625,-7.4375,19.9375,-3.175,-4.425,9.875,-1.8375,-2.9125,-1.275,-26.275,-22.9875,-31.125
-40058.20000000001,1564.3499999999767,3635.0,313091.975,144073.33750000002,-9910.662499999977,4487.774999999994,-8964.725000000006,207861.25,62483.71250000002,-23.3625,-19.4375,77.9375,-32.175,-80.425,26.875,-0.8375,-1.9125,1.725,33.725,-22.9875,10.875
-36902.20000000001,19808.349999999977,1109.0,307026.975,173618.33750000002,-10014.662499999977,109552.775,-5729.725000000006,178423.25,34613.71250000002,15.6375,13.5625,28.9375,21.825,-1.4249999999999998,-20.125,0.1625,2.0875,2.725,-31.275,5.0125,-21.125
-58990.20000000001,175386.34999999998,3197.0,285497.975,127115.33750000002,-13689.662499999977,271303.775,-8591.725000000006,188431.25,37712.71250000002,14.6375,1.5625,-6.0625,1.8250000000000002,9.575,-19.125,-0.8375,-0.9125000000000001,-0.2749999999999999,-21.275,-9.9875,-1.125
-98133.20000000001,254571.34999999998,17243.0,244747.975,89618.33750000002,-15155.662499999977,208169.775,-6488.725000000006,182809.25,60281.71250000002,-0.3624999999999998,-24.4375,4.9375,5.825,-0.4249999999999998,-76.125,-0.8375,-0.9125000000000001,-1.275,20.725,6.0125,10.875
-104267.20000000001,197155.34999999998,5857.0,282078.975,101131.33750000002,-23921.662499999977,202350.775,-5921.725000000006,156510.25,37902.71250000002,-1.3624999999999998,17.5625,3.9375,-38.175,-24.425,-43.125,0.1625,0.08749999999999991,2.725,0.7250000000000001,-5.9875,-31.125
-140563.2,261545.34999999998,11304.0,348446.975,93550.33750000002,-22191.662499999977,249765.775,-7913.725000000006,184825.25,40798.71250000002,-6.3625,11.5625,55.9375,-8.175,0.5750000000000002,-7.125,-1.8375,-0.9125000000000001,-1.275,11.725,17.0125,-19.125
-137589.2,223043.34999999998,11553.0,311856.975,72487.33750000002,-26512.662499999977,232978.775,-8597.725000000006,183660.25,46375.71250000002,-6.3625,15.5625,-2.0625,-10.175,-15.425,-7.125,0.1625,-0.9125000000000001,1.725,15.725,-13.9875,-26.125
-114315.20000000001,173238.34999999998,6825.0,263162.975,87760.33750000002,-13961.662499999977,151061.775,-5751.725000000006,173435.25,28495.712500000023,9.6375,6.5625,-8.0625,26.825,-0.4249999999999998,-9.125,-0.8375,1.0875,-1.275,-1.275,3.0125,5.875
-109572.20000000001,165991.34999999998,1413.0,257085.975,63989.33750000002,-21977.662499999977,142100.775,-7368.725000000006,152128.25,18232.712500000023,-1.3624999999999998,10.5625,6.9375,-18.175,-7.425,32.875,0.1625,0.08749999999999991,1.725,15.725,2.0125,21.875
-93432.20000000001,109707.34999999998,1728.0,243508.975,53532.33750000002,-27169.662499999977,142276.775,-7779.725000000006,141240.25,11509.712500000023,-8.3625,-5.4375,2.9375,8.825,-1.4249999999999998,-16.125,-0.8375,0.08749999999999991,0.7250000000000001,-12.275,3.0125,-7.125
-83031.20000000001,100750.34999999998,-1496.0,224499.975,53760.33750000002,-16317.662499999977,80297.775,-7578.725000000006,150943.25,3633.7125000000233,-5.3625,-5.4375,12.9375,-2.175,9.575,-11.125,-0.8375,0.08749999999999991,-0.2749999999999999,9.725,14.0125,18.875
-71021.20000000001,93757.34999999998,-3775.0,228963.975,58319.33750000002,-10931.662499999977,52886.774999999994,-6511.725000000006,135377.25,-7435.287499999977,0.6375000000000002,2.5625,7.9375,-1.1749999999999998,-1.4249999999999998,1.875,0.1625,0.08749999999999991,0.7250000000000001,11.725,-16.9875,14.875
-93604.20000000001,76461.34999999998,-1145.0,225151.975,61299.33750000002,-11535.662499999977,64918.774999999994,-7144.725000000006,125051.25,-10775.287499999977,16.6375,1.5625,-14.0625,4.825,-0.4249999999999998,3.875,0.1625,1.0875,1.725,60.725,1.0125,35.875
-132496.2,137169.34999999998,2917.0,256932.975,56928.33750000002,-16979.662499999977,102917.775,-7295.725000000006,148408.25,2919.7125000000233,8.6375,-20.4375,-18.0625,2.825,-0.4249999999999998,-8.125,-0.8375,1.0875,-1.275,-67.275,10.0125,-38.125
-120816.20000000001,157711.34999999998,3421.0,268943.975,64487.33750000002,-16958.662499999977,142089.775,-6542.725000000006,171929.25,-1807.2874999999767,-4.3625,7.5625,14.9375,-7.175,-8.425,-2.125,0.1625,-1.9125,1.725,73.725,-6.9875,42.875
-129696.20000000001,181411.34999999998,3841.0,266096.975,39141.33750000002,-14503.662499999977,167996.775,-4303.725000000006,169793.25,-1368.2874999999767,4.6375,-7.4375,-2.0625,-4.175,-3.425,0.875,-0.8375,0.08749999999999991,-0.2749999999999999,14.725,-3.9875,18.875
-141911.2,193353.34999999998,5622.0,269445.975,63725.33750000002,-19906.662499999977,194847.775,-6162.725000000006,165822.25,8002.712500000023,2.6375,2.5625,10.9375,3.825,-13.425,-8.125,0.1625,-0.9125000000000001,1.725,24.725,-1.9875,3.875
-144586.2,202052.34999999998,7374.0,270520.975,23169.337500000023,-23927.662499999977,199454.775,-6731.725000000006,163126.25,2465.7125000000233,-2.3625,-0.4375,8.9375,-1.1749999999999998,-0.4249999999999998,-13.125,-0.8375,0.08749999999999991,-0.2749999999999999,-20.275,0.0125,-21.125
-140156.2,209251.34999999998,7357.0,272234.975,88277.33750000002,-19792.662499999977,186855.775,-6241.725000000006,170065.25,-6949.287499999977,-3.3625,0.5625,7.9375,5.825,8.575,-0.125,0.1625,-0.9125000000000001,-0.2749999999999999,2.725,-0.9875,-4.125
-114446.20000000001,182185.34999999998,8099.0,271907.975,8027.337500000023,-20885.662499999977,172156.775,-5660.725000000006,158706.25,7328.712500000023,11.6375,-1.4375,-11.0625,-0.17499999999999982,2.575,10.875,0.1625,1.0875,0.7250000000000001,1.725,1.0125,-9.125
-120481.20000000001,176396.34999999998,7757.0,261519.975,27872.337500000023,-26144.662499999977,165898.775,-6304.725000000006,148326.25,5825.712500000023,-1.3624999999999998,-2.4375,-1.0625,6.825,3.575,-6.125,0.1625,1.0875,-0.2749999999999999,2.725,1.0125,-1.125
-112141.20000000001,171770.34999999998,7020.0,240054.975,41001.33750000002,-27712.662499999977,165272.775,-6481.725000000006,141223.25,-6867.287499999977,-0.3624999999999998,-1.4375,-0.0625,-3.175,1.5750000000000002,1.875,0.1625,0.08749999999999991,0.7250000000000001,-0.2749999999999999,2.0125,-1.125
-93189.20000000001,150048.34999999998,5345.0,246168.975,41160.33750000002,-18027.662499999977,151290.775,-6432.725000000006,152469.25,-7362.287499999977,-0.3624999999999998,0.5625,3.9375,0.8250000000000002,4.575,3.875,0.1625,0.08749999999999991,0.7250000000000001,1.725,1.0125,4.875
-90503.20000000001,141580.34999999998,4526.0,258349.975,45849.33750000002,-20490.662499999977,126199.775,-7208.725000000006,169973.25,-3187.2874999999767,-0.3624999999999998,-2.4375,3.9375,0.8250000000000002,0.5750000000000002,-1.125,0.1625,0.08749999999999991,-0.2749999999999999,-1.275,-1.9875,-3.125
-90091.20000000001,139017.34999999998,4401.0,258170.975,47971.33750000002,-24788.662499999977,133251.775,-7259.725000000006,145643.25,-5715.287499999977,-0.3624999999999998,0.5625,-2.0625,-2.175,-5.425,-6.125,-0.8375,0.08749999999999991,-0.2749999999999999,1.725,-0.9875,-4.125
-95120.20000000001,155877.34999999998,4432.0,242209.975,41408.33750000002,-25516.662499999977,138968.775,-6843.725000000006,145002.25,-5775.287499999977,1.6375000000000002,-0.4375,-2.0625,-0.17499999999999982,-2.425,0.875,-0.8375,0.08749999999999991,-0.2749999999999999,-1.275,0.0125,1.875
-115159.20000000001,169632.34999999998,6108.0,252413.975,30892.337500000023,-26627.662499999977,156994.775,-6671.725000000006,150955.25,7161.712500000023,-0.3624999999999998,-1.4375,1.9375,1.8250000000000002,-2.425,-5.125,0.1625,0.08749999999999991,-0.2749999999999999,1.725,0.0125,-1.125
-117882.20000000001,177533.34999999998,6482.0,251485.975,28329.337500000023,-23241.662499999977,165741.775,-6279.725000000006,151264.25,8092.712500000023,0.6375000000000002,1.5625,-1.0625,-1.1749999999999998,0.5750000000000002,-0.125,0.1625,0.08749999999999991,0.7250000000000001,-0.2749999999999999,0.0125,-1.125
-116642.20000000001,178609.34999999998,6254.0,247639.975,25577.337500000023,-22827.662499999977,173268.775,-5755.725000000006,143482.25,8648.712500000023,3.6375,-0.4375,-1.0625,-0.17499999999999982,0.5750000000000002,3.875,0.1625,0.08749999999999991,0.7250000000000001,1.725,-0.9875,2.875
-125180.20000000001,188416.34999999998,6825.0,241854.975,24875.337500000023,-24426.662499999977,179261.775,-5734.725000000006,144402.25,11654.712500000023,-0.3624999999999998,0.5625,5.9375,1.8250000000000002,1.5750000000000002,-1.125,-0.8375,0.08749999999999991,-0.2749999999999999,0.7250000000000001,1.0125,-0.125
-128638.20000000001,193237.34999999998,7727.0,242676.975,22832.337500000023,-25241.662499999977,184096.775,-5702.725000000006,143767.25,13647.712500000023,-0.3624999999999998,-0.4375,-2.0625,-2.175,0.5750000000000002,-0.125,0.1625,0.08749999999999991,-0.2749999999999999,0.7250000000000001,0.0125,-1.125
-123561.20000000001,189672.34999999998,7371.0,249590.975,21095.337500000023,-25178.662499999977,179783.775,-5454.725000000006,142930.25,12685.712500000023,-0.3624999999999998,0.5625,0.9375,0.8250000000000002,0.5750000000000002,-1.125,0.1625,-0.9125000000000001,-0.2749999999999999,-0.2749999999999999,0.0125,-1.125
-115267.20000000001,181930.34999999998,7381.0,246918.975,20553.337500000023,-23930.662499999977,171338.775,-5212.725000000006,139241.25,12097.712500000023,-0.3624999999999998,-0.4375,0.9375,-1.1749999999999998,0.5750000000000002,-0.125,0.1625,-0.9125000000000001,0.7250000000000001,-0.2749999999999999,0.0125,-0.125
-110034.20000000001,175904.34999999998,7602.0,239919.975,20778.337500000023,-24950.662499999977,167056.775,-5516.725000000006,137805.25,11961.712500000023,1.6375000000000002,0.5625,-2.0625,0.8250000000000002,-1.4249999999999998,-3.125,0.1625,0.08749999999999991,-0.2749999999999999,0.7250000000000001,0.0125,-2.125
-112529.20000000001,175463.34999999998,7411.0,236835.975,19851.337500000023,-26075.662499999977,164899.775,-5742.725000000006,136608.25,8724.712500000023,-0.3624999999999998,-0.4375,-1.0625,-1.1749999999999998,-1.4249999999999998,-1.125,0.1625,-0.9125000000000001,0.7250000000000001,-0.2749999999999999,0.0125,0.875
-111808.20000000001,173112.34999999998,7033.0,240461.975,18601.337500000023,-25978.662499999977,163616.775,-5664.725000000006,143509.25,7474.712500000023,-0.3624999999999998,-0.4375,1.9375,0.8250000000000002,-0.4249999999999998,-0.125,0.1625,0.08749999999999991,-0.2749999999999999,-0.2749999999999999,0.0125,1.875
-111205.20000000001,172195.34999999998,6965.0,248565.975,18480.337500000023,-26302.662499999977,163407.775,-5857.725000000006,150955.25,9069.712500000023,0.6375000000000002,-0.4375,-0.0625,-0.17499999999999982,-0.4249999999999998,-2.125,0.1625,0.08749999999999991,-0.2749999999999999,-0.2749999999999999,-0.9875,0.875
-113548.20000000001,173970.34999999998,7063.0,253842.975,18733.337500000023,-27001.662499999977,163861.775,-6063.725000000006,154611.25,10626.712500000023,-0.3624999999999998,-0.4375,-0.0625,0.8250000000000002,-0.4249999999999998,-1.125,0.1625,0.08749999999999991,-0.2749999999999999,0.7250000000000001,0.0125,-1.125
-116177.20000000001,175877.34999999998,6874.0,246948.975,18677.337500000023,-27375.662499999977,164717.775,-6058.725000000006,150920.25,9374.712500000023,-0.3624999999999998,0.5625,0.9375,-0.17499999999999982,-0.4249999999999998,0.875,0.1625,0.08749999999999991,-0.2749999999999999,-0.2749999999999999,0.0125,0.875
-114892.20000000001,173540.34999999998,6745.0,244008.975,19555.337500000023,-26327.662499999977,162943.775,-5855.725000000006,145210.25,7562.712500000023,-0.3624999999999998,-0.4375,0.9375,0.8250000000000002,-0.4249999999999998,-0.125,0.1625,0.08749999999999991,-0.2749999999999999,-0.2749999999999999,0.0125,0.875
-109812.20000000001,170006.34999999998,6981.0,245327.975,20312.337500000023,-25320.662499999977,161707.775,-6124.725000000006,147368.25,-334139.2875,0.6375000000000002,-0.4375,0.9375,-0.17499999999999982,0.5750000000000002,-1.125,0.1625,0.08749999999999991,-0.2749999999999999,0.7250000000000001,0.0125,-2.125
-113156.20000000001,171691.34999999998,7204.0,247239.975,20622.337500000023,-25860.662499999977,162880.775,-6071.725000000006,149403.25,3597474.7125,-0.3624999999999998,-0.4375,-0.0625,0.8250000000000002,0.5750000000000002,-2.125,0.1625,0.08749999999999991,-0.2749999999999999,-0.2749999999999999,0.0125,0.875
-115845.20000000001,178145.34999999998,7321.0,246031.975,21789.337500000023,-26455.662499999977,167455.775,-5929.725000000006,143653.25,10438.712500000023,-0.3624999999999998,0.5625,-1.0625,-0.17499999999999982,-0.4249999999999998,-1.125,0.1625,0.08749999999999991,-0.2749999999999999,-0.2749999999999999,-0.9875,0.875
-114022.20000000001,177755.34999999998,7521.0,245526.975,21727.337500000023,-25613.662499999977,166834.775,-5945.725000000006,143701.25,11424.712500000023,0.6375000000000002,-0.4375,-1.0625,-0.17499999999999982,-1.4249999999999998,-1.125,0.1625,0.08749999999999991,-0.2749999999999999,-0.2749999999999999,0.0125,-0.125
-112531.20000000001,174656.34999999998,7610.0,245486.975,21417.337500000023,-24979.662499999977,165157.775,-5855.725000000006,146519.25,12864.712500000023,-0.3624999999999998,-1.4375,0.9375,0.8250000000000002,-1.4249999999999998,-2.125,0.1625,0.08749999999999991,-0.2749999999999999,-0.2749999999999999,0.0125,0.875
-112300.20000000001,174785.34999999998,7634.0,244824.975,21436.337500000023,-24571.662499999977,165681.775,-5901.725000000006,145543.25,12790.712500000023,0.6375000000000002,0.5625,-0.0625,-0.17499999999999982,-0.4249999999999998,-0.125,0.1625,-0.9125000000000001,-0.2749999999999999,0.7250000000000001,0.0125,0.875
-112689.20000000001,175246.34999999998,7827.0,245422.975,21554.337500000023,-24651.662499999977,165645.775,-5965.725000000006,145945.25,11825.712500000023,1.6375000000000002,-0.4375,-2.0625,0.8250000000000002,-1.4249999999999998,-0.125,0.1625,0.08749999999999991,0.7250000000000001,0.7250000000000001,0.0125,0.875
-113502.20000000001,175366.34999999998,7890.0,247030.975,21416.337500000023,-24429.662499999977,164453.775,-6021.725000000006,148202.25,12303.712500000023,-0.3624999999999998,-0.4375,-0.0625,-0.17499999999999982,-1.4249999999999998,0.875,0.1625,1.0875,-0.2749999999999999,0.7250000000000001,-0.9875,0.875
-112785.20000000001,174412.34999999998,7871.0,247582.975,21042.337500000023,-24158.662499999977,163295.775,-6093.725000000006,149728.25,12526.712500000023,0.6375000000000002,-1.4375,-0.0625,0.8250000000000002,-0.4249999999999998,-1.125,-0.8375,1.0875,0.7250000000000001,-0.2749999999999999,0.0125,0.875
-112060.20000000001,173584.34999999998,8038.0,246716.975,21411.337500000023,-24049.662499999977,163256.775,-6122.725000000006,148397.25,11915.712500000023,1.6375000000000002,-0.4375,-1.0625,0.8250000000000002,-1.4249999999999998,-1.125,0.1625,0.08749999999999991,0.7250000000000001,0.7250000000000001,0.0125,-0.125
-113054.20000000001,174689.34999999998,8236.0,246018.975,21171.337500000023,-24072.662499999977,164273.775,-6154.725000000006,147435.25,12239.712500000023,0.6375000000000002,-0.4375,-0.0625,-0.17499999999999982,0.5750000000000002,-0.125,-0.8375,0.08749999999999991,-0.2749999999999999,-0.2749999999999999,0.0125,-0.125
-113550.20000000001,175249.34999999998,8501.0,246424.975,21370.337500000023,-24478.662499999977,164758.775,-6073.725000000006,147185.25,12854.712500000023,0.6375000000000002,0.5625,-0.0625,-0.17499999999999982,0.5750000000000002,-0.125,0.1625,-0.9125000000000001,-0.2749999999999999,-0.2749999999999999,0.0125,-0.125
-113827.20000000001,175866.34999999998,8541.0,246216.975,21816.337500000023,-24625.662499999977,165178.775,-5887.725000000006,145793.25,11901.712500000023,0.6375000000000002,0.5625,-1.0625,-0.17499999999999982,0.5750000000000002,-1.125,0.1625,0.08749999999999991,-0.2749999999999999,-0.2749999999999999,0.0125,-0.125
-114275.20000000001,176682.34999999998,8579.0,245948.975,21420.337500000023,-24647.662499999977,165072.775,-5797.725000000006,145065.25,11810.712500000023,-0.3624999999999998,0.5625,-0.0625,-0.17499999999999982,0.5750000000000002,0.875,0.1625,0.08749999999999991,0.7250000000000001,-0.2749999999999999,0.0125,-0.125
-113432.20000000001,175204.34999999998,8718.0,245941.975,21609.337500000023,-24782.662499999977,163927.775,-5892.725000000006,146305.25,11995.712500000023,0.6375000000000002,0.5625,-1.0625,-0.17499999999999982,0.5750000000000002,-0.125,0.1625,0.08749999999999991,-0.2749999999999999,-0.2749999999999999,0.0125,-0.125
-113729.20000000001,175548.34999999998,8691.0,245818.975,21570.337500000023,-24951.662499999977,164271.775,-5733.725000000006,146327.25,11502.712500000023,0.6375000000000002,-0.4375,-0.0625,-0.17499999999999982,-0.4249999999999998,-1.125,0.1625,0.08749999999999991,-0.2749999999999999,0.7250000000000001,0.0125,-0.125
-114407.20000000001,176154.34999999998,8357.0,246133.975,21249.337500000023,-24877.662499999977,164584.775,-5814.725000000006,146624.25,11287.712500000023,0.6375000000000002,-0.4375,-0.0625,-0.17499999999999982,0.5750000000000002,-0.125,0.1625,0.08749999999999991,0.7250000000000001,-0.2749999999999999,0.0125,-0.125
-114329.20000000001,175922.34999999998,8403.0,246195.975,21017.337500000023,-24928.662499999977,164295.775,-5927.725000000006,147019.25,11552.712500000023,-0.3624999999999998,-0.4375,-0.0625,0.8250000000000002,-1.4249999999999998,-0.125,0.1625,0.08749999999999991,-0.2749999999999999,-0.2749999999999999,0.0125,0.875
-113589.20000000001,175194.34999999998,8349.0,245785.975,21416.337500000023,-25038.662499999977,164264.775,-5916.725000000006,146919.25,11611.712500000023,-0.3624999999999998,-0.4375,-0.0625,0.8250000000000002,-0.4249999999999998,-0.125,0.1625,0.08749999999999991,0.7250000000000001,-0.2749999999999999,0.0125,-0.125
-113182.20000000001,175030.34999999998,8172.0,245295.975,21641.337500000023,-24593.662499999977,164646.775,-5780.725000000006,145981.25,11322.712500000023,0.6375000000000002,0.5625,-0.0625,-0.17499999999999982,-0.4249999999999998,-0.125,-0.8375,0.08749999999999991,-0.2749999999999999,-0.2749999999999999,-0.9875,-0.125
-113542.20000000001,175180.34999999998,8191.0,245041.975,21668.337500000023,-24783.662499999977,164894.775,-5963.725000000006,146125.25,11500.712500000023,-0.3624999999999998,0.5625,0.9375,-0.17499999999999982,-0.4249999999999998,-0.125,0.1625,0.08749999999999991,-0.2749999999999999,-0.2749999999999999,0.0125,-0.125
-113838.20000000001,175436.34999999998,8227.0,245070.975,21787.337500000023,-25026.662499999977,165340.775,-5855.725000000006,146473.25,11908.712500000023,-0.3624999999999998,-0.4375,-0.0625,-0.17499999999999982,-0.4249999999999998,-0.125,0.1625,0.08749999999999991,-0.2749999999999999,-0.2749999999999999,0.0125,-0.125
-114150.20000000001,176352.34999999998,8281.0,245559.975,21823.337500000023,-25064.662499999977,165307.775,-5816.725000000006,146210.25,11776.712500000023,-0.3624999999999998,0.5625,-0.0625,-0.17499999999999982,-0.4249999999999998,-0.125,0.1625,0.08749999999999991,-0.2749999999999999,-0.2749999999999999,0.0125,-0.125
-114175.20000000001,176320.34999999998,8381.0,245265.975,21810.337500000023,-24934.662499999977,164880.775,-5967.725000000006,145530.25,11373.712500000023,-0.3624999999999998,-0.4375,-0.0625,-0.17499999999999982,-0.4249999999999998,-0.125,0.1625,0.08749999999999991,0.7250000000000001,-0.2749999999999999,0.0125,-0.125
-114064.20000000001,175861.34999999998,8468.0,245090.975,21719.337500000023,-24956.662499999977,164576.775,-5925.725000000006,145216.25,11705.712500000023,0.6375000000000002,-0.4375,-1.0625,-0.17499999999999982,-0.4249999999999998,-0.125,0.1625,0.08749999999999991,-0.2749999999999999,0.7250000000000001,0.0125,-1.125
-114208.20000000001,175968.34999999998,8408.0,245402.975,21634.337500000023,-24952.662499999977,164593.775,-6016.725000000006,146224.25,11657.712500000023,0.6375000000000002,-0.4375,-1.0625,0.8250000000000002,-0.4249999999999998,-1.125,0.1625,0.08749999999999991,-0.2749999999999999,0.7250000000000001,0.0125,-0.125
-114388.20000000001,176306.34999999998,8435.0,245445.975,21660.337500000023,-24943.662499999977,164900.775,-6002.725000000006,146083.25,11590.712500000023,0.6375000000000002,-0.4375,-0.0625,0.8250000000000002,-0.4249999999999998,-0.125,-0.8375,0.08749999999999991,-0.2749999999999999,0.7250000000000001,0.0125,0.875
-114443.20000000001,176310.34999999998,8337.0,245200.975,21659.337500000023,-24884.662499999977,164543.775,-5966.725000000006,145988.25,11468.712500000023,0.6375000000000002,-0.4375,-0.0625,0.8250000000000002,-0.4249999999999998,-0.125,-0.8375,0.08749999999999991,-0.2749999999999999,0.7250000000000001,0.0125,-0.125
-114184.20000000001,176061.34999999998,8367.0,245183.975,21517.337500000023,-24750.662499999977,163901.775,-6005.725000000006,146297.25,11468.712500000023,0.6375000000000002,-0.4375,-0.0625,-0.17499999999999982,-0.4249999999999998,-1.125,-0.8375,0.08749999999999991,-0.2749999999999999,0.7250000000000001,0.0125,-0.125
-114123.20000000001,175780.34999999998,8247.0,245408.975,21402.337500000023,-24718.662499999977,163711.775,-5990.725000000006,146591.25,11427.712500000023,0.6375000000000002,-0.4375,-1.0625,0.8250000000000002,-0.4249999999999998,-0.125,0.1625,-0.9125000000000001,-0.2749999999999999,0.7250000000000001,0.0125,-0.125
-114089.20000000001,175816.34999999998,8248.0,245166.975,21507.337500000023,-24660.662499999977,163688.775,-6045.725000000006,146331.25,11298.712500000023,0.6375000000000002,0.5625,-1.0625,-0.17499999999999982,-0.4249999999999998,-0.125,-0.8375,1.0875,-0.2749999999999999,-0.2749999999999999,0.0125,-1.125
-114170.20000000001,175797.34999999998,8252.0,245071.975,21423.337500000023,-24536.662499999977,163781.775,-5916.725000000006,146650.25,11211.712500000023,0.6375000000000002,0.5625,-1.0625,0.8250000000000002,-0.4249999999999998,-2.125,-0.8375,0.08749999999999991,-0.2749999999999999,-0.2749999999999999,0.0125,-0.125
-114269.20000000001,175869.34999999998,8314.0,245277.975,21374.337500000023,-24839.662499999977,163784.775,-6021.725000000006,147008.25,11367.712500000023,-0.3624999999999998,-0.4375,0.9375,0.8250000000000002,-0.4249999999999998,-1.125,0.1625,1.0875,-0.2749999999999999,-0.2749999999999999,0.0125,-0.125
-114470.20000000001,176180.34999999998,8252.0,245433.975,21415.337500000023,-24864.662499999977,163782.775,-6076.725000000006,146876.25,11184.712500000023,-0.3624999999999998,0.5625,0.9375,-0.17499999999999982,0.5750000000000002,0.875,0.1625,0.08749999999999991,-0.2749999999999999,0.7250000000000001,0.0125,0.875
-114584.20000000001,176332.34999999998,8244.0,245294.975,21675.337500000023,-24937.662499999977,164128.775,-6044.725000000006,146347.25,11096.712500000023,-0.3624999999999998,0.5625,0.9375,-0.17499999999999982,0.5750000000000002,-0.125,-0.8375,0.08749999999999991,-0.2749999999999999,0.7250000000000001,0.0125,-0.125
-114503.20000000001,176710.34999999998,8391.0,244992.975,21655.337500000023,-25062.662499999977,163877.775,-5919.725000000006,146047.25,11381.712500000023,0.6375000000000002,-0.4375,0.9375,-0.17499999999999982,-0.4249999999999998,-0.125,0.1625,0.08749999999999991,-0.2749999999999999,-0.2749999999999999,0.0125,-0.125
-114579.20000000001,176667.34999999998,8546.0,244791.975,21753.337500000023,-24825.662499999977,164179.775,-5937.725000000006,146236.25,11364.712500000023,-0.3624999999999998,0.5625,0.9375,-0.17499999999999982,-0.4249999999999998,0.875,-0.8375,0.08749999999999991,-0.2749999999999999,-0.2749999999999999,0.0125,-0.125
-114575.20000000001,176475.34999999998,8443.0,244648.975,21748.337500000023,-25056.662499999977,164595.775,-5859.725000000006,146102.25,11259.712500000023,-0.3624999999999998,0.5625,-1.0625,-0.17499999999999982,-0.4249999999999998,-0.125,0.1625,0.08749999999999991,-0.2749999999999999,0.7250000000000001,0.0125,-0.125
-114543.20000000001,176350.34999999998,8365.0,244629.975,21622.337500000023,-24935.662499999977,164368.775,-5983.725000000006,146309.25,11246.712500000023,0.6375000000000002,0.5625,-0.0625,-0.17499999999999982,-0.4249999999999998,-0.125,0.1625,-0.9125000000000001,-0.2749999999999999,-0.2749999999999999,0.0125,-0.125
-114321.20000000001,175887.34999999998,8278.0,244734.975,21564.337500000023,-24859.662499999977,163606.775,-6066.725000000006,146426.25,11253.712500000023,0.6375000000000002,0.5625,-0.0625,-0.17499999999999982,-0.4249999999999998,-0.125,0.1625,0.08749999999999991,0.7250000000000001,-0.2749999999999999,0.0125,-1.125
-114163.20000000001,175347.34999999998,8252.0,244839.975,21545.337500000023,-24890.662499999977,163320.775,-6001.725000000006,146635.25,11046.712500000023,0.6375000000000002,-0.4375,-0.0625,-0.17499999999999982,-0.4249999999999998,-0.125,0.1625,0.08749999999999991,-0.2749999999999999,-0.2749999999999999,0.0125,-1.125
-114316.20000000001,175518.34999999998,8313.0,244898.975,21461.337500000023,-24922.662499999977,163673.775,-6086.725000000006,146960.25,10786.712500000023,-0.3624999999999998,-0.4375,-0.0625,-0.17499999999999982,-0.4249999999999998,-0.125,0.1625,0.08749999999999991,-0.2749999999999999,-0.2749999999999999,0.0125,-0.125
-114777.20000000001,175842.34999999998,8327.0,245051.975,21452.337500000023,-24973.662499999977,163812.775,-6110.725000000006,147128.25,10903.712500000023,0.6375000000000002,-0.4375,-0.0625,-0.17499999999999982,-0.4249999999999998,-0.125,0.1625,0.08749999999999991,0.7250000000000001,-0.2749999999999999,0.0125,-0.125
-114392.20000000001,175738.34999999998,8464.0,245111.975,21499.337500000023,-24826.662499999977,163534.775,-5936.725000000006,146807.25,10975.712500000023,-0.3624999999999998,0.5625,-1.0625,-0.17499999999999982,-0.4249999999999998,-0.125,0.1625,0.08749999999999991,-0.2749999999999999,-0.2749999999999999,0.0125,-0.125
-114373.20000000001,175896.34999999998,8465.0,245180.975,21677.337500000023,-25002.662499999977,163650.775,-5968.725000000006,146407.25,11127.712500000023,0.6375000000000002,-0.4375,-2.0625,-0.17499999999999982,-0.4249999999999998,-0.125,0.1625,-0.9125000000000001,-0.2749999999999999,-0.2749999999999999,0.0125,-0.125
-114897.20000000001,176371.34999999998,8467.0,245024.975,21737.337500000023,-24990.662499999977,163842.775,-5998.725000000006,146117.25,11143.712500000023,0.6375000000000002,0.5625,0.9375,-0.17499999999999982,-0.4249999999999998,-1.125,0.1625,0.08749999999999991,-0.2749999999999999,-0.2749999999999999,0.0125,-0.125
-115018.20000000001,176659.34999999998,8428.0,245057.975,21745.337500000023,-25062.662499999977,164118.775,-5973.725000000006,146328.25,11227.712500000023,0.6375000000000002,0.5625,-0.0625,0.8250000000000002,-0.4249999999999998,-0.125,0.1625,0.08749999999999991,-0.2749999999999999,-0.2749999999999999,0.0125,-0.125
-115000.20000000001,176799.34999999998,8357.0,244954.975,21796.337500000023,-24997.662499999977,164384.775,-6000.725000000006,146625.25,11412.712500000023,-0.3624999999999998,-0.4375,-0.0625,0.8250000000000002,-0.4249999999999998,-1.125,0.1625,0.08749999999999991,0.7250000000000001,0.7250000000000001,0.0125,-0.125
-114788.20000000001,176415.34999999998,8219.0,244733.975,21646.337500000023,-24837.662499999977,164520.775,-5987.725000000006,146706.25,11464.712500000023,-0.3624999999999998,0.5625,-0.0625,-0.17499999999999982,-0.4249999999999998,-0.125,0.1625,0.08749999999999991,0.7250000000000001,0.7250000000000001,-0.9875,-0.125
-114613.20000000001,176149.34999999998,8222.0,244744.975,21634.337500000023,-24751.662499999977,163954.775,-5950.725000000006,146878.25,11344.712500000023,0.6375000000000002,-0.4375,-1.0625,0.8250000000000002,-1.4249999999999998,-0.125,0.1625,0.08749999999999991,0.7250000000000001,0.7250000000000001,0.0125,-0.125
-114610.20000000001,175661.34999999998,8326.0,244926.975,21783.337500000023,-24699.662499999977,163593.775,-5987.725000000006,147183.25,11127.712500000023,0.6375000000000002,-0.4375,0.9375,-0.17499999999999982,-0.4249999999999998,-1.125,0.1625,0.08749999999999991,-0.2749999999999999,-0.2749999999999999,0.0125,-0.125
-114717.20000000001,175808.34999999998,8120.0,245127.975,21830.337500000023,-24444.662499999977,163675.775,-5875.725000000006,147919.25,10983.712500000023,-0.3624999999999998,-0.4375,0.9375,-0.17499999999999982,-0.4249999999999998,-0.125,0.1625,0.08749999999999991,-0.2749999999999999,-0.2749999999999999,0.0125,-0.125
-114781.20000000001,176032.34999999998,8092.0,245259.975,21637.337500000023,-24760.662499999977,163737.775,-6059.725000000006,148263.25,10858.712500000023,0.6375000000000002,-0.4375,-0.0625,0.8250000000000002,0.5750000000000002,-0.125,0.1625,-0.9125000000000001,-0.2749999999999999,0.7250000000000001,-0.9875,0.875
-114886.20000000001,176036.34999999998,8272.0,245162.975,21558.337500000023,-24944.662499999977,163853.775,-5949.725000000006,148420.25,10870.712500000023,-0.3624999999999998,0.5625,0.9375,-0.17499999999999982,-0.4249999999999998,-0.125,-0.8375,0.08749999999999991,-0.2749999999999999,0.7250000000000001,0.0125,-0.125
-114886.20000000001,176164.34999999998,8348.0,245098.975,21669.337500000023,-24969.662499999977,163997.775,-5950.725000000006,148290.25,10973.712500000023,0.6375000000000002,0.5625,0.9375,-1.1749999999999998,0.5750000000000002,-0.125,0.1625,0.08749999999999991,-0.2749999999999999,0.7250000000000001,0.0125,0.875
-114923.20000000001,176404.34999999998,8358.0,244927.975,21773.337500000023,-24952.662499999977,163927.775,-5973.725000000006,147730.25,11083.712500000023,-0.3624999999999998,0.5625,-0.0625,-0.17499999999999982,-0.4249999999999998,0.875,0.1625,0.08749999999999991,0.7250000000000001,-0.2749999999999999,0.0125,0.875
-115059.20000000001,176577.34999999998,8300.0,244856.975,21624.337500000023,-25068.662499999977,163664.775,-6010.725000000006,147123.25,10974.712500000023,0.6375000000000002,0.5625,-1.0625,-0.17499999999999982,0.5750000000000002,-0.125,0.1625,0.08749999999999991,-0.2749999999999999,-0.2749999999999999,0.0125,-0.125
-115177.20000000001,176919.34999999998,8484.0,244957.975,21630.337500000023,-25127.662499999977,163985.775,-5871.725000000006,146945.25,11090.712500000023,-0.3624999999999998,-0.4375,-0.0625,0.8250000000000002,-0.4249999999999998,-0.125,-0.8375,0.08749999999999991,-0.2749999999999999,-0.2749999999999999,0.0125,-0.125
-115553.20000000001,177066.34999999998,8333.0,244972.975,21722.337500000023,-25263.662499999977,164370.775,-5970.725000000006,146936.25,11133.712500000023,-0.3624999999999998,0.5625,-0.0625,-0.17499999999999982,0.5750000000000002,-0.125,0.1625,0.08749999999999991,0.7250000000000001,-0.2749999999999999,0.0125,0.875
-115256.20000000001,176959.34999999998,8401.0,244700.975,21573.337500000023,-25007.662499999977,164072.775,-5991.725000000006,146834.25,11035.712500000023,0.6375000000000002,0.5625,-0.0625,-0.17499999999999982,-0.4249999999999998,-1.125,-0.8375,0.08749999999999991,0.7250000000000001,0.7250000000000001,-0.9875,-0.125
-115015.20000000001,176593.34999999998,8432.0,244751.975,21543.337500000023,-24974.662499999977,163666.775,-6006.725000000006,147054.25,10961.712500000023,-0.3624999999999998,-0.4375,-0.0625,-0.17499999999999982,-0.4249999999999998,-0.125,0.1625,0.08749999999999991,-0.2749999999999999,-0.2749999999999999,0.0125,-0.125
-115222.20000000001,176526.34999999998,8386.0,245008.975,21555.337500000023,-24719.662499999977,163523.775,-5966.725000000006,147552.25,10990.712500000023,0.6375000000000002,-0.4375,-0.0625,0.8250000000000002,-0.4249999999999998,-0.125,0.1625,0.08749999999999991,-0.2749999999999999,-0.2749999999999999,0.0125,0.875
-115330.20000000001,176528.34999999998,8205.0,245018.975,21482.337500000023,-24801.662499999977,163510.775,-6088.725000000006,147732.25,10754.712500000023,-0.3624999999999998,0.5625,-0.0625,0.8250000000000002,-0.4249999999999998,-0.125,0.1625,0.08749999999999991,-0.2749999999999999,-0.2749999999999999,0.0125,0.875
-115277.20000000001,176394.34999999998,8225.0,244936.975,21525.337500000023,-24815.662499999977,163730.775,-6041.725000000006,147883.25,10863.712500000023,0.6375000000000002,-0.4375,-0.0625,-0.17499999999999982,-0.4249999999999998,-0.125,0.1625,0.08749999999999991,-0.2749999999999999,-0.2749999999999999,0.0125,-0.125
-115058.20000000001,176251.34999999998,8317.0,244774.975,21628.337500000023,-24817.662499999977,163683.775,-5960.725000000006,147838.25,10950.712500000023,0.6375000000000002,0.5625,-0.0625,-0.17499999999999982,-0.4249999999999998,-0.125,-0.8375,0.08749999999999991,-0.2749999999999999,-0.2749999999999999,0.0125,-0.125
-114955.20000000001,176090.34999999998,8404.0,244519.975,21626.337500000023,-24934.662499999977,163995.775,-6170.725000000006,147533.25,10995.712500000023,0.6375000000000002,-0.4375,-0.0625,-0.17499999999999982,-0.4249999999999998,-0.125,0.1625,-0.9125000000000001,-0.2749999999999999,-0.2749999999999999,0.0125,-0.125
-115047.20000000001,176394.34999999998,8275.0,244403.975,21764.337500000023,-24894.662499999977,164096.775,-6123.725000000006,147123.25,10934.712500000023,0.6375000000000002,-0.4375,-0.0625,-0.17499999999999982,-0.4249999999999998,0.875,0.1625,0.08749999999999991,-0.2749999999999999,-0.2749999999999999,-0.9875,-0.125
-115200.20000000001,176795.34999999998,8277.0,244493.975,21923.337500000023,-25048.662499999977,164069.775,-6107.725000000006,146898.25,11021.712500000023,0.6375000000000002,0.5625,-0.0625,0.8250000000000002,-1.4249999999999998,-0.125,0.1625,0.08749999999999991,-0.2749999999999999,-0.2749999999999999,0.0125,-0.125
-115322.20000000001,177038.34999999998,8424.0,244468.975,21896.337500000023,-25086.662499999977,163956.775,-6012.725000000006,146993.25,11138.712500000023,-0.3624999999999998,-0.4375,-0.0625,-0.17499999999999982,-0.4249999999999998,-0.125,-0.8375,0.08749999999999991,-0.2749999999999999,-0.2749999999999999,0.0125,0.875
-115157.20000000001,176766.34999999998,8422.0,244432.975,21838.337500000023,-25037.662499999977,163838.775,-6045.725000000006,146928.25,11151.712500000023,-0.3624999999999998,0.5625,-0.0625,-0.17499999999999982,-1.4249999999999998,-0.125,0.1625,0.08749999999999991,-0.2749999999999999,0.7250000000000001,0.0125,-0.125
-115214.20000000001,176530.34999999998,8181.0,244244.975,21822.337500000023,-25012.662499999977,163992.775,-6020.725000000006,146852.25,11073.712500000023,0.6375000000000002,-0.4375,0.9375,-0.17499999999999982,-0.4249999999999998,-0.125,0.1625,0.08749999999999991,0.7250000000000001,-0.2749999999999999,0.0125,-1.125
-115341.20000000001,176182.34999999998,8328.0,244546.975,21600.337500000023,-24949.662499999977,163643.775,-6090.725000000006,147418.25,10725.712500000023,-0.3624999999999998,-0.4375,-0.0625,0.8250000000000002,-0.4249999999999998,-1.125,-0.8375,0.08749999999999991,-0.2749999999999999,0.7250000000000001,-0.9875,0.875
-115537.20000000001,176288.34999999998,8388.0,244652.975,21607.337500000023,-24764.662499999977,163709.775,-6020.725000000006,147606.25,10569.712500000023,-0.3624999999999998,-0.4375,-1.0625,0.8250000000000002,-0.4249999999999998,0.875,0.1625,0.08749999999999991,-0.2749999999999999,-0.2749999999999999,0.0125,-0.125
-115493.20000000001,176260.34999999998,8332.0,244478.975,21620.337500000023,-24767.662499999977,163454.775,-5987.725000000006,147548.25,10701.712500000023,-0.3624999999999998,0.5625,-1.0625,-0.17499999999999982,-0.4249999999999998,-0.125,0.1625,0.08749999999999991,-0.2749999999999999,-0.2749999999999999,0.0125,-0.125
-115245.20000000001,176243.34999999998,8332.0,244591.975,21531.337500000023,-24776.662499999977,163196.775,-5940.725000000006,147255.25,10558.712500000023,0.6375000000000002,0.5625,-0.0625,0.8250000000000002,-0.4249999999999998,-0.125,0.1625,0.08749999999999991,-0.2749999999999999,-0.2749999999999999,0.0125,-0.125
-115312.20000000001,176449.34999999998,8472.0,244483.975,21644.337500000023,-24848.662499999977,163156.775,-5935.725000000006,146982.25,10588.712500000023,0.6375000000000002,0.5625,-0.0625,0.8250000000000002,-0.4249999999999998,-1.125,0.1625,0.08749999999999991,-0.2749999999999999,-0.2749999999999999,0.0125,-0.125
-115494.20000000001,176563.34999999998,8471.0,244450.975,21709.337500000023,-25072.662499999977,163155.775,-6027.725000000006,146656.25,10728.712500000023,0.6375000000000002,0.5625,0.9375,-0.17499999999999982,0.5750000000000002,-0.125,0.1625,0.08749999999999991,0.7250000000000001,-0.2749999999999999,0.0125,0.875
-115754.20000000001,176890.34999999998,8483.0,244583.975,21790.337500000023,-25032.662499999977,163172.775,-5795.725000000006,146824.25,10708.712500000023,-0.3624999999999998,0.5625,-0.0625,-0.17499999999999982,0.5750000000000002,-0.125,0.1625,0.08749999999999991,-0.2749999999999999,0.7250000000000001,0.0125,1.875
-115821.20000000001,177193.34999999998,8490.0,244562.975,21785.337500000023,-25005.662499999977,163637.775,-5834.725000000006,146729.25,10763.712500000023,-0.3624999999999998,0.5625,-1.0625,-0.17499999999999982,0.5750000000000002,-0.125,0.1625,0.08749999999999991,0.7250000000000001,-0.2749999999999999,0.0125,-0.125
-115702.20000000001,177144.34999999998,8520.0,244483.975,21870.337500000023,-25145.662499999977,163718.775,-5917.725000000006,146498.25,10817.712500000023,0.6375000000000002,0.5625,-0.0625,-0.17499999999999982,-0.4249999999999998,-0.125,0.1625,0.08749999999999991,-0.2749999999999999,0.7250000000000001,0.0125,-0.125
-115711.20000000001,177003.34999999998,8478.0,244311.975,21758.337500000023,-25194.662499999977,163495.775,-6026.725000000006,146386.25,10796.712500000023,0.6375000000000002,0.5625,-0.0625,-0.17499999999999982,0.5750000000000002,-0.125,0.1625,0.08749999999999991,-0.2749999999999999,-0.2749999999999999,0.0125,-0.125
-115802.20000000001,177042.34999999998,8413.0,244309.975,21689.337500000023,-25115.662499999977,162992.775,-6201.725000000006,146535.25,10821.712500000023,-0.3624999999999998,0.5625,-0.0625,0.8250000000000002,-0.4249999999999998,-0.125,-0.8375,0.08749999999999991,-0.2749999999999999,0.7250000000000001,0.0125,-0.125
-115749.20000000001,176701.34999999998,8227.0,244235.975,21618.337500000023,-24990.662499999977,163237.775,-6090.725000000006,147708.25,10714.712500000023,0.6375000000000002,-0.4375,-0.0625,-0.17499999999999982,-0.4249999999999998,-0.125,0.1625,0.08749999999999991,-0.2749999999999999,0.7250000000000001,0.0125,-0.125
-115567.20000000001,176449.34999999998,8128.0,244221.975,21698.337500000023,-24809.662499999977,163208.775,-6142.725000000006,147972.25,10827.712500000023,-0.3624999999999998,-0.4375,-0.0625,-0.17499999999999982,-0.4249999999999998,0.875,0.1625,1.0875,-0.2749999999999999,-0.2749999999999999,0.0125,-1.125
-115491.20000000001,176433.34999999998,8181.0,244264.975,21800.337500000023,-24870.662499999977,163267.775,-6045.725000000006,148003.25,10736.712500000023,0.6375000000000002,0.5625,0.9375,-0.17499999999999982,-0.4249999999999998,-0.125,0.1625,0.08749999999999991,0.7250000000000001,-0.2749999999999999,0.0125,-1.125
-115686.20000000001,176462.34999999998,8205.0,244304.975,21743.337500000023,-24864.662499999977,163364.775,-5957.725000000006,147806.25,10723.712500000023,0.6375000000000002,-0.4375,-0.0625,-0.17499999999999982,-1.4249999999999998,-0.125,-0.8375,0.08749999999999991,-0.2749999999999999,0.7250000000000001,-0.9875,0.875
-115775.20000000001,176752.34999999998,8266.0,244482.975,21779.337500000023,-25058.662499999977,163359.775,-5975.725000000006,147510.25,10713.712500000023,-0.3624999999999998,-0.4375,-0.0625,-0.17499999999999982,-0.4249999999999998,-1.125,0.1625,-0.9125000000000001,-0.2749999999999999,-0.2749999999999999,0.0125,-1.125
-115890.20000000001,177039.34999999998,8255.0,244484.975,21863.337500000023,-25256.662499999977,163557.775,-5931.725000000006,147233.25,10969.712500000023,-0.3624999999999998,-0.4375,-0.0625,-1.1749999999999998,-0.4249999999999998,-0.125,0.1625,0.08749999999999991,-0.2749999999999999,-0.2749999999999999,0.0125,-1.125
-116095.20000000001,177357.34999999998,8282.0,244375.975,21956.337500000023,-25267.662499999977,163905.775,-5853.725000000006,147142.25,10983.712500000023,0.6375000000000002,0.5625,-0.0625,-0.17499999999999982,-0.4249999999999998,-0.125,0.1625,0.08749999999999991,-0.2749999999999999,-0.2749999999999999,0.0125,-0.125
-116104.20000000001,177332.34999999998,8334.0,244263.975,22111.337500000023,-25373.662499999977,164065.775,-5846.725000000006,146893.25,10923.712500000023,-0.3624999999999998,0.5625,-0.0625,-0.17499999999999982,0.5750000000000002,-0.125,0.1625,0.08749999999999991,0.7250000000000001,0.7250000000000001,0.0125,0.875
-116003.20000000001,177319.34999999998,8275.0,244177.975,22020.337500000023,-25085.662499999977,163871.775,-5911.725000000006,146523.25,10778.712500000023,-0.3624999999999998,-0.4375,-0.0625,-0.17499999999999982,-0.4249999999999998,-0.125,-0.8375,0.08749999999999991,-0.2749999999999999,-0.2749999999999999,0.0125,0.875
-116030.20000000001,177307.34999999998,8354.0,244126.975,21796.337500000023,-24992.662499999977,163686.775,-6018.725000000006,146532.25,10809.712500000023,-0.3624999999999998,0.5625,-0.0625,-0.17499999999999982,0.5750000000000002,0.875,-0.8375,0.08749999999999991,0.7250000000000001,0.7250000000000001,0.0125,-0.125
-116230.20000000001,177273.34999999998,8343.0,244242.975,21791.337500000023,-25047.662499999977,163580.775,-5978.725000000006,146878.25,10673.712500000023,0.6375000000000002,0.5625,-0.0625,-0.17499999999999982,-0.4249999999999998,-0.125,0.1625,0.08749999999999991,-0.2749999999999999,-0.2749999999999999,0.0125,-0.125
-116265.20000000001,177353.34999999998,8334.0,244450.975,21618.337500000023,-25121.662499999977,163929.775,-5871.725000000006,147164.25,10669.712500000023,0.6375000000000002,-0.4375,-0.0625,-0.17499999999999982,-0.4249999999999998,-0.125,-0.8375,0.08749999999999991,-0.2749999999999999,0.7250000000000001,-0.9875,0.875
-116254.20000000001,177281.34999999998,8346.0,244480.975,21669.337500000023,-25149.662499999977,163703.775,-5941.725000000006,147467.25,10621.712500000023,0.6375000000000002,0.5625,-1.0625,-0.17499999999999982,-0.4249999999999998,0.875,0.1625,0.08749999999999991,-0.2749999999999999,-0.2749999999999999,-0.9875,-0.125
-116283.20000000001,177174.34999999998,8301.0,244362.975,21549.337500000023,-25079.662499999977,163135.775,-5858.725000000006,147259.25,10676.712500000023,0.6375000000000002,0.5625,0.9375,0.8250000000000002,-0.4249999999999998,0.875,0.1625,0.08749999999999991,0.7250000000000001,0.7250000000000001,0.0125,-0.125
-116268.20000000001,177008.34999999998,8320.0,244219.975,21535.337500000023,-24825.662499999977,163033.775,-5981.725000000006,147049.25,10517.712500000023,-0.3624999999999998,0.5625,-0.0625,-0.17499999999999982,-0.4249999999999998,-0.125,0.1625,0.08749999999999991,0.7250000000000001,-0.2749999999999999,0.0125,-0.125
-116099.20000000001,176987.34999999998,8314.0,244128.975,21407.337500000023,-25034.662499999977,163146.775,-5920.725000000006,147039.25,10425.712500000023,-0.3624999999999998,0.5625,-0.0625,0.8250000000000002,0.5750000000000002,-0.125,0.1625,0.08749999999999991,0.7250000000000001,0.7250000000000001,0.0125,-0.125
-116019.20000000001,177033.34999999998,8283.0,244092.975,21667.337500000023,-25136.662499999977,163309.775,-6051.725000000006,147136.25,10449.712500000023,-0.3624999999999998,0.5625,-0.0625,-0.17499999999999982,0.5750000000000002,-0.125,-0.8375,0.08749999999999991,-0.2749999999999999,-0.2749999999999999,0.0125,-0.125
-116134.20000000001,177374.34999999998,8482.0,243886.975,21830.337500000023,-25229.662499999977,163448.775,-5987.725000000006,146923.25,10672.712500000023,0.6375000000000002,0.5625,-0.0625,-0.17499999999999982,0.5750000000000002,-1.125,-0.8375,0.08749999999999991,-0.2749999999999999,-0.2749999999999999,0.0125,-0.125
-116063.20000000001,177477.34999999998,8563.0,243645.975,21824.337500000023,-25138.662499999977,163378.775,-5966.725000000006,146723.25,10711.712500000023,-0.3624999999999998,0.5625,-0.0625,-0.17499999999999982,-0.4249999999999998,-0.125,0.1625,0.08749999999999991,-0.2749999999999999,-0.2749999999999999,0.0125,-0.125
-116119.20000000001,177510.34999999998,8374.0,243623.975,21860.337500000023,-25217.662499999977,163732.775,-5827.725000000006,146593.25,10641.712500000023,0.6375000000000002,-0.4375,-0.0625,-0.17499999999999982,-0.4249999999999998,-0.125,0.1625,0.08749999999999991,-0.2749999999999999,0.7250000000000001,0.0125,-0.125
-116291.20000000001,177533.34999999998,8298.0,243696.975,21772.337500000023,-25147.662499999977,163619.775,-5931.725000000006,146678.25,10745.712500000023,0.6375000000000002,0.5625,-0.0625,0.8250000000000002,-0.4249999999999998,0.875,0.1625,0.08749999999999991,0.7250000000000001,-0.2749999999999999,0.0125,-0.125
-116226.20000000001,177399.34999999998,8132.0,243878.975,21725.337500000023,-25172.662499999977,163214.775,-6049.725000000006,147074.25,10703.712500000023,-0.3624999999999998,-0.4375,-0.0625,-0.17499999999999982,-0.4249999999999998,-0.125,0.1625,0.08749999999999991,0.7250000000000001,-0.2749999999999999,0.0125,-0.125
-116408.20000000001,177477.34999999998,8200.0,243884.975,21756.337500000023,-25078.662499999977,163375.775,-5849.725000000006,147253.25,10728.712500000023,-0.3624999999999998,0.5625,-0.0625,-0.17499999999999982,-1.4249999999999998,-0.125,0.1625,0.08749999999999991,-0.2749999999999999,0.7250000000000001,0.0125,-0.125
-116248.20000000001,177065.34999999998,8241.0,243782.975,21726.337500000023,-25059.662499999977,163374.775,-5971.725000000006,147519.25,10773.712500000023,0.6375000000000002,-0.4375,-0.0625,-0.17499999999999982,-1.4249999999999998,-0.125,0.1625,0.08749999999999991,-0.2749999999999999,-0.2749999999999999,0.0125,-0.125
-115995.20000000001,176693.34999999998,8155.0,243742.975,21791.337500000023,-24985.662499999977,163284.775,-5944.725000000006,147870.25,10698.712500000023,-0.3624999999999998,-0.4375,-0.0625,-0.17499999999999982,-0.4249999999999998,0.875,0.1625,0.08749999999999991,-0.2749999999999999,0.7250000000000001,0.0125,-1.125
-115871.20000000001,176556.34999999998,8226.0,243740.975,21826.337500000023,-24922.662499999977,163320.775,-5886.725000000006,148014.25,10642.712500000023,-0.3624999999999998,0.5625,-0.0625,-0.17499999999999982,0.5750000000000002,-0.125,0.1625,0.08749999999999991,-0.2749999999999999,-0.2749999999999999,0.0125,0.875
-116041.20000000001,176745.34999999998,8209.0,243842.975,21799.337500000023,-24984.662499999977,163185.775,-5930.725000000006,147896.25,10569.712500000023,-0.3624999999999998,0.5625,-1.0625,-0.17499999999999982,-0.4249999999999998,-0.125,0.1625,-0.9125000000000001,0.7250000000000001,0.7250000000000001,0.0125,-0.125
-116256.20000000001,176896.34999999998,8206.0,243899.975,21849.337500000023,-24964.662499999977,163303.775,-5992.725000000006,147681.25,10554.712500000023,0.6375000000000002,-0.4375,-0.0625,-0.17499999999999982,0.5750000000000002,-0.125,0.1625,0.08749999999999991,-0.2749999999999999,0.7250000000000001,0.0125,-1.125
-116217.20000000001,177194.34999999998,8296.0,243823.975,22008.337500000023,-24957.662499999977,163473.775,-5998.725000000006,147485.25,10564.712500000023,0.6375000000000002,0.5625,-0.0625,-0.17499999999999982,-0.4249999999999998,-1.125,0.1625,0.08749999999999991,0.7250000000000001,0.7250000000000001,0.0125,-0.125
-116162.20000000001,177133.34999999998,8451.0,243867.975,21729.337500000023,-25124.662499999977,163573.775,-6116.725000000006,147286.25,10592.712500000023,0.6375000000000002,-0.4375,-0.0625,-0.17499999999999982,0.5750000000000002,-0.125,0.1625,0.08749999999999991,-0.2749999999999999,-0.2749999999999999,0.0125,0.875
-116179.20000000001,177266.34999999998,8385.0,243718.975,21708.337500000023,-25023.662499999977,163575.775,-6140.725000000006,147273.25,10668.712500000023,-0.3624999999999998,0.5625,-0.0625,-0.17499999999999982,0.5750000000000002,-0.125,0.1625,0.08749999999999991,-0.2749999999999999,0.7250000000000001,0.0125,-0.125
-116306.20000000001,177465.34999999998,8299.0,243627.975,21812.337500000023,-25173.662499999977,163573.775,-6012.725000000006,147202.25,10668.712500000023,0.6375000000000002,-0.4375,0.9375,-0.17499999999999982,-0.4249999999999998,-1.125,0.1625,1.0875,-0.2749999999999999,-0.2749999999999999,0.0125,-0.125
-116317.20000000001,177457.34999999998,8354.0,243977.975,21734.337500000023,-25215.662499999977,163550.775,-5976.725000000006,147480.25,10491.712500000023,0.6375000000000002,-0.4375,-1.0625,-0.17499999999999982,-0.4249999999999998,0.875,0.1625,0.08749999999999991,0.7250000000000001,-0.2749999999999999,0.0125,-0.125
-116230.20000000001,177284.34999999998,8277.0,243995.975,21707.337500000023,-25049.662499999977,163521.775,-5905.725000000006,147528.25,10427.712500000023,0.6375000000000002,-0.4375,-0.0625,-0.17499999999999982,-0.4249999999999998,0.875,-0.8375,0.08749999999999991,-0.2749999999999999,-0.2749999999999999,0.0125,-1.125
-115983.20000000001,176907.34999999998,8266.0,243915.975,21711.337500000023,-25016.662499999977,163166.775,-6007.725000000006,147669.25,10393.712500000023,0.6375000000000002,-0.4375,-1.0625,-0.17499999999999982,-0.4249999999999998,-0.125,0.1625,0.08749999999999991,-0.2749999999999999,0.7250000000000001,0.0125,-0.125
-116069.20000000001,176862.34999999998,8416.0,243905.975,21753.337500000023,-24915.662499999977,163261.775,-6033.725000000006,147750.25,10437.712500000023,-0.3624999999999998,0.5625,-0.0625,0.8250000000000002,0.5750000000000002,-0.125,0.1625,0.08749999999999991,-0.2749999999999999,0.7250000000000001,0.0125,-0.125
-116064.20000000001,176835.34999999998,8385.0,243948.975,21733.337500000023,-24956.662499999977,163205.775,-5976.725000000006,147732.25,10378.712500000023,-0.3624999999999998,-0.4375,-0.0625,0.8250000000000002,-0.4249999999999998,-0.125,-0.8375,0.08749999999999991,-0.2749999999999999,0.7250000000000001,0.0125,-0.125
-116269.20000000001,177349.34999999998,8282.0,244008.975,21830.337500000023,-24927.662499999977,163303.775,-6000.725000000006,147671.25,10392.712500000023,0.6375000000000002,-0.4375,-1.0625,-0.17499999999999982,-0.4249999999999998,-0.125,0.1625,-0.9125000000000001,-0.2749999999999999,0.7250000000000001,0.0125,-0.125
-116284.20000000001,177352.34999999998,8320.0,244092.975,21942.337500000023,-25086.662499999977,163335.775,-5942.725000000006,147532.25,10389.712500000023,0.6375000000000002,-0.4375,-1.0625,-0.17499999999999982,-0.4249999999999998,0.875,0.1625,0.08749999999999991,-0.2749999999999999,-0.2749999999999999,0.0125,-0.125
-116242.20000000001,177280.34999999998,8365.0,244151.975,21917.337500000023,-25227.662499999977,163766.775,-6012.725000000006,147257.25,10513.712500000023,0.6375000000000002,-0.4375,0.9375,-0.17499999999999982,-0.4249999999999998,-0.125,0.1625,0.08749999999999991,-0.2749999999999999,-0.2749999999999999,0.0125,-0.125
-116269.20000000001,177331.34999999998,8312.0,243873.975,21983.337500000023,-25123.662499999977,164203.775,-5924.725000000006,147120.25,10422.712500000023,-0.3624999999999998,-0.4375,0.9375,-0.17499999999999982,-0.4249999999999998,-0.125,-0.8375,0.08749999999999991,0.7250000000000001,-0.2749999999999999,0.0125,-1.125
-116417.20000000001,177408.34999999998,8543.0,243888.975,21898.337500000023,-25061.662499999977,163432.775,-5910.725000000006,147174.25,10413.712500000023,0.6375000000000002,-0.4375,-1.0625,-0.17499999999999982,-0.4249999999999998,-0.125,0.1625,0.08749999999999991,0.7250000000000001,-0.2749999999999999,0.0125,-0.125
-116509.20000000001,177580.34999999998,8414.0,244001.975,21744.337500000023,-25047.662499999977,163428.775,-5904.725000000006,147198.25,10199.712500000023,0.6375000000000002,-0.4375,0.9375,0.8250000000000002,-0.4249999999999998,-0.125,0.1625,0.08749999999999991,-0.2749999999999999,0.7250000000000001,-0.9875,-0.125
-116519.20000000001,177488.34999999998,8126.0,244167.975,21763.337500000023,-25096.662499999977,163303.775,-6018.725000000006,147347.25,10277.712500000023,-0.3624999999999998,0.5625,-0.0625,-0.17499999999999982,-0.4249999999999998,-0.125,0.1625,-0.9125000000000001,-0.2749999999999999,-0.2749999999999999,0.0125,-0.125
-116478.20000000001,177256.34999999998,8054.0,243996.975,21658.337500000023,-25064.662499999977,163175.775,-5903.725000000006,147355.25,10350.712500000023,0.6375000000000002,-0.4375,-0.0625,0.8250000000000002,-0.4249999999999998,-0.125,-0.8375,0.08749999999999991,0.7250000000000001,0.7250000000000001,0.0125,0.875
-116331.20000000001,177222.34999999998,8162.0,243919.975,21782.337500000023,-24894.662499999977,163111.775,-5916.725000000006,147536.25,10233.712500000023,0.6375000000000002,-0.4375,-1.0625,-0.17499999999999982,-0.4249999999999998,-0.125,-0.8375,0.08749999999999991,0.7250000000000001,-0.2749999999999999,0.0125,-0.125
-116276.20000000001,177110.34999999998,8339.0,243966.975,21807.337500000023,-24890.662499999977,162916.775,-6062.725000000006,147588.25,10260.712500000023,-0.3624999999999998,0.5625,0.9375,-0.17499999999999982,-0.4249999999999998,-0.125,0.1625,0.08749999999999991,-0.2749999999999999,-0.2749999999999999,0.0125,-0.125
-116503.20000000001,177466.34999999998,8371.0,244012.975,21765.337500000023,-25041.662499999977,163012.775,-6057.725000000006,147514.25,10326.712500000023,-0.3624999999999998,0.5625,0.9375,-0.17499999999999982,-0.4249999999999998,0.875,-0.8375,0.08749999999999991,-0.2749999999999999,0.7250000000000001,0.0125,-0.125
-116536.20000000001,177527.34999999998,8382.0,243915.975,21842.337500000023,-25053.662499999977,163192.775,-6082.725000000006,147434.25,10308.712500000023,0.6375000000000002,-0.4375,0.9375,-0.17499999999999982,-0.4249999999999998,-0.125,0.1625,0.08749999999999991,-0.2749999999999999,-0.2749999999999999,0.0125,0.875
-116436.20000000001,177638.34999999998,8273.0,243863.975,21982.337500000023,-24947.662499999977,163576.775,-6072.725000000006,147284.25,10317.712500000023,0.6375000000000002,0.5625,-0.0625,-0.17499999999999982,-0.4249999999999998,-0.125,0.1625,0.08749999999999991,-0.2749999999999999,-0.2749999999999999,0.0125,0.875
-116471.20000000001,177282.34999999998,8393.0,243529.975,22073.337500000023,-25171.662499999977,163482.775,-6009.725000000006,146985.25,10299.712500000023,0.6375000000000002,-0.4375,-0.0625,0.8250000000000002,-0.4249999999999998,-1.125,0.1625,-0.9125000000000001,-0.2749999999999999,-0.2749999999999999,0.0125,-0.125
-116561.20000000001,177360.34999999998,8336.0,243720.975,21932.337500000023,-25094.662499999977,163604.775,-6036.725000000006,147025.25,10412.712500000023,-0.3624999999999998,-0.4375,-0.0625,-1.1749999999999998,0.5750000000000002,-1.125,-0.8375,0.08749999999999991,0.7250000000000001,-0.2749999999999999,0.0125,-0.125
-116609.20000000001,177663.34999999998,8261.0,243827.975,22067.337500000023,-25157.662499999977,163285.775,-6087.725000000006,147284.25,10356.712500000023,-0.3624999999999998,0.5625,-0.0625,-0.17499999999999982,-0.4249999999999998,0.875,0.1625,0.08749999999999991,0.7250000000000001,0.7250000000000001,-0.9875,-0.125
-116353.20000000001,177482.34999999998,8186.0,243917.975,21882.337500000023,-25158.662499999977,163110.775,-5997.725000000006,147328.25,10229.712500000023,0.6375000000000002,0.5625,-1.0625,0.8250000000000002,-0.4249999999999998,-0.125,0.1625,0.08749999999999991,-0.2749999999999999,0.7250000000000001,0.0125,-0.125
-116383.20000000001,177046.34999999998,8269.0,243816.975,21760.337500000023,-25112.662499999977,163010.775,-5917.725000000006,147453.25,10252.712500000023,-0.3624999999999998,-0.4375,-0.0625,-0.17499999999999982,-0.4249999999999998,-0.125,0.1625,0.08749999999999991,-0.2749999999999999,0.7250000000000001,0.0125,0.875
-116426.20000000001,177266.34999999998,8348.0,243899.975,21656.337500000023,-25030.662499999977,162907.775,-6001.725000000006,147641.25,10286.712500000023,0.6375000000000002,-0.4375,0.9375,-0.17499999999999982,-0.4249999999999998,-0.125,0.1625,0.08749999999999991,0.7250000000000001,-0.2749999999999999,0.0125,-0.125
-116488.20000000001,177420.34999999998,8310.0,244092.975,21647.337500000023,-24966.662499999977,162876.775,-6064.725000000006,147829.25,10349.712500000023,0.6375000000000002,0.5625,0.9375,-0.17499999999999982,0.5750000000000002,-0.125,0.1625,0.08749999999999991,-0.2749999999999999,-0.2749999999999999,0.0125,-0.125
-116652.20000000001,177481.34999999998,8359.0,244220.975,21684.337500000023,-25111.662499999977,162849.775,-6055.725000000006,147754.25,10427.712500000023,1.6375000000000002,-0.4375,-0.0625,-0.17499999999999982,0.5750000000000002,-0.125,0.1625,0.08749999999999991,-0.2749999999999999,-0.2749999999999999,0.0125,-0.125
-116876.20000000001,177667.34999999998,8387.0,244134.975,21688.337500000023,-25262.662499999977,163127.775,-5993.725000000006,147670.25,10354.712500000023,-0.3624999999999998,0.5625,-0.0625,-0.17499999999999982,-0.4249999999999998,-0.125,-0.8375,1.0875,-0.2749999999999999,-0.2749999999999999,0.0125,0.875
-116864.20000000001,177761.34999999998,8377.0,244064.975,21770.337500000023,-25135.662499999977,163289.775,-5961.725000000006,147508.25,10358.712500000023,-0.3624999999999998,0.5625,-1.0625,-0.17499999999999982,-0.4249999999999998,0.875,0.1625,0.08749999999999991,-0.2749999999999999,-0.2749999999999999,0.0125,-0.125
-116634.20000000001,177777.34999999998,8341.0,243943.975,21862.337500000023,-25190.662499999977,163308.775,-5970.725000000006,147454.25,10247.712500000023,0.6375000000000002,-0.4375,-0.0625,0.8250000000000002,-0.4249999999999998,-1.125,0.1625,-0.9125000000000001,-0.2749999999999999,0.7250000000000001,0.0125,-0.125
-116756.20000000001,177677.34999999998,8455.0,243746.975,21839.337500000023,-25239.662499999977,163237.775,-5760.725000000006,147403.25,10362.712500000023,0.6375000000000002,-0.4375,-0.0625,-0.17499999999999982,-0.4249999999999998,-0.125,0.1625,0.08749999999999991,-0.2749999999999999,-0.2749999999999999,0.0125,-0.125
-116841.20000000001,177785.34999999998,8389.0,243749.975,21944.337500000023,-25249.662499999977,163385.775,-5871.725000000006,147402.25,10469.712500000023,-0.3624999999999998,-0.4375,-0.0625,0.8250000000000002,-0.4249999999999998,-0.125,0.1625,0.08749999999999991,-0.2749999999999999,-0.2749999999999999,0.0125,-1.125
