FPI,SPI,AI,SFI,FFI,FPD,SPD,AD,SFD,FFD,API_X,API_Y,API_Z,APD_X,APD_Y,APD_Z,AFD_X,AFD_Y,AFD_Z,AFI_X,AFI_Y,AFI_Z
5509.924999999988,-244.97499999997672,-24093.712499999994,-662.7875000000058,5499.1875,1675.0499999999884,489.4750000000058,25.57500000001164,-612.5,7945.862499999988,0.3125,-0.35,-1.1875,-0.025000000000000355,0.5250000000000004,0.21250000000000568,0.1375,0.25,0.6375000000000002,-0.3500000000000001,0.0875,-0.5875000000000057
5337.924999999988,-144.97499999997672,-24007.712499999994,-709.7875000000058,5533.1875,1783.0499999999884,1437.4750000000058,58.57500000001164,-441.5,8032.862499999988,0.3125,-0.35,-0.1875,-0.025000000000000355,0.5250000000000004,0.21250000000000568,0.1375,-0.75,-0.3624999999999998,-0.3500000000000001,-0.9125,-1.5875000000000057
5573.924999999988,-89.97499999997672,-23752.712499999994,-889.7875000000058,5476.1875,1750.0499999999884,2117.475000000006,227.57500000001164,-340.5,8315.862499999988,0.3125,0.65,0.8125,-0.025000000000000355,0.5250000000000004,0.21250000000000568,0.1375,-0.75,-0.3624999999999998,-0.3500000000000001,0.0875,-0.5875000000000057
5542.924999999988,38.02500000002328,-23851.712499999994,-1015.7875000000058,5258.1875,1641.0499999999884,3039.475000000006,156.57500000001164,-365.5,8065.862499999988,-0.6875,-0.35,0.8125,-0.025000000000000355,-0.47499999999999964,0.21250000000000568,0.1375,-0.75,0.6375000000000002,-0.3500000000000001,0.0875,0.4124999999999943
5377.924999999988,90.02500000002328,-23901.712499999994,-1012.7875000000058,5099.1875,1664.0499999999884,2029.4750000000058,208.57500000001164,-256.5,7929.862499999988,-0.6875,-0.35,0.8125,-0.025000000000000355,-0.47499999999999964,-0.7874999999999943,-0.8625,0.25,-1.3624999999999998,0.6499999999999999,0.0875,0.4124999999999943
5473.924999999988,10.025000000023283,-23921.712499999994,-847.7875000000058,5109.1875,1792.0499999999884,583.4750000000058,255.57500000001164,-363.5,7928.862499999988,-0.6875,-0.35,-0.1875,-1.0250000000000004,-0.47499999999999964,-0.7874999999999943,0.1375,0.25,-0.3624999999999998,-0.3500000000000001,-0.9125,1.4124999999999943
5461.924999999988,-163.97499999997672,-23998.712499999994,-1011.7875000000058,5264.1875,1584.0499999999884,-1159.5249999999942,377.57500000001164,-577.5,8044.862499999988,-0.6875,0.65,-0.1875,-0.025000000000000355,-0.47499999999999964,-0.7874999999999943,0.1375,-0.75,0.6375000000000002,-0.3500000000000001,0.0875,-1.5875000000000057
5504.924999999988,-168.97499999997672,-24107.712499999994,-837.7875000000058,5242.1875,1731.0499999999884,-1137.5249999999942,289.57500000001164,-534.5,7879.862499999988,-0.6875,0.65,-0.1875,-0.025000000000000355,-0.47499999999999964,0.21250000000000568,-0.8625,0.25,0.6375000000000002,-0.3500000000000001,0.0875,-0.5875000000000057
5580.924999999988,-102.97499999997672,-24012.712499999994,-814.7875000000058,5458.1875,1776.0499999999884,-682.5249999999942,233.57500000001164,-508.5,7952.862499999988,0.3125,0.65,-0.1875,-0.025000000000000355,-0.47499999999999964,0.21250000000000568,0.1375,0.25,-0.3624999999999998,0.6499999999999999,0.0875,0.4124999999999943
5354.924999999988,318.0250000000233,-24036.712499999994,-684.7875000000058,5459.1875,1731.0499999999884,-557.5249999999942,85.57500000001164,-486.5,8163.862499999988,0.3125,-0.35,0.8125,-0.025000000000000355,-0.47499999999999964,0.21250000000000568,0.1375,0.25,0.6375000000000002,0.6499999999999999,0.0875,-0.5875000000000057
5532.924999999988,53.02500000002328,-24069.712499999994,-585.7875000000058,5397.1875,1826.0499999999884,1204.4750000000058,-5.4249999999883585,-468.5,8089.862499999988,-0.6875,-0.35,0.8125,-0.025000000000000355,0.5250000000000004,1.2125000000000057,0.1375,0.25,-0.3624999999999998,-0.3500000000000001,0.0875,0.4124999999999943
5640.924999999988,105.02500000002328,-24023.712499999994,-490.7875000000058,5254.1875,1691.0499999999884,930.4750000000058,142.57500000001164,-308.5,7934.862499999988,0.3125,-0.35,-0.1875,-0.025000000000000355,0.5250000000000004,-0.7874999999999943,-0.8625,0.25,-0.3624999999999998,-0.3500000000000001,0.0875,1.4124999999999943
5639.924999999988,38.02500000002328,-23820.712499999994,-141.78750000000582,5622.1875,1634.0499999999884,560.4750000000058,219.57500000001164,128.5,8159.862499999988,-0.6875,-0.35,-2.1875,-0.025000000000000355,-0.47499999999999964,-0.7874999999999943,0.1375,0.25,0.6375000000000002,-0.3500000000000001,-0.9125,0.4124999999999943
5531.924999999988,261.0250000000233,-23910.712499999994,-119.78750000000582,5638.1875,1713.0499999999884,617.4750000000058,260.57500000001164,163.5,8188.862499999988,-0.6875,-0.35,-1.1875,-0.025000000000000355,-0.47499999999999964,-0.7874999999999943,0.1375,0.25,-0.3624999999999998,-0.3500000000000001,0.0875,0.4124999999999943
5470.924999999988,77.02500000002328,-23897.712499999994,-99.78750000000582,5597.1875,1667.0499999999884,1183.4750000000058,209.57500000001164,113.5,8178.862499999988,0.3125,0.65,-0.1875,-0.025000000000000355,0.5250000000000004,0.21250000000000568,0.1375,0.25,0.6375000000000002,0.6499999999999999,0.0875,-1.5875000000000057
5324.924999999988,4.025000000023283,-24012.712499999994,-59.78750000000582,5602.1875,1761.0499999999884,879.4750000000058,184.57500000001164,-39.5,8384.862499999988,-0.6875,0.65,-0.1875,-1.0250000000000004,0.5250000000000004,1.2125000000000057,0.1375,0.25,0.6375000000000002,-0.3500000000000001,0.0875,-0.5875000000000057
5400.924999999988,20.025000000023283,-23953.712499999994,76.21249999999418,5617.1875,1823.0499999999884,424.4750000000058,220.57500000001164,158.5,8215.862499999988,0.3125,-0.35,-0.1875,-0.025000000000000355,-0.47499999999999964,0.21250000000000568,0.1375,0.25,-0.3624999999999998,0.6499999999999999,0.0875,-0.5875000000000057
5340.924999999988,-73.97499999997672,-23963.712499999994,-38.78750000000582,5530.1875,1744.0499999999884,2377.475000000006,289.57500000001164,115.5,8370.862499999988,0.3125,-0.35,-0.1875,-0.025000000000000355,0.5250000000000004,0.21250000000000568,0.1375,0.25,-0.3624999999999998,-0.3500000000000001,0.0875,0.4124999999999943
5258.924999999988,-64.97499999997672,-24041.712499999994,-164.78750000000582,5324.1875,1676.0499999999884,2778.475000000006,261.57500000001164,-30.5,8392.862499999988,-0.6875,-0.35,-0.1875,-0.025000000000000355,0.5250000000000004,1.2125000000000057,-0.8625,0.25,-0.3624999999999998,0.6499999999999999,-0.9125,1.4124999999999943
5296.924999999988,65.02500000002328,-23929.712499999994,102.21249999999418,5366.1875,1698.0499999999884,232.47500000000582,311.57500000001164,-293.5,8344.862499999988,0.3125,-0.35,-0.1875,-0.025000000000000355,-0.47499999999999964,0.21250000000000568,0.1375,0.25,0.6375000000000002,0.6499999999999999,0.0875,-0.5875000000000057
5393.924999999988,-106.97499999997672,-24022.712499999994,114.21249999999418,5601.1875,1829.0499999999884,-821.5249999999942,309.57500000001164,-330.5,8435.862499999988,-0.6875,0.65,-0.1875,-0.025000000000000355,-0.47499999999999964,0.21250000000000568,0.1375,0.25,-0.3624999999999998,-0.3500000000000001,0.0875,0.4124999999999943
5469.924999999988,80.02500000002328,-24119.712499999994,120.21249999999418,5543.1875,1753.0499999999884,-50.52499999999418,242.57500000001164,-346.5,8176.862499999988,0.3125,-0.35,-0.1875,-0.025000000000000355,0.5250000000000004,-0.7874999999999943,0.1375,0.25,0.6375000000000002,0.6499999999999999,0.0875,-0.5875000000000057
5368.924999999988,70.02500000002328,-24118.712499999994,192.21249999999418,5384.1875,1634.0499999999884,1020.4750000000058,439.57500000001164,-336.5,8173.862499999988,-0.6875,-0.35,-0.1875,-1.0250000000000004,0.5250000000000004,0.21250000000000568,0.1375,-0.75,-0.3624999999999998,-0.3500000000000001,1.0875,0.4124999999999943
5271.924999999988,-92.97499999997672,-24006.712499999994,0.21249999999417923,5780.1875,1609.0499999999884,649.4750000000058,409.57500000001164,-77.5,8130.862499999988,0.3125,-0.35,0.8125,-1.0250000000000004,0.5250000000000004,0.21250000000000568,-0.8625,0.25,-0.3624999999999998,0.6499999999999999,0.0875,0.4124999999999943
5201.924999999988,232.02500000002328,-23971.712499999994,69.21249999999418,5683.1875,1749.0499999999884,947.4750000000058,329.57500000001164,-160.5,8117.862499999988,-0.6875,-0.35,-0.1875,-0.025000000000000355,0.5250000000000004,0.21250000000000568,0.1375,0.25,-0.3624999999999998,-0.3500000000000001,0.0875,0.4124999999999943
5126.924999999988,630.0250000000233,-23879.712499999994,-229.78750000000582,5556.1875,1805.0499999999884,-152.52499999999418,77.57500000001164,-302.5,8361.862499999988,0.3125,-0.35,-0.1875,-1.0250000000000004,0.5250000000000004,0.21250000000000568,0.1375,0.25,-0.3624999999999998,-0.3500000000000001,0.0875,-0.5875000000000057
5273.924999999988,317.0250000000233,-23887.712499999994,-285.7875000000058,5326.1875,1635.0499999999884,1441.4750000000058,244.57500000001164,-271.5,8297.862499999988,-0.6875,-0.35,-0.1875,-0.025000000000000355,-0.47499999999999964,0.21250000000000568,0.1375,-0.75,0.6375000000000002,-0.3500000000000001,0.0875,-0.5875000000000057
5325.924999999988,-320.9749999999767,-24030.712499999994,-353.7875000000058,5608.1875,1670.0499999999884,2501.475000000006,210.57500000001164,-166.5,8352.862499999988,0.3125,-0.35,-0.1875,-0.025000000000000355,-0.47499999999999964,-0.7874999999999943,0.1375,0.25,0.6375000000000002,-0.3500000000000001,0.0875,-0.5875000000000057
5386.924999999988,-143.97499999997672,-23975.712499999994,-339.7875000000058,5793.1875,1776.0499999999884,896.4750000000058,144.57500000001164,-256.5,8285.862499999988,0.3125,0.65,0.8125,-0.025000000000000355,0.5250000000000004,0.21250000000000568,-0.8625,0.25,0.6375000000000002,-0.3500000000000001,1.0875,-0.5875000000000057
5519.924999999988,19.025000000023283,-23958.712499999994,-104.78750000000582,5246.1875,1752.0499999999884,-70.52499999999418,80.57500000001164,-426.5,8191.862499999988,-0.6875,0.65,0.8125,-0.025000000000000355,-0.47499999999999964,1.2125000000000057,0.1375,0.25,-0.3624999999999998,-0.3500000000000001,0.0875,0.4124999999999943
5442.924999999988,13.025000000023283,-24023.712499999994,250.21249999999418,5388.1875,1686.0499999999884,1393.4750000000058,270.57500000001164,-240.5,8193.862499999988,0.3125,-0.35,0.8125,-0.025000000000000355,-0.47499999999999964,0.21250000000000568,0.1375,-0.75,-0.3624999999999998,-0.3500000000000001,0.0875,0.4124999999999943
5370.924999999988,302.0250000000233,-23902.712499999994,217.21249999999418,5331.1875,1507.0499999999884,827.4750000000058,356.57500000001164,-180.5,8179.862499999988,0.3125,-1.35,-0.1875,-0.025000000000000355,-0.47499999999999964,1.2125000000000057,0.1375,0.25,-0.3624999999999998,-0.3500000000000001,0.0875,-0.5875000000000057
5410.924999999988,501.0250000000233,-23936.712499999994,439.2124999999942,5313.1875,1634.0499999999884,-1095.5249999999942,167.57500000001164,-31.5,8493.862499999988,0.3125,0.65,-1.1875,-0.025000000000000355,0.5250000000000004,0.21250000000000568,0.1375,-0.75,-0.3624999999999998,-0.3500000000000001,0.0875,0.4124999999999943
5419.924999999988,177.02500000002328,-23939.712499999994,423.2124999999942,5347.1875,1762.0499999999884,-724.5249999999942,336.57500000001164,-73.5,8601.862499999988,0.3125,-0.35,-0.1875,-0.025000000000000355,-0.47499999999999964,0.21250000000000568,0.1375,0.25,-0.3624999999999998,-0.3500000000000001,0.0875,0.4124999999999943
5261.924999999988,105.02500000002328,-23945.712499999994,126.21249999999418,5414.1875,1776.0499999999884,2102.475000000006,423.57500000001164,-172.5,8656.862499999988,0.3125,-0.35,-0.1875,-0.025000000000000355,-0.47499999999999964,-0.7874999999999943,0.1375,0.25,-0.3624999999999998,-0.3500000000000001,0.0875,-0.5875000000000057
5179.924999999988,50.02500000002328,-23906.712499999994,46.21249999999418,5401.1875,1767.0499999999884,1825.4750000000058,283.57500000001164,-2.5,8542.862499999988,0.3125,-0.35,-0.1875,-0.025000000000000355,-0.47499999999999964,0.21250000000000568,-0.8625,0.25,-0.3624999999999998,0.6499999999999999,0.0875,-0.5875000000000057
5410.924999999988,49.02500000002328,-23989.712499999994,-65.78750000000582,5488.1875,1705.0499999999884,-405.5249999999942,281.57500000001164,-15.5,8330.862499999988,0.3125,-0.35,-0.1875,-0.025000000000000355,0.5250000000000004,-0.7874999999999943,0.1375,0.25,-0.3624999999999998,-0.3500000000000001,0.0875,0.4124999999999943
5400.924999999988,67.02500000002328,-24090.712499999994,-44.78750000000582,5514.1875,1776.0499999999884,-1130.5249999999942,196.57500000001164,-8.5,8354.862499999988,0.3125,0.65,-0.1875,-0.025000000000000355,0.5250000000000004,-0.7874999999999943,0.1375,1.25,-0.3624999999999998,-0.3500000000000001,0.0875,1.4124999999999943
5487.924999999988,-67.97499999997672,-24087.712499999994,25.21249999999418,5465.1875,1719.0499999999884,-531.5249999999942,161.57500000001164,-304.5,8284.862499999988,-0.6875,-0.35,-0.1875,-0.025000000000000355,-0.47499999999999964,-0.7874999999999943,0.1375,0.25,-0.3624999999999998,-0.3500000000000001,-0.9125,1.4124999999999943
5365.924999999988,225.02500000002328,-23970.712499999994,-9.78750000000582,5293.1875,1790.0499999999884,-1666.5249999999942,341.57500000001164,-684.5,8186.862499999988,0.3125,-0.35,0.8125,-0.025000000000000355,-0.47499999999999964,1.2125000000000057,0.1375,0.25,-0.3624999999999998,0.6499999999999999,0.0875,-0.5875000000000057
5484.924999999988,-234.97499999997672,-24050.712499999994,-50.78750000000582,5255.1875,1868.0499999999884,-741.5249999999942,293.57500000001164,-605.5,8113.862499999988,0.3125,0.65,-1.1875,-0.025000000000000355,0.5250000000000004,-0.7874999999999943,-0.8625,0.25,-0.3624999999999998,-0.3500000000000001,0.0875,-0.5875000000000057
5578.924999999988,-244.97499999997672,-24226.712499999994,-42.78750000000582,5258.1875,1860.0499999999884,-448.5249999999942,365.57500000001164,-316.5,8280.862499999988,0.3125,-0.35,0.8125,-0.025000000000000355,-0.47499999999999964,0.21250000000000568,-0.8625,0.25,-0.3624999999999998,-0.3500000000000001,0.0875,-0.5875000000000057
5476.924999999988,-65.97499999997672,-24078.712499999994,-8.78750000000582,5464.1875,1807.0499999999884,-1671.5249999999942,295.57500000001164,-472.5,8295.862499999988,0.3125,-0.35,-0.1875,-1.0250000000000004,0.5250000000000004,0.21250000000000568,0.1375,0.25,-0.3624999999999998,-0.3500000000000001,0.0875,0.4124999999999943
5343.924999999988,80.02500000002328,-23892.712499999994,-147.78750000000582,5469.1875,1858.0499999999884,-582.5249999999942,249.57500000001164,-408.5,8477.862499999988,-0.6875,-0.35,0.8125,-0.025000000000000355,-0.47499999999999964,-0.7874999999999943,0.1375,0.25,-0.3624999999999998,0.6499999999999999,0.0875,0.4124999999999943
5400.924999999988,-178.97499999997672,-24003.712499999994,-105.78750000000582,5521.1875,1777.0499999999884,891.4750000000058,356.57500000001164,-510.5,8358.862499999988,0.3125,-0.35,-0.1875,-0.025000000000000355,0.5250000000000004,-0.7874999999999943,-0.8625,0.25,-0.3624999999999998,-0.3500000000000001,0.0875,-0.5875000000000057
5540.924999999988,-302.9749999999767,-24059.712499999994,-347.7875000000058,5534.1875,1676.0499999999884,837.4750000000058,266.57500000001164,-605.5,8249.862499999988,0.3125,-0.35,-0.1875,-0.025000000000000355,-0.47499999999999964,0.21250000000000568,0.1375,0.25,-0.3624999999999998,-0.3500000000000001,0.0875,-0.5875000000000057
5225.924999999988,-583.9749999999767,-24008.712499999994,-492.7875000000058,5007.1875,1746.0499999999884,335.4750000000058,232.57500000001164,-435.5,8335.862499999988,0.3125,-0.35,-0.1875,-1.0250000000000004,-0.47499999999999964,0.21250000000000568,0.1375,0.25,0.6375000000000002,-0.3500000000000001,-0.9125,-0.5875000000000057
5453.924999999988,-112.97499999997672,-23903.712499999994,-449.7875000000058,5153.1875,1711.0499999999884,-568.5249999999942,254.57500000001164,-418.5,8223.862499999988,-0.6875,0.65,0.8125,-0.025000000000000355,-0.47499999999999964,0.21250000000000568,0.1375,0.25,-0.3624999999999998,-0.3500000000000001,0.0875,-0.5875000000000057
5418.924999999988,-442.9749999999767,-23941.712499999994,-418.7875000000058,5332.1875,1729.0499999999884,-1721.5249999999942,292.57500000001164,-403.5,8291.862499999988,-0.6875,-0.35,-0.1875,-0.025000000000000355,-0.47499999999999964,0.21250000000000568,0.1375,0.25,0.6375000000000002,0.6499999999999999,0.0875,-0.5875000000000057
5462.924999999988,-534.9749999999767,-23993.712499999994,-397.7875000000058,5447.1875,1838.0499999999884,-1819.5249999999942,183.57500000001164,-266.5,8258.862499999988,0.3125,0.65,-0.1875,-1.0250000000000004,-0.47499999999999964,-1.7874999999999943,0.1375,0.25,-0.3624999999999998,-0.3500000000000001,0.0875,-1.5875000000000057
5495.924999999988,-305.9749999999767,-23857.712499999994,-262.7875000000058,5523.1875,1842.0499999999884,-648.5249999999942,73.57500000001164,-66.5,8295.862499999988,0.3125,-0.35,1.8125,-0.025000000000000355,-0.47499999999999964,0.21250000000000568,0.1375,0.25,0.6375000000000002,-0.3500000000000001,0.0875,0.4124999999999943
5641.924999999988,-88.97499999997672,-24009.712499999994,-521.7875000000058,5121.1875,1848.0499999999884,545.4750000000058,123.57500000001164,-136.5,8397.862499999988,0.3125,0.65,0.8125,0.9749999999999996,0.5250000000000004,1.2125000000000057,0.1375,0.25,-0.3624999999999998,-0.3500000000000001,-0.9125,0.4124999999999943
5194.924999999988,481.0250000000233,-23925.712499999994,-78.78750000000582,5113.1875,1454.0499999999884,-24.52499999999418,103.57500000001164,340.5,8895.862499999988,0.3125,-0.35,-0.1875,-0.025000000000000355,0.5250000000000004,-0.7874999999999943,0.1375,0.25,0.6375000000000002,0.6499999999999999,0.0875,-0.5875000000000057
4738.924999999988,358.0250000000233,-23976.712499999994,-413.7875000000058,5651.1875,1449.0499999999884,-978.5249999999942,312.57500000001164,46.5,8085.862499999988,0.3125,-0.35,-2.1875,-0.025000000000000355,-0.47499999999999964,-0.7874999999999943,0.1375,0.25,-0.3624999999999998,0.6499999999999999,0.0875,-0.5875000000000057
6182.924999999988,-347.9749999999767,-24182.712499999994,-634.7875000000058,5496.1875,2010.0499999999884,-691.5249999999942,533.5750000000116,-407.5,7811.862499999988,0.3125,-0.35,0.8125,0.9749999999999996,0.5250000000000004,1.2125000000000057,0.1375,0.25,-0.3624999999999998,-0.3500000000000001,1.0875,0.4124999999999943
5920.924999999988,120.02500000002328,-24286.712499999994,-471.7875000000058,5420.1875,2196.0499999999884,186.47500000000582,408.57500000001164,-670.5,8210.862499999988,0.3125,-0.35,1.8125,-0.025000000000000355,0.5250000000000004,1.2125000000000057,0.1375,-0.75,-0.3624999999999998,-1.35,1.0875,1.4124999999999943
4926.924999999988,667.0250000000233,-24005.712499999994,-98.78750000000582,5678.1875,1406.0499999999884,2028.4750000000058,93.57500000001164,-288.5,8570.862499999988,0.3125,0.65,0.8125,-1.0250000000000004,0.5250000000000004,1.2125000000000057,-0.8625,0.25,-0.3624999999999998,0.6499999999999999,0.0875,-0.5875000000000057
4779.924999999988,666.0250000000233,-23820.712499999994,145.21249999999418,5897.1875,1482.0499999999884,2873.475000000006,-65.42499999998836,1.5,8587.862499999988,0.3125,0.65,-1.1875,-0.025000000000000355,-0.47499999999999964,-1.7874999999999943,-0.8625,-0.75,0.6375000000000002,0.6499999999999999,-0.9125,-0.5875000000000057
5428.924999999988,448.0250000000233,-24073.712499999994,-75.78750000000582,5484.1875,1814.0499999999884,1932.4750000000058,253.57500000001164,-478.5,8194.862499999988,0.3125,-0.35,-1.1875,-0.025000000000000355,-0.47499999999999964,0.21250000000000568,0.1375,-0.75,0.6375000000000002,-0.3500000000000001,0.0875,-0.5875000000000057
5767.924999999988,-266.9749999999767,-24204.712499999994,-151.78750000000582,5254.1875,1815.0499999999884,489.4750000000058,283.57500000001164,-724.5,8004.862499999988,0.3125,-0.35,0.8125,-0.025000000000000355,0.5250000000000004,0.21250000000000568,0.1375,0.25,0.6375000000000002,-0.3500000000000001,0.0875,1.4124999999999943
5265.924999999988,444.0250000000233,-24029.712499999994,169.21249999999418,5721.1875,1669.0499999999884,-378.5249999999942,341.57500000001164,-195.5,8473.862499999988,0.3125,1.65,-0.1875,-1.0250000000000004,0.5250000000000004,0.21250000000000568,0.1375,0.25,0.6375000000000002,-0.3500000000000001,0.0875,-0.5875000000000057
4980.924999999988,309.0250000000233,-23943.712499999994,105.21249999999418,5658.1875,1530.0499999999884,-411.5249999999942,235.57500000001164,218.5,8481.862499999988,0.3125,-0.35,0.8125,-0.025000000000000355,-0.47499999999999964,-0.7874999999999943,0.1375,0.25,-0.3624999999999998,-0.3500000000000001,0.0875,-0.5875000000000057
5549.924999999988,-109.97499999997672,-24051.712499999994,14.21249999999418,5441.1875,1632.0499999999884,-913.5249999999942,327.57500000001164,-132.5,8129.862499999988,0.3125,-0.35,-0.1875,-0.025000000000000355,-0.47499999999999964,1.2125000000000057,0.1375,0.25,-0.3624999999999998,-0.3500000000000001,0.0875,-0.5875000000000057
5506.924999999988,110.02500000002328,-24065.712499999994,82.21249999999418,5237.1875,1584.0499999999884,-428.5249999999942,282.57500000001164,-104.5,8110.862499999988,0.3125,0.65,0.8125,-0.025000000000000355,0.5250000000000004,0.21250000000000568,0.1375,0.25,0.6375000000000002,-1.35,0.0875,0.4124999999999943
5352.924999999988,297.0250000000233,-24092.712499999994,199.21249999999418,5413.1875,1551.0499999999884,-294.5249999999942,228.57500000001164,-117.5,8332.862499999988,-0.6875,-0.35,0.8125,-0.025000000000000355,-0.47499999999999964,-0.7874999999999943,0.1375,0.25,-0.3624999999999998,-1.35,0.0875,0.4124999999999943
5297.924999999988,152.02500000002328,-24060.712499999994,135.21249999999418,5668.1875,1469.0499999999884,-250.52499999999418,421.57500000001164,-193.5,8546.862499999988,-0.6875,0.65,-0.1875,-1.0250000000000004,-0.47499999999999964,-0.7874999999999943,0.1375,0.25,0.6375000000000002,-0.3500000000000001,0.0875,0.4124999999999943
5161.924999999988,260.0250000000233,-23920.712499999994,181.21249999999418,5579.1875,1512.0499999999884,843.4750000000058,280.57500000001164,-62.5,8452.862499999988,-0.6875,-0.35,-0.1875,-0.025000000000000355,-0.47499999999999964,-0.7874999999999943,0.1375,0.25,-0.3624999999999998,-0.3500000000000001,0.0875,-0.5875000000000057
5242.924999999988,199.02500000002328,-23862.712499999994,82.21249999999418,5190.1875,1643.0499999999884,-47.52499999999418,324.57500000001164,-100.5,8211.862499999988,0.3125,0.65,-0.1875,-1.0250000000000004,0.5250000000000004,-0.7874999999999943,-0.8625,0.25,-0.3624999999999998,-0.3500000000000001,0.0875,0.4124999999999943
5454.924999999988,-13.974999999976717,-23963.712499999994,130.21249999999418,5078.1875,1704.0499999999884,-322.5249999999942,175.57500000001164,-256.5,8171.862499999988,0.3125,-0.35,0.8125,-1.0250000000000004,0.5250000000000004,1.2125000000000057,0.1375,0.25,-0.3624999999999998,-0.3500000000000001,0.0875,-0.5875000000000057
5417.924999999988,-191.97499999997672,-24192.712499999994,182.21249999999418,5293.1875,1702.0499999999884,21.47500000000582,-25.42499999998836,-256.5,8288.862499999988,-0.6875,-0.35,0.8125,-0.025000000000000355,-0.47499999999999964,1.2125000000000057,0.1375,0.25,0.6375000000000002,-0.3500000000000001,0.0875,0.4124999999999943
5558.924999999988,267.0250000000233,-23883.712499999994,-5.787500000005821,5599.1875,1598.0499999999884,742.4750000000058,237.57500000001164,-138.5,8368.862499999988,-0.6875,-0.35,0.8125,-1.0250000000000004,0.5250000000000004,0.21250000000000568,-0.8625,0.25,0.6375000000000002,-0.3500000000000001,0.0875,-0.5875000000000057
5502.924999999988,216.02500000002328,-23822.712499999994,-124.78750000000582,5376.1875,1671.0499999999884,-524.5249999999942,216.57500000001164,-148.5,8013.862499999988,0.3125,0.65,-0.1875,-0.025000000000000355,-0.47499999999999964,1.2125000000000057,0.1375,0.25,0.6375000000000002,-0.3500000000000001,0.0875,0.4124999999999943
5198.924999999988,172.02500000002328,-23970.712499999994,1.2124999999941792,5426.1875,1692.0499999999884,-723.5249999999942,30.57500000001164,-1.5,8298.862499999988,1.3125,0.65,-0.1875,-0.025000000000000355,0.5250000000000004,-0.7874999999999943,-0.8625,0.25,0.6375000000000002,-0.3500000000000001,-0.9125,0.4124999999999943
5198.924999999988,-96.97499999997672,-23982.712499999994,-53.78750000000582,5373.1875,1793.0499999999884,-654.5249999999942,40.57500000001164,-62.5,8296.862499999988,0.3125,-0.35,-0.1875,-0.025000000000000355,0.5250000000000004,-0.7874999999999943,0.1375,0.25,-0.3624999999999998,0.6499999999999999,0.0875,0.4124999999999943
5401.924999999988,-114.97499999997672,-23972.712499999994,-197.78750000000582,5329.1875,1965.0499999999884,-63.52499999999418,-40.42499999998836,-223.5,7672.862499999988,0.3125,-0.35,0.8125,-0.025000000000000355,0.5250000000000004,-0.7874999999999943,0.1375,-0.75,0.6375000000000002,-0.3500000000000001,1.0875,-0.5875000000000057
5437.924999999988,94.02500000002328,-6938.712499999994,-148.78750000000582,5457.1875,2018.0499999999884,1687.4750000000058,78.57500000001164,61.5,8398.862499999988,0.3125,0.65,0.8125,-0.025000000000000355,0.5250000000000004,0.21250000000000568,0.1375,0.25,-0.3624999999999998,1.65,0.0875,0.4124999999999943
5460.924999999988,-98.97499999997672,-24142.712499999994,-158.78750000000582,5689.1875,1987.0499999999884,1934.4750000000058,217.57500000001164,42.5,8393.862499999988,0.3125,0.65,-1.1875,-0.025000000000000355,0.5250000000000004,0.21250000000000568,0.1375,0.25,0.6375000000000002,-0.3500000000000001,0.0875,1.4124999999999943
5334.924999999988,-15.974999999976717,-23973.712499999994,-190.78750000000582,5641.1875,2020.0499999999884,-70.52499999999418,203.57500000001164,-14.5,8702.862499999988,-0.6875,0.65,-0.1875,-0.025000000000000355,-0.47499999999999964,-0.7874999999999943,0.1375,0.25,-0.3624999999999998,-0.3500000000000001,0.0875,-0.5875000000000057
5460.924999999988,-19.974999999976717,-23898.712499999994,-160.78750000000582,5485.1875,1841.0499999999884,-299.5249999999942,371.57500000001164,83.5,8934.862499999988,1.3125,-0.35,0.8125,-0.025000000000000355,-0.47499999999999964,-0.7874999999999943,0.1375,0.25,-0.3624999999999998,0.6499999999999999,-0.9125,-0.5875000000000057
5416.924999999988,-9.974999999976717,-24017.712499999994,-186.78750000000582,5447.1875,1903.0499999999884,1317.4750000000058,178.57500000001164,-113.5,8578.862499999988,0.3125,-0.35,0.8125,-0.025000000000000355,-0.47499999999999964,0.21250000000000568,0.1375,0.25,-0.3624999999999998,-0.3500000000000001,0.0875,1.4124999999999943
5461.924999999988,-352.9749999999767,-24076.712499999994,-277.7875000000058,5394.1875,1773.0499999999884,2039.4750000000058,201.57500000001164,-181.5,8429.862499999988,-0.6875,-0.35,0.8125,0.9749999999999996,-0.47499999999999964,0.21250000000000568,0.1375,0.25,0.6375000000000002,-0.3500000000000001,0.0875,-0.5875000000000057
5376.924999999988,-262.9749999999767,-24118.712499999994,-246.78750000000582,5463.1875,1660.0499999999884,486.4750000000058,221.57500000001164,23.5,8405.862499999988,-0.6875,-0.35,-0.1875,-1.0250000000000004,-0.47499999999999964,0.21250000000000568,0.1375,0.25,-0.3624999999999998,-0.3500000000000001,0.0875,-0.5875000000000057
5429.924999999988,198.02500000002328,-23908.712499999994,-346.7875000000058,5368.1875,1690.0499999999884,-91.52499999999418,196.57500000001164,75.5,8058.862499999988,0.3125,-0.35,-0.1875,-0.025000000000000355,-0.47499999999999964,0.21250000000000568,-0.8625,0.25,-0.3624999999999998,-0.3500000000000001,0.0875,1.4124999999999943
5330.924999999988,443.0250000000233,-23849.712499999994,-273.7875000000058,5182.1875,1696.0499999999884,83.47500000000582,171.57500000001164,212.5,8112.862499999988,-0.6875,0.65,-0.1875,-0.025000000000000355,-0.47499999999999964,0.21250000000000568,0.1375,0.25,-0.3624999999999998,-0.3500000000000001,0.0875,0.4124999999999943
5366.924999999988,-20.974999999976717,-23921.712499999994,34.21249999999418,5266.1875,1618.0499999999884,1695.4750000000058,285.57500000001164,171.5,8073.862499999988,-0.6875,-0.35,-0.1875,-0.025000000000000355,-0.47499999999999964,0.21250000000000568,0.1375,0.25,-0.3624999999999998,-0.3500000000000001,0.0875,0.4124999999999943
5374.924999999988,-216.97499999997672,-23941.712499999994,184.21249999999418,5361.1875,1431.0499999999884,1461.4750000000058,351.57500000001164,38.5,8130.862499999988,0.3125,-0.35,-0.1875,-1.0250000000000004,-0.47499999999999964,-0.7874999999999943,-0.8625,0.25,-0.3624999999999998,-0.3500000000000001,0.0875,-0.5875000000000057
5421.924999999988,-138.97499999997672,-24041.712499999994,277.2124999999942,5395.1875,1516.0499999999884,1700.4750000000058,195.57500000001164,11.5,8182.862499999988,0.3125,-0.35,0.8125,-0.025000000000000355,-0.47499999999999964,-0.7874999999999943,0.1375,0.25,-0.3624999999999998,-0.3500000000000001,1.0875,-0.5875000000000057
5409.924999999988,-599.9749999999767,-24087.712499999994,243.21249999999418,5403.1875,1566.0499999999884,-8.52499999999418,205.57500000001164,-293.5,8358.862499999988,0.3125,-0.35,-0.1875,-0.025000000000000355,0.5250000000000004,0.21250000000000568,0.1375,0.25,-0.3624999999999998,-0.3500000000000001,0.0875,0.4124999999999943
5392.924999999988,-38.97499999997672,-23984.712499999994,232.21249999999418,5380.1875,1630.0499999999884,-2377.524999999994,340.57500000001164,-639.5,8173.862499999988,0.3125,-0.35,-0.1875,-1.0250000000000004,-0.47499999999999964,0.21250000000000568,0.1375,0.25,-0.3624999999999998,-0.3500000000000001,0.0875,1.4124999999999943
5441.924999999988,48.02500000002328,-24010.712499999994,193.21249999999418,5197.1875,1588.0499999999884,-1134.5249999999942,256.57500000001164,-665.5,8344.862499999988,-0.6875,-0.35,-0.1875,-0.025000000000000355,0.5250000000000004,0.21250000000000568,-0.8625,0.25,-1.3624999999999998,-0.3500000000000001,0.0875,0.4124999999999943
5251.924999999988,189.02500000002328,-24104.712499999994,193.21249999999418,5160.1875,1546.0499999999884,846.4750000000058,258.57500000001164,-680.5,8349.862499999988,0.3125,-0.35,-0.1875,-1.0250000000000004,-0.47499999999999964,0.21250000000000568,0.1375,0.25,1.6375000000000002,-0.3500000000000001,0.0875,-0.5875000000000057
5102.924999999988,-106.97499999997672,-23989.712499999994,137.21249999999418,5349.1875,1302.0499999999884,734.4750000000058,357.57500000001164,-902.5,8367.862499999988,-0.6875,-0.35,0.8125,-0.025000000000000355,-0.47499999999999964,-0.7874999999999943,0.1375,0.25,0.6375000000000002,-0.3500000000000001,0.0875,1.4124999999999943
5133.924999999988,-202.97499999997672,-23912.712499999994,317.2124999999942,5525.1875,1523.0499999999884,-1174.5249999999942,272.57500000001164,-996.5,8251.862499999988,0.3125,-0.35,-1.1875,-0.025000000000000355,-0.47499999999999964,0.21250000000000568,0.1375,0.25,0.6375000000000002,0.6499999999999999,0.0875,-0.5875000000000057
5223.924999999988,151.02500000002328,-23987.712499999994,289.2124999999942,5585.1875,1741.0499999999884,134.47500000000582,323.57500000001164,-623.5,8243.862499999988,0.3125,-0.35,-0.1875,-0.025000000000000355,-0.47499999999999964,0.21250000000000568,0.1375,0.25,0.6375000000000002,0.6499999999999999,0.0875,0.4124999999999943
5261.924999999988,-140.97499999997672,-23996.712499999994,82.21249999999418,5457.1875,1722.0499999999884,1286.4750000000058,339.57500000001164,-587.5,8505.862499999988,0.3125,-0.35,-2.1875,-0.025000000000000355,-0.47499999999999964,-0.7874999999999943,0.1375,0.25,-0.3624999999999998,0.6499999999999999,1.0875,1.4124999999999943
5267.924999999988,-294.9749999999767,-23925.712499999994,9.21249999999418,5377.1875,1869.0499999999884,-211.52499999999418,226.57500000001164,-494.5,8702.862499999988,0.3125,-0.35,-0.1875,-0.025000000000000355,0.5250000000000004,-0.7874999999999943,0.1375,-0.75,-0.3624999999999998,-0.3500000000000001,0.0875,0.4124999999999943
5224.924999999988,-151.97499999997672,-23958.712499999994,-79.78750000000582,5624.1875,1934.0499999999884,-257.5249999999942,197.57500000001164,-507.5,8638.862499999988,0.3125,-0.35,-0.1875,0.9749999999999996,-0.47499999999999964,0.21250000000000568,0.1375,0.25,-0.3624999999999998,-0.3500000000000001,0.0875,-0.5875000000000057
5332.924999999988,-337.9749999999767,-23921.712499999994,-81.78750000000582,5625.1875,1962.0499999999884,-604.5249999999942,241.57500000001164,-335.5,8551.862499999988,0.3125,-0.35,0.8125,-0.025000000000000355,-0.47499999999999964,1.2125000000000057,0.1375,0.25,0.6375000000000002,1.65,0.0875,0.4124999999999943
5327.924999999988,37.02500000002328,-24048.712499999994,-82.78750000000582,5400.1875,1925.0499999999884,1945.4750000000058,198.57500000001164,-325.5,8735.862499999988,-0.6875,-0.35,0.8125,0.9749999999999996,-0.47499999999999964,0.21250000000000568,0.1375,0.25,0.6375000000000002,0.6499999999999999,0.0875,0.4124999999999943
5341.924999999988,35.02500000002328,-24094.712499999994,-264.7875000000058,5356.1875,1810.0499999999884,2152.475000000006,148.57500000001164,-227.5,8891.862499999988,1.3125,-0.35,0.8125,-1.0250000000000004,0.5250000000000004,0.21250000000000568,0.1375,0.25,0.6375000000000002,0.6499999999999999,0.0875,-0.5875000000000057
5282.924999999988,100.02500000002328,-24028.712499999994,-355.7875000000058,5435.1875,1965.0499999999884,413.4750000000058,384.57500000001164,-164.5,8861.862499999988,1.3125,-0.35,-0.1875,-0.025000000000000355,0.5250000000000004,-1.7874999999999943,0.1375,0.25,-0.3624999999999998,-0.3500000000000001,1.0875,-0.5875000000000057
5166.924999999988,-49.97499999997672,-23869.712499999994,-207.78750000000582,5429.1875,1931.0499999999884,-347.5249999999942,270.57500000001164,-118.5,8366.862499999988,0.3125,-0.35,-0.1875,-0.025000000000000355,0.5250000000000004,0.21250000000000568,0.1375,0.25,-0.3624999999999998,-0.3500000000000001,0.0875,0.4124999999999943
5364.924999999988,89.02500000002328,-23938.712499999994,-108.78750000000582,5347.1875,1957.0499999999884,-619.5249999999942,217.57500000001164,-34.5,8384.862499999988,1.3125,0.65,-0.1875,-0.025000000000000355,-0.47499999999999964,0.21250000000000568,-0.8625,0.25,0.6375000000000002,0.6499999999999999,0.0875,1.4124999999999943
5589.924999999988,303.0250000000233,-23888.712499999994,-189.78750000000582,5215.1875,1805.0499999999884,57.47500000000582,312.57500000001164,-128.5,8301.862499999988,0.3125,-0.35,-0.1875,-0.025000000000000355,-0.47499999999999964,0.21250000000000568,0.1375,0.25,-0.3624999999999998,0.6499999999999999,0.0875,-0.5875000000000057
5473.924999999988,248.02500000002328,-23917.712499999994,-125.78750000000582,5684.1875,1610.0499999999884,-29.52499999999418,309.57500000001164,-263.5,8366.862499999988,-0.6875,0.65,-0.1875,-1.0250000000000004,0.5250000000000004,0.21250000000000568,0.1375,0.25,0.6375000000000002,-0.3500000000000001,0.0875,-0.5875000000000057
5408.924999999988,70.02500000002328,-23780.712499999994,-149.78750000000582,5680.1875,1553.0499999999884,-618.5249999999942,338.57500000001164,-164.5,8532.862499999988,0.3125,-0.35,0.8125,-0.025000000000000355,0.5250000000000004,0.21250000000000568,-0.8625,0.25,1.6375000000000002,-0.3500000000000001,0.0875,0.4124999999999943
5358.924999999988,26.025000000023283,-24011.712499999994,-68.78750000000582,5559.1875,1750.0499999999884,-1047.5249999999942,252.57500000001164,-151.5,8233.862499999988,0.3125,-0.35,0.8125,-0.025000000000000355,-0.47499999999999964,0.21250000000000568,-0.8625,0.25,0.6375000000000002,-0.3500000000000001,0.0875,-0.5875000000000057
5363.924999999988,-64.97499999997672,-24112.712499999994,-95.78750000000582,5297.1875,1785.0499999999884,145.47500000000582,360.57500000001164,-241.5,8211.862499999988,0.3125,0.65,-1.1875,-1.0250000000000004,-0.47499999999999964,-0.7874999999999943,0.1375,0.25,-0.3624999999999998,-1.35,0.0875,-1.5875000000000057
5296.924999999988,-237.97499999997672,-24021.712499999994,-205.78750000000582,5439.1875,1402.0499999999884,678.4750000000058,264.57500000001164,-180.5,8333.862499999988,-0.6875,0.65,-0.1875,-1.0250000000000004,-0.47499999999999964,-0.7874999999999943,0.1375,0.25,-0.3624999999999998,-0.3500000000000001,0.0875,0.4124999999999943
5181.924999999988,-843.9749999999767,-23932.712499999994,-81.78750000000582,5615.1875,1397.0499999999884,-1334.5249999999942,392.57500000001164,7.5,8326.862499999988,0.3125,0.65,-1.1875,-0.025000000000000355,-0.47499999999999964,-0.7874999999999943,0.1375,0.25,-0.3624999999999998,-0.3500000000000001,0.0875,0.4124999999999943
5059.924999999988,-1284.9749999999767,-23938.712499999994,-24.78750000000582,5547.1875,1597.0499999999884,-1543.5249999999942,440.57500000001164,128.5,8408.862499999988,0.3125,-0.35,-0.1875,-1.0250000000000004,0.5250000000000004,0.21250000000000568,0.1375,0.25,0.6375000000000002,0.6499999999999999,-0.9125,0.4124999999999943
5219.924999999988,-138.97499999997672,-23937.712499999994,-81.78750000000582,5567.1875,1576.0499999999884,-608.5249999999942,317.57500000001164,363.5,8349.862499999988,0.3125,-0.35,-0.1875,-1.0250000000000004,-0.47499999999999964,0.21250000000000568,0.1375,0.25,-0.3624999999999998,0.6499999999999999,-0.9125,-0.5875000000000057
5384.924999999988,-188.97499999997672,-23915.712499999994,-3.7875000000058208,5512.1875,1535.0499999999884,-977.5249999999942,320.57500000001164,385.5,8566.862499999988,0.3125,-0.35,0.8125,-0.025000000000000355,-0.47499999999999964,1.2125000000000057,0.1375,0.25,0.6375000000000002,-0.3500000000000001,0.0875,-0.5875000000000057
5397.924999999988,-187.97499999997672,-23943.712499999994,30.21249999999418,5521.1875,1468.0499999999884,1190.4750000000058,398.57500000001164,317.5,8346.862499999988,0.3125,0.65,-0.1875,-0.025000000000000355,-0.47499999999999964,0.21250000000000568,0.1375,0.25,-0.3624999999999998,-0.3500000000000001,0.0875,-0.5875000000000057
5287.924999999988,77.02500000002328,-23927.712499999994,29.21249999999418,5522.1875,1563.0499999999884,446.4750000000058,460.57500000001164,-138.5,8332.862499999988,0.3125,-0.35,1.8125,-0.025000000000000355,-0.47499999999999964,1.2125000000000057,0.1375,0.25,-0.3624999999999998,-0.3500000000000001,0.0875,-1.5875000000000057
5325.924999999988,-13.974999999976717,-23935.712499999994,14.21249999999418,5347.1875,1512.0499999999884,960.4750000000058,213.57500000001164,-257.5,8281.862499999988,0.3125,-0.35,0.8125,-0.025000000000000355,0.5250000000000004,-0.7874999999999943,0.1375,0.25,-0.3624999999999998,0.6499999999999999,-0.9125,0.4124999999999943
5565.924999999988,-85.97499999997672,-23879.712499999994,45.21249999999418,5637.1875,1604.0499999999884,411.4750000000058,323.57500000001164,-298.5,8423.862499999988,0.3125,-0.35,-0.1875,-0.025000000000000355,-0.47499999999999964,-0.7874999999999943,-0.8625,0.25,-0.3624999999999998,-0.3500000000000001,0.0875,-0.5875000000000057
5532.924999999988,85.02500000002328,-23987.712499999994,-61.78750000000582,5246.1875,1783.0499999999884,-846.5249999999942,285.57500000001164,-241.5,8315.862499999988,-0.6875,-0.35,0.8125,-0.025000000000000355,-0.47499999999999964,-0.7874999999999943,0.1375,0.25,-0.3624999999999998,0.6499999999999999,0.0875,0.4124999999999943
5373.924999999988,-5.974999999976717,-23876.712499999994,0.21249999999417923,5372.1875,1968.0499999999884,1364.4750000000058,249.57500000001164,-267.5,8213.862499999988,0.3125,-0.35,-0.1875,0.9749999999999996,-0.47499999999999964,-0.7874999999999943,0.1375,0.25,0.6375000000000002,0.6499999999999999,0.0875,-1.5875000000000057
5489.924999999988,-51.97499999997672,-23987.712499999994,189.21249999999418,5621.1875,2022.0499999999884,1955.4750000000058,256.57500000001164,-405.5,8582.862499999988,0.3125,-0.35,0.8125,0.9749999999999996,0.5250000000000004,0.21250000000000568,0.1375,-0.75,0.6375000000000002,-0.3500000000000001,0.0875,-0.5875000000000057
5498.924999999988,-464.9749999999767,-23917.712499999994,127.21249999999418,5427.1875,1931.0499999999884,-139.52499999999418,190.57500000001164,-89.5,8635.862499999988,1.3125,0.65,-0.1875,-0.025000000000000355,-0.47499999999999964,0.21250000000000568,-0.8625,0.25,0.6375000000000002,-0.3500000000000001,1.0875,-0.5875000000000057
5551.924999999988,-308.9749999999767,-23791.712499999994,-86.78750000000582,5457.1875,1843.0499999999884,324.4750000000058,230.57500000001164,14.5,8399.862499999988,0.3125,0.65,0.8125,-0.025000000000000355,-0.47499999999999964,0.21250000000000568,0.1375,0.25,-0.3624999999999998,-0.3500000000000001,0.0875,-0.5875000000000057
5465.924999999988,-240.97499999997672,-23907.712499999994,-19.78750000000582,5487.1875,1787.0499999999884,465.4750000000058,259.57500000001164,-58.5,8637.862499999988,0.3125,-0.35,0.8125,-0.025000000000000355,0.5250000000000004,-0.7874999999999943,0.1375,0.25,0.6375000000000002,-0.3500000000000001,0.0875,0.4124999999999943
5306.924999999988,-209.97499999997672,-23959.712499999994,55.21249999999418,5496.1875,1832.0499999999884,-149.52499999999418,313.57500000001164,-89.5,8501.862499999988,-0.6875,-0.35,-0.1875,-0.025000000000000355,0.5250000000000004,-0.7874999999999943,0.1375,-0.75,0.6375000000000002,0.6499999999999999,0.0875,1.4124999999999943
5399.924999999988,-122.97499999997672,-24106.712499999994,194.21249999999418,5405.1875,1540.0499999999884,-1041.5249999999942,168.57500000001164,-121.5,8433.862499999988,0.3125,-0.35,-0.1875,-0.025000000000000355,0.5250000000000004,0.21250000000000568,-0.8625,0.25,0.6375000000000002,0.6499999999999999,0.0875,-0.5875000000000057
5402.924999999988,-320.9749999999767,-24178.712499999994,77.21249999999418,5132.1875,1571.0499999999884,-419.5249999999942,34.57500000001164,-0.5,8336.862499999988,0.3125,-0.35,-0.1875,-0.025000000000000355,0.5250000000000004,0.21250000000000568,0.1375,0.25,0.6375000000000002,0.6499999999999999,0.0875,0.4124999999999943
5369.924999999988,-156.97499999997672,-23952.712499999994,-52.78750000000582,5558.1875,1811.0499999999884,-85.52499999999418,186.57500000001164,-337.5,8231.862499999988,-0.6875,0.65,-1.1875,-0.025000000000000355,0.5250000000000004,0.21250000000000568,0.1375,0.25,-1.3624999999999998,0.6499999999999999,0.0875,-0.5875000000000057
5413.924999999988,-363.9749999999767,-23803.712499999994,-107.78750000000582,5162.1875,1749.0499999999884,-192.52499999999418,236.57500000001164,-470.5,8314.862499999988,-0.6875,-0.35,-0.1875,-1.0250000000000004,-0.47499999999999964,0.21250000000000568,0.1375,0.25,-0.3624999999999998,-0.3500000000000001,0.0875,1.4124999999999943
5443.924999999988,-536.9749999999767,-23946.712499999994,-109.78750000000582,5373.1875,1646.0499999999884,2133.475000000006,199.57500000001164,-391.5,8285.862499999988,0.3125,-0.35,-0.1875,-1.0250000000000004,0.5250000000000004,0.21250000000000568,0.1375,-0.75,0.6375000000000002,-0.3500000000000001,0.0875,0.4124999999999943
5339.924999999988,-546.9749999999767,-24058.712499999994,-129.78750000000582,5595.1875,1471.0499999999884,1100.4750000000058,341.57500000001164,-345.5,8155.862499999988,0.3125,-0.35,-1.1875,-1.0250000000000004,0.5250000000000004,-0.7874999999999943,0.1375,-0.75,0.6375000000000002,-0.3500000000000001,-0.9125,0.4124999999999943
5463.924999999988,-63.97499999997672,-24013.712499999994,-76.78750000000582,5630.1875,1401.0499999999884,386.4750000000058,265.57500000001164,-553.5,8086.862499999988,0.3125,-1.35,0.8125,-1.0250000000000004,-0.47499999999999964,-0.7874999999999943,0.1375,0.25,-0.3624999999999998,-0.3500000000000001,0.0875,-0.5875000000000057
5400.924999999988,178.02500000002328,-23950.712499999994,-9.78750000000582,5617.1875,1533.0499999999884,137.47500000000582,172.57500000001164,-532.5,8082.862499999988,-0.6875,-0.35,0.8125,-1.0250000000000004,-0.47499999999999964,0.21250000000000568,0.1375,-0.75,-0.3624999999999998,-0.3500000000000001,0.0875,0.4124999999999943
5250.924999999988,199.02500000002328,-23897.712499999994,-175.78750000000582,5437.1875,1629.0499999999884,410.4750000000058,413.57500000001164,-482.5,8239.862499999988,0.3125,-0.35,-0.1875,-0.025000000000000355,-0.47499999999999964,0.21250000000000568,0.1375,0.25,1.6375000000000002,-0.3500000000000001,0.0875,0.4124999999999943
5390.924999999988,109.02500000002328,-23962.712499999994,-384.7875000000058,5559.1875,1639.0499999999884,301.4750000000058,226.57500000001164,-458.5,8031.862499999988,0.3125,-0.35,0.8125,-0.025000000000000355,0.5250000000000004,0.21250000000000568,0.1375,0.25,-0.3624999999999998,0.6499999999999999,0.0875,0.4124999999999943
5404.924999999988,-188.97499999997672,-24167.712499999994,-388.7875000000058,5447.1875,1692.0499999999884,72.47500000000582,4.5750000000116415,-533.5,7928.862499999988,-0.6875,-0.35,-0.1875,-0.025000000000000355,-0.47499999999999964,0.21250000000000568,0.1375,-0.75,-0.3624999999999998,-0.3500000000000001,-0.9125,-0.5875000000000057
5374.924999999988,-230.97499999997672,-24128.712499999994,-381.7875000000058,5362.1875,1703.0499999999884,-1103.5249999999942,162.57500000001164,-394.5,8105.862499999988,0.3125,-0.35,-0.1875,-0.025000000000000355,0.5250000000000004,0.21250000000000568,0.1375,0.25,-0.3624999999999998,-0.3500000000000001,-0.9125,0.4124999999999943
5604.924999999988,189.02500000002328,-24067.712499999994,-384.7875000000058,5332.1875,1745.0499999999884,695.4750000000058,155.57500000001164,-364.5,8101.862499999988,0.3125,-0.35,0.8125,-0.025000000000000355,-0.47499999999999964,0.21250000000000568,0.1375,0.25,0.6375000000000002,-0.3500000000000001,0.0875,0.4124999999999943
5546.924999999988,32.02500000002328,-24039.712499999994,-336.7875000000058,5465.1875,1718.0499999999884,2428.475000000006,311.57500000001164,-356.5,8269.862499999988,0.3125,-0.35,1.8125,1.9749999999999996,-0.47499999999999964,1.2125000000000057,0.1375,1.25,0.6375000000000002,0.6499999999999999,0.0875,-0.5875000000000057
5312.924999999988,373.0250000000233,-23991.712499999994,-367.7875000000058,5630.1875,1692.0499999999884,406.4750000000058,230.57500000001164,-274.5,8440.862499999988,0.3125,1.65,-5.1875,0.9749999999999996,0.5250000000000004,-0.7874999999999943,0.1375,-0.75,0.6375000000000002,2.65,2.0875,-3.5875000000000057
5039.924999999988,593.0250000000233,-24048.712499999994,-233.78750000000582,5902.1875,1473.0499999999884,344.4750000000058,563.5750000000116,71.5,8946.862499999988,-0.6875,0.65,-2.1875,-1.0250000000000004,0.5250000000000004,-0.7874999999999943,0.1375,-0.75,-0.3624999999999998,0.6499999999999999,0.0875,-0.5875000000000057
5454.924999999988,-489.9749999999767,-24246.712499999994,-878.7875000000058,4806.1875,1847.0499999999884,-1852.5249999999942,852.5750000000116,-991.5,7271.862499999988,1.3125,-1.35,1.8125,0.9749999999999996,1.5250000000000004,3.2125000000000057,-0.8625,0.25,0.6375000000000002,2.65,0.0875,1.4124999999999943
5616.924999999988,-693.9749999999767,-24227.712499999994,-1003.7875000000058,5328.1875,1629.0499999999884,-992.5249999999942,525.5750000000116,-328.5,8241.862499999988,-0.6875,0.65,6.8125,0.9749999999999996,0.5250000000000004,0.21250000000000568,0.1375,0.25,-0.3624999999999998,0.6499999999999999,0.0875,0.4124999999999943
4727.924999999988,757.0250000000233,-23917.712499999994,-26.78750000000582,6006.1875,1255.0499999999884,1991.4750000000058,296.57500000001164,335.5,8720.862499999988,0.3125,2.65,3.8125,-1.0250000000000004,1.5250000000000004,2.2125000000000057,0.1375,0.25,0.6375000000000002,-0.3500000000000001,0.0875,-1.5875000000000057
4757.924999999988,481.0250000000233,-23845.712499999994,499.2124999999942,6099.1875,1256.0499999999884,584.4750000000058,189.57500000001164,366.5,8683.862499999988,0.3125,-3.35,-9.1875,-0.025000000000000355,-2.4749999999999996,-1.7874999999999943,-0.8625,0.25,-0.3624999999999998,2.65,-0.9125,0.4124999999999943
4782.924999999988,941.0250000000233,-24015.712499999994,113.21249999999418,5835.1875,1216.0499999999884,1240.4750000000058,313.57500000001164,340.5,8616.862499999988,-1.6875,0.65,0.8125,-1.0250000000000004,-0.47499999999999964,0.21250000000000568,0.1375,0.25,0.6375000000000002,-0.3500000000000001,-0.9125,-1.5875000000000057
6487.924999999988,-570.9749999999767,-24327.712499999994,-729.7875000000058,4680.1875,2129.0499999999884,-145.52499999999418,377.57500000001164,-785.5,7885.862499999988,1.3125,-3.35,-0.1875,-1.0250000000000004,-1.4749999999999996,0.21250000000000568,0.1375,0.25,0.6375000000000002,-0.3500000000000001,-0.9125,-2.5875000000000057
5926.924999999988,-461.9749999999767,-24097.712499999994,-200.78750000000582,5204.1875,1750.0499999999884,273.4750000000058,378.57500000001164,-167.5,8290.862499999988,1.3125,-1.35,-1.1875,-0.025000000000000355,0.5250000000000004,1.2125000000000057,0.1375,-0.75,0.6375000000000002,-1.35,0.0875,1.4124999999999943
5224.924999999988,-93.97499999997672,-24002.712499999994,57.21249999999418,5577.1875,1158.0499999999884,896.4750000000058,208.57500000001164,223.5,8597.862499999988,-1.6875,0.65,-1.1875,-1.0250000000000004,-0.47499999999999964,0.21250000000000568,0.1375,-0.75,-0.3624999999999998,1.65,1.0875,-0.5875000000000057
4462.924999999988,481.0250000000233,-23940.712499999994,350.2124999999942,6028.1875,1266.0499999999884,180.47500000000582,357.57500000001164,302.5,8480.862499999988,0.3125,0.65,-1.1875,0.9749999999999996,0.5250000000000004,-1.7874999999999943,0.1375,0.25,-0.3624999999999998,-0.3500000000000001,0.0875,0.4124999999999943
8628.924999999988,9029.025000000023,-24213.712499999994,-306.7875000000058,4868.1875,2585.0499999999884,222.47500000000582,468.57500000001164,-398.5,7588.862499999988,9.3125,8.65,-27.1875,-31.025,54.525,9.212500000000006,0.1375,0.25,-0.3624999999999998,-5.35,2.0875,10.412499999999994
22813.92499999999,90695.02500000002,-23937.712499999994,-810.7875000000058,5003.1875,30112.04999999999,10902.475000000006,483.57500000001164,-246.5,7885.862499999988,-12.6875,4.65,37.8125,71.975,-17.475,31.212500000000006,0.1375,1.25,0.6375000000000002,-4.35,-3.9125,13.412499999999994
21723.92499999999,178951.02500000002,-16189.712499999994,1008.2124999999942,6008.1875,126716.04999999999,174509.475,-1669.4249999999884,872.5,6774.862499999988,16.3125,3.65,-50.1875,0.9749999999999996,-13.475,-26.787499999999994,-0.8625,1.25,-1.3624999999999998,-8.35,10.0875,12.412499999999994
28456.92499999999,214231.02500000002,-16777.712499999994,1099.2124999999942,4791.1875,251830.05,198581.475,-2926.4249999999884,1514.5,12901.862499999988,-31.6875,-7.35,48.8125,-23.025,-4.475,-1.7874999999999943,0.1375,-0.75,-0.3624999999999998,1.65,2.0875,9.412499999999994
34354.92499999999,198112.02500000002,-17464.712499999994,-334.7875000000058,642.1875,266934.05,193897.475,-852.4249999999884,-1655.5,6936.862499999988,8.3125,11.65,-3.1875,1.9749999999999996,-0.47499999999999964,-4.787499999999994,-0.8625,-0.75,-1.3624999999999998,-1.35,-8.9125,-0.5875000000000057
23664.92499999999,155250.02500000002,-19967.712499999994,-86.78750000000582,2039.1875,218001.05,149705.475,-776.4249999999884,-15.5,10601.862499999988,-3.6875,-1.35,9.8125,-6.025,12.525,16.212500000000006,0.1375,0.25,1.6375000000000002,-2.35,0.0875,0.4124999999999943
12051.924999999988,105929.02500000002,-21662.712499999994,-45.78750000000582,1006.1875,87254.04999999999,111045.475,-836.4249999999884,-332.5,8759.862499999988,6.3125,-6.35,-5.1875,9.975,11.525,13.212500000000006,0.1375,0.25,-0.3624999999999998,1.65,-1.9125,4.412499999999994
-18144.07500000001,37665.02500000002,-23291.712499999994,-102.78750000000582,1030.1875,54326.04999999999,87895.475,220.57500000001164,-769.5,9931.862499999988,-6.6875,5.65,27.8125,12.975,5.525,-21.787499999999994,-0.8625,0.25,-0.3624999999999998,5.65,9.0875,8.412499999999994
-14959.075000000012,2084.0250000000233,-25108.712499999994,-746.7875000000058,458.1875,48574.04999999999,62272.475000000006,657.5750000000116,-1582.5,9715.862499999988,-1.6875,7.65,-9.1875,11.975,4.525,-9.787499999999994,0.1375,-0.75,-0.3624999999999998,2.65,-1.9125,8.412499999999994
4081.9249999999884,90738.02500000002,-22379.712499999994,-1252.7875000000058,448.1875,61750.04999999999,80817.475,858.5750000000116,-1439.5,6694.862499999988,3.3125,-6.35,-10.1875,-6.025,-2.4749999999999996,10.212500000000006,0.1375,-0.75,1.6375000000000002,-1.35,-5.9125,-4.587500000000006
14123.924999999988,136322.02500000002,-20674.712499999994,862.2124999999942,2331.1875,81842.04999999999,165992.475,-106.42499999998836,482.5,8853.862499999988,-9.6875,-0.35,13.8125,-0.025000000000000355,-3.4749999999999996,-2.7874999999999943,0.1375,0.25,-0.3624999999999998,-0.3500000000000001,-0.9125,-3.5875000000000057
27215.92499999999,155459.02500000002,-20069.712499999994,-43.78750000000582,692.1875,104218.04999999999,182854.475,-286.42499999998836,478.5,8684.862499999988,-1.6875,6.65,5.8125,2.9749999999999996,0.5250000000000004,-0.7874999999999943,0.1375,0.25,-0.3624999999999998,2.65,-0.9125,-2.5875000000000057
30887.92499999999,143363.02500000002,-20302.712499999994,-138.78750000000582,217.1875,106626.04999999999,174650.475,430.57500000001164,-432.5,8248.862499999988,3.3125,0.65,3.8125,-3.0250000000000004,4.525,4.212500000000006,0.1375,0.25,-1.3624999999999998,-1.35,2.0875,-0.5875000000000057
19715.92499999999,101526.02500000002,-21479.712499999994,-752.7875000000058,-90.8125,90229.04999999999,158309.475,87.57500000001164,-122.5,8701.862499999988,1.3125,9.65,-4.1875,3.9749999999999996,-0.47499999999999964,-6.787499999999994,0.1375,-0.75,-0.3624999999999998,1.65,2.0875,-1.5875000000000057
5769.924999999988,58871.02500000002,-21706.712499999994,581.2124999999942,781.1875,74855.04999999999,141601.475,249.57500000001164,71.5,10116.862499999988,5.3125,-3.35,-12.1875,-1.0250000000000004,0.5250000000000004,-4.787499999999994,0.1375,-0.75,-1.3624999999999998,1.65,0.0875,-1.5875000000000057
2169.9249999999884,44789.02500000002,-23171.712499999994,-899.7875000000058,72.1875,73685.04999999999,136153.475,648.5750000000116,-1544.5,9576.862499999988,-2.6875,-1.35,12.8125,0.9749999999999996,0.5250000000000004,3.2125000000000057,0.1375,-0.75,-0.3624999999999998,-1.35,1.0875,-0.5875000000000057
13643.924999999988,63077.02500000002,-23963.712499999994,-469.7875000000058,427.1875,80693.04999999999,157019.475,382.57500000001164,-1604.5,7728.862499999988,0.3125,-0.35,5.8125,1.9749999999999996,-0.47499999999999964,-3.7874999999999943,0.1375,-0.75,-0.3624999999999998,-0.3500000000000001,-1.9125,-2.5875000000000057
18715.92499999999,90436.02500000002,-22146.712499999994,854.2124999999942,1845.1875,81188.04999999999,174175.475,190.57500000001164,-67.5,9654.862499999988,-2.6875,-0.35,0.8125,-3.0250000000000004,3.5250000000000004,2.2125000000000057,-0.8625,0.25,-0.3624999999999998,0.6499999999999999,-0.9125,-4.587500000000006
19565.92499999999,98472.02500000002,-22358.712499999994,-50.78750000000582,912.1875,78035.04999999999,160495.475,164.57500000001164,110.5,7925.862499999988,0.3125,-2.35,-5.1875,1.9749999999999996,-4.475,-11.787499999999994,0.1375,-0.75,0.6375000000000002,-1.35,0.0875,-4.587500000000006
12083.924999999988,82338.02500000002,-22854.712499999994,-605.7875000000058,128.1875,65978.04999999999,148372.475,439.57500000001164,-616.5,7807.862499999988,-2.6875,-8.35,1.8125,-1.0250000000000004,-1.4749999999999996,-2.7874999999999943,-0.8625,0.25,-0.3624999999999998,-0.3500000000000001,0.0875,2.4124999999999943
3979.9249999999884,50915.02500000002,-23108.712499999994,-217.78750000000582,248.1875,48717.04999999999,152849.475,507.57500000001164,-482.5,7799.862499999988,2.3125,-6.35,9.8125,-3.0250000000000004,-5.475,5.212500000000006,0.1375,0.25,-0.3624999999999998,-1.35,1.0875,-1.5875000000000057
3732.9249999999884,66533.02500000002,-22618.712499999994,156.21249999999418,368.1875,42317.04999999999,170970.475,1144.5750000000116,-59.5,8031.862499999988,-0.6875,10.65,-4.1875,-5.025,4.525,9.212500000000006,-0.8625,0.25,0.6375000000000002,-0.3500000000000001,3.0875,-0.5875000000000057
10650.924999999988,96659.02500000002,-22311.712499999994,-322.7875000000058,-863.8125,42627.04999999999,191426.475,878.5750000000116,-1003.5,7387.862499999988,-5.6875,-10.35,11.8125,5.975,-3.4749999999999996,-10.787499999999994,0.1375,0.25,-0.3624999999999998,1.65,0.0875,2.4124999999999943
13823.924999999988,105934.02500000002,-21637.712499999994,209.21249999999418,-126.8125,35376.04999999999,191779.475,1034.5750000000116,-747.5,7357.862499999988,5.3125,1.65,-17.1875,6.975,7.525,0.21250000000000568,0.1375,-0.75,-0.3624999999999998,0.6499999999999999,0.0875,2.4124999999999943
2458.9249999999884,74727.02500000002,-22663.712499999994,-183.78750000000582,-212.8125,29716.04999999999,169650.475,608.5750000000116,-805.5,7808.862499999988,-1.6875,-13.35,-2.1875,-1.0250000000000004,-1.4749999999999996,-0.7874999999999943,0.1375,0.25,1.6375000000000002,-1.35,1.0875,-2.5875000000000057
-7488.075000000012,39245.02500000002,-23320.712499999994,-13.78750000000582,27.1875,25618.04999999999,151656.475,669.5750000000116,-413.5,8612.862499999988,-0.6875,-3.35,15.8125,2.9749999999999996,9.525,2.2125000000000057,0.1375,0.25,-0.3624999999999998,-1.35,0.0875,-0.5875000000000057
-1942.0750000000116,47573.02500000002,-23258.712499999994,-498.7875000000058,375.1875,23175.04999999999,167125.475,1151.5750000000116,-1216.5,7263.862499999988,-11.6875,-13.35,22.8125,-4.025,0.5250000000000004,12.212500000000006,-0.8625,0.25,-0.3624999999999998,-0.3500000000000001,0.0875,7.412499999999994
4675.924999999988,87155.02500000002,-21912.712499999994,-647.7875000000058,13.1875,17000.04999999999,192173.475,815.5750000000116,-730.5,7656.862499999988,-8.6875,-0.35,19.8125,-16.025,-1.4749999999999996,10.212500000000006,0.1375,0.25,-0.3624999999999998,-2.35,0.0875,0.4124999999999943
4185.924999999988,100365.02500000002,-21740.712499999994,387.2124999999942,367.1875,5411.049999999988,168106.475,561.5750000000116,164.5,8989.862499999988,16.3125,1.65,-29.1875,7.975,-2.4749999999999996,20.212500000000006,0.1375,0.25,-0.3624999999999998,3.65,-1.9125,0.4124999999999943
-6689.075000000012,69438.02500000002,-22454.712499999994,-1009.7875000000058,600.1875,3181.0499999999884,160849.475,653.5750000000116,-389.5,8885.862499999988,-3.6875,-1.35,9.8125,-9.025,0.5250000000000004,16.212500000000006,0.1375,0.25,1.6375000000000002,-0.3500000000000001,3.0875,-0.5875000000000057
-7488.075000000012,76617.02500000002,-23900.712499999994,-1094.7875000000058,-484.8125,-3151.9500000000116,178081.475,798.5750000000116,-752.5,8336.862499999988,1.3125,-12.35,-27.1875,11.975,2.5250000000000004,18.212500000000006,0.1375,0.25,0.6375000000000002,3.65,-2.9125,3.4124999999999943
-15079.075000000012,61496.02500000002,-23207.712499999994,1054.2124999999942,783.1875,-13043.950000000012,178274.475,432.57500000001164,1396.5,11199.862499999988,-2.6875,0.65,0.8125,-4.025,9.525,11.212500000000006,0.1375,-0.75,-0.3624999999999998,0.6499999999999999,-1.9125,-6.587500000000006
-18001.07500000001,73330.02500000002,-23607.712499999994,-121.78750000000582,2553.1875,-10788.950000000012,184519.475,583.5750000000116,465.5,8941.862499999988,1.3125,7.65,1.8125,9.975,9.525,8.212500000000006,0.1375,0.25,-0.3624999999999998,-0.3500000000000001,-4.9125,-0.5875000000000057
-19478.07500000001,81747.02500000002,-23318.712499999994,-1138.7875000000058,1447.1875,-16104.950000000012,188018.475,527.5750000000116,-1151.5,7694.862499999988,-3.6875,3.65,7.8125,-1.0250000000000004,-1.4749999999999996,15.212500000000006,0.1375,0.25,0.6375000000000002,1.65,0.0875,1.4124999999999943
-27435.07500000001,70009.02500000002,-23409.712499999994,458.2124999999942,2122.1875,-23619.95000000001,170772.475,-244.42499999998836,1114.5,10978.862499999988,2.3125,0.65,0.8125,-4.025,-0.47499999999999964,-2.7874999999999943,0.1375,-0.75,-0.3624999999999998,-0.3500000000000001,3.0875,9.412499999999994
-31856.07500000001,80465.02500000002,-23265.712499999994,-46.78750000000582,1163.1875,-29174.95000000001,170944.475,-453.42499999998836,-112.5,9210.862499999988,4.3125,-3.35,-9.1875,-2.0250000000000004,-7.475,-18.787499999999994,0.1375,0.25,-0.3624999999999998,0.6499999999999999,2.0875,-2.5875000000000057
-34914.07500000001,70429.02500000002,-23838.712499999994,-345.7875000000058,2823.1875,-30533.95000000001,182149.475,-253.42499999998836,-32.5,10536.862499999988,9.3125,4.65,-23.1875,-2.0250000000000004,22.525,-9.787499999999994,-0.8625,0.25,-0.3624999999999998,-0.3500000000000001,5.0875,10.412499999999994
-43330.07500000001,87291.02500000002,-24322.712499999994,-277.7875000000058,1418.1875,-32994.95000000001,184776.475,-126.42499999998836,-1426.5,9394.862499999988,3.3125,-6.35,-8.1875,3.9749999999999996,-14.475,-24.787499999999994,0.1375,0.25,0.6375000000000002,3.65,6.0875,0.4124999999999943
-45216.07500000001,74049.02500000002,-24281.712499999994,1497.2124999999942,3028.1875,-36439.95000000001,197597.475,-471.42499999998836,1133.5,13199.862499999988,5.3125,17.65,-8.1875,-2.0250000000000004,-2.4749999999999996,-4.787499999999994,0.1375,-0.75,0.6375000000000002,-2.35,1.0875,-5.587500000000006
-38749.07500000001,74570.02500000002,-24207.712499999994,369.2124999999942,1607.1875,-32380.95000000001,172320.475,-758.4249999999884,133.5,9111.862499999988,-5.6875,-3.35,6.8125,3.9749999999999996,12.525,9.212500000000006,0.1375,-0.75,0.6375000000000002,1.65,-5.9125,-2.5875000000000057
-49066.07500000001,66333.02500000002,-23770.712499999994,-62.78750000000582,2400.1875,-44671.95000000001,174559.475,-67.42499999998836,-108.5,10050.862499999988,-9.6875,-6.35,12.8125,8.975,9.525,11.212500000000006,0.1375,-1.75,-1.3624999999999998,-2.35,-4.9125,3.4124999999999943
-56109.07500000001,74280.02500000002,-23290.712499999994,479.2124999999942,2955.1875,-47938.95000000001,190413.475,-650.4249999999884,723.5,10932.862499999988,10.3125,21.65,-0.1875,2.9749999999999996,-10.475,6.212500000000006,0.1375,0.25,-0.3624999999999998,-0.3500000000000001,-3.9125,-12.587500000000006
-64274.07500000001,85508.02500000002,-23324.712499999994,-958.7875000000058,2492.1875,-53004.95000000001,199968.475,-444.42499999998836,-660.5,10925.862499999988,-9.6875,-3.35,27.8125,1.9749999999999996,-5.475,-10.787499999999994,0.1375,-0.75,-0.3624999999999998,0.6499999999999999,5.0875,4.412499999999994
-74362.07500000001,77067.02500000002,-22500.712499999994,429.2124999999942,3028.1875,-63400.95000000001,184575.475,-1211.4249999999884,706.5,11099.862499999988,-4.6875,-0.35,-3.1875,23.975,5.525,-16.787499999999994,0.1375,-0.75,-0.3624999999999998,-1.35,2.0875,-4.587500000000006
-27680.07500000001,29723.025000000023,-23662.712499999994,317.2124999999942,2570.1875,-60144.95000000001,172597.475,-1018.4249999999884,601.5,10388.862499999988,1.3125,2.65,-0.1875,-9.025,5.525,14.212500000000006,0.1375,0.25,0.6375000000000002,2.65,-0.9125,-3.5875000000000057
-24001.07500000001,-184.97499999997672,-22162.712499999994,-1361.7875000000058,1938.1875,-60697.95000000001,159858.475,-80.42499999998836,-1390.5,8604.862499999988,2.3125,-7.35,5.8125,-35.025,-0.47499999999999964,29.212500000000006,-0.8625,0.25,0.6375000000000002,-1.35,-4.9125,-11.587500000000006
-25415.07500000001,-785.9749999999767,-21445.712499999994,-377.7875000000058,2823.1875,-22768.95000000001,112494.475,6445.575000000012,850.5,8888.862499999988,-11.6875,-8.35,22.8125,12.975,-0.47499999999999964,-18.787499999999994,0.1375,-0.75,-0.3624999999999998,-2.35,2.0875,-11.587500000000006
-25356.07500000001,531.0250000000233,-21377.712499999994,1157.2124999999942,5022.1875,-12404.950000000012,29173.475000000006,35350.57500000001,2138.5,14333.862499999988,39.3125,9.65,296.8125,-137.025,-114.475,282.2125,0.1375,0.25,-1.3624999999999998,4.65,-30.9125,2.4124999999999943
14140.924999999988,23664.025000000023,-21576.712499999994,-3050.787500000006,1940.1875,53678.04999999999,205550.475,17955.57500000001,-2412.5,10130.862499999988,-34.6875,87.65,-16.1875,148.975,-13.475,-32.787499999999994,-1.8625,2.25,0.6375000000000002,-7.35,19.0875,27.412499999999994
101950.92499999999,315849.025,-16763.712499999994,2463.212499999994,-4152.8125,230842.05,276910.475,-1154.4249999999884,-658.5,10777.862499999988,0.3125,-21.35,56.8125,-107.025,93.525,-39.787499999999994,3.1375,-0.75,6.6375,-21.35,37.0875,-18.587500000000006
88918.92499999999,251774.02500000002,-21927.712499999994,3218.212499999994,-9700.8125,381918.05,267042.475,-8349.424999999988,3283.5,15006.862499999988,-2.6875,6.65,48.8125,-20.025,53.525,7.212500000000006,-0.8625,2.25,-3.3625,-36.35,9.0875,-31.587500000000006
37501.92499999999,301291.025,-10912.712499999994,-1731.7875000000058,14498.1875,177339.05,208833.475,-24846.42499999999,-1750.5,6614.862499999988,-5.6875,-20.35,-11.1875,31.975,20.525,-11.787499999999994,1.1375,1.25,1.6375000000000002,22.65,-28.9125,36.412499999999994
-52418.07500000001,286409.025,-11486.712499999994,-2616.787500000006,-4577.8125,13059.049999999988,160072.475,-21826.42499999999,-3924.5,4320.862499999988,1.3125,-33.35,-23.1875,-18.025,-11.475,49.212500000000006,1.1375,-0.75,0.6375000000000002,-23.35,-30.9125,-26.587500000000006
-57816.07500000001,217394.02500000002,-13434.712499999994,2737.212499999994,-7796.8125,52611.04999999999,183008.475,36547.57500000001,5671.5,16685.86249999999,9.3125,15.65,-30.1875,-38.025,11.525,16.212500000000006,0.1375,-1.75,0.6375000000000002,11.65,-5.9125,-4.587500000000006
-48359.07500000001,186218.02500000002,-20825.712499999994,2111.212499999994,-4784.8125,21776.04999999999,185318.475,43359.57500000001,1247.5,13633.862499999988,0.3125,-6.35,8.8125,34.975,13.525,6.212500000000006,-0.8625,-0.75,-1.3624999999999998,6.65,1.0875,-1.5875000000000057
-90806.07500000001,90594.02500000002,-28315.712499999994,-1843.7875000000058,-124.8125,-11378.950000000012,88207.475,13175.575000000012,-2026.5,7016.862499999988,10.3125,12.65,16.8125,-8.025,14.525,24.212500000000006,0.1375,0.25,-1.3624999999999998,-2.35,11.0875,3.4124999999999943
-113882.07500000001,3415.0250000000233,-31691.712499999994,-104.78750000000582,-3282.8125,-11026.950000000012,-648.5249999999942,6939.575000000012,-303.5,11080.862499999988,-12.6875,10.65,42.8125,-2.0250000000000004,-13.475,28.212500000000006,0.1375,1.25,-0.3624999999999998,29.65,8.0875,19.412499999999994
-117666.07500000001,1372.0250000000233,-26352.712499999994,21158.212499999994,9402.1875,-17336.95000000001,3381.475000000006,29440.57500000001,1518.5,14680.862499999988,-1.6875,1.65,6.8125,-13.025,16.525,-23.787499999999994,0.1375,0.25,0.6375000000000002,-2.35,33.0875,-11.587500000000006
-117548.07500000001,1513.0250000000233,-25202.712499999994,105525.2125,21270.1875,-16588.95000000001,7321.475000000006,28631.57500000001,1704.5,15170.862499999988,67.3125,-27.35,10.8125,-1.0250000000000004,-0.47499999999999964,55.212500000000006,0.1375,0.25,0.6375000000000002,18.65,3.0875,20.412499999999994
-113532.07500000001,143621.02500000002,-22537.712499999994,155151.2125,-3186.8125,-9197.950000000012,88000.475,15158.575000000012,17932.5,25557.86249999999,1.3125,31.65,35.8125,32.975,-11.475,31.212500000000006,0.1375,0.25,-0.3624999999999998,35.65,29.0875,28.412499999999994
-30266.07500000001,237734.02500000002,-12681.712499999994,133623.2125,-262.8125,50627.04999999999,226070.475,6872.575000000012,95431.5,77143.86249999999,35.3125,35.65,-35.1875,7.975,43.525,-44.787499999999994,0.1375,0.25,1.6375000000000002,-47.35,11.0875,-19.587500000000006
-23323.07500000001,190882.02500000002,-6973.712499999994,138594.2125,20783.1875,18912.04999999999,209982.475,6703.575000000012,185635.5,105072.86249999999,-24.6875,19.65,80.8125,-11.025,-10.475,-20.787499999999994,0.1375,-1.75,-1.3624999999999998,-8.35,6.0875,-37.587500000000006
-28896.07500000001,235389.02500000002,-8311.712499999994,209351.2125,9234.1875,-19534.95000000001,184785.475,8340.575000000012,181739.5,102845.86249999999,-12.6875,5.65,41.8125,1.9749999999999996,3.5250000000000004,-16.787499999999994,-0.8625,-0.75,-1.3624999999999998,11.65,-8.9125,23.412499999999994
-57788.07500000001,289031.025,-8459.712499999994,189933.2125,12527.1875,-31645.95000000001,249172.475,7085.575000000012,144658.5,77203.86249999999,19.3125,7.65,-47.1875,-27.025,-9.475,13.212500000000006,0.1375,1.25,0.6375000000000002,-14.35,-12.9125,14.412499999999994
-75990.07500000001,239065.02500000002,-7284.712499999994,182641.2125,1339.1875,-25374.95000000001,233916.475,3982.5750000000116,156701.5,88730.86249999999,-11.6875,12.65,-8.1875,-14.025,-11.475,-20.787499999999994,1.1375,1.25,-2.3625,8.65,21.0875,7.412499999999994
-82893.07500000001,254274.02500000002,-12420.712499999994,201479.2125,-8244.8125,11108.049999999988,210543.475,1135.5750000000116,166190.5,88796.86249999999,-5.6875,-7.35,-20.1875,-15.025,-36.475,-50.787499999999994,0.1375,-1.75,-0.3624999999999998,-4.35,9.0875,-14.587500000000006
-7215.075000000012,206863.02500000002,-19262.712499999994,192151.2125,4327.1875,66116.04999999999,203364.475,684.5750000000116,189774.5,95387.86249999999,18.3125,24.65,-25.1875,0.9749999999999996,-11.475,-50.787499999999994,0.1375,0.25,0.6375000000000002,9.65,13.0875,-25.587500000000006
40601.92499999999,165611.02500000002,-20635.712499999994,214783.2125,2163.1875,28196.04999999999,132276.475,464.57500000001164,173775.5,83438.86249999999,-1.6875,-9.35,10.8125,-13.025,6.525,-17.787499999999994,-0.8625,0.25,-0.3624999999999998,7.65,11.0875,-20.587500000000006
34297.92499999999,146072.02500000002,-20723.712499999994,166228.2125,4099.1875,12275.049999999988,133692.475,372.57500000001164,159984.5,64570.86249999999,1.3125,14.65,19.8125,-42.025,11.525,-18.787499999999994,0.1375,-1.75,-0.3624999999999998,-4.35,7.0875,-25.587500000000006
35971.92499999999,120251.02500000002,-24892.712499999994,144157.2125,-5358.8125,21034.04999999999,130916.475,938.5750000000116,134929.5,38413.86249999999,-11.6875,3.65,21.8125,17.975,11.525,-33.787499999999994,0.1375,-0.75,1.6375000000000002,13.65,-4.9125,-21.587500000000006
44464.92499999999,89101.02500000002,-23863.712499999994,134377.2125,-8715.8125,15959.049999999988,75053.475,2724.5750000000116,135947.5,28633.86249999999,20.3125,-1.35,-26.1875,-12.025,-18.475,-9.787499999999994,0.1375,0.25,0.6375000000000002,-11.35,7.0875,-24.587500000000006
28772.92499999999,105537.02500000002,-24929.712499999994,134369.2125,18005.1875,11252.049999999988,83854.475,2011.5750000000116,135309.5,28568.86249999999,-22.6875,-9.35,41.8125,16.975,10.525,-29.787499999999994,-0.8625,-0.75,-2.3625,22.65,5.0875,-14.587500000000006
11587.924999999988,126168.02500000002,-22757.712499999994,152265.2125,18497.1875,14280.049999999988,115886.475,2483.5750000000116,151625.5,33002.86249999999,24.3125,-2.35,-26.1875,23.975,13.525,-2.7874999999999943,1.1375,0.25,1.6375000000000002,3.65,1.0875,-14.587500000000006
-4681.075000000012,143252.02500000002,-22986.712499999994,177975.2125,16159.1875,-4429.950000000012,156824.475,2753.5750000000116,158073.5,24297.86249999999,-14.6875,-3.35,18.8125,-27.025,-7.475,-8.787499999999994,1.1375,-0.75,1.6375000000000002,4.65,0.0875,2.4124999999999943
-12748.075000000012,156759.02500000002,-21153.712499999994,184597.2125,15442.1875,1243.0499999999884,139274.475,2589.5750000000116,168412.5,23910.86249999999,7.3125,-2.35,-22.1875,13.975,-2.4749999999999996,-3.7874999999999943,-0.8625,-0.75,0.6375000000000002,-2.35,-6.9125,-10.587500000000006
-37738.07500000001,176525.02500000002,-18460.712499999994,166744.2125,21418.1875,-4544.950000000012,156842.475,2282.5750000000116,165956.5,28906.86249999999,3.3125,-4.35,-11.1875,-8.025,-5.475,-12.787499999999994,0.1375,0.25,-1.3624999999999998,0.6499999999999999,0.0875,-1.5875000000000057
-45606.07500000001,176265.02500000002,-17880.712499999994,167235.2125,12853.1875,-3976.9500000000116,190117.475,3244.5750000000116,164057.5,16906.86249999999,-6.6875,1.65,16.8125,-18.025,4.525,17.212500000000006,0.1375,-0.75,0.6375000000000002,-13.35,1.0875,-3.5875000000000057
-52229.07500000001,187229.02500000002,-18680.712499999994,182958.2125,21468.1875,4621.049999999988,190427.475,2991.5750000000116,163210.5,15781.862499999988,10.3125,-15.35,-17.1875,22.975,5.525,-7.787499999999994,0.1375,0.25,-0.3624999999999998,24.65,1.0875,10.412499999999994
-57026.07500000001,189822.02500000002,-17789.712499999994,183774.2125,8386.1875,-8983.950000000012,174707.475,2535.5750000000116,157962.5,9485.862499999988,0.3125,-10.35,-2.1875,-8.025,8.525,9.212500000000006,0.1375,0.25,-0.3624999999999998,-13.35,2.0875,-3.5875000000000057
-61055.07500000001,187630.02500000002,-18627.712499999994,181176.2125,46307.1875,5783.049999999988,165333.475,1897.5750000000116,166771.5,6702.862499999988,-5.6875,0.65,16.8125,2.9749999999999996,4.525,6.212500000000006,0.1375,-0.75,0.6375000000000002,-6.35,-1.9125,-0.5875000000000057
-28924.07500000001,162430.02500000002,-18788.712499999994,154237.2125,8730.1875,-8662.950000000012,154140.475,2840.5750000000116,136314.5,9356.862499999988,-1.6875,-1.35,5.8125,1.9749999999999996,2.5250000000000004,-8.787499999999994,0.1375,1.25,-0.3624999999999998,1.65,4.0875,-0.5875000000000057
-48663.07500000001,154508.02500000002,-21266.712499999994,132202.2125,26538.1875,2712.0499999999884,155119.475,2570.5750000000116,132368.5,1371.8624999999884,3.3125,1.65,-0.1875,-3.0250000000000004,-0.47499999999999964,5.212500000000006,0.1375,-0.75,0.6375000000000002,4.65,2.0875,1.4124999999999943
-22345.07500000001,134723.02500000002,-22543.712499999994,181036.2125,27987.1875,6306.049999999988,136645.475,2740.5750000000116,155223.5,6282.862499999988,3.3125,-1.35,0.8125,6.975,-2.4749999999999996,-3.7874999999999943,0.1375,0.25,0.6375000000000002,-4.35,1.0875,-0.5875000000000057
-29667.07500000001,144964.02500000002,-22318.712499999994,185297.2125,28063.1875,4876.049999999988,129030.475,2150.5750000000116,175931.5,15430.862499999988,0.3125,6.65,1.8125,1.9749999999999996,0.5250000000000004,-1.7874999999999943,-0.8625,0.25,-0.3624999999999998,5.65,-0.9125,3.4124999999999943
-28275.07500000001,155277.02500000002,-21002.712499999994,170085.2125,18987.1875,1039.0499999999884,134692.475,2113.5750000000116,153432.5,15136.862499999988,-1.6875,0.65,2.8125,0.9749999999999996,0.5250000000000004,-2.7874999999999943,0.1375,0.25,-0.3624999999999998,-0.3500000000000001,0.0875,-3.5875000000000057
-35541.07500000001,166171.02500000002,-19322.712499999994,142886.2125,5710.1875,-1697.9500000000116,149272.475,2984.5750000000116,125470.5,5895.862499999988,2.3125,1.65,0.8125,-2.0250000000000004,-1.4749999999999996,2.2125000000000057,0.1375,-0.75,-0.3624999999999998,-2.35,2.0875,-5.587500000000006
-44834.07500000001,177892.02500000002,-18357.712499999994,123673.2125,6876.1875,-3409.9500000000116,163912.475,3441.5750000000116,122031.5,2939.8624999999884,-0.6875,1.65,1.8125,1.9749999999999996,0.5250000000000004,0.21250000000000568,-0.8625,0.25,0.6375000000000002,1.65,0.0875,1.4124999999999943
-56760.07500000001,189926.02500000002,-17978.712499999994,145723.2125,2549.1875,-6078.950000000012,181356.475,3487.5750000000116,158471.5,11347.862499999988,0.3125,-0.35,-2.1875,-2.0250000000000004,-1.4749999999999996,0.21250000000000568,0.1375,0.25,0.6375000000000002,0.6499999999999999,1.0875,1.4124999999999943
-58794.07500000001,192118.02500000002,-17941.712499999994,169649.2125,2685.1875,-7325.950000000012,178095.475,3321.5750000000116,166453.5,12887.862499999988,-1.6875,0.65,4.8125,-1.0250000000000004,0.5250000000000004,1.2125000000000057,0.1375,0.25,0.6375000000000002,-1.35,-1.9125,-1.5875000000000057
-54936.07500000001,186574.02500000002,-17724.712499999994,163867.2125,2747.1875,-8025.950000000012,170608.475,3181.5750000000116,160096.5,12430.862499999988,-0.6875,-1.35,-1.1875,-0.025000000000000355,-1.4749999999999996,-1.7874999999999943,-0.8625,0.25,-0.3624999999999998,-0.3500000000000001,0.0875,-1.5875000000000057
-47527.07500000001,177943.02500000002,-17834.712499999994,151711.2125,3539.1875,-7348.950000000012,166201.475,3263.5750000000116,145801.5,10129.862499999988,-0.6875,0.65,-2.1875,-0.025000000000000355,0.5250000000000004,-3.7874999999999943,0.1375,-0.75,-0.3624999999999998,-1.35,0.0875,-0.5875000000000057
-41723.07500000001,172191.02500000002,-18820.712499999994,143610.2125,4445.1875,-6345.950000000012,160466.475,3563.5750000000116,137111.5,6658.862499999988,-1.6875,-0.35,3.8125,-1.0250000000000004,-0.47499999999999964,1.2125000000000057,0.1375,0.25,0.6375000000000002,-1.35,0.0875,2.4124999999999943
-37845.07500000001,169616.02500000002,-18530.712499999994,148205.2125,5155.1875,-8255.950000000012,157477.475,3197.5750000000116,149463.5,9852.862499999988,0.3125,-0.35,-2.1875,-0.025000000000000355,-1.4749999999999996,-2.7874999999999943,0.1375,0.25,-0.3624999999999998,1.65,-0.9125,-0.5875000000000057
-40081.07500000001,171988.02500000002,-18551.712499999994,150513.2125,4593.1875,-9254.950000000012,157943.475,3114.5750000000116,150989.5,12412.862499999988,0.3125,-1.35,3.8125,0.9749999999999996,-0.47499999999999964,-0.7874999999999943,0.1375,0.25,-0.3624999999999998,-0.3500000000000001,0.0875,-1.5875000000000057
-44633.07500000001,177765.02500000002,-18621.712499999994,147699.2125,4188.1875,-9215.950000000012,165324.475,3298.5750000000116,147602.5,10973.862499999988,0.3125,-0.35,1.8125,-0.025000000000000355,-0.47499999999999964,0.21250000000000568,0.1375,0.25,-0.3624999999999998,-0.3500000000000001,0.0875,1.4124999999999943
-48128.07500000001,180475.02500000002,-18527.712499999994,147684.2125,5456.1875,-8738.950000000012,168172.475,3208.5750000000116,143712.5,10000.862499999988,1.3125,-0.35,-0.1875,-0.025000000000000355,-0.47499999999999964,-0.7874999999999943,0.1375,0.25,-0.3624999999999998,0.6499999999999999,0.0875,0.4124999999999943
-48682.07500000001,181314.02500000002,-18404.712499999994,150842.2125,4437.1875,-8537.950000000012,166947.475,3298.5750000000116,143313.5,10030.862499999988,0.3125,-0.35,-2.1875,0.9749999999999996,0.5250000000000004,-1.7874999999999943,0.1375,-0.75,-0.3624999999999998,0.6499999999999999,0.0875,0.4124999999999943
-46182.07500000001,180030.02500000002,-18456.712499999994,152807.2125,3781.1875,-7914.950000000012,163641.475,3335.5750000000116,149437.5,11156.862499999988,0.3125,-0.35,0.8125,0.9749999999999996,0.5250000000000004,1.2125000000000057,0.1375,0.25,-0.3624999999999998,-0.3500000000000001,0.0875,0.4124999999999943
-43658.07500000001,173418.02500000002,-18391.712499999994,152101.2125,3607.1875,-7670.950000000012,162183.475,3320.5750000000116,147995.5,11469.862499999988,0.3125,0.65,0.8125,-0.025000000000000355,-0.47499999999999964,0.21250000000000568,-0.8625,0.25,-0.3624999999999998,0.6499999999999999,0.0875,-0.5875000000000057
-43044.07500000001,173717.02500000002,-18444.712499999994,150364.2125,4108.1875,-6819.950000000012,163645.475,3273.5750000000116,145149.5,9589.862499999988,0.3125,0.65,-1.1875,-0.025000000000000355,-0.47499999999999964,0.21250000000000568,-0.8625,0.25,0.6375000000000002,0.6499999999999999,0.0875,0.4124999999999943
-44517.07500000001,176227.02500000002,-18432.712499999994,149580.2125,4066.1875,-7192.950000000012,164435.475,3452.5750000000116,143666.5,9339.862499999988,1.3125,-0.35,0.8125,-0.025000000000000355,-0.47499999999999964,-0.7874999999999943,0.1375,0.25,-0.3624999999999998,-0.3500000000000001,0.0875,0.4124999999999943
-46567.07500000001,177351.02500000002,-18293.712499999994,153147.2125,3465.1875,-7786.950000000012,163848.475,3241.5750000000116,144836.5,10994.862499999988,0.3125,0.65,-0.1875,-0.025000000000000355,-0.47499999999999964,0.21250000000000568,0.1375,0.25,-0.3624999999999998,0.6499999999999999,0.0875,-0.5875000000000057
-46699.07500000001,176852.02500000002,-18237.712499999994,153862.2125,3816.1875,-8074.950000000012,161141.475,3189.5750000000116,147315.5,11629.862499999988,1.3125,-0.35,-0.1875,1.9749999999999996,-0.47499999999999964,-1.7874999999999943,0.1375,0.25,0.6375000000000002,0.6499999999999999,0.0875,-0.5875000000000057
-44812.07500000001,176268.02500000002,-18258.712499999994,152335.2125,4235.1875,-7882.950000000012,164471.475,3151.5750000000116,146011.5,11256.862499999988,1.3125,-0.35,0.8125,-0.025000000000000355,-0.47499999999999964,-0.7874999999999943,0.1375,0.25,-0.3624999999999998,0.6499999999999999,0.0875,-0.5875000000000057
-44236.07500000001,175780.02500000002,-18557.712499999994,149199.2125,4432.1875,-7414.950000000012,166542.475,3239.5750000000116,144247.5,10424.862499999988,1.3125,0.65,-0.1875,-0.025000000000000355,0.5250000000000004,0.21250000000000568,0.1375,-0.75,0.6375000000000002,0.6499999999999999,0.0875,1.4124999999999943
-44163.07500000001,175688.02500000002,-18324.712499999994,148062.2125,4366.1875,-7376.950000000012,165606.475,3185.5750000000116,143951.5,10173.862499999988,-0.6875,0.65,-0.1875,-0.025000000000000355,-0.47499999999999964,0.21250000000000568,0.1375,0.25,0.6375000000000002,0.6499999999999999,1.0875,0.4124999999999943
-44747.07500000001,176052.02500000002,-18323.712499999994,150371.2125,4244.1875,-8107.950000000012,162698.475,3135.5750000000116,145130.5,10694.862499999988,0.3125,0.65,0.8125,0.9749999999999996,-0.47499999999999964,0.21250000000000568,0.1375,-1.75,0.6375000000000002,0.6499999999999999,0.0875,-0.5875000000000057
-45893.07500000001,176697.02500000002,-18290.712499999994,153219.2125,3692.1875,-8482.950000000012,162040.475,3272.5750000000116,146114.5,10029.862499999988,0.3125,-0.35,-0.1875,0.9749999999999996,-0.47499999999999964,0.21250000000000568,0.1375,0.25,0.6375000000000002,0.6499999999999999,-0.9125,-0.5875000000000057
-46354.07500000001,176621.02500000002,-18379.712499999994,151149.2125,4400.1875,-8504.950000000012,164331.475,3309.5750000000116,145795.5,9647.862499999988,0.3125,0.65,0.8125,-0.025000000000000355,0.5250000000000004,-1.7874999999999943,0.1375,0.25,-0.3624999999999998,-0.3500000000000001,0.0875,-0.5875000000000057
-45484.07500000001,175448.02500000002,-18453.712499999994,150236.2125,4431.1875,-8423.950000000012,164306.475,3181.5750000000116,145846.5,9951.862499999988,-0.6875,0.65,-0.1875,-1.0250000000000004,0.5250000000000004,0.21250000000000568,0.1375,-0.75,-0.3624999999999998,-0.3500000000000001,0.0875,1.4124999999999943
-44330.07500000001,174831.02500000002,-18443.712499999994,151320.2125,4218.1875,-8119.950000000012,163231.475,3183.5750000000116,146504.5,10294.862499999988,0.3125,-0.35,-1.1875,-0.025000000000000355,0.5250000000000004,0.21250000000000568,0.1375,0.25,-0.3624999999999998,-0.3500000000000001,0.0875,-0.5875000000000057
-45940.07500000001,177502.02500000002,-18251.712499999994,151293.2125,4879.1875,-8765.950000000012,165151.475,3401.5750000000116,144719.5,9983.862499999988,-0.6875,-0.35,0.8125,-0.025000000000000355,-0.47499999999999964,0.21250000000000568,0.1375,0.25,-0.3624999999999998,-0.3500000000000001,0.0875,0.4124999999999943
-45851.07500000001,178039.02500000002,-18290.712499999994,150144.2125,5201.1875,-9305.950000000012,165715.475,3255.5750000000116,144403.5,10733.862499999988,-0.6875,-0.35,-0.1875,-0.025000000000000355,-0.47499999999999964,0.21250000000000568,0.1375,0.25,-0.3624999999999998,0.6499999999999999,-0.9125,-1.5875000000000057
-44937.07500000001,177157.02500000002,-18378.712499999994,150568.2125,5246.1875,-8743.950000000012,164393.475,3195.5750000000116,146412.5,10904.862499999988,0.3125,-0.35,-2.1875,-0.025000000000000355,-0.47499999999999964,0.21250000000000568,0.1375,0.25,0.6375000000000002,-0.3500000000000001,0.0875,-0.5875000000000057
-43977.07500000001,176139.02500000002,-18540.712499999994,150231.2125,5204.1875,-8638.950000000012,162803.475,3211.5750000000116,146338.5,11150.862499999988,-0.6875,-0.35,0.8125,-0.025000000000000355,-0.47499999999999964,0.21250000000000568,0.1375,0.25,-0.3624999999999998,-0.3500000000000001,0.0875,-1.5875000000000057
-43960.07500000001,175978.02500000002,-18571.712499999994,149555.2125,5118.1875,-8561.950000000012,163620.475,3339.5750000000116,145681.5,10920.862499999988,0.3125,-0.35,-0.1875,-0.025000000000000355,-1.4749999999999996,0.21250000000000568,0.1375,0.25,-0.3624999999999998,0.6499999999999999,0.0875,-0.5875000000000057
-44716.07500000001,176599.02500000002,-18582.712499999994,150396.2125,5109.1875,-8687.950000000012,163687.475,3163.5750000000116,145683.5,10654.862499999988,0.3125,-0.35,-0.1875,-0.025000000000000355,-0.47499999999999964,-0.7874999999999943,0.1375,0.25,0.6375000000000002,-0.3500000000000001,0.0875,0.4124999999999943
-44903.07500000001,176747.02500000002,-18714.712499999994,151971.2125,4840.1875,-8690.950000000012,162558.475,3139.5750000000116,146212.5,10841.862499999988,0.3125,-0.35,-0.1875,-0.025000000000000355,-0.47499999999999964,0.21250000000000568,0.1375,-0.75,-0.3624999999999998,-0.3500000000000001,0.0875,0.4124999999999943
-44583.07500000001,175457.02500000002,-18695.712499999994,152482.2125,4715.1875,-8688.950000000012,162315.475,3306.5750000000116,146738.5,10378.862499999988,0.3125,-0.35,-0.1875,-0.025000000000000355,-0.47499999999999964,-0.7874999999999943,0.1375,0.25,-0.3624999999999998,0.6499999999999999,0.0875,-0.5875000000000057
-44380.07500000001,175406.02500000002,-18681.712499999994,151789.2125,4810.1875,-8218.950000000012,162333.475,3363.5750000000116,146389.5,10144.862499999988,0.3125,-0.35,-1.1875,-0.025000000000000355,-0.47499999999999964,0.21250000000000568,0.1375,0.25,-0.3624999999999998,-0.3500000000000001,0.0875,0.4124999999999943
-44624.07500000001,175746.02500000002,-18465.712499999994,151502.2125,4315.1875,-8272.950000000012,164762.475,3265.5750000000116,145907.5,10184.862499999988,0.3125,0.65,-0.1875,-0.025000000000000355,0.5250000000000004,1.2125000000000057,0.1375,0.25,-0.3624999999999998,0.6499999999999999,-0.9125,0.4124999999999943
-44900.07500000001,175853.02500000002,-18506.712499999994,151620.2125,4148.1875,-8282.950000000012,164395.475,3217.5750000000116,145582.5,10431.862499999988,0.3125,-0.35,0.8125,-0.025000000000000355,0.5250000000000004,1.2125000000000057,0.1375,-0.75,-0.3624999999999998,0.6499999999999999,0.0875,-0.5875000000000057
-45046.07500000001,176147.02500000002,-18480.712499999994,151598.2125,4309.1875,-8417.950000000012,162740.475,3311.5750000000116,145436.5,10489.862499999988,1.3125,-0.35,-0.1875,0.9749999999999996,-0.47499999999999964,0.21250000000000568,0.1375,0.25,-0.3624999999999998,0.6499999999999999,0.0875,0.4124999999999943
-45091.07500000001,176784.02500000002,-18355.712499999994,151596.2125,4311.1875,-8395.950000000012,163468.475,3268.5750000000116,145123.5,10299.862499999988,0.3125,-0.35,0.8125,0.9749999999999996,-0.47499999999999964,-0.7874999999999943,0.1375,0.25,-0.3624999999999998,-0.3500000000000001,0.0875,0.4124999999999943
-45353.07500000001,177197.02500000002,-18564.712499999994,151454.2125,4511.1875,-8299.950000000012,163320.475,3251.5750000000116,144799.5,10443.862499999988,0.3125,-0.35,0.8125,-0.025000000000000355,-0.47499999999999964,-0.7874999999999943,0.1375,0.25,-0.3624999999999998,-0.3500000000000001,1.0875,0.4124999999999943
-44778.07500000001,176864.02500000002,-18265.712499999994,151135.2125,4352.1875,-8341.950000000012,165635.475,3222.5750000000116,145211.5,10784.862499999988,1.3125,-0.35,-0.1875,0.9749999999999996,-0.47499999999999964,0.21250000000000568,0.1375,0.25,-0.3624999999999998,0.6499999999999999,0.0875,0.4124999999999943
-44728.07500000001,176051.02500000002,-18217.712499999994,151327.2125,4394.1875,-8360.950000000012,164913.475,3170.5750000000116,145684.5,10791.862499999988,0.3125,-0.35,-0.1875,0.9749999999999996,-0.47499999999999964,-0.7874999999999943,0.1375,0.25,-0.3624999999999998,0.6499999999999999,0.0875,0.4124999999999943
-45115.07500000001,175575.02500000002,-18280.712499999994,152811.2125,4301.1875,-8334.950000000012,164751.475,3148.5750000000116,146064.5,10399.862499999988,2.3125,-0.35,0.8125,0.9749999999999996,0.5250000000000004,0.21250000000000568,0.1375,0.25,-0.3624999999999998,-0.3500000000000001,0.0875,0.4124999999999943
-45276.07500000001,175609.02500000002,-18384.712499999994,152969.2125,3852.1875,-8432.950000000012,164891.475,3427.5750000000116,146122.5,10098.862499999988,0.3125,-0.35,0.8125,0.9749999999999996,-0.47499999999999964,1.2125000000000057,0.1375,0.25,-0.3624999999999998,0.6499999999999999,-0.9125,-0.5875000000000057
-45133.07500000001,175090.02500000002,-18444.712499999994,152713.2125,3579.1875,-8411.950000000012,164117.475,3412.5750000000116,146162.5,10266.862499999988,0.3125,-0.35,-0.1875,-0.025000000000000355,-0.47499999999999964,0.21250000000000568,0.1375,0.25,-0.3624999999999998,-0.3500000000000001,0.0875,0.4124999999999943
-44805.07500000001,174360.02500000002,-18480.712499999994,152683.2125,3857.1875,-8490.950000000012,164646.475,3290.5750000000116,146432.5,10555.862499999988,-0.6875,-0.35,0.8125,-0.025000000000000355,-0.47499999999999964,-0.7874999999999943,0.1375,0.25,-0.3624999999999998,0.6499999999999999,-0.9125,0.4124999999999943
-44625.07500000001,174674.02500000002,-18600.712499999994,152532.2125,4525.1875,-8579.950000000012,164606.475,3368.5750000000116,146344.5,10410.862499999988,0.3125,-0.35,-0.1875,-0.025000000000000355,0.5250000000000004,-0.7874999999999943,0.1375,0.25,0.6375000000000002,-0.3500000000000001,0.0875,0.4124999999999943
-44854.07500000001,175376.02500000002,-18344.712499999994,152069.2125,4953.1875,-8665.950000000012,163975.475,3340.5750000000116,145950.5,10491.862499999988,0.3125,-0.35,-0.1875,-1.0250000000000004,-0.47499999999999964,0.21250000000000568,0.1375,-0.75,-0.3624999999999998,-0.3500000000000001,0.0875,1.4124999999999943
-44686.07500000001,176323.02500000002,-18418.712499999994,151554.2125,5164.1875,-9175.950000000012,165767.475,3236.5750000000116,145440.5,10831.862499999988,-0.6875,0.65,-0.1875,-0.025000000000000355,-0.47499999999999964,0.21250000000000568,0.1375,0.25,-0.3624999999999998,-0.3500000000000001,0.0875,0.4124999999999943
-44549.07500000001,176496.02500000002,-18301.712499999994,150946.2125,5423.1875,-9180.950000000012,165982.475,3211.5750000000116,145242.5,10740.862499999988,-0.6875,-0.35,-0.1875,-1.0250000000000004,-0.47499999999999964,1.2125000000000057,0.1375,0.25,-0.3624999999999998,-0.3500000000000001,0.0875,-0.5875000000000057
-44512.07500000001,176347.02500000002,-18278.712499999994,150731.2125,5491.1875,-9150.950000000012,164439.475,3195.5750000000116,144988.5,10592.862499999988,-0.6875,-0.35,-1.1875,0.9749999999999996,-1.4749999999999996,0.21250000000000568,-0.8625,0.25,-0.3624999999999998,-0.3500000000000001,0.0875,-1.5875000000000057
-44282.07500000001,176490.02500000002,-18432.712499999994,150383.2125,5430.1875,-9115.950000000012,164307.475,3264.5750000000116,145016.5,10468.862499999988,-0.6875,-0.35,0.8125,-0.025000000000000355,-0.47499999999999964,0.21250000000000568,0.1375,0.25,0.6375000000000002,-0.3500000000000001,0.0875,-0.5875000000000057
-44022.07500000001,176502.02500000002,-18498.712499999994,150414.2125,5296.1875,-9137.950000000012,165611.475,3408.5750000000116,145436.5,10624.862499999988,0.3125,0.65,-0.1875,-0.025000000000000355,-0.47499999999999964,0.21250000000000568,0.1375,-0.75,-0.3624999999999998,-0.3500000000000001,0.0875,1.4124999999999943
-44267.07500000001,175435.02500000002,-18717.712499999994,152221.2125,4656.1875,-9319.950000000012,163857.475,3236.5750000000116,146241.5,10152.862499999988,0.3125,-0.35,-0.1875,-0.025000000000000355,-0.47499999999999964,-0.7874999999999943,0.1375,0.25,-0.3624999999999998,-0.3500000000000001,-0.9125,0.4124999999999943
-44394.07500000001,175186.02500000002,-18594.712499999994,152383.2125,4500.1875,-8720.950000000012,164760.475,3256.5750000000116,146321.5,10126.862499999988,0.3125,-0.35,-0.1875,-0.025000000000000355,-1.4749999999999996,-0.7874999999999943,0.1375,0.25,0.6375000000000002,-0.3500000000000001,-0.9125,0.4124999999999943
-43963.07500000001,174835.02500000002,-18506.712499999994,152282.2125,4746.1875,-8638.950000000012,163113.475,3266.5750000000116,146312.5,9910.862499999988,0.3125,0.65,-0.1875,-0.025000000000000355,-0.47499999999999964,0.21250000000000568,0.1375,-0.75,0.6375000000000002,0.6499999999999999,0.0875,0.4124999999999943
-44220.07500000001,174775.02500000002,-18431.712499999994,152601.2125,4790.1875,-8703.950000000012,163288.475,3297.5750000000116,146298.5,10229.862499999988,-0.6875,0.65,-0.1875,-0.025000000000000355,0.5250000000000004,-0.7874999999999943,0.1375,0.25,-0.3624999999999998,-0.3500000000000001,0.0875,-0.5875000000000057
-44521.07500000001,175122.02500000002,-18472.712499999994,152454.2125,4534.1875,-8869.950000000012,164106.475,3593.5750000000116,145925.5,10385.862499999988,0.3125,0.65,-0.1875,-0.025000000000000355,0.5250000000000004,1.2125000000000057,0.1375,1.25,-0.3624999999999998,-0.3500000000000001,0.0875,-0.5875000000000057
-44541.07500000001,175283.02500000002,-18289.712499999994,152079.2125,4828.1875,-8863.950000000012,164085.475,3467.5750000000116,145616.5,10731.862499999988,0.3125,0.65,0.8125,-0.025000000000000355,0.5250000000000004,0.21250000000000568,0.1375,0.25,0.6375000000000002,0.6499999999999999,0.0875,-0.5875000000000057
-44686.07500000001,175921.02500000002,-18212.712499999994,152069.2125,4881.1875,-8780.950000000012,166220.475,3290.5750000000116,145330.5,10458.862499999988,0.3125,0.65,0.8125,-0.025000000000000355,-0.47499999999999964,0.21250000000000568,-0.8625,0.25,-0.3624999999999998,0.6499999999999999,0.0875,0.4124999999999943
-44915.07500000001,176626.02500000002,-18423.712499999994,152075.2125,5118.1875,-8759.950000000012,164922.475,3214.5750000000116,145007.5,10457.862499999988,0.3125,0.65,0.8125,-0.025000000000000355,-0.47499999999999964,-0.7874999999999943,0.1375,0.25,-0.3624999999999998,0.6499999999999999,0.0875,-0.5875000000000057
-44791.07500000001,176646.02500000002,-18402.712499999994,151954.2125,5065.1875,-8613.950000000012,165314.475,3199.5750000000116,144897.5,10513.862499999988,0.3125,0.65,-0.1875,-0.025000000000000355,-0.47499999999999964,0.21250000000000568,-0.8625,0.25,0.6375000000000002,0.6499999999999999,1.0875,-0.5875000000000057
-44596.07500000001,176125.02500000002,-18456.712499999994,152016.2125,4891.1875,-8823.950000000012,164632.475,3168.5750000000116,145469.5,10525.862499999988,-0.6875,-0.35,-0.1875,0.9749999999999996,0.5250000000000004,-0.7874999999999943,0.1375,0.25,-0.3624999999999998,0.6499999999999999,0.0875,0.4124999999999943
-44420.07500000001,174557.02500000002,-18338.712499999994,152836.2125,4467.1875,-8418.950000000012,164782.475,3195.5750000000116,145797.5,10298.862499999988,0.3125,-0.35,-0.1875,0.9749999999999996,-0.47499999999999964,1.2125000000000057,0.1375,0.25,-0.3624999999999998,0.6499999999999999,-0.9125,-0.5875000000000057
-44270.07500000001,174294.02500000002,-18487.712499999994,152759.2125,4551.1875,-8449.950000000012,164292.475,3202.5750000000116,145694.5,10271.862499999988,0.3125,-1.35,0.8125,0.9749999999999996,-0.47499999999999964,0.21250000000000568,0.1375,0.25,-0.3624999999999998,0.6499999999999999,-0.9125,1.4124999999999943
-44159.07500000001,174033.02500000002,-18483.712499999994,152752.2125,4523.1875,-8399.950000000012,162662.475,3229.5750000000116,145782.5,10103.862499999988,0.3125,-0.35,-0.1875,-0.025000000000000355,-0.47499999999999964,0.21250000000000568,0.1375,0.25,0.6375000000000002,0.6499999999999999,0.0875,-1.5875000000000057
-44219.07500000001,174464.02500000002,-18682.712499999994,152773.2125,4512.1875,-8517.950000000012,163301.475,3088.5750000000116,145728.5,10256.862499999988,1.3125,-0.35,-0.1875,0.9749999999999996,-0.47499999999999964,0.21250000000000568,0.1375,-0.75,-0.3624999999999998,-0.3500000000000001,0.0875,0.4124999999999943
-44190.07500000001,174769.02500000002,-18469.712499999994,152556.2125,4578.1875,-8866.950000000012,165808.475,3166.5750000000116,145449.5,10440.862499999988,-0.6875,-0.35,0.8125,-0.025000000000000355,-0.47499999999999964,-0.7874999999999943,0.1375,0.25,-0.3624999999999998,-0.3500000000000001,0.0875,0.4124999999999943
-43976.07500000001,174826.02500000002,-18506.712499999994,151961.2125,5066.1875,-9093.950000000012,165367.475,3289.5750000000116,145292.5,10553.862499999988,-0.6875,0.65,-0.1875,-0.025000000000000355,0.5250000000000004,-0.7874999999999943,0.1375,-0.75,-0.3624999999999998,0.6499999999999999,0.0875,-0.5875000000000057
-44129.07500000001,174914.02500000002,-18443.712499999994,151947.2125,5209.1875,-9023.950000000012,164752.475,3250.5750000000116,144895.5,10448.862499999988,-0.6875,0.65,-0.1875,-0.025000000000000355,-0.47499999999999964,0.21250000000000568,0.1375,0.25,-0.3624999999999998,-0.3500000000000001,0.0875,1.4124999999999943
-44206.07500000001,175561.02500000002,-18361.712499999994,151615.2125,5437.1875,-9140.950000000012,163745.475,3150.5750000000116,144484.5,10541.862499999988,0.3125,-1.35,1.8125,-0.025000000000000355,-0.47499999999999964,0.21250000000000568,0.1375,-0.75,0.6375000000000002,0.6499999999999999,0.0875,1.4124999999999943
-44112.07500000001,175612.02500000002,-18531.712499999994,151107.2125,5766.1875,-9251.950000000012,164122.475,3260.5750000000116,144389.5,10442.862499999988,0.3125,-0.35,-1.1875,-0.025000000000000355,-0.47499999999999964,-0.7874999999999943,-0.8625,0.25,-0.3624999999999998,-0.3500000000000001,0.0875,-0.5875000000000057
-44044.07500000001,175125.02500000002,-18723.712499999994,151089.2125,5439.1875,-9295.950000000012,163873.475,3435.5750000000116,144868.5,10831.862499999988,-0.6875,0.65,0.8125,-0.025000000000000355,-0.47499999999999964,0.21250000000000568,0.1375,0.25,-0.3624999999999998,0.6499999999999999,-0.9125,-0.5875000000000057
-44022.07500000001,174918.02500000002,-18860.712499999994,151585.2125,5292.1875,-9347.950000000012,163874.475,3367.5750000000116,145459.5,10576.862499999988,0.3125,-0.35,0.8125,-1.0250000000000004,-0.47499999999999964,0.21250000000000568,0.1375,-0.75,0.6375000000000002,-0.3500000000000001,0.0875,2.4124999999999943
-44010.07500000001,174991.02500000002,-18772.712499999994,152022.2125,5091.1875,-9318.950000000012,165002.475,3105.5750000000116,145569.5,10133.862499999988,0.3125,-0.35,-0.1875,-0.025000000000000355,-0.47499999999999964,0.21250000000000568,0.1375,-0.75,0.6375000000000002,0.6499999999999999,-0.9125,0.4124999999999943
-43854.07500000001,174797.02500000002,-18680.712499999994,152246.2125,5238.1875,-9204.950000000012,166166.475,3121.5750000000116,145453.5,10068.862499999988,0.3125,-0.35,-1.1875,-0.025000000000000355,-0.47499999999999964,0.21250000000000568,0.1375,0.25,-0.3624999999999998,-0.3500000000000001,0.0875,0.4124999999999943
-43867.07500000001,174676.02500000002,-18534.712499999994,152409.2125,5094.1875,-9196.950000000012,167544.475,3080.5750000000116,145690.5,10114.862499999988,0.3125,-0.35,0.8125,-0.025000000000000355,0.5250000000000004,-0.7874999999999943,0.1375,0.25,-0.3624999999999998,0.6499999999999999,0.0875,0.4124999999999943
-43953.07500000001,174656.02500000002,-18565.712499999994,152466.2125,4657.1875,-9046.950000000012,166385.475,3232.5750000000116,145791.5,10320.862499999988,0.3125,0.65,-0.1875,-0.025000000000000355,0.5250000000000004,0.21250000000000568,0.1375,-0.75,-0.3624999999999998,0.6499999999999999,0.0875,0.4124999999999943
-43792.07500000001,174731.02500000002,-18578.712499999994,152321.2125,4800.1875,-9148.950000000012,164360.475,3302.5750000000116,145666.5,10213.862499999988,0.3125,-0.35,-0.1875,-0.025000000000000355,-0.47499999999999964,-0.7874999999999943,0.1375,0.25,0.6375000000000002,-0.3500000000000001,0.0875,0.4124999999999943
-43886.07500000001,175187.02500000002,-18738.712499999994,152091.2125,5244.1875,-9258.950000000012,164893.475,3111.5750000000116,145476.5,10242.862499999988,0.3125,-0.35,-0.1875,-0.025000000000000355,0.5250000000000004,1.2125000000000057,0.1375,0.25,-0.3624999999999998,-0.3500000000000001,0.0875,0.4124999999999943
-44124.07500000001,175474.02500000002,-18562.712499999994,152131.2125,5502.1875,-9377.950000000012,164919.475,3200.5750000000116,145082.5,10345.862499999988,1.3125,-0.35,0.8125,-0.025000000000000355,0.5250000000000004,-0.7874999999999943,-0.8625,0.25,-0.3624999999999998,0.6499999999999999,0.0875,-0.5875000000000057
-44481.07500000001,175767.02500000002,-18389.712499999994,152317.2125,5548.1875,-9195.950000000012,165140.475,3239.5750000000116,144737.5,10554.862499999988,0.3125,0.65,-0.1875,-0.025000000000000355,0.5250000000000004,0.21250000000000568,0.1375,0.25,0.6375000000000002,-0.3500000000000001,0.0875,0.4124999999999943
-44682.07500000001,175924.02500000002,-18242.712499999994,152444.2125,5339.1875,-9271.950000000012,163337.475,3256.5750000000116,144597.5,10547.862499999988,1.3125,0.65,0.8125,0.9749999999999996,-0.47499999999999964,0.21250000000000568,0.1375,0.25,0.6375000000000002,-0.3500000000000001,0.0875,0.4124999999999943
-44378.07500000001,175755.02500000002,-18276.712499999994,152651.2125,5071.1875,-9253.950000000012,164020.475,3230.5750000000116,145090.5,10332.862499999988,0.3125,-0.35,0.8125,-0.025000000000000355,0.5250000000000004,-1.7874999999999943,0.1375,0.25,-0.3624999999999998,-0.3500000000000001,0.0875,-0.5875000000000057
-44240.07500000001,175220.02500000002,-18382.712499999994,152902.2125,5069.1875,-9088.950000000012,166195.475,3217.5750000000116,145292.5,10585.862499999988,0.3125,0.65,0.8125,-0.025000000000000355,0.5250000000000004,0.21250000000000568,0.1375,0.25,-0.3624999999999998,0.6499999999999999,0.0875,-0.5875000000000057
-44330.07500000001,174705.02500000002,-18440.712499999994,152826.2125,5025.1875,-9217.950000000012,165805.475,3249.5750000000116,145188.5,10470.862499999988,0.3125,-0.35,1.8125,0.9749999999999996,0.5250000000000004,-0.7874999999999943,0.1375,0.25,-0.3624999999999998,0.6499999999999999,0.0875,0.4124999999999943
-44175.07500000001,174364.02500000002,-18560.712499999994,152858.2125,4850.1875,-9109.950000000012,163693.475,3250.5750000000116,145143.5,10197.862499999988,0.3125,0.65,-1.1875,-0.025000000000000355,-0.47499999999999964,0.21250000000000568,0.1375,0.25,0.6375000000000002,0.6499999999999999,0.0875,-0.5875000000000057
-44276.07500000001,174504.02500000002,-18520.712499999994,153322.2125,4909.1875,-8963.950000000012,165950.475,3078.5750000000116,145360.5,10126.862499999988,0.3125,0.65,-0.1875,-0.025000000000000355,-0.47499999999999964,0.21250000000000568,-0.8625,0.25,0.6375000000000002,0.6499999999999999,0.0875,-0.5875000000000057
-44193.07500000001,174741.02500000002,-18533.712499999994,152581.2125,4780.1875,-9083.950000000012,166334.475,3142.5750000000116,145278.5,10105.862499999988,0.3125,-0.35,1.8125,0.9749999999999996,-0.47499999999999964,0.21250000000000568,0.1375,0.25,0.6375000000000002,0.6499999999999999,0.0875,-0.5875000000000057
-44243.07500000001,175057.02500000002,-18546.712499999994,152684.2125,5111.1875,-9230.950000000012,164508.475,3121.5750000000116,145217.5,10285.862499999988,0.3125,-0.35,0.8125,-1.0250000000000004,-0.47499999999999964,0.21250000000000568,-0.8625,0.25,-0.3624999999999998,-0.3500000000000001,0.0875,0.4124999999999943
-44164.07500000001,174998.02500000002,-18468.712499999994,152670.2125,5407.1875,-9221.950000000012,164700.475,3207.5750000000116,145047.5,10273.862499999988,0.3125,-0.35,-0.1875,-0.025000000000000355,-0.47499999999999964,-0.7874999999999943,0.1375,-0.75,-0.3624999999999998,-0.3500000000000001,0.0875,-0.5875000000000057
-44197.07500000001,175124.02500000002,-18438.712499999994,152417.2125,5238.1875,-9255.950000000012,165227.475,3229.5750000000116,144486.5,10304.862499999988,0.3125,-0.35,-0.1875,-0.025000000000000355,-0.47499999999999964,0.21250000000000568,0.1375,0.25,-0.3624999999999998,-0.3500000000000001,0.0875,0.4124999999999943
-44032.07500000001,175139.02500000002,-18519.712499999994,152290.2125,5084.1875,-9354.950000000012,166363.475,3159.5750000000116,144053.5,10382.862499999988,-0.6875,-0.35,0.8125,-1.0250000000000004,-0.47499999999999964,-0.7874999999999943,0.1375,0.25,0.6375000000000002,-0.3500000000000001,0.0875,0.4124999999999943
-43695.07500000001,175054.02500000002,-18597.712499999994,151880.2125,5349.1875,-9219.950000000012,164323.475,3299.5750000000116,144073.5,10369.862499999988,0.3125,-0.35,-1.1875,-1.0250000000000004,-0.47499999999999964,0.21250000000000568,0.1375,0.25,0.6375000000000002,-0.3500000000000001,0.0875,-0.5875000000000057
-43617.07500000001,175068.02500000002,-18617.712499999994,151779.2125,5503.1875,-9434.950000000012,164129.475,3166.5750000000116,144283.5,10141.862499999988,0.3125,-0.35,0.8125,-0.025000000000000355,-0.47499999999999964,1.2125000000000057,0.1375,0.25,0.6375000000000002,1.65,-0.9125,1.4124999999999943
-43692.07500000001,175125.02500000002,-18789.712499999994,151959.2125,5410.1875,-9488.950000000012,165513.475,3219.5750000000116,144395.5,10226.862499999988,-0.6875,-0.35,-0.1875,-0.025000000000000355,-0.47499999999999964,0.21250000000000568,0.1375,0.25,0.6375000000000002,0.6499999999999999,0.0875,0.4124999999999943
-43779.07500000001,174880.02500000002,-18590.712499999994,152168.2125,5439.1875,-9381.950000000012,165026.475,3321.5750000000116,144474.5,10232.862499999988,0.3125,-0.35,-1.1875,-0.025000000000000355,-0.47499999999999964,0.21250000000000568,0.1375,0.25,-0.3624999999999998,0.6499999999999999,-0.9125,0.4124999999999943
-43695.07500000001,174800.02500000002,-18401.712499999994,152373.2125,5260.1875,-9496.950000000012,163895.475,3226.5750000000116,144549.5,10072.862499999988,0.3125,-0.35,0.8125,-0.025000000000000355,-0.47499999999999964,-0.7874999999999943,0.1375,0.25,-0.3624999999999998,-0.3500000000000001,0.0875,-0.5875000000000057
-43594.07500000001,174921.02500000002,-18570.712499999994,152231.2125,4929.1875,-9452.950000000012,163358.475,3213.5750000000116,144715.5,10321.862499999988,1.3125,-0.35,-1.1875,-0.025000000000000355,-0.47499999999999964,0.21250000000000568,-0.8625,0.25,-0.3624999999999998,0.6499999999999999,-0.9125,0.4124999999999943
-43394.07500000001,174770.02500000002,-18605.712499999994,152263.2125,5202.1875,-9320.950000000012,163426.475,3306.5750000000116,144999.5,10369.862499999988,0.3125,-0.35,-0.1875,-0.025000000000000355,0.5250000000000004,-0.7874999999999943,0.1375,0.25,-0.3624999999999998,-0.3500000000000001,0.0875,0.4124999999999943
-43501.07500000001,174555.02500000002,-18475.712499999994,152563.2125,5095.1875,-9360.950000000012,165137.475,3320.5750000000116,145331.5,10230.862499999988,0.3125,-0.35,0.8125,-0.025000000000000355,0.5250000000000004,0.21250000000000568,0.1375,0.25,-0.3624999999999998,-0.3500000000000001,0.0875,0.4124999999999943
-43737.07500000001,174582.02500000002,-18467.712499999994,152891.2125,5351.1875,-9486.950000000012,163387.475,3218.5750000000116,145132.5,10389.862499999988,-0.6875,0.65,-0.1875,-0.025000000000000355,0.5250000000000004,0.21250000000000568,0.1375,0.25,-0.3624999999999998,-0.3500000000000001,0.0875,0.4124999999999943
-43772.07500000001,174809.02500000002,-18566.712499999994,152677.2125,5522.1875,-9510.950000000012,164754.475,3438.5750000000116,144791.5,10281.862499999988,1.3125,-0.35,0.8125,-0.025000000000000355,-0.47499999999999964,0.21250000000000568,0.1375,0.25,-0.3624999999999998,-0.3500000000000001,0.0875,-0.5875000000000057
-43800.07500000001,174993.02500000002,-18482.712499999994,152491.2125,5291.1875,-9379.950000000012,165000.475,3280.5750000000116,144596.5,10305.862499999988,0.3125,0.65,0.8125,-0.025000000000000355,-0.47499999999999964,-0.7874999999999943,0.1375,-0.75,-0.3624999999999998,-0.3500000000000001,0.0875,-0.5875000000000057
-43763.07500000001,175127.02500000002,-18395.712499999994,152597.2125,5236.1875,-9201.950000000012,163881.475,3223.5750000000116,144711.5,10424.862499999988,0.3125,-0.35,-0.1875,-0.025000000000000355,0.5250000000000004,0.21250000000000568,0.1375,-0.75,-0.3624999999999998,1.65,0.0875,0.4124999999999943
-43864.07500000001,175250.02500000002,-18401.712499999994,152732.2125,5293.1875,-9350.950000000012,165355.475,3247.5750000000116,144988.5,10589.862499999988,1.3125,-0.35,0.8125,-0.025000000000000355,-0.47499999999999964,-0.7874999999999943,0.1375,0.25,-0.3624999999999998,0.6499999999999999,0.0875,-0.5875000000000057
-43852.07500000001,174953.02500000002,-18426.712499999994,152867.2125,5022.1875,-9458.950000000012,166602.475,3451.5750000000116,144995.5,10918.862499999988,0.3125,-0.35,0.8125,-0.025000000000000355,-0.47499999999999964,0.21250000000000568,0.1375,0.25,-0.3624999999999998,-0.3500000000000001,0.0875,0.4124999999999943
-43643.07500000001,174865.02500000002,-18269.712499999994,153004.2125,4654.1875,-9499.950000000012,164908.475,3349.5750000000116,144816.5,10733.862499999988,0.3125,-0.35,-0.1875,0.9749999999999996,-0.47499999999999964,-0.7874999999999943,0.1375,0.25,0.6375000000000002,0.6499999999999999,-0.9125,0.4124999999999943
-43824.07500000001,174824.02500000002,-18348.712499999994,153080.2125,4587.1875,-9119.950000000012,163988.475,3066.5750000000116,145111.5,10336.862499999988,1.3125,-0.35,0.8125,-0.025000000000000355,-0.47499999999999964,-0.7874999999999943,0.1375,0.25,-0.3624999999999998,0.6499999999999999,-0.9125,-0.5875000000000057
-44023.07500000001,174547.02500000002,-18323.712499999994,153328.2125,4502.1875,-9060.950000000012,165048.475,3155.5750000000116,145265.5,10333.862499999988,0.3125,-0.35,0.8125,0.9749999999999996,-0.47499999999999964,-0.7874999999999943,0.1375,0.25,0.6375000000000002,-0.3500000000000001,0.0875,-0.5875000000000057
-43815.07500000001,174368.02500000002,-18501.712499999994,153339.2125,4519.1875,-9225.950000000012,164346.475,3288.5750000000116,145400.5,10213.862499999988,0.3125,-0.35,1.8125,0.9749999999999996,-0.47499999999999964,0.21250000000000568,0.1375,0.25,0.6375000000000002,-0.3500000000000001,0.0875,-0.5875000000000057
-43722.07500000001,174164.02500000002,-18577.712499999994,153429.2125,4511.1875,-9425.950000000012,163772.475,3156.5750000000116,145294.5,10132.862499999988,0.3125,-0.35,-0.1875,-0.025000000000000355,-0.47499999999999964,0.21250000000000568,0.1375,-0.75,-0.3624999999999998,0.6499999999999999,-0.9125,0.4124999999999943
-43833.07500000001,174051.02500000002,-18523.712499999994,153491.2125,5053.1875,-9543.950000000012,164828.475,3195.5750000000116,145061.5,10061.862499999988,1.3125,-0.35,1.8125,0.9749999999999996,-0.47499999999999964,1.2125000000000057,0.1375,0.25,0.6375000000000002,0.6499999999999999,0.0875,1.4124999999999943
-43976.07500000001,175125.02500000002,-18738.712499999994,153210.2125,5279.1875,-9261.950000000012,164397.475,3270.5750000000116,144677.5,10308.862499999988,0.3125,-0.35,-0.1875,-0.025000000000000355,-0.47499999999999964,1.2125000000000057,0.1375,0.25,-0.3624999999999998,0.6499999999999999,-0.9125,0.4124999999999943
-44033.07500000001,174754.02500000002,-18556.712499999994,152778.2125,5358.1875,-9291.950000000012,163759.475,3227.5750000000116,144411.5,10322.862499999988,0.3125,-0.35,0.8125,-0.025000000000000355,-0.47499999999999964,-0.7874999999999943,0.1375,0.25,-0.3624999999999998,-0.3500000000000001,0.0875,0.4124999999999943
-43833.07500000001,174843.02500000002,-18573.712499999994,152630.2125,5453.1875,-9589.950000000012,164593.475,3154.5750000000116,144342.5,10456.862499999988,0.3125,-0.35,-0.1875,-0.025000000000000355,-0.47499999999999964,-0.7874999999999943,0.1375,0.25,-0.3624999999999998,0.6499999999999999,-0.9125,-1.5875000000000057
-43808.07500000001,174895.02500000002,-18783.712499999994,152493.2125,5544.1875,-9677.950000000012,166633.475,3010.5750000000116,144319.5,10406.862499999988,0.3125,-0.35,0.8125,-0.025000000000000355,0.5250000000000004,0.21250000000000568,0.1375,0.25,-0.3624999999999998,0.6499999999999999,0.0875,0.4124999999999943
-43759.07500000001,174940.02500000002,-18855.712499999994,152209.2125,5569.1875,-9455.950000000012,164655.475,3017.5750000000116,144343.5,10334.862499999988,0.3125,-0.35,-0.1875,-0.025000000000000355,0.5250000000000004,0.21250000000000568,0.1375,0.25,-0.3624999999999998,0.6499999999999999,-0.9125,0.4124999999999943
-43606.07500000001,174794.02500000002,-18813.712499999994,152333.2125,5303.1875,-9485.950000000012,164173.475,3114.5750000000116,144503.5,10185.862499999988,-0.6875,-0.35,-0.1875,-0.025000000000000355,0.5250000000000004,0.21250000000000568,0.1375,-0.75,-0.3624999999999998,0.6499999999999999,-0.9125,0.4124999999999943
-43626.07500000001,174833.02500000002,-18659.712499999994,152551.2125,5259.1875,-9536.950000000012,163752.475,3203.5750000000116,144515.5,9939.862499999988,-0.6875,0.65,-0.1875,-0.025000000000000355,-0.47499999999999964,0.21250000000000568,0.1375,0.25,-0.3624999999999998,-0.3500000000000001,0.0875,0.4124999999999943
-43835.07500000001,174657.02500000002,-18617.712499999994,152712.2125,5246.1875,-9443.950000000012,164231.475,3205.5750000000116,144285.5,10024.862499999988,0.3125,0.65,-1.1875,-0.025000000000000355,-0.47499999999999964,0.21250000000000568,0.1375,0.25,0.6375000000000002,-0.3500000000000001,0.0875,0.4124999999999943
-43717.07500000001,174683.02500000002,-18584.712499999994,152607.2125,5439.1875,-9465.950000000012,167024.475,3297.5750000000116,144325.5,10102.862499999988,0.3125,-0.35,-0.1875,-0.025000000000000355,-0.47499999999999964,0.21250000000000568,0.1375,0.25,-1.3624999999999998,-0.3500000000000001,0.0875,0.4124999999999943
-43439.07500000001,174595.02500000002,-18401.712499999994,152378.2125,5365.1875,-9381.950000000012,165139.475,3357.5750000000116,144342.5,9899.862499999988,-0.6875,-0.35,0.8125,-0.025000000000000355,-0.47499999999999964,-1.7874999999999943,-0.8625,-0.75,-0.3624999999999998,-0.3500000000000001,0.0875,0.4124999999999943
-43697.07500000001,174914.02500000002,-18574.712499999994,152698.2125,5616.1875,-9601.950000000012,163284.475,3145.5750000000116,144215.5,10074.862499999988,0.3125,-0.35,0.8125,-0.025000000000000355,0.5250000000000004,0.21250000000000568,0.1375,0.25,-0.3624999999999998,0.6499999999999999,0.0875,0.4124999999999943
-43598.07500000001,174868.02500000002,-18438.712499999994,152573.2125,5580.1875,-9605.950000000012,163378.475,3250.5750000000116,144484.5,10298.862499999988,0.3125,-0.35,-1.1875,-0.025000000000000355,-0.47499999999999964,0.21250000000000568,0.1375,-0.75,0.6375000000000002,-0.3500000000000001,0.0875,0.4124999999999943
-43551.07500000001,174616.02500000002,-18286.712499999994,152639.2125,5427.1875,-9693.950000000012,163118.475,3051.5750000000116,144399.5,10482.862499999988,0.3125,0.65,-0.1875,-0.025000000000000355,0.5250000000000004,0.21250000000000568,-0.8625,0.25,-0.3624999999999998,-0.3500000000000001,0.0875,0.4124999999999943
-43459.07500000001,174596.02500000002,-18286.712499999994,152590.2125,5126.1875,-9446.950000000012,162762.475,3036.5750000000116,144462.5,9987.862499999988,0.3125,0.65,-0.1875,-0.025000000000000355,0.5250000000000004,0.21250000000000568,0.1375,-0.75,-0.3624999999999998,-0.3500000000000001,1.0875,0.4124999999999943
-43518.07500000001,174595.02500000002,-18327.712499999994,152497.2125,5025.1875,-9193.950000000012,163948.475,3092.5750000000116,144571.5,9986.862499999988,0.3125,0.65,0.8125,-0.025000000000000355,-0.47499999999999964,0.21250000000000568,0.1375,-0.75,0.6375000000000002,0.6499999999999999,0.0875,0.4124999999999943
-43609.07500000001,174464.02500000002,-18521.712499999994,153362.2125,5243.1875,-9287.950000000012,165508.475,3149.5750000000116,144695.5,10178.862499999988,0.3125,0.65,-0.1875,0.9749999999999996,-0.47499999999999964,0.21250000000000568,0.1375,0.25,0.6375000000000002,-0.3500000000000001,0.0875,-0.5875000000000057
-43748.07500000001,174419.02500000002,-18554.712499999994,153241.2125,5209.1875,-9402.950000000012,164821.475,3110.5750000000116,145049.5,10409.862499999988,0.3125,-0.35,1.8125,-0.025000000000000355,-0.47499999999999964,0.21250000000000568,-0.8625,0.25,0.6375000000000002,0.6499999999999999,-0.9125,0.4124999999999943
-43664.07500000001,174360.02500000002,-18470.712499999994,153287.2125,4723.1875,-9421.950000000012,163761.475,3182.5750000000116,145157.5,10353.862499999988,0.3125,-0.35,-0.1875,0.9749999999999996,-0.47499999999999964,1.2125000000000057,0.1375,0.25,0.6375000000000002,0.6499999999999999,0.0875,-0.5875000000000057
-43379.07500000001,174067.02500000002,-18473.712499999994,153526.2125,4753.1875,-9321.950000000012,163985.475,3172.5750000000116,145207.5,10392.862499999988,0.3125,0.65,0.8125,-0.025000000000000355,-0.47499999999999964,0.21250000000000568,-0.8625,0.25,-0.3624999999999998,0.6499999999999999,0.0875,0.4124999999999943
-43519.07500000001,173988.02500000002,-18484.712499999994,153488.2125,5095.1875,-9236.950000000012,165140.475,3271.5750000000116,145235.5,10334.862499999988,0.3125,-0.35,-1.1875,-0.025000000000000355,-0.47499999999999964,0.21250000000000568,0.1375,0.25,0.6375000000000002,0.6499999999999999,-0.9125,0.4124999999999943
-43677.07500000001,174156.02500000002,-18401.712499999994,153444.2125,5455.1875,-9370.950000000012,165693.475,3247.5750000000116,145062.5,10229.862499999988,1.3125,-0.35,0.8125,0.9749999999999996,-0.47499999999999964,1.2125000000000057,0.1375,-0.75,-1.3624999999999998,-0.3500000000000001,-0.9125,0.4124999999999943
-43739.07500000001,174736.02500000002,-18499.712499999994,153393.2125,5524.1875,-9676.950000000012,166219.475,3223.5750000000116,144889.5,10508.862499999988,-0.6875,-0.35,-0.1875,-0.025000000000000355,-0.47499999999999964,0.21250000000000568,0.1375,-0.75,-0.3624999999999998,-0.3500000000000001,0.0875,-0.5875000000000057
-43765.07500000001,174577.02500000002,-18466.712499999994,153145.2125,5556.1875,-9626.950000000012,165968.475,3189.5750000000116,144702.5,10467.862499999988,0.3125,-0.35,-0.1875,-0.025000000000000355,-0.47499999999999964,0.21250000000000568,0.1375,-0.75,-0.3624999999999998,-0.3500000000000001,0.0875,1.4124999999999943
-43684.07500000001,174872.02500000002,-18403.712499999994,152922.2125,5575.1875,-9513.950000000012,164656.475,3163.5750000000116,144645.5,10528.862499999988,-0.6875,0.65,-1.1875,-0.025000000000000355,0.5250000000000004,-0.7874999999999943,0.1375,0.25,-0.3624999999999998,-0.3500000000000001,0.0875,-0.5875000000000057
-43522.07500000001,174816.02500000002,-18427.712499999994,152958.2125,5864.1875,-9635.950000000012,165403.475,3092.5750000000116,144563.5,10330.862499999988,0.3125,-0.35,-0.1875,-0.025000000000000355,0.5250000000000004,0.21250000000000568,0.1375,0.25,-0.3624999999999998,0.6499999999999999,-0.9125,-0.5875000000000057
-43539.07500000001,174396.02500000002,-18598.712499999994,153137.2125,5303.1875,-9842.950000000012,165325.475,3141.5750000000116,144681.5,10327.862499999988,-0.6875,-0.35,0.8125,-0.025000000000000355,-0.47499999999999964,0.21250000000000568,0.1375,0.25,0.6375000000000002,-0.3500000000000001,0.0875,0.4124999999999943
-43596.07500000001,174512.02500000002,-18561.712499999994,153335.2125,5389.1875,-9712.950000000012,165898.475,3351.5750000000116,144304.5,10156.862499999988,0.3125,-1.35,0.8125,-0.025000000000000355,-0.47499999999999964,1.2125000000000057,0.1375,1.25,-0.3624999999999998,0.6499999999999999,0.0875,-0.5875000000000057
-43436.07500000001,174480.02500000002,-18428.712499999994,153127.2125,5331.1875,-9720.950000000012,166319.475,3065.5750000000116,144329.5,10038.862499999988,-0.6875,-0.35,1.8125,-0.025000000000000355,-0.47499999999999964,1.2125000000000057,0.1375,-0.75,-0.3624999999999998,-0.3500000000000001,0.0875,-0.5875000000000057
-43095.07500000001,174290.02500000002,-18385.712499999994,153117.2125,5581.1875,-9469.950000000012,164966.475,3283.5750000000116,144159.5,10202.862499999988,0.3125,-0.35,0.8125,-0.025000000000000355,-0.47499999999999964,0.21250000000000568,0.1375,0.25,-0.3624999999999998,-0.3500000000000001,0.0875,0.4124999999999943
-43370.07500000001,174277.02500000002,-18450.712499999994,153195.2125,5347.1875,-9660.950000000012,164925.475,3220.5750000000116,144538.5,10101.862499999988,0.3125,0.65,0.8125,-0.025000000000000355,-0.47499999999999964,-0.7874999999999943,0.1375,-0.75,0.6375000000000002,-0.3500000000000001,0.0875,0.4124999999999943
-43563.07500000001,174500.02500000002,-18522.712499999994,153172.2125,5157.1875,-9718.950000000012,166538.475,3177.5750000000116,144550.5,10190.862499999988,0.3125,0.65,-0.1875,-0.025000000000000355,-0.47499999999999964,0.21250000000000568,0.1375,-0.75,-0.3624999999999998,-0.3500000000000001,0.0875,-0.5875000000000057
-43609.07500000001,174704.02500000002,-18498.712499999994,153061.2125,5491.1875,-9704.950000000012,167603.475,3178.5750000000116,144388.5,10094.862499999988,-0.6875,-1.35,1.8125,-0.025000000000000355,-0.47499999999999964,0.21250000000000568,-0.8625,-0.75,-0.3624999999999998,0.6499999999999999,0.0875,1.4124999999999943
-43595.07500000001,174590.02500000002,-18531.712499999994,152960.2125,5369.1875,-9711.950000000012,163914.475,3245.5750000000116,143986.5,10213.862499999988,0.3125,-0.35,0.8125,-0.025000000000000355,0.5250000000000004,0.21250000000000568,0.1375,-0.75,0.6375000000000002,-0.3500000000000001,-0.9125,1.4124999999999943
-43605.07500000001,174709.02500000002,-18571.712499999994,152860.2125,5610.1875,-9836.950000000012,165155.475,3084.5750000000116,143918.5,10191.862499999988,0.3125,0.65,0.8125,-0.025000000000000355,0.5250000000000004,0.21250000000000568,0.1375,-0.75,0.6375000000000002,-0.3500000000000001,-0.9125,0.4124999999999943
-43487.07500000001,174522.02500000002,-18465.712499999994,152538.2125,5516.1875,-9586.950000000012,165767.475,3162.5750000000116,143841.5,10261.862499999988,0.3125,-0.35,0.8125,-0.025000000000000355,-0.47499999999999964,-0.7874999999999943,0.1375,0.25,-0.3624999999999998,0.6499999999999999,-0.9125,0.4124999999999943
-43442.07500000001,174380.02500000002,-18408.712499999994,152815.2125,5570.1875,-9722.950000000012,165408.475,3018.5750000000116,143922.5,10132.862499999988,0.3125,-0.35,-0.1875,-0.025000000000000355,-0.47499999999999964,0.21250000000000568,0.1375,0.25,0.6375000000000002,0.6499999999999999,-0.9125,-0.5875000000000057
-43526.07500000001,174299.02500000002,-18496.712499999994,153004.2125,5511.1875,-9701.950000000012,165465.475,3032.5750000000116,143965.5,10015.862499999988,-0.6875,0.65,-0.1875,-0.025000000000000355,-0.47499999999999964,0.21250000000000568,-0.8625,-0.75,-0.3624999999999998,-0.3500000000000001,0.0875,-0.5875000000000057
-43403.07500000001,174275.02500000002,-18553.712499999994,152883.2125,5273.1875,-9637.950000000012,164254.475,3039.5750000000116,144187.5,9983.862499999988,0.3125,-0.35,-0.1875,-0.025000000000000355,0.5250000000000004,-0.7874999999999943,0.1375,0.25,-0.3624999999999998,-0.3500000000000001,0.0875,0.4124999999999943
-43292.07500000001,173916.02500000002,-18715.712499999994,152778.2125,5270.1875,-9450.950000000012,163428.475,3268.5750000000116,144313.5,10004.862499999988,0.3125,-0.35,-0.1875,-0.025000000000000355,-0.47499999999999964,0.21250000000000568,0.1375,0.25,-0.3624999999999998,0.6499999999999999,0.0875,0.4124999999999943
-43286.07500000001,173680.02500000002,-18656.712499999994,152940.2125,5242.1875,-9234.950000000012,164263.475,3199.5750000000116,144481.5,10161.862499999988,0.3125,0.65,-1.1875,-0.025000000000000355,0.5250000000000004,0.21250000000000568,-0.8625,0.25,-0.3624999999999998,0.6499999999999999,0.0875,0.4124999999999943
-43369.07500000001,173723.02500000002,-18558.712499999994,153214.2125,5195.1875,-9302.950000000012,163644.475,3244.5750000000116,144462.5,10508.862499999988,0.3125,-0.35,0.8125,-0.025000000000000355,0.5250000000000004,-0.7874999999999943,0.1375,0.25,-0.3624999999999998,-0.3500000000000001,-0.9125,0.4124999999999943
-43359.07500000001,173712.02500000002,-18590.712499999994,153183.2125,5067.1875,-9506.950000000012,164637.475,3172.5750000000116,144381.5,10218.862499999988,0.3125,0.65,-0.1875,-0.025000000000000355,-0.47499999999999964,0.21250000000000568,0.1375,0.25,0.6375000000000002,0.6499999999999999,0.0875,0.4124999999999943
-43482.07500000001,173870.02500000002,-18355.712499999994,153057.2125,5538.1875,-9576.950000000012,165394.475,3210.5750000000116,144359.5,10070.862499999988,0.3125,-0.35,0.8125,-0.025000000000000355,-0.47499999999999964,0.21250000000000568,0.1375,0.25,-0.3624999999999998,-0.3500000000000001,0.0875,-0.5875000000000057
-43341.07500000001,173690.02500000002,-18499.712499999994,153015.2125,5603.1875,-9629.950000000012,165321.475,3241.5750000000116,143789.5,10051.862499999988,0.3125,-0.35,-0.1875,-0.025000000000000355,-0.47499999999999964,1.2125000000000057,0.1375,0.25,-0.3624999999999998,-0.3500000000000001,0.0875,-0.5875000000000057
-43314.07500000001,173948.02500000002,-18494.712499999994,152861.2125,5369.1875,-9657.950000000012,165233.475,3152.5750000000116,143771.5,10067.862499999988,0.3125,0.65,0.8125,-0.025000000000000355,-0.47499999999999964,-0.7874999999999943,0.1375,0.25,0.6375000000000002,-0.3500000000000001,0.0875,-0.5875000000000057
-43311.07500000001,173935.02500000002,-18593.712499999994,152701.2125,5240.1875,-9702.950000000012,164826.475,3058.5750000000116,143916.5,10108.862499999988,0.3125,-0.35,-0.1875,-0.025000000000000355,-0.47499999999999964,0.21250000000000568,0.1375,0.25,0.6375000000000002,-0.3500000000000001,0.0875,0.4124999999999943
-43320.07500000001,174022.02500000002,-18696.712499999994,152885.2125,5508.1875,-9727.950000000012,165470.475,3089.5750000000116,144151.5,10235.862499999988,0.3125,-1.35,0.8125,-1.0250000000000004,-0.47499999999999964,-0.7874999999999943,-0.8625,0.25,0.6375000000000002,-0.3500000000000001,0.0875,-0.5875000000000057
-43408.07500000001,174269.02500000002,-18557.712499999994,153130.2125,5809.1875,-9814.950000000012,165119.475,3178.5750000000116,144340.5,10095.862499999988,0.3125,0.65,-0.1875,-0.025000000000000355,-0.47499999999999964,0.21250000000000568,0.1375,0.25,-0.3624999999999998,-0.3500000000000001,0.0875,0.4124999999999943
-43347.07500000001,174473.02500000002,-18623.712499999994,152785.2125,5724.1875,-9776.950000000012,164059.475,3262.5750000000116,144227.5,10167.862499999988,0.3125,-0.35,-1.1875,-0.025000000000000355,0.5250000000000004,0.21250000000000568,0.1375,0.25,0.6375000000000002,-0.3500000000000001,0.0875,0.4124999999999943
-42989.07500000001,173897.02500000002,-18579.712499999994,152942.2125,5360.1875,-9763.950000000012,166248.475,3217.5750000000116,144461.5,10112.862499999988,0.3125,-0.35,-0.1875,-0.025000000000000355,-0.47499999999999964,0.21250000000000568,0.1375,0.25,-0.3624999999999998,-0.3500000000000001,0.0875,-0.5875000000000057
-43008.07500000001,174081.02500000002,-18510.712499999994,153087.2125,5497.1875,-9592.950000000012,165212.475,3140.5750000000116,144736.5,10202.862499999988,1.3125,0.65,0.8125,-0.025000000000000355,0.5250000000000004,0.21250000000000568,0.1375,0.25,-0.3624999999999998,-0.3500000000000001,0.0875,0.4124999999999943
-43256.07500000001,174252.02500000002,-18405.712499999994,153290.2125,5306.1875,-9846.950000000012,165384.475,3169.5750000000116,145044.5,10278.862499999988,0.3125,-0.35,0.8125,-0.025000000000000355,-0.47499999999999964,0.21250000000000568,0.1375,0.25,-0.3624999999999998,-0.3500000000000001,0.0875,0.4124999999999943
-43420.07500000001,174239.02500000002,-18329.712499999994,153302.2125,5066.1875,-10056.950000000012,164625.475,3328.5750000000116,144922.5,10687.862499999988,0.3125,-0.35,0.8125,-0.025000000000000355,-1.4749999999999996,-0.7874999999999943,0.1375,0.25,-0.3624999999999998,-0.3500000000000001,0.0875,0.4124999999999943
