FPI,SPI,AI,SFI,FFI,FPD,SPD,AD,SFD,FFD,API_X,API_Y,API_Z,APD_X,APD_Y,APD_Z,AFD_X,AFD_Y,AFD_Z,AFI_X,AFI_Y,AFI_Z
-8364.412500000006,-118.01249999995343,-505.1999999999971,113.76250000001164,5622.974999999977,2052.2750000000233,280.4624999999942,4811.112499999988,216.71250000000146,110.97499999997672,-0.5874999999999999,-0.21250000000000002,-0.3375000000000057,-0.16249999999999964,-0.3125,-0.125,0.25,-0.7749999999999999,0.6875,-0.2875000000000001,0.075,0.09999999999999432
-8308.412500000006,32.987500000046566,-410.1999999999971,159.76250000001164,5649.974999999977,2032.2750000000233,824.4624999999942,4648.112499999988,354.71250000000146,45.97499999997672,-0.5874999999999999,-0.21250000000000002,-0.3375000000000057,-1.1624999999999996,0.6875,-1.125,0.25,0.2250000000000001,-0.3125,-0.2875000000000001,0.075,-0.9000000000000057
-8182.412500000006,131.98750000004657,-347.1999999999971,39.76250000001164,5464.974999999977,1788.2750000000233,193.46249999999418,4562.112499999988,399.71250000000146,-85.02500000002328,0.4125000000000001,-1.2125,-0.3375000000000057,-1.1624999999999996,0.6875,-0.125,0.25,0.2250000000000001,-0.3125,-0.2875000000000001,0.075,-0.9000000000000057
-8196.412500000006,-1.0124999999534339,-585.1999999999971,-69.23749999998836,5597.974999999977,1722.2750000000233,-169.53750000000582,4599.112499999988,336.71250000000146,1.974999999976717,-0.5874999999999999,-0.21250000000000002,-0.3375000000000057,-0.16249999999999964,-0.3125,-1.125,0.25,-0.7749999999999999,0.6875,-0.2875000000000001,-0.925,0.09999999999999432
-8245.412500000006,-0.012499999953433871,-691.1999999999971,-101.23749999998836,5666.974999999977,1671.2750000000233,159.46249999999418,4580.112499999988,367.71250000000146,6.974999999976717,-0.5874999999999999,-0.21250000000000002,0.6624999999999943,-0.16249999999999964,-0.3125,-0.125,0.25,-0.7749999999999999,-0.3125,-0.2875000000000001,-0.925,1.0999999999999943
-8318.412500000006,50.987500000046566,-584.1999999999971,-16.23749999998836,5694.974999999977,1603.2750000000233,360.4624999999942,4543.112499999988,513.7125000000015,-47.02500000002328,-0.5874999999999999,-0.21250000000000002,-0.3375000000000057,-0.16249999999999964,-1.3125,0.875,0.25,-0.7749999999999999,-0.3125,-1.2875,0.075,-0.9000000000000057
-8358.412500000006,0.9875000000465661,-531.1999999999971,66.76250000001164,5780.974999999977,1691.2750000000233,144.46249999999418,4669.112499999988,510.71250000000146,31.974999999976717,-0.5874999999999999,-1.2125,-0.3375000000000057,-1.1624999999999996,-0.3125,-0.125,0.25,0.2250000000000001,-0.3125,-0.2875000000000001,-0.925,-0.9000000000000057
-8334.412500000006,-164.01249999995343,-533.1999999999971,-22.23749999998836,5906.974999999977,1781.2750000000233,261.4624999999942,4324.112499999988,424.71250000000146,-91.02500000002328,-0.5874999999999999,-0.21250000000000002,-0.3375000000000057,-0.16249999999999964,-0.3125,-1.125,0.25,-0.7749999999999999,-0.3125,-0.2875000000000001,0.075,0.09999999999999432
-8157.412500000006,-100.01249999995343,-615.1999999999971,3.7625000000116415,5715.974999999977,1737.2750000000233,-16.53750000000582,4502.112499999988,339.71250000000146,147.97499999997672,0.4125000000000001,-0.21250000000000002,-0.3375000000000057,-0.16249999999999964,-0.3125,-1.125,0.25,0.2250000000000001,-0.3125,0.7124999999999999,0.075,0.09999999999999432
-8208.412500000006,-148.01249999995343,-653.1999999999971,-23.23749999998836,5609.974999999977,1917.2750000000233,-600.5375000000058,4473.112499999988,210.71250000000146,207.97499999997672,0.4125000000000001,-0.21250000000000002,-1.3375000000000057,-0.16249999999999964,0.6875,-0.125,0.25,-0.7749999999999999,-0.3125,0.7124999999999999,0.075,0.09999999999999432
-8254.412500000006,-80.01249999995343,-600.1999999999971,17.76250000001164,5608.974999999977,1966.2750000000233,-262.5375000000058,4440.112499999988,69.71250000000146,-6.025000000023283,0.4125000000000001,-0.21250000000000002,-0.3375000000000057,-0.16249999999999964,-0.3125,0.875,0.25,0.2250000000000001,0.6875,0.7124999999999999,0.075,0.09999999999999432
-8259.412500000006,218.98750000004657,-553.1999999999971,-89.23749999998836,5665.974999999977,1933.2750000000233,-337.5375000000058,4427.112499999988,-27.287499999998545,36.97499999997672,0.4125000000000001,0.7875,0.6624999999999943,0.8375000000000004,0.6875,-0.125,0.25,0.2250000000000001,0.6875,0.7124999999999999,0.075,-0.9000000000000057
-8269.412500000006,-51.012499999953434,-371.1999999999971,-63.23749999998836,5640.974999999977,1869.2750000000233,-868.5375000000058,4463.112499999988,-22.287499999998545,141.97499999997672,0.4125000000000001,-0.21250000000000002,-0.3375000000000057,0.8375000000000004,-0.3125,-0.125,0.25,0.2250000000000001,-0.3125,-0.2875000000000001,-0.925,0.09999999999999432
-8371.412500000006,-229.01249999995343,-381.1999999999971,-141.23749999998836,5596.974999999977,1824.2750000000233,-558.5375000000058,4501.112499999988,-43.287499999998545,201.97499999997672,-0.5874999999999999,-0.21250000000000002,0.6624999999999943,-1.1624999999999996,-0.3125,-0.125,0.25,0.2250000000000001,-0.3125,0.7124999999999999,0.075,1.0999999999999943
-8198.412500000006,-525.0124999999534,-360.1999999999971,-212.23749999998836,5420.974999999977,2107.2750000000233,-534.5375000000058,4567.112499999988,-60.287499999998545,229.97499999997672,0.4125000000000001,-0.21250000000000002,-0.3375000000000057,-0.16249999999999964,-0.3125,-0.125,0.25,0.2250000000000001,0.6875,-0.2875000000000001,0.075,-0.9000000000000057
-8297.412500000006,-303.01249999995343,-308.1999999999971,-126.23749999998836,5485.974999999977,2191.2750000000233,-655.5375000000058,4595.112499999988,-177.28749999999854,366.9749999999767,0.4125000000000001,-0.21250000000000002,0.6624999999999943,0.8375000000000004,-0.3125,0.875,0.25,0.2250000000000001,-0.3125,0.7124999999999999,0.075,0.09999999999999432
-8251.412500000006,-298.01249999995343,-280.1999999999971,-191.23749999998836,5464.974999999977,2125.2750000000233,-727.5375000000058,4513.112499999988,-389.28749999999854,234.97499999997672,1.4125,-0.21250000000000002,0.6624999999999943,-0.16249999999999964,-0.3125,0.875,-0.75,0.2250000000000001,-0.3125,-0.2875000000000001,0.075,0.09999999999999432
-8171.412500000006,-319.01249999995343,-264.1999999999971,-292.23749999998836,5390.974999999977,2139.2750000000233,-761.5375000000058,4537.112499999988,-427.28749999999854,155.97499999997672,0.4125000000000001,-0.21250000000000002,0.6624999999999943,-0.16249999999999964,-0.3125,-0.125,0.25,0.2250000000000001,-0.3125,0.7124999999999999,0.075,-0.9000000000000057
-8145.412500000006,-214.01249999995343,-260.1999999999971,-221.23749999998836,5477.974999999977,2201.2750000000233,-490.5375000000058,4565.112499999988,-500.28749999999854,263.9749999999767,-0.5874999999999999,0.7875,0.6624999999999943,0.8375000000000004,-0.3125,-0.125,0.25,-0.7749999999999999,0.6875,-0.2875000000000001,0.075,0.09999999999999432
-8196.412500000006,-239.01249999995343,-334.1999999999971,-182.23749999998836,5563.974999999977,2144.2750000000233,-218.53750000000582,4626.112499999988,-608.2874999999985,393.9749999999767,-0.5874999999999999,0.7875,0.6624999999999943,0.8375000000000004,-0.3125,-0.125,-0.75,0.2250000000000001,0.6875,-0.2875000000000001,0.075,0.09999999999999432
-8254.412500000006,-107.01249999995343,-354.1999999999971,-318.23749999998836,5396.974999999977,1984.2750000000233,397.4624999999942,4638.112499999988,-673.2874999999985,-16.025000000023283,0.4125000000000001,-0.21250000000000002,-0.3375000000000057,0.8375000000000004,-0.3125,-0.125,-0.75,0.2250000000000001,0.6875,0.7124999999999999,0.075,0.09999999999999432
-8332.412500000006,-156.01249999995343,-246.1999999999971,-238.23749999998836,5490.974999999977,1980.2750000000233,168.46249999999418,4593.112499999988,-712.2874999999985,131.97499999997672,-0.5874999999999999,-0.21250000000000002,-0.3375000000000057,0.8375000000000004,-0.3125,-1.125,0.25,0.2250000000000001,-0.3125,0.7124999999999999,0.075,1.0999999999999943
-8120.412500000006,-185.01249999995343,-297.1999999999971,-391.23749999998836,5348.974999999977,2063.2750000000233,259.4624999999942,4639.112499999988,-635.2874999999985,241.97499999997672,0.4125000000000001,-0.21250000000000002,-0.3375000000000057,-0.16249999999999964,-0.3125,-0.125,0.25,0.2250000000000001,-0.3125,-0.2875000000000001,0.075,-0.9000000000000057
-8318.412500000006,-199.01249999995343,-294.1999999999971,-501.23749999998836,5434.974999999977,1884.2750000000233,199.46249999999418,4583.112499999988,-506.28749999999854,292.9749999999767,-0.5874999999999999,0.7875,-0.3375000000000057,-0.16249999999999964,-0.3125,-0.125,-0.75,0.2250000000000001,-0.3125,-0.2875000000000001,0.075,0.09999999999999432
-8295.412500000006,-148.01249999995343,-436.1999999999971,-406.23749999998836,5589.974999999977,2013.2750000000233,275.4624999999942,4544.112499999988,-547.2874999999985,96.97499999997672,-0.5874999999999999,-0.21250000000000002,0.6624999999999943,-0.16249999999999964,-0.3125,-0.125,0.25,0.2250000000000001,-0.3125,-0.2875000000000001,0.075,-0.9000000000000057
-8329.412500000006,-131.01249999995343,-404.1999999999971,-396.23749999998836,5666.974999999977,1957.2750000000233,-73.53750000000582,4654.112499999988,-607.2874999999985,76.97499999997672,-0.5874999999999999,0.7875,0.6624999999999943,-0.16249999999999964,0.6875,-0.125,-0.75,0.2250000000000001,0.6875,-0.2875000000000001,0.075,-0.9000000000000057
-8283.412500000006,-85.01249999995343,-400.1999999999971,-329.23749999998836,5466.974999999977,1846.2750000000233,-196.53750000000582,4451.112499999988,-506.28749999999854,1.974999999976717,-0.5874999999999999,-0.21250000000000002,-0.3375000000000057,-0.16249999999999964,0.6875,-0.125,0.25,0.2250000000000001,0.6875,-0.2875000000000001,0.075,0.09999999999999432
-8196.412500000006,-120.01249999995343,-442.1999999999971,-435.23749999998836,5529.974999999977,1939.2750000000233,-370.5375000000058,4542.112499999988,-283.28749999999854,23.974999999976717,-0.5874999999999999,-0.21250000000000002,-0.3375000000000057,-1.1624999999999996,0.6875,-0.125,0.25,0.2250000000000001,-0.3125,-0.2875000000000001,-0.925,0.09999999999999432
-8058.412500000006,-305.01249999995343,-487.1999999999971,-551.2374999999884,5583.974999999977,1901.2750000000233,-79.53750000000582,4623.112499999988,-358.28749999999854,135.97499999997672,0.4125000000000001,-0.21250000000000002,0.6624999999999943,-0.16249999999999964,-0.3125,-0.125,0.25,-0.7749999999999999,0.6875,-0.2875000000000001,0.075,0.09999999999999432
-8169.412500000006,-308.01249999995343,-434.1999999999971,-296.23749999998836,5613.974999999977,1906.2750000000233,60.46249999999418,4712.112499999988,-444.28749999999854,114.97499999997672,-0.5874999999999999,-0.21250000000000002,-0.3375000000000057,-0.16249999999999964,-0.3125,-0.125,0.25,0.2250000000000001,0.6875,-0.2875000000000001,0.075,-0.9000000000000057
-8301.412500000006,-217.01249999995343,-455.1999999999971,-274.23749999998836,5606.974999999977,1833.2750000000233,349.4624999999942,4558.112499999988,-508.28749999999854,-22.025000000023283,0.4125000000000001,-0.21250000000000002,0.6624999999999943,-0.16249999999999964,-0.3125,-0.125,0.25,0.2250000000000001,-0.3125,-0.2875000000000001,-0.925,0.09999999999999432
-8226.412500000006,-255.01249999995343,-498.1999999999971,-291.23749999998836,5611.974999999977,1773.2750000000233,308.4624999999942,4680.112499999988,-356.28749999999854,77.97499999997672,-0.5874999999999999,-0.21250000000000002,0.6624999999999943,-0.16249999999999964,0.6875,0.875,0.25,0.2250000000000001,-0.3125,-0.2875000000000001,0.075,0.09999999999999432
-8068.412500000006,-42.012499999953434,-391.1999999999971,-332.23749999998836,5557.974999999977,1812.2750000000233,-190.53750000000582,4608.112499999988,-315.28749999999854,-97.02500000002328,-0.5874999999999999,-0.21250000000000002,-0.3375000000000057,-0.16249999999999964,-0.3125,-0.125,-0.75,-0.7749999999999999,-0.3125,0.7124999999999999,-0.925,-0.9000000000000057
-8114.412500000006,-235.01249999995343,-348.1999999999971,-434.23749999998836,5667.974999999977,1919.2750000000233,41.46249999999418,4379.112499999988,-426.28749999999854,237.97499999997672,-0.5874999999999999,0.7875,0.6624999999999943,-0.16249999999999964,0.6875,-0.125,0.25,0.2250000000000001,-0.3125,0.7124999999999999,0.075,-0.9000000000000057
-8110.412500000006,-293.01249999995343,-370.1999999999971,-369.23749999998836,5644.974999999977,2011.2750000000233,366.4624999999942,4500.112499999988,-169.28749999999854,107.97499999997672,0.4125000000000001,-0.21250000000000002,0.6624999999999943,-0.16249999999999964,-0.3125,-0.125,0.25,0.2250000000000001,-0.3125,0.7124999999999999,0.075,0.09999999999999432
-8117.412500000006,-107.01249999995343,-381.1999999999971,-277.23749999998836,5530.974999999977,1914.2750000000233,-114.53750000000582,4581.112499999988,-106.28749999999854,199.97499999997672,-0.5874999999999999,0.7875,0.6624999999999943,0.8375000000000004,-0.3125,-0.125,-0.75,0.2250000000000001,-0.3125,-0.2875000000000001,1.075,0.09999999999999432
-8281.412500000006,-116.01249999995343,-442.1999999999971,-403.23749999998836,5496.974999999977,1932.2750000000233,40.46249999999418,4739.112499999988,-2.287499999998545,447.9749999999767,-0.5874999999999999,-0.21250000000000002,-0.3375000000000057,-0.16249999999999964,0.6875,-0.125,0.25,0.2250000000000001,-0.3125,-0.2875000000000001,0.075,-0.9000000000000057
-8400.412500000006,-186.01249999995343,-507.1999999999971,-306.23749999998836,5374.974999999977,2108.2750000000233,-198.53750000000582,4723.112499999988,-26.287499999998545,407.9749999999767,0.4125000000000001,0.7875,0.6624999999999943,0.8375000000000004,-0.3125,-0.125,0.25,0.2250000000000001,-0.3125,0.7124999999999999,0.075,-0.9000000000000057
-8231.412500000006,-186.01249999995343,-361.1999999999971,-265.23749999998836,5457.974999999977,2208.2750000000233,-818.5375000000058,4600.112499999988,177.71250000000146,358.9749999999767,-0.5874999999999999,-0.21250000000000002,-0.3375000000000057,-0.16249999999999964,0.6875,-0.125,0.25,-0.7749999999999999,0.6875,0.7124999999999999,0.075,-0.9000000000000057
-8171.412500000006,-104.01249999995343,-283.1999999999971,-170.23749999998836,5269.974999999977,2183.2750000000233,-151.53750000000582,4637.112499999988,262.71250000000146,457.9749999999767,-0.5874999999999999,0.7875,-0.3375000000000057,0.8375000000000004,-0.3125,-0.125,0.25,0.2250000000000001,0.6875,0.7124999999999999,0.075,0.09999999999999432
-8179.412500000006,-199.01249999995343,-276.1999999999971,-185.23749999998836,5290.974999999977,2073.2750000000233,-121.53750000000582,4607.112499999988,233.71250000000146,433.9749999999767,0.4125000000000001,-0.21250000000000002,-0.3375000000000057,-0.16249999999999964,-0.3125,-0.125,0.25,0.2250000000000001,-0.3125,-0.2875000000000001,0.075,0.09999999999999432
-8278.412500000006,-201.01249999995343,-458.1999999999971,-128.23749999998836,5330.974999999977,1994.2750000000233,5.462499999994179,4674.112499999988,228.71250000000146,442.9749999999767,0.4125000000000001,0.7875,-0.3375000000000057,-0.16249999999999964,0.6875,-0.125,0.25,0.2250000000000001,-0.3125,0.7124999999999999,0.075,0.09999999999999432
-8267.412500000006,-193.01249999995343,-414.1999999999971,-213.23749999998836,5300.974999999977,2131.2750000000233,-81.53750000000582,4547.112499999988,196.71250000000146,423.9749999999767,-0.5874999999999999,-0.21250000000000002,-0.3375000000000057,0.8375000000000004,0.6875,-0.125,0.25,0.2250000000000001,-0.3125,-0.2875000000000001,0.075,0.09999999999999432
-8239.412500000006,92.98750000004657,-357.1999999999971,-41.23749999998836,5463.974999999977,2125.2750000000233,160.46249999999418,4581.112499999988,246.71250000000146,403.9749999999767,0.4125000000000001,-0.21250000000000002,0.6624999999999943,-0.16249999999999964,0.6875,-0.125,0.25,-0.7749999999999999,0.6875,-0.2875000000000001,0.075,0.09999999999999432
-8216.412500000006,-53.012499999953434,-341.1999999999971,-121.23749999998836,5624.974999999977,2003.2750000000233,242.46249999999418,4710.112499999988,211.71250000000146,304.9749999999767,0.4125000000000001,-0.21250000000000002,0.6624999999999943,-0.16249999999999964,-0.3125,-0.125,0.25,-0.7749999999999999,-0.3125,-0.2875000000000001,0.075,0.09999999999999432
-8314.412500000006,-180.01249999995343,-319.1999999999971,-203.23749999998836,5578.974999999977,1920.2750000000233,80.46249999999418,4670.112499999988,163.71250000000146,29.974999999976717,-0.5874999999999999,-0.21250000000000002,0.6624999999999943,-0.16249999999999964,-0.3125,-1.125,0.25,0.2250000000000001,-0.3125,-0.2875000000000001,0.075,-0.9000000000000057
-8221.412500000006,-126.01249999995343,-432.1999999999971,-117.23749999998836,5515.974999999977,1863.2750000000233,-90.53750000000582,4628.112499999988,117.71250000000146,91.97499999997672,0.4125000000000001,-0.21250000000000002,-0.3375000000000057,-0.16249999999999964,-0.3125,-0.125,-0.75,0.2250000000000001,-0.3125,-0.2875000000000001,0.075,-0.9000000000000057
-8292.412500000006,-13.012499999953434,-488.1999999999971,-68.23749999998836,5516.974999999977,1900.2750000000233,242.46249999999418,4584.112499999988,149.71250000000146,83.97499999997672,0.4125000000000001,-0.21250000000000002,-0.3375000000000057,-0.16249999999999964,0.6875,-0.125,-0.75,0.2250000000000001,0.6875,0.7124999999999999,0.075,1.0999999999999943
-8192.412500000006,161.98750000004657,-477.1999999999971,20.76250000001164,5575.974999999977,1967.2750000000233,-104.53750000000582,4528.112499999988,-81.28749999999854,302.9749999999767,-0.5874999999999999,-0.21250000000000002,-0.3375000000000057,-0.16249999999999964,0.6875,-0.125,0.25,0.2250000000000001,-0.3125,0.7124999999999999,0.075,0.09999999999999432
-8261.412500000006,22.987500000046566,-525.1999999999971,58.76250000001164,5651.974999999977,1867.2750000000233,-460.5375000000058,4615.112499999988,-38.287499999998545,278.9749999999767,0.4125000000000001,-0.21250000000000002,0.6624999999999943,-0.16249999999999964,-0.3125,-0.125,0.25,0.2250000000000001,0.6875,-0.2875000000000001,0.075,0.09999999999999432
-8286.412500000006,89.98750000004657,-467.1999999999971,183.76250000001164,5636.974999999977,1848.2750000000233,-692.5375000000058,4671.112499999988,218.71250000000146,251.97499999997672,-0.5874999999999999,0.7875,0.6624999999999943,-0.16249999999999964,-0.3125,-0.125,0.25,-0.7749999999999999,-0.3125,-0.2875000000000001,0.075,-0.9000000000000057
-8304.412500000006,-146.01249999995343,-653.1999999999971,44.76250000001164,5529.974999999977,1768.2750000000233,-180.53750000000582,4581.112499999988,123.71250000000146,66.97499999997672,0.4125000000000001,-0.21250000000000002,0.6624999999999943,-0.16249999999999964,-0.3125,-0.125,0.25,0.2250000000000001,0.6875,-0.2875000000000001,0.075,0.09999999999999432
-8278.412500000006,-118.01249999995343,-628.1999999999971,98.76250000001164,5405.974999999977,1959.2750000000233,156.46249999999418,4628.112499999988,160.71250000000146,340.9749999999767,0.4125000000000001,-0.21250000000000002,0.6624999999999943,-0.16249999999999964,-0.3125,-0.125,0.25,0.2250000000000001,0.6875,0.7124999999999999,0.075,-0.9000000000000057
-8237.412500000006,-44.012499999953434,-527.1999999999971,51.76250000001164,5689.974999999977,1956.2750000000233,467.4624999999942,4682.112499999988,182.71250000000146,300.9749999999767,0.4125000000000001,-0.21250000000000002,-0.3375000000000057,-0.16249999999999964,-0.3125,-0.125,0.25,-0.7749999999999999,-0.3125,-0.2875000000000001,0.075,0.09999999999999432
-8267.412500000006,-52.012499999953434,-443.1999999999971,-33.23749999998836,5642.974999999977,1793.2750000000233,265.4624999999942,4486.112499999988,203.71250000000146,254.97499999997672,0.4125000000000001,-0.21250000000000002,-0.3375000000000057,-0.16249999999999964,-0.3125,0.875,0.25,0.2250000000000001,-0.3125,1.7125,0.075,0.09999999999999432
-8296.412500000006,-117.01249999995343,-402.1999999999971,160.76250000001164,5782.974999999977,1749.2750000000233,134.46249999999418,4509.112499999988,129.71250000000146,324.9749999999767,-0.5874999999999999,-0.21250000000000002,0.6624999999999943,-0.16249999999999964,-0.3125,-0.125,0.25,0.2250000000000001,-0.3125,-0.2875000000000001,0.075,0.09999999999999432
-8209.412500000006,-108.01249999995343,-348.1999999999971,24.76250000001164,5590.974999999977,1943.2750000000233,-270.5375000000058,4670.112499999988,35.712500000001455,497.9749999999767,-0.5874999999999999,-0.21250000000000002,0.6624999999999943,-0.16249999999999964,0.6875,-0.125,0.25,0.2250000000000001,0.6875,0.7124999999999999,0.075,-0.9000000000000057
-8305.412500000006,-197.01249999995343,-283.1999999999971,26.76250000001164,5564.974999999977,1964.2750000000233,-471.5375000000058,4657.112499999988,-0.2874999999985448,381.9749999999767,-0.5874999999999999,0.7875,0.6624999999999943,-0.16249999999999964,0.6875,-1.125,0.25,-0.7749999999999999,-1.3125,-0.2875000000000001,0.075,0.09999999999999432
-8338.412500000006,-97.01249999995343,-391.1999999999971,-0.23749999998835847,5454.974999999977,2058.2750000000233,79.46249999999418,4504.112499999988,67.71250000000146,336.9749999999767,0.4125000000000001,-0.21250000000000002,0.6624999999999943,-0.16249999999999964,0.6875,-1.125,-0.75,0.2250000000000001,-0.3125,-0.2875000000000001,0.075,0.09999999999999432
-8341.412500000006,347.98750000004657,-395.1999999999971,225.76250000001164,5355.974999999977,1956.2750000000233,-396.5375000000058,4636.112499999988,168.71250000000146,267.9749999999767,-0.5874999999999999,-0.21250000000000002,0.6624999999999943,-1.1624999999999996,0.6875,-0.125,-0.75,0.2250000000000001,0.6875,-0.2875000000000001,0.075,-0.9000000000000057
-8347.412500000006,-167.01249999995343,-217.1999999999971,128.76250000001164,5366.974999999977,2059.2750000000233,-491.5375000000058,4716.112499999988,156.71250000000146,312.9749999999767,0.4125000000000001,-0.21250000000000002,-0.3375000000000057,-0.16249999999999964,0.6875,-0.125,0.25,0.2250000000000001,0.6875,0.7124999999999999,0.075,-0.9000000000000057
-8245.412500000006,94.98750000004657,-255.1999999999971,-166.23749999998836,5488.974999999977,2143.2750000000233,-108.53750000000582,4686.112499999988,116.71250000000146,380.9749999999767,-0.5874999999999999,0.7875,-0.3375000000000057,0.8375000000000004,-0.3125,-0.125,0.25,0.2250000000000001,-0.3125,0.7124999999999999,0.075,0.09999999999999432
-8309.412500000006,197.98750000004657,-340.1999999999971,-9.237499999988358,5654.974999999977,1994.2750000000233,365.4624999999942,4716.112499999988,184.71250000000146,533.9749999999767,0.4125000000000001,-0.21250000000000002,-0.3375000000000057,0.8375000000000004,-0.3125,-0.125,0.25,-0.7749999999999999,-0.3125,-0.2875000000000001,0.075,0.09999999999999432
-8286.412500000006,-152.01249999995343,-352.1999999999971,36.76250000001164,5592.974999999977,2083.2750000000233,-218.53750000000582,4469.112499999988,88.71250000000146,386.9749999999767,0.4125000000000001,-0.21250000000000002,0.6624999999999943,0.8375000000000004,-0.3125,-1.125,0.25,0.2250000000000001,0.6875,0.7124999999999999,0.075,1.0999999999999943
-8313.412500000006,-14.012499999953434,-408.1999999999971,5.7625000000116415,5590.974999999977,2052.2750000000233,-121.53750000000582,4426.112499999988,46.712500000001455,258.9749999999767,0.4125000000000001,-0.21250000000000002,-0.3375000000000057,0.8375000000000004,0.6875,-0.125,0.25,0.2250000000000001,-0.3125,-0.2875000000000001,0.075,0.09999999999999432
-8222.412500000006,35.987500000046566,-399.1999999999971,112.76250000001164,5671.974999999977,2033.2750000000233,-188.53750000000582,4604.112499999988,82.71250000000146,452.9749999999767,0.4125000000000001,0.7875,-0.3375000000000057,-0.16249999999999964,0.6875,-0.125,0.25,0.2250000000000001,-0.3125,-0.2875000000000001,0.075,0.09999999999999432
-8204.412500000006,105.98750000004657,-402.1999999999971,-75.23749999998836,5507.974999999977,2113.2750000000233,-6.537500000005821,4528.112499999988,98.71250000000146,348.9749999999767,-0.5874999999999999,-0.21250000000000002,-0.3375000000000057,-0.16249999999999964,-0.3125,-1.125,0.25,-0.7749999999999999,0.6875,-0.2875000000000001,-0.925,-0.9000000000000057
-8212.412500000006,-163.01249999995343,-398.1999999999971,-28.23749999998836,5749.974999999977,2023.2750000000233,40.46249999999418,4507.112499999988,165.71250000000146,414.9749999999767,-0.5874999999999999,-0.21250000000000002,0.6624999999999943,-0.16249999999999964,-0.3125,-0.125,-0.75,0.2250000000000001,-0.3125,-0.2875000000000001,0.075,0.09999999999999432
-8233.412500000006,-273.01249999995343,-431.1999999999971,-39.23749999998836,5575.974999999977,1829.2750000000233,99.46249999999418,4514.112499999988,148.71250000000146,414.9749999999767,0.4125000000000001,-0.21250000000000002,0.6624999999999943,-0.16249999999999964,-0.3125,-1.125,0.25,0.2250000000000001,-0.3125,-0.2875000000000001,0.075,-0.9000000000000057
-8312.412500000006,-269.01249999995343,-482.1999999999971,186.76250000001164,5594.974999999977,1754.2750000000233,-251.53750000000582,4468.112499999988,160.71250000000146,265.9749999999767,0.4125000000000001,-0.21250000000000002,0.6624999999999943,-0.16249999999999964,-0.3125,-0.125,0.25,0.2250000000000001,0.6875,-0.2875000000000001,0.075,-0.9000000000000057
-8203.412500000006,-320.01249999995343,-499.1999999999971,175.76250000001164,5654.974999999977,1856.2750000000233,-250.53750000000582,4420.112499999988,42.712500000001455,306.9749999999767,-0.5874999999999999,-0.21250000000000002,0.6624999999999943,-0.16249999999999964,0.6875,-1.125,-0.75,0.2250000000000001,-0.3125,-0.2875000000000001,0.075,0.09999999999999432
-8160.412500000006,-199.01249999995343,-431.1999999999971,-108.23749999998836,5678.974999999977,1931.2750000000233,-1.5375000000058208,4611.112499999988,35.712500000001455,-1.025000000023283,0.4125000000000001,-0.21250000000000002,-0.3375000000000057,-0.16249999999999964,-0.3125,-0.125,-0.75,-0.7749999999999999,-0.3125,-0.2875000000000001,-0.925,0.09999999999999432
-8144.412500000006,-323.01249999995343,-490.1999999999971,-101.23749999998836,5798.974999999977,1838.2750000000233,-1.5375000000058208,4615.112499999988,115.71250000000146,-76.02500000002328,0.4125000000000001,-0.21250000000000002,-0.3375000000000057,-0.16249999999999964,-0.3125,-0.125,-0.75,0.2250000000000001,-0.3125,-0.2875000000000001,0.075,-0.9000000000000057
-8238.412500000006,-171.01249999995343,-542.1999999999971,52.76250000001164,5616.974999999977,1818.2750000000233,-258.5375000000058,4566.112499999988,-44.287499999998545,-72.02500000002328,-0.5874999999999999,-0.21250000000000002,-0.3375000000000057,-0.16249999999999964,-0.3125,0.875,-0.75,0.2250000000000001,-0.3125,0.7124999999999999,-0.925,0.09999999999999432
-8270.412500000006,-73.01249999995343,-598.1999999999971,21.76250000001164,5807.974999999977,1894.2750000000233,128.46249999999418,4473.112499999988,-164.28749999999854,-17.025000000023283,-0.5874999999999999,-0.21250000000000002,0.6624999999999943,-0.16249999999999964,-0.3125,-0.125,0.25,0.2250000000000001,0.6875,-0.2875000000000001,0.075,0.09999999999999432
-8192.412500000006,-137.01249999995343,-516.1999999999971,-4.2374999999883585,5630.974999999977,1728.2750000000233,57.46249999999418,4545.112499999988,-47.287499999998545,80.97499999997672,0.4125000000000001,-1.2125,0.6624999999999943,-0.16249999999999964,-0.3125,-0.125,0.25,-0.7749999999999999,0.6875,-0.2875000000000001,0.075,1.0999999999999943
-8258.412500000006,-47.012499999953434,-516.1999999999971,-119.23749999998836,5615.974999999977,1768.2750000000233,-154.53750000000582,4431.112499999988,-163.28749999999854,215.97499999997672,-0.5874999999999999,-0.21250000000000002,0.6624999999999943,-0.16249999999999964,-0.3125,-0.125,0.25,0.2250000000000001,-0.3125,-0.2875000000000001,0.075,1.0999999999999943
-8271.412500000006,-109.01249999995343,-471.1999999999971,-294.23749999998836,5667.974999999977,1871.2750000000233,-464.5375000000058,4541.112499999988,-177.28749999999854,155.97499999997672,-0.5874999999999999,-0.21250000000000002,0.6624999999999943,-0.16249999999999964,0.6875,-0.125,0.25,0.2250000000000001,-0.3125,-0.2875000000000001,1.075,-0.9000000000000057
-8292.412500000006,-48.012499999953434,-409.1999999999971,-172.23749999998836,5706.974999999977,1898.2750000000233,-205.53750000000582,4642.112499999988,-136.28749999999854,233.97499999997672,0.4125000000000001,0.7875,0.6624999999999943,-0.16249999999999964,-0.3125,-0.125,0.25,0.2250000000000001,-0.3125,-0.2875000000000001,0.075,0.09999999999999432
-8195.412500000006,-106.01249999995343,-388.1999999999971,7.7625000000116415,5523.974999999977,1947.2750000000233,-78.53750000000582,4592.112499999988,-137.28749999999854,175.97499999997672,-0.5874999999999999,-0.21250000000000002,0.6624999999999943,-0.16249999999999964,-0.3125,-0.125,0.25,0.2250000000000001,0.6875,0.7124999999999999,0.075,0.09999999999999432
-8175.412500000006,-69.01249999995343,-320.1999999999971,49.76250000001164,5390.974999999977,1942.2750000000233,-501.5375000000058,4630.112499999988,-205.28749999999854,152.97499999997672,0.4125000000000001,-0.21250000000000002,-0.3375000000000057,-0.16249999999999964,0.6875,-0.125,0.25,0.2250000000000001,-0.3125,-0.2875000000000001,0.075,-0.9000000000000057
-8190.412500000006,125.98750000004657,-363.1999999999971,-27.23749999998836,5456.974999999977,1876.2750000000233,-417.5375000000058,4805.112499999988,2.712500000001455,209.97499999997672,0.4125000000000001,-0.21250000000000002,0.6624999999999943,-0.16249999999999964,-0.3125,-0.125,0.25,0.2250000000000001,-0.3125,-0.2875000000000001,0.075,1.0999999999999943
-8291.412500000006,286.98750000004657,-395.1999999999971,-127.23749999998836,5526.974999999977,1968.2750000000233,-237.53750000000582,4746.112499999988,131.71250000000146,302.9749999999767,-0.5874999999999999,0.7875,-0.3375000000000057,0.8375000000000004,0.6875,-0.125,-0.75,0.2250000000000001,-0.3125,-0.2875000000000001,0.075,-0.9000000000000057
-8448.412500000006,123.98750000004657,-291.1999999999971,-96.23749999998836,5524.974999999977,2037.2750000000233,-73.53750000000582,4586.112499999988,19.712500000001455,479.9749999999767,0.4125000000000001,0.7875,0.6624999999999943,0.8375000000000004,0.6875,-0.125,0.25,-0.7749999999999999,0.6875,-0.2875000000000001,0.075,1.0999999999999943
-8463.412500000006,46.987500000046566,-202.1999999999971,-15.237499999988358,5401.974999999977,2044.2750000000233,-73.53750000000582,4614.112499999988,51.712500000001455,416.9749999999767,0.4125000000000001,-0.21250000000000002,0.6624999999999943,-0.16249999999999964,0.6875,-0.125,0.25,0.2250000000000001,-0.3125,0.7124999999999999,0.075,-0.9000000000000057
-8261.412500000006,-130.01249999995343,-237.1999999999971,86.76250000001164,5403.974999999977,2019.2750000000233,46.46249999999418,4622.112499999988,235.71250000000146,355.9749999999767,0.4125000000000001,-0.21250000000000002,-0.3375000000000057,-0.16249999999999964,-0.3125,-0.125,0.25,0.2250000000000001,0.6875,0.7124999999999999,0.075,0.09999999999999432
-8157.412500000006,-124.01249999995343,-547.1999999999971,-103.23749999998836,5372.974999999977,2096.2750000000233,65.46249999999418,4630.112499999988,219.71250000000146,488.9749999999767,0.4125000000000001,0.7875,-0.3375000000000057,0.8375000000000004,0.6875,-0.125,-0.75,0.2250000000000001,-0.3125,-0.2875000000000001,0.075,0.09999999999999432
-8192.412500000006,-144.01249999995343,-378.1999999999971,-72.23749999998836,5497.974999999977,1898.2750000000233,-3.5375000000058208,4579.112499999988,323.71250000000146,402.9749999999767,0.4125000000000001,0.7875,-0.3375000000000057,-0.16249999999999964,-0.3125,-1.125,0.25,0.2250000000000001,-0.3125,-0.2875000000000001,-0.925,-0.9000000000000057
-8247.412500000006,-211.01249999995343,-332.1999999999971,14.762500000011642,5698.974999999977,1901.2750000000233,-98.53750000000582,4559.112499999988,216.71250000000146,278.9749999999767,-0.5874999999999999,-0.21250000000000002,-0.3375000000000057,0.8375000000000004,-0.3125,-1.125,0.25,0.2250000000000001,-0.3125,0.7124999999999999,0.075,-0.9000000000000057
-8222.412500000006,-29.012499999953434,-594.1999999999971,-153.23749999998836,5593.974999999977,1929.2750000000233,-163.53750000000582,4635.112499999988,125.71250000000146,131.97499999997672,0.4125000000000001,0.7875,-0.3375000000000057,-0.16249999999999964,-0.3125,0.875,0.25,0.2250000000000001,-0.3125,0.7124999999999999,-0.925,0.09999999999999432
-8170.412500000006,-68.01249999995343,-458.1999999999971,-210.23749999998836,5616.974999999977,1924.2750000000233,65.46249999999418,4545.112499999988,201.71250000000146,27.974999999976717,0.4125000000000001,-0.21250000000000002,-0.3375000000000057,-0.16249999999999964,-0.3125,-0.125,0.25,0.2250000000000001,0.6875,-0.2875000000000001,0.075,0.09999999999999432
-8372.412500000006,54.987500000046566,-278.1999999999971,-5.2374999999883585,5730.974999999977,1737.2750000000233,-29.53750000000582,4601.112499999988,356.71250000000146,123.97499999997672,0.4125000000000001,-0.21250000000000002,-1.3375000000000057,-1.1624999999999996,0.6875,-0.125,0.25,0.2250000000000001,-0.3125,-0.2875000000000001,0.075,-0.9000000000000057
-8188.412500000006,-204.01249999995343,-447.1999999999971,-76.23749999998836,5733.974999999977,1790.2750000000233,-97.53750000000582,4694.112499999988,262.71250000000146,12.974999999976717,0.4125000000000001,-0.21250000000000002,0.6624999999999943,-0.16249999999999964,0.6875,-0.125,-0.75,0.2250000000000001,0.6875,-0.2875000000000001,-0.925,0.09999999999999432
-8160.412500000006,-354.01249999995343,-483.1999999999971,-79.23749999998836,5647.974999999977,1812.2750000000233,498.4624999999942,4867.112499999988,369.71250000000146,36.97499999997672,-0.5874999999999999,0.7875,-0.3375000000000057,-0.16249999999999964,0.6875,0.875,0.25,0.2250000000000001,-0.3125,-0.2875000000000001,0.075,0.09999999999999432
-8136.412500000006,-180.01249999995343,-509.1999999999971,9.762500000011642,5833.974999999977,1831.2750000000233,-166.53750000000582,4787.112499999988,396.71250000000146,63.97499999997672,0.4125000000000001,-1.2125,-2.3375000000000057,-0.16249999999999964,-1.3125,-0.125,-0.75,0.2250000000000001,-0.3125,-0.2875000000000001,0.075,0.09999999999999432
-8188.412500000006,-142.01249999995343,-519.1999999999971,-123.23749999998836,5984.974999999977,1631.2750000000233,-1263.5375000000058,4593.112499999988,393.71250000000146,231.97499999997672,-1.5875,-0.21250000000000002,0.6624999999999943,-0.16249999999999964,-0.3125,0.875,0.25,-0.7749999999999999,0.6875,-1.2875,0.075,1.0999999999999943
-7951.412500000006,-299.01249999995343,-548.1999999999971,22.76250000001164,5680.974999999977,1880.2750000000233,-788.5375000000058,4545.112499999988,279.71250000000146,134.97499999997672,-0.5874999999999999,-1.2125,0.6624999999999943,-0.16249999999999964,-0.3125,0.875,0.25,0.2250000000000001,-0.3125,-0.2875000000000001,0.075,0.09999999999999432
-8243.412500000006,72.98750000004657,-434.1999999999971,311.76250000001164,5665.974999999977,1617.2750000000233,-163.53750000000582,4493.112499999988,598.7125000000015,270.9749999999767,-0.5874999999999999,-0.21250000000000002,-2.3375000000000057,-0.16249999999999964,-0.3125,-2.125,0.25,1.225,-0.3125,-0.2875000000000001,0.075,0.09999999999999432
-7757.412500000006,-114.01249999995343,-561.1999999999971,-100.23749999998836,5495.974999999977,2051.2750000000233,-592.5375000000058,4546.112499999988,235.71250000000146,-358.0250000000233,-1.5875,-0.21250000000000002,-1.3375000000000057,-0.16249999999999964,-0.3125,1.875,0.25,0.2250000000000001,0.6875,-0.2875000000000001,-0.925,0.09999999999999432
-7771.412500000006,-847.0124999999534,-751.1999999999971,-235.23749999998836,5516.974999999977,1934.2750000000233,-733.5375000000058,4508.112499999988,217.71250000000146,-218.02500000002328,-0.5874999999999999,0.7875,0.6624999999999943,-0.16249999999999964,0.6875,0.875,0.25,0.2250000000000001,-0.3125,-1.2875,0.075,0.09999999999999432
-8449.412500000006,155.98750000004657,-166.1999999999971,334.76250000001164,5660.974999999977,1449.2750000000233,227.46249999999418,4386.112499999988,584.7125000000015,365.9749999999767,-0.5874999999999999,-0.21250000000000002,0.6624999999999943,-0.16249999999999964,-0.3125,-0.125,-0.75,0.2250000000000001,-1.3125,0.7124999999999999,0.075,-0.9000000000000057
-8501.412500000006,-160.01249999995343,-261.1999999999971,512.7625000000116,5632.974999999977,1417.2750000000233,24.46249999999418,4472.112499999988,643.7125000000015,548.9749999999767,0.4125000000000001,-0.21250000000000002,-1.3375000000000057,-0.16249999999999964,0.6875,-1.125,0.25,1.225,0.6875,0.7124999999999999,0.075,-1.9000000000000057
-7987.412500000006,-448.01249999995343,-237.1999999999971,-10.237499999988358,5246.974999999977,2062.2750000000233,-411.5375000000058,4751.112499999988,307.71250000000146,161.97499999997672,-0.5874999999999999,0.7875,-0.3375000000000057,-0.16249999999999964,0.6875,0.875,0.25,-0.7749999999999999,-0.3125,-0.2875000000000001,0.075,-0.9000000000000057
-8018.412500000006,-96.01249999995343,-117.19999999999709,109.76250000001164,5256.974999999977,2172.2750000000233,-713.5375000000058,4849.112499999988,472.71250000000146,182.97499999997672,-0.5874999999999999,-0.21250000000000002,0.6624999999999943,0.8375000000000004,0.6875,-0.125,0.25,-0.7749999999999999,-1.3125,-0.2875000000000001,0.075,0.09999999999999432
-8561.412500000006,359.98750000004657,-169.1999999999971,408.76250000001164,5390.974999999977,1787.2750000000233,-224.53750000000582,4593.112499999988,752.7125000000015,941.9749999999767,-0.5874999999999999,0.7875,-0.3375000000000057,-0.16249999999999964,-0.3125,-2.125,0.25,-0.7749999999999999,-0.3125,0.7124999999999999,1.075,-0.9000000000000057
-8655.412500000006,-47.012499999953434,-127.19999999999709,-182.23749999998836,5100.974999999977,2370.2750000000233,171.46249999999418,4604.112499999988,555.7125000000015,394.9749999999767,0.4125000000000001,-0.21250000000000002,0.6624999999999943,-0.16249999999999964,0.6875,-0.125,0.25,0.2250000000000001,-0.3125,0.7124999999999999,0.075,-1.9000000000000057
-8067.412500000006,-538.0124999999534,-269.1999999999971,-287.23749999998836,4930.974999999977,2294.2750000000233,-631.5375000000058,4697.112499999988,195.71250000000146,187.97499999997672,0.4125000000000001,-0.21250000000000002,1.6624999999999943,-0.16249999999999964,0.6875,1.875,0.25,0.2250000000000001,-0.3125,0.7124999999999999,-0.925,1.0999999999999943
-8643.412500000006,-110.01249999995343,-270.1999999999971,219.76250000001164,5628.974999999977,1970.2750000000233,-160.53750000000582,4480.112499999988,604.7125000000015,867.9749999999767,0.4125000000000001,0.7875,0.6624999999999943,-0.16249999999999964,0.6875,-0.125,-0.75,0.2250000000000001,0.6875,0.7124999999999999,0.075,-1.9000000000000057
-8761.412500000006,412.98750000004657,-279.1999999999971,344.76250000001164,6030.974999999977,2022.2750000000233,-244.53750000000582,4442.112499999988,571.7125000000015,960.9749999999767,0.4125000000000001,-0.21250000000000002,-1.3375000000000057,-0.16249999999999964,-0.3125,-2.125,0.25,-0.7749999999999999,0.6875,0.7124999999999999,-0.925,-0.9000000000000057
-8014.412500000006,115.98750000004657,-536.1999999999971,29.76250000001164,5666.974999999977,2268.2750000000233,-788.5375000000058,4710.112499999988,194.71250000000146,610.9749999999767,0.4125000000000001,-0.21250000000000002,1.6624999999999943,0.8375000000000004,-1.3125,0.875,0.25,0.2250000000000001,-0.3125,0.7124999999999999,0.075,1.0999999999999943
-7778.412500000006,-635.0124999999534,-574.1999999999971,61.76250000001164,5670.974999999977,2411.2750000000233,-119.53750000000582,4564.112499999988,328.71250000000146,357.9749999999767,0.4125000000000001,-0.21250000000000002,0.6624999999999943,-0.16249999999999964,-0.3125,-0.125,0.25,0.2250000000000001,-0.3125,0.7124999999999999,0.075,0.09999999999999432
-8534.412500000006,190.98750000004657,-522.1999999999971,430.76250000001164,6180.974999999977,1847.2750000000233,441.4624999999942,4408.112499999988,697.7125000000015,994.9749999999767,0.4125000000000001,0.7875,0.6624999999999943,-0.16249999999999964,-0.3125,-1.125,0.25,-0.7749999999999999,-0.3125,0.7124999999999999,0.075,-1.9000000000000057
-8422.412500000006,-75.01249999995343,-659.1999999999971,118.76250000001164,5888.974999999977,1882.2750000000233,12.46249999999418,4466.112499999988,543.7125000000015,478.9749999999767,0.4125000000000001,-0.21250000000000002,0.6624999999999943,0.8375000000000004,-2.3125,0.875,0.25,0.2250000000000001,-0.3125,-0.2875000000000001,-0.925,1.0999999999999943
-7992.412500000006,-446.01249999995343,-680.1999999999971,-173.23749999998836,5872.974999999977,1861.2750000000233,-276.5375000000058,4509.112499999988,342.71250000000146,417.9749999999767,1.4125,-1.2125,-0.3375000000000057,0.8375000000000004,-0.3125,0.875,0.25,0.2250000000000001,0.6875,-0.2875000000000001,-0.925,1.0999999999999943
-8503.412500000006,66.98750000004657,-672.1999999999971,186.76250000001164,6182.974999999977,1492.2750000000233,234.46249999999418,4551.112499999988,487.71250000000146,892.9749999999767,-0.5874999999999999,-2.2125,-0.3375000000000057,0.8375000000000004,-1.3125,-0.125,0.25,-0.7749999999999999,-0.3125,-0.2875000000000001,0.075,1.0999999999999943
-7739.412500000006,-265.01249999995343,-940.1999999999971,-69.23749999998836,6219.974999999977,1660.2750000000233,-215.53750000000582,4622.112499999988,200.71250000000146,721.9749999999767,-0.5874999999999999,-0.21250000000000002,-0.3375000000000057,-1.1624999999999996,-0.3125,0.875,0.25,0.2250000000000001,0.6875,0.7124999999999999,0.075,0.09999999999999432
-7828.412500000006,-494.01249999995343,-918.1999999999971,-323.23749999998836,6311.974999999977,1584.2750000000233,34.46249999999418,4770.112499999988,307.71250000000146,361.9749999999767,0.4125000000000001,-0.21250000000000002,-0.3375000000000057,0.8375000000000004,-0.3125,0.875,0.25,-0.7749999999999999,0.6875,-0.2875000000000001,0.075,0.09999999999999432
-8011.412500000006,-293.01249999995343,-705.1999999999971,264.76250000001164,6277.974999999977,1385.2750000000233,91.46249999999418,4815.112499999988,489.71250000000146,527.9749999999767,-0.5874999999999999,-0.21250000000000002,1.6624999999999943,-0.16249999999999964,-0.3125,0.875,-0.75,0.2250000000000001,-1.3125,-0.2875000000000001,-0.925,1.0999999999999943
-8106.412500000006,-433.01249999995343,-584.1999999999971,364.76250000001164,6202.974999999977,1323.2750000000233,298.4624999999942,4654.112499999988,574.7125000000015,482.9749999999767,-0.5874999999999999,0.7875,-0.3375000000000057,-0.16249999999999964,-0.3125,-2.125,-0.75,-0.7749999999999999,-0.3125,-0.2875000000000001,0.075,-1.9000000000000057
-8310.412500000006,-247.01249999995343,-564.1999999999971,215.76250000001164,6120.974999999977,1133.2750000000233,377.4624999999942,4990.112499999988,506.71250000000146,206.97499999997672,0.4125000000000001,-0.21250000000000002,0.6624999999999943,-0.16249999999999964,-0.3125,0.875,0.25,0.2250000000000001,-0.3125,-0.2875000000000001,-0.925,1.0999999999999943
-8070.412500000006,-334.01249999995343,-667.1999999999971,-235.23749999998836,5657.974999999977,1346.2750000000233,-495.5375000000058,4978.112499999988,246.71250000000146,-27.025000000023283,-0.5874999999999999,-0.21250000000000002,0.6624999999999943,0.8375000000000004,0.6875,-0.125,0.25,0.2250000000000001,-0.3125,-0.2875000000000001,0.075,1.0999999999999943
-7818.412500000006,-147.01249999995343,-537.1999999999971,95.76250000001164,5357.974999999977,1295.2750000000233,-142.53750000000582,4767.112499999988,103.71250000000146,51.97499999997672,-0.5874999999999999,0.7875,-1.3375000000000057,0.8375000000000004,-0.3125,-0.125,0.25,0.2250000000000001,-0.3125,-1.2875,0.075,0.09999999999999432
-8057.412500000006,-24.012499999953434,-435.1999999999971,-54.23749999998836,5694.974999999977,1362.2750000000233,-100.53750000000582,5034.112499999988,192.71250000000146,-150.02500000002328,-0.5874999999999999,0.7875,0.6624999999999943,-1.1624999999999996,-0.3125,-0.125,0.25,0.2250000000000001,-0.3125,-0.2875000000000001,-0.925,0.09999999999999432
-8446.412500000006,502.98750000004657,-271.1999999999971,264.76250000001164,5934.974999999977,1023.2750000000233,-439.5375000000058,4981.112499999988,632.7125000000015,577.9749999999767,-0.5874999999999999,-0.21250000000000002,-2.3375000000000057,-0.16249999999999964,0.6875,-2.125,0.25,0.2250000000000001,0.6875,0.7124999999999999,0.075,-1.9000000000000057
-8245.412500000006,116.98750000004657,-337.1999999999971,-127.23749999998836,5720.974999999977,1054.2750000000233,-391.5375000000058,5063.112499999988,155.71250000000146,144.97499999997672,-0.5874999999999999,-0.21250000000000002,0.6624999999999943,-0.16249999999999964,1.6875,-2.125,0.25,0.2250000000000001,0.6875,0.7124999999999999,0.075,0.09999999999999432
-7782.412500000006,-522.0124999999534,-500.1999999999971,-91.23749999998836,5305.974999999977,1410.2750000000233,-224.53750000000582,5142.112499999988,196.71250000000146,47.97499999997672,4.4125,5.7875,6.662499999999994,-4.1625,-1.3125,-36.125,0.25,0.2250000000000001,0.6875,0.7124999999999999,2.075,-0.9000000000000057
-8473.412500000006,639.9875000000466,-312.1999999999971,441.76250000001164,5585.974999999977,5996.275000000023,1521.4624999999942,5024.112499999988,619.7125000000015,665.9749999999767,38.4125,13.7875,-187.3375,7.8375,16.6875,-54.125,0.25,-0.7749999999999999,-0.3125,1.7125,-1.925,-1.9000000000000057
-9259.412500000006,3524.9875000000466,-4870.199999999997,160.76250000001164,11428.974999999977,202983.27500000002,15502.462499999994,2844.1124999999884,499.71250000000146,3215.9749999999767,-4.5875,-17.2125,29.662499999999994,-11.1625,-13.3125,1.875,-0.75,1.225,0.6875,-7.2875,-1.925,6.099999999999994
-12276.412500000006,36025.98750000005,-3511.199999999997,-127.23749999998836,9327.974999999977,248592.27500000002,77985.4625,1673.1124999999884,530.7125000000015,3654.9749999999767,-8.5875,5.7875,25.662499999999994,6.8375,-19.3125,17.875,-0.75,-0.7749999999999999,-1.3125,5.7125,2.075,-4.900000000000006
-23885.412500000006,8745.987500000047,-4692.199999999997,1355.7625000000116,10589.974999999977,233060.27500000002,27481.462499999994,1906.1124999999884,2070.7125000000015,5129.974999999977,7.4125,-22.2125,-20.337500000000006,8.8375,25.6875,50.875,-0.75,-0.7749999999999999,-0.3125,1.7125,-5.925,-17.900000000000006
-25492.412500000006,1444.9875000000466,-3669.199999999997,-700.2374999999884,7336.974999999977,178492.27500000002,4414.462499999994,3635.1124999999884,-759.2874999999985,-965.0250000000233,10.4125,11.7875,-20.337500000000006,-14.1625,-7.3125,49.875,0.25,-0.7749999999999999,0.6875,2.7125,-8.925,0.09999999999999432
-29009.412500000006,-2467.0124999999534,-3348.199999999997,-761.2374999999884,7072.974999999977,12205.275000000023,6326.462499999994,4496.112499999988,-1162.2874999999985,-416.0250000000233,-0.5874999999999999,-10.2125,9.662499999999994,14.8375,-11.3125,21.875,0.25,0.2250000000000001,0.6875,-1.2875,-4.925,-2.9000000000000057
-30370.412500000006,-826.0124999999534,-2970.199999999997,685.7625000000116,8785.974999999977,-12363.724999999977,2221.462499999994,3941.1124999999884,1801.7125000000015,1987.9749999999767,2.4125,-4.2125,-2.3375000000000057,-0.16249999999999964,1.6875,1.875,0.25,0.2250000000000001,0.6875,1.7125,0.075,-0.9000000000000057
-27046.412500000006,1606.9875000000466,-1943.199999999997,571.7625000000116,7924.974999999977,-2404.7249999999767,8022.462499999994,4577.112499999988,-34.287499999998545,672.9749999999767,8.4125,10.7875,-9.337500000000006,7.8375,-11.3125,-10.125,0.25,0.2250000000000001,-0.3125,2.7125,8.075,-0.9000000000000057
-22520.412500000006,-1022.0124999999534,-2610.199999999997,-346.23749999998836,9687.974999999977,33403.27500000002,18414.462499999994,4024.1124999999884,-602.2874999999985,845.9749999999767,7.4125,5.7875,2.6624999999999943,1.8375000000000004,-3.3125,9.875,0.25,-0.7749999999999999,-0.3125,-0.2875000000000001,0.075,2.0999999999999943
-28508.412500000006,4624.987500000047,-2224.199999999997,-527.2374999999884,9762.974999999977,89837.27500000002,32776.462499999994,3217.1124999999884,-73.28749999999854,499.9749999999767,-11.5875,3.7875,20.662499999999994,7.8375,4.6875,5.875,0.25,-0.7749999999999999,0.6875,3.7125,2.075,-3.9000000000000057
-24017.412500000006,19892.987500000047,-2129.199999999997,848.7625000000116,11722.974999999977,119867.27500000002,71010.4625,3014.1124999999884,1821.7125000000015,3525.9749999999767,-1.5875,-10.2125,3.6624999999999943,6.8375,-1.3125,-12.125,-0.75,0.2250000000000001,-0.3125,-1.2875,1.075,-3.9000000000000057
-23403.412500000006,23586.987500000047,-1687.199999999997,-102.23749999998836,9846.974999999977,120661.27500000002,54954.462499999994,3326.1124999999884,121.71250000000146,1240.9749999999767,-0.5874999999999999,-1.2125,-4.337500000000006,-3.1624999999999996,-0.3125,3.875,0.25,0.2250000000000001,-0.3125,1.7125,1.075,-0.9000000000000057
-26853.412500000006,16748.987500000047,-2337.199999999997,-379.23749999998836,9481.974999999977,119298.27500000002,41765.462499999994,3288.1124999999884,-106.28749999999854,2021.9749999999767,4.4125,2.7875,-5.337500000000006,1.8375000000000004,-2.3125,-7.125,0.25,-0.7749999999999999,0.6875,-1.2875,0.075,0.09999999999999432
-28261.412500000006,9291.987500000047,-2120.199999999997,-145.23749999998836,9766.974999999977,119365.27500000002,38447.462499999994,2738.1124999999884,77.71250000000146,1438.9749999999767,3.4125,2.7875,-0.3375000000000057,0.8375000000000004,1.6875,0.875,0.25,0.2250000000000001,-0.3125,-0.2875000000000001,0.075,0.09999999999999432
-31049.412500000006,17418.987500000047,-1750.199999999997,574.7625000000116,10485.974999999977,118181.27500000002,43437.462499999994,2868.1124999999884,1107.7125000000015,2727.9749999999767,-2.5875,-1.2125,6.662499999999994,-2.1624999999999996,2.6875,0.875,-0.75,0.2250000000000001,-0.3125,0.7124999999999999,0.075,1.0999999999999943
-27753.412500000006,20042.987500000047,-2006.199999999997,94.76250000001164,9409.974999999977,118171.27500000002,56542.462499999994,3660.1124999999884,-405.28749999999854,2373.9749999999767,-0.5874999999999999,-0.21250000000000002,-3.3375000000000057,1.8375000000000004,-3.3125,-4.125,-0.75,-0.7749999999999999,-0.3125,-0.2875000000000001,-2.925,1.0999999999999943
-23683.412500000006,20014.987500000047,-2187.199999999997,-542.2374999999884,9237.974999999977,117602.27500000002,64537.462499999994,3782.1124999999884,-108.28749999999854,478.9749999999767,1.4125,-1.2125,-0.3375000000000057,-1.1624999999999996,-0.3125,-0.125,0.25,0.2250000000000001,0.6875,-0.2875000000000001,0.075,1.0999999999999943
-23113.412500000006,22985.987500000047,-1788.199999999997,803.7625000000116,9949.974999999977,115981.27500000002,65100.462499999994,3566.1124999999884,726.7125000000015,2252.9749999999767,-1.5875,-0.21250000000000002,2.6624999999999943,-1.1624999999999996,-0.3125,-1.125,0.25,0.2250000000000001,-0.3125,-0.2875000000000001,0.075,2.0999999999999943
-17019.412500000006,33560.98750000005,-1605.199999999997,162.76250000001164,10069.974999999977,116432.27500000002,76957.4625,3520.1124999999884,548.7125000000015,1677.9749999999767,0.4125000000000001,-0.21250000000000002,-0.3375000000000057,-1.1624999999999996,-0.3125,0.875,-0.75,0.2250000000000001,-0.3125,-1.2875,3.075,0.09999999999999432
-13583.412500000006,41458.98750000005,-1815.199999999997,-231.23749999998836,9225.974999999977,120342.27500000002,84114.4625,3751.1124999999884,-147.28749999999854,1249.9749999999767,-0.5874999999999999,-0.21250000000000002,-0.3375000000000057,-0.16249999999999964,1.6875,-0.125,-0.75,0.2250000000000001,-0.3125,-0.2875000000000001,0.075,3.0999999999999943
-16505.412500000006,38250.98750000005,-1861.199999999997,186.76250000001164,9911.974999999977,119737.27500000002,88266.4625,3753.1124999999884,554.7125000000015,1705.9749999999767,-0.5874999999999999,-3.2125,-2.3375000000000057,-0.16249999999999964,1.6875,0.875,0.25,-0.7749999999999999,0.6875,-1.2875,0.075,-0.9000000000000057
-21214.412500000006,29029.987500000047,-1955.199999999997,443.76250000001164,10270.974999999977,120404.27500000002,94381.4625,3898.1124999999884,643.7125000000015,2359.9749999999767,0.4125000000000001,-2.2125,-2.3375000000000057,-0.16249999999999964,0.6875,-0.125,0.25,-0.7749999999999999,-0.3125,-1.2875,0.075,-1.9000000000000057
-23037.412500000006,22674.987500000047,-2454.199999999997,-22.23749999998836,9886.974999999977,122521.27500000002,102709.4625,4125.112499999988,12.712500000001455,1803.9749999999767,-0.5874999999999999,0.7875,0.6624999999999943,-1.1624999999999996,-6.3125,0.875,0.25,0.2250000000000001,-0.3125,0.7124999999999999,0.075,1.0999999999999943
-25219.412500000006,17531.987500000047,-2318.199999999997,212.76250000001164,10598.974999999977,123424.27500000002,110208.4625,3762.1124999999884,447.71250000000146,2569.9749999999767,-1.5875,-0.21250000000000002,0.6624999999999943,-2.1624999999999996,0.6875,-0.125,0.25,-0.7749999999999999,-0.3125,0.7124999999999999,-0.925,-0.9000000000000057
-23931.412500000006,17522.987500000047,-2465.199999999997,-48.23749999998836,10245.974999999977,124772.27500000002,109946.4625,3941.1124999999884,128.71250000000146,1901.9749999999767,2.4125,-2.2125,-1.3375000000000057,2.8375000000000004,0.6875,-2.125,0.25,0.2250000000000001,-0.3125,0.7124999999999999,-0.925,0.09999999999999432
-23147.412500000006,15958.987500000047,-2551.199999999997,-264.23749999998836,10374.974999999977,126264.27500000002,113319.4625,4059.1124999999884,302.71250000000146,1884.9749999999767,0.4125000000000001,0.7875,1.6624999999999943,-0.16249999999999964,-0.3125,-1.125,0.25,0.2250000000000001,0.6875,-0.2875000000000001,-0.925,-0.9000000000000057
-22900.412500000006,13098.987500000047,-2392.199999999997,260.76250000001164,10619.974999999977,125544.27500000002,113259.4625,4181.112499999988,426.71250000000146,2129.9749999999767,0.4125000000000001,-1.2125,0.6624999999999943,1.8375000000000004,-1.3125,-3.125,0.25,-0.7749999999999999,-0.3125,1.7125,0.075,-0.9000000000000057
-21678.412500000006,9426.987500000047,-2341.199999999997,257.76250000001164,10276.974999999977,123934.27500000002,106578.4625,4067.1124999999884,312.71250000000146,1790.9749999999767,0.4125000000000001,-3.2125,1.6624999999999943,-1.1624999999999996,-0.3125,-1.125,0.25,0.2250000000000001,-0.3125,1.7125,-0.925,-1.9000000000000057
-22167.412500000006,3489.9875000000466,-2429.199999999997,-102.23749999998836,10015.974999999977,122167.27500000002,97028.4625,4059.1124999999884,192.71250000000146,1625.9749999999767,0.4125000000000001,-0.21250000000000002,2.6624999999999943,2.8375000000000004,-1.3125,-4.125,0.25,0.2250000000000001,-0.3125,0.7124999999999999,0.075,0.09999999999999432
-22482.412500000006,-36.012499999953434,-2410.199999999997,92.76250000001164,9725.974999999977,121772.27500000002,93377.4625,3998.1124999999884,-2.287499999998545,1755.9749999999767,1.4125,-0.21250000000000002,-0.3375000000000057,0.8375000000000004,-1.3125,1.875,-0.75,-0.7749999999999999,0.6875,-0.2875000000000001,0.075,0.09999999999999432
-22719.412500000006,157.98750000004657,-2284.199999999997,348.76250000001164,9883.974999999977,124256.27500000002,104276.4625,3967.1124999999884,506.71250000000146,2039.9749999999767,0.4125000000000001,-1.2125,-0.3375000000000057,-0.16249999999999964,-0.3125,0.875,0.25,-0.7749999999999999,-0.3125,0.7124999999999999,0.075,-0.9000000000000057
-22717.412500000006,432.98750000004657,-2189.199999999997,211.76250000001164,9649.974999999977,126912.27500000002,118221.4625,4311.112499999988,386.71250000000146,1775.9749999999767,-0.5874999999999999,0.7875,1.6624999999999943,1.8375000000000004,-0.3125,-3.125,-0.75,0.2250000000000001,0.6875,0.7124999999999999,0.075,0.09999999999999432
-22238.412500000006,-146.01249999995343,-2190.199999999997,-30.23749999998836,9147.974999999977,128320.27500000002,119867.4625,4638.112499999988,39.712500000001455,1349.9749999999767,1.4125,-0.21250000000000002,-1.3375000000000057,-1.1624999999999996,-0.3125,3.875,0.25,-0.7749999999999999,-0.3125,0.7124999999999999,1.075,-0.9000000000000057
-22550.412500000006,353.98750000004657,-2123.199999999997,42.76250000001164,9313.974999999977,129365.27500000002,121475.4625,4505.112499999988,76.71250000000146,1525.9749999999767,1.4125,-0.21250000000000002,-0.3375000000000057,-1.1624999999999996,-2.3125,1.875,0.25,-0.7749999999999999,-0.3125,0.7124999999999999,0.075,-0.9000000000000057
-22849.412500000006,493.98750000004657,-2012.199999999997,250.76250000001164,9583.974999999977,129469.27500000002,117015.4625,4370.112499999988,442.71250000000146,1532.9749999999767,0.4125000000000001,0.7875,0.6624999999999943,5.8375,2.6875,-16.125,-0.75,0.2250000000000001,-0.3125,-0.2875000000000001,0.075,0.09999999999999432
-22616.412500000006,120.98750000004657,-2098.199999999997,-27.23749999998836,9318.974999999977,124510.27500000002,91680.4625,3977.1124999999884,49.712500000001455,1290.9749999999767,-3.5875,-0.21250000000000002,-12.337500000000006,-2.1624999999999996,-4.3125,0.875,0.25,0.2250000000000001,0.6875,0.7124999999999999,-0.925,-1.9000000000000057
-22999.412500000006,2497.9875000000466,-2226.199999999997,-65.23749999998836,9064.974999999977,123261.27500000002,84811.4625,3594.1124999999884,-113.28749999999854,1184.9749999999767,-4.5875,-1.2125,4.662499999999994,2.8375000000000004,-2.3125,-2.125,0.25,0.2250000000000001,-0.3125,-0.2875000000000001,-0.925,2.0999999999999943
-24695.412500000006,24545.987500000047,-2284.199999999997,-246.23749999998836,9313.974999999977,129246.27500000002,108623.4625,3555.1124999999884,-28.287499999998545,1122.9749999999767,-2.5875,-10.2125,0.6624999999999943,2.8375000000000004,-7.3125,3.875,-0.75,0.2250000000000001,-1.3125,-1.2875,0.075,0.09999999999999432
-27267.412500000006,28897.987500000047,-1506.199999999997,1040.7625000000116,10244.974999999977,126210.27500000002,115849.4625,3715.1124999999884,740.7125000000015,1785.9749999999767,4.4125,1.7875,-1.3375000000000057,-2.1624999999999996,3.6875,-0.125,0.25,-0.7749999999999999,0.6875,1.7125,4.075,1.0999999999999943
-24960.412500000006,11626.987500000047,-2144.199999999997,-281.23749999998836,9252.974999999977,125121.27500000002,119255.4625,3913.1124999999884,556.7125000000015,1232.9749999999767,3.4125,-2.2125,-14.337500000000006,1.8375000000000004,6.6875,-1.125,-0.75,0.2250000000000001,0.6875,-0.2875000000000001,0.075,-1.9000000000000057
-26817.412500000006,20548.987500000047,-2143.199999999997,-187.23749999998836,8766.974999999977,121773.27500000002,117323.4625,3938.1124999999884,-289.28749999999854,638.9749999999767,-2.5875,-0.21250000000000002,1.6624999999999943,-17.1625,20.6875,-17.125,-0.75,0.2250000000000001,-0.3125,-0.2875000000000001,-1.925,-0.9000000000000057
-26695.412500000006,13401.987500000047,-1996.199999999997,403.76250000001164,9534.974999999977,115719.27500000002,104460.4625,3756.1124999999884,632.7125000000015,1772.9749999999767,-2.5875,-2.2125,7.662499999999994,4.8375,4.6875,11.875,0.25,0.2250000000000001,-0.3125,1.7125,-0.925,-3.9000000000000057
-28591.412500000006,16015.987500000047,-1815.199999999997,323.76250000001164,8056.974999999977,64742.27500000002,116716.4625,4792.112499999988,28.712500000001455,89.97499999997672,2.4125,-3.2125,-0.3375000000000057,-6.1625,10.6875,11.875,0.25,0.2250000000000001,0.6875,-1.2875,2.075,1.0999999999999943
-26144.412500000006,14565.987500000047,-1818.199999999997,-62.23749999998836,8143.974999999977,24045.275000000023,124676.4625,5034.112499999988,-219.28749999999854,629.9749999999767,1.4125,5.7875,-0.3375000000000057,3.8375000000000004,3.6875,17.875,0.25,-0.7749999999999999,-0.3125,0.7124999999999999,1.075,-2.9000000000000057
-25059.412500000006,2377.9875000000466,-1469.199999999997,320.76250000001164,8426.974999999977,17001.275000000023,109573.4625,5095.112499999988,497.71250000000146,877.9749999999767,3.4125,-2.2125,-6.337500000000006,-12.1625,5.6875,6.875,0.25,0.2250000000000001,0.6875,-1.2875,1.075,-2.9000000000000057
-23353.412500000006,-33.012499999953434,-1816.199999999997,25.76250000001164,8204.974999999977,15339.275000000023,109031.4625,4889.112499999988,427.71250000000146,894.9749999999767,-0.5874999999999999,-4.2125,2.6624999999999943,8.8375,-5.3125,-18.125,-0.75,0.2250000000000001,0.6875,1.7125,-1.925,1.0999999999999943
-35386.412500000006,18104.987500000047,-1887.199999999997,-0.23749999998835847,8164.974999999977,8560.275000000023,102123.4625,4392.112499999988,435.71250000000146,544.9749999999767,2.4125,0.7875,-7.337500000000006,-4.1625,-0.3125,-1.125,-0.75,0.2250000000000001,0.6875,-1.2875,-0.925,0.09999999999999432
-38075.412500000006,27879.987500000047,-1766.199999999997,504.76250000001164,9334.974999999977,8393.275000000023,112711.4625,4081.1124999999884,575.7125000000015,1790.9749999999767,-0.5874999999999999,-3.2125,5.662499999999994,-0.16249999999999964,-1.3125,-2.125,0.25,-0.7749999999999999,0.6875,0.7124999999999999,0.075,0.09999999999999432
-35286.412500000006,24037.987500000047,-1964.199999999997,362.76250000001164,9251.974999999977,7096.275000000023,130788.4625,4269.112499999988,395.71250000000146,951.9749999999767,-2.5875,-2.2125,7.662499999999994,-1.1624999999999996,-1.3125,-0.125,-0.75,0.2250000000000001,0.6875,0.7124999999999999,-0.925,1.0999999999999943
-28486.412500000006,13088.987500000047,-2279.199999999997,-365.23749999998836,9191.974999999977,6600.275000000023,133274.4625,4781.112499999988,38.712500000001455,670.9749999999767,2.4125,0.7875,-1.3375000000000057,3.8375000000000004,-2.3125,-3.125,0.25,0.2250000000000001,0.6875,0.7124999999999999,-0.925,2.0999999999999943
-23145.412500000006,1551.9875000000466,-2180.199999999997,48.76250000001164,9337.974999999977,5518.275000000023,134716.4625,4519.112499999988,-82.28749999999854,1125.9749999999767,2.4125,2.7875,-0.3375000000000057,-2.1624999999999996,-0.3125,0.875,-0.75,0.2250000000000001,-0.3125,-0.2875000000000001,-0.925,1.0999999999999943
-23438.412500000006,187.98750000004657,-2051.199999999997,398.76250000001164,9521.974999999977,4256.275000000023,136507.4625,4313.112499999988,419.71250000000146,1694.9749999999767,-2.5875,-0.21250000000000002,0.6624999999999943,4.8375,-1.3125,11.875,0.25,-0.7749999999999999,-0.3125,1.7125,-0.925,-2.9000000000000057
-23459.412500000006,496.98750000004657,-2059.199999999997,157.76250000001164,9548.974999999977,2382.2750000000233,133468.4625,4443.112499999988,92.71250000000146,1233.9749999999767,-0.5874999999999999,-1.2125,-5.337500000000006,4.8375,13.6875,8.875,0.25,-0.7749999999999999,0.6875,-0.2875000000000001,-0.925,-1.9000000000000057
-22939.412500000006,-443.01249999995343,-2083.199999999997,-231.23749999998836,8588.974999999977,994.2750000000233,117784.4625,4427.112499999988,25.712500000001455,830.9749999999767,0.4125000000000001,2.7875,1.6624999999999943,-0.16249999999999964,5.6875,8.875,0.25,0.2250000000000001,-0.3125,-1.2875,-0.925,0.09999999999999432
-26279.412500000006,3815.9875000000466,-2023.199999999997,122.76250000001164,9084.974999999977,-1816.7249999999767,108691.4625,4318.112499999988,150.71250000000146,1222.9749999999767,8.4125,4.7875,-3.3375000000000057,4.8375,2.6875,2.875,-0.75,0.2250000000000001,-0.3125,0.7124999999999999,-1.925,0.09999999999999432
-40790.412500000006,18632.987500000047,-2035.199999999997,-455.23749999998836,9160.974999999977,-894.7249999999767,137215.4625,4260.112499999988,-220.28749999999854,901.9749999999767,-0.5874999999999999,-5.2125,0.6624999999999943,-5.1625,-2.3125,8.875,0.25,0.2250000000000001,0.6875,-0.2875000000000001,0.075,3.0999999999999943
-25525.412500000006,2443.9875000000466,-2143.199999999997,-101.23749999998836,8984.974999999977,-820.7249999999767,133279.4625,4407.112499999988,391.71250000000146,1140.9749999999767,1.4125,2.7875,-0.3375000000000057,3.8375000000000004,-0.3125,3.875,0.25,0.2250000000000001,0.6875,-0.2875000000000001,1.075,4.099999999999994
-24048.412500000006,698.9875000000466,-1749.199999999997,526.7625000000116,9546.974999999977,-3354.7249999999767,138222.4625,4149.112499999988,672.7125000000015,1581.9749999999767,0.4125000000000001,2.7875,4.662499999999994,-1.1624999999999996,1.6875,-3.125,-0.75,0.2250000000000001,-0.3125,-0.2875000000000001,-0.925,-2.9000000000000057
-23985.412500000006,-91.01249999995343,-1956.199999999997,-315.23749999998836,8530.974999999977,-1905.7249999999767,137950.4625,4456.112499999988,87.71250000000146,1575.9749999999767,-0.5874999999999999,-4.2125,2.6624999999999943,3.8375000000000004,-4.3125,-1.125,0.25,-0.7749999999999999,-0.3125,-0.2875000000000001,-1.925,0.09999999999999432
-22632.412500000006,-866.0124999999534,-2067.199999999997,-908.2374999999884,8930.974999999977,-3925.7249999999767,134225.4625,4459.112499999988,-694.2874999999985,459.9749999999767,0.4125000000000001,4.7875,8.662499999999994,-5.1625,1.6875,9.875,0.25,0.2250000000000001,0.6875,-1.2875,-0.925,2.0999999999999943
-25333.412500000006,-58.012499999953434,-1871.199999999997,44.76250000001164,10150.974999999977,-6882.724999999977,133641.4625,3925.1124999999884,386.71250000000146,2945.9749999999767,1.4125,-3.2125,-9.337500000000006,2.8375000000000004,-2.3125,-6.125,0.25,-0.7749999999999999,-0.3125,0.7124999999999999,0.075,-4.900000000000006
-24037.412500000006,1358.9875000000466,-1103.199999999997,1147.7625000000116,9912.974999999977,-7298.724999999977,127556.4625,4050.1124999999884,-54.287499999998545,1685.9749999999767,0.4125000000000001,-0.21250000000000002,-0.3375000000000057,1.8375000000000004,3.6875,-5.125,0.25,0.2250000000000001,0.6875,-0.2875000000000001,0.075,-2.9000000000000057
-23815.412500000006,253.98750000004657,-2180.199999999997,161.76250000001164,8905.974999999977,-13091.724999999977,133546.4625,4140.112499999988,141.71250000000146,1387.9749999999767,1.4125,-2.2125,-0.3375000000000057,5.8375,-1.3125,-7.125,0.25,0.2250000000000001,-0.3125,-0.2875000000000001,1.075,-0.9000000000000057
-23822.412500000006,-872.0124999999534,-2217.199999999997,-733.2374999999884,9007.974999999977,-9526.724999999977,129147.4625,4235.112499999988,8.712500000001455,1435.9749999999767,0.4125000000000001,-1.2125,3.6624999999999943,-0.16249999999999964,-4.3125,3.875,0.25,0.2250000000000001,-0.3125,-0.2875000000000001,2.075,3.0999999999999943
-24890.412500000006,689.9875000000466,-1984.199999999997,493.76250000001164,10559.974999999977,-15605.724999999977,135696.4625,3926.1124999999884,816.7125000000015,2448.9749999999767,0.4125000000000001,0.7875,-1.3375000000000057,-4.1625,1.6875,1.875,0.25,0.2250000000000001,-0.3125,1.7125,-1.925,0.09999999999999432
-23678.412500000006,-115.01249999995343,-2121.199999999997,50.76250000001164,9870.974999999977,-10620.724999999977,132488.4625,3906.1124999999884,-221.28749999999854,1236.9749999999767,-0.5874999999999999,-1.2125,2.6624999999999943,0.8375000000000004,-0.3125,-0.125,0.25,-0.7749999999999999,0.6875,-1.2875,0.075,1.0999999999999943
-23695.412500000006,-842.0124999999534,-2357.199999999997,-505.23749999998836,9394.974999999977,-12126.724999999977,128294.4625,3813.1124999999884,-323.28749999999854,1559.9749999999767,1.4125,1.7875,2.6624999999999943,4.8375,3.6875,-4.125,0.25,0.2250000000000001,0.6875,1.7125,-0.925,4.099999999999994
-24962.412500000006,-103.01249999995343,-2066.199999999997,157.76250000001164,9880.974999999977,-15802.724999999977,128860.4625,3793.1124999999884,240.71250000000146,1999.9749999999767,-0.5874999999999999,-5.2125,-2.3375000000000057,22.8375,4.6875,-19.125,0.25,0.2250000000000001,-0.3125,1.7125,0.075,-3.9000000000000057
-24833.412500000006,618.9875000000466,-2139.199999999997,-18.23749999998836,9785.974999999977,-11711.724999999977,113216.4625,3846.1124999999884,542.7125000000015,2326.9749999999767,1.4125,2.7875,3.6624999999999943,9.8375,4.6875,-16.125,0.25,0.2250000000000001,-0.3125,-2.2875,0.075,0.09999999999999432
-24067.412500000006,-151.01249999995343,-2066.199999999997,-121.23749999998836,9778.974999999977,3572.2750000000233,90441.4625,5004.112499999988,500.71250000000146,1581.9749999999767,1.4125,-8.2125,2.6624999999999943,-29.1625,2.6875,32.875,0.25,0.2250000000000001,-0.3125,2.7125,1.075,-0.9000000000000057
-24327.412500000006,139.98750000004657,-1660.199999999997,91.76250000001164,9760.974999999977,10505.275000000023,35629.462499999994,8865.112499999988,-212.28749999999854,2327.9749999999767,5.4125,-1.2125,78.6625,20.8375,9.6875,-28.125,-0.75,1.225,0.6875,-1.2875,-2.925,-3.9000000000000057
-21120.412500000006,29800.987500000047,-2042.199999999997,-897.2374999999884,8766.974999999977,-10727.724999999977,1556.4624999999942,8824.112499999988,-379.28749999999854,1419.9749999999767,10.4125,23.7875,-28.337500000000006,5.8375,11.6875,-12.125,0.25,-0.7749999999999999,1.6875,2.7125,6.075,0.09999999999999432
-15544.412500000006,110957.98750000005,-371.1999999999971,-706.2374999999884,8804.974999999977,-17311.724999999977,-61.53750000000582,8358.112499999988,121.71250000000146,2605.9749999999767,-7.5875,-7.2125,31.662499999999994,0.8375000000000004,-11.3125,-18.125,-0.75,-0.7749999999999999,-0.3125,-4.2875,-0.925,-7.900000000000006
-17684.412500000006,186126.98750000005,7496.800000000003,-3.2374999999883585,9841.974999999977,-19424.724999999977,923.4624999999942,7768.112499999988,1459.7125000000015,4408.974999999977,-6.5875,-17.2125,13.662499999999994,-7.1625,-1.3125,0.875,0.25,0.2250000000000001,0.6875,-3.2875,2.075,-3.9000000000000057
-4726.412500000006,228919.98750000005,8562.800000000003,-1472.2374999999884,10103.974999999977,-19429.724999999977,-582.5375000000058,13776.112499999988,-213.28749999999854,1288.9749999999767,-6.5875,-14.2125,2.6624999999999943,-5.1625,-4.3125,-28.125,0.25,0.2250000000000001,-0.3125,-2.2875,-1.925,9.099999999999994
22381.587499999994,197593.98750000005,5977.800000000003,-296.23749999998836,13118.974999999977,-19128.724999999977,46416.462499999994,16458.11249999999,1772.7125000000015,3774.9749999999767,-2.5875,-12.2125,4.662499999999994,79.8375,-0.3125,-60.125,-0.75,0.2250000000000001,-1.3125,-8.2875,-6.925,17.099999999999994
26068.587499999994,168005.98750000005,4136.800000000003,367.76250000001164,15309.974999999977,149832.27500000002,119394.4625,17112.11249999999,626.7125000000015,6891.974999999977,15.4125,-9.2125,-13.337500000000006,11.8375,18.6875,78.875,-0.75,-0.7749999999999999,0.6875,4.7125,1.075,-0.9000000000000057
13382.587499999994,171732.98750000005,3104.800000000003,-31.23749999998836,14747.974999999977,243456.27500000002,116478.4625,14773.112499999988,1247.7125000000015,6560.974999999977,-7.5875,12.7875,32.662499999999994,0.8375000000000004,-25.3125,-11.125,-0.75,-1.775,-0.3125,0.7124999999999999,11.075,0.09999999999999432
6167.587499999994,174772.98750000005,2943.800000000003,-502.23749999998836,12768.974999999977,168518.27500000002,95794.4625,9919.112499999988,-803.2874999999985,1461.9749999999767,13.4125,-9.2125,-12.337500000000006,-5.1625,40.6875,42.875,-0.75,0.2250000000000001,0.6875,4.7125,8.075,16.099999999999994
5331.587499999994,155764.98750000005,4910.800000000003,-346.23749999998836,10309.974999999977,86016.27500000002,67097.4625,10015.112499999988,-221.28749999999854,1956.9749999999767,-4.5875,11.7875,6.662499999999994,0.8375000000000004,19.6875,31.875,0.25,-0.7749999999999999,1.6875,6.7125,0.075,9.099999999999994
-1156.4125000000058,119701.98750000005,3897.800000000003,-656.2374999999884,9275.974999999977,44617.27500000002,39713.462499999994,13493.112499999988,-632.2874999999985,1307.9749999999767,7.4125,-3.2125,-9.337500000000006,10.8375,-16.3125,-12.125,0.25,-0.7749999999999999,0.6875,-0.2875000000000001,-3.925,2.0999999999999943
-5817.412500000006,112774.98750000005,3573.800000000003,-542.2374999999884,10848.974999999977,27093.275000000023,22457.462499999994,18076.11249999999,117.71250000000146,1326.9749999999767,0.4125000000000001,6.7875,3.6624999999999943,-1.1624999999999996,6.6875,21.875,-0.75,-0.7749999999999999,-1.3125,-1.2875,-0.925,1.0999999999999943
-7121.412500000006,105162.98750000005,3699.800000000003,565.7625000000116,11444.974999999977,26622.275000000023,35880.462499999994,15461.112499999988,1252.7125000000015,4201.974999999977,-0.5874999999999999,-0.21250000000000002,2.6624999999999943,4.8375,-0.3125,1.875,0.25,0.2250000000000001,-1.3125,1.7125,2.075,2.0999999999999943
3344.587499999994,132462.98750000005,3761.800000000003,-836.2374999999884,10125.974999999977,74253.27500000002,115824.4625,8005.112499999988,-200.28749999999854,1531.9749999999767,0.4125000000000001,2.7875,-3.3375000000000057,-2.1624999999999996,1.6875,5.875,-0.75,0.2250000000000001,-0.3125,2.7125,-1.925,2.0999999999999943
-110.41250000000582,128578.98750000005,4563.800000000003,33.76250000001164,10159.974999999977,81333.27500000002,107566.4625,6257.112499999988,113.71250000000146,2101.9749999999767,1.4125,-0.21250000000000002,-4.337500000000006,1.8375000000000004,0.6875,-4.125,0.25,0.2250000000000001,-0.3125,-1.2875,1.075,-5.900000000000006
-1910.4125000000058,113664.98750000005,4993.800000000003,193.76250000001164,9457.974999999977,80499.27500000002,92413.4625,5850.112499999988,73.71250000000146,2011.9749999999767,-2.5875,-0.21250000000000002,6.662499999999994,0.8375000000000004,0.6875,1.875,0.25,0.2250000000000001,-0.3125,1.7125,1.075,-1.9000000000000057
732.5874999999942,107121.98750000005,3464.800000000003,-915.2374999999884,9334.974999999977,75387.27500000002,85418.4625,6429.112499999988,-598.2874999999985,1195.9749999999767,0.4125000000000001,-0.21250000000000002,-0.3375000000000057,-0.16249999999999964,-0.3125,4.875,0.25,0.2250000000000001,-0.3125,0.7124999999999999,0.075,-0.9000000000000057
5386.587499999994,108734.98750000005,3274.800000000003,176.76250000001164,10813.974999999977,69524.27500000002,85290.4625,7909.112499999988,95.71250000000146,2039.9749999999767,-0.5874999999999999,-4.2125,1.6624999999999943,0.8375000000000004,6.6875,-1.125,0.25,-0.7749999999999999,-0.3125,-1.2875,0.075,-3.9000000000000057
10370.587499999994,106928.98750000005,3574.800000000003,551.7625000000116,11594.974999999977,67290.27500000002,89216.4625,7591.112499999988,933.7125000000015,3406.9749999999767,1.4125,-2.2125,-3.3375000000000057,1.8375000000000004,0.6875,-2.125,0.25,-0.7749999999999999,-0.3125,2.7125,-0.925,-0.9000000000000057
18881.587499999994,112464.98750000005,3735.800000000003,-201.23749999998836,10860.974999999977,63783.27500000002,86582.4625,7325.112499999988,346.71250000000146,3221.9749999999767,-3.5875,-0.21250000000000002,12.662499999999994,-1.1624999999999996,-2.3125,0.875,-0.75,1.225,-0.3125,-0.2875000000000001,1.075,-1.9000000000000057
20099.587499999994,128216.98750000005,4014.800000000003,-621.2374999999884,9567.974999999977,55017.27500000002,77020.4625,7300.112499999988,-37.287499999998545,1726.9749999999767,0.4125000000000001,3.7875,-4.337500000000006,-1.1624999999999996,-1.3125,2.875,-0.75,0.2250000000000001,0.6875,1.7125,0.075,0.09999999999999432
13014.587499999994,136629.98750000005,4708.800000000003,42.76250000001164,9551.974999999977,47855.27500000002,73765.4625,7436.112499999988,437.71250000000146,2321.9749999999767,-4.5875,-8.2125,-4.337500000000006,0.8375000000000004,-1.3125,-7.125,0.25,0.2250000000000001,-0.3125,0.7124999999999999,-0.925,2.0999999999999943
18241.587499999994,145892.98750000005,4768.800000000003,-196.23749999998836,9841.974999999977,43418.27500000002,72629.4625,8725.112499999988,150.71250000000146,3033.9749999999767,-8.5875,22.7875,-3.3375000000000057,8.8375,17.6875,18.875,0.25,0.2250000000000001,-0.3125,-1.2875,0.075,-1.9000000000000057
22876.587499999994,141917.98750000005,4152.800000000003,-254.23749999998836,10173.974999999977,42281.27500000002,92940.4625,10124.112499999988,56.712500000001455,3881.9749999999767,10.4125,-3.2125,-3.3375000000000057,-13.1625,-1.3125,7.875,0.25,0.2250000000000001,-0.3125,-1.2875,-1.925,-5.900000000000006
18284.587499999994,144081.98750000005,1505.800000000003,535.7625000000116,10681.974999999977,44959.27500000002,123421.4625,8858.112499999988,860.7125000000015,4653.974999999977,0.4125000000000001,-8.2125,-0.3375000000000057,-0.16249999999999964,-0.3125,0.875,0.25,-0.7749999999999999,0.6875,2.7125,0.075,-5.900000000000006
4765.587499999994,141223.98750000005,687.8000000000029,-474.23749999998836,9630.974999999977,29300.275000000023,120679.4625,8529.112499999988,118.71250000000146,2827.9749999999767,-1.5875,5.7875,-9.337500000000006,-9.1625,2.6875,0.875,-0.75,0.2250000000000001,-0.3125,-0.2875000000000001,4.075,5.099999999999994
-334.4125000000058,139409.98750000005,-461.1999999999971,-805.2374999999884,10685.974999999977,26258.275000000023,130358.4625,9682.112499999988,497.71250000000146,4601.974999999977,-9.5875,0.7875,19.662499999999994,12.8375,-4.3125,-12.125,-0.75,0.2250000000000001,-0.3125,-2.2875,-2.925,1.0999999999999943
-4333.412500000006,142655.98750000005,55.80000000000291,280.76250000001164,11245.974999999977,20290.275000000023,123641.4625,9863.112499999988,220.71250000000146,4248.974999999977,-5.5875,-1.2125,-0.3375000000000057,-1.1624999999999996,-0.3125,23.875,0.25,0.2250000000000001,-0.3125,0.7124999999999999,-2.925,-3.9000000000000057
-13177.412500000006,143150.98750000005,577.8000000000029,233.76250000001164,11638.974999999977,19625.275000000023,136757.4625,10345.112499999988,773.7125000000015,5301.974999999977,1.4125,2.7875,-18.337500000000006,9.8375,7.6875,-11.125,0.25,0.2250000000000001,-0.3125,2.7125,1.075,3.0999999999999943
-13484.412500000006,134470.98750000005,344.8000000000029,-87.23749999998836,10912.974999999977,14311.275000000023,125950.4625,10324.112499999988,101.71250000000146,3966.9749999999767,-0.5874999999999999,3.7875,1.6624999999999943,0.8375000000000004,3.6875,-20.125,-1.75,-0.7749999999999999,-2.3125,7.7125,-0.925,-3.9000000000000057
-11513.412500000006,151810.98750000005,3645.800000000003,14586.762500000012,13089.974999999977,9977.275000000023,130925.4625,10391.112499999988,3882.7125000000015,5555.974999999977,-0.5874999999999999,-8.2125,-4.337500000000006,-3.1624999999999996,2.6875,-26.125,1.25,0.2250000000000001,0.6875,8.7125,-0.925,4.099999999999994
-23804.412500000006,145703.98750000005,5857.800000000003,69573.76250000001,30707.974999999977,11502.275000000023,152256.4625,3089.1124999999884,121483.7125,22991.974999999977,7.4125,1.7875,-11.337500000000006,-2.1624999999999996,-3.3125,-8.125,-0.75,-0.7749999999999999,-1.3125,-1.2875,7.075,-1.9000000000000057
-30757.412500000006,162720.98750000005,9936.800000000003,98565.76250000001,19594.974999999977,2634.2750000000233,123450.4625,4247.112499999988,108575.7125,76815.97499999998,-3.5875,-10.2125,2.6624999999999943,-3.1624999999999996,0.6875,4.875,0.25,0.2250000000000001,0.6875,-4.2875,1.075,-9.900000000000006
-32665.412500000006,157394.98750000005,8687.800000000003,59466.76250000001,25052.974999999977,-1137.7249999999767,139119.4625,2820.1124999999884,98361.7125,59063.97499999998,-1.5875,-5.2125,-8.337500000000006,-4.1625,4.6875,2.875,0.25,0.2250000000000001,-1.3125,-1.2875,2.075,-9.900000000000006
-37575.412500000006,154032.98750000005,8462.800000000003,52624.76250000001,25371.974999999977,-5596.724999999977,128916.4625,4547.112499999988,60825.7125,47560.97499999998,2.4125,-6.2125,6.662499999999994,8.8375,9.6875,-7.125,0.25,-0.7749999999999999,-1.3125,-3.2875,-2.925,-2.9000000000000057
-43566.412500000006,140626.98750000005,7243.800000000003,94215.76250000001,33028.97499999998,-5363.724999999977,129268.4625,3335.1124999999884,92701.7125,68112.97499999998,1.4125,7.7875,-0.3375000000000057,-13.1625,-4.3125,50.875,-0.75,0.2250000000000001,-0.3125,2.7125,-0.925,1.0999999999999943
-52701.412500000006,142950.98750000005,7872.800000000003,87330.76250000001,36143.97499999998,-8570.724999999977,136948.4625,3759.1124999999884,100545.7125,66319.97499999998,-1.5875,-10.2125,-2.3375000000000057,23.8375,-1.3125,-2.125,0.25,0.2250000000000001,0.6875,0.7124999999999999,-1.925,-2.9000000000000057
-54760.412500000006,153768.98750000005,7153.800000000003,55673.76250000001,20493.974999999977,-12032.724999999977,150408.4625,3396.1124999999884,90896.7125,60635.97499999998,1.4125,-3.2125,-9.337500000000006,-11.1625,9.6875,17.875,0.25,0.2250000000000001,-1.3125,1.7125,3.075,3.0999999999999943
-65468.412500000006,149387.98750000005,6974.800000000003,86341.76250000001,31965.974999999977,-11105.724999999977,131229.4625,3145.1124999999884,94486.7125,54552.97499999998,1.4125,4.7875,8.662499999999994,-5.1625,-5.3125,-1.125,0.25,0.2250000000000001,0.6875,3.7125,3.075,5.099999999999994
-65000.412500000006,154947.98750000005,7613.800000000003,94155.76250000001,24989.974999999977,-15334.724999999977,134396.4625,3087.1124999999884,107140.7125,53858.97499999998,5.4125,7.7875,-3.3375000000000057,6.8375,-6.3125,-13.125,0.25,-0.7749999999999999,0.6875,2.7125,-0.925,1.0999999999999943
-69626.4125,163415.98750000005,8240.800000000003,69587.76250000001,12383.974999999977,-17289.724999999977,141959.4625,3262.1124999999884,99430.7125,45283.97499999998,-1.5875,-1.2125,-2.3375000000000057,-6.1625,-2.3125,-5.125,0.25,0.2250000000000001,-1.3125,8.7125,-6.925,11.099999999999994
-79160.4125,157165.98750000005,8069.800000000003,74971.76250000001,12900.974999999977,-17714.724999999977,132067.4625,3756.1124999999884,110291.7125,44186.97499999998,10.4125,-0.21250000000000002,-18.337500000000006,19.8375,5.6875,-11.125,0.25,0.2250000000000001,0.6875,-6.2875,-1.925,1.0999999999999943
-89278.4125,164562.98750000005,7778.800000000003,80042.76250000001,17237.974999999977,-27170.724999999977,152679.4625,3131.1124999999884,109218.7125,34671.97499999998,-1.5875,-1.2125,-7.337500000000006,-2.1624999999999996,0.6875,10.875,0.25,-0.7749999999999999,0.6875,-1.2875,1.075,-5.900000000000006
-96882.4125,171710.98750000005,8407.800000000003,90666.76250000001,20610.974999999977,-27255.724999999977,149692.4625,3472.1124999999884,100490.7125,33890.97499999998,2.4125,1.7875,-5.337500000000006,-1.1624999999999996,3.6875,11.875,0.25,0.2250000000000001,-0.3125,1.7125,-1.925,3.0999999999999943
-98064.4125,155107.98750000005,8465.800000000003,117868.76250000001,21562.974999999977,-28216.724999999977,149467.4625,2926.1124999999884,117383.7125,35423.97499999998,0.4125000000000001,0.7875,0.6624999999999943,2.8375000000000004,1.6875,1.875,0.25,0.2250000000000001,-0.3125,-0.2875000000000001,0.075,-2.9000000000000057
-105542.4125,156907.98750000005,8640.800000000003,128284.76250000001,22103.974999999977,-28404.724999999977,151996.4625,2475.1124999999884,117522.7125,33608.97499999998,1.4125,-1.2125,-6.337500000000006,-0.16249999999999964,2.6875,0.875,0.25,0.2250000000000001,-0.3125,-1.2875,0.075,-4.900000000000006
-100925.4125,157283.98750000005,8181.800000000003,105286.76250000001,20527.974999999977,-26502.724999999977,151088.4625,3463.1124999999884,116951.7125,30228.974999999977,2.4125,-1.2125,-5.337500000000006,-0.16249999999999964,0.6875,3.875,0.25,0.2250000000000001,0.6875,0.7124999999999999,0.075,-1.9000000000000057
-98950.4125,147114.98750000005,7194.800000000003,102609.76250000001,18830.974999999977,-23615.724999999977,144330.4625,3328.1124999999884,114932.7125,27430.974999999977,-0.5874999999999999,-3.2125,2.6624999999999943,-3.1624999999999996,-1.3125,3.875,0.25,-0.7749999999999999,0.6875,0.7124999999999999,0.075,0.09999999999999432
-104967.4125,152725.98750000005,7596.800000000003,112959.76250000001,18407.974999999977,-23845.724999999977,138393.4625,3099.1124999999884,120757.7125,25885.974999999977,-0.5874999999999999,-1.2125,1.6624999999999943,1.8375000000000004,-0.3125,-2.125,0.25,-0.7749999999999999,0.6875,-0.2875000000000001,2.075,-0.9000000000000057
-111452.4125,160440.98750000005,7665.800000000003,125243.76250000001,15137.974999999977,-25116.724999999977,137197.4625,3034.1124999999884,129477.7125,22673.974999999977,-0.5874999999999999,0.7875,-0.3375000000000057,-0.16249999999999964,0.6875,1.875,-0.75,0.2250000000000001,-0.3125,-0.2875000000000001,0.075,-1.9000000000000057
-124944.4125,162425.98750000005,7358.800000000003,118079.76250000001,11787.974999999977,-24463.724999999977,142139.4625,3270.1124999999884,135426.7125,18594.974999999977,0.4125000000000001,-2.2125,0.6624999999999943,1.8375000000000004,-2.3125,-7.125,0.25,0.2250000000000001,-0.3125,0.7124999999999999,-0.925,1.0999999999999943
-126547.4125,171527.98750000005,7560.800000000003,124313.76250000001,15353.974999999977,-27086.724999999977,148616.4625,3100.1124999999884,137861.7125,17307.974999999977,-0.5874999999999999,-0.21250000000000002,-2.3375000000000057,-3.1624999999999996,-3.3125,-1.125,0.25,0.2250000000000001,0.6875,-0.2875000000000001,0.075,0.09999999999999432
-122013.4125,172514.98750000005,7814.800000000003,116236.76250000001,15192.974999999977,-30929.724999999977,153012.4625,3271.1124999999884,132740.7125,15133.974999999977,1.4125,2.7875,-1.3375000000000057,1.8375000000000004,-4.3125,-10.125,0.25,0.2250000000000001,-0.3125,1.7125,0.075,0.09999999999999432
-123727.4125,173958.98750000005,7952.800000000003,110385.76250000001,10865.974999999977,-34963.72499999998,154251.4625,3312.1124999999884,125479.7125,12573.974999999977,-1.5875,0.7875,7.662499999999994,-0.16249999999999964,-1.3125,-6.125,-0.75,-0.7749999999999999,0.6875,-2.2875,-0.925,4.099999999999994
-133979.4125,185722.98750000005,9093.800000000003,118865.76250000001,12620.974999999977,-40012.72499999998,155063.4625,3032.1124999999884,138002.7125,11107.974999999977,0.4125000000000001,-3.2125,-1.3375000000000057,0.8375000000000004,-0.3125,-4.125,0.25,0.2250000000000001,0.6875,-0.2875000000000001,-0.925,3.0999999999999943
-134303.4125,183098.98750000005,8792.800000000003,144438.7625,15630.974999999977,-46045.72499999998,147036.4625,2626.1124999999884,149363.7125,9885.974999999977,-0.5874999999999999,-1.2125,-2.3375000000000057,-2.1624999999999996,-0.3125,-3.125,0.25,0.2250000000000001,-0.3125,1.7125,-1.925,2.0999999999999943
-133211.4125,163418.98750000005,8182.800000000003,158099.7625,14834.974999999977,-46097.72499999998,142919.4625,2467.1124999999884,149933.7125,8132.974999999977,-0.5874999999999999,-1.2125,1.6624999999999943,-0.16249999999999964,-1.3125,-1.125,0.25,0.2250000000000001,-0.3125,0.7124999999999999,-0.925,-0.9000000000000057
-129290.4125,159241.98750000005,7897.800000000003,154892.7625,11665.974999999977,-46084.72499999998,140776.4625,2564.1124999999884,149115.7125,6372.974999999977,1.4125,-0.21250000000000002,-2.3375000000000057,-0.16249999999999964,-1.3125,-4.125,0.25,0.2250000000000001,0.6875,0.7124999999999999,-0.925,0.09999999999999432
-129449.4125,159622.98750000005,8052.800000000003,151645.7625,10107.974999999977,-46513.72499999998,141959.4625,2430.1124999999884,151625.7125,5331.974999999977,-0.5874999999999999,-0.21250000000000002,-1.3375000000000057,-1.1624999999999996,-0.3125,-2.125,0.25,-0.7749999999999999,-0.3125,-0.2875000000000001,0.075,-0.9000000000000057
-133033.4125,163560.98750000005,8050.800000000003,164273.7625,11158.974999999977,-47007.72499999998,144652.4625,2025.1124999999884,156185.7125,4405.974999999977,0.4125000000000001,-0.21250000000000002,-2.3375000000000057,-0.16249999999999964,-0.3125,-2.125,-0.75,0.2250000000000001,-1.3125,-0.2875000000000001,0.075,-0.9000000000000057
-135881.4125,169951.98750000005,8057.800000000003,165169.7625,12108.974999999977,-46714.72499999998,146361.4625,2225.1124999999884,159369.7125,5328.974999999977,1.4125,-0.21250000000000002,-2.3375000000000057,-0.16249999999999964,1.6875,-0.125,0.25,0.2250000000000001,-0.3125,-0.2875000000000001,1.075,-1.9000000000000057
-133707.4125,174132.98750000005,8374.800000000003,162074.7625,13272.974999999977,-45592.72499999998,148187.4625,2395.1124999999884,155192.7125,17316.974999999977,-0.5874999999999999,-0.21250000000000002,2.6624999999999943,-1.1624999999999996,0.6875,0.875,0.25,0.2250000000000001,0.6875,0.7124999999999999,0.075,0.09999999999999432
-128075.4125,175436.98750000005,8750.800000000003,152472.7625,13705.974999999977,-37562.72499999998,151711.4625,2527.1124999999884,149342.7125,24492.974999999977,1.4125,1.7875,0.6624999999999943,-1.1624999999999996,-0.3125,-2.125,0.25,0.2250000000000001,0.6875,-0.2875000000000001,0.075,-0.9000000000000057
-123493.4125,176714.98750000005,8809.800000000003,145659.7625,13615.974999999977,-33824.72499999998,160391.4625,3021.1124999999884,148104.7125,30921.974999999977,0.4125000000000001,-0.21250000000000002,2.6624999999999943,0.8375000000000004,1.6875,-5.125,0.25,0.2250000000000001,-1.3125,-0.2875000000000001,0.075,-1.9000000000000057
-122946.4125,180632.98750000005,8895.800000000003,140766.7625,14839.974999999977,-34111.72499999998,162646.4625,3300.1124999999884,144489.7125,35428.97499999998,0.4125000000000001,-0.21250000000000002,0.6624999999999943,-2.1624999999999996,-1.3125,-0.125,0.25,0.2250000000000001,0.6875,1.7125,1.075,1.0999999999999943
-125017.4125,184473.98750000005,8904.800000000003,140638.7625,18561.974999999977,-35496.72499999998,165885.4625,3484.1124999999884,128459.7125,38427.97499999998,-0.5874999999999999,0.7875,-1.3375000000000057,0.8375000000000004,-3.3125,-1.125,-0.75,0.2250000000000001,-0.3125,-1.2875,0.075,-2.9000000000000057
-127098.4125,190639.98750000005,9083.800000000003,148636.7625,19085.974999999977,-34169.72499999998,171116.4625,3804.1124999999884,138194.7125,44637.97499999998,-0.5874999999999999,-0.21250000000000002,-2.3375000000000057,0.8375000000000004,-0.3125,-3.125,-0.75,0.2250000000000001,-0.3125,0.7124999999999999,0.075,0.09999999999999432
-126807.4125,190482.98750000005,8777.800000000003,139465.7625,17590.974999999977,-33523.72499999998,172581.4625,3708.1124999999884,138996.7125,44089.97499999998,0.4125000000000001,-1.2125,-0.3375000000000057,-0.16249999999999964,-0.3125,-1.125,0.25,0.2250000000000001,-0.3125,-0.2875000000000001,-0.925,-0.9000000000000057
-126487.4125,189682.98750000005,8548.800000000003,139205.7625,16858.974999999977,-32538.724999999977,171329.4625,3482.1124999999884,141385.7125,42661.97499999998,0.4125000000000001,-0.21250000000000002,0.6624999999999943,-0.16249999999999964,-1.3125,0.875,0.25,0.2250000000000001,-0.3125,-0.2875000000000001,-0.925,2.0999999999999943
-125746.4125,187803.98750000005,8577.800000000003,144404.7625,17045.974999999977,-33194.72499999998,166267.4625,3362.1124999999884,142570.7125,39426.97499999998,-0.5874999999999999,-1.2125,0.6624999999999943,-0.16249999999999964,-0.3125,0.875,-0.75,0.2250000000000001,0.6875,-0.2875000000000001,0.075,0.09999999999999432
-125528.4125,186530.98750000005,8706.800000000003,147286.7625,15640.974999999977,-34677.72499999998,157996.4625,3266.1124999999884,141455.7125,34211.97499999998,-0.5874999999999999,-0.21250000000000002,-2.3375000000000057,0.8375000000000004,-0.3125,-1.125,0.25,0.2250000000000001,-0.3125,-0.2875000000000001,0.075,0.09999999999999432
-125397.4125,185008.98750000005,8635.800000000003,147610.7625,13939.974999999977,-35401.72499999998,158160.4625,3298.1124999999884,145175.7125,29690.974999999977,-0.5874999999999999,-1.2125,-2.3375000000000057,-0.16249999999999964,-0.3125,0.875,-0.75,0.2250000000000001,-0.3125,-0.2875000000000001,0.075,0.09999999999999432
-122163.4125,179005.98750000005,8691.800000000003,149625.7625,12843.974999999977,-36512.72499999998,156209.4625,3036.1124999999884,148017.7125,23532.974999999977,0.4125000000000001,-0.21250000000000002,-1.3375000000000057,-0.16249999999999964,-0.3125,-0.125,-0.75,0.2250000000000001,-0.3125,0.7124999999999999,-0.925,0.09999999999999432
-123087.4125,178697.98750000005,8787.800000000003,153325.7625,13060.974999999977,-37617.72499999998,154923.4625,2977.1124999999884,147485.7125,19309.974999999977,-0.5874999999999999,-0.21250000000000002,-1.3375000000000057,-0.16249999999999964,-0.3125,-0.125,0.25,0.2250000000000001,0.6875,-0.2875000000000001,0.075,0.09999999999999432
-123126.4125,180130.98750000005,8976.800000000003,150976.7625,12765.974999999977,-37381.72499999998,155840.4625,2977.1124999999884,146175.7125,21115.974999999977,0.4125000000000001,0.7875,-1.3375000000000057,-0.16249999999999964,0.6875,-0.125,0.25,0.2250000000000001,-0.3125,-0.2875000000000001,0.075,0.09999999999999432
-122721.4125,180519.98750000005,9078.800000000003,149792.7625,13397.974999999977,-36514.72499999998,157294.4625,3199.1124999999884,145951.7125,23611.974999999977,0.4125000000000001,0.7875,0.6624999999999943,0.8375000000000004,0.6875,-0.125,-0.75,0.2250000000000001,-0.3125,0.7124999999999999,0.075,0.09999999999999432
-123381.4125,182673.98750000005,9082.800000000003,149629.7625,14179.974999999977,-35993.72499999998,159080.4625,3182.1124999999884,144576.7125,26096.974999999977,0.4125000000000001,0.7875,0.6624999999999943,0.8375000000000004,0.6875,0.875,0.25,0.2250000000000001,-0.3125,-0.2875000000000001,0.075,-0.9000000000000057
-124744.4125,185079.98750000005,9095.800000000003,147496.7625,14853.974999999977,-35522.72499999998,159776.4625,3177.1124999999884,142496.7125,28672.974999999977,0.4125000000000001,-0.21250000000000002,-0.3375000000000057,0.8375000000000004,0.6875,-0.125,0.25,0.2250000000000001,-0.3125,0.7124999999999999,0.075,-0.9000000000000057
-125215.4125,185834.98750000005,9136.800000000003,146503.7625,15253.974999999977,-35175.72499999998,159599.4625,3184.1124999999884,141285.7125,33415.97499999998,1.4125,-0.21250000000000002,-0.3375000000000057,0.8375000000000004,-0.3125,-0.125,0.25,-0.7749999999999999,-0.3125,0.7124999999999999,0.075,0.09999999999999432
-124664.4125,185561.98750000005,8997.800000000003,146341.7625,15422.974999999977,-34365.72499999998,160963.4625,3268.1124999999884,142320.7125,34324.97499999998,0.4125000000000001,-0.21250000000000002,-0.3375000000000057,0.8375000000000004,-0.3125,-0.125,0.25,0.2250000000000001,-0.3125,0.7124999999999999,0.075,0.09999999999999432
-124509.4125,185032.98750000005,8954.800000000003,145791.7625,15794.974999999977,-34151.72499999998,162314.4625,3275.1124999999884,141943.7125,34065.97499999998,0.4125000000000001,-0.21250000000000002,0.6624999999999943,0.8375000000000004,-0.3125,0.875,0.25,0.2250000000000001,-0.3125,0.7124999999999999,0.075,-0.9000000000000057
-124610.4125,184596.98750000005,8908.800000000003,146054.7625,15592.974999999977,-34555.72499999998,161850.4625,3263.1124999999884,142181.7125,32873.97499999998,0.4125000000000001,-0.21250000000000002,0.6624999999999943,0.8375000000000004,-0.3125,0.875,0.25,0.2250000000000001,-0.3125,0.7124999999999999,-0.925,0.09999999999999432
-124893.4125,184479.98750000005,8883.800000000003,147421.7625,15123.974999999977,-35283.72499999998,160292.4625,3098.1124999999884,143235.7125,31165.974999999977,0.4125000000000001,-0.21250000000000002,-0.3375000000000057,0.8375000000000004,-0.3125,-0.125,0.25,0.2250000000000001,0.6875,-0.2875000000000001,0.075,0.09999999999999432
-124844.4125,184353.98750000005,8770.800000000003,147822.7625,14388.974999999977,-35966.72499999998,159102.4625,2980.1124999999884,144139.7125,29081.974999999977,-0.5874999999999999,-0.21250000000000002,-0.3375000000000057,-0.16249999999999964,-0.3125,-0.125,0.25,-0.7749999999999999,-0.3125,-0.2875000000000001,0.075,0.09999999999999432
-124310.4125,181708.98750000005,8844.800000000003,148190.7625,13675.974999999977,-36173.72499999998,157456.4625,2992.1124999999884,144785.7125,26823.974999999977,0.4125000000000001,-0.21250000000000002,0.6624999999999943,-0.16249999999999964,-0.3125,-0.125,0.25,0.2250000000000001,-0.3125,-0.2875000000000001,-0.925,-0.9000000000000057
-123335.4125,180803.98750000005,8840.800000000003,149078.7625,13570.974999999977,-36087.72499999998,156574.4625,2992.1124999999884,146057.7125,23914.974999999977,-0.5874999999999999,-0.21250000000000002,-0.3375000000000057,-0.16249999999999964,-0.3125,0.875,0.25,0.2250000000000001,-0.3125,-1.2875,0.075,0.09999999999999432
-123610.4125,181230.98750000005,8772.800000000003,149575.7625,13656.974999999977,-36582.72499999998,157058.4625,3028.1124999999884,145887.7125,23683.974999999977,-0.5874999999999999,-0.21250000000000002,0.6624999999999943,0.8375000000000004,-0.3125,-0.125,0.25,0.2250000000000001,0.6875,-0.2875000000000001,0.075,0.09999999999999432
-123969.4125,182115.98750000005,8830.800000000003,149305.7625,13788.974999999977,-37048.72499999998,157295.4625,3150.1124999999884,145489.7125,24247.974999999977,-0.5874999999999999,-1.2125,-0.3375000000000057,-0.16249999999999964,-0.3125,0.875,0.25,0.2250000000000001,-0.3125,-0.2875000000000001,0.075,1.0999999999999943
-123927.4125,182394.98750000005,8725.800000000003,149205.7625,14013.974999999977,-36401.72499999998,158020.4625,3127.1124999999884,145244.7125,25429.974999999977,-0.5874999999999999,-0.21250000000000002,0.6624999999999943,-0.16249999999999964,-0.3125,-0.125,0.25,0.2250000000000001,-0.3125,-0.2875000000000001,0.075,-0.9000000000000057
-123635.4125,182471.98750000005,8695.800000000003,148649.7625,14279.974999999977,-35784.72499999998,159177.4625,3029.1124999999884,144743.7125,27037.974999999977,0.4125000000000001,-0.21250000000000002,0.6624999999999943,-0.16249999999999964,0.6875,-0.125,-0.75,0.2250000000000001,0.6875,0.7124999999999999,0.075,1.0999999999999943
-123700.4125,183126.98750000005,8792.800000000003,147675.7625,14670.974999999977,-35364.72499999998,159758.4625,3202.1124999999884,143261.7125,28489.974999999977,0.4125000000000001,-0.21250000000000002,0.6624999999999943,-0.16249999999999964,-0.3125,-0.125,0.25,0.2250000000000001,0.6875,-0.2875000000000001,0.075,-0.9000000000000057
-124358.4125,183930.98750000005,8804.800000000003,147074.7625,14996.974999999977,-35325.72499999998,160487.4625,3254.1124999999884,142740.7125,30072.974999999977,0.4125000000000001,0.7875,-0.3375000000000057,0.8375000000000004,0.6875,-0.125,0.25,0.2250000000000001,-0.3125,-0.2875000000000001,0.075,0.09999999999999432
-124914.4125,184779.98750000005,8947.800000000003,147109.7625,15131.974999999977,-35149.72499999998,161352.4625,3191.1124999999884,142542.7125,31531.974999999977,0.4125000000000001,0.7875,0.6624999999999943,-0.16249999999999964,0.6875,-0.125,0.25,0.2250000000000001,-0.3125,-0.2875000000000001,1.075,0.09999999999999432
-124540.4125,184281.98750000005,8905.800000000003,147056.7625,14801.974999999977,-35245.72499999998,161267.4625,3202.1124999999884,142711.7125,30873.974999999977,-0.5874999999999999,0.7875,0.6624999999999943,-0.16249999999999964,-0.3125,-0.125,0.25,0.2250000000000001,-0.3125,-0.2875000000000001,0.075,-0.9000000000000057
-124596.4125,183981.98750000005,8913.800000000003,147488.7625,14576.974999999977,-35624.72499999998,160152.4625,3155.1124999999884,143238.7125,29646.974999999977,0.4125000000000001,0.7875,-0.3375000000000057,-1.1624999999999996,0.6875,-0.125,0.25,0.2250000000000001,0.6875,-0.2875000000000001,0.075,0.09999999999999432
-124494.4125,183595.98750000005,8936.800000000003,147981.7625,14333.974999999977,-35978.72499999998,159305.4625,3076.1124999999884,143920.7125,28124.974999999977,-0.5874999999999999,-0.21250000000000002,-0.3375000000000057,-0.16249999999999964,0.6875,-0.125,0.25,-0.7749999999999999,-0.3125,-0.2875000000000001,0.075,-0.9000000000000057
-124430.4125,183064.98750000005,8844.800000000003,148372.7625,14015.974999999977,-36303.72499999998,158627.4625,3029.1124999999884,144556.7125,26778.974999999977,0.4125000000000001,-0.21250000000000002,-0.3375000000000057,-0.16249999999999964,-0.3125,0.875,0.25,-0.7749999999999999,-0.3125,-0.2875000000000001,0.075,0.09999999999999432
-124113.4125,182352.98750000005,8883.800000000003,148710.7625,13900.974999999977,-36347.72499999998,158099.4625,2996.1124999999884,145151.7125,25530.974999999977,0.4125000000000001,-0.21250000000000002,-0.3375000000000057,0.8375000000000004,-0.3125,-0.125,0.25,-0.7749999999999999,-0.3125,-0.2875000000000001,0.075,0.09999999999999432
-123866.4125,182299.98750000005,8735.800000000003,148397.7625,13957.974999999977,-36237.72499999998,157885.4625,3031.1124999999884,144824.7125,25757.974999999977,0.4125000000000001,-0.21250000000000002,-0.3375000000000057,0.8375000000000004,-1.3125,-0.125,0.25,0.2250000000000001,0.6875,-0.2875000000000001,0.075,-0.9000000000000057
-123879.4125,182425.98750000005,8744.800000000003,148232.7625,14110.974999999977,-35994.72499999998,158949.4625,3096.1124999999884,144383.7125,26528.974999999977,0.4125000000000001,-0.21250000000000002,-0.3375000000000057,0.8375000000000004,-0.3125,-0.125,0.25,-0.7749999999999999,-0.3125,-0.2875000000000001,0.075,-0.9000000000000057
-124075.4125,182637.98750000005,8704.800000000003,148068.7625,14513.974999999977,-35881.72499999998,159469.4625,3076.1124999999884,144355.7125,27599.974999999977,0.4125000000000001,-0.21250000000000002,0.6624999999999943,0.8375000000000004,-0.3125,-1.125,-0.75,0.2250000000000001,-0.3125,-0.2875000000000001,0.075,0.09999999999999432
-124071.4125,182909.98750000005,8784.800000000003,147841.7625,14695.974999999977,-35674.72499999998,159951.4625,3321.1124999999884,144016.7125,28403.974999999977,0.4125000000000001,0.7875,0.6624999999999943,0.8375000000000004,-1.3125,-1.125,0.25,0.2250000000000001,-0.3125,0.7124999999999999,0.075,1.0999999999999943
-123966.4125,183245.98750000005,8762.800000000003,147419.7625,14727.974999999977,-35524.72499999998,160326.4625,3192.1124999999884,143430.7125,29532.974999999977,0.4125000000000001,-0.21250000000000002,-0.3375000000000057,-0.16249999999999964,0.6875,-0.125,0.25,0.2250000000000001,0.6875,-0.2875000000000001,0.075,-0.9000000000000057
-124099.4125,183491.98750000005,8710.800000000003,147597.7625,14644.974999999977,-35573.72499999998,160176.4625,3097.1124999999884,143485.7125,29333.974999999977,-0.5874999999999999,-0.21250000000000002,-0.3375000000000057,0.8375000000000004,-0.3125,-1.125,0.25,0.2250000000000001,0.6875,-0.2875000000000001,0.075,-0.9000000000000057
-124167.4125,183292.98750000005,8676.800000000003,148014.7625,14682.974999999977,-35708.72499999998,159589.4625,3135.1124999999884,143870.7125,28908.974999999977,0.4125000000000001,0.7875,-0.3375000000000057,-0.16249999999999964,0.6875,-0.125,-0.75,0.2250000000000001,-0.3125,-0.2875000000000001,0.075,0.09999999999999432
-124358.4125,182920.98750000005,8810.800000000003,148227.7625,14492.974999999977,-36044.72499999998,159576.4625,3186.1124999999884,143881.7125,28353.974999999977,-0.5874999999999999,0.7875,0.6624999999999943,-0.16249999999999964,-0.3125,-0.125,0.25,0.2250000000000001,-0.3125,-0.2875000000000001,0.075,0.09999999999999432
-124412.4125,183040.98750000005,8953.800000000003,148327.7625,14423.974999999977,-35987.72499999998,158989.4625,3322.1124999999884,143757.7125,27437.974999999977,0.4125000000000001,-0.21250000000000002,-0.3375000000000057,-0.16249999999999964,-0.3125,-0.125,0.25,0.2250000000000001,0.6875,-0.2875000000000001,0.075,0.09999999999999432
-124350.4125,183218.98750000005,8916.800000000003,148324.7625,14287.974999999977,-36018.72499999998,158540.4625,3205.1124999999884,143830.7125,26935.974999999977,-0.5874999999999999,0.7875,0.6624999999999943,-0.16249999999999964,-0.3125,-0.125,0.25,0.2250000000000001,0.6875,0.7124999999999999,0.075,0.09999999999999432
-124173.4125,182902.98750000005,8877.800000000003,148441.7625,14202.974999999977,-36274.72499999998,158191.4625,2950.1124999999884,143867.7125,26891.974999999977,-0.5874999999999999,-0.21250000000000002,0.6624999999999943,-0.16249999999999964,-0.3125,-0.125,0.25,-0.7749999999999999,0.6875,0.7124999999999999,0.075,0.09999999999999432
-124107.4125,183239.98750000005,8903.800000000003,148184.7625,14370.974999999977,-35963.72499999998,159472.4625,3102.1124999999884,143442.7125,27600.974999999977,0.4125000000000001,-0.21250000000000002,-0.3375000000000057,-0.16249999999999964,-0.3125,-0.125,-0.75,0.2250000000000001,0.6875,-0.2875000000000001,0.075,0.09999999999999432
-124104.4125,183445.98750000005,8845.800000000003,147904.7625,14498.974999999977,-35831.72499999998,159739.4625,3125.1124999999884,143418.7125,28038.974999999977,0.4125000000000001,-0.21250000000000002,-0.3375000000000057,-0.16249999999999964,0.6875,-0.125,0.25,0.2250000000000001,0.6875,-0.2875000000000001,0.075,0.09999999999999432
-124081.4125,183000.98750000005,8803.800000000003,147774.7625,14517.974999999977,-35726.72499999998,159966.4625,3153.1124999999884,143467.7125,28311.974999999977,0.4125000000000001,-0.21250000000000002,-0.3375000000000057,-0.16249999999999964,-0.3125,-0.125,0.25,0.2250000000000001,0.6875,-0.2875000000000001,-0.925,0.09999999999999432
-124150.4125,183213.98750000005,8739.800000000003,147783.7625,14379.974999999977,-35766.72499999998,160709.4625,3148.1124999999884,143264.7125,28573.974999999977,-0.5874999999999999,-0.21250000000000002,-0.3375000000000057,0.8375000000000004,-0.3125,-0.125,-0.75,0.2250000000000001,-0.3125,-0.2875000000000001,-0.925,-1.9000000000000057
-124238.4125,183143.98750000005,8813.800000000003,147733.7625,14430.974999999977,-35899.72499999998,159873.4625,3216.1124999999884,143119.7125,28631.974999999977,-0.5874999999999999,0.7875,-0.3375000000000057,-0.16249999999999964,-0.3125,-0.125,0.25,1.225,-0.3125,-0.2875000000000001,0.075,0.09999999999999432
-124195.4125,183127.98750000005,8778.800000000003,147722.7625,14251.974999999977,-35736.72499999998,159487.4625,3195.1124999999884,143462.7125,28663.974999999977,0.4125000000000001,-0.21250000000000002,-0.3375000000000057,0.8375000000000004,-0.3125,-0.125,0.25,0.2250000000000001,-1.3125,0.7124999999999999,0.075,0.09999999999999432
-124236.4125,183133.98750000005,8675.800000000003,147857.7625,14377.974999999977,-35761.72499999998,159462.4625,3211.1124999999884,143604.7125,28118.974999999977,0.4125000000000001,-0.21250000000000002,-0.3375000000000057,0.8375000000000004,-0.3125,-1.125,-0.75,0.2250000000000001,0.6875,-0.2875000000000001,-0.925,-0.9000000000000057
-124249.4125,183067.98750000005,8781.800000000003,148047.7625,14444.974999999977,-35943.72499999998,159200.4625,3092.1124999999884,143627.7125,27637.974999999977,0.4125000000000001,-0.21250000000000002,0.6624999999999943,0.8375000000000004,0.6875,-0.125,0.25,-0.7749999999999999,-0.3125,-0.2875000000000001,0.075,0.09999999999999432
-124216.4125,182767.98750000005,8903.800000000003,148177.7625,14539.974999999977,-35891.72499999998,159502.4625,2983.1124999999884,143630.7125,27342.974999999977,0.4125000000000001,-0.21250000000000002,1.6624999999999943,-0.16249999999999964,-0.3125,-0.125,0.25,0.2250000000000001,-0.3125,-0.2875000000000001,0.075,-0.9000000000000057
-124126.4125,182848.98750000005,8906.800000000003,148121.7625,14447.974999999977,-36062.72499999998,159241.4625,3136.1124999999884,143788.7125,27351.974999999977,0.4125000000000001,-0.21250000000000002,0.6624999999999943,-0.16249999999999964,-0.3125,-0.125,0.25,0.2250000000000001,0.6875,-0.2875000000000001,0.075,0.09999999999999432
-124042.4125,182865.98750000005,8853.800000000003,148273.7625,14435.974999999977,-36045.72499999998,158411.4625,3148.1124999999884,143877.7125,27431.974999999977,0.4125000000000001,0.7875,-0.3375000000000057,-0.16249999999999964,-0.3125,-0.125,0.25,0.2250000000000001,0.6875,-0.2875000000000001,0.075,0.09999999999999432
-124164.4125,182567.98750000005,8814.800000000003,148103.7625,14264.974999999977,-35802.72499999998,159079.4625,3188.1124999999884,143858.7125,27410.974999999977,0.4125000000000001,-0.21250000000000002,0.6624999999999943,0.8375000000000004,-0.3125,-1.125,0.25,1.225,-0.3125,0.7124999999999999,-0.925,-1.9000000000000057
-124118.4125,182717.98750000005,8862.800000000003,148025.7625,14193.974999999977,-35829.72499999998,159155.4625,3089.1124999999884,143818.7125,27417.974999999977,1.4125,-0.21250000000000002,0.6624999999999943,0.8375000000000004,-0.3125,-0.125,0.25,-0.7749999999999999,-0.3125,-0.2875000000000001,-0.925,0.09999999999999432
-124165.4125,182926.98750000005,8990.800000000003,148118.7625,14276.974999999977,-35849.72499999998,158873.4625,3043.1124999999884,143784.7125,27440.974999999977,-0.5874999999999999,-0.21250000000000002,0.6624999999999943,0.8375000000000004,-0.3125,-0.125,0.25,0.2250000000000001,0.6875,0.7124999999999999,0.075,-0.9000000000000057
-124237.4125,182890.98750000005,8910.800000000003,148061.7625,14360.974999999977,-35898.72499999998,159098.4625,3046.1124999999884,143789.7125,27434.974999999977,-0.5874999999999999,-0.21250000000000002,0.6624999999999943,-0.16249999999999964,-0.3125,-0.125,-0.75,0.2250000000000001,-0.3125,0.7124999999999999,0.075,0.09999999999999432
-124283.4125,182664.98750000005,8965.800000000003,148054.7625,14077.974999999977,-35998.72499999998,159054.4625,3130.1124999999884,143613.7125,27404.974999999977,-0.5874999999999999,0.7875,-0.3375000000000057,-0.16249999999999964,0.6875,-0.125,0.25,-0.7749999999999999,0.6875,-0.2875000000000001,0.075,-0.9000000000000057
-124253.4125,182779.98750000005,8814.800000000003,148144.7625,14217.974999999977,-36038.72499999998,158946.4625,3147.1124999999884,143636.7125,27346.974999999977,0.4125000000000001,-0.21250000000000002,-0.3375000000000057,0.8375000000000004,-0.3125,-0.125,0.25,0.2250000000000001,-0.3125,-0.2875000000000001,0.075,0.09999999999999432
-124392.4125,182860.98750000005,8783.800000000003,148240.7625,14376.974999999977,-35969.72499999998,159108.4625,3060.1124999999884,143702.7125,27300.974999999977,-0.5874999999999999,-0.21250000000000002,0.6624999999999943,-0.16249999999999964,-0.3125,0.875,-0.75,0.2250000000000001,-0.3125,-0.2875000000000001,1.075,-0.9000000000000057
-124217.4125,183106.98750000005,8705.800000000003,148132.7625,14398.974999999977,-35984.72499999998,159716.4625,3132.1124999999884,143367.7125,27360.974999999977,0.4125000000000001,-0.21250000000000002,-0.3375000000000057,-0.16249999999999964,0.6875,-0.125,-0.75,0.2250000000000001,0.6875,-0.2875000000000001,0.075,0.09999999999999432
-124206.4125,183295.98750000005,8829.800000000003,147927.7625,14473.974999999977,-36101.72499999998,159322.4625,3033.1124999999884,143455.7125,27546.974999999977,-0.5874999999999999,-0.21250000000000002,-0.3375000000000057,0.8375000000000004,-0.3125,-0.125,-0.75,0.2250000000000001,-0.3125,-0.2875000000000001,0.075,0.09999999999999432
-124194.4125,183078.98750000005,8881.800000000003,147848.7625,14368.974999999977,-36032.72499999998,159416.4625,3257.1124999999884,143172.7125,27666.974999999977,-0.5874999999999999,-0.21250000000000002,-0.3375000000000057,-0.16249999999999964,-0.3125,-0.125,-0.75,0.2250000000000001,-0.3125,-0.2875000000000001,0.075,0.09999999999999432
-124114.4125,182776.98750000005,8759.800000000003,147735.7625,14456.974999999977,-36072.72499999998,159803.4625,3065.1124999999884,143097.7125,27828.974999999977,-0.5874999999999999,-0.21250000000000002,-0.3375000000000057,-0.16249999999999964,-0.3125,-0.125,-0.75,0.2250000000000001,0.6875,0.7124999999999999,-0.925,0.09999999999999432
-124082.4125,182687.98750000005,8679.800000000003,147699.7625,14373.974999999977,-35977.72499999998,160159.4625,3040.1124999999884,143114.7125,27833.974999999977,0.4125000000000001,-0.21250000000000002,0.6624999999999943,-0.16249999999999964,0.6875,-0.125,0.25,0.2250000000000001,0.6875,0.7124999999999999,-0.925,0.09999999999999432
-124041.4125,182783.98750000005,8674.800000000003,147799.7625,14376.974999999977,-35953.72499999998,160140.4625,3097.1124999999884,143286.7125,27834.974999999977,0.4125000000000001,-0.21250000000000002,-0.3375000000000057,-0.16249999999999964,-0.3125,-0.125,0.25,-0.7749999999999999,0.6875,-0.2875000000000001,-0.925,-1.9000000000000057
-124047.4125,182819.98750000005,8730.800000000003,147915.7625,14437.974999999977,-35973.72499999998,159703.4625,3073.1124999999884,143413.7125,27656.974999999977,-0.5874999999999999,-0.21250000000000002,-0.3375000000000057,-0.16249999999999964,-0.3125,-0.125,0.25,0.2250000000000001,-0.3125,-0.2875000000000001,0.075,-0.9000000000000057
-124227.4125,182843.98750000005,8906.800000000003,148183.7625,14398.974999999977,-36134.72499999998,159415.4625,3123.1124999999884,143773.7125,27288.974999999977,0.4125000000000001,0.7875,-0.3375000000000057,0.8375000000000004,-0.3125,-0.125,0.25,0.2250000000000001,-0.3125,0.7124999999999999,0.075,0.09999999999999432
-124192.4125,182887.98750000005,8768.800000000003,148204.7625,14456.974999999977,-36097.72499999998,159328.4625,3099.1124999999884,143674.7125,27299.974999999977,-0.5874999999999999,-0.21250000000000002,-0.3375000000000057,-0.16249999999999964,0.6875,-0.125,-0.75,-0.7749999999999999,-0.3125,0.7124999999999999,0.075,-0.9000000000000057
-124314.4125,182908.98750000005,8790.800000000003,148292.7625,14483.974999999977,-36063.72499999998,158847.4625,3131.1124999999884,143547.7125,27464.974999999977,0.4125000000000001,0.7875,-0.3375000000000057,-0.16249999999999964,-0.3125,0.875,0.25,-0.7749999999999999,0.6875,0.7124999999999999,0.075,0.09999999999999432
-124496.4125,183086.98750000005,8817.800000000003,148345.7625,14324.974999999977,-35904.72499999998,159558.4625,3164.1124999999884,143628.7125,27742.974999999977,1.4125,0.7875,-0.3375000000000057,-0.16249999999999964,0.6875,-1.125,0.25,0.2250000000000001,-0.3125,0.7124999999999999,0.075,1.0999999999999943
-124326.4125,183020.98750000005,8908.800000000003,148179.7625,14322.974999999977,-35953.72499999998,160204.4625,3041.1124999999884,143470.7125,27768.974999999977,0.4125000000000001,0.7875,0.6624999999999943,0.8375000000000004,0.6875,-0.125,0.25,0.2250000000000001,0.6875,0.7124999999999999,0.075,-0.9000000000000057
-124233.4125,182845.98750000005,8807.800000000003,148305.7625,14294.974999999977,-35910.72499999998,159897.4625,2999.1124999999884,143793.7125,27748.974999999977,0.4125000000000001,-0.21250000000000002,0.6624999999999943,0.8375000000000004,-0.3125,-0.125,-0.75,0.2250000000000001,-0.3125,-0.2875000000000001,0.075,0.09999999999999432
-124235.4125,182722.98750000005,8726.800000000003,148347.7625,14167.974999999977,-35878.72499999998,159629.4625,3022.1124999999884,143965.7125,27518.974999999977,-0.5874999999999999,-0.21250000000000002,0.6624999999999943,-0.16249999999999964,-0.3125,-0.125,0.25,-0.7749999999999999,-0.3125,-0.2875000000000001,0.075,-0.9000000000000057
-124248.4125,182867.98750000005,8746.800000000003,148354.7625,14238.974999999977,-35945.72499999998,159349.4625,3096.1124999999884,144114.7125,27412.974999999977,0.4125000000000001,-0.21250000000000002,-0.3375000000000057,0.8375000000000004,-0.3125,-0.125,0.25,0.2250000000000001,-0.3125,-0.2875000000000001,0.075,1.0999999999999943
-124038.4125,182579.98750000005,8796.800000000003,148447.7625,14377.974999999977,-36141.72499999998,159709.4625,3067.1124999999884,144334.7125,26915.974999999977,-0.5874999999999999,-0.21250000000000002,-0.3375000000000057,-0.16249999999999964,-0.3125,-0.125,0.25,0.2250000000000001,0.6875,0.7124999999999999,-0.925,-0.9000000000000057
-124126.4125,182672.98750000005,8843.800000000003,148601.7625,14305.974999999977,-36144.72499999998,159495.4625,3107.1124999999884,144231.7125,27027.974999999977,0.4125000000000001,-0.21250000000000002,0.6624999999999943,-0.16249999999999964,-0.3125,-1.125,0.25,-0.7749999999999999,-0.3125,-0.2875000000000001,0.075,-0.9000000000000057
-124156.4125,182578.98750000005,8871.800000000003,148628.7625,14319.974999999977,-36178.72499999998,159739.4625,3165.1124999999884,144049.7125,27123.974999999977,0.4125000000000001,-0.21250000000000002,0.6624999999999943,-0.16249999999999964,-0.3125,-0.125,0.25,-0.7749999999999999,-0.3125,-0.2875000000000001,-0.925,0.09999999999999432
-124064.4125,182925.98750000005,8883.800000000003,148610.7625,14350.974999999977,-36190.72499999998,159662.4625,3359.1124999999884,143822.7125,27124.974999999977,0.4125000000000001,-0.21250000000000002,-0.3375000000000057,-0.16249999999999964,-0.3125,-0.125,0.25,-0.7749999999999999,-0.3125,-0.2875000000000001,0.075,0.09999999999999432
-124054.4125,182959.98750000005,8884.800000000003,148495.7625,14514.974999999977,-36277.72499999998,159981.4625,3226.1124999999884,143919.7125,27471.974999999977,0.4125000000000001,-0.21250000000000002,-0.3375000000000057,0.8375000000000004,-1.3125,-0.125,0.25,0.2250000000000001,-0.3125,-0.2875000000000001,0.075,-0.9000000000000057
-124120.4125,183055.98750000005,8850.800000000003,148393.7625,14571.974999999977,-36043.72499999998,160411.4625,3252.1124999999884,143477.7125,27826.974999999977,-0.5874999999999999,-0.21250000000000002,0.6624999999999943,-0.16249999999999964,0.6875,-0.125,0.25,0.2250000000000001,-0.3125,0.7124999999999999,0.075,0.09999999999999432
-124255.4125,183238.98750000005,8878.800000000003,148329.7625,14571.974999999977,-36040.72499999998,160044.4625,3080.1124999999884,143404.7125,28023.974999999977,0.4125000000000001,-0.21250000000000002,-0.3375000000000057,0.8375000000000004,-0.3125,-0.125,-0.75,0.2250000000000001,-0.3125,-0.2875000000000001,0.075,1.0999999999999943
-124324.4125,183161.98750000005,8804.800000000003,148399.7625,14697.974999999977,-35995.72499999998,159997.4625,3094.1124999999884,143501.7125,28119.974999999977,-0.5874999999999999,-0.21250000000000002,-0.3375000000000057,-0.16249999999999964,-0.3125,0.875,0.25,-0.7749999999999999,-1.3125,0.7124999999999999,0.075,1.0999999999999943
-124301.4125,183244.98750000005,8763.800000000003,148448.7625,14606.974999999977,-36023.72499999998,160303.4625,3183.1124999999884,143597.7125,27996.974999999977,0.4125000000000001,-0.21250000000000002,0.6624999999999943,0.8375000000000004,-1.3125,-0.125,0.25,0.2250000000000001,-0.3125,-0.2875000000000001,-0.925,-0.9000000000000057
-124271.4125,183326.98750000005,8734.800000000003,148389.7625,14619.974999999977,-36110.72499999998,160176.4625,3070.1124999999884,143605.7125,27902.974999999977,0.4125000000000001,0.7875,-0.3375000000000057,-0.16249999999999964,-0.3125,0.875,0.25,-0.7749999999999999,-1.3125,-0.2875000000000001,0.075,0.09999999999999432
-124176.4125,183110.98750000005,8779.800000000003,148478.7625,14360.974999999977,-36158.72499999998,160155.4625,3195.1124999999884,143568.7125,27628.974999999977,0.4125000000000001,0.7875,-0.3375000000000057,-0.16249999999999964,-0.3125,-0.125,0.25,-0.7749999999999999,-0.3125,-0.2875000000000001,0.075,0.09999999999999432
-124299.4125,182868.98750000005,8846.800000000003,148658.7625,14310.974999999977,-36085.72499999998,160153.4625,3083.1124999999884,143733.7125,27325.974999999977,0.4125000000000001,-0.21250000000000002,-0.3375000000000057,0.8375000000000004,0.6875,-0.125,0.25,-0.7749999999999999,-0.3125,-0.2875000000000001,-0.925,0.09999999999999432
-124369.4125,182837.98750000005,8824.800000000003,148846.7625,14369.974999999977,-36469.72499999998,159457.4625,3110.1124999999884,143660.7125,27149.974999999977,0.4125000000000001,0.7875,-0.3375000000000057,-0.16249999999999964,0.6875,-1.125,0.25,0.2250000000000001,-0.3125,-0.2875000000000001,0.075,0.09999999999999432
-124189.4125,183123.98750000005,8668.800000000003,148990.7625,14295.974999999977,-36226.72499999998,159876.4625,3006.1124999999884,143580.7125,26969.974999999977,-0.5874999999999999,-0.21250000000000002,-1.3375000000000057,-0.16249999999999964,-0.3125,-0.125,-0.75,0.2250000000000001,0.6875,0.7124999999999999,0.075,0.09999999999999432
-124204.4125,183211.98750000005,8789.800000000003,148980.7625,14228.974999999977,-36165.72499999998,159612.4625,3083.1124999999884,143389.7125,27151.974999999977,0.4125000000000001,0.7875,-0.3375000000000057,-0.16249999999999964,-0.3125,-0.125,0.25,-0.7749999999999999,-0.3125,-0.2875000000000001,0.075,0.09999999999999432
-124190.4125,183032.98750000005,8952.800000000003,148705.7625,14203.974999999977,-36177.72499999998,158835.4625,3096.1124999999884,143473.7125,27317.974999999977,0.4125000000000001,-0.21250000000000002,-0.3375000000000057,-0.16249999999999964,0.6875,-0.125,0.25,0.2250000000000001,-0.3125,0.7124999999999999,0.075,0.09999999999999432
-124172.4125,182829.98750000005,9007.800000000003,148563.7625,14186.974999999977,-35957.72499999998,159583.4625,3070.1124999999884,143255.7125,27515.974999999977,-0.5874999999999999,0.7875,0.6624999999999943,-0.16249999999999964,-0.3125,-0.125,-0.75,0.2250000000000001,-0.3125,0.7124999999999999,-0.925,0.09999999999999432
-124195.4125,182696.98750000005,8926.800000000003,148474.7625,14312.974999999977,-36008.72499999998,160150.4625,3069.1124999999884,143085.7125,27690.974999999977,0.4125000000000001,-0.21250000000000002,-0.3375000000000057,0.8375000000000004,-0.3125,-0.125,0.25,0.2250000000000001,0.6875,-0.2875000000000001,-0.925,0.09999999999999432
-124182.4125,182879.98750000005,8848.800000000003,148346.7625,14267.974999999977,-36045.72499999998,160144.4625,3115.1124999999884,143064.7125,27653.974999999977,0.4125000000000001,-0.21250000000000002,-0.3375000000000057,-0.16249999999999964,-0.3125,-0.125,0.25,-0.7749999999999999,-0.3125,-0.2875000000000001,0.075,0.09999999999999432
-124159.4125,182939.98750000005,8895.800000000003,148440.7625,14288.974999999977,-35918.72499999998,160303.4625,3088.1124999999884,143022.7125,27703.974999999977,0.4125000000000001,-0.21250000000000002,-0.3375000000000057,0.8375000000000004,-0.3125,0.875,0.25,-0.7749999999999999,-0.3125,-0.2875000000000001,0.075,0.09999999999999432
-123983.4125,182559.98750000005,8681.800000000003,148363.7625,14516.974999999977,-35918.72499999998,159929.4625,3050.1124999999884,143109.7125,27541.974999999977,-0.5874999999999999,-0.21250000000000002,-0.3375000000000057,-0.16249999999999964,-0.3125,-0.125,0.25,0.2250000000000001,-0.3125,-0.2875000000000001,0.075,0.09999999999999432
-124003.4125,182235.98750000005,8712.800000000003,148223.7625,14399.974999999977,-35998.72499999998,159728.4625,3062.1124999999884,143257.7125,27273.974999999977,0.4125000000000001,0.7875,-0.3375000000000057,-0.16249999999999964,-0.3125,-1.125,0.25,0.2250000000000001,-0.3125,-0.2875000000000001,0.075,-0.9000000000000057
-124101.4125,182285.98750000005,8756.800000000003,148406.7625,14259.974999999977,-36108.72499999998,159527.4625,3073.1124999999884,143528.7125,27105.974999999977,0.4125000000000001,-0.21250000000000002,-0.3375000000000057,0.8375000000000004,-0.3125,-0.125,0.25,-0.7749999999999999,-0.3125,-0.2875000000000001,0.075,0.09999999999999432
-124023.4125,182532.98750000005,8795.800000000003,148438.7625,14381.974999999977,-36014.72499999998,158530.4625,3287.1124999999884,143425.7125,26878.974999999977,0.4125000000000001,-0.21250000000000002,0.6624999999999943,-0.16249999999999964,-0.3125,-0.125,0.25,-0.7749999999999999,-0.3125,-0.2875000000000001,0.075,-0.9000000000000057
-124096.4125,182553.98750000005,8706.800000000003,148344.7625,14380.974999999977,-35872.72499999998,158272.4625,3208.1124999999884,143490.7125,26604.974999999977,0.4125000000000001,-0.21250000000000002,-0.3375000000000057,-0.16249999999999964,0.6875,-1.125,0.25,0.2250000000000001,-0.3125,0.7124999999999999,0.075,0.09999999999999432
-123976.4125,182340.98750000005,8726.800000000003,148280.7625,14339.974999999977,-36044.72499999998,159114.4625,3151.1124999999884,143354.7125,26687.974999999977,0.4125000000000001,0.7875,-0.3375000000000057,-0.16249999999999964,0.6875,0.875,0.25,-0.7749999999999999,-0.3125,-0.2875000000000001,0.075,-0.9000000000000057
-124058.4125,182743.98750000005,8836.800000000003,148010.7625,14170.974999999977,-36154.72499999998,159326.4625,3043.1124999999884,143064.7125,27521.974999999977,0.4125000000000001,-0.21250000000000002,0.6624999999999943,-0.16249999999999964,-0.3125,-0.125,0.25,0.2250000000000001,0.6875,0.7124999999999999,0.075,0.09999999999999432
-124009.4125,182726.98750000005,8749.800000000003,147978.7625,14254.974999999977,-36102.72499999998,159639.4625,3105.1124999999884,143031.7125,27702.974999999977,0.4125000000000001,-0.21250000000000002,-0.3375000000000057,-0.16249999999999964,-0.3125,-1.125,0.25,0.2250000000000001,-0.3125,-0.2875000000000001,0.075,-0.9000000000000057
-124085.4125,182691.98750000005,8693.800000000003,147954.7625,14648.974999999977,-35984.72499999998,160408.4625,3213.1124999999884,142908.7125,27821.974999999977,0.4125000000000001,0.7875,-0.3375000000000057,-0.16249999999999964,0.6875,-0.125,0.25,0.2250000000000001,-0.3125,-0.2875000000000001,0.075,0.09999999999999432
-124148.4125,182880.98750000005,8651.800000000003,147985.7625,14554.974999999977,-35957.72499999998,160447.4625,3142.1124999999884,142955.7125,27640.974999999977,0.4125000000000001,-0.21250000000000002,-0.3375000000000057,-0.16249999999999964,-0.3125,-0.125,0.25,-0.7749999999999999,-0.3125,-0.2875000000000001,-0.925,0.09999999999999432
-123986.4125,182689.98750000005,8764.800000000003,147975.7625,14355.974999999977,-35957.72499999998,159928.4625,3080.1124999999884,143091.7125,27692.974999999977,0.4125000000000001,-0.21250000000000002,0.6624999999999943,-0.16249999999999964,-0.3125,-0.125,0.25,0.2250000000000001,-0.3125,-0.2875000000000001,0.075,1.0999999999999943
-123924.4125,182582.98750000005,8900.800000000003,147923.7625,14264.974999999977,-35906.72499999998,159738.4625,3088.1124999999884,143294.7125,27642.974999999977,0.4125000000000001,-0.21250000000000002,-0.3375000000000057,-0.16249999999999964,-0.3125,-0.125,0.25,0.2250000000000001,-0.3125,-0.2875000000000001,0.075,0.09999999999999432
-123946.4125,182485.98750000005,8732.800000000003,148050.7625,14224.974999999977,-36085.72499999998,159260.4625,3126.1124999999884,143337.7125,26926.974999999977,0.4125000000000001,-0.21250000000000002,0.6624999999999943,-0.16249999999999964,0.6875,-0.125,0.25,-0.7749999999999999,-0.3125,-0.2875000000000001,0.075,-0.9000000000000057
-123938.4125,182638.98750000005,8816.800000000003,148078.7625,14218.974999999977,-36152.72499999998,159174.4625,3207.1124999999884,143356.7125,26911.974999999977,-0.5874999999999999,-0.21250000000000002,-0.3375000000000057,-0.16249999999999964,-0.3125,-0.125,0.25,0.2250000000000001,-0.3125,-0.2875000000000001,0.075,0.09999999999999432
-123901.4125,182439.98750000005,8817.800000000003,148297.7625,14104.974999999977,-36222.72499999998,159470.4625,3166.1124999999884,143410.7125,26975.974999999977,-0.5874999999999999,-0.21250000000000002,-1.3375000000000057,-0.16249999999999964,-0.3125,-0.125,0.25,-0.7749999999999999,-0.3125,-0.2875000000000001,-0.925,-0.9000000000000057
-124037.4125,182549.98750000005,8825.800000000003,148216.7625,13944.974999999977,-36266.72499999998,159119.4625,3139.1124999999884,143338.7125,27015.974999999977,0.4125000000000001,-0.21250000000000002,0.6624999999999943,0.8375000000000004,0.6875,-0.125,0.25,0.2250000000000001,0.6875,0.7124999999999999,0.075,-0.9000000000000057
-124033.4125,182474.98750000005,8795.800000000003,148014.7625,14456.974999999977,-36141.72499999998,159702.4625,3065.1124999999884,143042.7125,27314.974999999977,-0.5874999999999999,0.7875,-0.3375000000000057,0.8375000000000004,-0.3125,-0.125,0.25,0.2250000000000001,0.6875,0.7124999999999999,0.075,-0.9000000000000057
-124010.4125,182405.98750000005,8807.800000000003,148004.7625,14464.974999999977,-35949.72499999998,159624.4625,3116.1124999999884,143010.7125,27637.974999999977,0.4125000000000001,0.7875,-0.3375000000000057,-0.16249999999999964,-0.3125,-0.125,-0.75,0.2250000000000001,-0.3125,0.7124999999999999,0.075,0.09999999999999432
-124051.4125,182534.98750000005,8768.800000000003,148059.7625,14156.974999999977,-35969.72499999998,159678.4625,3056.1124999999884,142960.7125,27493.974999999977,0.4125000000000001,-0.21250000000000002,0.6624999999999943,-0.16249999999999964,-0.3125,-0.125,0.25,0.2250000000000001,-0.3125,0.7124999999999999,0.075,0.09999999999999432
-124020.4125,182455.98750000005,8772.800000000003,148081.7625,14140.974999999977,-36097.72499999998,159842.4625,3013.1124999999884,142997.7125,27439.974999999977,0.4125000000000001,0.7875,-0.3375000000000057,0.8375000000000004,0.6875,-0.125,0.25,-0.7749999999999999,-0.3125,0.7124999999999999,0.075,0.09999999999999432
-124089.4125,182388.98750000005,8861.800000000003,148245.7625,14127.974999999977,-36096.72499999998,159822.4625,3064.1124999999884,143162.7125,27298.974999999977,0.4125000000000001,-0.21250000000000002,0.6624999999999943,0.8375000000000004,0.6875,-0.125,0.25,0.2250000000000001,-0.3125,0.7124999999999999,0.075,0.09999999999999432
-124081.4125,182366.98750000005,8773.800000000003,148277.7625,14124.974999999977,-36149.72499999998,159916.4625,3133.1124999999884,143427.7125,27243.974999999977,0.4125000000000001,-0.21250000000000002,-0.3375000000000057,-0.16249999999999964,0.6875,-0.125,0.25,0.2250000000000001,-0.3125,-0.2875000000000001,-0.925,-0.9000000000000057
-124039.4125,182273.98750000005,8673.800000000003,148257.7625,14220.974999999977,-36171.72499999998,159509.4625,3164.1124999999884,143586.7125,26863.974999999977,-0.5874999999999999,-0.21250000000000002,-0.3375000000000057,0.8375000000000004,-0.3125,-0.125,0.25,0.2250000000000001,0.6875,0.7124999999999999,0.075,-0.9000000000000057
-124058.4125,182172.98750000005,8730.800000000003,148383.7625,14418.974999999977,-36142.72499999998,159422.4625,3156.1124999999884,143544.7125,26690.974999999977,0.4125000000000001,-0.21250000000000002,0.6624999999999943,0.8375000000000004,-0.3125,0.875,0.25,0.2250000000000001,-0.3125,-0.2875000000000001,0.075,0.09999999999999432
-123928.4125,182208.98750000005,8778.800000000003,148499.7625,14392.974999999977,-36311.72499999998,159415.4625,3063.1124999999884,143432.7125,26637.974999999977,-0.5874999999999999,-0.21250000000000002,-0.3375000000000057,-0.16249999999999964,-0.3125,-0.125,0.25,0.2250000000000001,0.6875,-0.2875000000000001,0.075,-0.9000000000000057
-124090.4125,182473.98750000005,8771.800000000003,148464.7625,14273.974999999977,-36275.72499999998,159602.4625,3066.1124999999884,143371.7125,26865.974999999977,0.4125000000000001,0.7875,-0.3375000000000057,-0.16249999999999964,0.6875,-0.125,-0.75,0.2250000000000001,0.6875,-0.2875000000000001,0.075,0.09999999999999432
-124274.4125,182387.98750000005,8793.800000000003,148379.7625,14287.974999999977,-36234.72499999998,159623.4625,3063.1124999999884,143205.7125,27111.974999999977,0.4125000000000001,0.7875,-0.3375000000000057,0.8375000000000004,1.6875,-0.125,0.25,0.2250000000000001,-0.3125,-0.2875000000000001,0.075,0.09999999999999432
-124057.4125,182419.98750000005,8673.800000000003,148223.7625,14534.974999999977,-36205.72499999998,159673.4625,3057.1124999999884,143150.7125,27162.974999999977,-0.5874999999999999,0.7875,-0.3375000000000057,-0.16249999999999964,-0.3125,-1.125,0.25,0.2250000000000001,-0.3125,0.7124999999999999,0.075,0.09999999999999432
-124189.4125,182407.98750000005,8683.800000000003,148192.7625,14594.974999999977,-36247.72499999998,160291.4625,3170.1124999999884,143115.7125,27358.974999999977,0.4125000000000001,-0.21250000000000002,0.6624999999999943,0.8375000000000004,-0.3125,0.875,0.25,0.2250000000000001,-0.3125,-0.2875000000000001,0.075,-0.9000000000000057
-124001.4125,182610.98750000005,8745.800000000003,148083.7625,14402.974999999977,-36262.72499999998,160649.4625,3063.1124999999884,143020.7125,27424.974999999977,0.4125000000000001,0.7875,0.6624999999999943,-0.16249999999999964,-0.3125,-0.125,0.25,0.2250000000000001,-1.3125,-0.2875000000000001,0.075,0.09999999999999432
-124165.4125,182406.98750000005,8857.800000000003,148226.7625,14440.974999999977,-36057.72499999998,160040.4625,3114.1124999999884,143149.7125,27291.974999999977,0.4125000000000001,-0.21250000000000002,-0.3375000000000057,-0.16249999999999964,-0.3125,-0.125,0.25,0.2250000000000001,-0.3125,-0.2875000000000001,0.075,1.0999999999999943
-124102.4125,182543.98750000005,8765.800000000003,148245.7625,14517.974999999977,-36097.72499999998,159677.4625,3107.1124999999884,143165.7125,27264.974999999977,0.4125000000000001,-0.21250000000000002,-0.3375000000000057,-0.16249999999999964,-0.3125,-0.125,0.25,0.2250000000000001,-0.3125,-0.2875000000000001,0.075,1.0999999999999943
-124153.4125,182601.98750000005,8671.800000000003,148429.7625,14312.974999999977,-36204.72499999998,159866.4625,3020.1124999999884,143254.7125,26987.974999999977,-0.5874999999999999,-0.21250000000000002,0.6624999999999943,-0.16249999999999964,-0.3125,-0.125,0.25,0.2250000000000001,-0.3125,0.7124999999999999,0.075,0.09999999999999432
-123892.4125,182346.98750000005,8693.800000000003,148465.7625,14108.974999999977,-36218.72499999998,159758.4625,3063.1124999999884,143280.7125,26840.974999999977,0.4125000000000001,-0.21250000000000002,-0.3375000000000057,-0.16249999999999964,0.6875,-0.125,0.25,0.2250000000000001,-0.3125,0.7124999999999999,0.075,0.09999999999999432
-124026.4125,182390.98750000005,8823.800000000003,148425.7625,14265.974999999977,-36336.72499999998,159624.4625,3176.1124999999884,143361.7125,26761.974999999977,0.4125000000000001,0.7875,-0.3375000000000057,-0.16249999999999964,0.6875,-0.125,0.25,-0.7749999999999999,-0.3125,-0.2875000000000001,0.075,0.09999999999999432
-124115.4125,182791.98750000005,8880.800000000003,148369.7625,14209.974999999977,-36303.72499999998,159602.4625,3106.1124999999884,143357.7125,26677.974999999977,-0.5874999999999999,-0.21250000000000002,0.6624999999999943,-0.16249999999999964,0.6875,-0.125,0.25,-0.7749999999999999,-0.3125,-0.2875000000000001,0.075,-0.9000000000000057
-124114.4125,182873.98750000005,8829.800000000003,148409.7625,14403.974999999977,-36386.72499999998,159840.4625,3064.1124999999884,143143.7125,26926.974999999977,0.4125000000000001,-0.21250000000000002,-0.3375000000000057,-0.16249999999999964,-0.3125,-0.125,0.25,0.2250000000000001,-0.3125,-0.2875000000000001,0.075,0.09999999999999432
-123961.4125,182803.98750000005,8800.800000000003,148452.7625,14550.974999999977,-36299.72499999998,159682.4625,3054.1124999999884,143042.7125,27122.974999999977,0.4125000000000001,0.7875,-0.3375000000000057,0.8375000000000004,-0.3125,-0.125,-0.75,0.2250000000000001,-0.3125,-0.2875000000000001,0.075,1.0999999999999943
-124016.4125,182747.98750000005,8832.800000000003,148407.7625,14604.974999999977,-36332.72499999998,159839.4625,3071.1124999999884,143018.7125,27268.974999999977,0.4125000000000001,-0.21250000000000002,-0.3375000000000057,-0.16249999999999964,0.6875,-0.125,0.25,0.2250000000000001,0.6875,-0.2875000000000001,0.075,1.0999999999999943
-124112.4125,182811.98750000005,8830.800000000003,148570.7625,14487.974999999977,-36295.72499999998,159972.4625,3056.1124999999884,142945.7125,27368.974999999977,0.4125000000000001,-0.21250000000000002,-0.3375000000000057,0.8375000000000004,-0.3125,-0.125,-0.75,0.2250000000000001,-0.3125,0.7124999999999999,0.075,-0.9000000000000057
-124190.4125,182580.98750000005,8798.800000000003,148327.7625,14313.974999999977,-36261.72499999998,159770.4625,3224.1124999999884,142773.7125,27219.974999999977,0.4125000000000001,-0.21250000000000002,-0.3375000000000057,-0.16249999999999964,-0.3125,-0.125,0.25,-0.7749999999999999,0.6875,-0.2875000000000001,0.075,-0.9000000000000057
-124093.4125,182344.98750000005,8698.800000000003,148144.7625,14352.974999999977,-36095.72499999998,159639.4625,3167.1124999999884,142961.7125,27252.974999999977,0.4125000000000001,-0.21250000000000002,-0.3375000000000057,0.8375000000000004,-0.3125,-0.125,0.25,-0.7749999999999999,0.6875,0.7124999999999999,-0.925,0.09999999999999432
