FPI,SPI,AI,SFI,FFI,FPD,SPD,AD,SFD,FFD,API_X,API_Y,API_Z,APD_X,APD_Y,APD_Z,AFD_X,AFD_Y,AFD_Z,AFI_X,AFI_Y,AFI_Z
-870.9249999999884,-307.8125,3924.850000000006,-262.0874999999942,-3699.8624999999884,-3505.2750000000233,87.44999999999709,268.5874999999942,40.19999999999709,6714.924999999988,-0.5499999999999998,-0.25,0.6375000000000028,-0.08750000000000036,-0.3250000000000002,-0.13749999999998863,0.3625,0.10000000000000009,-0.2875000000000001,0.675,0.1,0.25
-780.9249999999884,-179.8125,4127.850000000006,-485.0874999999942,-3520.8624999999884,-3357.2750000000233,133.4499999999971,444.5874999999942,11.19999999999709,6646.924999999988,0.4500000000000002,-0.25,0.6375000000000028,-0.08750000000000036,0.6749999999999998,-0.13749999999998863,-0.6375,0.10000000000000009,0.7124999999999999,0.675,0.1,0.25
-707.9249999999884,-295.8125,4104.850000000006,-391.0874999999942,-3596.8624999999884,-3308.2750000000233,490.4499999999971,380.5874999999942,49.19999999999709,6578.924999999988,0.4500000000000002,-0.25,-0.36249999999999716,-0.08750000000000036,-0.3250000000000002,-1.1374999999999886,0.3625,-0.8999999999999999,-0.2875000000000001,0.675,0.1,0.25
-843.9249999999884,-149.8125,4039.850000000006,-313.0874999999942,-3557.8624999999884,-3270.2750000000233,360.4499999999971,297.5874999999942,-88.80000000000291,6564.924999999988,0.4500000000000002,-0.25,-0.36249999999999716,-0.08750000000000036,-0.3250000000000002,-0.13749999999998863,0.3625,0.10000000000000009,0.7124999999999999,0.675,-0.9,0.25
-779.9249999999884,-120.8125,4127.850000000006,-242.08749999999418,-3465.8624999999884,-3170.2750000000233,175.4499999999971,148.58749999999418,91.19999999999709,7219.924999999988,0.4500000000000002,-0.25,-1.3624999999999972,-0.08750000000000036,0.6749999999999998,-1.1374999999999886,0.3625,0.10000000000000009,-0.2875000000000001,0.675,0.1,0.25
-852.9249999999884,89.1875,4192.850000000006,-34.08749999999418,-3498.8624999999884,-3292.2750000000233,38.44999999999709,74.58749999999418,101.19999999999709,6951.924999999988,0.4500000000000002,-0.25,0.6375000000000028,-0.08750000000000036,0.6749999999999998,-1.1374999999999886,-0.6375,0.10000000000000009,-0.2875000000000001,-0.32499999999999996,-0.9,-0.75
-997.9249999999884,84.1875,4272.850000000006,83.91250000000582,-3705.8624999999884,-3277.2750000000233,-48.55000000000291,209.58749999999418,53.19999999999709,6975.924999999988,-0.5499999999999998,0.75,0.6375000000000028,-0.08750000000000036,-1.3250000000000002,-0.13749999999998863,0.3625,0.10000000000000009,-0.2875000000000001,-0.32499999999999996,0.1,-0.75
-891.9249999999884,-136.8125,4226.850000000006,-53.08749999999418,-3712.8624999999884,-3313.2750000000233,-126.55000000000291,288.5874999999942,28.19999999999709,6751.924999999988,-1.5499999999999998,-1.25,0.6375000000000028,-1.0875000000000004,0.6749999999999998,-0.13749999999998863,0.3625,1.1,0.7124999999999999,-0.32499999999999996,-0.9,-0.75
-830.9249999999884,-202.8125,3944.850000000006,-380.0874999999942,-3709.8624999999884,-3326.2750000000233,123.44999999999709,222.58749999999418,13.19999999999709,6677.924999999988,-0.5499999999999998,-0.25,-0.36249999999999716,-1.0875000000000004,0.6749999999999998,-0.13749999999998863,0.3625,0.10000000000000009,0.7124999999999999,-0.32499999999999996,-0.9,-0.75
-819.9249999999884,-5.8125,4054.850000000006,-246.08749999999418,-3621.8624999999884,-3375.2750000000233,-52.55000000000291,160.58749999999418,22.19999999999709,6746.924999999988,0.4500000000000002,0.75,-0.36249999999999716,-0.08750000000000036,-0.3250000000000002,-0.13749999999998863,0.3625,-0.8999999999999999,-0.2875000000000001,0.675,0.1,0.25
-669.9249999999884,-57.8125,3965.850000000006,-132.08749999999418,-3557.8624999999884,-3425.2750000000233,186.4499999999971,52.58749999999418,197.1999999999971,6912.924999999988,0.4500000000000002,-0.25,-0.36249999999999716,-0.08750000000000036,-0.3250000000000002,-1.1374999999999886,0.3625,-0.8999999999999999,-0.2875000000000001,0.675,-0.9,-0.75
-835.9249999999884,215.1875,3954.850000000006,-138.08749999999418,-3751.8624999999884,-3436.2750000000233,393.4499999999971,75.58749999999418,79.19999999999709,6884.924999999988,-0.5499999999999998,-0.25,-0.36249999999999716,-0.08750000000000036,-0.3250000000000002,-1.1374999999999886,-0.6375,0.10000000000000009,-0.2875000000000001,-0.32499999999999996,0.1,0.25
-949.9249999999884,-25.8125,4136.850000000006,-113.08749999999418,-3508.8624999999884,-3249.2750000000233,252.4499999999971,142.58749999999418,151.1999999999971,7220.924999999988,0.4500000000000002,-0.25,-1.3624999999999972,-0.08750000000000036,-0.3250000000000002,-0.13749999999998863,0.3625,0.10000000000000009,0.7124999999999999,-0.32499999999999996,0.1,0.25
-830.9249999999884,-168.8125,4126.850000000006,-100.08749999999418,-3461.8624999999884,-3047.2750000000233,228.4499999999971,98.58749999999418,71.19999999999709,7364.924999999988,-0.5499999999999998,-0.25,0.6375000000000028,0.9124999999999996,0.6749999999999998,-1.1374999999999886,-0.6375,0.10000000000000009,0.7124999999999999,0.675,-0.9,-0.75
-709.9249999999884,-461.8125,4020.850000000006,-169.08749999999418,-3411.8624999999884,-3008.2750000000233,38.44999999999709,289.5874999999942,123.19999999999709,7417.924999999988,0.4500000000000002,-0.25,-0.36249999999999716,-0.08750000000000036,-0.3250000000000002,-0.13749999999998863,-0.6375,0.10000000000000009,-0.2875000000000001,0.675,0.1,0.25
-970.9249999999884,-428.8125,4131.850000000006,-205.08749999999418,-3486.8624999999884,-3134.2750000000233,-895.5500000000029,-264.4125000000058,320.1999999999971,7391.924999999988,-0.5499999999999998,-0.25,-0.36249999999999716,-0.08750000000000036,0.6749999999999998,-1.1374999999999886,0.3625,0.10000000000000009,0.7124999999999999,-0.32499999999999996,1.1,-0.75
-1040.9249999999884,73.1875,4126.850000000006,-127.08749999999418,-3576.8624999999884,-2888.2750000000233,-668.5500000000029,-40.41250000000582,182.1999999999971,7468.924999999988,0.4500000000000002,0.75,-0.36249999999999716,-0.08750000000000036,0.6749999999999998,-0.13749999999998863,-0.6375,0.10000000000000009,-0.2875000000000001,-0.32499999999999996,0.1,-0.75
-852.9249999999884,17.1875,4117.850000000006,-89.08749999999418,-3601.8624999999884,-2958.2750000000233,-267.5500000000029,243.58749999999418,34.19999999999709,7337.924999999988,1.4500000000000002,-0.25,-1.3624999999999972,-0.08750000000000036,0.6749999999999998,-0.13749999999998863,0.3625,0.10000000000000009,0.7124999999999999,-0.32499999999999996,-0.9,0.25
-969.9249999999884,45.1875,4064.850000000006,-107.08749999999418,-3746.8624999999884,-2955.2750000000233,-286.5500000000029,268.5874999999942,111.19999999999709,7388.924999999988,0.4500000000000002,-0.25,0.6375000000000028,-0.08750000000000036,-0.3250000000000002,-0.13749999999998863,-0.6375,-0.8999999999999999,-0.2875000000000001,0.675,-0.9,-1.75
-1073.9249999999884,265.1875,4087.850000000006,-82.08749999999418,-3582.8624999999884,-2932.2750000000233,135.4499999999971,252.58749999999418,51.19999999999709,7385.924999999988,0.4500000000000002,-0.25,2.637500000000003,-0.08750000000000036,-0.3250000000000002,-0.13749999999998863,0.3625,-0.8999999999999999,0.7124999999999999,-0.32499999999999996,0.1,-0.75
-1065.9249999999884,125.1875,4261.850000000006,-47.08749999999418,-3502.8624999999884,-3059.2750000000233,65.44999999999709,266.5874999999942,71.19999999999709,7715.924999999988,-0.5499999999999998,-0.25,-0.36249999999999716,0.9124999999999996,-0.3250000000000002,-1.1374999999999886,-0.6375,0.10000000000000009,-0.2875000000000001,0.675,-0.9,-0.75
-990.9249999999884,266.1875,4381.850000000006,-190.08749999999418,-3539.8624999999884,-2850.2750000000233,-233.5500000000029,245.58749999999418,47.19999999999709,7705.924999999988,-0.5499999999999998,-0.25,0.6375000000000028,0.9124999999999996,-0.3250000000000002,-1.1374999999999886,0.3625,-0.8999999999999999,-0.2875000000000001,0.675,0.1,0.25
-939.9249999999884,536.1875,4036.850000000006,-179.08749999999418,-3548.8624999999884,-2831.2750000000233,601.4499999999971,146.58749999999418,115.19999999999709,7517.924999999988,-0.5499999999999998,-0.25,-0.36249999999999716,-0.08750000000000036,-0.3250000000000002,-0.13749999999998863,0.3625,0.10000000000000009,1.7125,-0.32499999999999996,0.1,0.25
-995.9249999999884,156.1875,4202.850000000006,-112.08749999999418,-3748.8624999999884,-2811.2750000000233,154.4499999999971,51.58749999999418,104.19999999999709,7486.924999999988,0.4500000000000002,-0.25,-1.3624999999999972,-0.08750000000000036,-0.3250000000000002,0.8625000000000114,0.3625,0.10000000000000009,0.7124999999999999,0.675,0.1,0.25
-1005.9249999999884,191.1875,4261.850000000006,-202.08749999999418,-3483.8624999999884,-2832.2750000000233,90.44999999999709,143.58749999999418,114.19999999999709,7192.924999999988,0.4500000000000002,-0.25,-0.36249999999999716,-0.08750000000000036,-0.3250000000000002,0.8625000000000114,-0.6375,0.10000000000000009,0.7124999999999999,0.675,0.1,-0.75
-983.9249999999884,-0.8125,4257.850000000006,-134.08749999999418,-3455.8624999999884,-2900.2750000000233,382.4499999999971,60.58749999999418,260.1999999999971,7132.924999999988,-0.5499999999999998,0.75,-0.36249999999999716,-0.08750000000000036,-0.3250000000000002,0.8625000000000114,0.3625,0.10000000000000009,-0.2875000000000001,-1.325,-0.9,0.25
-1068.9249999999884,110.1875,4324.850000000006,-97.08749999999418,-3617.8624999999884,-2997.2750000000233,347.4499999999971,213.58749999999418,161.1999999999971,7077.924999999988,-0.5499999999999998,-0.25,-0.36249999999999716,-0.08750000000000036,-0.3250000000000002,0.8625000000000114,0.3625,0.10000000000000009,-0.2875000000000001,-0.32499999999999996,-0.9,0.25
-1017.9249999999884,91.1875,4221.850000000006,-95.08749999999418,-3614.8624999999884,-3150.2750000000233,161.4499999999971,196.58749999999418,76.19999999999709,6980.924999999988,-0.5499999999999998,0.75,-0.36249999999999716,-0.08750000000000036,-0.3250000000000002,-0.13749999999998863,-0.6375,0.10000000000000009,-0.2875000000000001,-0.32499999999999996,0.1,-0.75
-1051.9249999999884,176.1875,4265.850000000006,-114.08749999999418,-3639.8624999999884,-3211.2750000000233,-36.55000000000291,229.58749999999418,153.1999999999971,6909.924999999988,-0.5499999999999998,-0.25,0.6375000000000028,-0.08750000000000036,-0.3250000000000002,-0.13749999999998863,-0.6375,0.10000000000000009,0.7124999999999999,-1.325,0.1,-0.75
-1008.9249999999884,44.1875,4150.850000000006,-343.0874999999942,-3604.8624999999884,-3253.2750000000233,-105.55000000000291,41.58749999999418,302.1999999999971,7111.924999999988,-0.5499999999999998,-0.25,-0.36249999999999716,-1.0875000000000004,0.6749999999999998,-0.13749999999998863,0.3625,0.10000000000000009,-0.2875000000000001,-0.32499999999999996,0.1,-0.75
-1043.9249999999884,313.1875,4185.850000000006,-209.08749999999418,-3736.8624999999884,-3155.2750000000233,-240.5500000000029,132.58749999999418,232.1999999999971,7052.924999999988,-0.5499999999999998,0.75,0.6375000000000028,-0.08750000000000036,-0.3250000000000002,-1.1374999999999886,0.3625,0.10000000000000009,0.7124999999999999,0.675,0.1,0.25
-1064.9249999999884,231.1875,4231.850000000006,-221.08749999999418,-3625.8624999999884,-3159.2750000000233,34.44999999999709,101.58749999999418,247.1999999999971,7004.924999999988,-0.5499999999999998,-0.25,-0.36249999999999716,-0.08750000000000036,-0.3250000000000002,-0.13749999999998863,0.3625,0.10000000000000009,-0.2875000000000001,-0.32499999999999996,-0.9,0.25
-939.9249999999884,352.1875,4105.850000000006,-248.08749999999418,-3579.8624999999884,-3272.2750000000233,-19.55000000000291,165.58749999999418,167.1999999999971,6899.924999999988,-0.5499999999999998,-0.25,-0.36249999999999716,-0.08750000000000036,0.6749999999999998,-0.13749999999998863,0.3625,0.10000000000000009,0.7124999999999999,-0.32499999999999996,0.1,1.25
-827.9249999999884,-64.8125,4124.850000000006,-226.08749999999418,-3472.8624999999884,-3299.2750000000233,22.44999999999709,154.58749999999418,168.1999999999971,6936.924999999988,-0.5499999999999998,-0.25,1.6375000000000028,-0.08750000000000036,-0.3250000000000002,0.8625000000000114,0.3625,0.10000000000000009,0.7124999999999999,0.675,0.1,0.25
-774.9249999999884,221.1875,4105.850000000006,-327.0874999999942,-3502.8624999999884,-3331.2750000000233,-435.5500000000029,268.5874999999942,153.1999999999971,7122.924999999988,0.4500000000000002,-0.25,0.6375000000000028,-0.08750000000000036,-0.3250000000000002,-0.13749999999998863,0.3625,0.10000000000000009,-0.2875000000000001,-0.32499999999999996,0.1,-0.75
-837.9249999999884,-48.8125,3990.850000000006,-238.08749999999418,-3454.8624999999884,-2999.2750000000233,-791.5500000000029,298.5874999999942,2.1999999999970896,7091.924999999988,0.4500000000000002,-0.25,0.6375000000000028,0.9124999999999996,0.6749999999999998,-1.1374999999999886,0.3625,0.10000000000000009,-0.2875000000000001,-0.32499999999999996,0.1,1.25
-685.9249999999884,33.1875,4131.850000000006,-240.08749999999418,-3464.8624999999884,-3125.2750000000233,675.4499999999971,251.58749999999418,91.19999999999709,7288.924999999988,0.4500000000000002,0.75,-0.36249999999999716,-0.08750000000000036,0.6749999999999998,-0.13749999999998863,-0.6375,0.10000000000000009,-0.2875000000000001,-0.32499999999999996,0.1,-0.75
-828.9249999999884,-24.8125,4168.850000000006,-95.08749999999418,-3585.8624999999884,-2982.2750000000233,-168.5500000000029,70.58749999999418,111.19999999999709,7242.924999999988,0.4500000000000002,-0.25,-1.3624999999999972,0.9124999999999996,-0.3250000000000002,-0.13749999999998863,-0.6375,0.10000000000000009,0.7124999999999999,0.675,-0.9,-0.75
-912.9249999999884,-12.8125,4107.850000000006,-18.08749999999418,-3771.8624999999884,-2978.2750000000233,-154.5500000000029,-1.4125000000058208,74.19999999999709,7230.924999999988,0.4500000000000002,-0.25,0.6375000000000028,0.9124999999999996,0.6749999999999998,0.8625000000000114,-0.6375,0.10000000000000009,-0.2875000000000001,0.675,-0.9,0.25
-1077.9249999999884,-165.8125,4280.850000000006,-41.08749999999418,-3865.8624999999884,-3064.2750000000233,-189.5500000000029,99.58749999999418,192.1999999999971,7494.924999999988,-0.5499999999999998,-0.25,0.6375000000000028,0.9124999999999996,0.6749999999999998,-0.13749999999998863,0.3625,0.10000000000000009,-0.2875000000000001,0.675,0.1,0.25
-1022.9249999999884,-72.8125,4304.850000000006,-32.08749999999418,-3840.8624999999884,-2940.2750000000233,-3.5500000000029104,57.58749999999418,171.1999999999971,7552.924999999988,0.4500000000000002,-0.25,-0.36249999999999716,-0.08750000000000036,-0.3250000000000002,-0.13749999999998863,-0.6375,0.10000000000000009,-0.2875000000000001,0.675,0.1,0.25
-956.9249999999884,-31.8125,4168.850000000006,-66.08749999999418,-3641.8624999999884,-2851.2750000000233,349.4499999999971,150.58749999999418,54.19999999999709,7313.924999999988,0.4500000000000002,-0.25,0.6375000000000028,0.9124999999999996,-0.3250000000000002,-1.1374999999999886,0.3625,0.10000000000000009,-0.2875000000000001,-0.32499999999999996,0.1,0.25
-1059.9249999999884,-80.8125,4300.850000000006,-76.08749999999418,-3671.8624999999884,-2819.2750000000233,-18.55000000000291,194.58749999999418,61.19999999999709,6965.924999999988,0.4500000000000002,-0.25,-0.36249999999999716,-0.08750000000000036,0.6749999999999998,-1.1374999999999886,-0.6375,0.10000000000000009,0.7124999999999999,-0.32499999999999996,0.1,0.25
-1079.9249999999884,218.1875,4147.850000000006,58.91250000000582,-3758.8624999999884,-3217.2750000000233,597.4499999999971,249.58749999999418,110.19999999999709,6866.924999999988,0.4500000000000002,-0.25,0.6375000000000028,0.9124999999999996,0.6749999999999998,-0.13749999999998863,0.3625,0.10000000000000009,-0.2875000000000001,0.675,0.1,0.25
-818.9249999999884,61.1875,4138.850000000006,-24.08749999999418,-3598.8624999999884,-3010.2750000000233,786.4499999999971,498.5874999999942,-59.80000000000291,6861.924999999988,-0.5499999999999998,-0.25,0.6375000000000028,-0.08750000000000036,-0.3250000000000002,-0.13749999999998863,-0.6375,0.10000000000000009,-0.2875000000000001,-0.32499999999999996,-0.9,0.25
-721.9249999999884,-121.8125,4204.850000000006,-199.08749999999418,-3467.8624999999884,-3120.2750000000233,371.4499999999971,37.58749999999418,-1.8000000000029104,7085.924999999988,-0.5499999999999998,-0.25,-0.36249999999999716,0.9124999999999996,-0.3250000000000002,0.8625000000000114,0.3625,0.10000000000000009,-0.2875000000000001,-0.32499999999999996,0.1,0.25
-977.9249999999884,48.1875,4219.850000000006,-269.0874999999942,-3521.8624999999884,-3328.2750000000233,-114.55000000000291,249.58749999999418,24.19999999999709,7024.924999999988,0.4500000000000002,-0.25,-1.3624999999999972,-0.08750000000000036,-0.3250000000000002,-0.13749999999998863,-0.6375,-0.8999999999999999,0.7124999999999999,-0.32499999999999996,1.1,0.25
-960.9249999999884,151.1875,4165.850000000006,-436.0874999999942,-3399.8624999999884,-3255.2750000000233,-7.55000000000291,202.58749999999418,87.19999999999709,6862.924999999988,-0.5499999999999998,-0.25,0.6375000000000028,-0.08750000000000036,-0.3250000000000002,-0.13749999999998863,0.3625,-0.8999999999999999,0.7124999999999999,-0.32499999999999996,0.1,0.25
-792.9249999999884,18.1875,4026.850000000006,-456.0874999999942,-3282.8624999999884,-3075.2750000000233,-400.5500000000029,215.58749999999418,221.1999999999971,6961.924999999988,-0.5499999999999998,-0.25,-0.36249999999999716,-0.08750000000000036,-0.3250000000000002,-0.13749999999998863,-0.6375,-0.8999999999999999,0.7124999999999999,0.675,0.1,1.25
-780.9249999999884,-34.8125,4067.850000000006,-382.0874999999942,-3502.8624999999884,-3122.2750000000233,-504.5500000000029,313.5874999999942,152.1999999999971,6809.924999999988,0.4500000000000002,-0.25,-0.36249999999999716,-0.08750000000000036,-0.3250000000000002,-1.1374999999999886,0.3625,-0.8999999999999999,-0.2875000000000001,-0.32499999999999996,0.1,0.25
-856.9249999999884,151.1875,4031.850000000006,-347.0874999999942,-3626.8624999999884,-3370.2750000000233,622.4499999999971,228.58749999999418,134.1999999999971,6897.924999999988,-0.5499999999999998,-0.25,0.6375000000000028,-0.08750000000000036,-1.3250000000000002,-0.13749999999998863,-0.6375,0.10000000000000009,-0.2875000000000001,-0.32499999999999996,-0.9,0.25
-859.9249999999884,97.1875,4114.850000000006,-202.08749999999418,-3574.8624999999884,-3378.2750000000233,1046.449999999997,283.5874999999942,180.1999999999971,6834.924999999988,-0.5499999999999998,-0.25,0.6375000000000028,-0.08750000000000036,-0.3250000000000002,-1.1374999999999886,0.3625,0.10000000000000009,-0.2875000000000001,0.675,0.1,0.25
-1033.9249999999884,-110.8125,4109.850000000006,-192.08749999999418,-3670.8624999999884,-3334.2750000000233,348.4499999999971,319.5874999999942,197.1999999999971,6802.924999999988,0.4500000000000002,-0.25,0.6375000000000028,-0.08750000000000036,-0.3250000000000002,-0.13749999999998863,0.3625,0.10000000000000009,-0.2875000000000001,0.675,-0.9,-0.75
-912.9249999999884,-99.8125,4225.850000000006,-362.0874999999942,-3554.8624999999884,-3432.2750000000233,-369.5500000000029,277.5874999999942,96.19999999999709,6948.924999999988,0.4500000000000002,-0.25,0.6375000000000028,-0.08750000000000036,-0.3250000000000002,0.8625000000000114,-0.6375,0.10000000000000009,-0.2875000000000001,0.675,-0.9,-0.75
-878.9249999999884,192.1875,4155.850000000006,-197.08749999999418,-3638.8624999999884,-3321.2750000000233,163.4499999999971,192.58749999999418,172.1999999999971,7109.924999999988,-0.5499999999999998,-0.25,-1.3624999999999972,-0.08750000000000036,0.6749999999999998,0.8625000000000114,0.3625,0.10000000000000009,-0.2875000000000001,0.675,0.1,0.25
-875.9249999999884,413.1875,4131.850000000006,-157.08749999999418,-3727.8624999999884,-3271.2750000000233,855.4499999999971,305.5874999999942,212.1999999999971,7040.924999999988,-0.5499999999999998,-0.25,0.6375000000000028,-0.08750000000000036,0.6749999999999998,-0.13749999999998863,0.3625,0.10000000000000009,-0.2875000000000001,0.675,0.1,0.25
-1109.9249999999884,241.1875,4069.850000000006,-305.0874999999942,-3801.8624999999884,-3214.2750000000233,-303.5500000000029,283.5874999999942,152.1999999999971,7000.924999999988,-0.5499999999999998,-0.25,-0.36249999999999716,-0.08750000000000036,-0.3250000000000002,-0.13749999999998863,0.3625,0.10000000000000009,-1.2875,0.675,0.1,0.25
-1131.9249999999884,173.1875,4113.850000000006,-460.0874999999942,-3838.8624999999884,-3019.2750000000233,-794.5500000000029,206.58749999999418,199.1999999999971,6949.924999999988,1.4500000000000002,-0.25,-0.36249999999999716,-0.08750000000000036,0.6749999999999998,-1.1374999999999886,0.3625,0.10000000000000009,-0.2875000000000001,-0.32499999999999996,0.1,1.25
-957.9249999999884,148.1875,4080.850000000006,-465.0874999999942,-3721.8624999999884,-2960.2750000000233,-16.55000000000291,179.58749999999418,131.1999999999971,7066.924999999988,0.4500000000000002,0.75,-0.36249999999999716,-0.08750000000000036,-0.3250000000000002,-1.1374999999999886,-0.6375,-0.8999999999999999,0.7124999999999999,0.675,-0.9,1.25
-789.9249999999884,-193.8125,4152.850000000006,-561.0874999999942,-4203.862499999988,-3106.2750000000233,-51.55000000000291,24.58749999999418,128.1999999999971,7246.924999999988,0.4500000000000002,-0.25,-0.36249999999999716,-0.08750000000000036,0.6749999999999998,-0.13749999999998863,0.3625,0.10000000000000009,0.7124999999999999,-0.32499999999999996,0.1,0.25
-1099.9249999999884,-528.8125,4084.850000000006,-715.0874999999942,-4247.862499999988,-2761.2750000000233,-348.5500000000029,36.58749999999418,129.1999999999971,7406.924999999988,0.4500000000000002,-0.25,-0.36249999999999716,-0.08750000000000036,-0.3250000000000002,-0.13749999999998863,0.3625,0.10000000000000009,-0.2875000000000001,0.675,0.1,-0.75
-935.9249999999884,-50.8125,4173.850000000006,-497.0874999999942,-3801.8624999999884,-2864.2750000000233,-130.5500000000029,211.58749999999418,-126.80000000000291,7087.924999999988,0.4500000000000002,-0.25,-0.36249999999999716,0.9124999999999996,-0.3250000000000002,0.8625000000000114,0.3625,0.10000000000000009,0.7124999999999999,0.675,0.1,-0.75
-889.9249999999884,46.1875,4125.850000000006,-515.0874999999942,-3735.8624999999884,-2909.2750000000233,-68.55000000000291,287.5874999999942,-163.8000000000029,7035.924999999988,-0.5499999999999998,-0.25,-0.36249999999999716,-0.08750000000000036,0.6749999999999998,-0.13749999999998863,0.3625,0.10000000000000009,-0.2875000000000001,0.675,-0.9,0.25
-962.9249999999884,188.1875,4139.850000000006,-580.0874999999942,-3682.8624999999884,-2988.2750000000233,-135.5500000000029,422.5874999999942,-207.8000000000029,7080.924999999988,0.4500000000000002,-0.25,-0.36249999999999716,-0.08750000000000036,0.6749999999999998,-0.13749999999998863,0.3625,0.10000000000000009,-0.2875000000000001,-0.32499999999999996,-0.9,0.25
-907.9249999999884,116.1875,4189.850000000006,-618.0874999999942,-3849.8624999999884,-3109.2750000000233,247.4499999999971,141.58749999999418,-293.8000000000029,6975.924999999988,0.4500000000000002,-0.25,-0.36249999999999716,0.9124999999999996,-0.3250000000000002,-0.13749999999998863,0.3625,0.10000000000000009,-0.2875000000000001,0.675,0.1,-0.75
-913.9249999999884,276.1875,4154.850000000006,-567.0874999999942,-3703.8624999999884,-3151.2750000000233,53.44999999999709,45.58749999999418,-324.8000000000029,7280.924999999988,0.4500000000000002,-0.25,-0.36249999999999716,-0.08750000000000036,0.6749999999999998,-0.13749999999998863,0.3625,0.10000000000000009,-0.2875000000000001,-0.32499999999999996,0.1,0.25
-929.9249999999884,58.1875,4071.850000000006,-508.0874999999942,-3579.8624999999884,-2996.2750000000233,-118.55000000000291,125.58749999999418,-352.8000000000029,7293.924999999988,0.4500000000000002,-0.25,0.6375000000000028,-0.08750000000000036,-0.3250000000000002,-0.13749999999998863,-0.6375,0.10000000000000009,0.7124999999999999,0.675,0.1,-0.75
-898.9249999999884,-27.8125,4200.850000000006,-656.0874999999942,-3559.8624999999884,-3220.2750000000233,205.4499999999971,157.58749999999418,-357.8000000000029,6903.924999999988,0.4500000000000002,0.75,-1.3624999999999972,-0.08750000000000036,0.6749999999999998,-0.13749999999998863,0.3625,0.10000000000000009,0.7124999999999999,-0.32499999999999996,-0.9,0.25
-952.9249999999884,70.1875,4212.850000000006,-419.0874999999942,-3691.8624999999884,-3118.2750000000233,641.4499999999971,176.58749999999418,-295.8000000000029,7187.924999999988,-0.5499999999999998,0.75,0.6375000000000028,0.9124999999999996,0.6749999999999998,-0.13749999999998863,-0.6375,0.10000000000000009,0.7124999999999999,0.675,0.1,0.25
-852.9249999999884,-24.8125,4187.850000000006,-324.0874999999942,-3880.8624999999884,-3276.2750000000233,279.4499999999971,350.5874999999942,-333.8000000000029,7304.924999999988,-0.5499999999999998,-0.25,-0.36249999999999716,-0.08750000000000036,0.6749999999999998,-0.13749999999998863,0.3625,-0.8999999999999999,-0.2875000000000001,-0.32499999999999996,0.1,0.25
-942.9249999999884,-126.8125,4192.850000000006,-382.0874999999942,-3791.8624999999884,-3125.2750000000233,-318.5500000000029,290.5874999999942,-276.8000000000029,6917.924999999988,0.4500000000000002,-0.25,-0.36249999999999716,-0.08750000000000036,0.6749999999999998,0.8625000000000114,-0.6375,0.10000000000000009,0.7124999999999999,0.675,0.1,0.25
-1002.9249999999884,82.1875,4147.850000000006,-456.0874999999942,-3547.8624999999884,-3162.2750000000233,-409.5500000000029,210.58749999999418,-237.8000000000029,6921.924999999988,-0.5499999999999998,-0.25,-0.36249999999999716,-0.08750000000000036,-0.3250000000000002,-0.13749999999998863,0.3625,0.10000000000000009,0.7124999999999999,0.675,-0.9,-1.75
-1000.9249999999884,146.1875,4081.850000000006,-470.0874999999942,-3484.8624999999884,-3334.2750000000233,-139.5500000000029,194.58749999999418,-24.80000000000291,6966.924999999988,-0.5499999999999998,-0.25,-1.3624999999999972,-0.08750000000000036,-0.3250000000000002,-0.13749999999998863,0.3625,-0.8999999999999999,-0.2875000000000001,-0.32499999999999996,0.1,0.25
-833.9249999999884,122.1875,3889.850000000006,-325.0874999999942,-3646.8624999999884,-3244.2750000000233,102.44999999999709,212.58749999999418,42.19999999999709,6861.924999999988,-0.5499999999999998,-0.25,-0.36249999999999716,-0.08750000000000036,0.6749999999999998,-1.1374999999999886,0.3625,0.10000000000000009,0.7124999999999999,-0.32499999999999996,0.1,-0.75
-826.9249999999884,127.1875,3982.850000000006,-256.0874999999942,-3620.8624999999884,-3294.2750000000233,-23.55000000000291,169.58749999999418,-24.80000000000291,7004.924999999988,-0.5499999999999998,-0.25,-1.3624999999999972,-0.08750000000000036,0.6749999999999998,-1.1374999999999886,0.3625,-0.8999999999999999,0.7124999999999999,0.675,0.1,0.25
-963.9249999999884,339.1875,4278.850000000006,-218.08749999999418,-3491.8624999999884,-3337.2750000000233,163.4499999999971,206.58749999999418,-79.80000000000291,6940.924999999988,-0.5499999999999998,0.75,0.6375000000000028,-0.08750000000000036,0.6749999999999998,-0.13749999999998863,-0.6375,0.10000000000000009,-0.2875000000000001,-0.32499999999999996,0.1,-0.75
-1007.9249999999884,387.1875,4295.850000000006,-335.0874999999942,-3606.8624999999884,-3290.2750000000233,-106.55000000000291,166.58749999999418,-9.80000000000291,6970.924999999988,1.4500000000000002,0.75,0.6375000000000028,-0.08750000000000036,-0.3250000000000002,0.8625000000000114,0.3625,0.10000000000000009,0.7124999999999999,-0.32499999999999996,0.1,0.25
-1010.9249999999884,75.1875,4156.850000000006,-295.0874999999942,-3556.8624999999884,-3207.2750000000233,-387.5500000000029,190.58749999999418,-184.8000000000029,7001.924999999988,-0.5499999999999998,-0.25,-0.36249999999999716,-0.08750000000000036,-0.3250000000000002,0.8625000000000114,0.3625,0.10000000000000009,-1.2875,-0.32499999999999996,0.1,1.25
-831.9249999999884,-189.8125,4125.850000000006,-272.0874999999942,-3485.8624999999884,-3004.2750000000233,-938.5500000000029,182.58749999999418,-347.8000000000029,6973.924999999988,0.4500000000000002,-0.25,-0.36249999999999716,-0.08750000000000036,-0.3250000000000002,-0.13749999999998863,0.3625,-0.8999999999999999,-0.2875000000000001,0.675,-0.9,0.25
-583.9249999999884,-336.8125,4305.850000000006,-283.0874999999942,-3613.8624999999884,-3053.2750000000233,-327.5500000000029,99.58749999999418,-384.8000000000029,7067.924999999988,-0.5499999999999998,-0.25,-1.3624999999999972,-0.08750000000000036,-0.3250000000000002,-0.13749999999998863,0.3625,0.10000000000000009,-0.2875000000000001,-0.32499999999999996,0.1,0.25
-853.9249999999884,-105.8125,4310.850000000006,-641.0874999999942,-3686.8624999999884,-3040.2750000000233,697.4499999999971,93.58749999999418,-408.8000000000029,6891.924999999988,0.4500000000000002,-0.25,-0.36249999999999716,-0.08750000000000036,-0.3250000000000002,-0.13749999999998863,-0.6375,0.10000000000000009,-0.2875000000000001,-0.32499999999999996,0.1,0.25
-914.9249999999884,-113.8125,4117.850000000006,-658.0874999999942,-3672.8624999999884,-3105.2750000000233,115.44999999999709,28.58749999999418,-448.8000000000029,7026.924999999988,0.4500000000000002,-0.25,-0.36249999999999716,0.9124999999999996,-0.3250000000000002,-1.1374999999999886,-0.6375,0.10000000000000009,0.7124999999999999,0.675,0.1,0.25
-982.9249999999884,-171.8125,4175.850000000006,-552.0874999999942,-3730.8624999999884,-3096.2750000000233,405.4499999999971,43.58749999999418,-333.8000000000029,7260.924999999988,0.4500000000000002,-0.25,0.6375000000000028,-0.08750000000000036,0.6749999999999998,-1.1374999999999886,-0.6375,0.10000000000000009,-0.2875000000000001,-0.32499999999999996,0.1,1.25
-898.9249999999884,-1.8125,3982.850000000006,-550.0874999999942,-3514.8624999999884,-3120.2750000000233,312.4499999999971,143.58749999999418,-307.8000000000029,7149.924999999988,0.4500000000000002,-0.25,0.6375000000000028,-0.08750000000000036,0.6749999999999998,-0.13749999999998863,0.3625,0.10000000000000009,-0.2875000000000001,0.675,0.1,-0.75
-1013.9249999999884,-1.8125,4139.850000000006,-600.0874999999942,-3414.8624999999884,-2978.2750000000233,17.44999999999709,260.5874999999942,-420.8000000000029,6975.924999999988,0.4500000000000002,-0.25,0.6375000000000028,-0.08750000000000036,0.6749999999999998,0.8625000000000114,0.3625,0.10000000000000009,-0.2875000000000001,0.675,-0.9,-0.75
-1065.9249999999884,25.1875,4290.850000000006,-727.0874999999942,-3580.8624999999884,-3107.2750000000233,58.44999999999709,232.58749999999418,-336.8000000000029,7013.924999999988,0.4500000000000002,-0.25,0.6375000000000028,-0.08750000000000036,0.6749999999999998,-0.13749999999998863,0.3625,-0.8999999999999999,-1.2875,0.675,-0.9,0.25
-908.9249999999884,-118.8125,4097.850000000006,-535.0874999999942,-3921.8624999999884,-3285.2750000000233,362.4499999999971,-127.41250000000582,-115.80000000000291,7487.924999999988,-0.5499999999999998,-0.25,0.6375000000000028,0.9124999999999996,-0.3250000000000002,-0.13749999999998863,-0.6375,0.10000000000000009,-1.2875,0.675,0.1,0.25
-1024.9249999999884,426.1875,4005.850000000006,-507.0874999999942,-3599.8624999999884,-3006.2750000000233,24.44999999999709,409.5874999999942,165.1999999999971,7262.924999999988,-0.5499999999999998,0.75,-0.36249999999999716,-0.08750000000000036,-0.3250000000000002,-0.13749999999998863,0.3625,0.10000000000000009,0.7124999999999999,-0.32499999999999996,0.1,-0.75
-860.9249999999884,258.1875,4104.850000000006,-465.0874999999942,-3597.8624999999884,-3173.2750000000233,110.44999999999709,260.5874999999942,34.19999999999709,7048.924999999988,0.4500000000000002,-0.25,-0.36249999999999716,-0.08750000000000036,-0.3250000000000002,-0.13749999999998863,-0.6375,0.10000000000000009,-0.2875000000000001,-0.32499999999999996,0.1,2.25
-981.9249999999884,104.1875,4230.850000000006,-429.0874999999942,-3685.8624999999884,-3464.2750000000233,4.44999999999709,270.5874999999942,20.19999999999709,6828.924999999988,0.4500000000000002,0.75,0.6375000000000028,-0.08750000000000036,0.6749999999999998,0.8625000000000114,0.3625,-0.8999999999999999,-0.2875000000000001,-0.32499999999999996,-0.9,0.25
-1126.9249999999884,313.1875,4164.850000000006,-476.0874999999942,-3652.8624999999884,-3253.2750000000233,-119.55000000000291,248.58749999999418,172.1999999999971,6897.924999999988,-0.5499999999999998,-0.25,-1.3624999999999972,-0.08750000000000036,0.6749999999999998,-0.13749999999998863,0.3625,0.10000000000000009,-0.2875000000000001,-0.32499999999999996,-0.9,0.25
-1169.9249999999884,-222.8125,4261.850000000006,-471.0874999999942,-3496.8624999999884,-3500.2750000000233,-37.55000000000291,214.58749999999418,247.1999999999971,7213.924999999988,-0.5499999999999998,-0.25,-0.36249999999999716,-0.08750000000000036,0.6749999999999998,-0.13749999999998863,0.3625,0.10000000000000009,0.7124999999999999,-0.32499999999999996,0.1,-0.75
-1145.9249999999884,116.1875,4311.850000000006,-431.0874999999942,-3461.8624999999884,-3332.2750000000233,197.4499999999971,254.58749999999418,285.1999999999971,6932.924999999988,0.4500000000000002,-0.25,-0.36249999999999716,-0.08750000000000036,-0.3250000000000002,-0.13749999999998863,-0.6375,0.10000000000000009,-1.2875,-0.32499999999999996,0.1,-0.75
-995.9249999999884,38.1875,4185.850000000006,-459.0874999999942,-3529.8624999999884,-3415.2750000000233,223.4499999999971,270.5874999999942,340.1999999999971,6804.924999999988,-0.5499999999999998,-0.25,0.6375000000000028,-0.08750000000000036,-0.3250000000000002,-1.1374999999999886,0.3625,0.10000000000000009,-0.2875000000000001,-0.32499999999999996,0.1,-0.75
-980.9249999999884,-67.8125,4273.850000000006,-460.0874999999942,-3467.8624999999884,-3452.2750000000233,319.4499999999971,23.58749999999418,181.1999999999971,6745.924999999988,0.4500000000000002,0.75,0.6375000000000028,-1.0875000000000004,-1.3250000000000002,-0.13749999999998863,-1.6375,0.10000000000000009,0.7124999999999999,-0.32499999999999996,0.1,0.25
-971.9249999999884,-42.8125,4104.850000000006,-279.0874999999942,-3483.8624999999884,-3396.2750000000233,12.44999999999709,134.58749999999418,33.19999999999709,6765.924999999988,0.4500000000000002,-0.25,1.6375000000000028,-0.08750000000000036,-0.3250000000000002,-0.13749999999998863,-0.6375,0.10000000000000009,-0.2875000000000001,0.675,0.1,0.25
-931.9249999999884,-127.8125,3901.850000000006,-477.0874999999942,-3355.8624999999884,-3718.2750000000233,-796.5500000000029,44.58749999999418,-95.80000000000291,6985.924999999988,0.4500000000000002,-0.25,-0.36249999999999716,-0.08750000000000036,0.6749999999999998,-0.13749999999998863,0.3625,0.10000000000000009,-0.2875000000000001,-0.32499999999999996,0.1,1.25
-1114.9249999999884,-65.8125,4139.850000000006,-129.08749999999418,-3616.8624999999884,-3320.2750000000233,396.4499999999971,462.5874999999942,96.19999999999709,6892.924999999988,0.4500000000000002,-0.25,-0.36249999999999716,0.9124999999999996,-0.3250000000000002,0.8625000000000114,-0.6375,0.10000000000000009,-1.2875,-0.32499999999999996,0.1,0.25
-1018.9249999999884,5.1875,4163.850000000006,-276.0874999999942,-3494.8624999999884,-3262.2750000000233,864.4499999999971,287.5874999999942,230.1999999999971,6900.924999999988,0.4500000000000002,0.75,-1.3624999999999972,-0.08750000000000036,-0.3250000000000002,-0.13749999999998863,0.3625,0.10000000000000009,-0.2875000000000001,0.675,0.1,-0.75
-930.9249999999884,331.1875,4168.850000000006,-345.0874999999942,-3406.8624999999884,-3310.2750000000233,706.4499999999971,320.5874999999942,195.1999999999971,6869.924999999988,0.4500000000000002,-0.25,-0.36249999999999716,-0.08750000000000036,-0.3250000000000002,-0.13749999999998863,-0.6375,0.10000000000000009,-0.2875000000000001,-0.32499999999999996,0.1,0.25
-888.9249999999884,147.1875,4065.850000000006,-316.0874999999942,-3314.8624999999884,-3521.2750000000233,252.4499999999971,181.58749999999418,65.19999999999709,6929.924999999988,0.4500000000000002,0.75,1.6375000000000028,0.9124999999999996,-0.3250000000000002,-0.13749999999998863,-0.6375,0.10000000000000009,-0.2875000000000001,-0.32499999999999996,0.1,-0.75
-990.9249999999884,11.1875,4059.850000000006,-305.0874999999942,-3326.8624999999884,-3375.2750000000233,303.4499999999971,133.58749999999418,107.19999999999709,6946.924999999988,-0.5499999999999998,-0.25,1.6375000000000028,0.9124999999999996,-1.3250000000000002,-0.13749999999998863,-0.6375,0.10000000000000009,0.7124999999999999,-0.32499999999999996,0.1,0.25
-928.9249999999884,146.1875,4073.850000000006,-196.08749999999418,-3440.8624999999884,-3304.2750000000233,-64.55000000000291,91.58749999999418,47.19999999999709,6922.924999999988,-0.5499999999999998,0.75,-0.36249999999999716,0.9124999999999996,-0.3250000000000002,-1.1374999999999886,0.3625,1.1,-0.2875000000000001,-0.32499999999999996,0.1,1.25
-987.9249999999884,246.1875,4212.850000000006,90.91250000000582,-3641.8624999999884,-3361.2750000000233,-365.5500000000029,183.58749999999418,-93.80000000000291,6834.924999999988,0.4500000000000002,-0.25,-0.36249999999999716,-0.08750000000000036,0.6749999999999998,0.8625000000000114,0.3625,0.10000000000000009,-0.2875000000000001,0.675,-0.9,0.25
-1126.9249999999884,240.1875,4171.850000000006,-2.0874999999941792,-3559.8624999999884,-3403.2750000000233,83.44999999999709,384.5874999999942,232.1999999999971,6954.924999999988,-0.5499999999999998,-0.25,-0.36249999999999716,-0.08750000000000036,1.6749999999999998,-0.13749999999998863,0.3625,0.10000000000000009,0.7124999999999999,0.675,0.1,0.25
-1054.9249999999884,573.1875,4224.850000000006,-4.087499999994179,-3429.8624999999884,-3429.2750000000233,-73.55000000000291,255.58749999999418,221.1999999999971,6884.924999999988,-0.5499999999999998,0.75,-0.36249999999999716,-0.08750000000000036,-0.3250000000000002,-0.13749999999998863,0.3625,0.10000000000000009,0.7124999999999999,0.675,0.1,-0.75
-1117.9249999999884,71.1875,4217.850000000006,-2.0874999999941792,-3279.8624999999884,-3406.2750000000233,-240.5500000000029,376.5874999999942,234.1999999999971,6929.924999999988,0.4500000000000002,-0.25,0.6375000000000028,0.9124999999999996,0.6749999999999998,-0.13749999999998863,0.3625,0.10000000000000009,-0.2875000000000001,0.675,0.1,1.25
-1033.9249999999884,168.1875,4139.850000000006,-158.08749999999418,-3391.8624999999884,-3509.2750000000233,-111.55000000000291,413.5874999999942,257.1999999999971,7063.924999999988,0.4500000000000002,0.75,-0.36249999999999716,-0.08750000000000036,0.6749999999999998,1.8625000000000114,0.3625,0.10000000000000009,-0.2875000000000001,0.675,0.1,1.25
-1173.9249999999884,321.1875,4016.850000000006,-68.08749999999418,-3205.8624999999884,-3264.2750000000233,373.4499999999971,472.5874999999942,369.1999999999971,7036.924999999988,0.4500000000000002,-0.25,-0.36249999999999716,0.9124999999999996,0.6749999999999998,-2.1374999999999886,-0.6375,-0.8999999999999999,-0.2875000000000001,0.675,0.1,-0.75
-704.9249999999884,-94.8125,4040.850000000006,-443.0874999999942,-3336.8624999999884,-3158.2750000000233,810.4499999999971,541.5874999999942,209.1999999999971,6723.924999999988,-0.5499999999999998,0.75,0.6375000000000028,-0.08750000000000036,-1.3250000000000002,-1.1374999999999886,0.3625,0.10000000000000009,0.7124999999999999,0.675,-0.9,0.25
-329.92499999998836,-588.8125,4050.850000000006,-493.0874999999942,-3638.8624999999884,-3292.2750000000233,52.44999999999709,409.5874999999942,-144.8000000000029,6394.924999999988,-0.5499999999999998,-0.25,-1.3624999999999972,-0.08750000000000036,0.6749999999999998,1.8625000000000114,0.3625,0.10000000000000009,0.7124999999999999,-0.32499999999999996,-0.9,-1.75
-761.9249999999884,-72.8125,4112.850000000006,-143.08749999999418,-3597.8624999999884,-3552.2750000000233,-109.55000000000291,304.5874999999942,145.1999999999971,6466.924999999988,-0.5499999999999998,0.75,1.6375000000000028,-1.0875000000000004,-1.3250000000000002,2.8625000000000114,0.3625,0.10000000000000009,1.7125,-0.32499999999999996,0.1,-0.75
-1507.9249999999884,747.1875,4113.850000000006,362.9125000000058,-3225.8624999999884,-4122.275000000023,917.4499999999971,232.58749999999418,375.1999999999971,7016.924999999988,-1.5499999999999998,0.75,0.6375000000000028,-1.0875000000000004,0.6749999999999998,-1.1374999999999886,0.3625,0.10000000000000009,0.7124999999999999,0.675,0.1,0.25
-1319.9249999999884,357.1875,3838.850000000006,157.91250000000582,-3604.8624999999884,-3711.2750000000233,1363.449999999997,247.58749999999418,266.1999999999971,7209.924999999988,0.4500000000000002,-0.25,-0.36249999999999716,-0.08750000000000036,0.6749999999999998,-0.13749999999998863,-0.6375,0.10000000000000009,-0.2875000000000001,-0.32499999999999996,0.1,-0.75
-660.9249999999884,-76.8125,3892.850000000006,-334.0874999999942,-3589.8624999999884,-3411.2750000000233,-491.5500000000029,433.5874999999942,-58.80000000000291,7152.924999999988,0.4500000000000002,-1.25,-1.3624999999999972,0.9124999999999996,0.6749999999999998,1.8625000000000114,0.3625,0.10000000000000009,-0.2875000000000001,-0.32499999999999996,-1.9,0.25
-1147.9249999999884,279.1875,4027.850000000006,-144.08749999999418,-3115.8624999999884,-3759.2750000000233,-650.5500000000029,397.5874999999942,509.1999999999971,7588.924999999988,-1.5499999999999998,-0.25,-0.36249999999999716,-1.0875000000000004,-0.3250000000000002,-0.13749999999998863,0.3625,0.10000000000000009,-0.2875000000000001,-0.32499999999999996,-0.9,-0.75
-533.9249999999884,384.1875,4005.850000000006,-379.0874999999942,-3482.8624999999884,-3228.2750000000233,-375.5500000000029,404.5874999999942,-8.80000000000291,6887.924999999988,0.4500000000000002,-0.25,0.6375000000000028,-0.08750000000000036,-0.3250000000000002,0.8625000000000114,0.3625,-0.8999999999999999,0.7124999999999999,-0.32499999999999996,0.1,0.25
-592.9249999999884,-476.8125,3933.850000000006,-165.08749999999418,-3771.8624999999884,-3526.2750000000233,791.4499999999971,374.5874999999942,295.1999999999971,6925.924999999988,2.45,-0.25,2.637500000000003,-0.08750000000000036,0.6749999999999998,3.8625000000000114,0.3625,-0.8999999999999999,-0.2875000000000001,0.675,1.1,1.25
-1659.9249999999884,922.1875,4162.850000000006,866.9125000000058,-3247.8624999999884,-4191.275000000023,1311.449999999997,241.58749999999418,672.1999999999971,7621.924999999988,0.4500000000000002,-1.25,-1.3624999999999972,1.9124999999999996,1.6749999999999998,-2.1374999999999886,0.3625,-0.8999999999999999,-0.2875000000000001,1.675,0.1,-1.75
-1689.9249999999884,118.1875,4532.850000000006,609.9125000000058,-3585.8624999999884,-3922.2750000000233,1270.449999999997,481.5874999999942,846.1999999999971,8008.924999999988,1.4500000000000002,-0.25,-2.362499999999997,-0.08750000000000036,0.6749999999999998,1.8625000000000114,0.3625,0.10000000000000009,-0.2875000000000001,-0.32499999999999996,0.1,0.25
-38.92499999998836,-687.8125,4061.850000000006,-492.0874999999942,-4231.862499999988,-2619.2750000000233,-775.5500000000029,394.5874999999942,-334.8000000000029,6693.924999999988,-0.5499999999999998,0.75,3.637500000000003,-0.08750000000000036,0.6749999999999998,1.8625000000000114,0.3625,0.10000000000000009,0.7124999999999999,-0.32499999999999996,1.1,2.25
-483.92499999998836,427.1875,4357.850000000006,44.91250000000582,-3032.8624999999884,-3203.2750000000233,-383.5500000000029,166.58749999999418,881.1999999999971,7759.924999999988,0.4500000000000002,-1.25,0.6375000000000028,-0.08750000000000036,-0.3250000000000002,-0.13749999999998863,-0.6375,0.10000000000000009,-0.2875000000000001,-0.32499999999999996,0.1,1.25
-1894.9249999999884,942.1875,4433.850000000006,947.9125000000058,-2947.8624999999884,-3539.2750000000233,453.4499999999971,83.58749999999418,558.1999999999971,7463.924999999988,-0.5499999999999998,-0.25,-0.36249999999999716,-1.0875000000000004,-0.3250000000000002,-1.1374999999999886,0.3625,-0.8999999999999999,-0.2875000000000001,0.675,-1.9,2.25
-215.92499999998836,-421.8125,4060.850000000006,-317.0874999999942,-3833.8624999999884,-2778.2750000000233,-414.5500000000029,403.5874999999942,-156.8000000000029,6882.924999999988,0.4500000000000002,-0.25,-0.36249999999999716,-2.0875000000000004,-1.3250000000000002,2.8625000000000114,-0.6375,-0.8999999999999999,-0.2875000000000001,-0.32499999999999996,-1.9,-1.75
-1543.9249999999884,-77.8125,4137.850000000006,699.9125000000058,-3584.8624999999884,-3469.2750000000233,78.44999999999709,252.58749999999418,441.1999999999971,7429.924999999988,-0.5499999999999998,-1.25,0.6375000000000028,0.9124999999999996,0.6749999999999998,0.8625000000000114,0.3625,0.10000000000000009,-0.2875000000000001,0.675,0.1,-2.75
-1262.9249999999884,421.1875,4278.850000000006,329.9125000000058,-3432.8624999999884,-3339.2750000000233,233.4499999999971,61.58749999999418,547.1999999999971,7537.924999999988,-0.5499999999999998,-1.25,1.6375000000000028,0.9124999999999996,0.6749999999999998,-0.13749999999998863,0.3625,0.10000000000000009,0.7124999999999999,-0.32499999999999996,0.1,-0.75
-800.9249999999884,29.1875,4212.850000000006,236.91250000000582,-3400.8624999999884,-3210.2750000000233,35.44999999999709,130.58749999999418,41.19999999999709,7152.924999999988,-0.5499999999999998,0.75,-2.362499999999997,-0.08750000000000036,0.6749999999999998,1.8625000000000114,-0.6375,0.10000000000000009,-0.2875000000000001,1.675,0.1,1.25
-724.9249999999884,-174.8125,3855.850000000006,129.91250000000582,-3809.8624999999884,-3087.2750000000233,-438.5500000000029,36.58749999999418,-133.8000000000029,7459.924999999988,-2.55,-1.25,-1.3624999999999972,-6.0875,2.675,7.862500000000011,0.3625,0.10000000000000009,-0.2875000000000001,-1.325,4.1,-4.75
-882.9249999999884,239.1875,4018.850000000006,279.9125000000058,-3170.8624999999884,-2924.2750000000233,-71.55000000000291,-3.4125000000058208,168.1999999999971,7299.924999999988,0.4500000000000002,4.75,5.637500000000003,6.9125,5.675,-1.1374999999999886,-0.6375,0.10000000000000009,-0.2875000000000001,-0.32499999999999996,-0.9,6.25
-814.9249999999884,813.1875,4347.850000000006,25.91250000000582,-3605.8624999999884,-3931.2750000000233,62.44999999999709,163.58749999999418,-79.80000000000291,7330.924999999988,0.4500000000000002,-4.25,-1.3624999999999972,-2.0875000000000004,-2.325,6.862500000000011,0.3625,-0.8999999999999999,0.7124999999999999,-0.32499999999999996,1.1,-2.75
-1824.9249999999884,851.1875,4551.850000000006,803.9125000000058,-2861.8624999999884,-3918.2750000000233,851.4499999999971,51.58749999999418,1106.199999999997,8837.924999999988,-0.5499999999999998,-0.25,-3.362499999999997,-1.0875000000000004,-0.3250000000000002,0.8625000000000114,0.3625,0.10000000000000009,-0.2875000000000001,0.675,0.1,-0.75
-584.9249999999884,-36.8125,4268.850000000006,-97.08749999999418,-3785.8624999999884,-3136.2750000000233,850.4499999999971,313.5874999999942,462.1999999999971,7285.924999999988,-6.55,-5.25,-5.362499999999997,-12.0875,29.675,197.8625,0.3625,0.10000000000000009,0.7124999999999999,0.675,-2.9,0.25
-82.92499999998836,-633.8125,3889.850000000006,-568.0874999999942,-3832.8624999999884,4978.724999999977,40792.45,637.5874999999942,-730.8000000000029,6423.924999999988,0.4500000000000002,-14.25,0.6375000000000028,57.9125,59.675,-70.13749999999999,0.3625,-0.8999999999999999,-0.2875000000000001,-3.325,-7.9,1.25
-1527.9249999999884,-342.8125,3550.850000000006,-440.0874999999942,-1679.8624999999884,88675.72499999998,162365.45,390.5874999999942,-224.8000000000029,6531.924999999988,1.4500000000000002,-5.25,-4.362499999999997,-39.0875,-31.325,-46.13749999999999,-0.6375,1.1,-1.2875,-4.325,15.1,-11.75
-4581.924999999988,1522.1875,2095.850000000006,1510.9125000000058,1369.1375000000116,245517.72499999998,194520.45,-1763.4125000000058,2192.199999999997,10677.924999999988,7.45,3.75,2.637500000000003,-21.0875,-61.325,-41.13749999999999,0.3625,0.10000000000000009,0.7124999999999999,1.675,19.1,-2.75
-2868.9249999999884,-128.8125,47.85000000000582,375.9125000000058,1642.1375000000116,356123.725,245021.45,-914.4125000000058,-411.8000000000029,10143.924999999988,-0.5499999999999998,8.75,17.637500000000003,-29.0875,20.675,16.86250000000001,0.3625,0.10000000000000009,0.7124999999999999,4.675,-1.9,-5.75
-2206.9249999999884,-268.8125,268.8500000000058,-616.0874999999942,1046.1375000000116,216106.72499999998,205009.45,193.58749999999418,201.1999999999971,9660.924999999988,-10.55,0.75,56.6375,14.9125,-2.325,-18.13749999999999,-0.6375,-0.8999999999999999,-1.2875,3.675,-15.9,-6.75
91.07500000001164,6333.1875,1286.8500000000058,464.9125000000058,-202.86249999998836,103643.72499999998,164645.45,455.5874999999942,-392.8000000000029,8276.924999999988,4.45,4.75,-15.362499999999997,-1.0875000000000004,-3.325,18.86250000000001,0.3625,0.10000000000000009,-0.2875000000000001,0.675,-3.9,-14.75
12452.075000000012,55627.1875,3261.850000000006,170.91250000000582,-246.86249999998836,88194.72499999998,148176.45,-492.4125000000058,330.1999999999971,9512.924999999988,-14.55,-13.25,38.6375,-0.08750000000000036,3.675,3.8625000000000114,0.3625,0.10000000000000009,-0.2875000000000001,3.675,3.1,2.25
22121.07500000001,107088.1875,5076.850000000006,-778.0874999999942,-1101.8624999999884,76591.72499999998,154928.45,-197.41250000000582,-740.8000000000029,7174.924999999988,11.45,-0.25,-15.362499999999997,-7.0875,16.675,14.862500000000011,-0.6375,0.10000000000000009,-0.2875000000000001,2.675,9.1,11.25
21190.07500000001,90510.1875,5621.850000000006,84.91250000000582,665.1375000000116,59874.72499999998,146680.45,-22.41250000000582,424.1999999999971,6656.924999999988,1.4500000000000002,6.75,-11.362499999999997,13.9125,1.6749999999999998,-22.13749999999999,0.3625,0.10000000000000009,-1.2875,0.675,-1.9,4.25
13881.075000000012,48693.1875,3731.850000000006,890.9125000000058,1901.1375000000116,57090.72499999998,164598.45,699.5874999999942,1053.199999999997,8230.924999999988,-8.55,-6.25,7.637500000000003,-16.0875,-7.325,10.862500000000011,0.3625,0.10000000000000009,-0.2875000000000001,3.675,1.1,2.25
9518.075000000012,25025.1875,2864.850000000006,-413.0874999999942,1161.1375000000116,50510.72499999998,174996.45,1761.5874999999942,-20.80000000000291,7180.924999999988,-1.5499999999999998,-2.25,9.637500000000003,15.9125,4.675,-15.137499999999989,0.3625,0.10000000000000009,0.7124999999999999,-2.325,3.1,0.25
10655.075000000012,30374.1875,3013.850000000006,-414.0874999999942,1407.1375000000116,41595.72499999998,183440.45,3113.587499999994,134.1999999999971,7404.924999999988,11.45,2.75,-12.362499999999997,12.9125,-10.325,-16.13749999999999,-0.6375,1.1,-0.2875000000000001,2.675,6.1,3.25
19057.07500000001,55378.1875,4185.850000000006,672.9125000000058,1323.1375000000116,36171.72499999998,187164.45,2860.587499999994,725.1999999999971,7806.924999999988,-6.55,-9.25,22.637500000000003,-16.0875,1.6749999999999998,9.862500000000011,0.3625,-0.8999999999999999,0.7124999999999999,0.675,3.1,-2.75
19492.07500000001,72254.1875,4260.850000000006,223.91250000000582,1333.1375000000116,34765.72499999998,185673.45,2630.587499999994,678.1999999999971,8526.924999999988,-3.55,-12.25,7.637500000000003,17.9125,11.675,-12.137499999999989,-0.6375,0.10000000000000009,-1.2875,1.675,-4.9,0.25
22772.07500000001,85737.1875,4637.850000000006,-483.0874999999942,-4.8624999999883585,27966.724999999977,179033.45,2266.587499999994,-581.8000000000029,6179.924999999988,-4.55,1.75,8.637500000000003,-13.0875,2.675,6.862500000000011,-0.6375,0.10000000000000009,-0.2875000000000001,-0.32499999999999996,0.1,-0.75
22968.07500000001,76872.1875,4047.850000000006,169.91250000000582,988.1375000000116,22334.724999999977,168457.45,746.5874999999942,118.19999999999709,6989.924999999988,0.4500000000000002,-0.25,6.637500000000003,-11.0875,-1.3250000000000002,4.862500000000011,0.3625,-0.8999999999999999,0.7124999999999999,-1.325,0.1,1.25
18342.07500000001,64585.1875,3925.850000000006,436.9125000000058,1153.1375000000116,9379.724999999977,159674.45,1780.5874999999942,935.1999999999971,7108.924999999988,1.4500000000000002,-1.25,-4.362499999999997,0.9124999999999996,5.675,-4.137499999999989,-0.6375,1.1,-1.2875,-2.325,1.1,-1.75
22120.07500000001,55699.1875,3358.850000000006,-369.0874999999942,890.1375000000116,1532.7249999999767,165573.45,1464.5874999999942,-248.8000000000029,6018.924999999988,-5.55,1.75,12.637500000000003,-1.0875000000000004,-3.325,8.862500000000011,0.3625,-0.8999999999999999,0.7124999999999999,-0.32499999999999996,-3.9,2.25
19237.07500000001,53606.1875,3013.850000000006,-450.0874999999942,812.1375000000116,-6633.275000000023,185991.45,2301.587499999994,-42.80000000000291,6650.924999999988,7.45,23.75,-92.3625,2.9124999999999996,2.675,-16.13749999999999,0.3625,0.10000000000000009,0.7124999999999999,-0.32499999999999996,-1.9,7.25
15135.075000000012,46315.1875,3423.850000000006,784.9125000000058,1488.1375000000116,-13163.275000000023,180649.45,1664.5874999999942,433.1999999999971,7373.924999999988,-45.55,-20.25,-2.362499999999997,-13.0875,-7.325,-0.13749999999998863,-0.6375,-0.8999999999999999,-0.2875000000000001,-2.325,-10.9,-2.75
2359.0750000000116,55095.1875,2744.850000000006,-222.08749999999418,1156.1375000000116,-11012.275000000023,179399.45,1654.5874999999942,529.1999999999971,7709.924999999988,-6.55,-19.25,9.637500000000003,3.9124999999999996,5.675,-17.13749999999999,-0.6375,0.10000000000000009,-1.2875,-7.325,-2.9,2.25
-42499.92499999999,81882.1875,5441.850000000006,153.91250000000582,400.13750000001164,-20911.275000000023,181188.45,636.5874999999942,1382.199999999997,5690.924999999988,16.45,-3.25,-44.3625,3.9124999999999996,1.6749999999999998,-5.137499999999989,-0.6375,0.10000000000000009,-0.2875000000000001,-1.325,-0.9,3.25
-51511.92499999999,62257.1875,4641.850000000006,779.9125000000058,578.1375000000116,-28627.275000000023,186938.45,959.5874999999942,32.19999999999709,7499.924999999988,-4.55,6.75,0.6375000000000028,-11.0875,4.675,-9.137499999999989,0.3625,-0.8999999999999999,-0.2875000000000001,-1.325,-1.9,2.25
-53701.92499999999,50851.1875,3760.850000000006,193.91250000000582,-703.8624999999884,-32655.275000000023,189826.45,1994.5874999999942,-318.8000000000029,6043.924999999988,0.4500000000000002,-11.25,13.637500000000003,3.9124999999999996,-7.325,-4.137499999999989,-0.6375,-0.8999999999999999,-0.2875000000000001,-1.325,-2.9,6.25
-59961.92499999999,64783.1875,5569.850000000006,1277.9125000000058,1773.1375000000116,-44825.27500000002,201553.45,885.5874999999942,1345.199999999997,9348.924999999988,-12.55,-4.25,22.637500000000003,-5.0875,2.675,-24.13749999999999,-0.6375,1.1,-0.2875000000000001,1.675,-2.9,-4.75
-61052.92499999999,111713.1875,6646.850000000006,-811.0874999999942,-451.86249999998836,-49454.27500000002,210064.45,1368.5874999999942,557.1999999999971,7136.924999999988,2.45,-2.25,-8.362499999999997,7.9125,-3.325,19.86250000000001,0.3625,0.10000000000000009,0.7124999999999999,-0.32499999999999996,-1.9,0.25
-61601.92499999999,91863.1875,6594.850000000006,92.91250000000582,-485.86249999998836,-45807.27500000002,176915.45,1832.5874999999942,962.1999999999971,5031.924999999988,-2.55,-10.25,4.637500000000003,-5.0875,14.675,0.8625000000000114,-0.6375,0.10000000000000009,-1.2875,-0.32499999999999996,3.1,0.25
-74392.92499999999,61034.1875,5759.850000000006,572.9125000000058,1610.1375000000116,-47683.27500000002,178131.45,909.5874999999942,370.1999999999971,7909.924999999988,19.45,-9.25,-34.3625,0.9124999999999996,2.675,-7.137499999999989,0.3625,0.10000000000000009,0.7124999999999999,0.675,0.1,3.25
-74672.92499999999,37323.1875,3532.850000000006,-532.0874999999942,1129.1375000000116,-53339.27500000002,169805.45,1060.5874999999942,-1124.800000000003,7081.924999999988,1.4500000000000002,19.75,-1.3624999999999972,8.9125,1.6749999999999998,-5.137499999999989,0.3625,0.10000000000000009,-0.2875000000000001,0.675,4.1,1.25
-84118.92499999999,67353.1875,3952.850000000006,-941.0874999999942,1607.1375000000116,-74194.27500000002,248078.45,800.5874999999942,-1047.800000000003,6843.924999999988,-3.55,0.75,-9.362499999999997,-28.0875,-25.325,14.862500000000011,0.3625,0.10000000000000009,-2.2875,-2.325,-14.9,19.25
-98575.92499999999,114905.1875,7608.850000000006,1691.9125000000058,3037.1375000000116,-52385.27500000002,188346.45,-1448.4125000000058,1315.199999999997,10454.924999999988,7.45,-4.25,-18.362499999999997,26.9125,-6.325,-20.13749999999999,-0.6375,0.10000000000000009,-1.2875,-4.325,-23.9,10.25
-108206.92499999999,128603.1875,9057.850000000006,-477.0874999999942,2497.1375000000116,-44665.27500000002,210484.45,-842.4125000000058,-856.8000000000029,7555.924999999988,0.4500000000000002,-15.25,-1.3624999999999972,-9.0875,-1.3250000000000002,1.8625000000000114,0.3625,0.10000000000000009,-0.2875000000000001,5.675,5.1,13.25
-103825.92499999999,102704.1875,5614.850000000006,-186.08749999999418,4117.137500000012,-35297.27500000002,191282.45,-478.4125000000058,563.1999999999971,8603.924999999988,20.45,16.75,-20.362499999999997,6.9125,-16.325,-14.137499999999989,0.3625,0.10000000000000009,-0.2875000000000001,-3.325,-2.9,8.25
-81976.92499999999,53642.1875,4613.850000000006,-598.0874999999942,4499.137500000012,-57409.27500000002,159298.45,36.58749999999418,-1746.800000000003,7765.924999999988,-25.55,-15.25,54.6375,-23.0875,0.6749999999999998,19.86250000000001,-0.6375,0.10000000000000009,-2.2875,5.675,0.1,12.25
-88097.92499999999,25801.1875,2884.850000000006,462.9125000000058,7164.137500000012,-81186.27500000002,211235.45,-907.4125000000058,1806.199999999997,11287.924999999988,10.45,17.75,0.6375000000000028,27.9125,-8.325,-30.13749999999999,0.3625,0.10000000000000009,-1.2875,-1.325,2.1,1.25
-107881.92499999999,80784.1875,5392.850000000006,363.9125000000058,4343.137500000012,-70865.27500000002,200563.45,-1179.4125000000058,69.19999999999709,6558.924999999988,19.45,11.75,-69.3625,-38.0875,-24.325,24.86250000000001,0.3625,-0.8999999999999999,1.7125,-3.325,-1.9,17.25
-111829.92499999999,86556.1875,3858.850000000006,-737.0874999999942,4369.137500000012,-72099.27500000002,195044.45,-2280.412500000006,110.19999999999709,7659.924999999988,-2.55,3.75,10.637500000000003,-5.0875,-3.325,18.86250000000001,-0.6375,-0.8999999999999999,-0.2875000000000001,-0.32499999999999996,-6.9,15.25
-107473.92499999999,79151.1875,5635.850000000006,2037.9125000000058,5290.137500000012,-55412.27500000002,189382.45,-2122.412500000006,950.1999999999971,9077.924999999988,-10.55,-11.25,11.637500000000003,16.9125,-7.325,-18.13749999999999,0.3625,0.10000000000000009,-1.2875,-3.325,-9.9,7.25
-109177.92499999999,66884.1875,4767.850000000006,40.91250000000582,6549.137500000012,-24422.275000000023,117113.45,-2707.412500000006,1231.199999999997,11356.924999999988,12.45,15.75,-32.3625,-26.0875,-9.325,9.862500000000011,0.3625,1.1,1.7125,-0.32499999999999996,-0.9,4.25
-79137.92499999999,23589.1875,1793.8500000000058,-1730.0874999999942,3055.1375000000116,-4139.275000000023,22444.449999999997,-3102.412500000006,-2318.800000000003,6569.924999999988,-14.55,-3.25,30.637500000000003,3.9124999999999996,-15.325,9.862500000000011,0.3625,0.10000000000000009,0.7124999999999999,-2.325,0.1,4.25
-64159.92499999999,11609.1875,1197.8500000000058,451.9125000000058,6443.137500000012,-24612.275000000023,1925.449999999997,-7392.412500000006,283.1999999999971,11413.924999999988,-14.55,-1.25,8.637500000000003,-83.0875,32.675,-76.13749999999999,0.3625,0.10000000000000009,-1.2875,6.675,4.1,8.25
-69647.92499999999,2722.1875,297.8500000000058,1868.9125000000058,5492.137500000012,-29907.275000000023,1966.449999999997,-9520.412500000006,2318.199999999997,9822.924999999988,-9.55,31.75,-5.362499999999997,-0.08750000000000036,-120.325,188.8625,-0.6375,1.1,1.7125,-4.325,16.1,-3.75
-65824.92499999999,-540.8125,-792.1499999999942,-957.0874999999942,2595.1375000000116,9534.724999999977,62165.45,-5118.412500000006,-2418.800000000003,5534.924999999988,-12.55,-5.25,-74.3625,177.9125,-37.325,-45.13749999999999,-0.6375,0.10000000000000009,0.7124999999999999,-16.325,-6.9,21.25
-51704.92499999999,3991.1875,-10711.149999999994,1124.9125000000058,6132.137500000012,553594.725,225052.45,-17880.412500000006,1705.199999999997,11169.924999999988,49.45,97.75,-105.3625,21.9125,105.675,29.86250000000001,1.3625,-1.9,-0.2875000000000001,25.675,-12.9,22.25
60104.07500000001,142959.1875,-21795.149999999994,2367.912500000006,-2096.8624999999884,313201.725,208563.45,-50963.412500000006,2836.199999999997,17485.92499999999,3.45,-42.25,24.637500000000003,27.9125,47.675,12.862500000000011,-0.6375,1.1,1.7125,-12.325,-26.9,-18.75
188047.075,281285.1875,-9820.149999999994,3049.912500000006,13389.137500000012,-21434.275000000023,129683.45,1566.5874999999942,3008.199999999997,14361.924999999988,-14.55,-4.25,-7.362499999999997,-46.0875,-43.325,-12.137499999999989,0.3625,2.1,-1.2875,14.675,9.1,18.25
194769.075,242423.1875,-1749.1499999999942,-4573.087499999994,2768.1375000000116,39676.72499999998,217721.45,5471.587499999994,-2709.800000000003,8366.924999999988,6.45,-26.25,-7.362499999999997,63.9125,20.675,-52.13749999999999,0.3625,0.10000000000000009,-0.2875000000000001,20.675,4.1,12.25
100963.07500000001,197950.1875,13514.850000000006,-844.0874999999942,8074.137500000012,70972.72499999998,202966.45,-189.41250000000582,160.1999999999971,14418.924999999988,0.4500000000000002,-53.25,16.637500000000003,-41.0875,12.675,28.86250000000001,0.3625,1.1,-1.2875,-12.325,3.1,-16.75
80301.07500000001,193267.1875,14218.850000000006,1342.9125000000058,5165.137500000012,76068.72499999998,153784.45,-23944.412500000006,4638.199999999997,21017.92499999999,18.45,0.75,-58.3625,-19.0875,-11.325,17.86250000000001,0.3625,-2.9,2.7125,10.675,0.1,-9.75
29963.07500000001,112668.1875,-2146.149999999994,2914.912500000006,8982.137500000012,-5312.275000000023,124954.45,-36597.412500000006,643.1999999999971,16594.92499999999,-10.55,33.75,19.637500000000003,28.9125,-44.325,-8.137499999999989,-0.6375,-1.9,-0.2875000000000001,1.675,-12.9,-1.75
2740.0750000000116,16344.1875,-6987.149999999994,-1345.0874999999942,7641.137500000012,-26020.275000000023,61167.45,16838.587499999994,-1770.800000000003,14437.924999999988,8.45,13.75,-28.362499999999997,-13.0875,-0.3250000000000002,28.86250000000001,-0.6375,0.10000000000000009,-0.2875000000000001,2.675,3.1,6.25
4182.075000000012,6573.1875,-4010.149999999994,808.9125000000058,6790.137500000012,-14572.275000000023,6361.449999999997,12165.587499999994,-256.8000000000029,13358.924999999988,19.45,31.75,1.6375000000000028,-28.0875,-32.325,183.8625,0.3625,2.1,-0.2875000000000001,10.675,31.1,-5.75
22710.07500000001,75492.1875,-3285.149999999994,-1250.0874999999942,6534.137500000012,4608.724999999977,146471.45,1505.5874999999942,-2247.800000000003,14170.924999999988,-1.5499999999999998,-12.25,-11.362499999999997,-21.0875,103.675,-209.1375,-0.6375,-3.9,3.7125,-8.325,-8.9,12.25
-7458.924999999988,155552.1875,6941.850000000006,-667.0874999999942,5726.137500000012,-22020.275000000023,240248.45,-12934.412500000006,1729.199999999997,18700.92499999999,39.45,-37.25,-73.3625,129.9125,36.675,-3.1374999999999886,-1.6375,1.1,-3.2875,-8.325,-32.9,-10.75
-26630.92499999999,212107.1875,12211.850000000006,3454.912500000006,1129.1375000000116,-38271.27500000002,153007.45,-23792.412500000006,5367.199999999997,22536.92499999999,-36.55,11.75,30.637500000000003,-121.0875,-4.325,138.8625,1.3625,0.10000000000000009,-0.2875000000000001,18.675,1.1,-14.75
-28904.92499999999,270510.1875,10673.850000000006,11829.912500000006,7042.137500000012,39834.72499999998,293052.45,-13573.412500000006,19382.199999999997,34098.92499999999,19.45,3.75,-26.362499999999997,-21.0875,1.6749999999999998,49.86250000000001,-1.6375,1.1,-1.2875,-18.325,-18.9,-2.75
-52610.92499999999,291251.1875,21123.850000000006,144439.9125,19453.13750000001,19640.724999999977,238394.45,-8642.412500000006,107057.2,89843.92499999999,-9.55,-17.25,-11.362499999999997,7.9125,-1.3250000000000002,-71.13749999999999,0.3625,-1.9,0.7124999999999999,1.675,3.1,-0.75
-72735.92499999999,287315.1875,21362.850000000006,185977.9125,19724.13750000001,-3068.2750000000233,283180.45,-2236.412500000006,190664.2,118289.92499999999,11.45,5.75,-40.3625,-45.0875,-12.325,79.86250000000001,-0.6375,0.10000000000000009,-1.2875,-8.325,-0.9,-18.75
-84966.92499999999,257880.1875,22293.850000000006,196206.9125,7899.137500000012,-20443.275000000023,247953.45,-7139.412500000006,177995.2,118754.92499999999,-8.55,-47.25,-1.3624999999999972,55.9125,-21.325,-61.13749999999999,-0.6375,-0.8999999999999999,-0.2875000000000001,17.675,11.1,-0.75
-83392.92499999999,191196.1875,16974.850000000006,190594.9125,-645.8624999999884,7151.724999999977,178375.45,-4918.412500000006,169832.2,106136.92499999999,7.45,24.75,15.637500000000003,14.9125,15.675,-6.137499999999989,-0.6375,-0.8999999999999999,2.7125,-14.325,12.1,-23.75
-59622.92499999999,198809.1875,11549.850000000006,170479.9125,6595.137500000012,21483.724999999977,160534.45,-5364.412500000006,183058.2,101065.92499999999,2.45,2.75,-5.362499999999997,-3.0875000000000004,-1.3250000000000002,14.862500000000011,-0.6375,-0.8999999999999999,0.7124999999999999,15.675,0.1,-18.75
-55213.92499999999,157151.1875,13326.850000000006,155388.9125,-3632.8624999999884,-6678.275000000023,115442.45,-3851.412500000006,151943.2,80120.92499999999,-7.55,-12.25,12.637500000000003,-7.0875,-6.325,-15.137499999999989,0.3625,0.10000000000000009,-1.2875,-0.32499999999999996,11.1,-14.75
-50103.92499999999,101134.1875,7817.850000000006,120449.9125,2600.1375000000116,-13684.275000000023,107091.45,-4251.412500000006,134170.2,71340.92499999999,-15.55,-10.25,7.637500000000003,-2.0875000000000004,-13.325,-9.137499999999989,0.3625,-0.8999999999999999,-0.2875000000000001,-9.325,-7.9,-31.75
-55752.92499999999,110570.1875,9094.850000000006,84509.9125,-6149.862499999988,-8355.275000000023,56320.45,-2099.412500000006,140062.2,64566.92499999999,9.45,-5.25,-10.362499999999997,12.9125,-0.3250000000000002,-10.137499999999989,-0.6375,1.1,0.7124999999999999,11.675,-0.9,5.25
-87987.92499999999,106017.1875,10258.850000000006,97682.9125,3268.1375000000116,-12171.275000000023,60655.45,-3876.412500000006,143184.2,62136.92499999999,-1.5499999999999998,-22.25,7.637500000000003,-11.0875,11.675,8.862500000000011,-0.6375,0.10000000000000009,-0.2875000000000001,-2.325,12.1,22.25
-113471.92499999999,172383.1875,13060.850000000006,138127.9125,16329.137500000012,-9629.275000000023,112637.45,-4152.412500000006,152514.2,74252.92499999999,12.45,10.75,-14.362499999999997,-6.0875,-5.325,-1.1374999999999886,-0.6375,1.1,-1.2875,-6.325,-0.9,11.25
-109138.92499999999,159969.1875,12739.850000000006,189839.9125,7231.137500000012,-8296.275000000023,139938.45,-4255.412500000006,173669.2,69976.92499999999,-13.55,-6.25,25.637500000000003,-8.0875,-2.325,2.8625000000000114,0.3625,-0.8999999999999999,1.7125,4.675,-4.9,11.25
-113547.92499999999,178342.1875,12023.850000000006,191081.9125,-6372.862499999988,-12307.275000000023,167945.45,-4202.412500000006,175066.2,61389.92499999999,15.45,12.75,-5.362499999999997,7.9125,0.6749999999999998,-1.1374999999999886,-0.6375,0.10000000000000009,0.7124999999999999,-6.325,-3.9,27.25
-122909.92499999999,220122.1875,12826.850000000006,175922.9125,-333.86249999998836,-10845.275000000023,184901.45,-5266.412500000006,189850.2,52715.92499999999,-12.55,-22.25,16.637500000000003,5.9125,4.675,-9.137499999999989,-0.6375,0.10000000000000009,0.7124999999999999,-3.325,-10.9,9.25
-97856.92499999999,174895.1875,10651.850000000006,202151.9125,-2307.8624999999884,-5118.275000000023,189742.45,-5435.412500000006,191299.2,43749.92499999999,4.45,2.75,-26.362499999999997,-32.0875,-4.325,24.86250000000001,0.3625,0.10000000000000009,-0.2875000000000001,4.675,-7.9,9.25
-93309.92499999999,180510.1875,10875.850000000006,160884.9125,-4469.862499999988,1942.7249999999767,184203.45,-5309.412500000006,167007.2,41230.92499999999,-6.55,-10.25,5.637500000000003,-30.0875,6.675,13.862500000000011,0.3625,-0.8999999999999999,-0.2875000000000001,-5.325,-2.9,-5.75
-85889.92499999999,168829.1875,10132.850000000006,159474.9125,3933.1375000000116,-11976.275000000023,156918.45,-4713.412500000006,149671.2,27797.92499999999,-1.5499999999999998,3.75,3.637500000000003,-30.0875,6.675,15.862500000000011,0.3625,0.10000000000000009,1.7125,3.675,1.1,3.25
-85692.92499999999,168005.1875,9949.850000000006,172072.9125,3035.1375000000116,-8773.275000000023,141645.45,-4809.412500000006,146148.2,22660.92499999999,4.45,-4.25,-7.362499999999997,12.9125,-7.325,-11.137499999999989,0.3625,0.10000000000000009,-0.2875000000000001,-0.32499999999999996,-0.9,-1.75
-90405.92499999999,154303.1875,9504.850000000006,162562.9125,-1285.8624999999884,-10163.275000000023,137376.45,-4329.412500000006,155473.2,21468.92499999999,0.4500000000000002,-6.25,4.637500000000003,-25.0875,2.675,5.862500000000011,0.3625,0.10000000000000009,-0.2875000000000001,-2.325,-7.9,5.25
-98409.92499999999,148210.1875,8236.850000000006,147963.9125,-3360.8624999999884,929.7249999999767,138742.45,-4933.412500000006,171543.2,27110.92499999999,-1.5499999999999998,-1.25,10.637500000000003,16.9125,15.675,-14.137499999999989,0.3625,-0.8999999999999999,-0.2875000000000001,0.675,-7.9,3.25
-86714.92499999999,146454.1875,8468.850000000006,149293.9125,-3753.8624999999884,-6407.275000000023,153766.45,-3949.412500000006,170847.2,27976.92499999999,7.45,-9.25,-7.362499999999997,4.9125,5.675,0.8625000000000114,0.3625,0.10000000000000009,-0.2875000000000001,-0.32499999999999996,1.1,2.25
-96155.92499999999,160610.1875,8992.850000000006,146740.9125,4001.1375000000116,-15921.275000000023,164285.45,-3963.412500000006,160958.2,24149.92499999999,-0.5499999999999998,4.75,-5.362499999999997,-7.0875,-5.325,2.8625000000000114,0.3625,0.10000000000000009,0.7124999999999999,0.675,3.1,1.25
-105308.92499999999,173779.1875,9968.850000000006,155089.9125,6725.137500000012,-24668.275000000023,150477.45,-4174.412500000006,160679.2,28391.92499999999,-1.5499999999999998,-1.25,0.6375000000000028,-4.0875,3.675,-0.13749999999998863,0.3625,0.10000000000000009,-0.2875000000000001,-1.325,1.1,-0.75
-120414.92499999999,173237.1875,10629.850000000006,161706.9125,5320.137500000012,-28217.275000000023,170636.45,-3886.412500000006,153877.2,28067.92499999999,9.45,-0.25,-9.362499999999997,10.9125,-6.325,-16.13749999999999,0.3625,0.10000000000000009,0.7124999999999999,-4.325,3.1,-1.75
-127745.92499999999,187033.1875,11105.850000000006,181053.9125,3947.1375000000116,-15968.275000000023,170501.45,-4827.412500000006,166467.2,34823.92499999999,-5.55,-3.25,18.637500000000003,-2.0875000000000004,-2.325,10.862500000000011,0.3625,0.10000000000000009,-1.2875,5.675,0.1,6.25
-99422.92499999999,169672.1875,10343.850000000006,191778.9125,746.1375000000116,-19294.275000000023,166919.45,-4580.412500000006,173093.2,37184.92499999999,-1.5499999999999998,-2.25,9.637500000000003,0.9124999999999996,5.675,-4.137499999999989,0.3625,1.1,-1.2875,-0.32499999999999996,-0.9,-8.75
-98797.92499999999,158483.1875,9811.850000000006,177526.9125,235.13750000001164,-16138.275000000023,168945.45,-3922.412500000006,144589.2,28902.92499999999,3.45,1.75,-11.362499999999997,-3.0875000000000004,-7.325,-2.1374999999999886,-0.6375,0.10000000000000009,-0.2875000000000001,-4.325,-3.9,-6.75
-116967.92499999999,166160.1875,9334.850000000006,146188.9125,2714.1375000000116,-14826.275000000023,164019.45,-4574.412500000006,150179.2,26534.92499999999,-4.55,3.75,11.637500000000003,-4.0875,2.675,-2.1374999999999886,0.3625,-0.8999999999999999,-0.2875000000000001,1.675,3.1,4.25
-118490.92499999999,161008.1875,8853.850000000006,178103.9125,1176.1375000000116,-4173.275000000023,149958.45,-4908.412500000006,160318.2,23613.92499999999,-0.5499999999999998,-0.25,2.637500000000003,0.9124999999999996,8.675,-4.137499999999989,-0.6375,0.10000000000000009,-0.2875000000000001,-1.325,2.1,2.25
-112005.92499999999,162399.1875,8771.850000000006,181508.9125,-414.86249999998836,-2762.2750000000233,150913.45,-4683.412500000006,150647.2,9056.924999999988,-0.5499999999999998,-1.25,0.6375000000000028,-0.08750000000000036,1.6749999999999998,1.8625000000000114,-0.6375,0.10000000000000009,-0.2875000000000001,-2.325,-0.9,-3.75
-115029.92499999999,168376.1875,9353.850000000006,168612.9125,2836.1375000000116,-4664.275000000023,152986.45,-4563.412500000006,149513.2,12684.924999999988,-2.55,-1.25,6.637500000000003,0.9124999999999996,4.675,0.8625000000000114,-0.6375,-0.8999999999999999,-0.2875000000000001,-0.32499999999999996,-0.9,2.25
-110449.92499999999,170526.1875,9993.850000000006,158763.9125,5695.137500000012,-5950.275000000023,160049.45,-4759.412500000006,150510.2,18800.92499999999,1.4500000000000002,-0.25,-4.362499999999997,-0.08750000000000036,-0.3250000000000002,0.8625000000000114,0.3625,0.10000000000000009,-0.2875000000000001,1.675,-0.9,1.25
-105462.92499999999,171064.1875,10454.850000000006,157347.9125,5924.137500000012,-4879.275000000023,164389.45,-4460.412500000006,149480.2,23166.92499999999,1.4500000000000002,0.75,-5.362499999999997,1.9124999999999996,-1.3250000000000002,-1.1374999999999886,0.3625,0.10000000000000009,-0.2875000000000001,-0.32499999999999996,1.1,-1.75
-103811.92499999999,174504.1875,9988.850000000006,157172.9125,6658.137500000012,-3556.2750000000233,166139.45,-4010.412500000006,147385.2,25511.92499999999,1.4500000000000002,-3.25,1.6375000000000028,2.9124999999999996,1.6749999999999998,2.8625000000000114,0.3625,0.10000000000000009,-0.2875000000000001,-0.32499999999999996,-1.9,0.25
-103819.92499999999,176929.1875,10320.850000000006,154285.9125,8220.137500000012,-6722.275000000023,169378.45,-3867.412500000006,144880.2,27483.92499999999,0.4500000000000002,1.75,-0.36249999999999716,-0.08750000000000036,-0.3250000000000002,1.8625000000000114,0.3625,0.10000000000000009,-0.2875000000000001,0.675,0.1,-0.75
-104453.92499999999,179439.1875,10668.850000000006,153848.9125,9158.137500000012,-8825.275000000023,170515.45,-3909.412500000006,144536.2,30171.92499999999,1.4500000000000002,-0.25,-3.362499999999997,2.9124999999999996,-0.3250000000000002,-2.1374999999999886,-0.6375,-1.9,0.7124999999999999,0.675,0.1,0.25
-102907.92499999999,180905.1875,10775.850000000006,153100.9125,8902.137500000012,-11237.275000000023,170197.45,-3785.412500000006,143501.2,29992.92499999999,0.4500000000000002,-2.25,-0.36249999999999716,0.9124999999999996,-1.3250000000000002,2.8625000000000114,-0.6375,0.10000000000000009,-0.2875000000000001,0.675,-0.9,0.25
-100722.92499999999,179180.1875,11020.850000000006,151735.9125,8716.137500000012,-12036.275000000023,170340.45,-4279.412500000006,143335.2,30212.92499999999,0.4500000000000002,-0.25,1.6375000000000028,1.9124999999999996,0.6749999999999998,0.8625000000000114,-0.6375,0.10000000000000009,-0.2875000000000001,-0.32499999999999996,0.1,-1.75
-102170.92499999999,178364.1875,10773.850000000006,150789.9125,9035.137500000012,-11912.275000000023,170412.45,-4012.412500000006,143824.2,30648.92499999999,0.4500000000000002,-1.25,-1.3624999999999972,1.9124999999999996,-0.3250000000000002,-0.13749999999998863,0.3625,-0.8999999999999999,0.7124999999999999,-0.32499999999999996,0.1,-0.75
-104408.92499999999,174973.1875,10656.850000000006,153291.9125,8729.137500000012,-12753.275000000023,168950.45,-3689.412500000006,147074.2,29969.92499999999,1.4500000000000002,-0.25,-2.362499999999997,0.9124999999999996,0.6749999999999998,-0.13749999999998863,0.3625,-0.8999999999999999,-0.2875000000000001,0.675,0.1,0.25
-107242.92499999999,168550.1875,10494.850000000006,163693.9125,7727.137500000012,-12270.275000000023,163149.45,-3643.412500000006,150902.2,27441.92499999999,1.4500000000000002,-0.25,-0.36249999999999716,0.9124999999999996,-0.3250000000000002,-1.1374999999999886,0.3625,0.10000000000000009,-0.2875000000000001,-0.32499999999999996,0.1,0.25
-108017.92499999999,166742.1875,10631.850000000006,164224.9125,7478.137500000012,-12480.275000000023,161129.45,-3970.412500000006,152377.2,25079.92499999999,0.4500000000000002,-0.25,-1.3624999999999972,0.9124999999999996,-1.3250000000000002,-1.1374999999999886,0.3625,0.10000000000000009,-0.2875000000000001,0.675,0.1,-1.75
-108819.92499999999,167108.1875,10362.850000000006,164767.9125,7534.137500000012,-12377.275000000023,161039.45,-3805.412500000006,152673.2,24630.92499999999,0.4500000000000002,0.75,0.6375000000000028,0.9124999999999996,0.6749999999999998,0.8625000000000114,0.3625,0.10000000000000009,-0.2875000000000001,0.675,0.1,-0.75
-108103.92499999999,167394.1875,10282.850000000006,164535.9125,7766.137500000012,-12141.275000000023,160723.45,-3917.412500000006,151612.2,25432.92499999999,0.4500000000000002,-0.25,-0.36249999999999716,-0.08750000000000036,-0.3250000000000002,1.8625000000000114,0.3625,-0.8999999999999999,-0.2875000000000001,0.675,0.1,-0.75
-105315.92499999999,168828.1875,10396.850000000006,163030.9125,7993.137500000012,-12258.275000000023,163491.45,-3893.412500000006,148541.2,27038.92499999999,0.4500000000000002,-0.25,-0.36249999999999716,-0.08750000000000036,0.6749999999999998,-0.13749999999998863,-0.6375,0.10000000000000009,-0.2875000000000001,-0.32499999999999996,0.1,0.25
-104616.92499999999,171876.1875,10570.850000000006,160149.9125,7975.137500000012,-12854.275000000023,166550.45,-3904.412500000006,146647.2,28538.92499999999,0.4500000000000002,-0.25,0.6375000000000028,-0.08750000000000036,0.6749999999999998,-0.13749999999998863,0.3625,0.10000000000000009,0.7124999999999999,0.675,0.1,0.25
-103164.92499999999,174003.1875,10730.850000000006,157145.9125,7965.137500000012,-13081.275000000023,167501.45,-3795.412500000006,145001.2,29314.92499999999,-0.5499999999999998,0.75,1.6375000000000028,-1.0875000000000004,0.6749999999999998,0.8625000000000114,0.3625,-0.8999999999999999,-0.2875000000000001,-0.32499999999999996,0.1,-0.75
-102037.92499999999,174867.1875,10931.850000000006,155046.9125,8133.137500000012,-12880.275000000023,166731.45,-4034.412500000006,144108.2,29286.92499999999,-0.5499999999999998,0.75,-0.36249999999999716,0.9124999999999996,-0.3250000000000002,-0.13749999999998863,0.3625,0.10000000000000009,0.7124999999999999,-0.32499999999999996,0.1,0.25
-102696.92499999999,176418.1875,10835.850000000006,155205.9125,8374.137500000012,-13265.275000000023,166733.45,-3676.412500000006,144117.2,29091.92499999999,-0.5499999999999998,0.75,-0.36249999999999716,-1.0875000000000004,-0.3250000000000002,-0.13749999999998863,-0.6375,0.10000000000000009,-0.2875000000000001,-0.32499999999999996,1.1,0.25
-104097.92499999999,175920.1875,10792.850000000006,156168.9125,8096.137500000012,-13885.275000000023,168104.45,-3713.412500000006,146339.2,29069.92499999999,0.4500000000000002,0.75,-1.3624999999999972,-1.0875000000000004,-0.3250000000000002,-1.1374999999999886,-0.6375,0.10000000000000009,-0.2875000000000001,-0.32499999999999996,0.1,0.25
-104856.92499999999,173550.1875,10720.850000000006,157503.9125,8114.137500000012,-13827.275000000023,166158.45,-3831.412500000006,147697.2,28686.92499999999,0.4500000000000002,-0.25,-1.3624999999999972,-0.08750000000000036,-0.3250000000000002,-1.1374999999999886,-0.6375,0.10000000000000009,-0.2875000000000001,-0.32499999999999996,0.1,0.25
-105001.92499999999,171361.1875,10651.850000000006,158985.9125,8026.137500000012,-13387.275000000023,164101.45,-3903.412500000006,148467.2,27569.92499999999,-0.5499999999999998,0.75,-0.36249999999999716,-0.08750000000000036,-0.3250000000000002,-0.13749999999998863,0.3625,0.10000000000000009,-0.2875000000000001,-0.32499999999999996,0.1,-0.75
-106733.92499999999,170350.1875,10457.850000000006,160063.9125,8019.137500000012,-13164.275000000023,163725.45,-3809.412500000006,149385.2,26748.92499999999,-0.5499999999999998,-0.25,-0.36249999999999716,0.9124999999999996,-0.3250000000000002,-0.13749999999998863,0.3625,-0.8999999999999999,-0.2875000000000001,-0.32499999999999996,-0.9,0.25
-107133.92499999999,170524.1875,10441.850000000006,161751.9125,8026.137500000012,-13275.275000000023,163754.45,-3967.412500000006,150216.2,26513.92499999999,-0.5499999999999998,-0.25,-0.36249999999999716,-0.08750000000000036,-0.3250000000000002,-0.13749999999998863,-0.6375,0.10000000000000009,-0.2875000000000001,0.675,0.1,0.25
-106531.92499999999,170833.1875,10278.850000000006,161068.9125,8156.137500000012,-13144.275000000023,164169.45,-3934.412500000006,150222.2,27159.92499999999,-0.5499999999999998,-0.25,0.6375000000000028,-0.08750000000000036,-1.3250000000000002,-0.13749999999998863,-0.6375,0.10000000000000009,0.7124999999999999,-0.32499999999999996,0.1,0.25
-105132.92499999999,170808.1875,10249.850000000006,159521.9125,8262.137500000012,-13092.275000000023,164786.45,-3851.412500000006,147973.2,27845.92499999999,0.4500000000000002,-0.25,0.6375000000000028,-0.08750000000000036,-0.3250000000000002,-0.13749999999998863,0.3625,0.10000000000000009,-0.2875000000000001,0.675,0.1,0.25
-103850.92499999999,170908.1875,10171.850000000006,157836.9125,8315.137500000012,-12811.275000000023,165041.45,-3978.412500000006,146956.2,28471.92499999999,0.4500000000000002,0.75,-0.36249999999999716,0.9124999999999996,-0.3250000000000002,-0.13749999999998863,0.3625,0.10000000000000009,-0.2875000000000001,0.675,0.1,0.25
-103774.92499999999,172429.1875,10256.850000000006,156842.9125,8543.137500000012,-13083.275000000023,167455.45,-3930.412500000006,146144.2,29061.92499999999,0.4500000000000002,-0.25,0.6375000000000028,-0.08750000000000036,-0.3250000000000002,-0.13749999999998863,0.3625,0.10000000000000009,-0.2875000000000001,0.675,0.1,-0.75
-103828.92499999999,174121.1875,10413.850000000006,156906.9125,8564.137500000012,-13170.275000000023,166659.45,-3885.412500000006,145802.2,29139.92499999999,0.4500000000000002,-0.25,-0.36249999999999716,-0.08750000000000036,0.6749999999999998,-0.13749999999998863,-0.6375,-0.8999999999999999,-0.2875000000000001,-0.32499999999999996,0.1,0.25
-103888.92499999999,173337.1875,10492.850000000006,157060.9125,8434.137500000012,-13097.275000000023,166097.45,-3876.412500000006,145823.2,28926.92499999999,0.4500000000000002,0.75,0.6375000000000028,0.9124999999999996,0.6749999999999998,-0.13749999999998863,0.3625,-0.8999999999999999,-0.2875000000000001,0.675,0.1,0.25
-104603.92499999999,172691.1875,10783.850000000006,157936.9125,7757.137500000012,-13232.275000000023,165994.45,-4078.412500000006,147358.2,28570.92499999999,0.4500000000000002,1.75,-0.36249999999999716,0.9124999999999996,0.6749999999999998,0.8625000000000114,0.3625,0.10000000000000009,-0.2875000000000001,-0.32499999999999996,0.1,0.25
-105636.92499999999,172447.1875,10468.850000000006,158886.9125,7892.137500000012,-12733.275000000023,164727.45,-3969.412500000006,147839.2,27840.92499999999,0.4500000000000002,0.75,0.6375000000000028,0.9124999999999996,0.6749999999999998,-0.13749999999998863,-0.6375,0.10000000000000009,-0.2875000000000001,1.675,0.1,-0.75
-106399.92499999999,171499.1875,10550.850000000006,160240.9125,7835.137500000012,-12648.275000000023,163201.45,-3785.412500000006,148425.2,27097.92499999999,0.4500000000000002,-0.25,0.6375000000000028,0.9124999999999996,-0.3250000000000002,-0.13749999999998863,-0.6375,0.10000000000000009,-0.2875000000000001,0.675,0.1,0.25
-106808.92499999999,171000.1875,10606.850000000006,160781.9125,7991.137500000012,-12837.275000000023,162239.45,-3842.412500000006,148720.2,26632.92499999999,0.4500000000000002,0.75,-0.36249999999999716,1.9124999999999996,-0.3250000000000002,-1.1374999999999886,0.3625,-0.8999999999999999,-0.2875000000000001,0.675,0.1,0.25
-106962.92499999999,171403.1875,10642.850000000006,160592.9125,7978.137500000012,-13104.275000000023,162932.45,-3998.412500000006,148738.2,26858.92499999999,0.4500000000000002,0.75,-0.36249999999999716,-0.08750000000000036,-0.3250000000000002,-0.13749999999998863,0.3625,-0.8999999999999999,-0.2875000000000001,0.675,0.1,-0.75
-106504.92499999999,171793.1875,10560.850000000006,160092.9125,7890.137500000012,-12847.275000000023,164035.45,-3861.412500000006,148631.2,27169.92499999999,-0.5499999999999998,-0.25,-0.36249999999999716,0.9124999999999996,-0.3250000000000002,-0.13749999999998863,0.3625,0.10000000000000009,-0.2875000000000001,1.675,0.1,0.25
-104503.92499999999,171961.1875,10478.850000000006,157733.9125,8248.137500000012,-12683.275000000023,166045.45,-3839.412500000006,146884.2,27891.92499999999,0.4500000000000002,-0.25,0.6375000000000028,0.9124999999999996,0.6749999999999998,-0.13749999999998863,0.3625,0.10000000000000009,-0.2875000000000001,0.675,0.1,1.25
-104547.92499999999,173080.1875,10471.850000000006,157691.9125,8307.137500000012,-13266.275000000023,166390.45,-3707.412500000006,146784.2,28264.92499999999,0.4500000000000002,-0.25,0.6375000000000028,0.9124999999999996,-0.3250000000000002,-1.1374999999999886,-0.6375,0.10000000000000009,-0.2875000000000001,-0.32499999999999996,0.1,0.25
-104324.92499999999,173110.1875,10498.850000000006,157706.9125,8286.137500000012,-13374.275000000023,166479.45,-3788.412500000006,147133.2,28145.92499999999,-0.5499999999999998,-0.25,0.6375000000000028,-0.08750000000000036,-0.3250000000000002,0.8625000000000114,-0.6375,-0.8999999999999999,-0.2875000000000001,-0.32499999999999996,0.1,-1.75
-104427.92499999999,172745.1875,10433.850000000006,157462.9125,8483.137500000012,-13316.275000000023,166084.45,-3837.412500000006,147507.2,28005.92499999999,-0.5499999999999998,-0.25,-0.36249999999999716,-0.08750000000000036,-1.3250000000000002,-0.13749999999998863,0.3625,0.10000000000000009,-0.2875000000000001,-0.32499999999999996,0.1,0.25
-104737.92499999999,172394.1875,10278.850000000006,157769.9125,8400.137500000012,-13163.275000000023,165860.45,-3955.412500000006,147761.2,27555.92499999999,-0.5499999999999998,-0.25,-0.36249999999999716,-0.08750000000000036,-0.3250000000000002,-1.1374999999999886,0.3625,0.10000000000000009,0.7124999999999999,-0.32499999999999996,0.1,0.25
-104936.92499999999,172028.1875,10272.850000000006,158440.9125,8076.137500000012,-13371.275000000023,165483.45,-3795.412500000006,148681.2,27247.92499999999,-1.5499999999999998,0.75,-1.3624999999999972,-0.08750000000000036,-0.3250000000000002,-1.1374999999999886,-0.6375,0.10000000000000009,-0.2875000000000001,-0.32499999999999996,0.1,0.25
-105167.92499999999,171985.1875,10195.850000000006,158815.9125,8139.137500000012,-13498.275000000023,164241.45,-3879.412500000006,148623.2,26787.92499999999,0.4500000000000002,0.75,-1.3624999999999972,-0.08750000000000036,-0.3250000000000002,-1.1374999999999886,-0.6375,0.10000000000000009,-0.2875000000000001,-1.325,0.1,0.25
-105396.92499999999,172416.1875,10200.850000000006,158822.9125,8189.137500000012,-13863.275000000023,164944.45,-3784.412500000006,148190.2,26969.92499999999,-0.5499999999999998,0.75,-0.36249999999999716,-0.08750000000000036,-0.3250000000000002,0.8625000000000114,0.3625,-0.8999999999999999,-0.2875000000000001,-1.325,0.1,-0.75
-104936.92499999999,172620.1875,10394.850000000006,158785.9125,8199.137500000012,-13796.275000000023,165441.45,-3826.412500000006,147957.2,27311.92499999999,-0.5499999999999998,-0.25,0.6375000000000028,-1.0875000000000004,-0.3250000000000002,0.8625000000000114,-0.6375,0.10000000000000009,-0.2875000000000001,-0.32499999999999996,0.1,0.25
-104366.92499999999,172759.1875,10446.850000000006,158099.9125,8267.137500000012,-13572.275000000023,165608.45,-3753.412500000006,147674.2,27581.92499999999,0.4500000000000002,-0.25,-0.36249999999999716,-0.08750000000000036,-0.3250000000000002,0.8625000000000114,-0.6375,0.10000000000000009,-0.2875000000000001,-0.32499999999999996,-0.9,0.25
-104097.92499999999,172826.1875,10374.850000000006,157470.9125,8335.137500000012,-13590.275000000023,165829.45,-3878.412500000006,146945.2,27748.92499999999,-0.5499999999999998,-0.25,0.6375000000000028,-0.08750000000000036,-0.3250000000000002,-0.13749999999998863,-0.6375,0.10000000000000009,0.7124999999999999,-0.32499999999999996,0.1,-0.75
-104392.92499999999,172945.1875,10443.850000000006,157523.9125,8430.137500000012,-13767.275000000023,165723.45,-3874.412500000006,147322.2,28028.92499999999,-0.5499999999999998,-0.25,-0.36249999999999716,-0.08750000000000036,-0.3250000000000002,0.8625000000000114,0.3625,0.10000000000000009,0.7124999999999999,0.675,0.1,0.25
-104918.92499999999,173212.1875,10426.850000000006,158111.9125,8194.137500000012,-13226.275000000023,165395.45,-3585.412500000006,147626.2,28084.92499999999,0.4500000000000002,-0.25,0.6375000000000028,-0.08750000000000036,-0.3250000000000002,-0.13749999999998863,0.3625,0.10000000000000009,-0.2875000000000001,0.675,0.1,-0.75
-105160.92499999999,172439.1875,10282.850000000006,158340.9125,8142.137500000012,-13445.275000000023,165737.45,-3828.412500000006,147755.2,27753.92499999999,0.4500000000000002,-0.25,-0.36249999999999716,0.9124999999999996,-0.3250000000000002,-0.13749999999998863,0.3625,0.10000000000000009,0.7124999999999999,0.675,0.1,0.25
-105342.92499999999,171933.1875,10213.850000000006,158785.9125,8217.137500000012,-12979.275000000023,164526.45,-3638.412500000006,148147.2,27198.92499999999,0.4500000000000002,-0.25,-0.36249999999999716,0.9124999999999996,-0.3250000000000002,-1.1374999999999886,-0.6375,0.10000000000000009,0.7124999999999999,1.675,0.1,0.25
-105465.92499999999,171488.1875,10287.850000000006,159383.9125,7988.137500000012,-12919.275000000023,164516.45,-3869.412500000006,148551.2,26990.92499999999,0.4500000000000002,0.75,-0.36249999999999716,0.9124999999999996,0.6749999999999998,-0.13749999999998863,0.3625,1.1,-0.2875000000000001,0.675,1.1,-0.75
-106160.92499999999,171791.1875,10276.850000000006,159881.9125,7870.137500000012,-13065.275000000023,164233.45,-4025.412500000006,148641.2,26892.92499999999,-0.5499999999999998,0.75,-0.36249999999999716,0.9124999999999996,0.6749999999999998,-0.13749999999998863,0.3625,0.10000000000000009,-0.2875000000000001,-0.32499999999999996,0.1,-0.75
-106029.92499999999,172089.1875,10527.850000000006,159751.9125,7862.137500000012,-13079.275000000023,164444.45,-3882.412500000006,148165.2,26982.92499999999,0.4500000000000002,0.75,-0.36249999999999716,0.9124999999999996,-0.3250000000000002,0.8625000000000114,-0.6375,0.10000000000000009,-0.2875000000000001,-0.32499999999999996,0.1,-0.75
-105630.92499999999,172202.1875,10553.850000000006,159378.9125,8048.137500000012,-13174.275000000023,164148.45,-3838.412500000006,147954.2,27221.92499999999,0.4500000000000002,0.75,-1.3624999999999972,0.9124999999999996,-0.3250000000000002,-0.13749999999998863,0.3625,0.10000000000000009,0.7124999999999999,0.675,0.1,-0.75
-105213.92499999999,172667.1875,10540.850000000006,159017.9125,7994.137500000012,-13137.275000000023,164587.45,-3895.412500000006,147874.2,27337.92499999999,0.4500000000000002,-0.25,-0.36249999999999716,0.9124999999999996,-0.3250000000000002,0.8625000000000114,0.3625,0.10000000000000009,0.7124999999999999,0.675,0.1,-0.75
-104551.92499999999,172716.1875,10657.850000000006,158018.9125,8101.137500000012,-13285.275000000023,166188.45,-3906.412500000006,147405.2,27360.92499999999,0.4500000000000002,-0.25,0.6375000000000028,0.9124999999999996,-1.3250000000000002,-0.13749999999998863,0.3625,0.10000000000000009,-0.2875000000000001,-0.32499999999999996,0.1,0.25
-104682.92499999999,173023.1875,10265.850000000006,158099.9125,8175.137500000012,-13043.275000000023,165130.45,-3775.412500000006,147738.2,27149.92499999999,0.4500000000000002,-0.25,-0.36249999999999716,0.9124999999999996,-0.3250000000000002,-0.13749999999998863,0.3625,0.10000000000000009,-0.2875000000000001,0.675,0.1,1.25
-105124.92499999999,172323.1875,10236.850000000006,158418.9125,8180.137500000012,-13138.275000000023,164689.45,-3911.412500000006,148549.2,26935.92499999999,-0.5499999999999998,0.75,-1.3624999999999972,-0.08750000000000036,-0.3250000000000002,-0.13749999999998863,-0.6375,0.10000000000000009,0.7124999999999999,-0.32499999999999996,0.1,-0.75
-105049.92499999999,171803.1875,10209.850000000006,158658.9125,8130.137500000012,-13151.275000000023,164521.45,-3988.412500000006,148785.2,26560.92499999999,-0.5499999999999998,-0.25,0.6375000000000028,-0.08750000000000036,-0.3250000000000002,-0.13749999999998863,0.3625,0.10000000000000009,-0.2875000000000001,0.675,0.1,0.25
-105298.92499999999,171662.1875,10023.850000000006,158973.9125,7893.137500000012,-13626.275000000023,165231.45,-4033.412500000006,148975.2,26380.92499999999,-0.5499999999999998,-0.25,-0.36249999999999716,-1.0875000000000004,-0.3250000000000002,-0.13749999999998863,0.3625,0.10000000000000009,0.7124999999999999,-0.32499999999999996,0.1,-0.75
-105364.92499999999,172001.1875,10163.850000000006,158841.9125,8155.137500000012,-13530.275000000023,165455.45,-3765.412500000006,148699.2,26744.92499999999,-0.5499999999999998,-0.25,-0.36249999999999716,-0.08750000000000036,-0.3250000000000002,-0.13749999999998863,0.3625,0.10000000000000009,-0.2875000000000001,-0.32499999999999996,0.1,0.25
-104567.92499999999,172351.1875,10336.850000000006,158355.9125,8408.137500000012,-13828.275000000023,165209.45,-3889.412500000006,147939.2,27126.92499999999,-0.5499999999999998,-0.25,0.6375000000000028,-0.08750000000000036,-0.3250000000000002,-0.13749999999998863,0.3625,0.10000000000000009,0.7124999999999999,-0.32499999999999996,-0.9,0.25
-104611.92499999999,173189.1875,10350.850000000006,158093.9125,8432.137500000012,-13763.275000000023,166272.45,-3828.412500000006,147664.2,27265.92499999999,-0.5499999999999998,-0.25,-0.36249999999999716,-0.08750000000000036,-0.3250000000000002,-0.13749999999998863,-0.6375,-0.8999999999999999,-0.2875000000000001,-0.32499999999999996,0.1,1.25
-104348.92499999999,173389.1875,10269.850000000006,157876.9125,8255.137500000012,-13662.275000000023,166384.45,-3859.412500000006,147832.2,27400.92499999999,-0.5499999999999998,-0.25,-1.3624999999999972,-0.08750000000000036,-0.3250000000000002,0.8625000000000114,0.3625,-0.8999999999999999,0.7124999999999999,-0.32499999999999996,0.1,0.25
-104205.92499999999,172935.1875,10348.850000000006,157487.9125,8172.137500000012,-13464.275000000023,165760.45,-3851.412500000006,147992.2,27244.92499999999,-0.5499999999999998,-0.25,-0.36249999999999716,-0.08750000000000036,-0.3250000000000002,0.8625000000000114,0.3625,-0.8999999999999999,-0.2875000000000001,-0.32499999999999996,0.1,-0.75
-104676.92499999999,173368.1875,10438.850000000006,157570.9125,8057.137500000012,-13305.275000000023,165165.45,-3840.412500000006,148257.2,27158.92499999999,-0.5499999999999998,0.75,-1.3624999999999972,0.9124999999999996,-0.3250000000000002,-0.13749999999998863,0.3625,0.10000000000000009,-0.2875000000000001,-0.32499999999999996,0.1,-0.75
-105291.92499999999,173267.1875,10399.850000000006,158056.9125,7983.137500000012,-13226.275000000023,164491.45,-3875.412500000006,148375.2,26750.92499999999,0.4500000000000002,0.75,-0.36249999999999716,0.9124999999999996,0.6749999999999998,-1.1374999999999886,-0.6375,1.1,-0.2875000000000001,-0.32499999999999996,0.1,0.25
-105803.92499999999,172498.1875,10611.850000000006,159079.9125,7978.137500000012,-13084.275000000023,163910.45,-3948.412500000006,148711.2,26574.92499999999,0.4500000000000002,0.75,-0.36249999999999716,-0.08750000000000036,0.6749999999999998,-1.1374999999999886,0.3625,0.10000000000000009,-0.2875000000000001,-0.32499999999999996,1.1,0.25
-105754.92499999999,172490.1875,10602.850000000006,158957.9125,7948.137500000012,-13228.275000000023,164343.45,-3935.412500000006,148618.2,26682.92499999999,0.4500000000000002,0.75,-0.36249999999999716,0.9124999999999996,-0.3250000000000002,-0.13749999999998863,0.3625,0.10000000000000009,0.7124999999999999,-0.32499999999999996,0.1,0.25
-105651.92499999999,172552.1875,10484.850000000006,158787.9125,8082.137500000012,-12892.275000000023,163827.45,-3827.412500000006,148129.2,26865.92499999999,-0.5499999999999998,0.75,-0.36249999999999716,-0.08750000000000036,0.6749999999999998,-1.1374999999999886,-0.6375,0.10000000000000009,-0.2875000000000001,-0.32499999999999996,0.1,0.25
-105190.92499999999,172610.1875,10690.850000000006,158778.9125,8030.137500000012,-12828.275000000023,164256.45,-3857.412500000006,147880.2,26811.92499999999,0.4500000000000002,0.75,0.6375000000000028,0.9124999999999996,0.6749999999999998,-0.13749999999998863,0.3625,-0.8999999999999999,-0.2875000000000001,0.675,0.1,-0.75
-105305.92499999999,173196.1875,10544.850000000006,158759.9125,8115.137500000012,-13237.275000000023,164695.45,-3965.412500000006,147692.2,27261.92499999999,-0.5499999999999998,-0.25,0.6375000000000028,0.9124999999999996,-0.3250000000000002,-0.13749999999998863,0.3625,0.10000000000000009,-0.2875000000000001,-0.32499999999999996,0.1,0.25
-105235.92499999999,173381.1875,10574.850000000006,158413.9125,8041.137500000012,-13047.275000000023,165273.45,-3872.412500000006,147696.2,26963.92499999999,1.4500000000000002,-0.25,0.6375000000000028,0.9124999999999996,-0.3250000000000002,0.8625000000000114,-0.6375,-0.8999999999999999,-0.2875000000000001,0.675,0.1,-1.75
-105194.92499999999,172779.1875,10493.850000000006,158378.9125,8032.137500000012,-13052.275000000023,164963.45,-3885.412500000006,147781.2,26927.92499999999,0.4500000000000002,-0.25,0.6375000000000028,0.9124999999999996,-0.3250000000000002,-0.13749999999998863,-0.6375,0.10000000000000009,-0.2875000000000001,0.675,0.1,-0.75
-105128.92499999999,172683.1875,10397.850000000006,158395.9125,8142.137500000012,-13104.275000000023,164874.45,-3839.412500000006,148108.2,26965.92499999999,-0.5499999999999998,0.75,1.6375000000000028,-0.08750000000000036,-0.3250000000000002,-0.13749999999998863,-0.6375,0.10000000000000009,-0.2875000000000001,-0.32499999999999996,0.1,0.25
-105112.92499999999,172209.1875,10366.850000000006,158399.9125,8050.137500000012,-13367.275000000023,164840.45,-3861.412500000006,148248.2,26736.92499999999,0.4500000000000002,-0.25,0.6375000000000028,-0.08750000000000036,-1.3250000000000002,-1.1374999999999886,0.3625,0.10000000000000009,-0.2875000000000001,0.675,0.1,-0.75
-105317.92499999999,171973.1875,10417.850000000006,158366.9125,8075.137500000012,-13336.275000000023,164234.45,-3950.412500000006,148310.2,26857.92499999999,0.4500000000000002,-0.25,-0.36249999999999716,0.9124999999999996,-0.3250000000000002,-0.13749999999998863,-0.6375,-0.8999999999999999,-0.2875000000000001,-0.32499999999999996,0.1,-0.75
-105234.92499999999,172242.1875,10355.850000000006,158292.9125,8246.137500000012,-13095.275000000023,164923.45,-3955.412500000006,148517.2,26866.92499999999,0.4500000000000002,-0.25,-0.36249999999999716,0.9124999999999996,-0.3250000000000002,-0.13749999999998863,-0.6375,0.10000000000000009,-0.2875000000000001,0.675,0.1,-0.75
-104708.92499999999,172409.1875,10170.850000000006,157829.9125,8263.137500000012,-13144.275000000023,164936.45,-3987.412500000006,148170.2,26736.92499999999,0.4500000000000002,-0.25,-0.36249999999999716,-0.08750000000000036,-0.3250000000000002,-0.13749999999998863,-0.6375,0.10000000000000009,-0.2875000000000001,0.675,0.1,1.25
-104488.92499999999,172196.1875,10278.850000000006,157760.9125,8124.137500000012,-13382.275000000023,165360.45,-3980.412500000006,147890.2,26901.92499999999,-0.5499999999999998,0.75,-0.36249999999999716,0.9124999999999996,-1.3250000000000002,0.8625000000000114,0.3625,0.10000000000000009,-0.2875000000000001,0.675,0.1,1.25
-104597.92499999999,172665.1875,10366.850000000006,157911.9125,8213.137500000012,-13383.275000000023,165858.45,-4007.412500000006,147729.2,26976.92499999999,-0.5499999999999998,0.75,-0.36249999999999716,-0.08750000000000036,-0.3250000000000002,-0.13749999999998863,0.3625,0.10000000000000009,-0.2875000000000001,0.675,0.1,-0.75
-104822.92499999999,172989.1875,10425.850000000006,158166.9125,8206.137500000012,-13541.275000000023,165376.45,-3996.412500000006,147650.2,26810.92499999999,-0.5499999999999998,-0.25,0.6375000000000028,-0.08750000000000036,-0.3250000000000002,-0.13749999999998863,0.3625,0.10000000000000009,-0.2875000000000001,-0.32499999999999996,0.1,0.25
-104902.92499999999,172492.1875,10423.850000000006,157979.9125,8206.137500000012,-13437.275000000023,165200.45,-3976.412500000006,147639.2,26641.92499999999,-0.5499999999999998,0.75,-0.36249999999999716,-0.08750000000000036,-0.3250000000000002,-0.13749999999998863,0.3625,-0.8999999999999999,-0.2875000000000001,0.675,0.1,-0.75
-104959.92499999999,172584.1875,10396.850000000006,157885.9125,8238.137500000012,-13349.275000000023,165066.45,-4155.412500000006,147528.2,26404.92499999999,0.4500000000000002,-0.25,0.6375000000000028,-0.08750000000000036,-0.3250000000000002,-0.13749999999998863,-0.6375,0.10000000000000009,-0.2875000000000001,-0.32499999999999996,0.1,0.25
-105051.92499999999,172748.1875,10348.850000000006,158247.9125,8180.137500000012,-13253.275000000023,164822.45,-4031.412500000006,147688.2,26506.92499999999,0.4500000000000002,-0.25,-0.36249999999999716,-0.08750000000000036,0.6749999999999998,0.8625000000000114,-0.6375,0.10000000000000009,-0.2875000000000001,-0.32499999999999996,1.1,-0.75
-105262.92499999999,172716.1875,10549.850000000006,158361.9125,7996.137500000012,-13249.275000000023,164989.45,-3946.412500000006,147764.2,26533.92499999999,-0.5499999999999998,0.75,0.6375000000000028,-0.08750000000000036,-0.3250000000000002,-0.13749999999998863,0.3625,0.10000000000000009,-0.2875000000000001,-0.32499999999999996,0.1,-0.75
-105323.92499999999,172866.1875,10538.850000000006,158418.9125,8086.137500000012,-13131.275000000023,164567.45,-3841.412500000006,147714.2,26472.92499999999,-0.5499999999999998,0.75,0.6375000000000028,-0.08750000000000036,-0.3250000000000002,-0.13749999999998863,0.3625,-0.8999999999999999,-0.2875000000000001,0.675,0.1,0.25
-105272.92499999999,172961.1875,10641.850000000006,158492.9125,8072.137500000012,-13249.275000000023,164456.45,-3877.412500000006,147691.2,26454.92499999999,0.4500000000000002,0.75,0.6375000000000028,-0.08750000000000036,-0.3250000000000002,0.8625000000000114,0.3625,0.10000000000000009,-0.2875000000000001,-0.32499999999999996,0.1,-0.75
-105378.92499999999,172971.1875,10627.850000000006,158575.9125,8016.137500000012,-13302.275000000023,164769.45,-3856.412500000006,147757.2,26415.92499999999,0.4500000000000002,0.75,0.6375000000000028,0.9124999999999996,-0.3250000000000002,0.8625000000000114,-0.6375,-0.8999999999999999,-0.2875000000000001,1.675,0.1,0.25
-104989.92499999999,172954.1875,10594.850000000006,158197.9125,8009.137500000012,-13245.275000000023,164397.45,-3919.412500000006,148059.2,26506.92499999999,0.4500000000000002,-0.25,-0.36249999999999716,-0.08750000000000036,-0.3250000000000002,-0.13749999999998863,0.3625,0.10000000000000009,-0.2875000000000001,0.675,0.1,0.25
-105086.92499999999,172733.1875,10569.850000000006,158232.9125,7988.137500000012,-13360.275000000023,164545.45,-3877.412500000006,148001.2,26628.92499999999,0.4500000000000002,-0.25,-0.36249999999999716,-0.08750000000000036,0.6749999999999998,-0.13749999999998863,0.3625,0.10000000000000009,-0.2875000000000001,0.675,0.1,-0.75
-105234.92499999999,173082.1875,10422.850000000006,158382.9125,8243.137500000012,-13345.275000000023,165338.45,-3763.412500000006,148177.2,26636.92499999999,-0.5499999999999998,-0.25,-0.36249999999999716,-0.08750000000000036,-0.3250000000000002,-0.13749999999998863,-0.6375,0.10000000000000009,-0.2875000000000001,0.675,0.1,0.25
-105316.92499999999,173009.1875,10444.850000000006,158122.9125,8184.137500000012,-13319.275000000023,164802.45,-3786.412500000006,148102.2,26616.92499999999,-0.5499999999999998,0.75,0.6375000000000028,-0.08750000000000036,-0.3250000000000002,-0.13749999999998863,0.3625,0.10000000000000009,-0.2875000000000001,-0.32499999999999996,0.1,0.25
-105216.92499999999,172951.1875,10512.850000000006,157884.9125,8098.137500000012,-13314.275000000023,164244.45,-3947.412500000006,147999.2,26484.92499999999,-0.5499999999999998,0.75,-0.36249999999999716,0.9124999999999996,0.6749999999999998,-1.1374999999999886,0.3625,0.10000000000000009,-1.2875,-0.32499999999999996,-0.9,-0.75
-104961.92499999999,172749.1875,10332.850000000006,157746.9125,8138.137500000012,-13217.275000000023,164498.45,-3984.412500000006,148104.2,26558.92499999999,0.4500000000000002,-0.25,-0.36249999999999716,0.9124999999999996,-0.3250000000000002,-0.13749999999998863,0.3625,0.10000000000000009,1.7125,0.675,-0.9,-0.75
-104774.92499999999,172815.1875,10406.850000000006,157743.9125,8142.137500000012,-13193.275000000023,164977.45,-4138.412500000006,148031.2,26812.92499999999,0.4500000000000002,-0.25,-0.36249999999999716,0.9124999999999996,0.6749999999999998,-0.13749999999998863,-0.6375,0.10000000000000009,-0.2875000000000001,-0.32499999999999996,0.1,-0.75
-104562.92499999999,172652.1875,10355.850000000006,157908.9125,8160.137500000012,-13515.275000000023,165379.45,-4514.412500000006,147779.2,26868.92499999999,0.4500000000000002,-0.25,-0.36249999999999716,0.9124999999999996,-0.3250000000000002,-0.13749999999998863,0.3625,-0.8999999999999999,-0.2875000000000001,0.675,0.1,-0.75
-104757.92499999999,172944.1875,10099.850000000006,157995.9125,8147.137500000012,-13155.275000000023,165380.45,-4063.412500000006,148177.2,26635.92499999999,1.4500000000000002,-0.25,0.6375000000000028,-0.08750000000000036,-0.3250000000000002,0.8625000000000114,0.3625,-0.8999999999999999,-0.2875000000000001,-0.32499999999999996,0.1,-0.75
-105124.92499999999,172642.1875,10259.850000000006,158025.9125,8146.137500000012,-13061.275000000023,165912.45,-4183.412500000006,148214.2,26497.92499999999,0.4500000000000002,0.75,0.6375000000000028,0.9124999999999996,-0.3250000000000002,-0.13749999999998863,0.3625,-0.8999999999999999,-0.2875000000000001,0.675,0.1,1.25
-105023.92499999999,172704.1875,10249.850000000006,157737.9125,8331.137500000012,-12825.275000000023,165170.45,-3943.412500000006,148299.2,26448.92499999999,0.4500000000000002,-0.25,0.6375000000000028,0.9124999999999996,-0.3250000000000002,-0.13749999999998863,-0.6375,0.10000000000000009,-0.2875000000000001,0.675,0.1,0.25
-105070.92499999999,172610.1875,10301.850000000006,157841.9125,8169.137500000012,-12966.275000000023,164620.45,-3841.412500000006,148181.2,26333.92499999999,0.4500000000000002,-0.25,-0.36249999999999716,-0.08750000000000036,0.6749999999999998,-0.13749999999998863,-0.6375,1.1,-0.2875000000000001,0.675,-0.9,-0.75
-105237.92499999999,172659.1875,10276.850000000006,158182.9125,8212.137500000012,-12965.275000000023,164626.45,-3856.412500000006,148100.2,26116.92499999999,0.4500000000000002,-0.25,0.6375000000000028,0.9124999999999996,0.6749999999999998,-1.1374999999999886,-0.6375,0.10000000000000009,-0.2875000000000001,-0.32499999999999996,0.1,1.25
-105344.92499999999,172744.1875,10355.850000000006,158244.9125,8118.137500000012,-13049.275000000023,164470.45,-3942.412500000006,147999.2,26056.92499999999,0.4500000000000002,0.75,-0.36249999999999716,0.9124999999999996,0.6749999999999998,-0.13749999999998863,-0.6375,0.10000000000000009,-0.2875000000000001,1.675,0.1,0.25
-105353.92499999999,172809.1875,10400.850000000006,158227.9125,8076.137500000012,-13226.275000000023,164576.45,-3814.412500000006,147804.2,26302.92499999999,0.4500000000000002,-0.25,-1.3624999999999972,0.9124999999999996,-0.3250000000000002,-0.13749999999998863,-0.6375,0.10000000000000009,-0.2875000000000001,0.675,-0.9,0.25
-105273.92499999999,173022.1875,10458.850000000006,158000.9125,8185.137500000012,-13166.275000000023,164720.45,-3890.412500000006,147683.2,26442.92499999999,-0.5499999999999998,-0.25,0.6375000000000028,-0.08750000000000036,-0.3250000000000002,-0.13749999999998863,0.3625,0.10000000000000009,0.7124999999999999,-0.32499999999999996,1.1,-0.75
-105057.92499999999,173028.1875,10447.850000000006,157951.9125,8169.137500000012,-13246.275000000023,164947.45,-3945.412500000006,147554.2,26183.92499999999,0.4500000000000002,-0.25,-0.36249999999999716,-0.08750000000000036,0.6749999999999998,-0.13749999999998863,-0.6375,0.10000000000000009,-0.2875000000000001,-1.325,0.1,0.25
-104945.92499999999,172762.1875,10292.850000000006,157868.9125,8188.137500000012,-13265.275000000023,165525.45,-3915.412500000006,147569.2,26289.92499999999,0.4500000000000002,-0.25,0.6375000000000028,-0.08750000000000036,-0.3250000000000002,-0.13749999999998863,-0.6375,0.10000000000000009,-0.2875000000000001,-0.32499999999999996,-1.9,1.25
-105105.92499999999,172743.1875,10375.850000000006,157831.9125,8151.137500000012,-13293.275000000023,165279.45,-3858.412500000006,147615.2,26196.92499999999,-0.5499999999999998,0.75,-0.36249999999999716,-0.08750000000000036,0.6749999999999998,-0.13749999999998863,0.3625,0.10000000000000009,-0.2875000000000001,-0.32499999999999996,-0.9,1.25
-104966.92499999999,172909.1875,10273.850000000006,157928.9125,8155.137500000012,-13240.275000000023,164996.45,-3833.412500000006,147803.2,26265.92499999999,0.4500000000000002,-1.25,-0.36249999999999716,-0.08750000000000036,0.6749999999999998,-0.13749999999998863,0.3625,0.10000000000000009,-0.2875000000000001,-0.32499999999999996,-0.9,-0.75
-104884.92499999999,173006.1875,10228.850000000006,157938.9125,8218.137500000012,-13231.275000000023,165066.45,-3790.412500000006,148038.2,25994.92499999999,-0.5499999999999998,-0.25,-1.3624999999999972,0.9124999999999996,-0.3250000000000002,0.8625000000000114,-0.6375,0.10000000000000009,-0.2875000000000001,-0.32499999999999996,0.1,-0.75
-104933.92499999999,172860.1875,10287.850000000006,157854.9125,8181.137500000012,-13331.275000000023,165017.45,-3884.412500000006,147989.2,26216.92499999999,-0.5499999999999998,-0.25,-0.36249999999999716,-0.08750000000000036,-0.3250000000000002,-0.13749999999998863,0.3625,0.10000000000000009,-1.2875,-1.325,1.1,-0.75
-104879.92499999999,172562.1875,10309.850000000006,157691.9125,7957.137500000012,-13277.275000000023,164637.45,-3835.412500000006,148079.2,26378.92499999999,0.4500000000000002,-0.25,-0.36249999999999716,-1.0875000000000004,0.6749999999999998,0.8625000000000114,0.3625,0.10000000000000009,-0.2875000000000001,-0.32499999999999996,0.1,-0.75
-104922.92499999999,172848.1875,10246.850000000006,157764.9125,8169.137500000012,-13341.275000000023,164523.45,-3950.412500000006,148057.2,26234.92499999999,0.4500000000000002,-0.25,-0.36249999999999716,-0.08750000000000036,-0.3250000000000002,-0.13749999999998863,-0.6375,0.10000000000000009,0.7124999999999999,-0.32499999999999996,0.1,0.25
-105125.92499999999,173069.1875,10290.850000000006,157834.9125,8287.137500000012,-13397.275000000023,165042.45,-3938.412500000006,147873.2,26090.92499999999,0.4500000000000002,-0.25,0.6375000000000028,-0.08750000000000036,-0.3250000000000002,-0.13749999999998863,0.3625,0.10000000000000009,-0.2875000000000001,-0.32499999999999996,0.1,0.25
-105051.92499999999,173188.1875,10708.850000000006,157844.9125,8189.137500000012,-13574.275000000023,165772.45,-3995.412500000006,147634.2,26248.92499999999,0.4500000000000002,-0.25,-0.36249999999999716,0.9124999999999996,0.6749999999999998,-0.13749999999998863,-0.6375,0.10000000000000009,-0.2875000000000001,-0.32499999999999996,0.1,0.25
-105053.92499999999,173229.1875,10673.850000000006,157899.9125,8063.137500000012,-13439.275000000023,166296.45,-3891.412500000006,147426.2,26160.92499999999,0.4500000000000002,0.75,-0.36249999999999716,-0.08750000000000036,-0.3250000000000002,0.8625000000000114,0.3625,0.10000000000000009,-0.2875000000000001,-0.32499999999999996,0.1,0.25
-105103.92499999999,173205.1875,10380.850000000006,157874.9125,8089.137500000012,-13311.275000000023,164698.45,-3928.412500000006,147277.2,26210.92499999999,0.4500000000000002,-0.25,-0.36249999999999716,0.9124999999999996,-0.3250000000000002,0.8625000000000114,-0.6375,0.10000000000000009,-0.2875000000000001,0.675,0.1,0.25
-105152.92499999999,173241.1875,10324.850000000006,157746.9125,7988.137500000012,-13221.275000000023,164482.45,-3887.412500000006,147402.2,26246.92499999999,-0.5499999999999998,0.75,0.6375000000000028,0.9124999999999996,0.6749999999999998,0.8625000000000114,-0.6375,0.10000000000000009,0.7124999999999999,0.675,0.1,-0.75
-105074.92499999999,172917.1875,10473.850000000006,157885.9125,7892.137500000012,-13033.275000000023,164450.45,-3940.412500000006,147537.2,26253.92499999999,0.4500000000000002,0.75,-0.36249999999999716,0.9124999999999996,-0.3250000000000002,0.8625000000000114,-0.6375,0.10000000000000009,-0.2875000000000001,-0.32499999999999996,0.1,1.25
-105159.92499999999,172633.1875,10266.850000000006,158048.9125,8161.137500000012,-12998.275000000023,163993.45,-3905.412500000006,147619.2,26033.92499999999,0.4500000000000002,0.75,-0.36249999999999716,0.9124999999999996,-0.3250000000000002,0.8625000000000114,0.3625,0.10000000000000009,-0.2875000000000001,0.675,0.1,0.25
-105400.92499999999,172820.1875,10216.850000000006,157958.9125,7894.137500000012,-12983.275000000023,164511.45,-3998.412500000006,147836.2,25766.92499999999,0.4500000000000002,0.75,-0.36249999999999716,-0.08750000000000036,-0.3250000000000002,-0.13749999999998863,0.3625,-0.8999999999999999,-0.2875000000000001,-0.32499999999999996,0.1,0.25
-105361.92499999999,172660.1875,10344.850000000006,157894.9125,7940.137500000012,-12933.275000000023,164683.45,-4018.412500000006,148273.2,25869.92499999999,0.4500000000000002,0.75,0.6375000000000028,0.9124999999999996,-0.3250000000000002,-1.1374999999999886,0.3625,0.10000000000000009,-0.2875000000000001,-0.32499999999999996,0.1,0.25
-105227.92499999999,172644.1875,10345.850000000006,157812.9125,8021.137500000012,-12829.275000000023,164571.45,-3926.412500000006,148282.2,25729.92499999999,0.4500000000000002,-0.25,-0.36249999999999716,0.9124999999999996,-0.3250000000000002,-0.13749999999998863,0.3625,-0.8999999999999999,0.7124999999999999,0.675,0.1,-0.75
-105354.92499999999,172742.1875,10412.850000000006,157780.9125,7863.137500000012,-12886.275000000023,165482.45,-3960.412500000006,148323.2,25605.92499999999,-0.5499999999999998,0.75,-0.36249999999999716,0.9124999999999996,-0.3250000000000002,-0.13749999999998863,0.3625,0.10000000000000009,-0.2875000000000001,0.675,0.1,-0.75
-105398.92499999999,172749.1875,10330.850000000006,157782.9125,7952.137500000012,-12995.275000000023,165401.45,-4140.412500000006,148184.2,25999.92499999999,0.4500000000000002,-0.25,-2.362499999999997,0.9124999999999996,0.6749999999999998,-0.13749999999998863,0.3625,-0.8999999999999999,-0.2875000000000001,-0.32499999999999996,0.1,-0.75
-105344.92499999999,173081.1875,10222.850000000006,157645.9125,7949.137500000012,-13110.275000000023,165031.45,-4093.412500000006,147886.2,26182.92499999999,0.4500000000000002,-0.25,-0.36249999999999716,-0.08750000000000036,-0.3250000000000002,0.8625000000000114,0.3625,0.10000000000000009,0.7124999999999999,-0.32499999999999996,0.1,-0.75
-105080.92499999999,173046.1875,10403.850000000006,157655.9125,8051.137500000012,-13093.275000000023,164561.45,-3788.412500000006,147842.2,26112.92499999999,0.4500000000000002,-0.25,-0.36249999999999716,0.9124999999999996,-0.3250000000000002,-0.13749999999998863,0.3625,0.10000000000000009,-0.2875000000000001,-0.32499999999999996,0.1,0.25
-105076.92499999999,173144.1875,10475.850000000006,157570.9125,8144.137500000012,-13273.275000000023,164989.45,-3845.412500000006,147843.2,26018.92499999999,0.4500000000000002,-0.25,0.6375000000000028,-0.08750000000000036,-0.3250000000000002,0.8625000000000114,0.3625,0.10000000000000009,0.7124999999999999,0.675,-0.9,0.25
-104919.92499999999,173431.1875,10568.850000000006,157382.9125,8223.137500000012,-13492.275000000023,165080.45,-3991.412500000006,147630.2,26100.92499999999,-0.5499999999999998,0.75,0.6375000000000028,-0.08750000000000036,-0.3250000000000002,-1.1374999999999886,0.3625,0.10000000000000009,-0.2875000000000001,-0.32499999999999996,0.1,0.25
-104905.92499999999,172963.1875,10569.850000000006,157551.9125,8079.137500000012,-13420.275000000023,165195.45,-4012.412500000006,147839.2,26117.92499999999,-0.5499999999999998,0.75,-0.36249999999999716,0.9124999999999996,-0.3250000000000002,-1.1374999999999886,0.3625,0.10000000000000009,0.7124999999999999,-0.32499999999999996,0.1,0.25
-104831.92499999999,173107.1875,10420.850000000006,157708.9125,7991.137500000012,-13284.275000000023,165373.45,-3733.412500000006,148054.2,26238.92499999999,0.4500000000000002,-0.25,-0.36249999999999716,-0.08750000000000036,-0.3250000000000002,-0.13749999999998863,-0.6375,0.10000000000000009,-0.2875000000000001,-0.32499999999999996,0.1,-0.75
-104967.92499999999,173221.1875,10372.850000000006,157694.9125,8103.137500000012,-13570.275000000023,165559.45,-3815.412500000006,148218.2,26131.92499999999,0.4500000000000002,0.75,0.6375000000000028,0.9124999999999996,0.6749999999999998,-0.13749999999998863,-0.6375,0.10000000000000009,-0.2875000000000001,0.675,0.1,-0.75
-105055.92499999999,173268.1875,10376.850000000006,157692.9125,8230.137500000012,-13285.275000000023,165115.45,-3933.412500000006,148247.2,26107.92499999999,-0.5499999999999998,0.75,0.6375000000000028,-0.08750000000000036,-0.3250000000000002,0.8625000000000114,0.3625,0.10000000000000009,-0.2875000000000001,-0.32499999999999996,0.1,0.25
-104865.92499999999,172732.1875,10242.850000000006,157589.9125,8123.137500000012,-13426.275000000023,164862.45,-3964.412500000006,148550.2,25982.92499999999,0.4500000000000002,-0.25,-0.36249999999999716,-0.08750000000000036,0.6749999999999998,-0.13749999999998863,0.3625,-0.8999999999999999,-0.2875000000000001,-0.32499999999999996,-0.9,-0.75
-104928.92499999999,172860.1875,10170.850000000006,157522.9125,8233.137500000012,-13262.275000000023,165311.45,-3744.412500000006,148354.2,26105.92499999999,-0.5499999999999998,-0.25,-0.36249999999999716,0.9124999999999996,-0.3250000000000002,0.8625000000000114,0.3625,0.10000000000000009,0.7124999999999999,-0.32499999999999996,0.1,0.25
-104986.92499999999,172675.1875,10341.850000000006,157593.9125,8326.137500000012,-13258.275000000023,164935.45,-3797.412500000006,148324.2,26071.92499999999,0.4500000000000002,-0.25,-1.3624999999999972,0.9124999999999996,-0.3250000000000002,-0.13749999999998863,-0.6375,-0.8999999999999999,-0.2875000000000001,-0.32499999999999996,0.1,0.25
-105025.92499999999,172700.1875,10360.850000000006,157805.9125,8281.137500000012,-13285.275000000023,164859.45,-3982.412500000006,148322.2,26006.92499999999,0.4500000000000002,0.75,-1.3624999999999972,-0.08750000000000036,-0.3250000000000002,-1.1374999999999886,0.3625,0.10000000000000009,-0.2875000000000001,-0.32499999999999996,0.1,0.25
-105142.92499999999,172814.1875,10422.850000000006,157871.9125,8326.137500000012,-13307.275000000023,164498.45,-3862.412500000006,148121.2,26252.92499999999,0.4500000000000002,-0.25,-0.36249999999999716,-0.08750000000000036,-0.3250000000000002,-0.13749999999998863,0.3625,0.10000000000000009,-0.2875000000000001,0.675,0.1,-0.75
-105168.92499999999,172956.1875,10421.850000000006,157956.9125,8319.137500000012,-13294.275000000023,165319.45,-3888.412500000006,148148.2,26303.92499999999,0.4500000000000002,0.75,0.6375000000000028,-0.08750000000000036,0.6749999999999998,-0.13749999999998863,0.3625,0.10000000000000009,-0.2875000000000001,-0.32499999999999996,0.1,-0.75
-104990.92499999999,173058.1875,10468.850000000006,157894.9125,8122.137500000012,-13230.275000000023,165108.45,-3915.412500000006,148206.2,26218.92499999999,0.4500000000000002,-0.25,-0.36249999999999716,-0.08750000000000036,0.6749999999999998,0.8625000000000114,0.3625,0.10000000000000009,-0.2875000000000001,-0.32499999999999996,0.1,-0.75
-105358.92499999999,173121.1875,10416.850000000006,158027.9125,8007.137500000012,-13213.275000000023,164665.45,-3891.412500000006,148289.2,26230.92499999999,-0.5499999999999998,-0.25,0.6375000000000028,-0.08750000000000036,0.6749999999999998,-0.13749999999998863,0.3625,0.10000000000000009,-1.2875,-0.32499999999999996,0.1,0.25
-105446.92499999999,173225.1875,10499.850000000006,158146.9125,8050.137500000012,-13045.275000000023,164678.45,-3970.412500000006,148320.2,26095.92499999999,0.4500000000000002,0.75,-1.3624999999999972,-0.08750000000000036,-0.3250000000000002,0.8625000000000114,0.3625,0.10000000000000009,-0.2875000000000001,0.675,0.1,-0.75
-105419.92499999999,172862.1875,10534.850000000006,158231.9125,8179.137500000012,-13048.275000000023,164695.45,-4096.412500000006,148380.2,25746.92499999999,0.4500000000000002,-0.25,-0.36249999999999716,-0.08750000000000036,-0.3250000000000002,-0.13749999999998863,-0.6375,0.10000000000000009,-0.2875000000000001,0.675,0.1,0.25
-105309.92499999999,172774.1875,10332.850000000006,158052.9125,8086.137500000012,-12946.275000000023,164386.45,-4059.412500000006,148731.2,25790.92499999999,0.4500000000000002,-0.25,0.6375000000000028,0.9124999999999996,-0.3250000000000002,-1.1374999999999886,-0.6375,0.10000000000000009,-0.2875000000000001,0.675,-0.9,0.25
-105245.92499999999,172689.1875,10239.850000000006,157838.9125,8105.137500000012,-12852.275000000023,164415.45,-3991.412500000006,148896.2,25896.92499999999,0.4500000000000002,0.75,0.6375000000000028,-0.08750000000000036,-1.3250000000000002,-0.13749999999998863,0.3625,0.10000000000000009,0.7124999999999999,0.675,0.1,-0.75
-105110.92499999999,172556.1875,10346.850000000006,157885.9125,8275.137500000012,-12804.275000000023,164521.45,-4072.412500000006,148858.2,25939.92499999999,0.4500000000000002,-0.25,-0.36249999999999716,0.9124999999999996,-0.3250000000000002,-1.1374999999999886,0.3625,0.10000000000000009,-0.2875000000000001,-0.32499999999999996,0.1,0.25
-105086.92499999999,172421.1875,10410.850000000006,157659.9125,8411.137500000012,-13115.275000000023,164891.45,-4159.412500000006,148815.2,25988.92499999999,-0.5499999999999998,-0.25,-0.36249999999999716,-0.08750000000000036,-0.3250000000000002,0.8625000000000114,0.3625,0.10000000000000009,-0.2875000000000001,-0.32499999999999996,0.1,0.25
-105019.92499999999,172689.1875,10447.850000000006,157639.9125,8389.137500000012,-13108.275000000023,164942.45,-4056.412500000006,148769.2,26071.92499999999,0.4500000000000002,-0.25,-1.3624999999999972,0.9124999999999996,-0.3250000000000002,0.8625000000000114,-0.6375,0.10000000000000009,-0.2875000000000001,0.675,0.1,-0.75
-104896.92499999999,172956.1875,10248.850000000006,157619.9125,8206.137500000012,-13242.275000000023,164776.45,-3939.412500000006,148642.2,26141.92499999999,0.4500000000000002,-0.25,-0.36249999999999716,-0.08750000000000036,-0.3250000000000002,-0.13749999999998863,-0.6375,0.10000000000000009,-0.2875000000000001,-0.32499999999999996,0.1,0.25
-104725.92499999999,173059.1875,10282.850000000006,157516.9125,8211.137500000012,-13200.275000000023,164918.45,-3900.412500000006,148395.2,26115.92499999999,0.4500000000000002,0.75,0.6375000000000028,-0.08750000000000036,-0.3250000000000002,-0.13749999999998863,0.3625,0.10000000000000009,-0.2875000000000001,-0.32499999999999996,-0.9,-0.75
-104569.92499999999,173005.1875,10288.850000000006,157454.9125,8212.137500000012,-13219.275000000023,165190.45,-3852.412500000006,148284.2,25917.92499999999,0.4500000000000002,-0.25,0.6375000000000028,-0.08750000000000036,-0.3250000000000002,-0.13749999999998863,-0.6375,0.10000000000000009,-0.2875000000000001,-0.32499999999999996,0.1,0.25
-104896.92499999999,172875.1875,10154.850000000006,157504.9125,8247.137500000012,-13243.275000000023,165786.45,-3866.412500000006,148398.2,25693.92499999999,0.4500000000000002,-0.25,0.6375000000000028,-0.08750000000000036,-0.3250000000000002,0.8625000000000114,-0.6375,-0.8999999999999999,-0.2875000000000001,0.675,0.1,-0.75
-104948.92499999999,173208.1875,10316.850000000006,157701.9125,8149.137500000012,-13368.275000000023,165997.45,-3861.412500000006,148281.2,25888.92499999999,0.4500000000000002,-0.25,-0.36249999999999716,0.9124999999999996,-1.3250000000000002,-0.13749999999998863,-0.6375,0.10000000000000009,-0.2875000000000001,0.675,0.1,-0.75
-104933.92499999999,173225.1875,10443.850000000006,157864.9125,8034.137500000012,-13248.275000000023,165059.45,-4001.412500000006,148222.2,25978.92499999999,-0.5499999999999998,-0.25,-0.36249999999999716,0.9124999999999996,-0.3250000000000002,-0.13749999999998863,-0.6375,0.10000000000000009,-0.2875000000000001,-0.32499999999999996,0.1,-0.75
-105009.92499999999,172958.1875,10344.850000000006,157868.9125,8037.137500000012,-13156.275000000023,164914.45,-3830.412500000006,148112.2,25868.92499999999,1.4500000000000002,0.75,-1.3624999999999972,-0.08750000000000036,-0.3250000000000002,-0.13749999999998863,0.3625,0.10000000000000009,-0.2875000000000001,-0.32499999999999996,0.1,0.25
-105149.92499999999,172935.1875,10414.850000000006,157826.9125,8072.137500000012,-13037.275000000023,165211.45,-3867.412500000006,148364.2,25676.92499999999,0.4500000000000002,-0.25,-0.36249999999999716,0.9124999999999996,0.6749999999999998,-0.13749999999998863,-0.6375,-0.8999999999999999,-0.2875000000000001,0.675,0.1,-0.75
-105356.92499999999,172828.1875,10634.850000000006,157921.9125,7999.137500000012,-13161.275000000023,164871.45,-3907.412500000006,148380.2,25629.92499999999,0.4500000000000002,0.75,0.6375000000000028,-0.08750000000000036,0.6749999999999998,0.8625000000000114,0.3625,0.10000000000000009,-1.2875,-0.32499999999999996,0.1,0.25
-105450.92499999999,173096.1875,10682.850000000006,158090.9125,7911.137500000012,-13339.275000000023,164567.45,-4023.412500000006,148110.2,25613.92499999999,0.4500000000000002,0.75,-1.3624999999999972,0.9124999999999996,-0.3250000000000002,-0.13749999999998863,0.3625,-0.8999999999999999,-0.2875000000000001,0.675,0.1,-0.75
-105397.92499999999,173374.1875,10618.850000000006,158194.9125,7975.137500000012,-13317.275000000023,164356.45,-3963.412500000006,148147.2,25652.92499999999,0.4500000000000002,0.75,-1.3624999999999972,0.9124999999999996,0.6749999999999998,-1.1374999999999886,0.3625,0.10000000000000009,-0.2875000000000001,0.675,0.1,-0.75
-105306.92499999999,173315.1875,10608.850000000006,158001.9125,8113.137500000012,-13429.275000000023,164545.45,-4009.412500000006,148205.2,25689.92499999999,0.4500000000000002,-0.25,0.6375000000000028,-0.08750000000000036,-0.3250000000000002,-1.1374999999999886,0.3625,-0.8999999999999999,-0.2875000000000001,-0.32499999999999996,0.1,-0.75
-105002.92499999999,173080.1875,10432.850000000006,157749.9125,8003.137500000012,-13328.275000000023,164736.45,-3978.412500000006,148124.2,25796.92499999999,0.4500000000000002,0.75,0.6375000000000028,-0.08750000000000036,-0.3250000000000002,-0.13749999999998863,0.3625,0.10000000000000009,-0.2875000000000001,-0.32499999999999996,0.1,-0.75
-104874.92499999999,173010.1875,10395.850000000006,157514.9125,8255.137500000012,-13175.275000000023,165192.45,-3878.412500000006,148210.2,25932.92499999999,0.4500000000000002,-0.25,-1.3624999999999972,-0.08750000000000036,-0.3250000000000002,-0.13749999999998863,0.3625,0.10000000000000009,-0.2875000000000001,0.675,0.1,1.25
-104868.92499999999,173339.1875,10426.850000000006,157515.9125,8353.137500000012,-13369.275000000023,165276.45,-3843.412500000006,148309.2,25942.92499999999,0.4500000000000002,-0.25,-1.3624999999999972,0.9124999999999996,-0.3250000000000002,0.8625000000000114,0.3625,0.10000000000000009,-0.2875000000000001,-0.32499999999999996,0.1,-0.75
-104899.92499999999,173143.1875,10306.850000000006,157495.9125,8313.137500000012,-13326.275000000023,165100.45,-3907.412500000006,148402.2,25991.92499999999,0.4500000000000002,-0.25,-1.3624999999999972,-0.08750000000000036,-0.3250000000000002,-0.13749999999998863,0.3625,-0.8999999999999999,-0.2875000000000001,0.675,0.1,-0.75
-104726.92499999999,172789.1875,10264.850000000006,157478.9125,8162.137500000012,-13135.275000000023,164858.45,-4053.412500000006,148503.2,25925.92499999999,0.4500000000000002,-0.25,-0.36249999999999716,0.9124999999999996,-0.3250000000000002,-0.13749999999998863,0.3625,-0.8999999999999999,-0.2875000000000001,-0.32499999999999996,0.1,-0.75
-104846.92499999999,172803.1875,10283.850000000006,157789.9125,8015.137500000012,-12938.275000000023,164685.45,-3999.412500000006,148781.2,25903.92499999999,0.4500000000000002,-0.25,0.6375000000000028,0.9124999999999996,-0.3250000000000002,-1.1374999999999886,0.3625,-0.8999999999999999,-0.2875000000000001,0.675,0.1,0.25
-105219.92499999999,172828.1875,10368.850000000006,157764.9125,8228.137500000012,-12908.275000000023,164536.45,-3919.412500000006,148825.2,25699.92499999999,0.4500000000000002,-0.25,-0.36249999999999716,-0.08750000000000036,-0.3250000000000002,-0.13749999999998863,0.3625,0.10000000000000009,-0.2875000000000001,0.675,0.1,0.25
-105279.92499999999,172816.1875,10413.850000000006,157647.9125,8324.137500000012,-13002.275000000023,164187.45,-3964.412500000006,148832.2,25432.92499999999,-0.5499999999999998,-0.25,-0.36249999999999716,0.9124999999999996,-0.3250000000000002,-0.13749999999998863,-0.6375,0.10000000000000009,-0.2875000000000001,0.675,0.1,1.25
-105373.92499999999,172755.1875,10494.850000000006,157867.9125,8140.137500000012,-13100.275000000023,164165.45,-3911.412500000006,148756.2,25585.92499999999,0.4500000000000002,0.75,0.6375000000000028,-0.08750000000000036,-0.3250000000000002,-0.13749999999998863,0.3625,0.10000000000000009,-0.2875000000000001,0.675,0.1,0.25
-105377.92499999999,172784.1875,10477.850000000006,158149.9125,7906.137500000012,-13149.275000000023,163813.45,-3905.412500000006,148692.2,25615.92499999999,0.4500000000000002,0.75,-0.36249999999999716,0.9124999999999996,0.6749999999999998,-0.13749999999998863,0.3625,0.10000000000000009,0.7124999999999999,-0.32499999999999996,0.1,1.25
-105452.92499999999,172757.1875,10632.850000000006,158105.9125,7897.137500000012,-13188.275000000023,164211.45,-3838.412500000006,148581.2,26034.92499999999,0.4500000000000002,0.75,-0.36249999999999716,0.9124999999999996,-0.3250000000000002,-0.13749999999998863,0.3625,0.10000000000000009,-0.2875000000000001,-0.32499999999999996,0.1,-0.75
-105330.92499999999,173350.1875,10577.850000000006,157732.9125,7913.137500000012,-13359.275000000023,164804.45,-3883.412500000006,148255.2,25867.92499999999,1.4500000000000002,0.75,0.6375000000000028,-0.08750000000000036,0.6749999999999998,0.8625000000000114,0.3625,0.10000000000000009,-0.2875000000000001,-0.32499999999999996,1.1,-0.75
-105438.92499999999,173310.1875,10470.850000000006,157765.9125,8036.137500000012,-13350.275000000023,165275.45,-3910.412500000006,148261.2,25771.92499999999,0.4500000000000002,-0.25,-0.36249999999999716,0.9124999999999996,-0.3250000000000002,-0.13749999999998863,0.3625,0.10000000000000009,-0.2875000000000001,-0.32499999999999996,0.1,0.25
-105301.92499999999,173431.1875,10526.850000000006,157940.9125,8198.137500000012,-13313.275000000023,164970.45,-3897.412500000006,148304.2,25724.92499999999,-0.5499999999999998,-0.25,-0.36249999999999716,-0.08750000000000036,-0.3250000000000002,-1.1374999999999886,-0.6375,0.10000000000000009,-0.2875000000000001,-0.32499999999999996,0.1,-0.75
-105168.92499999999,173476.1875,10630.850000000006,158034.9125,8178.137500000012,-13191.275000000023,164743.45,-3887.412500000006,148369.2,25622.92499999999,0.4500000000000002,-0.25,-1.3624999999999972,-0.08750000000000036,-0.3250000000000002,-0.13749999999998863,0.3625,0.10000000000000009,-0.2875000000000001,0.675,0.1,-0.75
-105095.92499999999,173260.1875,10537.850000000006,158072.9125,8111.137500000012,-13106.275000000023,164987.45,-3955.412500000006,148509.2,25626.92499999999,-0.5499999999999998,0.75,-0.36249999999999716,-0.08750000000000036,-0.3250000000000002,-0.13749999999998863,-0.6375,0.10000000000000009,-0.2875000000000001,-0.32499999999999996,0.1,1.25
-104967.92499999999,172907.1875,10584.850000000006,157904.9125,8193.137500000012,-13435.275000000023,164788.45,-4026.412500000006,148616.2,25668.92499999999,-0.5499999999999998,-0.25,0.6375000000000028,-0.08750000000000036,-0.3250000000000002,-0.13749999999998863,-0.6375,0.10000000000000009,0.7124999999999999,0.675,0.1,-0.75
-104943.92499999999,173071.1875,10299.850000000006,157785.9125,8210.137500000012,-13469.275000000023,164585.45,-3936.412500000006,148529.2,25517.92499999999,-0.5499999999999998,-0.25,-0.36249999999999716,-0.08750000000000036,-0.3250000000000002,0.8625000000000114,0.3625,0.10000000000000009,0.7124999999999999,-0.32499999999999996,0.1,-1.75
-104952.92499999999,173281.1875,10060.850000000006,157786.9125,8308.137500000012,-13066.275000000023,165019.45,-3901.412500000006,148519.2,25521.92499999999,-0.5499999999999998,-0.25,0.6375000000000028,-0.08750000000000036,0.6749999999999998,0.8625000000000114,0.3625,-0.8999999999999999,-0.2875000000000001,0.675,-0.9,0.25
-104799.92499999999,173212.1875,10219.850000000006,157595.9125,8258.137500000012,-13345.275000000023,165311.45,-3884.412500000006,148624.2,25738.92499999999,-0.5499999999999998,-0.25,0.6375000000000028,-0.08750000000000036,0.6749999999999998,-0.13749999999998863,0.3625,0.10000000000000009,-0.2875000000000001,0.675,0.1,0.25
-104688.92499999999,173089.1875,10134.850000000006,157497.9125,8093.137500000012,-13314.275000000023,164976.45,-4000.412500000006,148708.2,25792.92499999999,-0.5499999999999998,-0.25,-0.36249999999999716,0.9124999999999996,-0.3250000000000002,-0.13749999999998863,0.3625,-0.8999999999999999,0.7124999999999999,-0.32499999999999996,0.1,1.25
-104583.92499999999,172970.1875,10200.850000000006,157337.9125,8176.137500000012,-13236.275000000023,165376.45,-4090.412500000006,148497.2,25989.92499999999,0.4500000000000002,-1.25,-0.36249999999999716,0.9124999999999996,-0.3250000000000002,-0.13749999999998863,0.3625,0.10000000000000009,-0.2875000000000001,0.675,0.1,1.25
