FPI,SPI,AI,SFI,FFI,FPD,SPD,AD,SFD,FFD,API_X,API_Y,API_Z,APD_X,APD_Y,APD_Z,AFD_X,AFD_Y,AFD_Z,AFI_X,AFI_Y,AFI_Z
-12900.825000000012,-404.0999999999767,11728.375,117.95000000001164,5147.362499999988,18775.95000000001,-6.537500000005821,1420.125,227.6750000000029,7261.987499999988,-0.5750000000000002,-0.0625,0.4124999999999943,0.10000000000000009,-0.3624999999999998,-1.2125000000000057,0.1125,0.20000000000000018,-0.3250000000000002,0.8500000000000001,-0.875,0.6749999999999972
-13024.825000000012,-292.0999999999767,11557.375,-209.04999999998836,5286.362499999988,18916.95000000001,289.4624999999942,1481.125,318.6750000000029,6728.987499999988,-0.5750000000000002,0.9375,0.4124999999999943,-0.8999999999999999,0.6375000000000002,-0.21250000000000568,0.1125,-0.7999999999999998,-0.3250000000000002,-0.1499999999999999,0.125,-0.32500000000000284
-13026.825000000012,62.90000000002328,11471.375,-211.04999999998836,5435.362499999988,18842.95000000001,-123.53750000000582,1506.125,337.6750000000029,6601.987499999988,-0.5750000000000002,-0.0625,-0.5875000000000057,0.10000000000000009,-0.3624999999999998,0.7874999999999943,0.1125,-0.7999999999999998,-0.3250000000000002,-0.1499999999999999,0.125,0.6749999999999972
-13334.825000000012,321.9000000000233,11593.375,157.95000000001164,5217.362499999988,18739.95000000001,110.46249999999418,1524.125,371.6750000000029,6952.987499999988,0.4249999999999998,-0.0625,-0.5875000000000057,-0.8999999999999999,0.6375000000000002,0.7874999999999943,0.1125,0.20000000000000018,-0.3250000000000002,0.8500000000000001,0.125,0.6749999999999972
-13321.825000000012,328.9000000000233,11635.375,-98.04999999998836,4959.362499999988,18980.95000000001,209.46249999999418,1432.125,220.6750000000029,6974.987499999988,-0.5750000000000002,0.9375,0.4124999999999943,0.10000000000000009,0.6375000000000002,-0.21250000000000568,0.1125,0.20000000000000018,-0.3250000000000002,-0.1499999999999999,0.125,0.6749999999999972
-13335.825000000012,354.9000000000233,11701.375,-36.04999999998836,4958.362499999988,18824.95000000001,413.4624999999942,1487.125,231.6750000000029,7067.987499999988,0.4249999999999998,-0.0625,0.4124999999999943,0.10000000000000009,0.6375000000000002,0.7874999999999943,0.1125,0.20000000000000018,0.6749999999999998,-0.1499999999999999,0.125,-0.32500000000000284
-13175.825000000012,450.9000000000233,11679.375,-62.04999999998836,4910.362499999988,18889.95000000001,537.4624999999942,1145.125,130.6750000000029,6992.987499999988,0.4249999999999998,-0.0625,-1.5875000000000057,0.10000000000000009,-0.3624999999999998,-0.21250000000000568,0.1125,0.20000000000000018,0.6749999999999998,-0.1499999999999999,0.125,-1.3250000000000028
-13236.825000000012,528.9000000000233,11673.375,-372.04999999998836,5025.362499999988,19218.95000000001,277.4624999999942,1339.125,-48.32499999999709,7053.987499999988,0.4249999999999998,-1.0625,0.4124999999999943,0.10000000000000009,0.6375000000000002,0.7874999999999943,0.1125,0.20000000000000018,-0.3250000000000002,0.8500000000000001,0.125,-1.3250000000000028
-13113.825000000012,192.90000000002328,11722.375,-326.04999999998836,5208.362499999988,19204.95000000001,-39.53750000000582,1272.125,-243.3249999999971,7344.987499999988,0.4249999999999998,-0.0625,1.4124999999999943,1.1,-0.3624999999999998,-0.21250000000000568,0.1125,0.20000000000000018,0.6749999999999998,-0.1499999999999999,0.125,0.6749999999999972
-13126.825000000012,-72.09999999997672,11679.375,-284.04999999998836,5344.362499999988,19011.95000000001,-766.5375000000058,1256.125,-485.3249999999971,7453.987499999988,0.4249999999999998,-1.0625,1.4124999999999943,0.10000000000000009,-0.3624999999999998,0.7874999999999943,0.1125,0.20000000000000018,-1.3250000000000002,-0.1499999999999999,0.125,-0.32500000000000284
-13080.825000000012,60.90000000002328,11618.375,-456.04999999998836,5365.362499999988,19317.95000000001,-295.5375000000058,1230.125,-515.3249999999971,7159.987499999988,0.4249999999999998,-0.0625,-0.5875000000000057,1.1,-1.3624999999999998,0.7874999999999943,0.1125,0.20000000000000018,-0.3250000000000002,-0.1499999999999999,-0.875,0.6749999999999972
-13207.825000000012,82.90000000002328,11579.375,-314.04999999998836,5087.362499999988,19220.95000000001,-36.53750000000582,1243.125,-558.3249999999971,7174.987499999988,0.4249999999999998,-0.0625,1.4124999999999943,0.10000000000000009,-0.3624999999999998,-0.21250000000000568,0.1125,0.20000000000000018,0.6749999999999998,0.8500000000000001,-0.875,-1.3250000000000028
-13065.825000000012,238.90000000002328,11635.375,-266.04999999998836,5017.362499999988,19286.95000000001,-219.53750000000582,1277.125,-436.3249999999971,7235.987499999988,0.4249999999999998,-0.0625,-0.5875000000000057,1.1,-0.3624999999999998,-1.2125000000000057,0.1125,0.20000000000000018,-0.3250000000000002,-0.1499999999999999,-0.875,0.6749999999999972
-13096.825000000012,203.90000000002328,11622.375,-136.04999999998836,5192.362499999988,19323.95000000001,-856.5375000000058,1389.125,-332.3249999999971,7208.987499999988,0.4249999999999998,-0.0625,0.4124999999999943,0.10000000000000009,-0.3624999999999998,-0.21250000000000568,-0.8875,0.20000000000000018,0.6749999999999998,0.8500000000000001,0.125,-0.32500000000000284
-13239.825000000012,93.90000000002328,11621.375,-175.04999999998836,5229.362499999988,19361.95000000001,-104.53750000000582,1427.125,-346.3249999999971,6959.987499999988,-0.5750000000000002,-0.0625,1.4124999999999943,0.10000000000000009,0.6375000000000002,-0.21250000000000568,0.1125,0.20000000000000018,0.6749999999999998,-0.1499999999999999,0.125,-1.3250000000000028
-13266.825000000012,181.90000000002328,11627.375,-178.04999999998836,5173.362499999988,19296.95000000001,739.4624999999942,1376.125,-315.3249999999971,6870.987499999988,0.4249999999999998,-0.0625,1.4124999999999943,-0.8999999999999999,0.6375000000000002,-0.21250000000000568,0.1125,0.20000000000000018,-0.3250000000000002,-0.1499999999999999,0.125,-0.32500000000000284
-13189.825000000012,304.9000000000233,11726.375,-181.04999999998836,5545.362499999988,19163.95000000001,1375.4624999999942,1469.125,-164.3249999999971,6730.987499999988,0.4249999999999998,-0.0625,0.4124999999999943,0.10000000000000009,-0.3624999999999998,0.7874999999999943,0.1125,0.20000000000000018,0.6749999999999998,-0.1499999999999999,0.125,0.6749999999999972
-13073.825000000012,155.90000000002328,11762.375,-139.04999999998836,5605.362499999988,19191.95000000001,-396.5375000000058,1415.125,84.67500000000291,6935.987499999988,-0.5750000000000002,-0.0625,0.4124999999999943,0.10000000000000009,-0.3624999999999998,0.7874999999999943,-0.8875,0.20000000000000018,-0.3250000000000002,-0.1499999999999999,0.125,-0.32500000000000284
-13292.825000000012,481.9000000000233,11651.375,-213.04999999998836,5401.362499999988,18950.95000000001,-745.5375000000058,1370.125,192.6750000000029,7082.987499999988,0.4249999999999998,0.9375,-0.5875000000000057,-0.8999999999999999,-0.3624999999999998,-0.21250000000000568,0.1125,-0.7999999999999998,-0.3250000000000002,-0.1499999999999999,0.125,0.6749999999999972
-13457.825000000012,339.9000000000233,11721.375,-209.04999999998836,5241.362499999988,18999.95000000001,156.46249999999418,1442.125,339.6750000000029,6856.987499999988,-0.5750000000000002,0.9375,0.4124999999999943,-0.8999999999999999,-0.3624999999999998,-1.2125000000000057,0.1125,0.20000000000000018,0.6749999999999998,-0.1499999999999999,0.125,-0.32500000000000284
-13312.825000000012,247.90000000002328,11688.375,-343.04999999998836,5385.362499999988,18902.95000000001,827.4624999999942,1585.125,381.6750000000029,6884.987499999988,-1.5750000000000002,0.9375,0.4124999999999943,0.10000000000000009,-0.3624999999999998,-0.21250000000000568,-0.8875,0.20000000000000018,-0.3250000000000002,-0.1499999999999999,0.125,-0.32500000000000284
-13438.825000000012,291.9000000000233,11694.375,-352.04999999998836,5142.362499999988,18816.95000000001,817.4624999999942,1424.125,536.6750000000029,6921.987499999988,-0.5750000000000002,-0.0625,0.4124999999999943,-0.8999999999999999,-0.3624999999999998,-0.21250000000000568,0.1125,0.20000000000000018,0.6749999999999998,-0.1499999999999999,0.125,-0.32500000000000284
-13330.825000000012,65.90000000002328,11689.375,-292.04999999998836,5021.362499999988,18744.95000000001,-38.53750000000582,1408.125,318.6750000000029,6814.987499999988,-0.5750000000000002,-0.0625,1.4124999999999943,0.10000000000000009,0.6375000000000002,-1.2125000000000057,0.1125,0.20000000000000018,-0.3250000000000002,-0.1499999999999999,0.125,-0.32500000000000284
-13172.825000000012,41.90000000002328,11732.375,-255.04999999998836,5276.362499999988,18711.95000000001,-4.537500000005821,1534.125,220.6750000000029,6931.987499999988,-0.5750000000000002,-0.0625,0.4124999999999943,-0.8999999999999999,0.6375000000000002,-0.21250000000000568,0.1125,0.20000000000000018,-0.3250000000000002,-0.1499999999999999,0.125,-0.32500000000000284
-13088.825000000012,-20.099999999976717,11768.375,-386.04999999998836,5246.362499999988,18738.95000000001,122.46249999999418,1604.125,97.67500000000291,6945.987499999988,-0.5750000000000002,-0.0625,1.4124999999999943,-0.8999999999999999,-0.3624999999999998,-0.21250000000000568,0.1125,0.20000000000000018,-0.3250000000000002,-0.1499999999999999,0.125,0.6749999999999972
-13259.825000000012,-111.09999999997672,11725.375,-188.04999999998836,4944.362499999988,18622.95000000001,-160.53750000000582,1458.125,75.67500000000291,6739.987499999988,-0.5750000000000002,-0.0625,-0.5875000000000057,0.10000000000000009,-0.3624999999999998,0.7874999999999943,-0.8875,0.20000000000000018,-0.3250000000000002,-0.1499999999999999,0.125,-0.32500000000000284
-13352.825000000012,64.90000000002328,11528.375,-364.04999999998836,4790.362499999988,18775.95000000001,338.4624999999942,1385.125,36.67500000000291,6749.987499999988,-0.5750000000000002,-0.0625,0.4124999999999943,-0.8999999999999999,-0.3624999999999998,0.7874999999999943,0.1125,0.20000000000000018,-0.3250000000000002,-0.1499999999999999,-0.875,-1.3250000000000028
-13296.825000000012,43.90000000002328,11660.375,-410.04999999998836,5052.362499999988,18802.95000000001,1006.4624999999942,1397.125,-69.32499999999709,6983.987499999988,-0.5750000000000002,-0.0625,0.4124999999999943,-0.8999999999999999,0.6375000000000002,-0.21250000000000568,0.1125,0.20000000000000018,-0.3250000000000002,-0.1499999999999999,0.125,0.6749999999999972
-13369.825000000012,314.9000000000233,11602.375,-212.04999999998836,5100.362499999988,18899.95000000001,623.4624999999942,1449.125,-83.32499999999709,7080.987499999988,0.4249999999999998,-0.0625,1.4124999999999943,0.10000000000000009,-0.3624999999999998,-0.21250000000000568,0.1125,0.20000000000000018,0.6749999999999998,-0.1499999999999999,0.125,-0.32500000000000284
-13103.825000000012,159.90000000002328,11584.375,-178.04999999998836,5186.362499999988,18916.95000000001,221.46249999999418,1481.125,-215.3249999999971,7054.987499999988,0.4249999999999998,-1.0625,1.4124999999999943,0.10000000000000009,-0.3624999999999998,-1.2125000000000057,0.1125,0.20000000000000018,-1.3250000000000002,0.8500000000000001,-0.875,-0.32500000000000284
-13076.825000000012,262.9000000000233,11765.375,-179.04999999998836,5047.362499999988,19035.95000000001,674.4624999999942,1242.125,-366.3249999999971,6998.987499999988,0.4249999999999998,-1.0625,0.4124999999999943,0.10000000000000009,0.6375000000000002,-0.21250000000000568,0.1125,0.20000000000000018,-0.3250000000000002,0.8500000000000001,0.125,0.6749999999999972
-13141.825000000012,567.9000000000233,11965.375,-52.04999999998836,4944.362499999988,19371.95000000001,912.4624999999942,1543.125,-385.3249999999971,7300.987499999988,0.4249999999999998,-0.0625,0.4124999999999943,1.1,-0.3624999999999998,0.7874999999999943,0.1125,0.20000000000000018,-0.3250000000000002,0.8500000000000001,0.125,-0.32500000000000284
-13170.825000000012,173.90000000002328,11740.375,-69.04999999998836,5144.362499999988,19306.95000000001,864.4624999999942,1273.125,-155.3249999999971,7159.987499999988,1.4249999999999998,0.9375,0.4124999999999943,0.10000000000000009,-0.3624999999999998,-0.21250000000000568,0.1125,-0.7999999999999998,-0.3250000000000002,-0.1499999999999999,-0.875,-0.32500000000000284
-13098.825000000012,-2.099999999976717,11740.375,-132.04999999998836,5014.362499999988,19478.95000000001,33.46249999999418,1179.125,-231.3249999999971,7251.987499999988,0.4249999999999998,-0.0625,0.4124999999999943,0.10000000000000009,-0.3624999999999998,-0.21250000000000568,0.1125,0.20000000000000018,-0.3250000000000002,0.8500000000000001,-0.875,-0.32500000000000284
-13018.825000000012,82.90000000002328,11732.375,57.95000000001164,5021.362499999988,19522.95000000001,-338.5375000000058,1381.125,-180.3249999999971,7368.987499999988,0.4249999999999998,-0.0625,0.4124999999999943,0.10000000000000009,-0.3624999999999998,-1.2125000000000057,0.1125,-0.7999999999999998,-0.3250000000000002,-0.1499999999999999,0.125,-0.32500000000000284
-13043.825000000012,217.90000000002328,11684.375,207.95000000001164,5364.362499999988,19248.95000000001,-211.53750000000582,1442.125,-143.3249999999971,7164.987499999988,0.4249999999999998,-1.0625,0.4124999999999943,1.1,-0.3624999999999998,-0.21250000000000568,0.1125,0.20000000000000018,-0.3250000000000002,0.8500000000000001,0.125,0.6749999999999972
-13007.825000000012,20.900000000023283,11561.375,9.950000000011642,5521.362499999988,19374.95000000001,-236.53750000000582,1377.125,96.67500000000291,7194.987499999988,0.4249999999999998,-0.0625,0.4124999999999943,0.10000000000000009,-0.3624999999999998,-1.2125000000000057,0.1125,0.20000000000000018,-0.3250000000000002,-0.1499999999999999,0.125,-0.32500000000000284
-12939.825000000012,-211.09999999997672,11471.375,-59.04999999998836,5428.362499999988,19380.95000000001,-551.5375000000058,1336.125,151.6750000000029,7388.987499999988,-0.5750000000000002,-0.0625,0.4124999999999943,0.10000000000000009,-0.3624999999999998,-0.21250000000000568,0.1125,0.20000000000000018,-0.3250000000000002,-0.1499999999999999,0.125,-0.32500000000000284
-13005.825000000012,21.900000000023283,11652.375,-103.04999999998836,5555.362499999988,19129.95000000001,-683.5375000000058,1329.125,471.6750000000029,7301.987499999988,0.4249999999999998,-1.0625,0.4124999999999943,0.10000000000000009,-0.3624999999999998,-1.2125000000000057,0.1125,0.20000000000000018,-0.3250000000000002,-0.1499999999999999,0.125,0.6749999999999972
-13042.825000000012,90.90000000002328,11662.375,-198.04999999998836,5358.362499999988,19007.95000000001,430.4624999999942,1196.125,547.6750000000029,7266.987499999988,-0.5750000000000002,-0.0625,-1.5875000000000057,0.10000000000000009,-0.3624999999999998,0.7874999999999943,0.1125,0.20000000000000018,-0.3250000000000002,-0.1499999999999999,0.125,-0.32500000000000284
-13170.825000000012,157.90000000002328,11705.375,-179.04999999998836,5045.362499999988,19075.95000000001,465.4624999999942,1266.125,637.6750000000029,7292.987499999988,0.4249999999999998,-0.0625,-0.5875000000000057,0.10000000000000009,-0.3624999999999998,0.7874999999999943,0.1125,0.20000000000000018,0.6749999999999998,-0.1499999999999999,0.125,-0.32500000000000284
-13260.825000000012,-20.099999999976717,11767.375,-317.04999999998836,5360.362499999988,19077.95000000001,247.46249999999418,1222.125,538.6750000000029,7340.987499999988,-0.5750000000000002,0.9375,-0.5875000000000057,-0.8999999999999999,0.6375000000000002,-0.21250000000000568,0.1125,-0.7999999999999998,-0.3250000000000002,-0.1499999999999999,0.125,-0.32500000000000284
-13247.825000000012,225.90000000002328,11687.375,-516.0499999999884,5300.362499999988,18976.95000000001,355.4624999999942,1481.125,493.6750000000029,7315.987499999988,-0.5750000000000002,-0.0625,0.4124999999999943,0.10000000000000009,-1.3624999999999998,-0.21250000000000568,0.1125,0.20000000000000018,-0.3250000000000002,0.8500000000000001,0.125,0.6749999999999972
-13109.825000000012,252.90000000002328,11788.375,-423.04999999998836,5178.362499999988,18840.95000000001,423.4624999999942,1587.125,533.6750000000029,7349.987499999988,0.4249999999999998,-0.0625,0.4124999999999943,-0.8999999999999999,0.6375000000000002,-0.21250000000000568,0.1125,0.20000000000000018,-0.3250000000000002,0.8500000000000001,0.125,1.6749999999999972
-13132.825000000012,308.9000000000233,11698.375,-295.04999999998836,5055.362499999988,18885.95000000001,43.46249999999418,1341.125,461.6750000000029,7190.987499999988,-0.5750000000000002,-0.0625,1.4124999999999943,-0.8999999999999999,0.6375000000000002,-0.21250000000000568,0.1125,0.20000000000000018,-0.3250000000000002,-0.1499999999999999,0.125,-1.3250000000000028
-13174.825000000012,481.9000000000233,11828.375,-460.04999999998836,5062.362499999988,18837.95000000001,167.46249999999418,1411.125,296.6750000000029,7017.987499999988,0.4249999999999998,0.9375,-0.5875000000000057,-0.8999999999999999,-0.3624999999999998,-0.21250000000000568,-0.8875,-0.7999999999999998,0.6749999999999998,-0.1499999999999999,0.125,-0.32500000000000284
-13262.825000000012,230.90000000002328,11718.375,-447.04999999998836,5249.362499999988,18895.95000000001,-798.5375000000058,1409.125,317.6750000000029,6919.987499999988,0.4249999999999998,-0.0625,-0.5875000000000057,-0.8999999999999999,0.6375000000000002,-0.21250000000000568,0.1125,-0.7999999999999998,-0.3250000000000002,-0.1499999999999999,0.125,0.6749999999999972
-13209.825000000012,-5.099999999976717,11639.375,-347.04999999998836,5324.362499999988,19075.95000000001,-405.5375000000058,1316.125,430.6750000000029,6864.987499999988,-0.5750000000000002,-0.0625,0.4124999999999943,0.10000000000000009,0.6375000000000002,0.7874999999999943,-0.8875,0.20000000000000018,0.6749999999999998,-0.1499999999999999,0.125,-0.32500000000000284
-13232.825000000012,-175.09999999997672,11547.375,-369.04999999998836,5201.362499999988,19002.95000000001,-241.53750000000582,1294.125,515.6750000000029,7126.987499999988,-0.5750000000000002,-0.0625,0.4124999999999943,-0.8999999999999999,0.6375000000000002,-0.21250000000000568,0.1125,0.20000000000000018,-0.3250000000000002,-0.1499999999999999,0.125,-0.32500000000000284
-13324.825000000012,-110.09999999997672,11319.375,-53.04999999998836,4952.362499999988,19149.95000000001,227.46249999999418,1523.125,440.6750000000029,7381.987499999988,-0.5750000000000002,-0.0625,0.4124999999999943,0.10000000000000009,-0.3624999999999998,-0.21250000000000568,0.1125,-0.7999999999999998,-0.3250000000000002,-0.1499999999999999,-0.875,0.6749999999999972
-13242.825000000012,3.900000000023283,11506.375,-188.04999999998836,5042.362499999988,19249.95000000001,-408.5375000000058,1398.125,432.6750000000029,7012.987499999988,0.4249999999999998,-0.0625,-0.5875000000000057,0.10000000000000009,-0.3624999999999998,-0.21250000000000568,0.1125,0.20000000000000018,0.6749999999999998,0.8500000000000001,0.125,-0.32500000000000284
-13202.825000000012,145.90000000002328,11678.375,-25.04999999998836,5470.362499999988,19071.95000000001,-845.5375000000058,1262.125,627.6750000000029,6898.987499999988,0.4249999999999998,-0.0625,-0.5875000000000057,0.10000000000000009,-0.3624999999999998,-0.21250000000000568,0.1125,0.20000000000000018,-0.3250000000000002,-0.1499999999999999,0.125,-0.32500000000000284
-13128.825000000012,44.90000000002328,11688.375,92.95000000001164,5402.362499999988,19154.95000000001,-666.5375000000058,1271.125,844.6750000000029,7036.987499999988,0.4249999999999998,-0.0625,-1.5875000000000057,0.10000000000000009,0.6375000000000002,-0.21250000000000568,0.1125,0.20000000000000018,0.6749999999999998,0.8500000000000001,-0.875,-1.3250000000000028
-13189.825000000012,-152.09999999997672,11647.375,-62.04999999998836,5146.362499999988,19011.95000000001,-363.5375000000058,1112.125,733.6750000000029,7118.987499999988,0.4249999999999998,-0.0625,0.4124999999999943,0.10000000000000009,-0.3624999999999998,-0.21250000000000568,0.1125,-0.7999999999999998,0.6749999999999998,0.8500000000000001,-0.875,-0.32500000000000284
-13207.825000000012,-336.0999999999767,11667.375,-127.04999999998836,4996.362499999988,19291.95000000001,-246.53750000000582,957.125,806.6750000000029,7092.987499999988,0.4249999999999998,-0.0625,0.4124999999999943,0.10000000000000009,-0.3624999999999998,1.7874999999999943,0.1125,0.20000000000000018,-0.3250000000000002,-0.1499999999999999,1.125,0.6749999999999972
-13084.825000000012,15.900000000023283,11637.375,38.95000000001164,4972.362499999988,19215.95000000001,170.46249999999418,1230.125,798.6750000000029,7160.987499999988,0.4249999999999998,-0.0625,0.4124999999999943,0.10000000000000009,0.6375000000000002,0.7874999999999943,0.1125,0.20000000000000018,0.6749999999999998,-0.1499999999999999,0.125,1.6749999999999972
-13015.825000000012,-436.0999999999767,11539.375,187.95000000001164,5163.362499999988,19230.95000000001,37.46249999999418,1358.125,641.6750000000029,7513.987499999988,0.4249999999999998,-0.0625,1.4124999999999943,0.10000000000000009,0.6375000000000002,0.7874999999999943,0.1125,0.20000000000000018,-0.3250000000000002,0.8500000000000001,0.125,-0.32500000000000284
-12903.825000000012,-126.09999999997672,11607.375,228.95000000001164,4991.362499999988,19196.95000000001,-2048.537500000006,1346.125,297.6750000000029,7624.987499999988,0.4249999999999998,-1.0625,0.4124999999999943,0.10000000000000009,-0.3624999999999998,-0.21250000000000568,0.1125,-0.7999999999999998,-0.3250000000000002,-0.1499999999999999,1.125,0.6749999999999972
-13002.825000000012,212.90000000002328,11618.375,220.95000000001164,5437.362499999988,19194.95000000001,-844.5375000000058,1385.125,130.6750000000029,7337.987499999988,-0.5750000000000002,-0.0625,0.4124999999999943,0.10000000000000009,-0.3624999999999998,-0.21250000000000568,0.1125,-0.7999999999999998,-0.3250000000000002,-0.1499999999999999,0.125,-0.32500000000000284
-13212.825000000012,156.90000000002328,11815.375,250.95000000001164,5225.362499999988,18976.95000000001,526.4624999999942,1341.125,193.6750000000029,7051.987499999988,0.4249999999999998,-0.0625,0.4124999999999943,-0.8999999999999999,0.6375000000000002,-0.21250000000000568,0.1125,0.20000000000000018,-0.3250000000000002,-0.1499999999999999,1.125,-0.32500000000000284
-13177.825000000012,128.90000000002328,11773.375,299.95000000001164,5275.362499999988,18980.95000000001,533.4624999999942,1482.125,187.6750000000029,7189.987499999988,0.4249999999999998,-0.0625,0.4124999999999943,-0.8999999999999999,-0.3624999999999998,0.7874999999999943,-0.8875,0.20000000000000018,-0.3250000000000002,0.8500000000000001,0.125,-2.325000000000003
-13222.825000000012,-41.09999999997672,11726.375,209.95000000001164,5370.362499999988,19029.95000000001,105.46249999999418,1472.125,129.6750000000029,7222.987499999988,-0.5750000000000002,-0.0625,1.4124999999999943,-0.8999999999999999,0.6375000000000002,-0.21250000000000568,-0.8875,0.20000000000000018,-0.3250000000000002,0.8500000000000001,0.125,-0.32500000000000284
-13263.825000000012,139.90000000002328,11721.375,270.95000000001164,5392.362499999988,18991.95000000001,-317.5375000000058,1367.125,90.67500000000291,7144.987499999988,-0.5750000000000002,0.9375,0.4124999999999943,0.10000000000000009,0.6375000000000002,-0.21250000000000568,0.1125,-0.7999999999999998,0.6749999999999998,0.8500000000000001,-0.875,0.6749999999999972
-13210.825000000012,177.90000000002328,11785.375,441.95000000001164,5455.362499999988,19020.95000000001,-239.53750000000582,1382.125,-21.32499999999709,7044.987499999988,0.4249999999999998,-0.0625,-0.5875000000000057,0.10000000000000009,-0.3624999999999998,0.7874999999999943,0.1125,-0.7999999999999998,-0.3250000000000002,-0.1499999999999999,0.125,0.6749999999999972
-13253.825000000012,192.90000000002328,11730.375,161.95000000001164,5259.362499999988,19052.95000000001,661.4624999999942,1356.125,-146.3249999999971,6941.987499999988,-0.5750000000000002,0.9375,-1.5875000000000057,-0.8999999999999999,-0.3624999999999998,-0.21250000000000568,0.1125,0.20000000000000018,-0.3250000000000002,-0.1499999999999999,0.125,0.6749999999999972
-13292.825000000012,632.9000000000233,11686.375,182.95000000001164,5211.362499999988,18862.95000000001,-570.5375000000058,1364.125,-264.3249999999971,7001.987499999988,0.4249999999999998,-0.0625,-0.5875000000000057,-0.8999999999999999,-0.3624999999999998,-1.2125000000000057,0.1125,0.20000000000000018,0.6749999999999998,-0.1499999999999999,0.125,-0.32500000000000284
-13266.825000000012,612.9000000000233,11748.375,145.95000000001164,5191.362499999988,18824.95000000001,-784.5375000000058,1306.125,-202.3249999999971,6836.987499999988,-0.5750000000000002,0.9375,-0.5875000000000057,-0.8999999999999999,0.6375000000000002,-1.2125000000000057,0.1125,-0.7999999999999998,-0.3250000000000002,-0.1499999999999999,-0.875,0.6749999999999972
-13214.825000000012,398.9000000000233,11666.375,160.95000000001164,4938.362499999988,18755.95000000001,-561.5375000000058,1288.125,-206.3249999999971,6959.987499999988,-0.5750000000000002,-0.0625,1.4124999999999943,-0.8999999999999999,-0.3624999999999998,-0.21250000000000568,0.1125,0.20000000000000018,-0.3250000000000002,-0.1499999999999999,0.125,-0.32500000000000284
-13249.825000000012,231.90000000002328,11697.375,98.95000000001164,4979.362499999988,18721.95000000001,-571.5375000000058,1448.125,-88.32499999999709,7114.987499999988,-0.5750000000000002,-0.0625,0.4124999999999943,0.10000000000000009,0.6375000000000002,-0.21250000000000568,0.1125,-0.7999999999999998,-0.3250000000000002,-0.1499999999999999,0.125,-0.32500000000000284
-13322.825000000012,187.90000000002328,11842.375,34.95000000001164,5343.362499999988,18812.95000000001,216.46249999999418,1545.125,-188.3249999999971,6926.987499999988,0.4249999999999998,-0.0625,-0.5875000000000057,-0.8999999999999999,-0.3624999999999998,-0.21250000000000568,0.1125,0.20000000000000018,-0.3250000000000002,-0.1499999999999999,0.125,-0.32500000000000284
-13308.825000000012,153.90000000002328,11780.375,-32.04999999998836,5224.362499999988,18904.95000000001,657.4624999999942,1408.125,-199.3249999999971,7003.987499999988,-0.5750000000000002,-0.0625,-0.5875000000000057,-0.8999999999999999,0.6375000000000002,0.7874999999999943,0.1125,0.20000000000000018,-0.3250000000000002,0.8500000000000001,0.125,-0.32500000000000284
-13405.825000000012,29.900000000023283,11682.375,-80.04999999998836,5357.362499999988,18892.95000000001,-78.53750000000582,1315.125,-197.3249999999971,7180.987499999988,0.4249999999999998,-0.0625,-0.5875000000000057,0.10000000000000009,0.6375000000000002,-0.21250000000000568,0.1125,0.20000000000000018,0.6749999999999998,0.8500000000000001,-0.875,-0.32500000000000284
-13169.825000000012,59.90000000002328,11621.375,-61.04999999998836,5587.362499999988,18860.95000000001,-510.5375000000058,1284.125,-211.3249999999971,7190.987499999988,-0.5750000000000002,-0.0625,0.4124999999999943,0.10000000000000009,-0.3624999999999998,-0.21250000000000568,0.1125,0.20000000000000018,0.6749999999999998,-0.1499999999999999,-0.875,-0.32500000000000284
-13006.825000000012,149.90000000002328,11582.375,91.95000000001164,5392.362499999988,18780.95000000001,-1383.5375000000058,1328.125,-183.3249999999971,7183.987499999988,0.4249999999999998,-0.0625,0.4124999999999943,0.10000000000000009,-0.3624999999999998,-0.21250000000000568,-0.8875,0.20000000000000018,-0.3250000000000002,-0.1499999999999999,0.125,-1.3250000000000028
-12948.825000000012,50.90000000002328,11441.375,-69.04999999998836,5326.362499999988,18988.95000000001,-582.5375000000058,1290.125,-97.32499999999709,7196.987499999988,-0.5750000000000002,-0.0625,0.4124999999999943,0.10000000000000009,-0.3624999999999998,-0.21250000000000568,0.1125,0.20000000000000018,-0.3250000000000002,0.8500000000000001,-0.875,-0.32500000000000284
-13014.825000000012,19.900000000023283,11457.375,-130.04999999998836,5060.362499999988,19066.95000000001,406.4624999999942,1325.125,-258.3249999999971,7155.987499999988,0.4249999999999998,-0.0625,0.4124999999999943,-0.8999999999999999,-0.3624999999999998,0.7874999999999943,0.1125,0.20000000000000018,0.6749999999999998,0.8500000000000001,0.125,-0.32500000000000284
-13033.825000000012,15.900000000023283,11565.375,-0.04999999998835847,5315.362499999988,19195.95000000001,-255.53750000000582,1389.125,-64.32499999999709,7139.987499999988,-0.5750000000000002,-0.0625,0.4124999999999943,0.10000000000000009,-0.3624999999999998,-0.21250000000000568,0.1125,0.20000000000000018,-0.3250000000000002,-0.1499999999999999,0.125,0.6749999999999972
-12806.825000000012,-54.09999999997672,11668.375,-44.04999999998836,5372.362499999988,19173.95000000001,-853.5375000000058,1337.125,-68.32499999999709,6967.987499999988,-0.5750000000000002,-0.0625,0.4124999999999943,1.1,-0.3624999999999998,1.7874999999999943,0.1125,-0.7999999999999998,0.6749999999999998,0.8500000000000001,-0.875,2.674999999999997
-12804.825000000012,303.9000000000233,11715.375,-20.04999999998836,5399.362499999988,19178.95000000001,-1035.5375000000058,1344.125,-159.3249999999971,7158.987499999988,1.4249999999999998,-0.0625,0.4124999999999943,1.1,0.6375000000000002,-0.21250000000000568,0.1125,0.20000000000000018,-0.3250000000000002,-0.1499999999999999,-0.875,1.6749999999999972
-13212.825000000012,351.9000000000233,11631.375,19.95000000001164,5578.362499999988,18999.95000000001,287.4624999999942,1372.125,202.6750000000029,7382.987499999988,0.4249999999999998,-2.0625,-1.5875000000000057,1.1,0.6375000000000002,-6.212500000000006,0.1125,0.20000000000000018,0.6749999999999998,0.8500000000000001,1.125,-3.325000000000003
-12406.825000000012,-663.0999999999767,11663.375,-653.0499999999884,5209.362499999988,19533.95000000001,-1343.5375000000058,1794.125,214.6750000000029,6786.987499999988,0.4249999999999998,-1.0625,1.4124999999999943,1.1,-0.3624999999999998,-1.2125000000000057,0.1125,0.20000000000000018,0.6749999999999998,-0.1499999999999999,-0.875,-0.32500000000000284
-12568.825000000012,-824.0999999999767,11662.375,-646.0499999999884,4671.362499999988,19507.95000000001,-789.5375000000058,1832.125,-38.32499999999709,6586.987499999988,0.4249999999999998,-0.0625,-1.5875000000000057,-0.8999999999999999,-1.3624999999999998,-0.21250000000000568,0.1125,-0.7999999999999998,0.6749999999999998,-0.1499999999999999,-2.875,-1.3250000000000028
-13481.825000000012,346.9000000000233,11899.375,45.95000000001164,5408.362499999988,18530.95000000001,1201.4624999999942,1606.125,248.6750000000029,7397.987499999988,-0.5750000000000002,-2.0625,0.4124999999999943,1.1,0.6375000000000002,-2.2125000000000057,0.1125,0.20000000000000018,-0.3250000000000002,-0.1499999999999999,-0.875,-1.3250000000000028
-13271.825000000012,284.9000000000233,11806.375,-112.04999999998836,5475.362499999988,18446.95000000001,2302.462499999994,1548.125,258.6750000000029,6771.987499999988,-2.575,-0.0625,4.412499999999994,2.1,0.6375000000000002,-1.2125000000000057,0.1125,0.20000000000000018,0.6749999999999998,-0.1499999999999999,1.125,0.6749999999999972
-13091.825000000012,70.90000000002328,11565.375,-152.04999999998836,5075.362499999988,18662.95000000001,869.4624999999942,1267.125,90.67500000000291,6200.987499999988,1.4249999999999998,-2.0625,-3.5875000000000057,-1.9,-0.3624999999999998,-0.21250000000000568,0.1125,-0.7999999999999998,-0.3250000000000002,-0.1499999999999999,0.125,1.6749999999999972
-13364.825000000012,291.9000000000233,11645.375,-14.049999999988358,5444.362499999988,18196.95000000001,-148.53750000000582,1667.125,40.67500000000291,6843.987499999988,0.4249999999999998,-2.0625,-2.5875000000000057,0.10000000000000009,-0.3624999999999998,-2.2125000000000057,0.1125,0.20000000000000018,-0.3250000000000002,-0.1499999999999999,-0.875,-1.3250000000000028
-13231.825000000012,-14.099999999976717,11654.375,-410.04999999998836,5165.362499999988,18625.95000000001,-94.53750000000582,1722.125,-473.3249999999971,6146.987499999988,-1.5750000000000002,0.9375,2.4124999999999943,0.10000000000000009,-2.3625,-0.21250000000000568,0.1125,0.20000000000000018,-0.3250000000000002,-0.1499999999999999,0.125,0.6749999999999972
-12953.825000000012,-287.0999999999767,11486.375,-345.04999999998836,4939.362499999988,18414.95000000001,-779.5375000000058,1724.125,-247.3249999999971,6495.987499999988,0.4249999999999998,0.9375,1.4124999999999943,1.1,-1.3624999999999998,-0.21250000000000568,0.1125,0.20000000000000018,-0.3250000000000002,0.8500000000000001,-0.875,0.6749999999999972
-13408.825000000012,330.9000000000233,11753.375,-3.0499999999883585,5300.362499999988,18226.95000000001,1125.4624999999942,1510.125,-337.3249999999971,6590.987499999988,0.4249999999999998,-1.0625,-1.5875000000000057,-0.8999999999999999,-0.3624999999999998,0.7874999999999943,0.1125,0.20000000000000018,-0.3250000000000002,0.8500000000000001,0.125,-1.3250000000000028
-13205.825000000012,358.9000000000233,11415.375,95.95000000001164,5880.362499999988,18367.95000000001,1200.4624999999942,1627.125,-220.3249999999971,6820.987499999988,41.425,-26.0625,-89.5875,24.1,5.6375,-190.2125,0.1125,0.20000000000000018,0.6749999999999998,4.85,3.125,-9.325000000000003
-8074.825000000012,21435.900000000023,11455.375,-246.04999999998836,5353.362499999988,19801.95000000001,15706.462499999994,1747.125,-565.3249999999971,6595.987499999988,-31.575,-44.0625,149.4125,-128.9,-11.3625,102.7875,-0.8875,-0.7999999999999998,0.6749999999999998,0.8500000000000001,-10.875,-8.325000000000003
32395.17499999999,194148.90000000002,13918.375,-1424.0499999999884,3940.3624999999884,52017.95000000001,139457.4625,632.125,-1863.324999999997,4900.987499999988,33.425,15.9375,7.412499999999994,21.1,-40.3625,-6.212500000000006,-1.8875,0.20000000000000018,-0.3250000000000002,-13.15,-14.875,12.674999999999997
50716.17499999999,271697.9,22827.375,3686.9500000000116,3769.3624999999884,380574.95,233864.4625,-1968.875,2874.675000000003,10683.987499999988,-12.575,-0.0625,3.4124999999999943,-49.9,-6.3625,10.787499999999994,-0.8875,0.20000000000000018,-1.3250000000000002,-1.15,13.125,4.674999999999997
37809.17499999999,193468.90000000002,15101.375,-1457.0499999999884,-1873.6375000000116,212183.95,205429.4625,3271.125,-2448.324999999997,3878.9874999999884,22.425,-11.0625,11.412499999999994,-1.9,11.6375,1.7874999999999943,1.1125,-0.7999999999999998,1.6749999999999998,5.85,-3.875,-0.32500000000000284
15593.174999999988,120009.90000000002,8694.375,-2325.0499999999884,2606.3624999999884,170703.95,156235.4625,1751.125,-1742.324999999997,4181.987499999988,23.425,13.9375,-6.587500000000006,19.1,20.6375,48.787499999999994,-0.8875,-0.7999999999999998,-0.3250000000000002,-4.15,-7.875,-12.325000000000003
-4118.825000000012,47626.90000000002,7666.375,1260.9500000000116,5938.362499999988,121332.95000000001,112215.4625,1437.125,1441.675000000003,8398.987499999988,-10.575,2.9375,6.412499999999994,1.1,7.6375,20.787499999999994,0.1125,0.20000000000000018,-0.3250000000000002,0.8500000000000001,1.125,-9.325000000000003
-9385.825000000012,4777.900000000023,7312.375,999.9500000000116,4175.362499999988,86114.95000000001,60469.462499999994,1251.125,-313.3249999999971,5418.987499999988,-7.575,-8.0625,2.4124999999999943,-0.8999999999999999,-23.3625,12.787499999999994,0.1125,1.2000000000000002,-1.3250000000000002,-1.15,3.125,-11.325000000000003
-8512.825000000012,739.9000000000233,6449.375,-340.04999999998836,2075.3624999999884,38379.95000000001,61796.462499999994,3007.125,-370.3249999999971,4621.987499999988,26.425,1.9375,-104.5875,3.1,-10.3625,-0.21250000000000568,-0.8875,0.20000000000000018,-1.3250000000000002,2.85,4.125,-5.325000000000003
-7762.825000000012,42811.90000000002,7377.375,982.9500000000116,5140.362499999988,54290.95000000001,129392.4625,2858.125,1530.675000000003,7210.987499999988,-4.575,-23.0625,19.412499999999994,0.10000000000000009,-6.3625,-3.2125000000000057,0.1125,0.20000000000000018,-0.3250000000000002,6.85,0.125,4.674999999999997
15228.174999999988,127733.90000000002,9011.375,-128.04999999998836,1726.3624999999884,67662.95000000001,181401.4625,3272.125,1288.675000000003,5844.987499999988,2.425,6.9375,3.4124999999999943,-4.9,-17.3625,-4.212500000000006,1.1125,-1.7999999999999998,1.6749999999999998,-0.1499999999999999,0.125,-7.325000000000003
28640.17499999999,147238.90000000002,13977.375,-5.0499999999883585,464.36249999998836,72864.95000000001,200846.4625,3336.125,-532.3249999999971,2739.9874999999884,-4.575,11.9375,16.412499999999994,-3.9,2.6375,7.787499999999994,-0.8875,1.2000000000000002,-2.325,-2.15,0.125,-2.325000000000003
4537.174999999988,112538.90000000002,13082.375,353.95000000001164,778.3624999999884,66611.95000000001,192816.4625,3190.125,469.6750000000029,5775.987499999988,-1.5750000000000002,-7.0625,-0.5875000000000057,0.10000000000000009,0.6375000000000002,-13.212500000000006,-0.8875,1.2000000000000002,0.6749999999999998,-5.15,8.125,-8.325000000000003
-21468.82500000001,36392.90000000002,10182.375,310.95000000001164,1592.3624999999884,54020.95000000001,125946.4625,2926.125,508.6750000000029,5481.987499999988,-7.575,-9.0625,23.412499999999994,6.1,17.6375,-16.212500000000006,-0.8875,0.20000000000000018,-1.3250000000000002,5.85,1.125,-1.3250000000000028
-24433.82500000001,2281.9000000000233,8043.375,-385.04999999998836,2937.3624999999884,44515.95000000001,124080.4625,3430.125,653.6750000000029,4618.987499999988,3.425,-10.0625,-5.587500000000006,-7.9,2.6375,-25.212500000000006,0.1125,-0.7999999999999998,-0.3250000000000002,2.85,-1.875,1.6749999999999972
-14276.825000000012,23133.900000000023,8573.375,-338.04999999998836,1584.3624999999884,28050.95000000001,144539.4625,3600.125,-683.3249999999971,3382.9874999999884,-0.5750000000000002,-12.0625,14.412499999999994,0.10000000000000009,-2.3625,-1.2125000000000057,0.1125,0.20000000000000018,0.6749999999999998,-6.15,-0.875,-0.32500000000000284
-9882.825000000012,58267.90000000002,9335.375,840.9500000000116,2138.3624999999884,24437.95000000001,154550.4625,2709.125,1100.675000000003,5757.987499999988,5.425,-1.0625,-13.587500000000006,19.1,25.6375,-25.212500000000006,-0.8875,-0.7999999999999998,-0.3250000000000002,-0.1499999999999999,2.125,0.6749999999999972
-7667.825000000012,92451.90000000002,10907.375,386.95000000001164,232.36249999998836,16230.950000000012,181738.4625,2805.125,1101.675000000003,4885.987499999988,0.4249999999999998,-0.0625,12.412499999999994,-11.9,18.6375,42.787499999999994,-0.8875,-0.7999999999999998,-1.3250000000000002,1.85,3.125,-9.325000000000003
-12796.825000000012,86118.90000000002,11669.375,321.95000000001164,891.3624999999884,13166.950000000012,183510.4625,3242.125,318.6750000000029,4255.987499999988,-12.575,2.9375,4.412499999999994,17.1,7.6375,-23.212500000000006,-0.8875,-0.7999999999999998,-1.3250000000000002,1.85,4.125,-2.325000000000003
-21198.82500000001,69966.90000000002,11124.375,-446.04999999998836,467.36249999998836,5590.950000000012,177536.4625,3215.125,-137.3249999999971,4699.987499999988,-11.575,-9.0625,-4.587500000000006,-19.9,1.6375000000000002,20.787499999999994,-0.8875,0.20000000000000018,-0.3250000000000002,-7.15,-5.875,0.6749999999999972
-25423.82500000001,56822.90000000002,10758.375,425.95000000001164,922.3624999999884,-3172.0499999999884,171223.4625,3204.125,1067.675000000003,5882.987499999988,-0.5750000000000002,1.9375,10.412499999999994,-12.9,5.6375,-22.212500000000006,0.1125,0.20000000000000018,0.6749999999999998,-7.15,-6.875,4.674999999999997
-29813.82500000001,50301.90000000002,10715.375,314.95000000001164,1116.3624999999884,-10134.049999999988,160729.4625,2784.125,676.6750000000029,4693.987499999988,-20.575,-20.0625,18.412499999999994,24.1,-1.3624999999999998,-74.2125,-0.8875,0.20000000000000018,-0.3250000000000002,0.8500000000000001,-1.875,10.674999999999997
-35231.82500000001,62161.90000000002,10830.375,-540.0499999999884,385.36249999998836,-19718.04999999999,160362.4625,2591.125,672.6750000000029,4838.987499999988,2.425,-8.0625,0.4124999999999943,-20.9,-8.3625,-11.212500000000006,-0.8875,-0.7999999999999998,-0.3250000000000002,-4.15,-2.875,14.674999999999997
-39266.82500000001,52255.90000000002,9960.375,-27.04999999998836,1543.3624999999884,-26015.04999999999,196714.4625,2541.125,568.6750000000029,4042.9874999999884,-4.575,-6.0625,-1.5875000000000057,11.1,-21.3625,-28.212500000000006,0.1125,0.20000000000000018,1.6749999999999998,-2.15,2.125,12.674999999999997
-45439.82500000001,53936.90000000002,10202.375,1359.9500000000116,2940.3624999999884,-23701.04999999999,188463.4625,1695.125,1559.675000000003,7039.987499999988,-2.575,-15.0625,7.412499999999994,-21.9,4.6375,9.787499999999994,0.1125,0.20000000000000018,-0.3250000000000002,4.85,4.125,7.674999999999997
-53404.82500000001,57033.90000000002,9848.375,487.95000000001164,2937.3624999999884,-24401.04999999999,181389.4625,1924.125,721.6750000000029,6741.987499999988,-0.5750000000000002,4.9375,11.412499999999994,29.1,17.6375,-23.212500000000006,0.1125,-0.7999999999999998,-0.3250000000000002,2.85,7.125,-5.325000000000003
-63535.82500000001,72482.90000000002,9670.375,-458.04999999998836,3203.3624999999884,-27896.04999999999,188727.4625,1606.125,-296.3249999999971,4489.987499999988,16.425,7.9375,-16.587500000000006,-13.9,-18.3625,4.787499999999994,-0.8875,0.20000000000000018,-0.3250000000000002,-2.15,6.125,5.674999999999997
-68388.82500000001,70133.90000000002,10026.375,-517.0499999999884,5435.362499999988,-31494.04999999999,182335.4625,635.125,56.67500000000291,7802.987499999988,-3.575,-8.0625,6.412499999999994,-17.9,3.6375,10.787499999999994,0.1125,1.2000000000000002,0.6749999999999998,-2.15,-6.875,6.674999999999997
-59684.82500000001,52081.90000000002,9388.375,15.950000000011642,4293.362499999988,-30418.04999999999,175272.4625,206.125,1837.675000000003,7773.987499999988,8.425,12.9375,-15.587500000000006,2.1,-2.3625,-17.212500000000006,0.1125,0.20000000000000018,-1.3250000000000002,-0.1499999999999999,-2.875,0.6749999999999972
-43526.82500000001,20555.900000000023,8629.375,395.95000000001164,4642.362499999988,-37282.04999999999,183363.4625,840.125,595.6750000000029,6270.987499999988,6.425,-1.0625,-17.587500000000006,-1.9,-21.3625,13.787499999999994,0.1125,0.20000000000000018,-1.3250000000000002,1.85,1.125,2.674999999999997
-29652.82500000001,-320.0999999999767,9144.375,-704.0499999999884,4833.362499999988,-28457.04999999999,160513.4625,1073.125,214.6750000000029,6995.987499999988,-3.575,-9.0625,13.412499999999994,-11.9,-4.3625,16.787499999999994,-0.8875,0.20000000000000018,-0.3250000000000002,-1.15,0.125,4.674999999999997
-30373.82500000001,1615.9000000000233,11073.375,954.9500000000116,4192.362499999988,-17227.04999999999,79502.4625,7987.125,628.6750000000029,5978.987499999988,56.425,-19.0625,-162.5875,8.1,-0.3624999999999998,-2.2125000000000057,0.1125,-0.7999999999999998,-0.3250000000000002,-5.15,-7.875,-6.325000000000003
-25771.82500000001,24328.900000000023,10525.375,670.9500000000116,5678.362499999988,3227.9500000000116,18191.462499999994,6885.125,1238.675000000003,7867.987499999988,-30.575,33.9375,128.4125,85.1,-129.3625,162.7875,-1.8875,-0.7999999999999998,1.6749999999999998,-8.15,-15.875,9.674999999999997
33400.17499999999,277665.9,16521.375,-1632.0499999999884,775.3624999999884,91486.95000000001,179000.4625,-538.875,-1313.324999999997,1428.9874999999884,57.425,47.9375,-154.5875,336.1,11.6375,-102.2125,-1.8875,0.20000000000000018,-1.3250000000000002,-32.15,-38.875,-13.325000000000003
123542.17499999999,410432.9,16004.375,-11.049999999988358,-8872.637500000012,373519.95,352227.4625,295.125,4946.675000000003,-148.01250000001164,19.425,82.9375,-19.587500000000006,-222.9,155.6375,-101.2125,1.1125,-1.7999999999999998,-0.3250000000000002,41.85,24.125,-24.325000000000003
17405.17499999999,249989.90000000002,-3996.625,1656.9500000000116,-9834.637500000012,560480.95,270025.4625,-54176.875,5114.675000000003,-1130.0125000000116,-56.575,50.9375,179.4125,-126.9,48.6375,-12.212500000000006,-0.8875,-0.7999999999999998,-2.325,-4.15,54.125,-28.325000000000003
-5816.825000000012,299360.9,-10493.625,-5461.049999999988,21425.36249999999,-5911.049999999988,196677.4625,-71636.875,-5103.324999999997,-16093.012500000012,57.425,0.9375,-6.587500000000006,-67.9,4.6375,-10.212500000000006,1.1125,-0.7999999999999998,3.675,5.85,-5.875,14.674999999999997
-46738.82500000001,389426.9,964.375,-316.04999999998836,13845.362499999988,126199.95000000001,191650.4625,-2386.875,-6684.324999999997,-15883.012500000012,24.425,-22.0625,4.412499999999994,66.1,-43.3625,-58.212500000000006,0.1125,-3.8,2.675,-3.15,-6.875,-33.325
-65999.82500000001,149254.90000000002,8250.375,7239.950000000012,723.3624999999884,27194.95000000001,180271.4625,52009.125,9872.675000000003,4325.987499999988,-9.575,48.9375,-28.587500000000006,-68.9,-42.3625,-50.212500000000006,0.1125,-2.8,2.675,9.85,-4.875,-26.325000000000003
-61788.82500000001,110582.90000000002,-8351.625,411.95000000001164,-2964.6375000000116,30137.95000000001,106168.4625,32470.125,2288.675000000003,-5080.012500000012,-31.575,-29.0625,31.412499999999994,19.1,-59.3625,-8.212500000000006,-0.8875,2.2,-0.3250000000000002,-8.15,0.125,23.674999999999997
-73718.82500000001,15867.900000000023,-18169.625,-2942.0499999999884,3966.3624999999884,6803.950000000012,8462.462499999994,435.125,-1802.324999999997,-12062.012500000012,-2.575,13.9375,-4.587500000000006,5.1,-33.3625,-12.212500000000006,3.1125,4.2,1.6749999999999998,-8.15,-3.875,21.674999999999997
-82870.82500000001,-239.09999999997672,-13001.625,7773.950000000012,14354.362499999988,4996.950000000012,-2166.537500000006,1782.125,21589.675000000003,1917.9874999999884,15.425,-30.0625,-12.587500000000006,9.1,0.6375000000000002,-26.212500000000006,-2.8875,2.2,0.6749999999999998,1.85,-33.875,35.675
-87578.82500000001,4760.900000000023,-5845.625,154964.95,14359.362499999988,-11213.049999999988,1822.4624999999942,-4403.875,125702.675,49931.98749999999,-22.575,-7.0625,48.412499999999994,-17.9,-23.3625,-26.212500000000006,-0.8875,-0.7999999999999998,-2.325,-35.15,2.125,-8.325000000000003
-83933.82500000001,-1400.0999999999767,-8407.625,189634.95,7497.362499999988,-8008.049999999988,2747.462499999994,-2687.875,199094.675,48952.98749999999,2.425,-20.0625,-16.587500000000006,5.1,-1.3624999999999998,-38.212500000000006,0.1125,-0.7999999999999998,-1.3250000000000002,16.85,-8.875,22.674999999999997
-85231.82500000001,1798.9000000000233,-6152.625,162146.95,725.3624999999884,-7238.049999999988,-1793.5375000000058,1919.125,188423.675,19758.98749999999,43.425,-16.0625,-34.587500000000006,-10.9,14.6375,66.7875,1.1125,-1.7999999999999998,-0.3250000000000002,-4.15,9.125,-26.325000000000003
-83156.82500000001,75963.90000000002,-9668.625,99132.95000000001,58001.36249999999,20113.95000000001,206290.4625,1285.125,109193.675,-39735.01250000001,-11.575,-33.0625,-6.587500000000006,18.1,-21.3625,4.787499999999994,0.1125,-0.7999999999999998,5.675,29.85,8.125,45.675
-12337.825000000012,218499.90000000002,-3896.625,150171.95,-4774.637500000012,-14815.049999999988,177065.4625,1398.125,143438.675,-15750.012500000012,-10.575,-29.0625,94.4125,23.1,-1.3624999999999998,-24.212500000000006,0.1125,0.20000000000000018,-2.325,-21.15,3.125,29.674999999999997
-66984.82500000001,194522.90000000002,-1519.625,164850.95,12611.362499999988,-27764.04999999999,261496.4625,813.125,185805.675,-13008.012500000012,40.425,-35.0625,-24.587500000000006,13.1,6.6375,-6.212500000000006,0.1125,-0.7999999999999998,-0.3250000000000002,-21.15,-10.875,11.674999999999997
-138284.825,289461.9,1544.375,232136.95,-1237.6375000000116,-12270.049999999988,293931.4625,776.125,194879.675,-18765.01250000001,19.425,6.9375,22.412499999999994,10.1,6.6375,-51.212500000000006,0.1125,1.2000000000000002,-2.325,-31.15,-8.875,-10.325000000000003
-134433.825,288914.9,-1689.625,223363.95,-7386.637500000012,-20721.04999999999,279141.4625,-1926.875,200146.675,-28191.01250000001,-5.575,19.9375,11.412499999999994,1.1,6.6375,-23.212500000000006,1.1125,0.20000000000000018,0.6749999999999998,11.85,-17.875,5.674999999999997
-101834.82500000001,262625.9,-680.625,183423.95,23122.36249999999,14352.950000000012,276160.4625,2095.125,162074.675,-55134.01250000001,3.425,1.9375,-30.587500000000006,-56.9,-1.3624999999999998,17.787499999999994,0.1125,-1.7999999999999998,-1.3250000000000002,15.85,-1.875,24.674999999999997
-82599.82500000001,199917.90000000002,-6833.625,169733.95,48057.36249999999,1443.9500000000116,207688.4625,1218.125,150570.675,-66858.01250000001,6.425,-4.0625,-9.587500000000006,-25.9,11.6375,29.787499999999994,0.1125,-0.7999999999999998,3.675,-17.15,13.125,59.675
-74231.82500000001,168309.90000000002,-10355.625,169859.95,41829.36249999999,30510.95000000001,153855.4625,123.125,164311.675,-75635.01250000001,6.425,8.9375,-1.5875000000000057,13.1,-19.3625,10.787499999999994,-0.8875,0.20000000000000018,-2.325,-19.15,8.125,-36.325
-42037.82500000001,120745.90000000002,-12195.625,181789.95,36034.36249999999,36951.95000000001,94413.4625,-198.875,170411.675,-83547.01250000001,-12.575,3.9375,-2.5875000000000057,-0.8999999999999999,11.6375,0.7874999999999943,0.1125,-0.7999999999999998,-0.3250000000000002,31.85,-18.875,-19.325000000000003
6403.174999999988,42577.90000000002,-12438.625,167576.95,38082.36249999999,35111.95000000001,36235.462499999994,4094.125,158915.675,-93579.01250000001,-12.575,-13.0625,-1.5875000000000057,-4.9,0.6375000000000002,21.787499999999994,0.1125,0.20000000000000018,2.675,-29.15,-5.875,-12.325000000000003
11644.174999999988,-137.09999999997672,-14931.625,134108.95,62600.36249999999,27980.95000000001,5452.462499999994,4008.125,119057.675,-96692.01250000001,1.4249999999999998,8.9375,1.4124999999999943,-10.9,-15.3625,18.787499999999994,-0.8875,-1.7999999999999998,-0.3250000000000002,23.85,3.125,16.674999999999997
3231.1749999999884,-1660.0999999999767,-13756.625,140712.95,78274.36249999999,15705.950000000012,-1704.5375000000058,3561.125,142314.675,-96208.01250000001,5.425,-7.0625,5.412499999999994,9.1,-0.3624999999999998,-0.21250000000000568,0.1125,0.20000000000000018,1.6749999999999998,5.85,7.125,7.674999999999997
-629.8250000000116,2078.9000000000233,-11204.625,152008.95,94622.36249999999,14464.950000000012,-103.53750000000582,-2493.875,133858.675,-85134.01250000001,-9.575,13.9375,31.412499999999994,-3.9,5.6375,-0.21250000000000568,-0.8875,-0.7999999999999998,-1.3250000000000002,6.85,-0.875,33.675
-2414.8250000000116,1480.9000000000233,4668.375,144485.95,83822.36249999999,16476.95000000001,-335.5375000000058,-87749.875,155108.675,-69634.01250000001,7.425,-13.0625,-11.587500000000006,6.1,3.6375,6.787499999999994,0.1125,-0.7999999999999998,0.6749999999999998,5.85,-16.875,19.674999999999997
-1758.8250000000116,353.9000000000233,34477.375,73060.95000000001,57639.36249999999,17649.95000000001,-990.5375000000058,-90953.875,196437.675,-63023.01250000001,-8.575,-1.0625,7.412499999999994,6.1,-0.3624999999999998,-11.212500000000006,-0.8875,0.20000000000000018,-0.3250000000000002,4.85,8.125,1.6749999999999972
-2749.8250000000116,-263.0999999999767,36021.375,22017.95000000001,25894.36249999999,16072.950000000012,-1820.5375000000058,-89566.875,157643.675,-68441.01250000001,-2.575,-7.0625,28.412499999999994,3.1,5.6375,7.787499999999994,1.1125,-0.7999999999999998,0.6749999999999998,-1.15,14.125,-4.325000000000003
-3029.8250000000116,206.90000000002328,36080.375,966.9500000000116,14603.362499999988,15925.950000000012,-519.5375000000058,-90939.875,158715.675,-65083.01250000001,11.425,-3.0625,-21.587500000000006,8.1,-3.3625,-6.212500000000006,0.1125,0.20000000000000018,0.6749999999999998,6.85,-2.875,-2.325000000000003
-3662.8250000000116,268.9000000000233,34123.375,-236.04999999998836,4181.362499999988,16986.95000000001,-876.5375000000058,-83535.875,134010.675,-62848.01250000001,-4.575,-1.0625,11.412499999999994,-4.9,4.6375,3.7874999999999943,-0.8875,0.20000000000000018,-0.3250000000000002,-4.15,-3.875,-8.325000000000003
-3660.8250000000116,-1189.0999999999767,30883.375,-97.04999999998836,7041.362499999988,13930.950000000012,-1479.5375000000058,-61889.875,83482.675,-40169.01250000001,-2.575,-6.0625,9.412499999999994,3.1,5.6375,-2.2125000000000057,0.1125,0.20000000000000018,0.6749999999999998,2.85,-6.875,-1.3250000000000028
-4105.825000000012,309.9000000000233,29442.375,739.9500000000116,7410.362499999988,12412.950000000012,-1697.5375000000058,-29587.875,41720.675,7715.987499999988,3.425,-2.0625,-3.5875000000000057,3.1,-0.3624999999999998,-7.212500000000006,1.1125,-0.7999999999999998,0.6749999999999998,1.85,-1.875,-1.3250000000000028
-4017.8250000000116,203.90000000002328,23738.375,201.95000000001164,8103.362499999988,11302.950000000012,-846.5375000000058,-13510.875,18122.675000000003,21054.98749999999,2.425,-1.0625,-5.587500000000006,3.1,-1.3624999999999998,-10.212500000000006,0.1125,0.20000000000000018,-0.3250000000000002,-3.15,3.125,-4.325000000000003
-2639.8250000000116,-684.0999999999767,10544.375,-126.04999999998836,9247.362499999988,10977.950000000012,-297.5375000000058,11870.125,629.6750000000029,22619.98749999999,0.4249999999999998,1.9375,7.412499999999994,-0.8999999999999999,5.6375,-5.212500000000006,-0.8875,0.20000000000000018,0.6749999999999998,-2.15,2.125,-0.32500000000000284
-3662.8250000000116,688.9000000000233,12300.375,543.9500000000116,6870.362499999988,10215.950000000012,-52.53750000000582,9726.125,214.6750000000029,21899.98749999999,4.425,-7.0625,-9.587500000000006,1.1,-3.3625,-7.212500000000006,0.1125,0.20000000000000018,0.6749999999999998,-0.1499999999999999,-2.875,3.674999999999997
-4177.825000000012,303.9000000000233,13501.375,314.95000000001164,7788.362499999988,13232.950000000012,311.4624999999942,-415.875,243.6750000000029,22836.98749999999,-5.575,2.9375,14.412499999999994,-2.9,-0.3624999999999998,-7.212500000000006,0.1125,0.20000000000000018,-0.3250000000000002,-1.15,1.125,1.6749999999999972
-2241.8250000000116,-949.0999999999767,14157.375,44.95000000001164,6967.362499999988,14553.950000000012,-449.5375000000058,-17182.875,1260.675000000003,24713.98749999999,0.4249999999999998,-4.0625,0.4124999999999943,2.1,1.6375000000000002,-3.2125000000000057,0.1125,0.20000000000000018,-0.3250000000000002,-3.15,-4.875,1.6749999999999972
-2704.8250000000116,496.9000000000233,16896.375,-325.04999999998836,4575.362499999988,14358.950000000012,-1253.5375000000058,-43729.875,137.6750000000029,22093.98749999999,2.425,-0.0625,-3.5875000000000057,-2.9,0.6375000000000002,0.7874999999999943,0.1125,-0.7999999999999998,-0.3250000000000002,0.8500000000000001,0.125,6.674999999999997
-3262.8250000000116,220.90000000002328,17751.375,728.9500000000116,6325.362499999988,14298.950000000012,238.46249999999418,-45600.875,1666.675000000003,24870.98749999999,-2.575,-2.0625,3.4124999999999943,-0.8999999999999999,-2.3625,-5.212500000000006,0.1125,0.20000000000000018,0.6749999999999998,-1.15,1.125,-0.32500000000000284
-3009.8250000000116,911.9000000000233,20185.375,1023.9500000000116,5951.362499999988,14457.950000000012,575.4624999999942,-43360.875,602.6750000000029,23447.98749999999,-0.5750000000000002,-1.0625,0.4124999999999943,-1.9,1.6375000000000002,-1.2125000000000057,0.1125,0.20000000000000018,-1.3250000000000002,-0.1499999999999999,3.125,0.6749999999999972
-2125.8250000000116,-227.09999999997672,19835.375,15.950000000011642,4647.362499999988,14109.950000000012,-259.5375000000058,-42040.875,112.67500000000291,21711.98749999999,0.4249999999999998,0.9375,-1.5875000000000057,1.1,-0.3624999999999998,-1.2125000000000057,0.1125,0.20000000000000018,0.6749999999999998,0.8500000000000001,0.125,3.674999999999997
-2872.8250000000116,-629.0999999999767,19902.375,155.95000000001164,4526.362499999988,13396.950000000012,-409.5375000000058,-40583.875,-309.3249999999971,19980.98749999999,1.4249999999999998,-1.0625,-2.5875000000000057,-1.9,0.6375000000000002,0.7874999999999943,0.1125,0.20000000000000018,0.6749999999999998,-1.15,0.125,-0.32500000000000284
-3748.8250000000116,400.9000000000233,19972.375,559.9500000000116,5198.362499999988,12058.950000000012,465.4624999999942,-36936.875,526.6750000000029,20402.98749999999,0.4249999999999998,-4.0625,-3.5875000000000057,-0.8999999999999999,-1.3624999999999998,-2.2125000000000057,0.1125,-1.7999999999999998,-0.3250000000000002,0.8500000000000001,-0.875,0.6749999999999972
-3992.8250000000116,181.90000000002328,20245.375,121.95000000001164,4739.362499999988,12524.950000000012,-649.5375000000058,-35288.875,43.67500000000291,20744.98749999999,-1.5750000000000002,0.9375,3.4124999999999943,-1.9,2.6375,0.7874999999999943,0.1125,-0.7999999999999998,0.6749999999999998,-0.1499999999999999,0.125,0.6749999999999972
-3625.8250000000116,-599.0999999999767,20257.375,-75.04999999998836,4546.362499999988,12849.950000000012,-549.5375000000058,-34333.875,17.67500000000291,20398.98749999999,0.4249999999999998,-0.0625,-0.5875000000000057,2.1,0.6375000000000002,0.7874999999999943,0.1125,0.20000000000000018,-0.3250000000000002,-0.1499999999999999,-0.875,-0.32500000000000284
-4038.8250000000116,78.90000000002328,20426.375,50.95000000001164,4430.362499999988,12513.950000000012,-53.53750000000582,-34259.875,143.6750000000029,20436.98749999999,0.4249999999999998,0.9375,0.4124999999999943,0.10000000000000009,0.6375000000000002,0.7874999999999943,0.1125,0.20000000000000018,-0.3250000000000002,1.85,0.125,1.6749999999999972
-3986.8250000000116,274.9000000000233,20343.375,419.95000000001164,5364.362499999988,12489.950000000012,226.46249999999418,-35376.875,782.6750000000029,21085.98749999999,0.4249999999999998,-1.0625,0.4124999999999943,0.10000000000000009,-0.3624999999999998,0.7874999999999943,0.1125,0.20000000000000018,0.6749999999999998,0.8500000000000001,1.125,-1.3250000000000028
-3471.8250000000116,-143.09999999997672,20187.375,107.95000000001164,4844.362499999988,13155.950000000012,-569.5375000000058,-36483.875,369.6750000000029,20619.98749999999,0.4249999999999998,-0.0625,-0.5875000000000057,0.10000000000000009,-0.3624999999999998,1.7874999999999943,0.1125,0.20000000000000018,0.6749999999999998,-0.1499999999999999,-0.875,-0.32500000000000284
-3309.8250000000116,-360.0999999999767,20086.375,-262.04999999998836,5011.362499999988,13501.950000000012,451.4624999999942,-36377.875,-17.32499999999709,20539.98749999999,1.4249999999999998,-2.0625,-1.5875000000000057,0.10000000000000009,-0.3624999999999998,0.7874999999999943,0.1125,0.20000000000000018,-0.3250000000000002,-0.1499999999999999,-0.875,1.6749999999999972
-3728.8250000000116,290.9000000000233,20272.375,31.95000000001164,5043.362499999988,12812.950000000012,1252.4624999999942,-36029.875,208.6750000000029,20389.98749999999,0.4249999999999998,-0.0625,0.4124999999999943,2.1,-0.3624999999999998,-2.2125000000000057,0.1125,0.20000000000000018,-0.3250000000000002,-0.1499999999999999,0.125,-0.32500000000000284
-3839.8250000000116,224.90000000002328,20136.375,-79.04999999998836,5322.362499999988,12873.950000000012,-267.5375000000058,-35907.875,1092.675000000003,19268.98749999999,1.4249999999999998,-3.0625,-0.5875000000000057,-0.8999999999999999,-0.3624999999999998,-0.21250000000000568,-0.8875,0.20000000000000018,-0.3250000000000002,0.8500000000000001,-0.875,-0.32500000000000284
-3480.8250000000116,-148.09999999997672,19847.375,-199.04999999998836,4903.362499999988,13106.950000000012,-1555.5375000000058,-36413.875,4210.675000000003,18108.98749999999,-0.5750000000000002,-1.0625,1.4124999999999943,1.1,1.6375000000000002,-0.21250000000000568,0.1125,0.20000000000000018,-0.3250000000000002,0.8500000000000001,0.125,-1.3250000000000028
-4061.8250000000116,-95.09999999997672,19659.375,-87.04999999998836,4917.362499999988,13075.950000000012,-443.5375000000058,-36361.875,7622.675000000003,17612.98749999999,0.4249999999999998,0.9375,1.4124999999999943,0.10000000000000009,0.6375000000000002,1.7874999999999943,0.1125,-0.7999999999999998,-0.3250000000000002,0.8500000000000001,0.125,-1.3250000000000028
-4075.8250000000116,187.90000000002328,20087.375,81.95000000001164,5020.362499999988,12588.950000000012,-410.5375000000058,-35975.875,9448.675000000003,16776.98749999999,-0.5750000000000002,0.9375,-0.5875000000000057,0.10000000000000009,-0.3624999999999998,-0.21250000000000568,0.1125,-0.7999999999999998,-0.3250000000000002,0.8500000000000001,0.125,0.6749999999999972
-3789.8250000000116,-389.0999999999767,20018.375,-103.04999999998836,4737.362499999988,12500.950000000012,-1924.5375000000058,-35564.875,8383.675000000003,16760.98749999999,0.4249999999999998,0.9375,-0.5875000000000057,0.10000000000000009,0.6375000000000002,-0.21250000000000568,0.1125,1.2000000000000002,-0.3250000000000002,-0.1499999999999999,0.125,1.6749999999999972
-3755.8250000000116,-244.09999999997672,20063.375,-105.04999999998836,4757.362499999988,12677.950000000012,-1391.5375000000058,-35422.875,7065.675000000003,17222.98749999999,0.4249999999999998,-0.0625,0.4124999999999943,0.10000000000000009,-1.3624999999999998,-1.2125000000000057,-0.8875,0.20000000000000018,0.6749999999999998,-0.1499999999999999,0.125,0.6749999999999972
-4072.8250000000116,-195.09999999997672,20176.375,154.95000000001164,5084.362499999988,12371.950000000012,514.4624999999942,-35934.875,5964.675000000003,17983.98749999999,0.4249999999999998,0.9375,0.4124999999999943,-0.8999999999999999,0.6375000000000002,-1.2125000000000057,0.1125,0.20000000000000018,-0.3250000000000002,-0.1499999999999999,-0.875,-0.32500000000000284
-4125.825000000012,-150.09999999997672,20198.375,20.95000000001164,5025.362499999988,12448.950000000012,413.4624999999942,-35719.875,4714.675000000003,18754.98749999999,0.4249999999999998,-0.0625,-1.5875000000000057,-0.8999999999999999,0.6375000000000002,-1.2125000000000057,0.1125,0.20000000000000018,-0.3250000000000002,-0.1499999999999999,0.125,0.6749999999999972
-3829.8250000000116,-33.09999999997672,20150.375,-85.04999999998836,4472.362499999988,12534.950000000012,-798.5375000000058,-35442.875,2473.675000000003,19741.98749999999,0.4249999999999998,-0.0625,1.4124999999999943,0.10000000000000009,-0.3624999999999998,-1.2125000000000057,0.1125,-0.7999999999999998,-1.3250000000000002,-1.15,0.125,-1.3250000000000028
-3833.8250000000116,-72.09999999997672,20318.375,-51.04999999998836,4368.362499999988,12584.950000000012,-733.5375000000058,-35126.875,58.67500000000291,20603.98749999999,-0.5750000000000002,-0.0625,1.4124999999999943,0.10000000000000009,0.6375000000000002,-0.21250000000000568,-0.8875,-0.7999999999999998,-0.3250000000000002,-1.15,1.125,-0.32500000000000284
-3956.8250000000116,-42.09999999997672,20144.375,-17.04999999998836,4667.362499999988,12597.950000000012,1403.4624999999942,-35028.875,95.67500000000291,20561.98749999999,-0.5750000000000002,-0.0625,-0.5875000000000057,0.10000000000000009,-0.3624999999999998,0.7874999999999943,0.1125,0.20000000000000018,-0.3250000000000002,-0.1499999999999999,0.125,-0.32500000000000284
-3696.8250000000116,-86.09999999997672,20067.375,170.95000000001164,4775.362499999988,12584.950000000012,611.4624999999942,-35427.875,83.67500000000291,20320.98749999999,-0.5750000000000002,-0.0625,-0.5875000000000057,-0.8999999999999999,-0.3624999999999998,0.7874999999999943,0.1125,0.20000000000000018,-0.3250000000000002,-0.1499999999999999,0.125,-1.3250000000000028
-3747.8250000000116,-300.0999999999767,20126.375,7.9500000000116415,4849.362499999988,12649.950000000012,-734.5375000000058,-35494.875,18.67500000000291,20333.98749999999,-0.5750000000000002,-0.0625,0.4124999999999943,0.10000000000000009,0.6375000000000002,-0.21250000000000568,0.1125,0.20000000000000018,-0.3250000000000002,-1.15,0.125,0.6749999999999972
-3898.8250000000116,-317.0999999999767,20187.375,181.95000000001164,4973.362499999988,12488.950000000012,-336.5375000000058,-35417.875,217.6750000000029,20787.98749999999,-0.5750000000000002,-0.0625,1.4124999999999943,-0.8999999999999999,-1.3624999999999998,-0.21250000000000568,0.1125,0.20000000000000018,-0.3250000000000002,0.8500000000000001,-0.875,1.6749999999999972
-3938.8250000000116,103.90000000002328,20334.375,156.95000000001164,4877.362499999988,12438.950000000012,21.46249999999418,-35236.875,439.6750000000029,20717.98749999999,-0.5750000000000002,-0.0625,-0.5875000000000057,-0.8999999999999999,-0.3624999999999998,-1.2125000000000057,0.1125,-0.7999999999999998,-0.3250000000000002,-0.1499999999999999,0.125,-0.32500000000000284
-3835.8250000000116,-184.09999999997672,20320.375,20.95000000001164,5005.362499999988,12478.950000000012,502.4624999999942,-35239.875,534.6750000000029,20647.98749999999,-0.5750000000000002,-0.0625,0.4124999999999943,-0.8999999999999999,-0.3624999999999998,-0.21250000000000568,0.1125,0.20000000000000018,-0.3250000000000002,-0.1499999999999999,-0.875,0.6749999999999972
-3738.8250000000116,-79.09999999997672,20178.375,-61.04999999998836,5041.362499999988,12593.950000000012,-28.53750000000582,-35350.875,559.6750000000029,20790.98749999999,0.4249999999999998,-0.0625,-0.5875000000000057,0.10000000000000009,-0.3624999999999998,-0.21250000000000568,0.1125,0.20000000000000018,-0.3250000000000002,-1.15,-0.875,-0.32500000000000284
-3676.8250000000116,-107.09999999997672,20024.375,96.95000000001164,5140.362499999988,12647.950000000012,-204.53750000000582,-35443.875,589.6750000000029,20991.98749999999,1.4249999999999998,-1.0625,-1.5875000000000057,0.10000000000000009,-0.3624999999999998,-0.21250000000000568,0.1125,0.20000000000000018,-0.3250000000000002,0.8500000000000001,0.125,-0.32500000000000284
-3656.8250000000116,98.90000000002328,20005.375,91.95000000001164,4998.362499999988,12668.950000000012,-125.53750000000582,-35420.875,543.6750000000029,20884.98749999999,0.4249999999999998,0.9375,-0.5875000000000057,0.10000000000000009,-0.3624999999999998,-0.21250000000000568,0.1125,0.20000000000000018,-0.3250000000000002,-0.1499999999999999,0.125,-0.32500000000000284
-3579.8250000000116,-212.09999999997672,19978.375,68.95000000001164,5091.362499999988,12840.950000000012,-1002.5375000000058,-35467.875,269.6750000000029,20842.98749999999,0.4249999999999998,-0.0625,0.4124999999999943,0.10000000000000009,-0.3624999999999998,-0.21250000000000568,0.1125,0.20000000000000018,0.6749999999999998,0.8500000000000001,0.125,0.6749999999999972
-3669.8250000000116,220.90000000002328,19886.375,2.9500000000116415,5525.362499999988,13031.950000000012,-1492.5375000000058,-35676.875,177.6750000000029,20837.98749999999,0.4249999999999998,-1.0625,-0.5875000000000057,-0.8999999999999999,0.6375000000000002,0.7874999999999943,0.1125,0.20000000000000018,-0.3250000000000002,-0.1499999999999999,-0.875,0.6749999999999972
-3662.8250000000116,92.90000000002328,19947.375,-30.04999999998836,5333.362499999988,13197.950000000012,-103.53750000000582,-35664.875,117.67500000000291,20964.98749999999,-0.5750000000000002,-0.0625,0.4124999999999943,1.1,-0.3624999999999998,-0.21250000000000568,0.1125,-0.7999999999999998,-0.3250000000000002,0.8500000000000001,0.125,0.6749999999999972
-3626.8250000000116,-134.09999999997672,20108.375,8.950000000011642,5114.362499999988,13213.950000000012,-59.53750000000582,-35472.875,156.6750000000029,21330.98749999999,1.4249999999999998,-0.0625,-0.5875000000000057,0.10000000000000009,-0.3624999999999998,-0.21250000000000568,0.1125,0.20000000000000018,-0.3250000000000002,0.8500000000000001,0.125,-0.32500000000000284
-3767.8250000000116,173.90000000002328,20181.375,87.95000000001164,4967.362499999988,13187.950000000012,-182.53750000000582,-35520.875,326.6750000000029,21266.98749999999,0.4249999999999998,-0.0625,0.4124999999999943,1.1,-0.3624999999999998,-1.2125000000000057,0.1125,-0.7999999999999998,-0.3250000000000002,0.8500000000000001,0.125,-1.3250000000000028
-3946.8250000000116,95.90000000002328,20212.375,130.95000000001164,4988.362499999988,13255.950000000012,-91.53750000000582,-35589.875,577.6750000000029,21053.98749999999,0.4249999999999998,0.9375,0.4124999999999943,1.1,0.6375000000000002,-0.21250000000000568,0.1125,0.20000000000000018,-0.3250000000000002,-0.1499999999999999,0.125,-0.32500000000000284
-3771.8250000000116,-82.09999999997672,20258.375,-55.04999999998836,5277.362499999988,13329.950000000012,-119.53750000000582,-35383.875,565.6750000000029,21171.98749999999,0.4249999999999998,0.9375,0.4124999999999943,0.10000000000000009,1.6375000000000002,-0.21250000000000568,0.1125,-0.7999999999999998,-0.3250000000000002,0.8500000000000001,0.125,-0.32500000000000284
-3867.8250000000116,-239.09999999997672,20284.375,16.95000000001164,4953.362499999988,13305.950000000012,-947.5375000000058,-35399.875,704.6750000000029,21436.98749999999,0.4249999999999998,0.9375,0.4124999999999943,0.10000000000000009,0.6375000000000002,0.7874999999999943,0.1125,0.20000000000000018,-0.3250000000000002,-0.1499999999999999,0.125,0.6749999999999972
-3802.8250000000116,123.90000000002328,20425.375,109.95000000001164,4612.362499999988,13136.950000000012,-203.53750000000582,-35398.875,626.6750000000029,21132.98749999999,0.4249999999999998,-0.0625,1.4124999999999943,0.10000000000000009,0.6375000000000002,-0.21250000000000568,0.1125,0.20000000000000018,-0.3250000000000002,-0.1499999999999999,0.125,-0.32500000000000284
-3727.8250000000116,71.90000000002328,20424.375,24.95000000001164,4714.362499999988,13146.950000000012,873.4624999999942,-35244.875,459.6750000000029,20844.98749999999,0.4249999999999998,-0.0625,0.4124999999999943,0.10000000000000009,0.6375000000000002,1.7874999999999943,0.1125,1.2000000000000002,-0.3250000000000002,-0.1499999999999999,0.125,0.6749999999999972
-3746.8250000000116,9.900000000023283,20348.375,-25.04999999998836,4769.362499999988,13228.950000000012,342.4624999999942,-35308.875,471.6750000000029,20844.98749999999,0.4249999999999998,0.9375,-0.5875000000000057,0.10000000000000009,-0.3624999999999998,-0.21250000000000568,0.1125,-0.7999999999999998,-0.3250000000000002,-0.1499999999999999,0.125,-0.32500000000000284
-3812.8250000000116,265.9000000000233,20298.375,151.95000000001164,4965.362499999988,13019.950000000012,343.4624999999942,-35352.875,449.6750000000029,20682.98749999999,0.4249999999999998,-0.0625,-0.5875000000000057,0.10000000000000009,0.6375000000000002,-0.21250000000000568,-0.8875,0.20000000000000018,-0.3250000000000002,-0.1499999999999999,0.125,-1.3250000000000028
-3938.8250000000116,40.90000000002328,20184.375,201.95000000001164,5025.362499999988,13033.950000000012,294.4624999999942,-35254.875,60.67500000000291,20576.98749999999,0.4249999999999998,-1.0625,0.4124999999999943,0.10000000000000009,-0.3624999999999998,-0.21250000000000568,0.1125,0.20000000000000018,-0.3250000000000002,-0.1499999999999999,0.125,0.6749999999999972
-3771.8250000000116,6.900000000023283,20068.375,-136.04999999998836,5129.362499999988,12840.950000000012,344.4624999999942,-35206.875,61.67500000000291,20547.98749999999,-0.5750000000000002,-0.0625,0.4124999999999943,0.10000000000000009,-0.3624999999999998,0.7874999999999943,0.1125,0.20000000000000018,-0.3250000000000002,-0.1499999999999999,0.125,0.6749999999999972
-3743.8250000000116,45.90000000002328,20131.375,-315.04999999998836,5221.362499999988,12827.950000000012,-165.53750000000582,-35347.875,81.67500000000291,20687.98749999999,0.4249999999999998,-0.0625,0.4124999999999943,-0.8999999999999999,-0.3624999999999998,-0.21250000000000568,0.1125,1.2000000000000002,0.6749999999999998,-0.1499999999999999,0.125,0.6749999999999972
-3682.8250000000116,222.90000000002328,20026.375,-264.04999999998836,5218.362499999988,12597.950000000012,-84.53750000000582,-35363.875,27.67500000000291,20804.98749999999,-0.5750000000000002,-0.0625,-0.5875000000000057,-0.8999999999999999,-0.3624999999999998,0.7874999999999943,0.1125,-0.7999999999999998,0.6749999999999998,-1.15,0.125,-0.32500000000000284
-3716.8250000000116,227.90000000002328,19801.375,-175.04999999998836,5043.362499999988,12557.950000000012,-438.5375000000058,-35379.875,-33.32499999999709,20453.98749999999,-0.5750000000000002,-0.0625,0.4124999999999943,-0.8999999999999999,-0.3624999999999998,0.7874999999999943,0.1125,0.20000000000000018,0.6749999999999998,-0.1499999999999999,-0.875,-0.32500000000000284
-3841.8250000000116,320.9000000000233,19928.375,-49.04999999998836,5083.362499999988,12496.950000000012,84.46249999999418,-35320.875,101.67500000000291,20436.98749999999,-0.5750000000000002,-0.0625,-0.5875000000000057,0.10000000000000009,-0.3624999999999998,-0.21250000000000568,0.1125,0.20000000000000018,-1.3250000000000002,-0.1499999999999999,0.125,-1.3250000000000028
-3753.8250000000116,-41.09999999997672,20009.375,-85.04999999998836,5332.362499999988,12504.950000000012,158.46249999999418,-35295.875,180.6750000000029,20623.98749999999,-0.5750000000000002,-0.0625,-0.5875000000000057,-0.8999999999999999,-0.3624999999999998,-0.21250000000000568,0.1125,-0.7999999999999998,-0.3250000000000002,-0.1499999999999999,0.125,0.6749999999999972
-3686.8250000000116,-318.0999999999767,19898.375,121.95000000001164,5309.362499999988,12621.950000000012,-87.53750000000582,-35481.875,179.6750000000029,20320.98749999999,-0.5750000000000002,-0.0625,0.4124999999999943,-0.8999999999999999,0.6375000000000002,-0.21250000000000568,0.1125,0.20000000000000018,0.6749999999999998,-1.15,0.125,0.6749999999999972
-3866.8250000000116,-545.0999999999767,19915.375,155.95000000001164,5193.362499999988,12645.950000000012,-318.5375000000058,-35472.875,283.6750000000029,20351.98749999999,0.4249999999999998,-0.0625,0.4124999999999943,0.10000000000000009,0.6375000000000002,-1.2125000000000057,-0.8875,0.20000000000000018,-0.3250000000000002,-0.1499999999999999,0.125,-0.32500000000000284
-3813.8250000000116,4.900000000023283,19981.375,80.95000000001164,5194.362499999988,12570.950000000012,-1057.5375000000058,-35338.875,258.6750000000029,20659.98749999999,0.4249999999999998,-0.0625,-0.5875000000000057,0.10000000000000009,-0.3624999999999998,-0.21250000000000568,0.1125,0.20000000000000018,-0.3250000000000002,-0.1499999999999999,0.125,-0.32500000000000284
-3787.8250000000116,-121.09999999997672,20009.375,-101.04999999998836,5032.362499999988,12932.950000000012,-662.5375000000058,-35527.875,315.6750000000029,20751.98749999999,0.4249999999999998,-0.0625,0.4124999999999943,0.10000000000000009,0.6375000000000002,-0.21250000000000568,0.1125,0.20000000000000018,0.6749999999999998,-0.1499999999999999,0.125,0.6749999999999972
-3849.8250000000116,-264.0999999999767,19935.375,-206.04999999998836,4831.362499999988,13115.950000000012,-830.5375000000058,-35413.875,443.6750000000029,20776.98749999999,0.4249999999999998,-0.0625,-0.5875000000000057,0.10000000000000009,-0.3624999999999998,1.7874999999999943,0.1125,-0.7999999999999998,0.6749999999999998,0.8500000000000001,-0.875,-0.32500000000000284
-3797.8250000000116,47.90000000002328,20156.375,43.95000000001164,5015.362499999988,13173.950000000012,-836.5375000000058,-35504.875,388.6750000000029,20670.98749999999,0.4249999999999998,-0.0625,0.4124999999999943,0.10000000000000009,0.6375000000000002,0.7874999999999943,0.1125,0.20000000000000018,0.6749999999999998,0.8500000000000001,0.125,-1.3250000000000028
-3735.8250000000116,251.90000000002328,20182.375,135.95000000001164,5199.362499999988,13209.950000000012,-674.5375000000058,-35389.875,604.6750000000029,20791.98749999999,0.4249999999999998,-0.0625,0.4124999999999943,1.1,-0.3624999999999998,-0.21250000000000568,0.1125,0.20000000000000018,-0.3250000000000002,-0.1499999999999999,0.125,0.6749999999999972
-3818.8250000000116,-22.099999999976717,20337.375,127.95000000001164,4704.362499999988,13316.950000000012,121.46249999999418,-35418.875,534.6750000000029,21304.98749999999,0.4249999999999998,0.9375,0.4124999999999943,1.1,-0.3624999999999998,-0.21250000000000568,0.1125,0.20000000000000018,-0.3250000000000002,-0.1499999999999999,1.125,-0.32500000000000284
-3845.8250000000116,-109.09999999997672,20366.375,36.95000000001164,4704.362499999988,13210.950000000012,31.46249999999418,-35288.875,526.6750000000029,20910.98749999999,0.4249999999999998,-0.0625,-0.5875000000000057,0.10000000000000009,-0.3624999999999998,-0.21250000000000568,0.1125,0.20000000000000018,-0.3250000000000002,0.8500000000000001,0.125,0.6749999999999972
-3854.8250000000116,-10.099999999976717,20277.375,-98.04999999998836,4749.362499999988,13282.950000000012,-225.53750000000582,-35344.875,549.6750000000029,20935.98749999999,0.4249999999999998,0.9375,-0.5875000000000057,0.10000000000000009,0.6375000000000002,-0.21250000000000568,0.1125,0.20000000000000018,-0.3250000000000002,-0.1499999999999999,0.125,-1.3250000000000028
-3876.8250000000116,-105.09999999997672,20473.375,70.95000000001164,4769.362499999988,13332.950000000012,103.46249999999418,-35391.875,647.6750000000029,20824.98749999999,0.4249999999999998,-0.0625,-0.5875000000000057,0.10000000000000009,0.6375000000000002,0.7874999999999943,0.1125,-0.7999999999999998,-0.3250000000000002,-0.1499999999999999,-0.875,-1.3250000000000028
-3852.8250000000116,-89.09999999997672,20388.375,146.95000000001164,5009.362499999988,13411.950000000012,-414.5375000000058,-35147.875,688.6750000000029,20694.98749999999,0.4249999999999998,0.9375,0.4124999999999943,0.10000000000000009,-0.3624999999999998,-0.21250000000000568,0.1125,0.20000000000000018,-1.3250000000000002,-0.1499999999999999,0.125,-0.32500000000000284
-3868.8250000000116,-463.0999999999767,20451.375,67.95000000001164,5075.362499999988,13333.950000000012,-65.53750000000582,-35196.875,564.6750000000029,20870.98749999999,0.4249999999999998,-0.0625,-0.5875000000000057,0.10000000000000009,0.6375000000000002,0.7874999999999943,0.1125,0.20000000000000018,0.6749999999999998,-0.1499999999999999,0.125,-0.32500000000000284
-3682.8250000000116,-503.0999999999767,20307.375,105.95000000001164,4867.362499999988,13221.950000000012,8.46249999999418,-35083.875,518.6750000000029,20817.98749999999,0.4249999999999998,-0.0625,0.4124999999999943,0.10000000000000009,-0.3624999999999998,-0.21250000000000568,0.1125,1.2000000000000002,-0.3250000000000002,-0.1499999999999999,0.125,-1.3250000000000028
-3895.8250000000116,-88.09999999997672,20068.375,107.95000000001164,5237.362499999988,13157.950000000012,-1052.5375000000058,-35357.875,427.6750000000029,20435.98749999999,0.4249999999999998,-1.0625,0.4124999999999943,0.10000000000000009,0.6375000000000002,-0.21250000000000568,0.1125,0.20000000000000018,0.6749999999999998,-0.1499999999999999,0.125,0.6749999999999972
-3856.8250000000116,-8.099999999976717,20075.375,74.95000000001164,5178.362499999988,13171.950000000012,-1036.5375000000058,-35471.875,377.6750000000029,20487.98749999999,-0.5750000000000002,-0.0625,0.4124999999999943,-0.8999999999999999,-0.3624999999999998,0.7874999999999943,0.1125,0.20000000000000018,-0.3250000000000002,-0.1499999999999999,-0.875,0.6749999999999972
-3693.8250000000116,-124.09999999997672,20010.375,41.95000000001164,5349.362499999988,12952.950000000012,301.4624999999942,-35388.875,367.6750000000029,20468.98749999999,-0.5750000000000002,-0.0625,0.4124999999999943,0.10000000000000009,-0.3624999999999998,0.7874999999999943,0.1125,0.20000000000000018,-0.3250000000000002,-0.1499999999999999,0.125,-0.32500000000000284
-3833.8250000000116,42.90000000002328,20083.375,139.95000000001164,5285.362499999988,12695.950000000012,266.4624999999942,-35411.875,471.6750000000029,20571.98749999999,0.4249999999999998,-0.0625,-0.5875000000000057,-0.8999999999999999,-0.3624999999999998,0.7874999999999943,0.1125,0.20000000000000018,-0.3250000000000002,-0.1499999999999999,-0.875,-0.32500000000000284
-3798.8250000000116,69.90000000002328,20024.375,-33.04999999998836,5176.362499999988,12420.950000000012,540.4624999999942,-35274.875,436.6750000000029,20679.98749999999,-0.5750000000000002,-0.0625,1.4124999999999943,-0.8999999999999999,0.6375000000000002,-0.21250000000000568,0.1125,0.20000000000000018,-0.3250000000000002,-1.15,0.125,0.6749999999999972
-3567.8250000000116,-476.0999999999767,19889.375,5.9500000000116415,5053.362499999988,12255.950000000012,920.4624999999942,-35188.875,291.6750000000029,20695.98749999999,-0.5750000000000002,-0.0625,1.4124999999999943,-0.8999999999999999,-0.3624999999999998,-0.21250000000000568,0.1125,0.20000000000000018,-0.3250000000000002,-0.1499999999999999,0.125,-0.32500000000000284
-3679.8250000000116,-94.09999999997672,19922.375,183.95000000001164,5184.362499999988,12617.950000000012,-294.5375000000058,-35284.875,152.6750000000029,20662.98749999999,-0.5750000000000002,-0.0625,0.4124999999999943,-0.8999999999999999,-0.3624999999999998,-0.21250000000000568,0.1125,0.20000000000000018,-0.3250000000000002,-0.1499999999999999,0.125,0.6749999999999972
-3861.8250000000116,-438.0999999999767,19983.375,261.95000000001164,5318.362499999988,12681.950000000012,-805.5375000000058,-35370.875,60.67500000000291,20235.98749999999,-0.5750000000000002,-0.0625,-0.5875000000000057,-0.8999999999999999,-0.3624999999999998,-0.21250000000000568,0.1125,0.20000000000000018,-0.3250000000000002,-0.1499999999999999,0.125,0.6749999999999972
-3780.8250000000116,-409.0999999999767,20080.375,279.95000000001164,5001.362499999988,12784.950000000012,207.46249999999418,-35398.875,-66.32499999999709,20403.98749999999,0.4249999999999998,-0.0625,-0.5875000000000057,0.10000000000000009,-0.3624999999999998,-0.21250000000000568,0.1125,-0.7999999999999998,0.6749999999999998,-0.1499999999999999,0.125,-0.32500000000000284
-3883.8250000000116,217.90000000002328,20180.375,185.95000000001164,5206.362499999988,12725.950000000012,210.46249999999418,-35360.875,212.6750000000029,20393.98749999999,0.4249999999999998,-0.0625,0.4124999999999943,0.10000000000000009,-0.3624999999999998,-0.21250000000000568,-0.8875,0.20000000000000018,-0.3250000000000002,-0.1499999999999999,-0.875,-0.32500000000000284
-3936.8250000000116,215.90000000002328,20050.375,150.95000000001164,5368.362499999988,12801.950000000012,-566.5375000000058,-35316.875,384.6750000000029,20282.98749999999,0.4249999999999998,-0.0625,-0.5875000000000057,0.10000000000000009,0.6375000000000002,0.7874999999999943,0.1125,0.20000000000000018,0.6749999999999998,-0.1499999999999999,0.125,-1.3250000000000028
-4030.8250000000116,65.90000000002328,20004.375,-54.04999999998836,5237.362499999988,12988.950000000012,393.4624999999942,-35385.875,429.6750000000029,20563.98749999999,0.4249999999999998,-0.0625,0.4124999999999943,0.10000000000000009,-0.3624999999999998,-0.21250000000000568,0.1125,-0.7999999999999998,-0.3250000000000002,-0.1499999999999999,0.125,0.6749999999999972
-3878.8250000000116,79.90000000002328,20049.375,-84.04999999998836,5016.362499999988,13134.950000000012,497.4624999999942,-35220.875,385.6750000000029,20594.98749999999,0.4249999999999998,-0.0625,-1.5875000000000057,0.10000000000000009,-0.3624999999999998,0.7874999999999943,0.1125,0.20000000000000018,0.6749999999999998,0.8500000000000001,0.125,-0.32500000000000284
-3682.8250000000116,-337.0999999999767,20096.375,166.95000000001164,5009.362499999988,13180.950000000012,53.46249999999418,-35322.875,466.6750000000029,20542.98749999999,-0.5750000000000002,-0.0625,-0.5875000000000057,1.1,-0.3624999999999998,-0.21250000000000568,0.1125,0.20000000000000018,-0.3250000000000002,-0.1499999999999999,0.125,0.6749999999999972
-3702.8250000000116,-550.0999999999767,20210.375,332.95000000001164,4869.362499999988,13404.950000000012,-298.5375000000058,-35645.875,755.6750000000029,20565.98749999999,0.4249999999999998,-0.0625,-0.5875000000000057,0.10000000000000009,-0.3624999999999998,-0.21250000000000568,0.1125,0.20000000000000018,-0.3250000000000002,-0.1499999999999999,0.125,-0.32500000000000284
-3844.8250000000116,-243.09999999997672,20296.375,217.95000000001164,4870.362499999988,13337.950000000012,-869.5375000000058,-35375.875,701.6750000000029,20611.98749999999,0.4249999999999998,0.9375,0.4124999999999943,0.10000000000000009,0.6375000000000002,-0.21250000000000568,0.1125,0.20000000000000018,-0.3250000000000002,-0.1499999999999999,0.125,0.6749999999999972
-3797.8250000000116,144.90000000002328,20394.375,26.95000000001164,5025.362499999988,13385.950000000012,-511.5375000000058,-35388.875,658.6750000000029,20866.98749999999,-0.5750000000000002,0.9375,0.4124999999999943,0.10000000000000009,1.6375000000000002,-0.21250000000000568,0.1125,0.20000000000000018,-0.3250000000000002,0.8500000000000001,0.125,-0.32500000000000284
-3746.8250000000116,385.9000000000233,20336.375,6.9500000000116415,5164.362499999988,13348.950000000012,132.46249999999418,-35442.875,557.6750000000029,20747.98749999999,0.4249999999999998,-0.0625,-0.5875000000000057,0.10000000000000009,-0.3624999999999998,-0.21250000000000568,0.1125,0.20000000000000018,-0.3250000000000002,0.8500000000000001,0.125,-0.32500000000000284
-3717.8250000000116,142.90000000002328,20238.375,199.95000000001164,5035.362499999988,13186.950000000012,317.4624999999942,-35293.875,627.6750000000029,20706.98749999999,-0.5750000000000002,-0.0625,-0.5875000000000057,0.10000000000000009,0.6375000000000002,0.7874999999999943,-0.8875,-0.7999999999999998,-0.3250000000000002,-0.1499999999999999,0.125,-0.32500000000000284
-3705.8250000000116,-77.09999999997672,20228.375,311.95000000001164,4905.362499999988,13333.950000000012,-762.5375000000058,-35153.875,832.6750000000029,20616.98749999999,0.4249999999999998,-0.0625,1.4124999999999943,0.10000000000000009,-0.3624999999999998,0.7874999999999943,-0.8875,0.20000000000000018,-0.3250000000000002,-0.1499999999999999,0.125,0.6749999999999972
-3766.8250000000116,194.90000000002328,20247.375,135.95000000001164,5084.362499999988,13341.950000000012,-994.5375000000058,-35074.875,338.6750000000029,20776.98749999999,0.4249999999999998,-0.0625,1.4124999999999943,0.10000000000000009,-0.3624999999999998,-0.21250000000000568,0.1125,0.20000000000000018,0.6749999999999998,-0.1499999999999999,0.125,0.6749999999999972
-3763.8250000000116,-78.09999999997672,20194.375,86.95000000001164,5158.362499999988,13227.950000000012,-89.53750000000582,-35393.875,340.6750000000029,20735.98749999999,0.4249999999999998,0.9375,0.4124999999999943,0.10000000000000009,-0.3624999999999998,-0.21250000000000568,0.1125,0.20000000000000018,-0.3250000000000002,-0.1499999999999999,0.125,-0.32500000000000284
-3727.8250000000116,-377.0999999999767,20076.375,89.95000000001164,5043.362499999988,13111.950000000012,280.4624999999942,-35299.875,313.6750000000029,20731.98749999999,0.4249999999999998,0.9375,-0.5875000000000057,0.10000000000000009,-1.3624999999999998,-0.21250000000000568,0.1125,0.20000000000000018,-0.3250000000000002,-0.1499999999999999,-0.875,-0.32500000000000284
-3624.8250000000116,-175.09999999997672,20037.375,16.95000000001164,5355.362499999988,13045.950000000012,-671.5375000000058,-35373.875,412.6750000000029,20619.98749999999,-0.5750000000000002,-1.0625,0.4124999999999943,0.10000000000000009,0.6375000000000002,-0.21250000000000568,0.1125,-0.7999999999999998,-0.3250000000000002,-0.1499999999999999,0.125,0.6749999999999972
-3566.8250000000116,-177.09999999997672,19995.375,277.95000000001164,5524.362499999988,13170.950000000012,-210.53750000000582,-35387.875,449.6750000000029,20633.98749999999,0.4249999999999998,-1.0625,0.4124999999999943,-0.8999999999999999,-0.3624999999999998,-0.21250000000000568,0.1125,0.20000000000000018,-0.3250000000000002,-0.1499999999999999,0.125,-0.32500000000000284
-3736.8250000000116,-265.0999999999767,20065.375,87.95000000001164,5393.362499999988,13129.950000000012,-326.5375000000058,-35359.875,428.6750000000029,20539.98749999999,0.4249999999999998,-1.0625,1.4124999999999943,0.10000000000000009,-0.3624999999999998,0.7874999999999943,0.1125,0.20000000000000018,-0.3250000000000002,-0.1499999999999999,0.125,-0.32500000000000284
-3698.8250000000116,-268.0999999999767,20169.375,75.95000000001164,5236.362499999988,13067.950000000012,-547.5375000000058,-35375.875,378.6750000000029,20609.98749999999,0.4249999999999998,-1.0625,-0.5875000000000057,-0.8999999999999999,0.6375000000000002,0.7874999999999943,0.1125,0.20000000000000018,0.6749999999999998,-0.1499999999999999,0.125,-0.32500000000000284
-3744.8250000000116,-135.09999999997672,20176.375,-16.04999999998836,5327.362499999988,12884.950000000012,-758.5375000000058,-35270.875,417.6750000000029,20801.98749999999,-0.5750000000000002,-0.0625,-0.5875000000000057,-0.8999999999999999,-0.3624999999999998,1.7874999999999943,0.1125,0.20000000000000018,0.6749999999999998,-0.1499999999999999,0.125,0.6749999999999972
-3858.8250000000116,11.900000000023283,20065.375,128.95000000001164,5151.362499999988,12688.950000000012,-436.5375000000058,-35191.875,511.6750000000029,20660.98749999999,-0.5750000000000002,-0.0625,-0.5875000000000057,0.10000000000000009,0.6375000000000002,-0.21250000000000568,0.1125,0.20000000000000018,0.6749999999999998,-1.15,0.125,-0.32500000000000284
-3874.8250000000116,5.900000000023283,20014.375,228.95000000001164,4842.362499999988,12720.950000000012,-107.53750000000582,-35076.875,418.6750000000029,20361.98749999999,-0.5750000000000002,0.9375,-0.5875000000000057,0.10000000000000009,-0.3624999999999998,0.7874999999999943,-0.8875,0.20000000000000018,-1.3250000000000002,-0.1499999999999999,-0.875,2.674999999999997
-3870.8250000000116,-153.09999999997672,19963.375,151.95000000001164,5134.362499999988,12867.950000000012,-287.5375000000058,-35168.875,361.6750000000029,20129.98749999999,0.4249999999999998,0.9375,0.4124999999999943,0.10000000000000009,-0.3624999999999998,-1.2125000000000057,0.1125,0.20000000000000018,-0.3250000000000002,-0.1499999999999999,0.125,-0.32500000000000284
-4293.825000000012,-247.09999999997672,20022.375,112.95000000001164,4983.362499999988,12979.950000000012,-337.5375000000058,-35303.875,543.6750000000029,20713.98749999999,-0.5750000000000002,-0.0625,-0.5875000000000057,-0.8999999999999999,0.6375000000000002,-0.21250000000000568,0.1125,0.20000000000000018,-0.3250000000000002,-0.1499999999999999,0.125,-0.32500000000000284
-4102.825000000012,57.90000000002328,19887.375,371.95000000001164,5112.362499999988,13072.950000000012,-153.53750000000582,-35309.875,711.6750000000029,20650.98749999999,-0.5750000000000002,-0.0625,0.4124999999999943,0.10000000000000009,-0.3624999999999998,-0.21250000000000568,0.1125,0.20000000000000018,-0.3250000000000002,-0.1499999999999999,0.125,-0.32500000000000284
-3647.8250000000116,-58.09999999997672,20122.375,149.95000000001164,4988.362499999988,12942.950000000012,-858.5375000000058,-35318.875,575.6750000000029,20624.98749999999,0.4249999999999998,-1.0625,0.4124999999999943,0.10000000000000009,-0.3624999999999998,-0.21250000000000568,0.1125,-0.7999999999999998,0.6749999999999998,-0.1499999999999999,0.125,-0.32500000000000284
-3653.8250000000116,-141.09999999997672,20038.375,180.95000000001164,4805.362499999988,13021.950000000012,-345.5375000000058,-35241.875,646.6750000000029,20723.98749999999,0.4249999999999998,-0.0625,0.4124999999999943,1.1,-0.3624999999999998,-0.21250000000000568,0.1125,1.2000000000000002,0.6749999999999998,0.8500000000000001,0.125,-0.32500000000000284
-3748.8250000000116,8.900000000023283,20002.375,203.95000000001164,4824.362499999988,13090.950000000012,491.4624999999942,-35353.875,524.6750000000029,20688.98749999999,0.4249999999999998,-0.0625,0.4124999999999943,0.10000000000000009,0.6375000000000002,-0.21250000000000568,0.1125,0.20000000000000018,-0.3250000000000002,-0.1499999999999999,0.125,-0.32500000000000284
-3830.8250000000116,-135.09999999997672,20036.375,292.95000000001164,5210.362499999988,13215.950000000012,15.46249999999418,-35199.875,517.6750000000029,20856.98749999999,0.4249999999999998,-0.0625,-0.5875000000000057,0.10000000000000009,0.6375000000000002,0.7874999999999943,0.1125,-0.7999999999999998,-0.3250000000000002,-0.1499999999999999,-0.875,-0.32500000000000284
-3817.8250000000116,-438.0999999999767,20177.375,117.95000000001164,5225.362499999988,13243.950000000012,-180.53750000000582,-35312.875,496.6750000000029,20802.98749999999,0.4249999999999998,0.9375,0.4124999999999943,0.10000000000000009,0.6375000000000002,-0.21250000000000568,0.1125,0.20000000000000018,-0.3250000000000002,0.8500000000000001,0.125,-1.3250000000000028
-3882.8250000000116,-235.09999999997672,20153.375,130.95000000001164,5052.362499999988,13328.950000000012,175.46249999999418,-35369.875,512.6750000000029,20683.98749999999,0.4249999999999998,-0.0625,1.4124999999999943,0.10000000000000009,0.6375000000000002,-0.21250000000000568,0.1125,0.20000000000000018,-0.3250000000000002,-0.1499999999999999,0.125,-0.32500000000000284
-3826.8250000000116,-29.099999999976717,20237.375,136.95000000001164,5082.362499999988,13184.950000000012,-122.53750000000582,-35225.875,243.6750000000029,20460.98749999999,0.4249999999999998,-0.0625,-0.5875000000000057,0.10000000000000009,0.6375000000000002,0.7874999999999943,0.1125,-0.7999999999999998,-0.3250000000000002,0.8500000000000001,0.125,-0.32500000000000284
-3839.8250000000116,89.90000000002328,20220.375,114.95000000001164,4991.362499999988,13290.950000000012,-816.5375000000058,-35172.875,276.6750000000029,20513.98749999999,0.4249999999999998,0.9375,-1.5875000000000057,0.10000000000000009,-0.3624999999999998,-1.2125000000000057,0.1125,-0.7999999999999998,-0.3250000000000002,-0.1499999999999999,0.125,0.6749999999999972
-3796.8250000000116,-48.09999999997672,20263.375,146.95000000001164,4958.362499999988,13292.950000000012,-951.5375000000058,-35177.875,446.6750000000029,20560.98749999999,0.4249999999999998,-0.0625,0.4124999999999943,0.10000000000000009,-0.3624999999999998,0.7874999999999943,0.1125,0.20000000000000018,-0.3250000000000002,-0.1499999999999999,0.125,-1.3250000000000028
-3764.8250000000116,45.90000000002328,20285.375,-100.04999999998836,4981.362499999988,13261.950000000012,-363.5375000000058,-35095.875,288.6750000000029,20622.98749999999,0.4249999999999998,-0.0625,0.4124999999999943,0.10000000000000009,0.6375000000000002,-0.21250000000000568,0.1125,-0.7999999999999998,-0.3250000000000002,-0.1499999999999999,0.125,-0.32500000000000284
-3768.8250000000116,-90.09999999997672,20186.375,-288.04999999998836,4633.362499999988,13345.950000000012,-1398.5375000000058,-35008.875,520.6750000000029,20708.98749999999,0.4249999999999998,-0.0625,0.4124999999999943,0.10000000000000009,-0.3624999999999998,-0.21250000000000568,0.1125,0.20000000000000018,-0.3250000000000002,0.8500000000000001,0.125,0.6749999999999972
-3832.8250000000116,8.900000000023283,20163.375,-110.04999999998836,5133.362499999988,13207.950000000012,-1006.5375000000058,-35284.875,496.6750000000029,20498.98749999999,1.4249999999999998,-0.0625,0.4124999999999943,0.10000000000000009,-0.3624999999999998,-0.21250000000000568,0.1125,1.2000000000000002,-0.3250000000000002,-0.1499999999999999,0.125,-0.32500000000000284
-3821.8250000000116,-29.099999999976717,20099.375,-42.04999999998836,5041.362499999988,13325.950000000012,-621.5375000000058,-35219.875,264.6750000000029,20470.98749999999,-0.5750000000000002,-0.0625,-0.5875000000000057,0.10000000000000009,-0.3624999999999998,-0.21250000000000568,0.1125,0.20000000000000018,-0.3250000000000002,-0.1499999999999999,-0.875,0.6749999999999972
-3734.8250000000116,-217.09999999997672,20186.375,-2.0499999999883585,5164.362499999988,13338.950000000012,-349.5375000000058,-35273.875,303.6750000000029,20446.98749999999,0.4249999999999998,-0.0625,0.4124999999999943,0.10000000000000009,-0.3624999999999998,0.7874999999999943,0.1125,0.20000000000000018,-1.3250000000000002,-0.1499999999999999,-0.875,0.6749999999999972
-3571.8250000000116,-81.09999999997672,20143.375,-27.04999999998836,5234.362499999988,13191.950000000012,-125.53750000000582,-35437.875,358.6750000000029,20644.98749999999,1.4249999999999998,-0.0625,-0.5875000000000057,-0.8999999999999999,-0.3624999999999998,0.7874999999999943,0.1125,-0.7999999999999998,-0.3250000000000002,-0.1499999999999999,-0.875,-0.32500000000000284
-3548.8250000000116,463.9000000000233,20199.375,-68.04999999998836,5059.362499999988,13043.950000000012,95.46249999999418,-35325.875,481.6750000000029,20541.98749999999,0.4249999999999998,-0.0625,0.4124999999999943,0.10000000000000009,0.6375000000000002,-0.21250000000000568,0.1125,0.20000000000000018,-0.3250000000000002,-0.1499999999999999,-0.875,-0.32500000000000284
-4039.8250000000116,394.9000000000233,20019.375,38.95000000001164,5167.362499999988,12981.950000000012,772.4624999999942,-35248.875,521.6750000000029,20378.98749999999,0.4249999999999998,-0.0625,-0.5875000000000057,-0.8999999999999999,-0.3624999999999998,-0.21250000000000568,0.1125,-0.7999999999999998,-0.3250000000000002,-0.1499999999999999,-0.875,0.6749999999999972
-3695.8250000000116,340.9000000000233,20002.375,162.95000000001164,5162.362499999988,12839.950000000012,1125.4624999999942,-35236.875,243.6750000000029,20314.98749999999,-0.5750000000000002,-0.0625,0.4124999999999943,0.10000000000000009,-0.3624999999999998,-0.21250000000000568,0.1125,0.20000000000000018,-0.3250000000000002,-0.1499999999999999,0.125,-0.32500000000000284
-3579.8250000000116,27.900000000023283,20042.375,44.95000000001164,5151.362499999988,13011.950000000012,-505.5375000000058,-35309.875,33.67500000000291,20114.98749999999,0.4249999999999998,-0.0625,-0.5875000000000057,0.10000000000000009,0.6375000000000002,-0.21250000000000568,0.1125,0.20000000000000018,1.6749999999999998,-0.1499999999999999,0.125,0.6749999999999972
-3696.8250000000116,412.9000000000233,20050.375,149.95000000001164,4959.362499999988,13005.950000000012,-1435.5375000000058,-35450.875,-278.3249999999971,20068.98749999999,0.4249999999999998,-0.0625,-0.5875000000000057,0.10000000000000009,-0.3624999999999998,0.7874999999999943,0.1125,0.20000000000000018,-1.3250000000000002,-0.1499999999999999,-0.875,-0.32500000000000284
-3763.8250000000116,573.9000000000233,20033.375,269.95000000001164,4782.362499999988,12954.950000000012,-1401.5375000000058,-35267.875,153.6750000000029,20333.98749999999,-0.5750000000000002,-0.0625,-0.5875000000000057,-0.8999999999999999,-0.3624999999999998,0.7874999999999943,0.1125,-0.7999999999999998,-0.3250000000000002,-0.1499999999999999,0.125,-0.32500000000000284
-3751.8250000000116,-263.0999999999767,20042.375,114.95000000001164,4966.362499999988,13110.950000000012,-474.5375000000058,-35285.875,86.67500000000291,20242.98749999999,-0.5750000000000002,-0.0625,-0.5875000000000057,0.10000000000000009,-0.3624999999999998,0.7874999999999943,0.1125,-0.7999999999999998,-0.3250000000000002,-0.1499999999999999,0.125,-0.32500000000000284
-3714.8250000000116,-379.0999999999767,20082.375,37.95000000001164,5135.362499999988,13122.950000000012,-630.5375000000058,-35168.875,102.67500000000291,20182.98749999999,0.4249999999999998,-0.0625,0.4124999999999943,0.10000000000000009,-0.3624999999999998,0.7874999999999943,0.1125,0.20000000000000018,-0.3250000000000002,-0.1499999999999999,0.125,-0.32500000000000284
-3711.8250000000116,-335.0999999999767,19985.375,270.95000000001164,4899.362499999988,13168.950000000012,-1242.5375000000058,-35236.875,510.6750000000029,20229.98749999999,-0.5750000000000002,0.9375,-0.5875000000000057,0.10000000000000009,0.6375000000000002,-1.2125000000000057,0.1125,0.20000000000000018,0.6749999999999998,0.8500000000000001,0.125,-0.32500000000000284
-3770.8250000000116,-467.0999999999767,19932.375,187.95000000001164,4910.362499999988,13190.950000000012,-704.5375000000058,-35207.875,601.6750000000029,20379.98749999999,-0.5750000000000002,-0.0625,1.4124999999999943,0.10000000000000009,0.6375000000000002,-0.21250000000000568,0.1125,-0.7999999999999998,0.6749999999999998,-0.1499999999999999,0.125,-0.32500000000000284
-3704.8250000000116,-149.09999999997672,20227.375,-18.04999999998836,4760.362499999988,13233.950000000012,-469.5375000000058,-35185.875,611.6750000000029,20391.98749999999,-0.5750000000000002,-0.0625,-0.5875000000000057,0.10000000000000009,-0.3624999999999998,-1.2125000000000057,0.1125,0.20000000000000018,-0.3250000000000002,-0.1499999999999999,0.125,0.6749999999999972
-3674.8250000000116,-173.09999999997672,20180.375,83.95000000001164,4844.362499999988,13024.950000000012,745.4624999999942,-35093.875,585.6750000000029,20515.98749999999,0.4249999999999998,0.9375,-0.5875000000000057,0.10000000000000009,-0.3624999999999998,-0.21250000000000568,0.1125,0.20000000000000018,-0.3250000000000002,0.8500000000000001,0.125,1.6749999999999972
-3707.8250000000116,-33.09999999997672,20141.375,139.95000000001164,4789.362499999988,13168.950000000012,-774.5375000000058,-35002.875,620.6750000000029,20590.98749999999,0.4249999999999998,-0.0625,1.4124999999999943,1.1,0.6375000000000002,-0.21250000000000568,-0.8875,-0.7999999999999998,-0.3250000000000002,-0.1499999999999999,0.125,-0.32500000000000284
-3865.8250000000116,-341.0999999999767,20124.375,20.95000000001164,4768.362499999988,13245.950000000012,-633.5375000000058,-35063.875,735.6750000000029,20552.98749999999,-0.5750000000000002,-0.0625,-0.5875000000000057,0.10000000000000009,-0.3624999999999998,-1.2125000000000057,0.1125,-0.7999999999999998,0.6749999999999998,-0.1499999999999999,0.125,-0.32500000000000284
-3861.8250000000116,-499.0999999999767,20151.375,56.95000000001164,5068.362499999988,13283.950000000012,-478.5375000000058,-35035.875,648.6750000000029,20614.98749999999,0.4249999999999998,-0.0625,0.4124999999999943,0.10000000000000009,0.6375000000000002,-0.21250000000000568,0.1125,0.20000000000000018,-0.3250000000000002,-0.1499999999999999,0.125,-1.3250000000000028
-3764.8250000000116,-46.09999999997672,20145.375,147.95000000001164,4955.362499999988,13512.950000000012,-450.5375000000058,-34970.875,554.6750000000029,20545.98749999999,0.4249999999999998,-0.0625,-0.5875000000000057,0.10000000000000009,-0.3624999999999998,0.7874999999999943,-0.8875,0.20000000000000018,-0.3250000000000002,0.8500000000000001,0.125,-1.3250000000000028
-3843.8250000000116,-228.09999999997672,20270.375,251.95000000001164,5185.362499999988,13525.950000000012,-889.5375000000058,-35338.875,384.6750000000029,20545.98749999999,0.4249999999999998,-1.0625,0.4124999999999943,0.10000000000000009,-0.3624999999999998,0.7874999999999943,0.1125,0.20000000000000018,-0.3250000000000002,0.8500000000000001,0.125,0.6749999999999972
-3770.8250000000116,-719.0999999999767,20058.375,284.95000000001164,5425.362499999988,13354.950000000012,-1076.5375000000058,-35369.875,231.6750000000029,20254.98749999999,0.4249999999999998,-0.0625,-1.5875000000000057,0.10000000000000009,-0.3624999999999998,-1.2125000000000057,0.1125,1.2000000000000002,-0.3250000000000002,0.8500000000000001,0.125,-0.32500000000000284
-3818.8250000000116,-691.0999999999767,19862.375,11.950000000011642,5348.362499999988,13050.950000000012,-1550.5375000000058,-35253.875,251.6750000000029,20461.98749999999,0.4249999999999998,-0.0625,-0.5875000000000057,0.10000000000000009,-0.3624999999999998,0.7874999999999943,0.1125,0.20000000000000018,0.6749999999999998,-0.1499999999999999,0.125,-0.32500000000000284
-3679.8250000000116,-130.09999999997672,19988.375,-57.04999999998836,5197.362499999988,13139.950000000012,208.46249999999418,-35279.875,337.6750000000029,20844.98749999999,-0.5750000000000002,-1.0625,-0.5875000000000057,0.10000000000000009,-0.3624999999999998,-0.21250000000000568,0.1125,0.20000000000000018,-0.3250000000000002,-0.1499999999999999,0.125,0.6749999999999972
-3813.8250000000116,85.90000000002328,20145.375,-2.0499999999883585,5382.362499999988,13260.950000000012,-326.5375000000058,-35197.875,399.6750000000029,20414.98749999999,-0.5750000000000002,-0.0625,-0.5875000000000057,0.10000000000000009,0.6375000000000002,-0.21250000000000568,0.1125,0.20000000000000018,-0.3250000000000002,-0.1499999999999999,0.125,-1.3250000000000028
-3759.8250000000116,-603.0999999999767,20048.375,130.95000000001164,5180.362499999988,13063.950000000012,-401.5375000000058,-35231.875,404.6750000000029,20358.98749999999,0.4249999999999998,-0.0625,0.4124999999999943,0.10000000000000009,-0.3624999999999998,-0.21250000000000568,0.1125,0.20000000000000018,-0.3250000000000002,-0.1499999999999999,0.125,-0.32500000000000284
-3731.8250000000116,-462.0999999999767,20043.375,258.95000000001164,4867.362499999988,13085.950000000012,-484.5375000000058,-35108.875,356.6750000000029,20333.98749999999,-0.5750000000000002,-0.0625,0.4124999999999943,-0.8999999999999999,-0.3624999999999998,-0.21250000000000568,0.1125,0.20000000000000018,-0.3250000000000002,-0.1499999999999999,0.125,-0.32500000000000284
-3730.8250000000116,-368.0999999999767,19958.375,128.95000000001164,5140.362499999988,13072.950000000012,-1188.5375000000058,-35409.875,195.6750000000029,20613.98749999999,-0.5750000000000002,-0.0625,-1.5875000000000057,0.10000000000000009,0.6375000000000002,-0.21250000000000568,0.1125,0.20000000000000018,0.6749999999999998,0.8500000000000001,-0.875,-0.32500000000000284
-3777.8250000000116,-404.0999999999767,19982.375,3.9500000000116415,4979.362499999988,12780.950000000012,-1153.5375000000058,-35422.875,307.6750000000029,20075.98749999999,-0.5750000000000002,-0.0625,-0.5875000000000057,0.10000000000000009,-0.3624999999999998,-0.21250000000000568,0.1125,0.20000000000000018,0.6749999999999998,-0.1499999999999999,0.125,0.6749999999999972
-3744.8250000000116,-477.0999999999767,19932.375,-30.04999999998836,5116.362499999988,12785.950000000012,-876.5375000000058,-35321.875,153.6750000000029,20306.98749999999,0.4249999999999998,-1.0625,-0.5875000000000057,-0.8999999999999999,-0.3624999999999998,-0.21250000000000568,0.1125,0.20000000000000018,-0.3250000000000002,0.8500000000000001,0.125,-1.3250000000000028
-3723.8250000000116,-209.09999999997672,19970.375,-59.04999999998836,5224.362499999988,13050.950000000012,-934.5375000000058,-35231.875,105.67500000000291,20196.98749999999,-0.5750000000000002,-0.0625,0.4124999999999943,-0.8999999999999999,-0.3624999999999998,-0.21250000000000568,0.1125,0.20000000000000018,-0.3250000000000002,-0.1499999999999999,-0.875,-0.32500000000000284
-3708.8250000000116,-316.0999999999767,20099.375,-23.04999999998836,5273.362499999988,13072.950000000012,-400.5375000000058,-35264.875,-32.32499999999709,20156.98749999999,0.4249999999999998,-1.0625,0.4124999999999943,0.10000000000000009,-0.3624999999999998,-0.21250000000000568,0.1125,0.20000000000000018,-0.3250000000000002,-0.1499999999999999,0.125,-0.32500000000000284
-3658.8250000000116,-113.09999999997672,20067.375,-12.049999999988358,5152.362499999988,13070.950000000012,483.4624999999942,-35277.875,23.67500000000291,20211.98749999999,-0.5750000000000002,-1.0625,-0.5875000000000057,0.10000000000000009,-0.3624999999999998,-0.21250000000000568,0.1125,0.20000000000000018,-0.3250000000000002,-0.1499999999999999,0.125,-0.32500000000000284
-3757.8250000000116,-146.09999999997672,20005.375,-14.049999999988358,5162.362499999988,13148.950000000012,-320.5375000000058,-35153.875,189.6750000000029,20175.98749999999,0.4249999999999998,-0.0625,0.4124999999999943,0.10000000000000009,-0.3624999999999998,-0.21250000000000568,0.1125,0.20000000000000018,-0.3250000000000002,-0.1499999999999999,0.125,-0.32500000000000284
-3773.8250000000116,-93.09999999997672,20045.375,68.95000000001164,5041.362499999988,13151.950000000012,-1029.5375000000058,-35208.875,94.67500000000291,20096.98749999999,0.4249999999999998,-0.0625,0.4124999999999943,0.10000000000000009,-0.3624999999999998,0.7874999999999943,0.1125,0.20000000000000018,-0.3250000000000002,0.8500000000000001,0.125,-0.32500000000000284
-3792.8250000000116,-337.0999999999767,20134.375,5.9500000000116415,5169.362499999988,13296.950000000012,-264.5375000000058,-35278.875,94.67500000000291,19997.98749999999,-0.5750000000000002,-0.0625,-0.5875000000000057,-0.8999999999999999,0.6375000000000002,0.7874999999999943,0.1125,0.20000000000000018,-0.3250000000000002,-0.1499999999999999,0.125,-0.32500000000000284
-3865.8250000000116,-134.09999999997672,20136.375,-15.049999999988358,5158.362499999988,13302.950000000012,-46.53750000000582,-35300.875,125.67500000000291,20097.98749999999,-0.5750000000000002,0.9375,-0.5875000000000057,0.10000000000000009,-0.3624999999999998,-0.21250000000000568,-0.8875,0.20000000000000018,-0.3250000000000002,0.8500000000000001,-0.875,-0.32500000000000284
-3716.8250000000116,80.90000000002328,19988.375,55.95000000001164,4683.362499999988,13292.950000000012,-149.53750000000582,-35296.875,188.6750000000029,20232.98749999999,-0.5750000000000002,-0.0625,-0.5875000000000057,0.10000000000000009,-0.3624999999999998,-0.21250000000000568,0.1125,0.20000000000000018,-0.3250000000000002,-0.1499999999999999,0.125,0.6749999999999972
-3785.8250000000116,189.90000000002328,20097.375,95.95000000001164,4781.362499999988,13430.950000000012,-1043.5375000000058,-35279.875,310.6750000000029,20147.98749999999,0.4249999999999998,-0.0625,0.4124999999999943,1.1,-0.3624999999999998,-0.21250000000000568,0.1125,1.2000000000000002,-0.3250000000000002,-0.1499999999999999,0.125,-0.32500000000000284
-3880.8250000000116,205.90000000002328,20164.375,156.95000000001164,5197.362499999988,13393.950000000012,-1148.5375000000058,-35366.875,327.6750000000029,20231.98749999999,1.4249999999999998,-0.0625,0.4124999999999943,0.10000000000000009,-0.3624999999999998,-0.21250000000000568,0.1125,0.20000000000000018,-0.3250000000000002,0.8500000000000001,0.125,-0.32500000000000284
-3923.8250000000116,5.900000000023283,20121.375,157.95000000001164,5003.362499999988,13323.950000000012,-568.5375000000058,-35355.875,228.6750000000029,20347.98749999999,0.4249999999999998,0.9375,0.4124999999999943,0.10000000000000009,-0.3624999999999998,-1.2125000000000057,-0.8875,-0.7999999999999998,-1.3250000000000002,0.8500000000000001,0.125,0.6749999999999972
-3883.8250000000116,54.90000000002328,20113.375,-20.04999999998836,5080.362499999988,13117.950000000012,-225.53750000000582,-35414.875,249.6750000000029,20529.98749999999,0.4249999999999998,-0.0625,0.4124999999999943,0.10000000000000009,-0.3624999999999998,-0.21250000000000568,0.1125,1.2000000000000002,0.6749999999999998,0.8500000000000001,0.125,1.6749999999999972
-4038.8250000000116,-181.09999999997672,20034.375,-67.04999999998836,5189.362499999988,13152.950000000012,-679.5375000000058,-35305.875,280.6750000000029,20387.98749999999,0.4249999999999998,-0.0625,0.4124999999999943,0.10000000000000009,-0.3624999999999998,-0.21250000000000568,0.1125,0.20000000000000018,-0.3250000000000002,0.8500000000000001,0.125,0.6749999999999972
-3941.8250000000116,-143.09999999997672,19944.375,1.9500000000116415,5229.362499999988,13061.950000000012,-913.5375000000058,-35409.875,456.6750000000029,20502.98749999999,0.4249999999999998,-0.0625,0.4124999999999943,0.10000000000000009,-1.3624999999999998,0.7874999999999943,0.1125,0.20000000000000018,-0.3250000000000002,0.8500000000000001,-0.875,-0.32500000000000284
-3733.8250000000116,69.90000000002328,19978.375,29.95000000001164,5266.362499999988,13341.950000000012,-1180.5375000000058,-35434.875,567.6750000000029,20491.98749999999,1.4249999999999998,-0.0625,0.4124999999999943,0.10000000000000009,-0.3624999999999998,-0.21250000000000568,-0.8875,0.20000000000000018,-0.3250000000000002,-0.1499999999999999,0.125,-0.32500000000000284
-3840.8250000000116,-114.09999999997672,20083.375,11.950000000011642,5328.362499999988,13250.950000000012,-567.5375000000058,-35382.875,633.6750000000029,20590.98749999999,-0.5750000000000002,-0.0625,-0.5875000000000057,0.10000000000000009,-0.3624999999999998,-0.21250000000000568,0.1125,0.20000000000000018,-1.3250000000000002,-0.1499999999999999,0.125,-0.32500000000000284
-4063.8250000000116,-434.0999999999767,20110.375,116.95000000001164,5557.362499999988,13138.950000000012,740.4624999999942,-35427.875,675.6750000000029,20812.98749999999,-0.5750000000000002,-0.0625,0.4124999999999943,0.10000000000000009,-0.3624999999999998,-0.21250000000000568,-0.8875,0.20000000000000018,-0.3250000000000002,-0.1499999999999999,-0.875,-1.3250000000000028
-3947.8250000000116,-169.09999999997672,19996.375,200.95000000001164,5462.362499999988,13241.950000000012,434.4624999999942,-35469.875,536.6750000000029,20491.98749999999,0.4249999999999998,-0.0625,0.4124999999999943,0.10000000000000009,-0.3624999999999998,-0.21250000000000568,0.1125,-0.7999999999999998,0.6749999999999998,-0.1499999999999999,0.125,-0.32500000000000284
-3886.8250000000116,-116.09999999997672,19724.375,331.95000000001164,5355.362499999988,13201.950000000012,556.4624999999942,-35441.875,578.6750000000029,20551.98749999999,-0.5750000000000002,-0.0625,-0.5875000000000057,0.10000000000000009,-0.3624999999999998,0.7874999999999943,0.1125,1.2000000000000002,-0.3250000000000002,-0.1499999999999999,0.125,-0.32500000000000284
-3906.8250000000116,34.90000000002328,20054.375,175.95000000001164,5037.362499999988,13181.950000000012,474.4624999999942,-35276.875,684.6750000000029,20488.98749999999,1.4249999999999998,0.9375,-1.5875000000000057,0.10000000000000009,0.6375000000000002,0.7874999999999943,1.1125,1.2000000000000002,0.6749999999999998,0.8500000000000001,0.125,0.6749999999999972
-3880.8250000000116,-25.099999999976717,20034.375,147.95000000001164,5245.362499999988,12972.950000000012,728.4624999999942,-35319.875,719.6750000000029,20325.98749999999,0.4249999999999998,-0.0625,-0.5875000000000057,0.10000000000000009,-0.3624999999999998,0.7874999999999943,0.1125,0.20000000000000018,-0.3250000000000002,-0.1499999999999999,0.125,-0.32500000000000284
-3621.8250000000116,210.90000000002328,19995.375,307.95000000001164,5108.362499999988,13217.950000000012,343.4624999999942,-35344.875,770.6750000000029,20329.98749999999,-0.5750000000000002,-0.0625,-0.5875000000000057,0.10000000000000009,0.6375000000000002,-0.21250000000000568,0.1125,0.20000000000000018,-0.3250000000000002,-0.1499999999999999,0.125,-0.32500000000000284
-3878.8250000000116,87.90000000002328,20024.375,157.95000000001164,5355.362499999988,13216.950000000012,143.46249999999418,-35183.875,688.6750000000029,20502.98749999999,-0.5750000000000002,-0.0625,0.4124999999999943,0.10000000000000009,-0.3624999999999998,-0.21250000000000568,0.1125,0.20000000000000018,-0.3250000000000002,-0.1499999999999999,-0.875,-0.32500000000000284
-3930.8250000000116,-136.09999999997672,20170.375,207.95000000001164,5224.362499999988,13056.950000000012,882.4624999999942,-35182.875,619.6750000000029,20383.98749999999,0.4249999999999998,-0.0625,-0.5875000000000057,-0.8999999999999999,-0.3624999999999998,0.7874999999999943,0.1125,0.20000000000000018,-0.3250000000000002,-0.1499999999999999,-0.875,0.6749999999999972
-4066.8250000000116,-229.09999999997672,20244.375,231.95000000001164,5249.362499999988,12976.950000000012,237.46249999999418,-35275.875,683.6750000000029,20249.98749999999,-0.5750000000000002,-0.0625,0.4124999999999943,0.10000000000000009,-0.3624999999999998,-1.2125000000000057,0.1125,0.20000000000000018,-0.3250000000000002,-0.1499999999999999,0.125,-0.32500000000000284
-3951.8250000000116,-74.09999999997672,20166.375,61.95000000001164,5082.362499999988,13018.950000000012,9.46249999999418,-35393.875,673.6750000000029,20248.98749999999,0.4249999999999998,-0.0625,-1.5875000000000057,-0.8999999999999999,-0.3624999999999998,-0.21250000000000568,0.1125,0.20000000000000018,-0.3250000000000002,-0.1499999999999999,0.125,0.6749999999999972
-4013.8250000000116,115.90000000002328,20111.375,115.95000000001164,5028.362499999988,13039.950000000012,-190.53750000000582,-35284.875,534.6750000000029,20165.98749999999,-0.5750000000000002,0.9375,0.4124999999999943,0.10000000000000009,0.6375000000000002,0.7874999999999943,0.1125,0.20000000000000018,-0.3250000000000002,-0.1499999999999999,0.125,0.6749999999999972
-3850.8250000000116,106.90000000002328,20152.375,235.95000000001164,4953.362499999988,13146.950000000012,-291.5375000000058,-35358.875,487.6750000000029,20282.98749999999,0.4249999999999998,-0.0625,0.4124999999999943,0.10000000000000009,-0.3624999999999998,-0.21250000000000568,0.1125,1.2000000000000002,0.6749999999999998,-0.1499999999999999,0.125,-0.32500000000000284
-3718.8250000000116,130.90000000002328,20136.375,292.95000000001164,5060.362499999988,13259.950000000012,-453.5375000000058,-35214.875,500.6750000000029,20485.98749999999,0.4249999999999998,0.9375,0.4124999999999943,0.10000000000000009,0.6375000000000002,0.7874999999999943,0.1125,0.20000000000000018,0.6749999999999998,-0.1499999999999999,0.125,0.6749999999999972
-3869.8250000000116,-114.09999999997672,20054.375,278.95000000001164,5181.362499999988,13194.950000000012,-658.5375000000058,-35237.875,523.6750000000029,20713.98749999999,0.4249999999999998,-0.0625,0.4124999999999943,0.10000000000000009,0.6375000000000002,0.7874999999999943,0.1125,1.2000000000000002,0.6749999999999998,-0.1499999999999999,-0.875,0.6749999999999972
-4032.8250000000116,293.9000000000233,20113.375,174.95000000001164,5154.362499999988,13117.950000000012,-1143.5375000000058,-35185.875,602.6750000000029,20549.98749999999,-0.5750000000000002,-0.0625,0.4124999999999943,0.10000000000000009,0.6375000000000002,-0.21250000000000568,0.1125,-0.7999999999999998,0.6749999999999998,-0.1499999999999999,0.125,-0.32500000000000284
-4061.8250000000116,238.90000000002328,20180.375,260.95000000001164,5039.362499999988,13138.950000000012,-513.5375000000058,-35236.875,680.6750000000029,20402.98749999999,0.4249999999999998,-0.0625,-0.5875000000000057,0.10000000000000009,-0.3624999999999998,-0.21250000000000568,-0.8875,-0.7999999999999998,-0.3250000000000002,-0.1499999999999999,0.125,-0.32500000000000284
-4121.825000000012,-432.0999999999767,20094.375,306.95000000001164,5214.362499999988,13161.950000000012,-183.53750000000582,-35375.875,649.6750000000029,20275.98749999999,0.4249999999999998,-0.0625,0.4124999999999943,0.10000000000000009,0.6375000000000002,-0.21250000000000568,0.1125,0.20000000000000018,-0.3250000000000002,-0.1499999999999999,0.125,-0.32500000000000284
-4033.8250000000116,-305.0999999999767,19987.375,182.95000000001164,5204.362499999988,13160.950000000012,-255.53750000000582,-35239.875,539.6750000000029,20461.98749999999,0.4249999999999998,0.9375,-0.5875000000000057,0.10000000000000009,0.6375000000000002,-0.21250000000000568,0.1125,0.20000000000000018,-0.3250000000000002,-0.1499999999999999,0.125,0.6749999999999972
-4080.8250000000116,503.9000000000233,19989.375,96.95000000001164,4893.362499999988,13160.950000000012,178.46249999999418,-35277.875,534.6750000000029,20380.98749999999,0.4249999999999998,-0.0625,0.4124999999999943,1.1,-0.3624999999999998,0.7874999999999943,0.1125,0.20000000000000018,-0.3250000000000002,-0.1499999999999999,0.125,0.6749999999999972
-4059.8250000000116,319.9000000000233,20067.375,232.95000000001164,5007.362499999988,13098.950000000012,677.4624999999942,-35282.875,516.6750000000029,20519.98749999999,0.4249999999999998,-0.0625,1.4124999999999943,1.1,0.6375000000000002,0.7874999999999943,0.1125,0.20000000000000018,-0.3250000000000002,0.8500000000000001,-0.875,-0.32500000000000284
-3986.8250000000116,104.90000000002328,19994.375,222.95000000001164,5231.362499999988,13034.950000000012,583.4624999999942,-35141.875,556.6750000000029,20696.98749999999,0.4249999999999998,-1.0625,1.4124999999999943,0.10000000000000009,-0.3624999999999998,-0.21250000000000568,0.1125,0.20000000000000018,-0.3250000000000002,-0.1499999999999999,-0.875,-0.32500000000000284
-4076.8250000000116,66.90000000002328,20031.375,-43.04999999998836,5070.362499999988,13141.950000000012,-237.53750000000582,-35340.875,851.6750000000029,20498.98749999999,0.4249999999999998,-0.0625,-0.5875000000000057,0.10000000000000009,-0.3624999999999998,0.7874999999999943,0.1125,0.20000000000000018,-0.3250000000000002,0.8500000000000001,0.125,-0.32500000000000284
-3879.8250000000116,-39.09999999997672,20111.375,227.95000000001164,5254.362499999988,13139.950000000012,235.46249999999418,-35445.875,766.6750000000029,20530.98749999999,0.4249999999999998,-0.0625,0.4124999999999943,0.10000000000000009,-0.3624999999999998,-0.21250000000000568,0.1125,0.20000000000000018,0.6749999999999998,-0.1499999999999999,0.125,0.6749999999999972
-3972.8250000000116,275.9000000000233,20146.375,347.95000000001164,5268.362499999988,13152.950000000012,1441.4624999999942,-35240.875,751.6750000000029,20208.98749999999,0.4249999999999998,-0.0625,0.4124999999999943,0.10000000000000009,0.6375000000000002,-0.21250000000000568,0.1125,0.20000000000000018,-0.3250000000000002,-0.1499999999999999,1.125,0.6749999999999972
-4012.8250000000116,223.90000000002328,19779.375,392.95000000001164,5286.362499999988,13136.950000000012,-1679.5375000000058,-35085.875,645.6750000000029,20405.98749999999,0.4249999999999998,-0.0625,-0.5875000000000057,-0.8999999999999999,0.6375000000000002,-0.21250000000000568,0.1125,0.20000000000000018,-0.3250000000000002,-0.1499999999999999,-0.875,0.6749999999999972
-3983.8250000000116,-1.099999999976717,19835.375,297.95000000001164,4999.362499999988,13020.950000000012,-571.5375000000058,-35204.875,605.6750000000029,20495.98749999999,0.4249999999999998,-0.0625,0.4124999999999943,0.10000000000000009,0.6375000000000002,-0.21250000000000568,0.1125,0.20000000000000018,0.6749999999999998,-0.1499999999999999,0.125,0.6749999999999972
-3891.8250000000116,9.900000000023283,19973.375,327.95000000001164,4874.362499999988,12926.950000000012,40.46249999999418,-35414.875,557.6750000000029,20426.98749999999,-0.5750000000000002,-0.0625,0.4124999999999943,0.10000000000000009,0.6375000000000002,-0.21250000000000568,0.1125,0.20000000000000018,-0.3250000000000002,-0.1499999999999999,0.125,0.6749999999999972
-3952.8250000000116,-67.09999999997672,20096.375,253.95000000001164,4962.362499999988,12923.950000000012,-95.53750000000582,-35434.875,632.6750000000029,20663.98749999999,0.4249999999999998,-1.0625,1.4124999999999943,0.10000000000000009,0.6375000000000002,-0.21250000000000568,0.1125,0.20000000000000018,0.6749999999999998,-0.1499999999999999,0.125,-0.32500000000000284
-3840.8250000000116,151.90000000002328,20155.375,136.95000000001164,5179.362499999988,13070.950000000012,-368.5375000000058,-35368.875,649.6750000000029,20625.98749999999,-0.5750000000000002,-0.0625,-0.5875000000000057,0.10000000000000009,0.6375000000000002,-0.21250000000000568,-0.8875,0.20000000000000018,-0.3250000000000002,-0.1499999999999999,0.125,-1.3250000000000028
-3822.8250000000116,260.9000000000233,20035.375,177.95000000001164,5060.362499999988,13007.950000000012,-786.5375000000058,-35289.875,681.6750000000029,20387.98749999999,0.4249999999999998,-0.0625,-0.5875000000000057,0.10000000000000009,-0.3624999999999998,0.7874999999999943,0.1125,0.20000000000000018,-0.3250000000000002,-0.1499999999999999,0.125,-0.32500000000000284
-3888.8250000000116,-260.0999999999767,19937.375,186.95000000001164,5117.362499999988,12955.950000000012,-470.5375000000058,-35275.875,741.6750000000029,20227.98749999999,0.4249999999999998,-0.0625,-0.5875000000000057,0.10000000000000009,0.6375000000000002,-1.2125000000000057,0.1125,0.20000000000000018,-0.3250000000000002,-0.1499999999999999,0.125,0.6749999999999972
-4043.8250000000116,-164.09999999997672,19938.375,212.95000000001164,5212.362499999988,13122.950000000012,43.46249999999418,-35210.875,776.6750000000029,20289.98749999999,0.4249999999999998,-0.0625,0.4124999999999943,0.10000000000000009,-0.3624999999999998,-1.2125000000000057,0.1125,0.20000000000000018,-0.3250000000000002,-0.1499999999999999,-0.875,0.6749999999999972
-4193.825000000012,-141.09999999997672,19949.375,208.95000000001164,5112.362499999988,13238.950000000012,-332.5375000000058,-35173.875,696.6750000000029,20179.98749999999,-0.5750000000000002,-0.0625,1.4124999999999943,0.10000000000000009,0.6375000000000002,-1.2125000000000057,0.1125,-0.7999999999999998,-0.3250000000000002,-0.1499999999999999,0.125,-0.32500000000000284
-4024.8250000000116,9.900000000023283,20018.375,247.95000000001164,4956.362499999988,13269.950000000012,-328.5375000000058,-35150.875,622.6750000000029,20028.98749999999,0.4249999999999998,-0.0625,1.4124999999999943,0.10000000000000009,-0.3624999999999998,-0.21250000000000568,0.1125,0.20000000000000018,-0.3250000000000002,-1.15,0.125,-0.32500000000000284
-3784.8250000000116,-9.099999999976717,19889.375,247.95000000001164,5074.362499999988,13244.950000000012,-71.53750000000582,-35124.875,434.6750000000029,20341.98749999999,-0.5750000000000002,-0.0625,0.4124999999999943,0.10000000000000009,0.6375000000000002,-0.21250000000000568,0.1125,0.20000000000000018,-0.3250000000000002,0.8500000000000001,0.125,-0.32500000000000284
-3752.8250000000116,-71.09999999997672,19998.375,241.95000000001164,5050.362499999988,13071.950000000012,185.46249999999418,-35294.875,433.6750000000029,20544.98749999999,-0.5750000000000002,-0.0625,-0.5875000000000057,0.10000000000000009,-0.3624999999999998,-0.21250000000000568,0.1125,0.20000000000000018,-0.3250000000000002,-0.1499999999999999,0.125,-0.32500000000000284
-3799.8250000000116,-58.09999999997672,20130.375,182.95000000001164,5024.362499999988,13094.950000000012,-238.53750000000582,-35068.875,565.6750000000029,20473.98749999999,0.4249999999999998,0.9375,-0.5875000000000057,0.10000000000000009,-0.3624999999999998,0.7874999999999943,0.1125,1.2000000000000002,0.6749999999999998,-0.1499999999999999,0.125,-0.32500000000000284
-4039.8250000000116,152.90000000002328,20071.375,139.95000000001164,5354.362499999988,13164.950000000012,-304.5375000000058,-35006.875,668.6750000000029,20213.98749999999,0.4249999999999998,-0.0625,-0.5875000000000057,0.10000000000000009,0.6375000000000002,-0.21250000000000568,0.1125,0.20000000000000018,0.6749999999999998,-0.1499999999999999,0.125,-0.32500000000000284
-4045.8250000000116,326.9000000000233,20179.375,206.95000000001164,5169.362499999988,13109.950000000012,-1244.5375000000058,-35271.875,694.6750000000029,20435.98749999999,1.4249999999999998,0.9375,-0.5875000000000057,0.10000000000000009,0.6375000000000002,-0.21250000000000568,0.1125,0.20000000000000018,-0.3250000000000002,-0.1499999999999999,-0.875,-0.32500000000000284
-3981.8250000000116,53.90000000002328,19990.375,55.95000000001164,4944.362499999988,13124.950000000012,-877.5375000000058,-35481.875,705.6750000000029,20451.98749999999,0.4249999999999998,-0.0625,0.4124999999999943,0.10000000000000009,-0.3624999999999998,-1.2125000000000057,0.1125,0.20000000000000018,-0.3250000000000002,-0.1499999999999999,-0.875,-0.32500000000000284
-4067.8250000000116,-584.0999999999767,20026.375,40.95000000001164,5246.362499999988,13167.950000000012,-861.5375000000058,-35167.875,748.6750000000029,20287.98749999999,0.4249999999999998,-0.0625,1.4124999999999943,1.1,-0.3624999999999998,-1.2125000000000057,0.1125,-0.7999999999999998,0.6749999999999998,-0.1499999999999999,0.125,0.6749999999999972
-3904.8250000000116,-86.09999999997672,20141.375,218.95000000001164,5157.362499999988,13068.950000000012,258.4624999999942,-35292.875,659.6750000000029,20116.98749999999,0.4249999999999998,-0.0625,0.4124999999999943,0.10000000000000009,-0.3624999999999998,-0.21250000000000568,0.1125,-0.7999999999999998,0.6749999999999998,0.8500000000000001,0.125,-1.3250000000000028
-3803.8250000000116,167.90000000002328,20052.375,248.95000000001164,5345.362499999988,13068.950000000012,644.4624999999942,-35298.875,685.6750000000029,20146.98749999999,-0.5750000000000002,-0.0625,0.4124999999999943,0.10000000000000009,-0.3624999999999998,-0.21250000000000568,0.1125,0.20000000000000018,0.6749999999999998,0.8500000000000001,0.125,-0.32500000000000284
-3969.8250000000116,104.90000000002328,20121.375,273.95000000001164,5238.362499999988,13264.950000000012,839.4624999999942,-35253.875,717.6750000000029,20479.98749999999,-0.5750000000000002,-0.0625,-0.5875000000000057,0.10000000000000009,0.6375000000000002,-0.21250000000000568,0.1125,0.20000000000000018,-0.3250000000000002,0.8500000000000001,0.125,1.6749999999999972
-3902.8250000000116,224.90000000002328,20213.375,290.95000000001164,5139.362499999988,13221.950000000012,345.4624999999942,-35313.875,741.6750000000029,20539.98749999999,-0.5750000000000002,-0.0625,0.4124999999999943,0.10000000000000009,-0.3624999999999998,0.7874999999999943,0.1125,0.20000000000000018,-0.3250000000000002,-0.1499999999999999,0.125,0.6749999999999972
-3863.8250000000116,174.90000000002328,20141.375,298.95000000001164,5061.362499999988,13158.950000000012,-466.5375000000058,-35231.875,950.6750000000029,20524.98749999999,0.4249999999999998,-0.0625,0.4124999999999943,-0.8999999999999999,-0.3624999999999998,-0.21250000000000568,0.1125,-0.7999999999999998,0.6749999999999998,-0.1499999999999999,0.125,-0.32500000000000284
-3905.8250000000116,-30.099999999976717,20242.375,468.95000000001164,4967.362499999988,13133.950000000012,-285.5375000000058,-35087.875,1057.675000000003,20500.98749999999,0.4249999999999998,-0.0625,0.4124999999999943,-0.8999999999999999,-0.3624999999999998,-0.21250000000000568,0.1125,0.20000000000000018,-0.3250000000000002,0.8500000000000001,0.125,0.6749999999999972
-3755.8250000000116,36.90000000002328,19945.375,358.95000000001164,4758.362499999988,13055.950000000012,-288.5375000000058,-35211.875,933.6750000000029,20388.98749999999,-0.5750000000000002,-0.0625,0.4124999999999943,0.10000000000000009,-0.3624999999999998,-0.21250000000000568,-0.8875,0.20000000000000018,-0.3250000000000002,-0.1499999999999999,0.125,-1.3250000000000028
-3911.8250000000116,126.90000000002328,19981.375,346.95000000001164,5079.362499999988,13219.950000000012,1198.4624999999942,-35348.875,766.6750000000029,20301.98749999999,-0.5750000000000002,-0.0625,0.4124999999999943,0.10000000000000009,-0.3624999999999998,-0.21250000000000568,-0.8875,0.20000000000000018,-1.3250000000000002,-0.1499999999999999,0.125,-0.32500000000000284
-4055.8250000000116,-79.09999999997672,20112.375,292.95000000001164,5391.362499999988,13225.950000000012,616.4624999999942,-35088.875,753.6750000000029,20248.98749999999,0.4249999999999998,-0.0625,-0.5875000000000057,0.10000000000000009,-0.3624999999999998,0.7874999999999943,-0.8875,1.2000000000000002,-0.3250000000000002,-0.1499999999999999,0.125,-0.32500000000000284
-3960.8250000000116,86.90000000002328,20051.375,329.95000000001164,5267.362499999988,13132.950000000012,-848.5375000000058,-35110.875,698.6750000000029,20515.98749999999,-0.5750000000000002,0.9375,0.4124999999999943,0.10000000000000009,-0.3624999999999998,-0.21250000000000568,0.1125,0.20000000000000018,-0.3250000000000002,-0.1499999999999999,0.125,-0.32500000000000284
-4102.825000000012,163.90000000002328,19912.375,352.95000000001164,5402.362499999988,13004.950000000012,-1456.5375000000058,-35200.875,570.6750000000029,20073.98749999999,0.4249999999999998,-1.0625,0.4124999999999943,0.10000000000000009,0.6375000000000002,0.7874999999999943,0.1125,0.20000000000000018,-0.3250000000000002,-0.1499999999999999,0.125,0.6749999999999972
-3903.8250000000116,-25.099999999976717,20145.375,217.95000000001164,5422.362499999988,13023.950000000012,268.4624999999942,-35336.875,594.6750000000029,20311.98749999999,0.4249999999999998,-0.0625,0.4124999999999943,-0.8999999999999999,-0.3624999999999998,0.7874999999999943,0.1125,0.20000000000000018,-0.3250000000000002,-0.1499999999999999,0.125,0.6749999999999972
-3929.8250000000116,144.90000000002328,19976.375,119.95000000001164,5449.362499999988,13076.950000000012,-276.5375000000058,-35332.875,674.6750000000029,20330.98749999999,-0.5750000000000002,-0.0625,1.4124999999999943,0.10000000000000009,-0.3624999999999998,-0.21250000000000568,0.1125,0.20000000000000018,0.6749999999999998,0.8500000000000001,-0.875,0.6749999999999972
-4063.8250000000116,280.9000000000233,20075.375,258.95000000001164,5242.362499999988,13037.950000000012,-236.53750000000582,-35260.875,772.6750000000029,20317.98749999999,0.4249999999999998,-0.0625,0.4124999999999943,0.10000000000000009,0.6375000000000002,-1.2125000000000057,0.1125,-0.7999999999999998,-0.3250000000000002,-0.1499999999999999,0.125,-0.32500000000000284
-4179.825000000012,128.90000000002328,20156.375,159.95000000001164,5424.362499999988,12876.950000000012,657.4624999999942,-35336.875,723.6750000000029,20405.98749999999,0.4249999999999998,0.9375,0.4124999999999943,0.10000000000000009,-0.3624999999999998,-0.21250000000000568,0.1125,-0.7999999999999998,-0.3250000000000002,-0.1499999999999999,0.125,0.6749999999999972
-4213.825000000012,199.90000000002328,19898.375,113.95000000001164,5361.362499999988,12945.950000000012,1338.4624999999942,-35234.875,538.6750000000029,20511.98749999999,-0.5750000000000002,-0.0625,0.4124999999999943,0.10000000000000009,-1.3624999999999998,0.7874999999999943,0.1125,-0.7999999999999998,-0.3250000000000002,0.8500000000000001,0.125,0.6749999999999972
-4139.825000000012,472.9000000000233,19877.375,309.95000000001164,5353.362499999988,13183.950000000012,486.4624999999942,-35152.875,393.6750000000029,20312.98749999999,-0.5750000000000002,-0.0625,0.4124999999999943,0.10000000000000009,0.6375000000000002,0.7874999999999943,-0.8875,0.20000000000000018,0.6749999999999998,0.8500000000000001,0.125,1.6749999999999972
-4000.8250000000116,43.90000000002328,20126.375,89.95000000001164,5305.362499999988,13103.950000000012,-727.5375000000058,-35223.875,255.6750000000029,20557.98749999999,0.4249999999999998,-0.0625,0.4124999999999943,0.10000000000000009,-0.3624999999999998,-0.21250000000000568,0.1125,0.20000000000000018,-0.3250000000000002,-0.1499999999999999,0.125,0.6749999999999972
-4061.8250000000116,52.90000000002328,20222.375,63.95000000001164,5349.362499999988,13201.950000000012,283.4624999999942,-35150.875,250.6750000000029,20615.98749999999,0.4249999999999998,-0.0625,-0.5875000000000057,0.10000000000000009,-0.3624999999999998,-0.21250000000000568,0.1125,-0.7999999999999998,-0.3250000000000002,0.8500000000000001,0.125,-1.3250000000000028
-4108.825000000012,20.900000000023283,20181.375,349.95000000001164,5285.362499999988,13185.950000000012,853.4624999999942,-35105.875,275.6750000000029,20269.98749999999,0.4249999999999998,-0.0625,-0.5875000000000057,0.10000000000000009,0.6375000000000002,-0.21250000000000568,0.1125,-0.7999999999999998,-0.3250000000000002,-0.1499999999999999,0.125,-0.32500000000000284
-4136.825000000012,305.9000000000233,20074.375,260.95000000001164,5022.362499999988,13145.950000000012,-69.53750000000582,-35169.875,240.6750000000029,20090.98749999999,0.4249999999999998,-1.0625,-1.5875000000000057,0.10000000000000009,-0.3624999999999998,-0.21250000000000568,0.1125,0.20000000000000018,0.6749999999999998,-0.1499999999999999,0.125,-0.32500000000000284
-3979.8250000000116,17.900000000023283,19965.375,93.95000000001164,4695.362499999988,13116.950000000012,-413.5375000000058,-35121.875,177.6750000000029,20353.98749999999,0.4249999999999998,-0.0625,-0.5875000000000057,0.10000000000000009,-0.3624999999999998,-1.2125000000000057,0.1125,0.20000000000000018,-0.3250000000000002,-0.1499999999999999,0.125,1.6749999999999972
-4153.825000000012,160.90000000002328,19920.375,-81.04999999998836,4881.362499999988,13188.950000000012,-1338.5375000000058,-35164.875,337.6750000000029,20188.98749999999,-0.5750000000000002,-0.0625,-0.5875000000000057,0.10000000000000009,0.6375000000000002,-0.21250000000000568,0.1125,0.20000000000000018,-0.3250000000000002,-0.1499999999999999,1.125,-0.32500000000000284
-4160.825000000012,281.9000000000233,20057.375,172.95000000001164,5334.362499999988,13379.950000000012,-1184.5375000000058,-35230.875,467.6750000000029,20461.98749999999,0.4249999999999998,-0.0625,-0.5875000000000057,0.10000000000000009,-0.3624999999999998,0.7874999999999943,0.1125,0.20000000000000018,0.6749999999999998,0.8500000000000001,0.125,-0.32500000000000284
-4014.8250000000116,126.90000000002328,20079.375,353.95000000001164,5333.362499999988,13373.950000000012,-591.5375000000058,-35254.875,309.6750000000029,20478.98749999999,0.4249999999999998,-0.0625,0.4124999999999943,0.10000000000000009,0.6375000000000002,-0.21250000000000568,0.1125,0.20000000000000018,-0.3250000000000002,-0.1499999999999999,0.125,0.6749999999999972
-4057.8250000000116,191.90000000002328,20019.375,319.95000000001164,5415.362499999988,13261.950000000012,-228.53750000000582,-35331.875,331.6750000000029,20634.98749999999,0.4249999999999998,-0.0625,1.4124999999999943,0.10000000000000009,-0.3624999999999998,1.7874999999999943,0.1125,-0.7999999999999998,-0.3250000000000002,-1.15,0.125,-0.32500000000000284
-4055.8250000000116,300.9000000000233,19962.375,239.95000000001164,5343.362499999988,13161.950000000012,4.462499999994179,-35094.875,403.6750000000029,20526.98749999999,0.4249999999999998,-0.0625,0.4124999999999943,0.10000000000000009,-0.3624999999999998,0.7874999999999943,0.1125,0.20000000000000018,0.6749999999999998,0.8500000000000001,0.125,-0.32500000000000284
-4075.8250000000116,172.90000000002328,19983.375,287.95000000001164,5146.362499999988,13281.950000000012,-293.5375000000058,-35236.875,391.6750000000029,20288.98749999999,-0.5750000000000002,-0.0625,0.4124999999999943,0.10000000000000009,-0.3624999999999998,-0.21250000000000568,0.1125,0.20000000000000018,-0.3250000000000002,0.8500000000000001,0.125,-0.32500000000000284
-3901.8250000000116,13.900000000023283,20046.375,417.95000000001164,5186.362499999988,13220.950000000012,-649.5375000000058,-35223.875,411.6750000000029,20115.98749999999,-0.5750000000000002,-0.0625,0.4124999999999943,0.10000000000000009,-0.3624999999999998,-0.21250000000000568,0.1125,0.20000000000000018,0.6749999999999998,-0.1499999999999999,0.125,-0.32500000000000284
-3921.8250000000116,-169.09999999997672,20142.375,266.95000000001164,5305.362499999988,13199.950000000012,-335.5375000000058,-35138.875,431.6750000000029,20136.98749999999,1.4249999999999998,-0.0625,0.4124999999999943,0.10000000000000009,0.6375000000000002,-0.21250000000000568,0.1125,0.20000000000000018,0.6749999999999998,-0.1499999999999999,0.125,0.6749999999999972
-3792.8250000000116,92.90000000002328,20216.375,253.95000000001164,5080.362499999988,13112.950000000012,682.4624999999942,-35124.875,304.6750000000029,20400.98749999999,0.4249999999999998,-0.0625,0.4124999999999943,-0.8999999999999999,-0.3624999999999998,-0.21250000000000568,0.1125,0.20000000000000018,-0.3250000000000002,-0.1499999999999999,0.125,0.6749999999999972
-3894.8250000000116,345.9000000000233,20195.375,235.95000000001164,5219.362499999988,12969.950000000012,-1303.5375000000058,-35092.875,332.6750000000029,20255.98749999999,0.4249999999999998,-0.0625,0.4124999999999943,0.10000000000000009,0.6375000000000002,-0.21250000000000568,0.1125,0.20000000000000018,-0.3250000000000002,-0.1499999999999999,0.125,-0.32500000000000284
-3899.8250000000116,371.9000000000233,20012.375,163.95000000001164,5076.362499999988,13161.950000000012,-1493.5375000000058,-35239.875,540.6750000000029,20171.98749999999,0.4249999999999998,-0.0625,1.4124999999999943,0.10000000000000009,-0.3624999999999998,-0.21250000000000568,0.1125,0.20000000000000018,0.6749999999999998,-0.1499999999999999,0.125,-0.32500000000000284
-3902.8250000000116,58.90000000002328,19884.375,116.95000000001164,4968.362499999988,13100.950000000012,-397.5375000000058,-35311.875,519.6750000000029,20354.98749999999,-0.5750000000000002,-0.0625,-0.5875000000000057,0.10000000000000009,0.6375000000000002,0.7874999999999943,0.1125,0.20000000000000018,-0.3250000000000002,0.8500000000000001,-0.875,-1.3250000000000028
-3847.8250000000116,-16.099999999976717,19964.375,243.95000000001164,5280.362499999988,13212.950000000012,-81.53750000000582,-35253.875,600.6750000000029,20437.98749999999,-0.5750000000000002,0.9375,-0.5875000000000057,0.10000000000000009,-0.3624999999999998,-0.21250000000000568,-0.8875,0.20000000000000018,-0.3250000000000002,0.8500000000000001,0.125,-0.32500000000000284
-3675.8250000000116,37.90000000002328,20119.375,277.95000000001164,5439.362499999988,13183.950000000012,-185.53750000000582,-35081.875,473.6750000000029,20167.98749999999,-0.5750000000000002,-0.0625,0.4124999999999943,0.10000000000000009,-0.3624999999999998,-0.21250000000000568,0.1125,0.20000000000000018,-0.3250000000000002,0.8500000000000001,0.125,0.6749999999999972
-3892.8250000000116,53.90000000002328,20047.375,357.95000000001164,5394.362499999988,13241.950000000012,-321.5375000000058,-35134.875,347.6750000000029,20249.98749999999,-0.5750000000000002,0.9375,-0.5875000000000057,0.10000000000000009,-0.3624999999999998,-0.21250000000000568,0.1125,0.20000000000000018,-0.3250000000000002,0.8500000000000001,0.125,-0.32500000000000284
-4018.8250000000116,-232.09999999997672,20123.375,231.95000000001164,5232.362499999988,13322.950000000012,-236.53750000000582,-35056.875,202.6750000000029,20110.98749999999,-0.5750000000000002,-0.0625,1.4124999999999943,0.10000000000000009,-0.3624999999999998,0.7874999999999943,0.1125,0.20000000000000018,0.6749999999999998,-0.1499999999999999,0.125,0.6749999999999972
-3841.8250000000116,-309.0999999999767,20181.375,162.95000000001164,5014.362499999988,13369.950000000012,-221.53750000000582,-35013.875,167.6750000000029,19933.98749999999,0.4249999999999998,-0.0625,1.4124999999999943,1.1,-0.3624999999999998,-0.21250000000000568,0.1125,-0.7999999999999998,-0.3250000000000002,-0.1499999999999999,-0.875,-0.32500000000000284
-3900.8250000000116,-257.0999999999767,20201.375,116.95000000001164,5144.362499999988,13332.950000000012,-2.5375000000058208,-35140.875,-390.3249999999971,20152.98749999999,-0.5750000000000002,-0.0625,-0.5875000000000057,0.10000000000000009,-0.3624999999999998,-0.21250000000000568,0.1125,0.20000000000000018,0.6749999999999998,-0.1499999999999999,-0.875,0.6749999999999972
-3965.8250000000116,-149.09999999997672,20058.375,16.95000000001164,5179.362499999988,13180.950000000012,-363.5375000000058,-35174.875,-131.3249999999971,19961.98749999999,-0.5750000000000002,-0.0625,-1.5875000000000057,0.10000000000000009,0.6375000000000002,0.7874999999999943,0.1125,0.20000000000000018,-0.3250000000000002,-0.1499999999999999,0.125,-0.32500000000000284
-4006.8250000000116,-34.09999999997672,20111.375,-188.04999999998836,5195.362499999988,13104.950000000012,-489.5375000000058,-35073.875,-149.3249999999971,20133.98749999999,-0.5750000000000002,0.9375,-0.5875000000000057,0.10000000000000009,-0.3624999999999998,-0.21250000000000568,0.1125,0.20000000000000018,-0.3250000000000002,-0.1499999999999999,0.125,-0.32500000000000284
-3964.8250000000116,93.90000000002328,20178.375,-15.049999999988358,4848.362499999988,13192.950000000012,-188.53750000000582,-35151.875,-77.32499999999709,20349.98749999999,-0.5750000000000002,-0.0625,-0.5875000000000057,0.10000000000000009,0.6375000000000002,0.7874999999999943,0.1125,0.20000000000000018,-0.3250000000000002,-0.1499999999999999,0.125,0.6749999999999972
-3953.8250000000116,-35.09999999997672,20246.375,49.95000000001164,5052.362499999988,13318.950000000012,102.46249999999418,-35444.875,157.6750000000029,20432.98749999999,0.4249999999999998,-0.0625,0.4124999999999943,0.10000000000000009,-0.3624999999999998,0.7874999999999943,-0.8875,0.20000000000000018,0.6749999999999998,-0.1499999999999999,0.125,-0.32500000000000284
-3862.8250000000116,-398.0999999999767,20118.375,220.95000000001164,5224.362499999988,13236.950000000012,-777.5375000000058,-35158.875,559.6750000000029,20738.98749999999,0.4249999999999998,-0.0625,1.4124999999999943,0.10000000000000009,-0.3624999999999998,-0.21250000000000568,0.1125,-0.7999999999999998,-1.3250000000000002,-1.15,0.125,0.6749999999999972
