FPI,SPI,AI,SFI,FFI,FPD,SPD,AD,SFD,FFD,API_X,API_Y,API_Z,APD_X,APD_Y,APD_Z,AFD_X,AFD_Y,AFD_Z,AFI_X,AFI_Y,AFI_Z
-15647.412500000006,124.98750000004657,513.8000000000029,-315.23749999998836,101.97499999997672,-3515.7249999999767,-543.5375000000058,4132.112499999988,-251.28749999999854,4500.974999999977,0.4125000000000001,-0.21250000000000002,-0.3375000000000057,-0.16249999999999964,0.6875,-0.125,-0.75,0.2250000000000001,-0.3125,-0.2875000000000001,0.075,0.09999999999999432
-15492.412500000006,-125.01249999995343,519.8000000000029,-364.23749999998836,4.974999999976717,-3638.7249999999767,-395.5375000000058,4200.112499999988,-63.287499999998545,4432.974999999977,-0.5874999999999999,-0.21250000000000002,-0.3375000000000057,-0.16249999999999964,-0.3125,-0.125,-0.75,-0.7749999999999999,-0.3125,-0.2875000000000001,0.075,0.09999999999999432
-15587.412500000006,-192.01249999995343,555.8000000000029,-350.23749999998836,178.97499999997672,-3793.7249999999767,-90.53750000000582,4262.112499999988,-79.28749999999854,4380.974999999977,0.4125000000000001,-0.21250000000000002,0.6624999999999943,-0.16249999999999964,-0.3125,-0.125,-0.75,0.2250000000000001,-0.3125,-0.2875000000000001,0.075,0.09999999999999432
-15659.412500000006,210.98750000004657,480.8000000000029,-293.23749999998836,176.97499999997672,-3793.7249999999767,160.46249999999418,4153.112499999988,-43.287499999998545,4506.974999999977,0.4125000000000001,-0.21250000000000002,-0.3375000000000057,-0.16249999999999964,-0.3125,-0.125,0.25,0.2250000000000001,-0.3125,0.7124999999999999,0.075,-0.9000000000000057
-15677.412500000006,21.987500000046566,454.8000000000029,-207.23749999998836,221.97499999997672,-3807.7249999999767,14.46249999999418,4089.1124999999884,-4.287499999998545,4267.974999999977,-0.5874999999999999,-0.21250000000000002,-1.3375000000000057,0.8375000000000004,-0.3125,-0.125,0.25,0.2250000000000001,-0.3125,-0.2875000000000001,0.075,-0.9000000000000057
-15689.412500000006,95.98750000004657,440.8000000000029,-311.23749999998836,365.9749999999767,-3626.7249999999767,73.46249999999418,4185.112499999988,-179.28749999999854,4335.974999999977,0.4125000000000001,-0.21250000000000002,-0.3375000000000057,-0.16249999999999964,-0.3125,0.875,0.25,0.2250000000000001,0.6875,-0.2875000000000001,0.075,-0.9000000000000057
-15636.412500000006,4.987500000046566,582.8000000000029,-241.23749999998836,122.97499999997672,-3618.7249999999767,113.46249999999418,4218.112499999988,-160.28749999999854,4268.974999999977,0.4125000000000001,-1.2125,-0.3375000000000057,-0.16249999999999964,-0.3125,-1.125,0.25,0.2250000000000001,0.6875,-0.2875000000000001,0.075,-0.9000000000000057
-15606.412500000006,-75.01249999995343,505.8000000000029,-318.23749999998836,121.97499999997672,-3551.7249999999767,-176.53750000000582,4177.112499999988,30.712500000001455,4201.974999999977,0.4125000000000001,-0.21250000000000002,-1.3375000000000057,0.8375000000000004,-0.3125,-0.125,-0.75,-0.7749999999999999,0.6875,-0.2875000000000001,-0.925,0.09999999999999432
-15563.412500000006,-40.012499999953434,481.8000000000029,-332.23749999998836,71.97499999997672,-3726.7249999999767,-9.53750000000582,4153.112499999988,276.71250000000146,4365.974999999977,-0.5874999999999999,-0.21250000000000002,0.6624999999999943,-1.1624999999999996,-0.3125,-0.125,-0.75,0.2250000000000001,0.6875,-0.2875000000000001,0.075,0.09999999999999432
-15687.412500000006,-178.01249999995343,587.8000000000029,-255.23749999998836,112.97499999997672,-3710.7249999999767,-279.5375000000058,4180.112499999988,243.71250000000146,4418.974999999977,0.4125000000000001,-0.21250000000000002,-0.3375000000000057,-0.16249999999999964,0.6875,-0.125,0.25,-0.7749999999999999,-0.3125,-0.2875000000000001,0.075,-0.9000000000000057
-15590.412500000006,-196.01249999995343,499.8000000000029,-184.23749999998836,244.97499999997672,-3745.7249999999767,-237.53750000000582,3959.1124999999884,200.71250000000146,4373.974999999977,-0.5874999999999999,-0.21250000000000002,-0.3375000000000057,-0.16249999999999964,-0.3125,-0.125,0.25,0.2250000000000001,-0.3125,-0.2875000000000001,0.075,-0.9000000000000057
-15625.412500000006,-66.01249999995343,438.8000000000029,-133.23749999998836,-112.02500000002328,-3720.7249999999767,63.46249999999418,3970.1124999999884,180.71250000000146,4289.974999999977,0.4125000000000001,-0.21250000000000002,0.6624999999999943,-0.16249999999999964,0.6875,-0.125,0.25,-0.7749999999999999,-0.3125,-0.2875000000000001,0.075,0.09999999999999432
-15690.412500000006,-86.01249999995343,553.8000000000029,-175.23749999998836,-99.02500000002328,-3776.7249999999767,14.46249999999418,4067.1124999999884,212.71250000000146,4468.974999999977,-0.5874999999999999,-0.21250000000000002,-0.3375000000000057,-0.16249999999999964,0.6875,-0.125,0.25,-0.7749999999999999,-0.3125,-1.2875,0.075,0.09999999999999432
-15730.412500000006,-205.01249999995343,625.8000000000029,-175.23749999998836,264.9749999999767,-3753.7249999999767,-557.5375000000058,4140.112499999988,-25.287499999998545,4548.974999999977,0.4125000000000001,-0.21250000000000002,0.6624999999999943,-0.16249999999999964,-0.3125,-0.125,-0.75,0.2250000000000001,-0.3125,0.7124999999999999,0.075,0.09999999999999432
-15654.412500000006,-94.01249999995343,644.8000000000029,-178.23749999998836,72.97499999997672,-3783.7249999999767,-571.5375000000058,4212.112499999988,24.712500000001455,4553.974999999977,-0.5874999999999999,-0.21250000000000002,-0.3375000000000057,-0.16249999999999964,0.6875,-0.125,0.25,0.2250000000000001,0.6875,-0.2875000000000001,0.075,1.0999999999999943
-15631.412500000006,184.98750000004657,545.8000000000029,-178.23749999998836,85.97499999997672,-3758.7249999999767,221.46249999999418,4234.112499999988,36.712500000001455,4586.974999999977,-0.5874999999999999,-0.21250000000000002,-0.3375000000000057,-0.16249999999999964,0.6875,-0.125,0.25,-0.7749999999999999,-0.3125,-0.2875000000000001,0.075,-0.9000000000000057
-15519.412500000006,267.98750000004657,443.8000000000029,-124.23749999998836,231.97499999997672,-3839.7249999999767,214.46249999999418,4281.112499999988,-86.28749999999854,4558.974999999977,0.4125000000000001,-0.21250000000000002,0.6624999999999943,-0.16249999999999964,-0.3125,0.875,0.25,0.2250000000000001,0.6875,0.7124999999999999,0.075,0.09999999999999432
-15513.412500000006,-136.01249999995343,474.8000000000029,-244.23749999998836,50.97499999997672,-3832.7249999999767,378.4624999999942,4195.112499999988,-244.28749999999854,4482.974999999977,-0.5874999999999999,-0.21250000000000002,0.6624999999999943,-0.16249999999999964,0.6875,-0.125,0.25,0.2250000000000001,-0.3125,-0.2875000000000001,0.075,1.0999999999999943
-15643.412500000006,-279.01249999995343,552.8000000000029,-197.23749999998836,47.97499999997672,-3736.7249999999767,326.4624999999942,4147.112499999988,-313.28749999999854,4347.974999999977,0.4125000000000001,-0.21250000000000002,0.6624999999999943,-0.16249999999999964,0.6875,-0.125,0.25,0.2250000000000001,0.6875,-0.2875000000000001,0.075,0.09999999999999432
-15711.412500000006,-100.01249999995343,543.8000000000029,-177.23749999998836,130.97499999997672,-3856.7249999999767,492.4624999999942,4105.112499999988,-245.28749999999854,4360.974999999977,0.4125000000000001,-0.21250000000000002,-0.3375000000000057,-0.16249999999999964,0.6875,-0.125,-0.75,0.2250000000000001,-0.3125,-0.2875000000000001,0.075,-1.9000000000000057
-15637.412500000006,-27.012499999953434,587.8000000000029,-152.23749999998836,45.97499999997672,-3870.7249999999767,419.4624999999942,4024.1124999999884,-143.28749999999854,4438.974999999977,0.4125000000000001,-0.21250000000000002,-0.3375000000000057,-1.1624999999999996,0.6875,0.875,-0.75,0.2250000000000001,-0.3125,0.7124999999999999,0.075,0.09999999999999432
-15600.412500000006,-41.012499999953434,637.8000000000029,-50.23749999998836,30.974999999976717,-3788.7249999999767,564.4624999999942,4128.112499999988,-44.287499999998545,4377.974999999977,0.4125000000000001,0.7875,0.6624999999999943,-0.16249999999999964,0.6875,-0.125,0.25,0.2250000000000001,-0.3125,-0.2875000000000001,0.075,0.09999999999999432
-15584.412500000006,-228.01249999995343,618.8000000000029,-60.23749999998836,-3.025000000023283,-3903.7249999999767,704.4624999999942,4268.112499999988,93.71250000000146,4405.974999999977,1.4125,0.7875,-0.3375000000000057,-0.16249999999999964,0.6875,-1.125,0.25,-0.7749999999999999,-0.3125,-0.2875000000000001,-0.925,-0.9000000000000057
-15481.412500000006,-438.01249999995343,581.8000000000029,-198.23749999998836,107.97499999997672,-3793.7249999999767,379.4624999999942,4166.112499999988,89.71250000000146,4374.974999999977,-0.5874999999999999,0.7875,-0.3375000000000057,-0.16249999999999964,-0.3125,0.875,0.25,0.2250000000000001,-0.3125,-0.2875000000000001,0.075,0.09999999999999432
-15591.412500000006,-356.01249999995343,529.8000000000029,-289.23749999998836,49.97499999997672,-3819.7249999999767,165.46249999999418,4127.112499999988,131.71250000000146,4572.974999999977,0.4125000000000001,-0.21250000000000002,-0.3375000000000057,-0.16249999999999964,-0.3125,0.875,0.25,0.2250000000000001,0.6875,-0.2875000000000001,-0.925,-0.9000000000000057
-15663.412500000006,-308.01249999995343,553.8000000000029,-256.23749999998836,110.97499999997672,-3830.7249999999767,-35.53750000000582,4142.112499999988,166.71250000000146,4661.974999999977,-0.5874999999999999,-0.21250000000000002,-1.3375000000000057,0.8375000000000004,-0.3125,-0.125,0.25,0.2250000000000001,-0.3125,0.7124999999999999,0.075,0.09999999999999432
-15574.412500000006,-318.01249999995343,474.8000000000029,-136.23749999998836,179.97499999997672,-3884.7249999999767,-77.53750000000582,4097.112499999988,244.71250000000146,4482.974999999977,0.4125000000000001,-0.21250000000000002,0.6624999999999943,-0.16249999999999964,-0.3125,-0.125,-0.75,0.2250000000000001,-0.3125,0.7124999999999999,-0.925,-0.9000000000000057
-15639.412500000006,-90.01249999995343,412.8000000000029,-230.23749999998836,229.97499999997672,-3841.7249999999767,-384.5375000000058,4082.1124999999884,253.71250000000146,4349.974999999977,-0.5874999999999999,-0.21250000000000002,-0.3375000000000057,0.8375000000000004,-0.3125,-0.125,0.25,0.2250000000000001,-0.3125,-0.2875000000000001,0.075,-1.9000000000000057
-15570.412500000006,-251.01249999995343,394.8000000000029,-59.23749999998836,286.9749999999767,-3935.7249999999767,59.46249999999418,4068.1124999999884,223.71250000000146,4527.974999999977,0.4125000000000001,-0.21250000000000002,-0.3375000000000057,-0.16249999999999964,0.6875,-0.125,-0.75,0.2250000000000001,0.6875,0.7124999999999999,0.075,0.09999999999999432
-15606.412500000006,-444.01249999995343,348.8000000000029,-30.23749999998836,375.9749999999767,-4003.7249999999767,-337.5375000000058,3996.1124999999884,187.71250000000146,4435.974999999977,-0.5874999999999999,-0.21250000000000002,-0.3375000000000057,-0.16249999999999964,-0.3125,-0.125,-0.75,0.2250000000000001,-0.3125,-0.2875000000000001,0.075,0.09999999999999432
-15715.412500000006,-262.01249999995343,389.8000000000029,-141.23749999998836,709.9749999999767,-3871.7249999999767,-1022.5375000000058,4079.1124999999884,226.71250000000146,4304.974999999977,0.4125000000000001,0.7875,-0.3375000000000057,-0.16249999999999964,-0.3125,-1.125,0.25,-0.7749999999999999,-0.3125,-0.2875000000000001,0.075,-0.9000000000000057
-15641.412500000006,-257.01249999995343,383.8000000000029,-53.23749999998836,376.9749999999767,-3855.7249999999767,-130.53750000000582,4187.112499999988,274.71250000000146,4480.974999999977,-0.5874999999999999,-0.21250000000000002,-0.3375000000000057,-1.1624999999999996,-0.3125,0.875,0.25,0.2250000000000001,-0.3125,0.7124999999999999,1.075,1.0999999999999943
-15681.412500000006,5.987500000046566,492.8000000000029,162.76250000001164,281.9749999999767,-3874.7249999999767,133.46249999999418,4251.112499999988,270.71250000000146,4411.974999999977,-0.5874999999999999,-0.21250000000000002,-0.3375000000000057,-0.16249999999999964,0.6875,-0.125,0.25,0.2250000000000001,0.6875,-0.2875000000000001,0.075,-0.9000000000000057
-15663.412500000006,-112.01249999995343,570.8000000000029,65.76250000001164,348.9749999999767,-3914.7249999999767,-133.53750000000582,4310.112499999988,275.71250000000146,4502.974999999977,0.4125000000000001,-0.21250000000000002,-0.3375000000000057,-0.16249999999999964,0.6875,-0.125,0.25,0.2250000000000001,0.6875,-0.2875000000000001,0.075,-0.9000000000000057
-15704.412500000006,-217.01249999995343,607.8000000000029,-119.23749999998836,117.97499999997672,-3814.7249999999767,-27.53750000000582,4203.112499999988,321.71250000000146,4597.974999999977,0.4125000000000001,-0.21250000000000002,0.6624999999999943,-0.16249999999999964,0.6875,0.875,0.25,0.2250000000000001,-0.3125,-0.2875000000000001,0.075,0.09999999999999432
-15732.412500000006,-18.012499999953434,653.8000000000029,-103.23749999998836,174.97499999997672,-3946.7249999999767,17.46249999999418,4274.112499999988,337.71250000000146,4696.974999999977,-0.5874999999999999,-0.21250000000000002,-0.3375000000000057,0.8375000000000004,-0.3125,-0.125,0.25,0.2250000000000001,-0.3125,0.7124999999999999,0.075,0.09999999999999432
-15772.412500000006,-80.01249999995343,552.8000000000029,-67.23749999998836,291.9749999999767,-3880.7249999999767,-180.53750000000582,4262.112499999988,308.71250000000146,4663.974999999977,0.4125000000000001,-0.21250000000000002,0.6624999999999943,-0.16249999999999964,0.6875,-0.125,0.25,0.2250000000000001,0.6875,-0.2875000000000001,-0.925,0.09999999999999432
-15668.412500000006,-12.012499999953434,613.8000000000029,88.76250000001164,368.9749999999767,-3856.7249999999767,496.4624999999942,4332.112499999988,213.71250000000146,4637.974999999977,0.4125000000000001,-0.21250000000000002,-0.3375000000000057,0.8375000000000004,-0.3125,-0.125,0.25,0.2250000000000001,-0.3125,0.7124999999999999,0.075,0.09999999999999432
-15658.412500000006,165.98750000004657,686.8000000000029,17.76250000001164,220.97499999997672,-3653.7249999999767,1147.4624999999942,4295.112499999988,184.71250000000146,4662.974999999977,-0.5874999999999999,-0.21250000000000002,-0.3375000000000057,-0.16249999999999964,-0.3125,0.875,0.25,0.2250000000000001,0.6875,-0.2875000000000001,0.075,0.09999999999999432
-15676.412500000006,272.98750000004657,724.8000000000029,-53.23749999998836,276.9749999999767,-3630.7249999999767,551.4624999999942,4180.112499999988,252.71250000000146,4617.974999999977,0.4125000000000001,-0.21250000000000002,0.6624999999999943,-0.16249999999999964,0.6875,-0.125,-0.75,-0.7749999999999999,-0.3125,-0.2875000000000001,0.075,1.0999999999999943
-15706.412500000006,161.98750000004657,602.8000000000029,-76.23749999998836,-21.025000000023283,-3627.7249999999767,129.46249999999418,4094.1124999999884,63.712500000001455,4617.974999999977,-0.5874999999999999,-0.21250000000000002,0.6624999999999943,-0.16249999999999964,-0.3125,0.875,-0.75,0.2250000000000001,-0.3125,-0.2875000000000001,0.075,0.09999999999999432
-15700.412500000006,-145.01249999995343,457.8000000000029,-188.23749999998836,27.974999999976717,-3617.7249999999767,-413.5375000000058,4151.112499999988,130.71250000000146,4641.974999999977,0.4125000000000001,0.7875,0.6624999999999943,-0.16249999999999964,0.6875,-0.125,0.25,0.2250000000000001,0.6875,0.7124999999999999,0.075,1.0999999999999943
-15626.412500000006,-347.01249999995343,514.8000000000029,-180.23749999998836,68.97499999997672,-3722.7249999999767,-314.5375000000058,3990.1124999999884,195.71250000000146,4689.974999999977,0.4125000000000001,-0.21250000000000002,-0.3375000000000057,0.8375000000000004,0.6875,-0.125,-0.75,-0.7749999999999999,0.6875,-0.2875000000000001,0.075,0.09999999999999432
-15629.412500000006,-17.012499999953434,555.8000000000029,-333.23749999998836,164.97499999997672,-3737.7249999999767,-184.53750000000582,3996.1124999999884,174.71250000000146,4582.974999999977,0.4125000000000001,-0.21250000000000002,-1.3375000000000057,-0.16249999999999964,0.6875,-0.125,0.25,0.2250000000000001,0.6875,0.7124999999999999,-0.925,0.09999999999999432
-15673.412500000006,-103.01249999995343,527.8000000000029,-143.23749999998836,162.97499999997672,-3803.7249999999767,-190.53750000000582,4069.1124999999884,180.71250000000146,4494.974999999977,-0.5874999999999999,0.7875,-1.3375000000000057,-0.16249999999999964,-0.3125,0.875,0.25,0.2250000000000001,-0.3125,-0.2875000000000001,-0.925,0.09999999999999432
-15642.412500000006,-267.01249999995343,498.8000000000029,-31.23749999998836,168.97499999997672,-3825.7249999999767,273.4624999999942,4056.1124999999884,65.71250000000146,4696.974999999977,0.4125000000000001,-0.21250000000000002,-0.3375000000000057,-0.16249999999999964,-0.3125,-0.125,0.25,0.2250000000000001,-0.3125,-0.2875000000000001,0.075,0.09999999999999432
-15577.412500000006,-20.012499999953434,466.8000000000029,71.76250000001164,487.9749999999767,-3740.7249999999767,252.46249999999418,3954.1124999999884,-60.287499999998545,4479.974999999977,0.4125000000000001,-0.21250000000000002,-0.3375000000000057,-0.16249999999999964,0.6875,-1.125,0.25,0.2250000000000001,-0.3125,0.7124999999999999,0.075,-0.9000000000000057
-15744.412500000006,-18.012499999953434,404.8000000000029,38.76250000001164,323.9749999999767,-3723.7249999999767,106.46249999999418,4099.112499999988,-184.28749999999854,4292.974999999977,0.4125000000000001,-0.21250000000000002,-0.3375000000000057,-0.16249999999999964,-0.3125,-0.125,0.25,0.2250000000000001,0.6875,0.7124999999999999,-0.925,-0.9000000000000057
-15582.412500000006,-152.01249999995343,465.8000000000029,140.76250000001164,271.9749999999767,-3765.7249999999767,144.46249999999418,4131.112499999988,-176.28749999999854,4496.974999999977,-0.5874999999999999,-0.21250000000000002,-0.3375000000000057,0.8375000000000004,-0.3125,-0.125,-0.75,0.2250000000000001,0.6875,-0.2875000000000001,-0.925,0.09999999999999432
-15594.412500000006,-214.01249999995343,447.8000000000029,140.76250000001164,287.9749999999767,-3893.7249999999767,171.46249999999418,4022.1124999999884,-338.28749999999854,4656.974999999977,0.4125000000000001,-0.21250000000000002,0.6624999999999943,-0.16249999999999964,0.6875,-0.125,0.25,-0.7749999999999999,-0.3125,-0.2875000000000001,0.075,0.09999999999999432
-15656.412500000006,-33.012499999953434,366.8000000000029,138.76250000001164,314.9749999999767,-3831.7249999999767,85.46249999999418,3897.1124999999884,-423.28749999999854,4541.974999999977,0.4125000000000001,-1.2125,-0.3375000000000057,0.8375000000000004,-0.3125,-0.125,0.25,0.2250000000000001,-0.3125,-0.2875000000000001,0.075,0.09999999999999432
-15719.412500000006,-76.01249999995343,389.8000000000029,-181.23749999998836,280.9749999999767,-3695.7249999999767,307.4624999999942,4093.1124999999884,-271.28749999999854,4528.974999999977,0.4125000000000001,-0.21250000000000002,0.6624999999999943,-0.16249999999999964,-0.3125,-0.125,0.25,0.2250000000000001,0.6875,-0.2875000000000001,0.075,1.0999999999999943
-15849.412500000006,-67.01249999995343,534.8000000000029,-2.2374999999883585,248.97499999997672,-3723.7249999999767,163.46249999999418,4129.112499999988,-269.28749999999854,4585.974999999977,0.4125000000000001,-0.21250000000000002,-0.3375000000000057,-0.16249999999999964,-0.3125,0.875,0.25,-0.7749999999999999,-0.3125,-0.2875000000000001,0.075,-0.9000000000000057
-15767.412500000006,-468.01249999995343,594.8000000000029,36.76250000001164,137.97499999997672,-3864.7249999999767,-218.53750000000582,4081.1124999999884,-15.287499999998545,4437.974999999977,-0.5874999999999999,0.7875,0.6624999999999943,-0.16249999999999964,0.6875,-0.125,0.25,0.2250000000000001,0.6875,-1.2875,0.075,-0.9000000000000057
-15596.412500000006,-304.01249999995343,633.8000000000029,89.76250000001164,231.97499999997672,-3803.7249999999767,-189.53750000000582,4048.1124999999884,75.71250000000146,4422.974999999977,-0.5874999999999999,-0.21250000000000002,-0.3375000000000057,-0.16249999999999964,0.6875,-1.125,0.25,0.2250000000000001,0.6875,0.7124999999999999,0.075,0.09999999999999432
-15684.412500000006,38.987500000046566,593.8000000000029,56.76250000001164,471.9749999999767,-3776.7249999999767,-529.5375000000058,4109.112499999988,141.71250000000146,4466.974999999977,-0.5874999999999999,-0.21250000000000002,-0.3375000000000057,-0.16249999999999964,0.6875,-0.125,-0.75,0.2250000000000001,-0.3125,0.7124999999999999,0.075,-0.9000000000000057
-15720.412500000006,6.987500000046566,639.8000000000029,105.76250000001164,366.9749999999767,-3630.7249999999767,-572.5375000000058,4104.112499999988,174.71250000000146,4438.974999999977,0.4125000000000001,-0.21250000000000002,-0.3375000000000057,-0.16249999999999964,0.6875,-0.125,0.25,0.2250000000000001,-0.3125,-0.2875000000000001,0.075,0.09999999999999432
-15727.412500000006,-68.01249999995343,484.8000000000029,30.76250000001164,35.97499999997672,-3602.7249999999767,-351.5375000000058,4109.112499999988,349.71250000000146,4450.974999999977,-0.5874999999999999,-0.21250000000000002,0.6624999999999943,-0.16249999999999964,0.6875,-0.125,0.25,-0.7749999999999999,-0.3125,0.7124999999999999,-0.925,0.09999999999999432
-15739.412500000006,-84.01249999995343,599.8000000000029,102.76250000001164,22.974999999976717,-3825.7249999999767,281.4624999999942,4066.1124999999884,234.71250000000146,4533.974999999977,-0.5874999999999999,0.7875,0.6624999999999943,0.8375000000000004,-0.3125,-0.125,-0.75,0.2250000000000001,-0.3125,0.7124999999999999,0.075,-0.9000000000000057
-15795.412500000006,-373.01249999995343,612.8000000000029,-5.2374999999883585,-51.02500000002328,-3773.7249999999767,194.46249999999418,4273.112499999988,145.71250000000146,4629.974999999977,0.4125000000000001,-0.21250000000000002,-0.3375000000000057,0.8375000000000004,-0.3125,-0.125,-0.75,0.2250000000000001,-0.3125,0.7124999999999999,0.075,0.09999999999999432
-15858.412500000006,-191.01249999995343,438.8000000000029,-16.23749999998836,-30.025000000023283,-3734.7249999999767,-2.5375000000058208,4111.112499999988,69.71250000000146,4474.974999999977,0.4125000000000001,-0.21250000000000002,-0.3375000000000057,0.8375000000000004,-0.3125,-0.125,-0.75,0.2250000000000001,-0.3125,-0.2875000000000001,0.075,-0.9000000000000057
-15852.412500000006,-122.01249999995343,437.8000000000029,-75.23749999998836,51.97499999997672,-3778.7249999999767,-518.5375000000058,4050.1124999999884,204.71250000000146,4472.974999999977,-0.5874999999999999,-0.21250000000000002,-0.3375000000000057,-0.16249999999999964,0.6875,-0.125,0.25,0.2250000000000001,0.6875,-0.2875000000000001,0.075,-0.9000000000000057
-15774.412500000006,-344.01249999995343,600.8000000000029,-241.23749999998836,352.9749999999767,-3684.7249999999767,169.46249999999418,4115.112499999988,98.71250000000146,4575.974999999977,0.4125000000000001,-0.21250000000000002,-0.3375000000000057,-0.16249999999999964,-0.3125,0.875,0.25,-0.7749999999999999,-0.3125,-0.2875000000000001,0.075,0.09999999999999432
-15748.412500000006,-112.01249999995343,606.8000000000029,-192.23749999998836,239.97499999997672,-3661.7249999999767,92.46249999999418,4189.112499999988,154.71250000000146,4291.974999999977,0.4125000000000001,-0.21250000000000002,0.6624999999999943,-0.16249999999999964,-0.3125,-1.125,0.25,0.2250000000000001,-0.3125,-0.2875000000000001,0.075,-0.9000000000000057
-15782.412500000006,-110.01249999995343,583.8000000000029,-33.23749999998836,370.9749999999767,-3768.7249999999767,353.4624999999942,4172.112499999988,89.71250000000146,4413.974999999977,0.4125000000000001,-0.21250000000000002,-0.3375000000000057,-0.16249999999999964,-0.3125,-1.125,-0.75,0.2250000000000001,-0.3125,-0.2875000000000001,0.075,0.09999999999999432
-15658.412500000006,-302.01249999995343,551.8000000000029,-63.23749999998836,215.97499999997672,-3799.7249999999767,-28.53750000000582,4138.112499999988,198.71250000000146,4452.974999999977,-0.5874999999999999,-0.21250000000000002,-0.3375000000000057,-0.16249999999999964,-0.3125,-0.125,0.25,0.2250000000000001,-0.3125,-0.2875000000000001,0.075,0.09999999999999432
-15572.412500000006,-11.012499999953434,431.8000000000029,-47.23749999998836,262.9749999999767,-3741.7249999999767,78.46249999999418,4038.1124999999884,265.71250000000146,4439.974999999977,0.4125000000000001,-0.21250000000000002,-0.3375000000000057,-0.16249999999999964,-0.3125,-1.125,0.25,0.2250000000000001,-0.3125,0.7124999999999999,-0.925,0.09999999999999432
-15656.412500000006,-36.012499999953434,409.8000000000029,-52.23749999998836,298.9749999999767,-3808.7249999999767,-29.53750000000582,4128.112499999988,258.71250000000146,4665.974999999977,-0.5874999999999999,-0.21250000000000002,0.6624999999999943,0.8375000000000004,-0.3125,-0.125,0.25,0.2250000000000001,0.6875,-0.2875000000000001,0.075,0.09999999999999432
-15798.412500000006,-195.01249999995343,520.8000000000029,-20.23749999998836,167.97499999997672,-3747.7249999999767,-170.53750000000582,4260.112499999988,261.71250000000146,4703.974999999977,0.4125000000000001,-0.21250000000000002,0.6624999999999943,-0.16249999999999964,0.6875,0.875,0.25,0.2250000000000001,-0.3125,-0.2875000000000001,0.075,1.0999999999999943
-15609.412500000006,-239.01249999995343,425.8000000000029,-54.23749999998836,241.97499999997672,-3807.7249999999767,636.4624999999942,4235.112499999988,267.71250000000146,4510.974999999977,0.4125000000000001,-0.21250000000000002,0.6624999999999943,-0.16249999999999964,-0.3125,-0.125,0.25,-0.7749999999999999,-0.3125,0.7124999999999999,0.075,-1.9000000000000057
-15635.412500000006,-201.01249999995343,472.8000000000029,-223.23749999998836,157.97499999997672,-3857.7249999999767,412.4624999999942,4147.112499999988,332.71250000000146,4617.974999999977,0.4125000000000001,-0.21250000000000002,-0.3375000000000057,-0.16249999999999964,0.6875,-0.125,0.25,0.2250000000000001,-0.3125,-0.2875000000000001,0.075,0.09999999999999432
-15662.412500000006,-71.01249999995343,463.8000000000029,-43.23749999998836,238.97499999997672,-3875.7249999999767,51.46249999999418,4148.112499999988,244.71250000000146,4525.974999999977,-0.5874999999999999,-0.21250000000000002,0.6624999999999943,-0.16249999999999964,-0.3125,-0.125,0.25,0.2250000000000001,-0.3125,-0.2875000000000001,0.075,0.09999999999999432
-15710.412500000006,-54.012499999953434,518.8000000000029,-122.23749999998836,219.97499999997672,-3789.7249999999767,-15.53750000000582,4162.112499999988,280.71250000000146,4507.974999999977,-0.5874999999999999,-0.21250000000000002,-0.3375000000000057,-0.16249999999999964,-0.3125,-0.125,0.25,0.2250000000000001,-0.3125,-0.2875000000000001,-0.925,0.09999999999999432
-15773.412500000006,429.98750000004657,521.8000000000029,-233.23749999998836,109.97499999997672,-3589.7249999999767,72.46249999999418,4061.1124999999884,265.71250000000146,4901.974999999977,0.4125000000000001,0.7875,0.6624999999999943,-0.16249999999999964,0.6875,-1.125,0.25,0.2250000000000001,0.6875,-0.2875000000000001,0.075,0.09999999999999432
-15778.412500000006,159.98750000004657,559.8000000000029,-339.23749999998836,-242.02500000002328,-3718.7249999999767,-529.5375000000058,4107.112499999988,276.71250000000146,4919.974999999977,0.4125000000000001,-0.21250000000000002,0.6624999999999943,-0.16249999999999964,0.6875,-0.125,-0.75,0.2250000000000001,0.6875,-0.2875000000000001,0.075,-0.9000000000000057
-15674.412500000006,-52.012499999953434,553.8000000000029,-76.23749999998836,-80.02500000002328,-3838.7249999999767,-436.5375000000058,4075.1124999999884,235.71250000000146,4545.974999999977,-0.5874999999999999,-0.21250000000000002,-0.3375000000000057,-0.16249999999999964,0.6875,-1.125,0.25,0.2250000000000001,-0.3125,-0.2875000000000001,0.075,1.0999999999999943
-15712.412500000006,-185.01249999995343,590.8000000000029,-113.23749999998836,299.9749999999767,-3812.7249999999767,-6.537500000005821,3954.1124999999884,123.71250000000146,4697.974999999977,-0.5874999999999999,0.7875,-0.3375000000000057,-0.16249999999999964,0.6875,-0.125,0.25,-0.7749999999999999,-0.3125,-0.2875000000000001,0.075,0.09999999999999432
-15795.412500000006,-142.01249999995343,663.8000000000029,-114.23749999998836,203.97499999997672,-3675.7249999999767,258.4624999999942,4039.1124999999884,106.71250000000146,4668.974999999977,0.4125000000000001,-0.21250000000000002,-0.3375000000000057,-0.16249999999999964,0.6875,-0.125,0.25,0.2250000000000001,-0.3125,-0.2875000000000001,0.075,0.09999999999999432
-15768.412500000006,122.98750000004657,765.8000000000029,-110.23749999998836,210.97499999997672,-3624.7249999999767,3.4624999999941792,4195.112499999988,171.71250000000146,4336.974999999977,0.4125000000000001,-0.21250000000000002,-0.3375000000000057,0.8375000000000004,-0.3125,-1.125,0.25,0.2250000000000001,0.6875,-0.2875000000000001,0.075,0.09999999999999432
-15649.412500000006,-252.01249999995343,510.8000000000029,-82.23749999998836,58.97499999997672,-3632.7249999999767,119.46249999999418,4143.112499999988,222.71250000000146,4465.974999999977,-0.5874999999999999,-0.21250000000000002,-1.3375000000000057,-0.16249999999999964,-0.3125,-0.125,-0.75,0.2250000000000001,-0.3125,-0.2875000000000001,0.075,0.09999999999999432
-15568.412500000006,-252.01249999995343,439.8000000000029,-86.23749999998836,130.97499999997672,-3673.7249999999767,75.46249999999418,4209.112499999988,236.71250000000146,4602.974999999977,0.4125000000000001,0.7875,0.6624999999999943,0.8375000000000004,-0.3125,-0.125,0.25,0.2250000000000001,-0.3125,-0.2875000000000001,0.075,0.09999999999999432
-15654.412500000006,-114.01249999995343,484.8000000000029,-49.23749999998836,188.97499999997672,-3766.7249999999767,99.46249999999418,4231.112499999988,356.71250000000146,4561.974999999977,-0.5874999999999999,-0.21250000000000002,0.6624999999999943,-0.16249999999999964,-0.3125,-0.125,0.25,0.2250000000000001,-0.3125,0.7124999999999999,0.075,-0.9000000000000057
-15582.412500000006,-63.012499999953434,608.8000000000029,-110.23749999998836,277.9749999999767,-3646.7249999999767,-108.53750000000582,4230.112499999988,370.71250000000146,4542.974999999977,-0.5874999999999999,-0.21250000000000002,0.6624999999999943,-0.16249999999999964,-0.3125,-0.125,0.25,-0.7749999999999999,-0.3125,-0.2875000000000001,0.075,-0.9000000000000057
-15620.412500000006,-266.01249999995343,548.8000000000029,-99.23749999998836,290.9749999999767,-3640.7249999999767,103.46249999999418,4096.112499999988,203.71250000000146,4746.974999999977,-0.5874999999999999,-0.21250000000000002,-0.3375000000000057,-0.16249999999999964,-0.3125,-0.125,-0.75,0.2250000000000001,0.6875,-0.2875000000000001,0.075,0.09999999999999432
-15671.412500000006,-196.01249999995343,491.8000000000029,-119.23749999998836,265.9749999999767,-3755.7249999999767,261.4624999999942,4263.112499999988,256.71250000000146,4633.974999999977,0.4125000000000001,0.7875,-0.3375000000000057,-0.16249999999999964,0.6875,-0.125,0.25,0.2250000000000001,0.6875,0.7124999999999999,0.075,0.09999999999999432
-15747.412500000006,-223.01249999995343,362.8000000000029,-113.23749999998836,181.97499999997672,-3721.7249999999767,141.46249999999418,4012.1124999999884,564.7125000000015,4751.974999999977,-0.5874999999999999,-0.21250000000000002,-0.3375000000000057,-0.16249999999999964,-0.3125,-0.125,-0.75,0.2250000000000001,-0.3125,-0.2875000000000001,-0.925,0.09999999999999432
-15751.412500000006,-141.01249999995343,343.8000000000029,-152.23749999998836,200.97499999997672,-3641.7249999999767,-78.53750000000582,4053.1124999999884,312.71250000000146,4578.974999999977,0.4125000000000001,-0.21250000000000002,-1.3375000000000057,0.8375000000000004,-0.3125,-0.125,0.25,0.2250000000000001,-0.3125,-0.2875000000000001,0.075,0.09999999999999432
-15716.412500000006,297.98750000004657,390.8000000000029,-117.23749999998836,147.97499999997672,-3757.7249999999767,-2.5375000000058208,4033.1124999999884,265.71250000000146,4705.974999999977,-0.5874999999999999,-0.21250000000000002,0.6624999999999943,-0.16249999999999964,-0.3125,0.875,0.25,0.2250000000000001,-0.3125,-0.2875000000000001,0.075,-0.9000000000000057
-15618.412500000006,30.987500000046566,472.8000000000029,-173.23749999998836,153.97499999997672,-3906.7249999999767,190.46249999999418,4109.112499999988,300.71250000000146,4642.974999999977,-0.5874999999999999,-0.21250000000000002,-0.3375000000000057,-0.16249999999999964,-0.3125,-0.125,-0.75,0.2250000000000001,-0.3125,-0.2875000000000001,0.075,0.09999999999999432
-15615.412500000006,-234.01249999995343,453.8000000000029,70.76250000001164,235.97499999997672,-3769.7249999999767,-33.53750000000582,4137.112499999988,267.71250000000146,4421.974999999977,-0.5874999999999999,-0.21250000000000002,0.6624999999999943,-0.16249999999999964,0.6875,0.875,0.25,0.2250000000000001,-0.3125,0.7124999999999999,-0.925,-0.9000000000000057
-15656.412500000006,-109.01249999995343,458.8000000000029,-18.23749999998836,320.9749999999767,-3748.7249999999767,58.46249999999418,4171.112499999988,337.71250000000146,4392.974999999977,-0.5874999999999999,-0.21250000000000002,0.6624999999999943,-0.16249999999999964,-0.3125,0.875,0.25,-0.7749999999999999,-0.3125,-0.2875000000000001,-0.925,-0.9000000000000057
-15756.412500000006,73.98750000004657,630.8000000000029,-82.23749999998836,-67.02500000002328,-3780.7249999999767,79.46249999999418,4084.1124999999884,195.71250000000146,4610.974999999977,-0.5874999999999999,-0.21250000000000002,-0.3375000000000057,-0.16249999999999964,-0.3125,-0.125,0.25,0.2250000000000001,0.6875,0.7124999999999999,-0.925,-0.9000000000000057
-15734.412500000006,-49.012499999953434,562.8000000000029,17.76250000001164,72.97499999997672,-3809.7249999999767,110.46249999999418,4205.112499999988,380.71250000000146,4700.974999999977,0.4125000000000001,-0.21250000000000002,-0.3375000000000057,-0.16249999999999964,-0.3125,0.875,-0.75,0.2250000000000001,-0.3125,-0.2875000000000001,0.075,0.09999999999999432
-15626.412500000006,-31.012499999953434,673.8000000000029,195.76250000001164,178.97499999997672,-3816.7249999999767,440.4624999999942,4293.112499999988,439.71250000000146,4559.974999999977,-0.5874999999999999,-0.21250000000000002,-0.3375000000000057,-0.16249999999999964,-0.3125,-0.125,0.25,0.2250000000000001,-0.3125,0.7124999999999999,-0.925,0.09999999999999432
-15713.412500000006,-47.012499999953434,666.8000000000029,62.76250000001164,447.9749999999767,-3760.7249999999767,453.4624999999942,4154.112499999988,302.71250000000146,4465.974999999977,-0.5874999999999999,0.7875,-0.3375000000000057,0.8375000000000004,-0.3125,-0.125,0.25,-0.7749999999999999,0.6875,0.7124999999999999,0.075,0.09999999999999432
-15657.412500000006,-186.01249999995343,483.8000000000029,-36.23749999998836,195.97499999997672,-3650.7249999999767,61.46249999999418,4165.112499999988,347.71250000000146,4616.974999999977,0.4125000000000001,-0.21250000000000002,-0.3375000000000057,-0.16249999999999964,-0.3125,-0.125,0.25,0.2250000000000001,-0.3125,-0.2875000000000001,0.075,0.09999999999999432
-15632.412500000006,-87.01249999995343,384.8000000000029,-50.23749999998836,-58.02500000002328,-3685.7249999999767,-143.53750000000582,4047.1124999999884,267.71250000000146,4528.974999999977,0.4125000000000001,0.7875,-0.3375000000000057,-0.16249999999999964,-0.3125,-0.125,0.25,-0.7749999999999999,-0.3125,-0.2875000000000001,0.075,0.09999999999999432
-15659.412500000006,29.987500000046566,628.8000000000029,14.762500000011642,-42.02500000002328,-3622.7249999999767,-453.5375000000058,4112.112499999988,363.71250000000146,4529.974999999977,0.4125000000000001,-0.21250000000000002,0.6624999999999943,-0.16249999999999964,-0.3125,-0.125,0.25,0.2250000000000001,-0.3125,-0.2875000000000001,0.075,1.0999999999999943
-15562.412500000006,-213.01249999995343,681.8000000000029,-27.23749999998836,128.97499999997672,-3490.7249999999767,-86.53750000000582,4330.112499999988,418.71250000000146,4497.974999999977,0.4125000000000001,-0.21250000000000002,0.6624999999999943,-0.16249999999999964,-0.3125,-0.125,-0.75,0.2250000000000001,0.6875,-0.2875000000000001,0.075,0.09999999999999432
-15700.412500000006,-231.01249999995343,666.8000000000029,-207.23749999998836,220.97499999997672,-3657.7249999999767,257.4624999999942,4166.112499999988,352.71250000000146,4635.974999999977,-0.5874999999999999,-0.21250000000000002,-0.3375000000000057,0.8375000000000004,0.6875,-0.125,-0.75,0.2250000000000001,-0.3125,-0.2875000000000001,0.075,-0.9000000000000057
-15750.412500000006,-179.01249999995343,591.8000000000029,83.76250000001164,274.9749999999767,-3611.7249999999767,384.4624999999942,3951.1124999999884,384.71250000000146,4541.974999999977,-0.5874999999999999,0.7875,-0.3375000000000057,-0.16249999999999964,-0.3125,-0.125,0.25,0.2250000000000001,-0.3125,-0.2875000000000001,0.075,0.09999999999999432
-15694.412500000006,13.987500000046566,535.8000000000029,-100.23749999998836,171.97499999997672,-3580.7249999999767,251.46249999999418,4070.1124999999884,284.71250000000146,4594.974999999977,-0.5874999999999999,-0.21250000000000002,0.6624999999999943,-0.16249999999999964,-0.3125,-0.125,-0.75,0.2250000000000001,-0.3125,0.7124999999999999,0.075,0.09999999999999432
-15691.412500000006,-92.01249999995343,490.8000000000029,-89.23749999998836,221.97499999997672,-3493.7249999999767,217.46249999999418,3985.1124999999884,448.71250000000146,4699.974999999977,0.4125000000000001,-0.21250000000000002,0.6624999999999943,-0.16249999999999964,-0.3125,-0.125,0.25,0.2250000000000001,0.6875,-0.2875000000000001,0.075,0.09999999999999432
-15727.412500000006,-36.012499999953434,588.8000000000029,-38.23749999998836,309.9749999999767,-3687.7249999999767,11.46249999999418,3868.1124999999884,486.71250000000146,4905.974999999977,-0.5874999999999999,-0.21250000000000002,0.6624999999999943,-0.16249999999999964,-0.3125,-0.125,-0.75,-0.7749999999999999,0.6875,-0.2875000000000001,0.075,1.0999999999999943
-15650.412500000006,-204.01249999995343,582.8000000000029,-51.23749999998836,339.9749999999767,-3666.7249999999767,-415.5375000000058,4006.1124999999884,281.71250000000146,4746.974999999977,0.4125000000000001,-0.21250000000000002,0.6624999999999943,-0.16249999999999964,-0.3125,0.875,0.25,0.2250000000000001,0.6875,-0.2875000000000001,0.075,1.0999999999999943
-15779.412500000006,-36.012499999953434,624.8000000000029,-140.23749999998836,342.9749999999767,-3623.7249999999767,176.46249999999418,3935.1124999999884,384.71250000000146,4659.974999999977,-0.5874999999999999,-0.21250000000000002,-0.3375000000000057,-0.16249999999999964,-0.3125,-0.125,-0.75,0.2250000000000001,-1.3125,-0.2875000000000001,0.075,-0.9000000000000057
-15851.412500000006,204.98750000004657,727.8000000000029,57.76250000001164,310.9749999999767,-3703.7249999999767,213.46249999999418,3899.1124999999884,447.71250000000146,4709.974999999977,0.4125000000000001,0.7875,0.6624999999999943,-0.16249999999999964,-0.3125,-0.125,0.25,0.2250000000000001,-0.3125,-0.2875000000000001,0.075,0.09999999999999432
-15634.412500000006,62.987500000046566,619.8000000000029,-94.23749999998836,105.97499999997672,-3708.7249999999767,84.46249999999418,3986.1124999999884,423.71250000000146,4650.974999999977,0.4125000000000001,0.7875,-0.3375000000000057,-0.16249999999999964,-0.3125,0.875,0.25,0.2250000000000001,-0.3125,0.7124999999999999,0.075,0.09999999999999432
-15621.412500000006,110.98750000004657,570.8000000000029,-7.2374999999883585,38.97499999997672,-3711.7249999999767,-92.53750000000582,4106.112499999988,259.71250000000146,4667.974999999977,-0.5874999999999999,-0.21250000000000002,-0.3375000000000057,-0.16249999999999964,0.6875,-0.125,0.25,0.2250000000000001,-0.3125,-0.2875000000000001,0.075,0.09999999999999432
-15699.412500000006,427.98750000004657,557.8000000000029,-118.23749999998836,96.97499999997672,-3853.7249999999767,-497.5375000000058,4039.1124999999884,360.71250000000146,4820.974999999977,0.4125000000000001,-0.21250000000000002,-0.3375000000000057,0.8375000000000004,-0.3125,-0.125,0.25,0.2250000000000001,-0.3125,-0.2875000000000001,1.075,0.09999999999999432
-15796.412500000006,254.98750000004657,557.8000000000029,-74.23749999998836,355.9749999999767,-3765.7249999999767,-881.5375000000058,4046.1124999999884,369.71250000000146,4849.974999999977,-0.5874999999999999,0.7875,-1.3375000000000057,-1.1624999999999996,0.6875,-2.125,-0.75,0.2250000000000001,-0.3125,0.7124999999999999,0.075,-2.9000000000000057
-15240.412500000006,-310.01249999995343,458.8000000000029,-103.23749999998836,289.9749999999767,-3465.7249999999767,-576.5375000000058,4331.112499999988,-72.28749999999854,4947.974999999977,0.4125000000000001,-2.2125,0.6624999999999943,-1.1624999999999996,-1.3125,3.875,0.25,0.2250000000000001,-0.3125,0.7124999999999999,0.075,4.099999999999994
-15724.412500000006,73.98750000004657,414.8000000000029,-444.23749999998836,20.974999999976717,-3905.7249999999767,-116.53750000000582,4186.112499999988,609.7125000000015,5104.974999999977,-0.5874999999999999,-0.21250000000000002,-0.3375000000000057,1.8375000000000004,-0.3125,-3.125,0.25,0.2250000000000001,-0.3125,-0.2875000000000001,1.075,0.09999999999999432
-15634.412500000006,186.98750000004657,437.8000000000029,-310.23749999998836,185.97499999997672,-3700.7249999999767,347.4624999999942,4399.112499999988,333.71250000000146,4648.974999999977,0.4125000000000001,-1.2125,-0.3375000000000057,-0.16249999999999964,0.6875,-0.125,0.25,0.2250000000000001,0.6875,-0.2875000000000001,-0.925,1.0999999999999943
-15595.412500000006,6.987500000046566,366.8000000000029,251.76250000001164,683.9749999999767,-4047.7249999999767,255.46249999999418,4113.112499999988,336.71250000000146,4826.974999999977,0.4125000000000001,-1.2125,-0.3375000000000057,-2.1624999999999996,-0.3125,1.875,0.25,0.2250000000000001,-0.3125,0.7124999999999999,-0.925,-0.9000000000000057
-15447.412500000006,-85.01249999995343,243.8000000000029,44.76250000001164,625.9749999999767,-4109.724999999977,-70.53750000000582,4196.112499999988,265.71250000000146,4708.974999999977,-0.5874999999999999,-0.21250000000000002,-0.3375000000000057,-0.16249999999999964,-0.3125,0.875,0.25,0.2250000000000001,-0.3125,0.7124999999999999,-0.925,1.0999999999999943
-15583.412500000006,149.98750000004657,224.8000000000029,-62.23749999998836,675.9749999999767,-4273.724999999977,-135.53750000000582,4286.112499999988,299.71250000000146,4572.974999999977,0.4125000000000001,-2.2125,-2.3375000000000057,0.8375000000000004,-0.3125,-1.125,0.25,0.2250000000000001,0.6875,-0.2875000000000001,0.075,1.0999999999999943
-15487.412500000006,-137.01249999995343,319.8000000000029,-218.23749999998836,435.9749999999767,-4179.724999999977,-34.53750000000582,4235.112499999988,85.71250000000146,4777.974999999977,0.4125000000000001,-0.21250000000000002,1.6624999999999943,-2.1624999999999996,-0.3125,1.875,0.25,0.2250000000000001,-1.3125,-0.2875000000000001,0.075,-1.9000000000000057
-15524.412500000006,60.987500000046566,344.8000000000029,-135.23749999998836,671.9749999999767,-4201.724999999977,-316.5375000000058,4335.112499999988,327.71250000000146,4700.974999999977,0.4125000000000001,-0.21250000000000002,0.6624999999999943,-0.16249999999999964,-1.3125,0.875,0.25,1.225,-0.3125,0.7124999999999999,-0.925,0.09999999999999432
-15420.412500000006,-177.01249999995343,402.8000000000029,-17.23749999998836,944.9749999999767,-4304.724999999977,527.4624999999942,4500.112499999988,342.71250000000146,4552.974999999977,-0.5874999999999999,-0.21250000000000002,-2.3375000000000057,-1.1624999999999996,0.6875,0.875,0.25,0.2250000000000001,0.6875,-0.2875000000000001,0.075,0.09999999999999432
-15172.412500000006,-207.01249999995343,276.8000000000029,-247.23749999998836,692.9749999999767,-4265.724999999977,1183.4624999999942,4537.112499999988,161.71250000000146,4493.974999999977,0.4125000000000001,0.7875,0.6624999999999943,1.8375000000000004,0.6875,-3.125,0.25,0.2250000000000001,-0.3125,-0.2875000000000001,0.075,-0.9000000000000057
-15310.412500000006,-222.01249999995343,433.8000000000029,-119.23749999998836,484.9749999999767,-4350.724999999977,3053.462499999994,4537.112499999988,251.71250000000146,4494.974999999977,-0.5874999999999999,4.7875,-6.337500000000006,-36.1625,-9.3125,28.875,-0.75,0.2250000000000001,0.6875,0.7124999999999999,2.075,-1.9000000000000057
-15451.412500000006,59.987500000046566,532.8000000000029,-305.23749999998836,236.97499999997672,9008.275000000023,29713.462499999994,4404.112499999988,-169.28749999999854,4363.974999999977,6.4125,5.7875,-8.337500000000006,-3.1624999999999996,-0.3125,-0.125,-0.75,1.225,-0.3125,0.7124999999999999,-3.925,-0.9000000000000057
-16888.412500000006,-0.012499999953433871,76.80000000000291,62.76250000001164,1917.9749999999767,123467.27500000002,51875.462499999994,1508.1124999999884,803.7125000000015,5404.974999999977,-8.5875,4.7875,18.662499999999994,38.8375,-17.3125,-63.125,0.25,0.2250000000000001,-0.3125,-6.2875,5.075,-0.9000000000000057
-19238.412500000006,-171.01249999995343,-339.1999999999971,808.7625000000116,5106.974999999977,289021.275,59545.462499999994,332.11249999998836,956.7125000000015,7484.974999999977,5.4125,-8.2125,-2.3375000000000057,-51.1625,12.6875,-85.125,0.25,0.2250000000000001,0.6875,0.7124999999999999,-2.925,6.099999999999994
-9875.412500000006,6277.987500000047,-517.1999999999971,23.76250000001164,4274.974999999977,204891.27500000002,50695.462499999994,872.1124999999884,239.71250000000146,6546.974999999977,14.4125,4.7875,1.6624999999999943,-37.1625,24.6875,-25.125,-0.75,0.2250000000000001,-1.3125,7.7125,0.075,10.099999999999994
-9517.412500000006,39176.98750000005,-190.1999999999971,173.76250000001164,2808.9749999999767,83416.27500000002,21357.462499999994,2086.1124999999884,1.7125000000014552,5292.974999999977,-5.5875,5.7875,9.662499999999994,3.8375000000000004,-9.3125,-12.125,0.25,0.2250000000000001,0.6875,1.7125,14.075,2.0999999999999943
-13137.412500000006,39808.98750000005,-176.1999999999971,289.76250000001164,5654.974999999977,94859.27500000002,1799.4624999999942,2891.1124999999884,1068.7125000000015,7438.974999999977,-0.5874999999999999,-15.2125,-4.337500000000006,11.8375,-5.3125,11.875,-0.75,0.2250000000000001,0.6875,5.7125,7.075,6.099999999999994
-17522.412500000006,12065.987500000047,-403.1999999999971,-572.2374999999884,5667.974999999977,122303.27500000002,-13077.537500000006,2824.1124999999884,-672.2874999999985,5567.974999999977,1.4125,8.7875,-18.337500000000006,1.8375000000000004,8.6875,20.875,0.25,0.2250000000000001,0.6875,1.7125,0.075,-4.900000000000006
-20617.412500000006,4371.987500000047,-479.1999999999971,-321.23749999998836,7566.974999999977,145302.27500000002,18311.462499999994,2259.1124999999884,507.71250000000146,6611.974999999977,-7.5875,0.7875,28.662499999999994,10.8375,8.6875,4.875,-0.75,0.2250000000000001,-0.3125,4.7125,-10.925,-4.900000000000006
-18289.412500000006,957.9875000000466,-78.19999999999709,400.76250000001164,7317.974999999977,160406.27500000002,23194.462499999994,2464.1124999999884,612.7125000000015,7001.974999999977,-0.5874999999999999,-5.2125,10.662499999999994,2.8375000000000004,2.6875,-3.125,0.25,0.2250000000000001,-0.3125,-1.2875,-3.925,-5.900000000000006
-18306.412500000006,34.987500000046566,-113.19999999999709,329.76250000001164,6693.974999999977,141363.27500000002,-1809.5375000000058,2358.1124999999884,668.7125000000015,6442.974999999977,4.4125,7.7875,-3.3375000000000057,0.8375000000000004,2.6875,-6.125,0.25,-0.7749999999999999,1.6875,0.7124999999999999,1.075,1.0999999999999943
-16627.412500000006,-701.0124999999534,-255.1999999999971,-225.23749999998836,6050.974999999977,132086.27500000002,-19644.537500000006,2674.1124999999884,-701.2874999999985,4642.974999999977,-0.5874999999999999,1.7875,-0.3375000000000057,0.8375000000000004,0.6875,0.875,0.25,-0.7749999999999999,-0.3125,-0.2875000000000001,1.075,4.099999999999994
-17031.412500000006,-333.01249999995343,-95.19999999999709,293.76250000001164,6653.974999999977,132072.27500000002,-14146.537500000006,2526.1124999999884,922.7125000000015,6316.974999999977,-2.5875,-6.2125,10.662499999999994,-1.1624999999999996,-1.3125,2.875,0.25,0.2250000000000001,0.6875,1.7125,1.075,-0.9000000000000057
-17815.412500000006,366.98750000004657,-143.1999999999971,442.76250000001164,7462.974999999977,133103.27500000002,1255.4624999999942,2770.1124999999884,690.7125000000015,6857.974999999977,-2.5875,-2.2125,7.662499999999994,-3.1624999999999996,2.6875,1.875,0.25,-0.7749999999999999,0.6875,1.7125,-0.925,-1.9000000000000057
-16995.412500000006,393.98750000004657,-401.1999999999971,-186.23749999998836,7112.974999999977,130618.27500000002,2942.462499999994,3029.1124999999884,-57.287499999998545,5895.974999999977,4.4125,0.7875,-7.337500000000006,4.8375,5.6875,-8.125,0.25,0.2250000000000001,-0.3125,0.7124999999999999,-1.925,-0.9000000000000057
-16555.412500000006,-784.0124999999534,-342.1999999999971,-472.23749999998836,7130.974999999977,126311.27500000002,-9485.537500000006,2825.1124999999884,128.71250000000146,5886.974999999977,1.4125,-5.2125,-2.3375000000000057,-2.1624999999999996,-1.3125,5.875,0.25,0.2250000000000001,-0.3125,-0.2875000000000001,0.075,-2.9000000000000057
-18516.412500000006,346.98750000004657,-325.1999999999971,-10.237499999988358,7763.974999999977,122961.27500000002,-21468.537500000006,2531.1124999999884,95.71250000000146,6484.974999999977,-2.5875,-1.2125,6.662499999999994,2.8375000000000004,-1.3125,-2.125,-0.75,0.2250000000000001,-0.3125,1.7125,1.075,-0.9000000000000057
-21323.412500000006,4179.987500000047,-425.1999999999971,328.76250000001164,8106.974999999977,121986.27500000002,-17783.537500000006,2789.1124999999884,272.71250000000146,6144.974999999977,-0.5874999999999999,-3.2125,-3.3375000000000057,0.8375000000000004,0.6875,1.875,0.25,0.2250000000000001,0.6875,-0.2875000000000001,0.075,1.0999999999999943
-16235.412500000006,12951.987500000047,-372.1999999999971,-125.23749999998836,7423.974999999977,122855.27500000002,-13215.537500000006,2825.1124999999884,-174.28749999999854,5702.974999999977,-3.5875,-0.21250000000000002,9.662499999999994,-0.16249999999999964,2.6875,-1.125,0.25,0.2250000000000001,0.6875,-1.2875,2.075,1.0999999999999943
-15819.412500000006,9357.987500000047,-696.1999999999971,276.76250000001164,7917.974999999977,122811.27500000002,-14013.537500000006,2819.1124999999884,384.71250000000146,6480.974999999977,0.4125000000000001,-4.2125,-1.3375000000000057,-2.1624999999999996,-0.3125,0.875,0.25,0.2250000000000001,-0.3125,0.7124999999999999,-1.925,4.099999999999994
-14097.412500000006,10688.987500000047,-585.1999999999971,181.76250000001164,8121.974999999977,123145.27500000002,-18684.537500000006,2767.1124999999884,407.71250000000146,5982.974999999977,0.4125000000000001,0.7875,-2.3375000000000057,1.8375000000000004,-3.3125,-6.125,0.25,-0.7749999999999999,-0.3125,-0.2875000000000001,-0.925,2.0999999999999943
-14619.412500000006,8171.987500000047,-618.1999999999971,-135.23749999998836,7282.974999999977,123133.27500000002,-24502.537500000006,2597.1124999999884,234.71250000000146,5769.974999999977,-0.5874999999999999,-2.2125,2.6624999999999943,0.8375000000000004,-0.3125,-2.125,-0.75,0.2250000000000001,0.6875,-1.2875,-0.925,-1.9000000000000057
-15711.412500000006,8672.987500000047,-374.1999999999971,-80.23749999998836,7270.974999999977,122946.27500000002,-28631.537500000006,2693.1124999999884,293.71250000000146,5746.974999999977,0.4125000000000001,-0.21250000000000002,0.6624999999999943,-0.16249999999999964,-0.3125,-0.125,0.25,0.2250000000000001,-0.3125,-1.2875,-0.925,0.09999999999999432
-16241.412500000006,8162.987500000047,-308.1999999999971,99.76250000001164,7389.974999999977,122609.27500000002,-30730.537500000006,2608.1124999999884,679.7125000000015,6239.974999999977,-1.5875,-0.21250000000000002,-0.3375000000000057,-0.16249999999999964,0.6875,0.875,0.25,0.2250000000000001,0.6875,-0.2875000000000001,0.075,-1.9000000000000057
-17076.412500000006,5373.987500000047,-188.1999999999971,115.76250000001164,6943.974999999977,120017.27500000002,-39045.537500000006,2594.1124999999884,317.71250000000146,5828.974999999977,-0.5874999999999999,-0.21250000000000002,0.6624999999999943,1.8375000000000004,-0.3125,-3.125,0.25,0.2250000000000001,-0.3125,-0.2875000000000001,0.075,-1.9000000000000057
-16859.412500000006,1319.9875000000466,-192.1999999999971,-84.23749999998836,6722.974999999977,119646.27500000002,-44014.537500000006,2410.1124999999884,172.71250000000146,5826.974999999977,0.4125000000000001,-2.2125,-0.3375000000000057,3.8375000000000004,2.6875,22.875,-0.75,0.2250000000000001,-0.3125,0.7124999999999999,0.075,0.09999999999999432
-17060.412500000006,-214.01249999995343,-73.19999999999709,39.76250000001164,6873.974999999977,124282.27500000002,-36722.537500000006,2069.1124999999884,233.71250000000146,6047.974999999977,-0.5874999999999999,2.7875,2.6624999999999943,3.8375000000000004,-0.3125,14.875,0.25,0.2250000000000001,-0.3125,-1.2875,0.075,-0.9000000000000057
-17325.412500000006,-185.01249999995343,33.80000000000291,-63.23749999998836,6461.974999999977,114380.27500000002,-10582.537500000006,2477.1124999999884,443.71250000000146,6164.974999999977,13.4125,-0.21250000000000002,-32.337500000000006,-10.1625,3.6875,-0.125,0.25,0.2250000000000001,-0.3125,0.7124999999999999,1.075,5.099999999999994
-23114.412500000006,-2377.0124999999534,82.80000000000291,-127.23749999998836,6106.974999999977,70563.27500000002,2662.462499999994,3127.1124999999884,198.71250000000146,5464.974999999977,-9.5875,-5.2125,22.662499999999994,4.8375,8.6875,0.875,0.25,-0.7749999999999999,-0.3125,-0.2875000000000001,4.075,-0.9000000000000057
-23660.412500000006,-2776.0124999999534,-179.1999999999971,25.76250000001164,6223.974999999977,30226.275000000023,2718.462499999994,3842.1124999999884,602.7125000000015,5367.974999999977,5.4125,-2.2125,-12.337500000000006,-3.1624999999999996,2.6875,3.875,0.25,0.2250000000000001,-0.3125,-1.2875,0.075,4.099999999999994
-16408.412500000006,16.987500000046566,232.8000000000029,-427.23749999998836,5151.974999999977,20463.275000000023,2492.462499999994,4238.112499999988,-11.287499999998545,4277.974999999977,3.4125,3.7875,-7.337500000000006,-2.1624999999999996,-9.3125,7.875,0.25,0.2250000000000001,-0.3125,4.7125,-4.925,6.099999999999994
-15707.412500000006,-243.01249999995343,8.80000000000291,-155.23749999998836,5291.974999999977,4321.275000000023,254.46249999999418,3986.1124999999884,267.71250000000146,5267.974999999977,-1.5875,0.7875,2.6624999999999943,36.8375,-0.3125,-24.125,0.25,0.2250000000000001,-0.3125,-1.2875,0.075,-0.9000000000000057
-16021.412500000006,220.98750000004657,150.8000000000029,51.76250000001164,5579.974999999977,12654.275000000023,8890.462499999994,4056.1124999999884,566.7125000000015,5553.974999999977,-1.5875,-15.2125,0.6624999999999943,-35.1625,11.6875,4.875,0.25,0.2250000000000001,0.6875,3.7125,4.075,3.0999999999999943
-15687.412500000006,-72.01249999995343,-39.19999999999709,-200.23749999998836,5002.974999999977,-14046.724999999977,-907.5375000000058,4308.112499999988,-60.287499999998545,4355.974999999977,3.4125,2.7875,-6.337500000000006,4.8375,-4.3125,-16.125,0.25,0.2250000000000001,-0.3125,-0.2875000000000001,0.075,-5.900000000000006
-15483.412500000006,-137.01249999995343,-113.19999999999709,45.76250000001164,5684.974999999977,-15766.724999999977,-24.53750000000582,4270.112499999988,637.7125000000015,4606.974999999977,-1.5875,-0.21250000000000002,0.6624999999999943,8.8375,-4.3125,-11.125,0.25,-0.7749999999999999,0.6875,1.7125,-0.925,-4.900000000000006
-15527.412500000006,-303.01249999995343,-121.19999999999709,-364.23749999998836,5419.974999999977,-11627.724999999977,9700.462499999994,4308.112499999988,95.71250000000146,5020.974999999977,7.4125,-1.2125,-17.337500000000006,-42.1625,-2.3125,27.875,0.25,-0.7749999999999999,0.6875,-0.2875000000000001,-0.925,-1.9000000000000057
-16249.412500000006,200.98750000004657,-38.19999999999709,-189.23749999998836,6011.974999999977,20377.275000000023,14026.462499999994,3688.1124999999884,330.71250000000146,5669.974999999977,-2.5875,5.7875,-0.3375000000000057,25.8375,0.6875,-44.125,-0.75,0.2250000000000001,-0.3125,-1.2875,-1.925,-5.900000000000006
-16290.412500000006,250.98750000004657,-159.1999999999971,155.76250000001164,6296.974999999977,-12100.724999999977,11664.462499999994,3841.1124999999884,437.71250000000146,5411.974999999977,0.4125000000000001,-9.2125,5.662499999999994,-24.1625,-5.3125,9.875,-0.75,0.2250000000000001,0.6875,2.7125,-0.925,-3.9000000000000057
-15362.412500000006,-141.01249999995343,-6.19999999999709,94.76250000001164,5205.974999999977,-21032.724999999977,-64.53750000000582,4811.112499999988,-141.28749999999854,4233.974999999977,2.4125,-4.2125,-8.337500000000006,10.8375,-2.3125,-27.125,0.25,0.2250000000000001,0.6875,-1.2875,-3.925,-6.900000000000006
-15589.412500000006,-316.01249999995343,-103.19999999999709,-74.23749999998836,4859.974999999977,-18893.724999999977,-830.5375000000058,4196.112499999988,283.71250000000146,4696.974999999977,1.4125,4.7875,-9.337500000000006,-8.1625,-4.3125,54.875,0.25,0.2250000000000001,-0.3125,1.7125,1.075,0.09999999999999432
-16042.412500000006,232.98750000004657,181.8000000000029,36.76250000001164,5405.974999999977,-18350.724999999977,7414.462499999994,4430.112499999988,85.71250000000146,4941.974999999977,-1.5875,-4.2125,-6.337500000000006,8.8375,8.6875,1.875,0.25,-0.7749999999999999,0.6875,0.7124999999999999,6.075,-1.9000000000000057
-15559.412500000006,-415.01249999995343,-161.1999999999971,-262.23749999998836,5210.974999999977,-8791.724999999977,36458.462499999994,4288.112499999988,302.71250000000146,5013.974999999977,-3.5875,-0.21250000000000002,4.662499999999994,-15.1625,11.6875,31.875,0.25,-0.7749999999999999,0.6875,-0.2875000000000001,2.075,-3.9000000000000057
-15669.412500000006,409.98750000004657,83.80000000000291,-79.23749999998836,5309.974999999977,5105.275000000023,36695.462499999994,4159.112499999988,165.71250000000146,4744.974999999977,0.4125000000000001,5.7875,2.6624999999999943,-3.1624999999999996,-12.3125,-23.125,0.25,0.2250000000000001,-0.3125,-0.2875000000000001,-1.925,2.0999999999999943
-16548.412500000006,254.98750000004657,136.8000000000029,70.76250000001164,6071.974999999977,9852.275000000023,40647.462499999994,3851.1124999999884,689.7125000000015,5831.974999999977,0.4125000000000001,2.7875,-11.337500000000006,-22.1625,25.6875,-17.125,-0.75,0.2250000000000001,-0.3125,-1.2875,-9.925,0.09999999999999432
-16014.412500000006,247.98750000004657,175.8000000000029,-378.23749999998836,4855.974999999977,8008.275000000023,18446.462499999994,3834.1124999999884,-11.287499999998545,4893.974999999977,-3.5875,7.7875,-1.3375000000000057,25.8375,-11.3125,-33.125,-0.75,0.2250000000000001,-0.3125,1.7125,-1.925,0.09999999999999432
-15558.412500000006,-480.01249999995343,-19.19999999999709,-101.23749999998836,5595.974999999977,3618.2750000000233,32465.462499999994,4216.112499999988,-176.28749999999854,4593.974999999977,1.4125,-5.2125,3.6624999999999943,-3.1624999999999996,0.6875,29.875,0.25,0.2250000000000001,0.6875,-1.2875,-0.925,-3.9000000000000057
-15816.412500000006,659.9875000000466,96.80000000000291,102.76250000001164,5624.974999999977,2473.2750000000233,54541.462499999994,3985.1124999999884,339.71250000000146,5135.974999999977,3.4125,0.7875,-19.337500000000006,8.8375,5.6875,-7.125,0.25,0.2250000000000001,0.6875,4.7125,0.075,6.099999999999994
-16025.412500000006,176.98750000004657,122.80000000000291,385.76250000001164,6066.974999999977,5171.275000000023,53453.462499999994,4070.1124999999884,556.7125000000015,5548.974999999977,-2.5875,-1.2125,-11.337500000000006,-1.1624999999999996,0.6875,5.875,0.25,0.2250000000000001,0.6875,1.7125,3.075,0.09999999999999432
-15406.412500000006,-259.01249999995343,-68.19999999999709,-39.23749999998836,5825.974999999977,886.2750000000233,49311.462499999994,4330.112499999988,-296.28749999999854,4489.974999999977,-1.5875,-1.2125,12.662499999999994,-6.1625,3.6875,3.875,0.25,-0.7749999999999999,-0.3125,-2.2875,-1.925,-7.900000000000006
-15549.412500000006,-417.01249999995343,-292.1999999999971,-428.23749999998836,6135.974999999977,4459.275000000023,62159.462499999994,4131.112499999988,80.71250000000146,4973.974999999977,2.4125,-1.2125,-1.3375000000000057,6.8375,-1.3125,2.875,0.25,0.2250000000000001,-0.3125,1.7125,-1.925,1.0999999999999943
-16202.412500000006,147.98750000004657,-223.1999999999971,46.76250000001164,6145.974999999977,4565.275000000023,69328.4625,3811.1124999999884,473.71250000000146,5567.974999999977,1.4125,0.7875,-8.337500000000006,-1.1624999999999996,-0.3125,-7.125,0.25,0.2250000000000001,-0.3125,-2.2875,3.075,1.0999999999999943
-15769.412500000006,-117.01249999995343,-249.1999999999971,-376.23749999998836,5855.974999999977,3646.2750000000233,73145.4625,4159.112499999988,107.71250000000146,5191.974999999977,1.4125,-0.21250000000000002,-6.337500000000006,0.8375000000000004,-2.3125,3.875,0.25,0.2250000000000001,-0.3125,0.7124999999999999,0.075,2.0999999999999943
-15850.412500000006,88.98750000004657,-106.19999999999709,63.76250000001164,6365.974999999977,2382.2750000000233,75763.4625,4137.112499999988,74.71250000000146,5212.974999999977,0.4125000000000001,-0.21250000000000002,6.662499999999994,1.8375000000000004,-1.3125,2.875,0.25,-0.7749999999999999,-0.3125,1.7125,0.075,2.0999999999999943
-15675.412500000006,210.98750000004657,-228.1999999999971,-37.23749999998836,6361.974999999977,746.2750000000233,87978.4625,4070.1124999999884,4.712500000001455,5008.974999999977,1.4125,-2.2125,-5.337500000000006,0.8375000000000004,-1.3125,1.875,0.25,0.2250000000000001,-0.3125,0.7124999999999999,0.075,-0.9000000000000057
-15882.412500000006,-306.01249999995343,-196.1999999999971,-406.23749999998836,6069.974999999977,-16.724999999976717,90973.4625,3946.1124999999884,-321.28749999999854,4799.974999999977,-0.5874999999999999,-0.21250000000000002,-1.3375000000000057,-0.16249999999999964,3.6875,0.875,0.25,0.2250000000000001,-0.3125,-0.2875000000000001,-0.925,-1.9000000000000057
-16314.412500000006,131.98750000004657,21.80000000000291,109.76250000001164,6334.974999999977,-2314.7249999999767,98379.4625,4026.1124999999884,165.71250000000146,5445.974999999977,-0.5874999999999999,-2.2125,3.6624999999999943,-1.1624999999999996,-2.3125,0.875,0.25,0.2250000000000001,0.6875,-1.2875,0.075,-2.9000000000000057
-16468.412500000006,317.98750000004657,51.80000000000291,80.76250000001164,6343.974999999977,-3741.7249999999767,102149.4625,4073.1124999999884,276.71250000000146,5585.974999999977,1.4125,0.7875,1.6624999999999943,-0.16249999999999964,-0.3125,-1.125,0.25,-0.7749999999999999,-0.3125,0.7124999999999999,-0.925,-2.9000000000000057
-16626.412500000006,357.98750000004657,181.8000000000029,180.76250000001164,6296.974999999977,-5660.724999999977,91896.4625,3977.1124999999884,202.71250000000146,5638.974999999977,-0.5874999999999999,0.7875,-3.3375000000000057,-0.16249999999999964,2.6875,-3.125,0.25,0.2250000000000001,-0.3125,-0.2875000000000001,2.075,-0.9000000000000057
-16110.412500000006,-451.01249999995343,60.80000000000291,-402.23749999998836,5924.974999999977,-6612.724999999977,83013.4625,4133.112499999988,-454.28749999999854,5359.974999999977,-0.5874999999999999,-0.21250000000000002,2.6624999999999943,-0.16249999999999964,-1.3125,-3.125,0.25,0.2250000000000001,-0.3125,-0.2875000000000001,0.075,0.09999999999999432
-15819.412500000006,-124.01249999995343,-71.19999999999709,21.76250000001164,5398.974999999977,-7836.724999999977,82094.4625,4086.1124999999884,-86.28749999999854,5646.974999999977,-0.5874999999999999,0.7875,1.6624999999999943,-2.1624999999999996,0.6875,-1.125,0.25,0.2250000000000001,-0.3125,0.7124999999999999,1.075,1.0999999999999943
-16718.412500000006,532.9875000000466,207.8000000000029,404.76250000001164,6014.974999999977,-9849.724999999977,98317.4625,4019.1124999999884,243.71250000000146,5638.974999999977,0.4125000000000001,-0.21250000000000002,-0.3375000000000057,2.8375000000000004,0.6875,0.875,0.25,0.2250000000000001,-0.3125,-0.2875000000000001,1.075,-0.9000000000000057
-16494.412500000006,326.98750000004657,94.80000000000291,37.76250000001164,6126.974999999977,-11064.724999999977,103708.4625,4317.112499999988,96.71250000000146,5239.974999999977,1.4125,0.7875,-1.3375000000000057,-0.16249999999999964,1.6875,-1.125,0.25,-0.7749999999999999,-0.3125,-0.2875000000000001,0.075,0.09999999999999432
-16418.412500000006,-278.01249999995343,-29.19999999999709,-119.23749999998836,6046.974999999977,-12059.724999999977,105000.4625,4245.112499999988,19.712500000001455,5496.974999999977,-0.5874999999999999,-1.2125,0.6624999999999943,-0.16249999999999964,-3.3125,-0.125,-0.75,0.2250000000000001,-0.3125,-0.2875000000000001,-0.925,1.0999999999999943
-16645.412500000006,-264.01249999995343,-64.19999999999709,111.76250000001164,6032.974999999977,-12976.724999999977,103105.4625,4034.1124999999884,56.712500000001455,5466.974999999977,0.4125000000000001,-0.21250000000000002,-1.3375000000000057,-0.16249999999999964,-1.3125,2.875,0.25,0.2250000000000001,0.6875,-0.2875000000000001,-0.925,1.0999999999999943
-16838.412500000006,209.98750000004657,-0.19999999999708962,234.76250000001164,6195.974999999977,-13735.724999999977,97722.4625,3963.1124999999884,200.71250000000146,5713.974999999977,0.4125000000000001,-1.2125,-1.3375000000000057,2.8375000000000004,5.6875,0.875,0.25,0.2250000000000001,-0.3125,-0.2875000000000001,0.075,-0.9000000000000057
-16224.412500000006,-481.01249999995343,-72.19999999999709,-239.23749999998836,6128.974999999977,-13444.724999999977,85905.4625,4134.112499999988,-3.287499999998545,5483.974999999977,0.4125000000000001,-2.2125,2.6624999999999943,-0.16249999999999964,0.6875,4.875,0.25,0.2250000000000001,0.6875,0.7124999999999999,-0.925,2.0999999999999943
-16169.412500000006,312.98750000004657,-114.19999999999709,0.7625000000116415,6236.974999999977,-13835.724999999977,74301.4625,4008.1124999999884,109.71250000000146,5662.974999999977,-0.5874999999999999,-0.21250000000000002,0.6624999999999943,1.8375000000000004,0.6875,3.875,0.25,0.2250000000000001,-0.3125,0.7124999999999999,0.075,0.09999999999999432
-16811.412500000006,375.98750000004657,-64.19999999999709,184.76250000001164,6111.974999999977,-16116.724999999977,76679.4625,3945.1124999999884,422.71250000000146,5659.974999999977,2.4125,-2.2125,-3.3375000000000057,-1.1624999999999996,1.6875,0.875,0.25,0.2250000000000001,-0.3125,-0.2875000000000001,1.075,-1.9000000000000057
-16418.412500000006,-274.01249999995343,-203.1999999999971,-41.23749999998836,6123.974999999977,-18368.724999999977,84814.4625,4133.112499999988,-44.287499999998545,5245.974999999977,-0.5874999999999999,-0.21250000000000002,-0.3375000000000057,0.8375000000000004,-3.3125,-3.125,0.25,0.2250000000000001,0.6875,-0.2875000000000001,-0.925,2.0999999999999943
-16257.412500000006,-466.01249999995343,-279.1999999999971,-331.23749999998836,6120.974999999977,-20349.724999999977,83353.4625,3984.1124999999884,14.712500000001455,5131.974999999977,-0.5874999999999999,-1.2125,1.6624999999999943,-1.1624999999999996,-2.3125,-2.125,0.25,-0.7749999999999999,0.6875,0.7124999999999999,-0.925,1.0999999999999943
-16789.412500000006,332.98750000004657,-34.19999999999709,172.76250000001164,6616.974999999977,-21183.724999999977,79667.4625,3933.1124999999884,411.71250000000146,5787.974999999977,-0.5874999999999999,-0.21250000000000002,-2.3375000000000057,-2.1624999999999996,-1.3125,-2.125,0.25,0.2250000000000001,0.6875,-0.2875000000000001,0.075,-1.9000000000000057
-16292.412500000006,157.98750000004657,-64.19999999999709,-225.23749999998836,6472.974999999977,-20454.724999999977,72567.4625,3972.1124999999884,224.71250000000146,5646.974999999977,-0.5874999999999999,0.7875,2.6624999999999943,1.8375000000000004,-1.3125,-6.125,0.25,0.2250000000000001,-0.3125,0.7124999999999999,-0.925,1.0999999999999943
-16244.412500000006,-323.01249999995343,-80.19999999999709,-37.23749999998836,6094.974999999977,-18988.724999999977,61725.462499999994,4224.112499999988,37.712500000001455,4885.974999999977,1.4125,-1.2125,-0.3375000000000057,1.8375000000000004,-1.3125,-3.125,0.25,0.2250000000000001,-0.3125,-0.2875000000000001,1.075,-2.9000000000000057
-16355.412500000006,-27.012499999953434,36.80000000000291,-59.23749999998836,5637.974999999977,-20560.724999999977,59282.462499999994,4019.1124999999884,199.71250000000146,5105.974999999977,-1.5875,2.7875,0.6624999999999943,2.8375000000000004,-1.3125,-6.125,0.25,-0.7749999999999999,-0.3125,1.7125,1.075,-1.9000000000000057
-16459.412500000006,69.98750000004657,80.80000000000291,119.76250000001164,6001.974999999977,-21020.724999999977,57763.462499999994,4029.1124999999884,53.712500000001455,5253.974999999977,1.4125,-1.2125,-2.3375000000000057,-5.1625,1.6875,2.875,0.25,0.2250000000000001,0.6875,-1.2875,0.075,2.0999999999999943
-16295.412500000006,30.987500000046566,159.8000000000029,-299.23749999998836,5842.974999999977,-26803.724999999977,69389.4625,4037.1124999999884,55.712500000001455,5060.974999999977,-0.5874999999999999,1.7875,1.6624999999999943,-2.1624999999999996,-2.3125,-2.125,0.25,0.2250000000000001,-0.3125,0.7124999999999999,0.075,1.0999999999999943
-17081.412500000006,231.98750000004657,158.8000000000029,154.76250000001164,6685.974999999977,-28482.724999999977,78246.4625,4052.1124999999884,503.71250000000146,5888.974999999977,-1.5875,0.7875,0.6624999999999943,3.8375000000000004,-4.3125,-5.125,0.25,0.2250000000000001,-0.3125,0.7124999999999999,0.075,-0.9000000000000057
-15940.412500000006,-979.0124999999534,-63.19999999999709,-476.23749999998836,5569.974999999977,-23888.724999999977,69828.4625,4179.112499999988,134.71250000000146,5649.974999999977,1.4125,-3.2125,-0.3375000000000057,-3.1624999999999996,2.6875,0.875,0.25,-0.7749999999999999,-0.3125,0.7124999999999999,-0.925,0.09999999999999432
-16471.412500000006,-62.012499999953434,-45.19999999999709,-46.23749999998836,6321.974999999977,-22073.724999999977,62732.462499999994,4001.1124999999884,-349.28749999999854,6045.974999999977,-0.5874999999999999,0.7875,4.662499999999994,-0.16249999999999964,1.6875,-0.125,-0.75,0.2250000000000001,0.6875,-0.2875000000000001,1.075,-0.9000000000000057
-17492.412500000006,1187.9875000000466,168.8000000000029,745.7625000000116,6873.974999999977,-22099.724999999977,59114.462499999994,3712.1124999999884,977.7125000000015,6459.974999999977,-1.5875,-0.21250000000000002,-3.3375000000000057,-2.1624999999999996,-3.3125,-2.125,0.25,0.2250000000000001,0.6875,1.7125,0.075,-3.9000000000000057
-16732.412500000006,118.98750000004657,-187.1999999999971,-97.23749999998836,5994.974999999977,-22412.724999999977,57108.462499999994,3970.1124999999884,-59.287499999998545,5227.974999999977,0.4125000000000001,0.7875,1.6624999999999943,-1.1624999999999996,1.6875,0.875,0.25,0.2250000000000001,-0.3125,0.7124999999999999,1.075,3.0999999999999943
-15171.412500000006,-1376.0124999999534,-101.19999999999709,-1010.2374999999884,4971.974999999977,-22669.724999999977,56467.462499999994,4072.1124999999884,-744.2874999999985,4175.974999999977,0.4125000000000001,-1.2125,2.6624999999999943,1.8375000000000004,-1.3125,-1.125,0.25,0.2250000000000001,0.6875,-0.2875000000000001,-0.925,-0.9000000000000057
-17023.412500000006,493.98750000004657,319.8000000000029,343.76250000001164,6759.974999999977,-31833.724999999977,67450.4625,3766.1124999999884,898.7125000000015,6493.974999999977,-0.5874999999999999,0.7875,0.6624999999999943,1.8375000000000004,-0.3125,-9.125,0.25,0.2250000000000001,-0.3125,0.7124999999999999,-0.925,-0.9000000000000057
-15666.412500000006,-640.0124999999534,-338.1999999999971,-762.2374999999884,5630.974999999977,-25347.724999999977,54856.462499999994,4176.112499999988,-91.28749999999854,4348.974999999977,2.4125,2.7875,4.662499999999994,-16.1625,-1.3125,16.875,0.25,-0.7749999999999999,0.6875,-2.2875,0.075,3.0999999999999943
-17425.412500000006,1335.9875000000466,-43.19999999999709,821.7625000000116,6720.974999999977,-18708.724999999977,38470.462499999994,3723.1124999999884,1228.7125000000015,6489.974999999977,-4.5875,0.7875,-2.3375000000000057,18.8375,-0.3125,-34.125,0.25,-0.7749999999999999,-0.3125,-0.2875000000000001,-4.925,0.09999999999999432
-16746.412500000006,-298.01249999995343,532.8000000000029,443.76250000001164,5933.974999999977,-9503.724999999977,13893.462499999994,4038.1124999999884,450.71250000000146,5323.974999999977,1.4125,8.7875,4.662499999999994,-9.1625,2.6875,3.875,0.25,0.2250000000000001,-0.3125,1.7125,2.075,1.0999999999999943
-15102.412500000006,-1292.0124999999534,-217.1999999999971,-949.2374999999884,5396.974999999977,-6313.724999999977,1902.4624999999942,4890.112499999988,-315.28749999999854,5148.974999999977,4.4125,-4.2125,-3.3375000000000057,12.8375,-5.3125,-16.125,0.25,0.2250000000000001,0.6875,-2.2875,0.075,-0.9000000000000057
-15972.412500000006,368.98750000004657,453.8000000000029,-154.23749999998836,5743.974999999977,-6985.724999999977,-245.53750000000582,5332.112499999988,-75.28749999999854,5352.974999999977,-2.5875,1.7875,7.662499999999994,-15.1625,-1.3125,11.875,-0.75,0.2250000000000001,-0.3125,0.7124999999999999,2.075,1.0999999999999943
-16730.412500000006,369.98750000004657,569.8000000000029,211.76250000001164,6358.974999999977,-8391.724999999977,1086.4624999999942,4922.112499999988,782.7125000000015,6729.974999999977,0.4125000000000001,-1.2125,1.6624999999999943,9.8375,0.6875,-19.125,-0.75,0.2250000000000001,0.6875,0.7124999999999999,3.075,-2.9000000000000057
-16347.412500000006,-45.012499999953434,366.8000000000029,-600.2374999999884,5495.974999999977,-7914.724999999977,157.46249999999418,5276.112499999988,-151.28749999999854,5905.974999999977,-2.5875,-9.2125,56.662499999999994,-1.1624999999999996,-2.3125,-4.125,0.25,0.2250000000000001,-0.3125,0.7124999999999999,-0.925,0.09999999999999432
-8928.412500000006,2381.9875000000466,-44.19999999999709,-748.2374999999884,5436.974999999977,-7916.724999999977,-962.5375000000058,5109.112499999988,-142.28749999999854,5365.974999999977,7.4125,21.7875,-23.337500000000006,5.8375,0.6875,-10.125,0.25,1.225,0.6875,-0.2875000000000001,0.075,-5.900000000000006
-3320.412500000006,53073.98750000005,1347.800000000003,218.76250000001164,5474.974999999977,-8762.724999999977,45.46249999999418,4700.112499999988,429.71250000000146,5242.974999999977,7.4125,-5.2125,-34.337500000000006,-51.1625,11.6875,-12.125,0.25,0.2250000000000001,0.6875,7.7125,2.075,-15.900000000000006
-19264.412500000006,106148.98750000005,5390.800000000003,612.7625000000116,5536.974999999977,-7672.724999999977,15230.462499999994,5552.112499999988,429.71250000000146,6339.974999999977,-13.5875,-9.2125,57.662499999999994,53.8375,-44.3125,-111.125,-0.75,0.2250000000000001,-1.3125,-6.2875,10.075,-10.900000000000006
-10611.412500000006,146629.98750000005,6712.800000000003,-1555.2374999999884,6729.974999999977,57733.27500000002,87156.4625,4433.112499999988,-106.28749999999854,6445.974999999977,-21.5875,-14.2125,29.662499999999994,-55.1625,-6.3125,6.875,-0.75,1.225,0.6875,-0.2875000000000001,-7.925,-5.900000000000006
-11224.412500000006,168546.98750000005,6030.800000000003,-39.23749999998836,9150.974999999977,218701.27500000002,122944.4625,4064.1124999999884,1958.7125000000015,9520.974999999977,10.4125,3.7875,-37.337500000000006,-10.1625,12.6875,23.875,0.25,0.2250000000000001,-1.3125,7.7125,-0.925,7.099999999999994
-3172.412500000006,146994.98750000005,2656.800000000003,1142.7625000000116,11803.974999999977,252151.27500000002,137952.4625,-2722.8875000000116,1741.7125000000015,12727.974999999977,-2.5875,8.7875,12.662499999999994,-7.1625,-29.3125,7.875,0.25,-1.775,0.6875,11.7125,5.075,6.099999999999994
-2555.412500000006,150500.98750000005,3209.800000000003,-1054.2374999999884,8469.974999999977,118782.27500000002,94189.4625,-3526.8875000000116,-1600.2874999999985,7203.974999999977,8.4125,6.7875,-19.337500000000006,8.8375,-0.3125,-5.125,0.25,-0.7749999999999999,-1.3125,-7.2875,11.075,-2.9000000000000057
-3701.412500000006,113286.98750000005,2459.800000000003,180.76250000001164,11792.974999999977,25637.275000000023,24300.462499999994,4608.112499999988,238.71250000000146,6312.974999999977,6.4125,-2.2125,-3.3375000000000057,3.8375000000000004,-2.3125,-5.125,-0.75,0.2250000000000001,-1.3125,3.7125,4.075,4.099999999999994
-5413.412500000006,114021.98750000005,3258.800000000003,109.76250000001164,11538.974999999977,28642.275000000023,38675.462499999994,10134.112499999988,370.71250000000146,6813.974999999977,4.4125,9.7875,-16.337500000000006,3.8375000000000004,4.6875,12.875,0.25,0.2250000000000001,-0.3125,-0.2875000000000001,-6.925,-2.9000000000000057
-12667.412500000006,110060.98750000005,3660.800000000003,74.76250000001164,12672.974999999977,47403.27500000002,64356.462499999994,6319.112499999988,149.71250000000146,6891.974999999977,2.4125,10.7875,6.662499999999994,6.8375,2.6875,7.875,0.25,0.2250000000000001,-0.3125,4.7125,-1.925,2.0999999999999943
-22882.412500000006,103868.98750000005,2983.800000000003,-38.23749999998836,13078.974999999977,77715.27500000002,97580.4625,4771.112499999988,-15.287499999998545,7275.974999999977,2.4125,-0.21250000000000002,-2.3375000000000057,-0.16249999999999964,1.6875,2.875,0.25,-0.7749999999999999,0.6875,-5.2875,-1.925,-5.900000000000006
-27910.412500000006,109295.98750000005,3049.800000000003,-85.23749999998836,12669.974999999977,101792.27500000002,104361.4625,2432.1124999999884,303.71250000000146,7258.974999999977,-2.5875,-3.2125,6.662499999999994,1.8375000000000004,1.6875,-10.125,0.25,-0.7749999999999999,0.6875,1.7125,0.075,-0.9000000000000057
-27451.412500000006,102405.98750000005,2830.800000000003,-102.23749999998836,12826.974999999977,99162.27500000002,92621.4625,108.11249999998836,207.71250000000146,7077.974999999977,5.4125,1.7875,-12.337500000000006,-0.16249999999999964,1.6875,0.875,0.25,0.2250000000000001,0.6875,0.7124999999999999,2.075,1.0999999999999943
-25959.412500000006,90197.98750000005,2698.800000000003,-159.23749999998836,12601.974999999977,94815.27500000002,75013.4625,-3973.8875000000116,163.71250000000146,6698.974999999977,0.4125000000000001,-6.2125,0.6624999999999943,0.8375000000000004,0.6875,-0.125,0.25,-0.7749999999999999,-0.3125,0.7124999999999999,0.075,2.0999999999999943
-17945.412500000006,101696.98750000005,2472.800000000003,-253.23749999998836,12549.974999999977,92772.27500000002,73553.4625,-3705.8875000000116,-59.287499999998545,6970.974999999977,0.4125000000000001,-1.2125,1.6624999999999943,-1.1624999999999996,-3.3125,1.875,0.25,0.2250000000000001,-0.3125,1.7125,-0.925,3.0999999999999943
-12280.412500000006,115713.98750000005,2464.800000000003,-21.23749999998836,12789.974999999977,93189.27500000002,91125.4625,-3822.8875000000116,122.71250000000146,7101.974999999977,0.4125000000000001,0.7875,-0.3375000000000057,-0.16249999999999964,-2.3125,-2.125,0.25,-0.7749999999999999,-0.3125,-0.2875000000000001,-1.925,-0.9000000000000057
-8272.412500000006,122279.98750000005,2959.800000000003,247.76250000001164,12921.974999999977,94960.27500000002,91331.4625,-4337.887500000012,372.71250000000146,7319.974999999977,-0.5874999999999999,1.7875,1.6624999999999943,0.8375000000000004,2.6875,-2.125,0.25,0.2250000000000001,0.6875,-0.2875000000000001,-1.925,-2.9000000000000057
-3728.412500000006,126401.98750000005,3057.800000000003,115.76250000001164,12353.974999999977,96563.27500000002,84448.4625,-5041.887500000012,189.71250000000146,6974.974999999977,-0.5874999999999999,-0.21250000000000002,0.6624999999999943,-3.1624999999999996,0.6875,2.875,0.25,0.2250000000000001,0.6875,-0.2875000000000001,-0.925,-1.9000000000000057
120.58749999999418,132844.98750000005,3348.800000000003,-99.23749999998836,11878.974999999977,93437.27500000002,81508.4625,-4838.887500000012,-0.2874999999985448,6476.974999999977,0.4125000000000001,-0.21250000000000002,-1.3375000000000057,1.8375000000000004,-0.3125,-4.125,-0.75,1.225,-0.3125,-0.2875000000000001,1.075,-2.9000000000000057
1033.5874999999942,133436.98750000005,3421.800000000003,27.76250000001164,11961.974999999977,90129.27500000002,83164.4625,-4030.8875000000116,231.71250000000146,6357.974999999977,-0.5874999999999999,-1.2125,-0.3375000000000057,0.8375000000000004,-1.3125,-3.125,0.25,0.2250000000000001,-0.3125,-0.2875000000000001,1.075,2.0999999999999943
3622.587499999994,130654.98750000005,3279.800000000003,-119.23749999998836,12068.974999999977,89946.27500000002,87826.4625,-3581.8875000000116,278.71250000000146,6416.974999999977,0.4125000000000001,-0.21250000000000002,-1.3375000000000057,-2.1624999999999996,-0.3125,2.875,0.25,-0.7749999999999999,-0.3125,-0.2875000000000001,0.075,1.0999999999999943
8665.587499999994,130799.98750000005,3375.800000000003,-75.23749999998836,12197.974999999977,89425.27500000002,90375.4625,-3229.8875000000116,281.71250000000146,6346.974999999977,-0.5874999999999999,-0.21250000000000002,1.6624999999999943,-0.16249999999999964,-0.3125,-2.125,0.25,0.2250000000000001,-1.3125,-0.2875000000000001,0.075,-0.9000000000000057
19986.587499999994,134685.98750000005,3646.800000000003,-20.23749999998836,11121.974999999977,87558.27500000002,87630.4625,-2901.8875000000116,126.71250000000146,6098.974999999977,-0.5874999999999999,0.7875,-2.3375000000000057,-1.1624999999999996,-0.3125,-0.125,0.25,0.2250000000000001,-0.3125,-1.2875,0.075,-0.9000000000000057
22036.587499999994,138936.98750000005,4399.800000000003,-161.23749999998836,10525.974999999977,86646.27500000002,89822.4625,-2547.8875000000116,-15.287499999998545,5798.974999999977,-1.5875,-1.2125,0.6624999999999943,-1.1624999999999996,0.6875,0.875,0.25,0.2250000000000001,-0.3125,-0.2875000000000001,0.075,0.09999999999999432
17486.587499999994,141298.98750000005,4706.800000000003,-273.23749999998836,10549.974999999977,88288.27500000002,96194.4625,-2307.8875000000116,-53.287499999998545,5687.974999999977,-1.5875,0.7875,7.662499999999994,-0.16249999999999964,-0.3125,-0.125,-0.75,0.2250000000000001,-0.3125,-0.2875000000000001,0.075,0.09999999999999432
16479.587499999994,154881.98750000005,4974.800000000003,-126.23749999998836,10673.974999999977,84645.27500000002,97493.4625,-1628.8875000000116,-10.287499999998545,5760.974999999977,0.4125000000000001,-2.2125,-2.3375000000000057,-0.16249999999999964,-0.3125,0.875,0.25,0.2250000000000001,0.6875,0.7124999999999999,0.075,1.0999999999999943
21830.587499999994,162828.98750000005,5083.800000000003,-246.23749999998836,10481.974999999977,77409.27500000002,92997.4625,-667.8875000000116,217.71250000000146,6197.974999999977,1.4125,0.7875,-5.337500000000006,-0.16249999999999964,-0.3125,-0.125,0.25,-0.7749999999999999,-0.3125,-0.2875000000000001,0.075,-0.9000000000000057
21464.587499999994,152379.98750000005,5069.800000000003,-103.23749999998836,10532.974999999977,69784.27500000002,87494.4625,240.11249999998836,425.71250000000146,6587.974999999977,-0.5874999999999999,0.7875,1.6624999999999943,-0.16249999999999964,0.6875,-3.125,0.25,0.2250000000000001,-0.3125,0.7124999999999999,0.075,-0.9000000000000057
20708.587499999994,154258.98750000005,5269.800000000003,-358.23749999998836,10304.974999999977,65440.27500000002,84168.4625,943.1124999999884,147.71250000000146,6195.974999999977,0.4125000000000001,-0.21250000000000002,-0.3375000000000057,-0.16249999999999964,1.6875,0.875,0.25,0.2250000000000001,-0.3125,-0.2875000000000001,0.075,-0.9000000000000057
24478.587499999994,167924.98750000005,5760.800000000003,-416.23749999998836,9888.974999999977,64225.27500000002,83435.4625,962.1124999999884,-182.28749999999854,5968.974999999977,0.4125000000000001,0.7875,1.6624999999999943,0.8375000000000004,1.6875,0.875,0.25,-0.7749999999999999,0.6875,0.7124999999999999,0.075,1.0999999999999943
28986.587499999994,176686.98750000005,6474.800000000003,-162.23749999998836,9966.974999999977,63180.27500000002,93830.4625,1902.1124999999884,-36.287499999998545,6228.974999999977,-6.5875,7.7875,8.662499999999994,1.8375000000000004,-0.3125,0.875,-0.75,0.2250000000000001,0.6875,-1.2875,-1.925,-2.9000000000000057
30902.587499999994,174244.98750000005,7405.800000000003,-324.23749999998836,10276.974999999977,58560.27500000002,96305.4625,4626.112499999988,346.71250000000146,6927.974999999977,5.4125,2.7875,-6.337500000000006,-4.1625,1.6875,4.875,0.25,0.2250000000000001,-0.3125,1.7125,-0.925,4.099999999999994
27547.587499999994,169875.98750000005,7326.800000000003,-18.23749999998836,10109.974999999977,62174.27500000002,114043.4625,3971.1124999999884,429.71250000000146,6644.974999999977,0.4125000000000001,3.7875,3.6624999999999943,3.8375000000000004,0.6875,-6.125,0.25,0.2250000000000001,-0.3125,1.7125,1.075,-1.9000000000000057
7273.587499999994,146762.98750000005,4605.800000000003,-330.23749999998836,11334.974999999977,55035.27500000002,119751.4625,6246.112499999988,72.71250000000146,7704.974999999977,2.4125,-1.2125,-11.337500000000006,-1.1624999999999996,-2.3125,4.875,0.25,0.2250000000000001,0.6875,0.7124999999999999,0.075,1.0999999999999943
366.5874999999942,138805.98750000005,4018.800000000003,-369.23749999998836,11601.974999999977,45249.27500000002,113052.4625,5729.112499999988,333.71250000000146,8053.974999999977,-5.5875,-2.2125,9.662499999999994,-0.16249999999999964,-0.3125,-8.125,0.25,0.2250000000000001,-0.3125,-1.2875,-1.925,1.0999999999999943
20.58749999999418,138197.98750000005,4219.800000000003,-111.23749999998836,12043.974999999977,42906.27500000002,109612.4625,4731.112499999988,500.71250000000146,8275.974999999977,-0.5874999999999999,1.7875,3.6624999999999943,1.8375000000000004,3.6875,0.875,0.25,0.2250000000000001,-0.3125,-0.2875000000000001,-0.925,2.0999999999999943
902.5874999999942,141683.98750000005,5497.800000000003,-452.23749999998836,10661.974999999977,42558.27500000002,107341.4625,4157.112499999988,-290.28749999999854,7252.974999999977,2.4125,0.7875,-7.337500000000006,-1.1624999999999996,-0.3125,6.875,0.25,-0.7749999999999999,0.6875,0.7124999999999999,1.075,4.099999999999994
39.58749999999418,140011.98750000005,5540.800000000003,-435.23749999998836,10353.974999999977,37477.27500000002,124165.4625,4020.1124999999884,142.71250000000146,6250.974999999977,-2.5875,-1.2125,6.662499999999994,3.8375000000000004,-1.3125,3.875,0.25,1.225,0.6875,0.7124999999999999,-1.925,0.09999999999999432
2398.587499999994,146120.98750000005,5567.800000000003,-108.23749999998836,10467.974999999977,32098.275000000023,130025.4625,4536.112499999988,380.71250000000146,6645.974999999977,-1.5875,-3.2125,-0.3375000000000057,-4.1625,-3.3125,7.875,0.25,0.2250000000000001,-0.3125,-0.2875000000000001,0.075,3.0999999999999943
439.5874999999942,153355.98750000005,5989.800000000003,-429.23749999998836,9947.974999999977,29423.275000000023,146384.4625,4950.112499999988,35.712500000001455,6159.974999999977,-0.5874999999999999,1.7875,5.662499999999994,5.8375,-3.3125,-2.125,0.25,0.2250000000000001,-0.3125,-0.2875000000000001,1.075,-0.9000000000000057
-7826.412500000006,147461.98750000005,6561.800000000003,-270.23749999998836,10097.974999999977,19364.275000000023,139864.4625,4590.112499999988,43.712500000001455,6558.974999999977,-2.5875,-0.21250000000000002,2.6624999999999943,-3.1624999999999996,1.6875,8.875,-0.75,0.2250000000000001,0.6875,-0.2875000000000001,-0.925,-1.9000000000000057
-16095.412500000006,150614.98750000005,7125.800000000003,-430.23749999998836,10026.974999999977,17253.275000000023,143983.4625,4661.112499999988,38.712500000001455,6729.974999999977,-5.5875,0.7875,15.662499999999994,1.8375000000000004,5.6875,3.875,-0.75,0.2250000000000001,-0.3125,-0.2875000000000001,0.075,2.0999999999999943
-18166.412500000006,158218.98750000005,7436.800000000003,-285.23749999998836,10465.974999999977,16917.275000000023,146762.4625,4484.112499999988,279.71250000000146,7469.974999999977,-0.5874999999999999,2.7875,-0.3375000000000057,2.8375000000000004,1.6875,-0.125,-0.75,0.2250000000000001,-0.3125,-1.2875,2.075,0.09999999999999432
-26103.412500000006,158054.98750000005,9570.800000000003,204.76250000001164,10430.974999999977,14567.275000000023,145529.4625,3706.1124999999884,337.71250000000146,7319.974999999977,1.4125,3.7875,-4.337500000000006,-0.16249999999999964,-0.3125,-6.125,-0.75,-0.7749999999999999,0.6875,-1.2875,1.075,-0.9000000000000057
-34820.412500000006,149746.98750000005,7988.800000000003,70326.76250000001,35840.97499999998,8469.275000000023,132719.4625,1331.1124999999884,23847.7125,28280.974999999977,-5.5875,4.7875,15.662499999999994,6.8375,0.6875,-13.125,-0.75,-0.7749999999999999,-0.3125,-0.2875000000000001,3.075,5.099999999999994
-32971.412500000006,164026.98750000005,8074.800000000003,91489.76250000001,39892.97499999998,6495.275000000023,140633.4625,-640.8875000000116,110734.7125,33395.97499999998,0.4125000000000001,-2.2125,-13.337500000000006,-2.1624999999999996,-0.3125,3.875,0.25,0.2250000000000001,0.6875,-0.2875000000000001,1.075,-2.9000000000000057
-43444.412500000006,171507.98750000005,10775.800000000003,92132.76250000001,37683.97499999998,-882.7249999999767,112422.4625,-887.8875000000116,78799.7125,49850.97499999998,0.4125000000000001,0.7875,6.662499999999994,2.8375000000000004,0.6875,-5.125,0.25,1.225,-1.3125,2.7125,2.075,4.099999999999994
-53783.412500000006,159577.98750000005,10515.800000000003,75634.76250000001,25176.974999999977,-1515.7249999999767,117749.4625,198.11249999998836,54177.7125,42204.97499999998,4.4125,-8.2125,-2.3375000000000057,1.8375000000000004,10.6875,5.875,0.25,0.2250000000000001,0.6875,-2.2875,-3.925,-2.9000000000000057
-55971.412500000006,155922.98750000005,8581.800000000003,59143.76250000001,9058.974999999977,-155.72499999997672,125258.4625,-31.88750000001164,87395.7125,59637.97499999998,2.4125,4.7875,8.662499999999994,-8.1625,-2.3125,16.875,0.25,1.225,0.6875,-3.2875,5.075,-2.9000000000000057
-59230.412500000006,154079.98750000005,7716.800000000003,75110.76250000001,15549.974999999977,-5593.724999999977,125778.4625,101.11249999998836,73199.7125,56830.97499999998,-0.5874999999999999,-8.2125,1.6624999999999943,7.8375,-7.3125,-11.125,0.25,-0.7749999999999999,-0.3125,-0.2875000000000001,8.075,-3.9000000000000057
-53439.412500000006,152469.98750000005,7120.800000000003,87187.76250000001,21784.974999999977,-5581.724999999977,137012.4625,609.1124999999884,94317.7125,65243.97499999998,-0.5874999999999999,8.7875,6.662499999999994,-4.1625,-0.3125,-0.125,0.25,0.2250000000000001,0.6875,7.7125,4.075,8.099999999999994
-57599.412500000006,146729.98750000005,6855.800000000003,80045.76250000001,20386.974999999977,-7030.724999999977,132484.4625,221.11249999998836,79820.7125,56082.97499999998,-1.5875,-8.2125,5.662499999999994,14.8375,-1.3125,-11.125,0.25,-0.7749999999999999,-0.3125,-4.2875,-2.925,-6.900000000000006
-62895.412500000006,148525.98750000005,7360.800000000003,69725.76250000001,21355.974999999977,-11017.724999999977,148630.4625,1191.1124999999884,65297.7125,44440.97499999998,5.4125,-5.2125,-3.3375000000000057,-10.1625,9.6875,14.875,-0.75,0.2250000000000001,-0.3125,3.7125,3.075,6.099999999999994
-66452.4125,148262.98750000005,6788.800000000003,74894.76250000001,25278.974999999977,-14066.724999999977,141487.4625,610.1124999999884,74612.7125,49409.97499999998,-1.5875,6.7875,1.6624999999999943,11.8375,1.6875,-10.125,0.25,0.2250000000000001,-0.3125,-1.2875,1.075,6.099999999999994
-73216.4125,155586.98750000005,6915.800000000003,89393.76250000001,25770.974999999977,-13185.724999999977,141228.4625,549.1124999999884,79154.7125,48922.97499999998,-1.5875,4.7875,10.662499999999994,-6.1625,0.6875,1.875,-0.75,0.2250000000000001,0.6875,-0.2875000000000001,5.075,3.0999999999999943
-75060.4125,154934.98750000005,6962.800000000003,95155.76250000001,26495.974999999977,-13213.724999999977,136757.4625,343.11249999998836,74062.7125,44013.97499999998,2.4125,-0.21250000000000002,-5.337500000000006,5.8375,-3.3125,-7.125,0.25,0.2250000000000001,-0.3125,0.7124999999999999,-0.925,5.099999999999994
-83062.4125,139154.98750000005,6717.800000000003,78668.76250000001,22503.974999999977,-20151.724999999977,142288.4625,336.11249999998836,76076.7125,39940.97499999998,0.4125000000000001,5.7875,-4.337500000000006,4.8375,2.6875,-10.125,0.25,0.2250000000000001,0.6875,1.7125,-0.925,-0.9000000000000057
-88419.4125,137335.98750000005,6086.800000000003,90699.76250000001,24142.974999999977,-19228.724999999977,141054.4625,779.1124999999884,81061.7125,39932.97499999998,-1.5875,-3.2125,1.6624999999999943,-3.1624999999999996,3.6875,7.875,-0.75,-0.7749999999999999,0.6875,-1.2875,-1.925,0.09999999999999432
-86944.4125,143125.98750000005,6228.800000000003,94022.76250000001,22179.974999999977,-20347.724999999977,131144.4625,122.11249999998836,84688.7125,38466.97499999998,-2.5875,-1.2125,15.662499999999994,-0.16249999999999964,3.6875,-17.125,-0.75,0.2250000000000001,-0.3125,2.7125,-3.925,2.0999999999999943
-85690.4125,141720.98750000005,6612.800000000003,95954.76250000001,25138.974999999977,-21433.724999999977,127073.4625,121.11249999998836,78962.7125,35177.97499999998,2.4125,4.7875,-5.337500000000006,-3.1624999999999996,-2.3125,-22.125,-0.75,0.2250000000000001,-0.3125,1.7125,0.075,-0.9000000000000057
-97223.4125,154577.98750000005,6977.800000000003,91064.76250000001,23870.974999999977,-23673.724999999977,142715.4625,97.11249999998836,95137.7125,33394.97499999998,2.4125,-8.2125,-7.337500000000006,-4.1625,-10.3125,-5.125,0.25,0.2250000000000001,0.6875,-1.2875,5.075,4.099999999999994
-104280.4125,149009.98750000005,6763.800000000003,91212.76250000001,27545.974999999977,-28783.724999999977,148137.4625,561.1124999999884,114287.7125,37421.97499999998,-0.5874999999999999,3.7875,5.662499999999994,6.8375,-5.3125,-13.125,-0.75,-0.7749999999999999,0.6875,-1.2875,0.075,-2.9000000000000057
-115574.4125,168186.98750000005,7438.800000000003,112595.76250000001,25181.974999999977,-28977.724999999977,154131.4625,109.11249999998836,131321.7125,41128.97499999998,1.4125,-4.2125,-1.3375000000000057,5.8375,1.6875,-14.125,0.25,0.2250000000000001,-1.3125,1.7125,-8.925,2.0999999999999943
-117358.4125,167493.98750000005,8302.800000000003,121418.76250000001,20038.974999999977,-28968.724999999977,150588.4625,-109.88750000001164,132109.7125,36801.97499999998,-5.5875,-2.2125,2.6624999999999943,-6.1625,1.6875,2.875,0.25,0.2250000000000001,-0.3125,3.7125,-2.925,4.099999999999994
-118604.4125,177158.98750000005,9271.800000000003,126846.76250000001,24401.974999999977,-29333.724999999977,147946.4625,244.11249999998836,124981.7125,33120.97499999998,0.4125000000000001,0.7875,-0.3375000000000057,2.8375000000000004,-0.3125,-3.125,0.25,-0.7749999999999999,-0.3125,-3.2875,0.075,-2.9000000000000057
-120985.4125,182478.98750000005,10021.800000000003,131687.7625,29329.974999999977,-29390.724999999977,143881.4625,163.11249999998836,134369.7125,33477.97499999998,-1.5875,-0.21250000000000002,6.662499999999994,-1.1624999999999996,-1.3125,2.875,-0.75,0.2250000000000001,-0.3125,0.7124999999999999,0.075,4.099999999999994
-119454.4125,171687.98750000005,9784.800000000003,140079.7625,30158.974999999977,-29276.724999999977,145776.4625,240.11249999998836,150026.7125,34258.97499999998,1.4125,1.7875,-2.3375000000000057,-0.16249999999999964,-5.3125,-6.125,0.25,0.2250000000000001,-0.3125,0.7124999999999999,2.075,2.0999999999999943
-119302.4125,168582.98750000005,9058.800000000003,161062.7625,29271.974999999977,-31547.724999999977,150996.4625,435.11249999998836,154940.7125,33022.97499999998,0.4125000000000001,0.7875,0.6624999999999943,-2.1624999999999996,-0.3125,-0.125,0.25,0.2250000000000001,0.6875,-1.2875,0.075,1.0999999999999943
-121350.4125,169117.98750000005,8681.800000000003,169170.7625,25905.974999999977,-32382.724999999977,149947.4625,234.11249999998836,157952.7125,30501.974999999977,-1.5875,-1.2125,1.6624999999999943,1.8375000000000004,0.6875,-1.125,0.25,-0.7749999999999999,0.6875,1.7125,-0.925,3.0999999999999943
-126562.4125,175623.98750000005,9409.800000000003,162324.7625,22841.974999999977,-39095.72499999998,152131.4625,-156.88750000001164,154143.7125,28574.974999999977,0.4125000000000001,-0.21250000000000002,-2.3375000000000057,-0.16249999999999964,0.6875,-0.125,-0.75,0.2250000000000001,-0.3125,0.7124999999999999,-0.925,1.0999999999999943
-130406.4125,176571.98750000005,9362.800000000003,151109.7625,20509.974999999977,-39792.72499999998,150623.4625,-369.88750000001164,152602.7125,26842.974999999977,-0.5874999999999999,1.7875,-1.3375000000000057,1.8375000000000004,-1.3125,-1.125,0.25,0.2250000000000001,-1.3125,0.7124999999999999,0.075,2.0999999999999943
-136880.4125,173157.98750000005,8738.800000000003,168298.7625,22721.974999999977,-42495.72499999998,149008.4625,-163.88750000001164,159378.7125,25160.974999999977,0.4125000000000001,-0.21250000000000002,0.6624999999999943,-0.16249999999999964,-0.3125,2.875,0.25,0.2250000000000001,-0.3125,0.7124999999999999,-0.925,0.09999999999999432
-137044.4125,172254.98750000005,8562.800000000003,169907.7625,24017.974999999977,-43550.72499999998,146919.4625,-364.88750000001164,156824.7125,22577.974999999977,0.4125000000000001,2.7875,-3.3375000000000057,0.8375000000000004,1.6875,-0.125,0.25,0.2250000000000001,-0.3125,1.7125,-0.925,-0.9000000000000057
-134896.4125,171167.98750000005,8506.800000000003,166907.7625,23182.974999999977,-43182.72499999998,143964.4625,-434.88750000001164,154959.7125,22657.974999999977,-0.5874999999999999,-0.21250000000000002,2.6624999999999943,-0.16249999999999964,2.6875,1.875,-0.75,0.2250000000000001,-0.3125,0.7124999999999999,0.075,3.0999999999999943
-130105.4125,170051.98750000005,8772.800000000003,159228.7625,24094.974999999977,-41557.72499999998,147056.4625,-198.88750000001164,153639.7125,29111.974999999977,1.4125,-0.21250000000000002,0.6624999999999943,1.8375000000000004,0.6875,-0.125,0.25,0.2250000000000001,0.6875,0.7124999999999999,-0.925,2.0999999999999943
-126701.4125,175076.98750000005,9387.800000000003,151258.7625,24556.974999999977,-36082.72499999998,154854.4625,239.11249999998836,147825.7125,40927.97499999998,0.4125000000000001,1.7875,-0.3375000000000057,-0.16249999999999964,2.6875,-1.125,0.25,0.2250000000000001,-0.3125,1.7125,1.075,-0.9000000000000057
-126075.4125,183886.98750000005,9420.800000000003,144457.7625,24943.974999999977,-33699.72499999998,162071.4625,671.1124999999884,144695.7125,45019.97499999998,-0.5874999999999999,0.7875,0.6624999999999943,-0.16249999999999964,-0.3125,-2.125,0.25,0.2250000000000001,0.6875,0.7124999999999999,0.075,-0.9000000000000057
-123990.4125,186899.98750000005,9387.800000000003,141750.7625,25296.974999999977,-32802.72499999998,164792.4625,848.1124999999884,142207.7125,48524.97499999998,-0.5874999999999999,-0.21250000000000002,1.6624999999999943,0.8375000000000004,-0.3125,-1.125,0.25,0.2250000000000001,-0.3125,0.7124999999999999,1.075,-0.9000000000000057
-123777.4125,187020.98750000005,9524.800000000003,139463.7625,25976.974999999977,-33093.72499999998,165991.4625,683.1124999999884,139988.7125,51552.97499999998,0.4125000000000001,-1.2125,1.6624999999999943,-0.16249999999999964,-0.3125,-1.125,-0.75,0.2250000000000001,-0.3125,0.7124999999999999,-0.925,0.09999999999999432
-124384.4125,192302.98750000005,9839.800000000003,140910.7625,26407.974999999977,-33895.72499999998,166458.4625,640.1124999999884,134491.7125,52083.97499999998,0.4125000000000001,-1.2125,-0.3375000000000057,-0.16249999999999964,-1.3125,-0.125,0.25,0.2250000000000001,-0.3125,-0.2875000000000001,0.075,-0.9000000000000057
-122775.4125,192633.98750000005,9595.800000000003,145484.7625,26844.974999999977,-33772.72499999998,166550.4625,762.1124999999884,138046.7125,52289.97499999998,-0.5874999999999999,0.7875,-0.3375000000000057,0.8375000000000004,-1.3125,-1.125,0.25,0.2250000000000001,0.6875,-0.2875000000000001,-0.925,0.09999999999999432
-121402.4125,184079.98750000005,9433.800000000003,146287.7625,26096.974999999977,-32730.724999999977,165839.4625,984.1124999999884,143694.7125,48344.97499999998,-0.5874999999999999,-0.21250000000000002,1.6624999999999943,-0.16249999999999964,-0.3125,-0.125,0.25,1.225,-0.3125,0.7124999999999999,0.075,0.09999999999999432
-122301.4125,180739.98750000005,9304.800000000003,141417.7625,24178.974999999977,-33331.72499999998,158692.4625,700.1124999999884,143429.7125,43264.97499999998,-0.5874999999999999,-0.21250000000000002,-0.3375000000000057,-0.16249999999999964,-1.3125,-1.125,0.25,0.2250000000000001,-0.3125,-0.2875000000000001,0.075,-0.9000000000000057
-125386.4125,179889.98750000005,9337.800000000003,149976.7625,24101.974999999977,-34748.72499999998,155119.4625,509.11249999998836,145032.7125,38876.97499999998,-0.5874999999999999,-0.21250000000000002,0.6624999999999943,-1.1624999999999996,0.6875,0.875,0.25,0.2250000000000001,-0.3125,-1.2875,0.075,0.09999999999999432
-127493.4125,179088.98750000005,9345.800000000003,157903.7625,26385.974999999977,-36732.72499999998,154831.4625,270.11249999998836,147755.7125,35924.97499999998,0.4125000000000001,-0.21250000000000002,-0.3375000000000057,-0.16249999999999964,-0.3125,0.875,0.25,-0.7749999999999999,-0.3125,-1.2875,0.075,0.09999999999999432
-128982.4125,178381.98750000005,9362.800000000003,158780.7625,26173.974999999977,-37681.72499999998,156931.4625,146.11249999998836,149685.7125,34965.97499999998,-0.5874999999999999,-0.21250000000000002,0.6624999999999943,-1.1624999999999996,0.6875,-0.125,0.25,-0.7749999999999999,0.6875,-0.2875000000000001,0.075,-0.9000000000000057
-128034.4125,177805.98750000005,9401.800000000003,155255.7625,25085.974999999977,-37440.72499999998,158351.4625,256.11249999998836,149494.7125,35412.97499999998,-0.5874999999999999,-0.21250000000000002,-1.3375000000000057,-0.16249999999999964,-0.3125,-1.125,-0.75,0.2250000000000001,-0.3125,-0.2875000000000001,0.075,0.09999999999999432
-124936.4125,176503.98750000005,9403.800000000003,152328.7625,24718.974999999977,-36251.72499999998,157797.4625,399.11249999998836,144369.7125,36597.97499999998,0.4125000000000001,0.7875,-1.3375000000000057,-1.1624999999999996,-0.3125,0.875,0.25,-0.7749999999999999,0.6875,-0.2875000000000001,0.075,0.09999999999999432
-123159.4125,177184.98750000005,9355.800000000003,151083.7625,25287.974999999977,-34976.72499999998,157330.4625,541.1124999999884,143137.7125,41309.97499999998,0.4125000000000001,0.7875,0.6624999999999943,-0.16249999999999964,0.6875,-0.125,0.25,0.2250000000000001,0.6875,-0.2875000000000001,0.075,0.09999999999999432
-123170.4125,181453.98750000005,9637.800000000003,149245.7625,25252.974999999977,-34325.72499999998,160028.4625,549.1124999999884,142313.7125,44308.97499999998,0.4125000000000001,-0.21250000000000002,-0.3375000000000057,-0.16249999999999964,-0.3125,-0.125,0.25,-0.7749999999999999,-0.3125,0.7124999999999999,0.075,-0.9000000000000057
-123228.4125,185398.98750000005,9688.800000000003,144632.7625,24630.974999999977,-33838.72499999998,163141.4625,577.1124999999884,142524.7125,46425.97499999998,-0.5874999999999999,0.7875,-0.3375000000000057,-0.16249999999999964,-0.3125,-0.125,-0.75,0.2250000000000001,0.6875,0.7124999999999999,0.075,0.09999999999999432
-122412.4125,186408.98750000005,9659.800000000003,144774.7625,24662.974999999977,-33398.72499999998,161694.4625,520.1124999999884,142563.7125,46846.97499999998,0.4125000000000001,0.7875,0.6624999999999943,-0.16249999999999964,0.6875,0.875,-0.75,0.2250000000000001,0.6875,0.7124999999999999,0.075,0.09999999999999432
-121938.4125,183314.98750000005,9572.800000000003,145076.7625,24613.974999999977,-33381.72499999998,159759.4625,565.1124999999884,142418.7125,45810.97499999998,0.4125000000000001,0.7875,-0.3375000000000057,-0.16249999999999964,0.6875,-0.125,0.25,0.2250000000000001,-0.3125,0.7124999999999999,0.075,0.09999999999999432
-122882.4125,183236.98750000005,9509.800000000003,146132.7625,24822.974999999977,-33797.72499999998,159173.4625,463.11249999998836,144826.7125,43708.97499999998,-0.5874999999999999,0.7875,-0.3375000000000057,-0.16249999999999964,-0.3125,-0.125,0.25,0.2250000000000001,-0.3125,0.7124999999999999,0.075,0.09999999999999432
-126483.4125,182515.98750000005,9611.800000000003,148206.7625,24763.974999999977,-34536.72499999998,158585.4625,365.11249999998836,146128.7125,41592.97499999998,-0.5874999999999999,-0.21250000000000002,0.6624999999999943,0.8375000000000004,-0.3125,-0.125,0.25,0.2250000000000001,-0.3125,0.7124999999999999,0.075,1.0999999999999943
-127035.4125,180707.98750000005,9601.800000000003,151064.7625,24885.974999999977,-35150.72499999998,157321.4625,303.11249999998836,147674.7125,38162.97499999998,0.4125000000000001,-0.21250000000000002,-0.3375000000000057,0.8375000000000004,-0.3125,-0.125,0.25,0.2250000000000001,-0.3125,0.7124999999999999,0.075,-0.9000000000000057
-127034.4125,179016.98750000005,9487.800000000003,153106.7625,25342.974999999977,-35580.72499999998,156150.4625,241.11249999998836,148235.7125,37197.97499999998,0.4125000000000001,-0.21250000000000002,0.6624999999999943,0.8375000000000004,-0.3125,-0.125,0.25,0.2250000000000001,0.6875,0.7124999999999999,0.075,0.09999999999999432
-126846.4125,178802.98750000005,9367.800000000003,151371.7625,25031.974999999977,-35431.72499999998,155953.4625,265.11249999998836,147619.7125,37237.97499999998,0.4125000000000001,-0.21250000000000002,0.6624999999999943,-0.16249999999999964,0.6875,0.875,0.25,-0.7749999999999999,0.6875,0.7124999999999999,0.075,0.09999999999999432
-126114.4125,179369.98750000005,9329.800000000003,150450.7625,24980.974999999977,-35301.72499999998,157383.4625,335.11249999998836,145712.7125,38355.97499999998,1.4125,-0.21250000000000002,0.6624999999999943,-0.16249999999999964,-0.3125,-0.125,-0.75,0.2250000000000001,-0.3125,0.7124999999999999,0.075,-0.9000000000000057
-124999.4125,180332.98750000005,9407.800000000003,150043.7625,25359.974999999977,-35034.72499999998,159637.4625,294.11249999998836,145064.7125,40110.97499999998,0.4125000000000001,-0.21250000000000002,-1.3375000000000057,0.8375000000000004,-0.3125,0.875,0.25,0.2250000000000001,0.6875,0.7124999999999999,0.075,0.09999999999999432
-124002.4125,181715.98750000005,9478.800000000003,149023.7625,25453.974999999977,-34647.72499999998,161442.4625,405.11249999998836,144766.7125,41944.97499999998,0.4125000000000001,-0.21250000000000002,-0.3375000000000057,-0.16249999999999964,-0.3125,-0.125,0.25,0.2250000000000001,-0.3125,0.7124999999999999,0.075,0.09999999999999432
-122892.4125,183244.98750000005,9511.800000000003,147154.7625,25162.974999999977,-34383.72499999998,161846.4625,418.11249999998836,144060.7125,43921.97499999998,0.4125000000000001,-0.21250000000000002,0.6624999999999943,-0.16249999999999964,-0.3125,0.875,0.25,0.2250000000000001,-0.3125,0.7124999999999999,0.075,0.09999999999999432
-122621.4125,182641.98750000005,9479.800000000003,145854.7625,24922.974999999977,-34073.72499999998,160748.4625,625.1124999999884,143648.7125,43665.97499999998,0.4125000000000001,-0.21250000000000002,-0.3375000000000057,-0.16249999999999964,-0.3125,-0.125,0.25,0.2250000000000001,-1.3125,-0.2875000000000001,-0.925,0.09999999999999432
-123239.4125,182496.98750000005,9526.800000000003,146248.7625,24966.974999999977,-34452.72499999998,159338.4625,426.11249999998836,143881.7125,42602.97499999998,-0.5874999999999999,-0.21250000000000002,-0.3375000000000057,-0.16249999999999964,-0.3125,0.875,0.25,-0.7749999999999999,-0.3125,-0.2875000000000001,0.075,-0.9000000000000057
-124529.4125,183096.98750000005,9468.800000000003,148795.7625,25113.974999999977,-35132.72499999998,158773.4625,299.11249999998836,145944.7125,41370.97499999998,-0.5874999999999999,0.7875,-0.3375000000000057,-0.16249999999999964,0.6875,-0.125,0.25,1.225,0.6875,-0.2875000000000001,0.075,0.09999999999999432
-125585.4125,182604.98750000005,9620.800000000003,149687.7625,25211.974999999977,-35541.72499999998,158616.4625,371.11249999998836,146446.7125,40204.97499999998,0.4125000000000001,0.7875,-0.3375000000000057,-0.16249999999999964,-0.3125,-0.125,-0.75,0.2250000000000001,-0.3125,-0.2875000000000001,0.075,0.09999999999999432
-125722.4125,181664.98750000005,9604.800000000003,150324.7625,25138.974999999977,-35519.72499999998,156123.4625,495.11249999998836,146778.7125,39486.97499999998,-0.5874999999999999,-0.21250000000000002,-0.3375000000000057,-1.1624999999999996,0.6875,-0.125,0.25,0.2250000000000001,0.6875,0.7124999999999999,0.075,0.09999999999999432
-125486.4125,181145.98750000005,9397.800000000003,150327.7625,25171.974999999977,-35487.72499999998,156775.4625,399.11249999998836,146545.7125,39029.97499999998,-0.5874999999999999,-0.21250000000000002,-0.3375000000000057,-1.1624999999999996,0.6875,-0.125,0.25,0.2250000000000001,0.6875,-0.2875000000000001,0.075,0.09999999999999432
-125244.4125,181075.98750000005,9390.800000000003,149722.7625,25130.974999999977,-35494.72499999998,157941.4625,399.11249999998836,146104.7125,39919.97499999998,-1.5875,-0.21250000000000002,0.6624999999999943,-1.1624999999999996,0.6875,0.875,0.25,0.2250000000000001,-0.3125,-0.2875000000000001,0.075,0.09999999999999432
-124217.4125,182001.98750000005,9527.800000000003,149068.7625,24931.974999999977,-35544.72499999998,158992.4625,392.11249999998836,145019.7125,41226.97499999998,0.4125000000000001,-0.21250000000000002,0.6624999999999943,-0.16249999999999964,-0.3125,-0.125,-0.75,0.2250000000000001,-0.3125,-0.2875000000000001,0.075,-0.9000000000000057
-123691.4125,183001.98750000005,9529.800000000003,148736.7625,25235.974999999977,-35044.72499999998,159202.4625,341.11249999998836,144507.7125,42375.97499999998,-0.5874999999999999,-0.21250000000000002,-1.3375000000000057,-0.16249999999999964,0.6875,-0.125,0.25,0.2250000000000001,0.6875,-0.2875000000000001,0.075,-0.9000000000000057
-123405.4125,183686.98750000005,9535.800000000003,147324.7625,25090.974999999977,-34928.72499999998,159718.4625,457.11249999998836,144193.7125,43021.97499999998,-0.5874999999999999,-0.21250000000000002,-0.3375000000000057,-0.16249999999999964,0.6875,-0.125,0.25,0.2250000000000001,-0.3125,-0.2875000000000001,0.075,-0.9000000000000057
-123187.4125,183060.98750000005,9477.800000000003,146790.7625,24674.974999999977,-34735.72499999998,160402.4625,498.11249999998836,144407.7125,43057.97499999998,-0.5874999999999999,-0.21250000000000002,-0.3375000000000057,-1.1624999999999996,0.6875,-0.125,0.25,1.225,0.6875,-0.2875000000000001,0.075,0.09999999999999432
-123315.4125,182513.98750000005,9557.800000000003,147350.7625,24664.974999999977,-34768.72499999998,159446.4625,453.11249999998836,144871.7125,42737.97499999998,-0.5874999999999999,0.7875,0.6624999999999943,-0.16249999999999964,-0.3125,-0.125,0.25,0.2250000000000001,-0.3125,0.7124999999999999,0.075,0.09999999999999432
-123935.4125,182466.98750000005,9531.800000000003,148104.7625,24799.974999999977,-35010.72499999998,158070.4625,437.11249999998836,145372.7125,41900.97499999998,0.4125000000000001,-0.21250000000000002,-0.3375000000000057,-0.16249999999999964,-0.3125,-0.125,0.25,0.2250000000000001,0.6875,0.7124999999999999,0.075,0.09999999999999432
-124767.4125,182283.98750000005,9574.800000000003,148949.7625,25175.974999999977,-35287.72499999998,157506.4625,339.11249999998836,146319.7125,40117.97499999998,0.4125000000000001,-0.21250000000000002,-0.3375000000000057,-0.16249999999999964,-0.3125,-0.125,0.25,0.2250000000000001,0.6875,-0.2875000000000001,0.075,1.0999999999999943
-125315.4125,181937.98750000005,9494.800000000003,149594.7625,25289.974999999977,-35483.72499999998,156901.4625,203.11249999998836,146746.7125,39903.97499999998,-0.5874999999999999,-0.21250000000000002,-0.3375000000000057,-0.16249999999999964,0.6875,-1.125,0.25,0.2250000000000001,0.6875,-0.2875000000000001,0.075,0.09999999999999432
-124940.4125,181441.98750000005,9410.800000000003,149680.7625,25236.974999999977,-35242.72499999998,157187.4625,348.11249999998836,146773.7125,39933.97499999998,0.4125000000000001,0.7875,0.6624999999999943,-0.16249999999999964,-0.3125,-0.125,-0.75,0.2250000000000001,-0.3125,0.7124999999999999,0.075,0.09999999999999432
-124479.4125,181221.98750000005,9362.800000000003,148739.7625,25130.974999999977,-35147.72499999998,157673.4625,298.11249999998836,146576.7125,40227.97499999998,0.4125000000000001,0.7875,-0.3375000000000057,-0.16249999999999964,-0.3125,-0.125,0.25,-0.7749999999999999,-0.3125,-0.2875000000000001,1.075,0.09999999999999432
-124414.4125,181623.98750000005,9229.800000000003,148675.7625,25076.974999999977,-35091.72499999998,157882.4625,385.11249999998836,146196.7125,40875.97499999998,0.4125000000000001,-0.21250000000000002,-0.3375000000000057,0.8375000000000004,0.6875,0.875,0.25,-0.7749999999999999,0.6875,-0.2875000000000001,1.075,0.09999999999999432
-124182.4125,182326.98750000005,9389.800000000003,148469.7625,25246.974999999977,-34934.72499999998,158249.4625,389.11249999998836,145796.7125,41280.97499999998,0.4125000000000001,0.7875,0.6624999999999943,-0.16249999999999964,-0.3125,0.875,0.25,0.2250000000000001,-0.3125,-0.2875000000000001,0.075,0.09999999999999432
-123791.4125,182706.98750000005,9571.800000000003,148079.7625,25009.974999999977,-34922.72499999998,158779.4625,382.11249999998836,145236.7125,41876.97499999998,0.4125000000000001,-0.21250000000000002,-0.3375000000000057,0.8375000000000004,-0.3125,-0.125,0.25,0.2250000000000001,-0.3125,0.7124999999999999,0.075,-0.9000000000000057
-123822.4125,182043.98750000005,9558.800000000003,148293.7625,25118.974999999977,-34822.72499999998,157947.4625,296.11249999998836,145628.7125,41288.97499999998,0.4125000000000001,-0.21250000000000002,0.6624999999999943,-0.16249999999999964,-0.3125,-0.125,0.25,0.2250000000000001,0.6875,-0.2875000000000001,0.075,-0.9000000000000057
-125039.4125,182270.98750000005,9480.800000000003,149522.7625,25199.974999999977,-35215.72499999998,156845.4625,507.11249999998836,146119.7125,40414.97499999998,0.4125000000000001,0.7875,-0.3375000000000057,-0.16249999999999964,-0.3125,-0.125,0.25,-0.7749999999999999,-0.3125,-0.2875000000000001,0.075,-0.9000000000000057
-125132.4125,182311.98750000005,9456.800000000003,149591.7625,25319.974999999977,-35196.72499999998,156940.4625,391.11249999998836,146417.7125,39961.97499999998,-0.5874999999999999,-0.21250000000000002,-0.3375000000000057,-0.16249999999999964,-0.3125,-0.125,0.25,0.2250000000000001,-0.3125,-0.2875000000000001,0.075,0.09999999999999432
-124982.4125,182096.98750000005,9479.800000000003,149185.7625,25013.974999999977,-35312.72499999998,157002.4625,373.11249999998836,145943.7125,39956.97499999998,0.4125000000000001,0.7875,-0.3375000000000057,-0.16249999999999964,0.6875,-1.125,-0.75,0.2250000000000001,-0.3125,0.7124999999999999,0.075,0.09999999999999432
-124578.4125,181946.98750000005,9591.800000000003,148546.7625,25149.974999999977,-35235.72499999998,157161.4625,423.11249999998836,145716.7125,41057.97499999998,-0.5874999999999999,-0.21250000000000002,-0.3375000000000057,-1.1624999999999996,-0.3125,0.875,0.25,0.2250000000000001,-0.3125,-0.2875000000000001,0.075,1.0999999999999943
-124182.4125,182252.98750000005,9506.800000000003,148428.7625,25176.974999999977,-35161.72499999998,157914.4625,445.11249999998836,145574.7125,41644.97499999998,-0.5874999999999999,-0.21250000000000002,0.6624999999999943,-0.16249999999999964,-0.3125,0.875,0.25,-0.7749999999999999,-0.3125,0.7124999999999999,0.075,0.09999999999999432
-123909.4125,182784.98750000005,9491.800000000003,148311.7625,25064.974999999977,-35241.72499999998,158743.4625,486.11249999998836,145270.7125,41995.97499999998,0.4125000000000001,-0.21250000000000002,0.6624999999999943,-0.16249999999999964,-0.3125,-0.125,0.25,0.2250000000000001,-0.3125,-0.2875000000000001,0.075,0.09999999999999432
-123515.4125,182825.98750000005,9582.800000000003,147774.7625,25060.974999999977,-35336.72499999998,158523.4625,312.11249999998836,145028.7125,42171.97499999998,0.4125000000000001,-0.21250000000000002,-0.3375000000000057,-0.16249999999999964,0.6875,-0.125,0.25,-0.7749999999999999,0.6875,-0.2875000000000001,0.075,0.09999999999999432
-123764.4125,182911.98750000005,9404.800000000003,148054.7625,25133.974999999977,-35334.72499999998,158743.4625,428.11249999998836,145162.7125,42046.97499999998,-0.5874999999999999,-0.21250000000000002,0.6624999999999943,-0.16249999999999964,-0.3125,-0.125,0.25,-0.7749999999999999,-0.3125,-0.2875000000000001,0.075,1.0999999999999943
-123921.4125,182587.98750000005,9333.800000000003,148435.7625,25032.974999999977,-35451.72499999998,159183.4625,444.11249999998836,145419.7125,41637.97499999998,-0.5874999999999999,-0.21250000000000002,-0.3375000000000057,-0.16249999999999964,-0.3125,-0.125,0.25,0.2250000000000001,-0.3125,-0.2875000000000001,0.075,0.09999999999999432
-123998.4125,182401.98750000005,9426.800000000003,148479.7625,25103.974999999977,-35602.72499999998,159005.4625,429.11249999998836,145480.7125,41240.97499999998,-0.5874999999999999,0.7875,-0.3375000000000057,-0.16249999999999964,-0.3125,-0.125,0.25,-0.7749999999999999,0.6875,-0.2875000000000001,0.075,-0.9000000000000057
-124142.4125,182110.98750000005,9453.800000000003,148561.7625,25164.974999999977,-35587.72499999998,158167.4625,415.11249999998836,145732.7125,40847.97499999998,-0.5874999999999999,0.7875,-0.3375000000000057,-0.16249999999999964,-0.3125,0.875,0.25,0.2250000000000001,-0.3125,0.7124999999999999,0.075,0.09999999999999432
-124352.4125,182060.98750000005,9400.800000000003,148683.7625,24999.974999999977,-35714.72499999998,157487.4625,525.1124999999884,146140.7125,40586.97499999998,0.4125000000000001,-0.21250000000000002,0.6624999999999943,-0.16249999999999964,-0.3125,-0.125,0.25,-0.7749999999999999,-0.3125,0.7124999999999999,-0.925,0.09999999999999432
-124377.4125,182281.98750000005,9421.800000000003,148665.7625,25135.974999999977,-35687.72499999998,157850.4625,441.11249999998836,145963.7125,40668.97499999998,0.4125000000000001,-0.21250000000000002,-0.3375000000000057,-0.16249999999999964,-0.3125,-0.125,0.25,0.2250000000000001,0.6875,0.7124999999999999,0.075,-0.9000000000000057
-124310.4125,182308.98750000005,9545.800000000003,148412.7625,25254.974999999977,-35398.72499999998,158147.4625,466.11249999998836,145701.7125,40955.97499999998,0.4125000000000001,-0.21250000000000002,-0.3375000000000057,0.8375000000000004,-0.3125,-0.125,0.25,0.2250000000000001,0.6875,-0.2875000000000001,0.075,1.0999999999999943
-124120.4125,182614.98750000005,9558.800000000003,148342.7625,25090.974999999977,-35327.72499999998,158599.4625,502.11249999998836,145602.7125,41390.97499999998,0.4125000000000001,-0.21250000000000002,0.6624999999999943,0.8375000000000004,-0.3125,0.875,0.25,0.2250000000000001,-0.3125,-0.2875000000000001,-0.925,0.09999999999999432
-123948.4125,182766.98750000005,9543.800000000003,148257.7625,25023.974999999977,-35139.72499999998,158676.4625,357.11249999998836,145608.7125,41445.97499999998,1.4125,-0.21250000000000002,-0.3375000000000057,0.8375000000000004,-0.3125,-1.125,0.25,-0.7749999999999999,0.6875,-0.2875000000000001,0.075,-0.9000000000000057
-124060.4125,182285.98750000005,9555.800000000003,148399.7625,24864.974999999977,-35285.72499999998,158246.4625,338.11249999998836,145782.7125,41100.97499999998,0.4125000000000001,0.7875,-0.3375000000000057,0.8375000000000004,0.6875,-1.125,0.25,0.2250000000000001,-0.3125,-0.2875000000000001,0.075,0.09999999999999432
-124272.4125,182083.98750000005,9499.800000000003,148757.7625,25148.974999999977,-35283.72499999998,157922.4625,360.11249999998836,146069.7125,40855.97499999998,0.4125000000000001,0.7875,0.6624999999999943,0.8375000000000004,0.6875,-0.125,0.25,0.2250000000000001,0.6875,-0.2875000000000001,0.075,-0.9000000000000057
-124560.4125,182466.98750000005,9489.800000000003,149011.7625,25188.974999999977,-35328.72499999998,157718.4625,370.11249999998836,146141.7125,40726.97499999998,-0.5874999999999999,0.7875,-0.3375000000000057,0.8375000000000004,-0.3125,-0.125,0.25,0.2250000000000001,-0.3125,-0.2875000000000001,0.075,0.09999999999999432
-124633.4125,182252.98750000005,9486.800000000003,148899.7625,25093.974999999977,-35547.72499999998,157688.4625,353.11249999998836,146367.7125,40686.97499999998,0.4125000000000001,-0.21250000000000002,0.6624999999999943,-0.16249999999999964,-0.3125,-0.125,0.25,0.2250000000000001,0.6875,-0.2875000000000001,0.075,-0.9000000000000057
-124469.4125,182519.98750000005,9528.800000000003,148624.7625,25087.974999999977,-35467.72499999998,157435.4625,391.11249999998836,146250.7125,40632.97499999998,0.4125000000000001,-0.21250000000000002,-0.3375000000000057,0.8375000000000004,-0.3125,-0.125,0.25,0.2250000000000001,-0.3125,-0.2875000000000001,0.075,0.09999999999999432
-124413.4125,182672.98750000005,9478.800000000003,148604.7625,25185.974999999977,-35392.72499999998,157792.4625,322.11249999998836,145974.7125,40708.97499999998,0.4125000000000001,0.7875,0.6624999999999943,-0.16249999999999964,0.6875,0.875,0.25,-0.7749999999999999,-0.3125,-0.2875000000000001,0.075,-0.9000000000000057
-123917.4125,182641.98750000005,9471.800000000003,148609.7625,25132.974999999977,-35358.72499999998,158163.4625,249.11249999998836,145781.7125,41207.97499999998,0.4125000000000001,0.7875,-0.3375000000000057,-0.16249999999999964,-0.3125,-0.125,0.25,0.2250000000000001,-0.3125,0.7124999999999999,0.075,0.09999999999999432
-123848.4125,182694.98750000005,9499.800000000003,148423.7625,25036.974999999977,-35306.72499999998,158710.4625,460.11249999998836,145751.7125,41279.97499999998,0.4125000000000001,0.7875,0.6624999999999943,-0.16249999999999964,0.6875,-0.125,0.25,-0.7749999999999999,-0.3125,-0.2875000000000001,0.075,-0.9000000000000057
-123874.4125,182617.98750000005,9531.800000000003,148353.7625,24948.974999999977,-35480.72499999998,158696.4625,394.11249999998836,145683.7125,41314.97499999998,-0.5874999999999999,0.7875,-1.3375000000000057,-0.16249999999999964,-0.3125,-0.125,0.25,0.2250000000000001,-0.3125,-0.2875000000000001,0.075,0.09999999999999432
-123747.4125,182739.98750000005,9607.800000000003,148239.7625,25132.974999999977,-35673.72499999998,157822.4625,407.11249999998836,145821.7125,41242.97499999998,-0.5874999999999999,-0.21250000000000002,-0.3375000000000057,-1.1624999999999996,-0.3125,-0.125,0.25,0.2250000000000001,-0.3125,-0.2875000000000001,-0.925,0.09999999999999432
-124203.4125,182502.98750000005,9613.800000000003,148650.7625,25329.974999999977,-35795.72499999998,158630.4625,431.11249999998836,145852.7125,41063.97499999998,-0.5874999999999999,-0.21250000000000002,-0.3375000000000057,-0.16249999999999964,-0.3125,-0.125,0.25,0.2250000000000001,-0.3125,-0.2875000000000001,0.075,-0.9000000000000057
-123906.4125,182587.98750000005,9578.800000000003,148416.7625,25260.974999999977,-35784.72499999998,158375.4625,384.11249999998836,145763.7125,41053.97499999998,-0.5874999999999999,-0.21250000000000002,0.6624999999999943,-0.16249999999999964,-0.3125,-0.125,0.25,-0.7749999999999999,0.6875,0.7124999999999999,0.075,-0.9000000000000057
-123620.4125,182918.98750000005,9509.800000000003,148181.7625,25353.974999999977,-35606.72499999998,158617.4625,509.11249999998836,145728.7125,41196.97499999998,0.4125000000000001,-0.21250000000000002,-0.3375000000000057,-0.16249999999999964,-0.3125,-0.125,-0.75,-0.7749999999999999,-0.3125,-0.2875000000000001,0.075,0.09999999999999432
-123605.4125,182907.98750000005,9577.800000000003,148139.7625,25276.974999999977,-35554.72499999998,158457.4625,475.11249999998836,145762.7125,41432.97499999998,0.4125000000000001,0.7875,-0.3375000000000057,-0.16249999999999964,0.6875,0.875,-0.75,0.2250000000000001,-0.3125,-0.2875000000000001,0.075,0.09999999999999432
-123649.4125,182858.98750000005,9421.800000000003,148232.7625,25141.974999999977,-35472.72499999998,158470.4625,315.11249999998836,145673.7125,41556.97499999998,0.4125000000000001,0.7875,-0.3375000000000057,-0.16249999999999964,-0.3125,-0.125,0.25,0.2250000000000001,0.6875,-0.2875000000000001,0.075,0.09999999999999432
-123912.4125,182800.98750000005,9660.800000000003,148418.7625,25173.974999999977,-35453.72499999998,157801.4625,410.11249999998836,146074.7125,40905.97499999998,0.4125000000000001,-0.21250000000000002,0.6624999999999943,0.8375000000000004,-0.3125,-0.125,0.25,0.2250000000000001,-0.3125,-0.2875000000000001,0.075,0.09999999999999432
-124115.4125,182615.98750000005,9573.800000000003,148487.7625,25038.974999999977,-35377.72499999998,157385.4625,380.11249999998836,146179.7125,40760.97499999998,1.4125,-0.21250000000000002,0.6624999999999943,0.8375000000000004,-0.3125,-0.125,-0.75,0.2250000000000001,-0.3125,0.7124999999999999,0.075,0.09999999999999432
-124173.4125,182247.98750000005,9577.800000000003,148766.7625,25160.974999999977,-35496.72499999998,157488.4625,309.11249999998836,146141.7125,40700.97499999998,0.4125000000000001,-0.21250000000000002,1.6624999999999943,0.8375000000000004,-0.3125,-0.125,-0.75,-0.7749999999999999,0.6875,-0.2875000000000001,0.075,-0.9000000000000057
-124349.4125,182412.98750000005,9532.800000000003,148825.7625,25221.974999999977,-35534.72499999998,157765.4625,173.11249999998836,146275.7125,40667.97499999998,0.4125000000000001,0.7875,-0.3375000000000057,-0.16249999999999964,0.6875,0.875,0.25,0.2250000000000001,0.6875,0.7124999999999999,-0.925,-1.9000000000000057
-124280.4125,182444.98750000005,9386.800000000003,148572.7625,25238.974999999977,-35394.72499999998,157967.4625,273.11249999998836,146189.7125,40769.97499999998,0.4125000000000001,0.7875,-0.3375000000000057,0.8375000000000004,0.6875,-0.125,0.25,0.2250000000000001,-0.3125,0.7124999999999999,0.075,0.09999999999999432
-124222.4125,182764.98750000005,9403.800000000003,148465.7625,25310.974999999977,-35406.72499999998,157696.4625,346.11249999998836,146051.7125,40944.97499999998,0.4125000000000001,0.7875,-0.3375000000000057,-0.16249999999999964,-0.3125,0.875,0.25,0.2250000000000001,-0.3125,0.7124999999999999,0.075,1.0999999999999943
-124071.4125,182858.98750000005,9471.800000000003,148480.7625,25175.974999999977,-35437.72499999998,157998.4625,268.11249999998836,146099.7125,40884.97499999998,0.4125000000000001,0.7875,-0.3375000000000057,-0.16249999999999964,-0.3125,-0.125,0.25,0.2250000000000001,-0.3125,-0.2875000000000001,0.075,-0.9000000000000057
-123947.4125,182696.98750000005,9444.800000000003,148398.7625,25123.974999999977,-35428.72499999998,157661.4625,390.11249999998836,146205.7125,41067.97499999998,0.4125000000000001,0.7875,-0.3375000000000057,-0.16249999999999964,-0.3125,-0.125,0.25,0.2250000000000001,-0.3125,-0.2875000000000001,0.075,0.09999999999999432
-123985.4125,182750.98750000005,9379.800000000003,148502.7625,25319.974999999977,-35500.72499999998,157622.4625,442.11249999998836,146300.7125,41121.97499999998,0.4125000000000001,0.7875,-0.3375000000000057,0.8375000000000004,-0.3125,-0.125,-0.75,0.2250000000000001,-1.3125,-0.2875000000000001,0.075,-0.9000000000000057
-123980.4125,182950.98750000005,9437.800000000003,148512.7625,25252.974999999977,-35531.72499999998,157856.4625,446.11249999998836,146003.7125,41047.97499999998,0.4125000000000001,-0.21250000000000002,-1.3375000000000057,-0.16249999999999964,0.6875,-0.125,-0.75,0.2250000000000001,0.6875,0.7124999999999999,0.075,0.09999999999999432
-123970.4125,182910.98750000005,9498.800000000003,148404.7625,25195.974999999977,-35579.72499999998,157827.4625,450.11249999998836,146051.7125,40847.97499999998,0.4125000000000001,-0.21250000000000002,0.6624999999999943,-0.16249999999999964,-0.3125,-0.125,0.25,0.2250000000000001,-0.3125,-0.2875000000000001,0.075,0.09999999999999432
-123943.4125,182805.98750000005,9511.800000000003,148438.7625,25129.974999999977,-35808.72499999998,157731.4625,209.11249999998836,146135.7125,40857.97499999998,-0.5874999999999999,-0.21250000000000002,-0.3375000000000057,-0.16249999999999964,-0.3125,-1.125,0.25,0.2250000000000001,-0.3125,-0.2875000000000001,0.075,0.09999999999999432
-123949.4125,182689.98750000005,9355.800000000003,148460.7625,25217.974999999977,-35708.72499999998,158247.4625,169.11249999998836,146135.7125,41029.97499999998,-0.5874999999999999,-0.21250000000000002,-0.3375000000000057,-0.16249999999999964,-0.3125,-1.125,0.25,0.2250000000000001,-0.3125,0.7124999999999999,0.075,-0.9000000000000057
-123927.4125,182781.98750000005,9471.800000000003,148355.7625,25399.974999999977,-35657.72499999998,158625.4625,265.11249999998836,146081.7125,41051.97499999998,0.4125000000000001,0.7875,-0.3375000000000057,-0.16249999999999964,-0.3125,0.875,0.25,0.2250000000000001,-0.3125,-0.2875000000000001,0.075,0.09999999999999432
-123693.4125,182693.98750000005,9468.800000000003,148337.7625,25286.974999999977,-35656.72499999998,158128.4625,240.11249999998836,145974.7125,41162.97499999998,-0.5874999999999999,-0.21250000000000002,0.6624999999999943,-0.16249999999999964,0.6875,0.875,0.25,0.2250000000000001,0.6875,0.7124999999999999,0.075,1.0999999999999943
-123641.4125,182625.98750000005,9461.800000000003,148269.7625,25106.974999999977,-35682.72499999998,157418.4625,326.11249999998836,145833.7125,41027.97499999998,0.4125000000000001,-0.21250000000000002,-1.3375000000000057,-0.16249999999999964,0.6875,-0.125,0.25,-0.7749999999999999,0.6875,-0.2875000000000001,0.075,0.09999999999999432
-123644.4125,182913.98750000005,9580.800000000003,148098.7625,25226.974999999977,-35687.72499999998,158213.4625,335.11249999998836,145775.7125,41141.97499999998,0.4125000000000001,0.7875,-0.3375000000000057,-0.16249999999999964,-0.3125,0.875,0.25,0.2250000000000001,-0.3125,-0.2875000000000001,0.075,0.09999999999999432
-123701.4125,182863.98750000005,9683.800000000003,148058.7625,25221.974999999977,-35707.72499999998,157881.4625,334.11249999998836,145851.7125,41444.97499999998,0.4125000000000001,0.7875,-0.3375000000000057,-1.1624999999999996,0.6875,-1.125,0.25,-0.7749999999999999,-0.3125,0.7124999999999999,0.075,0.09999999999999432
-123807.4125,182584.98750000005,9654.800000000003,148273.7625,25049.974999999977,-35722.72499999998,157820.4625,351.11249999998836,145795.7125,41307.97499999998,0.4125000000000001,0.7875,-0.3375000000000057,-0.16249999999999964,-0.3125,-1.125,0.25,-0.7749999999999999,-0.3125,-0.2875000000000001,0.075,0.09999999999999432
-123724.4125,182795.98750000005,9501.800000000003,148281.7625,25214.974999999977,-35811.72499999998,157916.4625,443.11249999998836,145948.7125,41117.97499999998,-0.5874999999999999,0.7875,-0.3375000000000057,-0.16249999999999964,-0.3125,-0.125,0.25,0.2250000000000001,0.6875,0.7124999999999999,-0.925,0.09999999999999432
-123857.4125,182668.98750000005,9476.800000000003,148213.7625,25188.974999999977,-35661.72499999998,158152.4625,408.11249999998836,146125.7125,41138.97499999998,-0.5874999999999999,0.7875,0.6624999999999943,-0.16249999999999964,0.6875,-0.125,0.25,-0.7749999999999999,-1.3125,0.7124999999999999,0.075,0.09999999999999432
-123907.4125,182788.98750000005,9558.800000000003,148336.7625,25349.974999999977,-35613.72499999998,157842.4625,299.11249999998836,146058.7125,41131.97499999998,-0.5874999999999999,-0.21250000000000002,0.6624999999999943,0.8375000000000004,-0.3125,-0.125,0.25,0.2250000000000001,0.6875,0.7124999999999999,0.075,0.09999999999999432
-123719.4125,182680.98750000005,9622.800000000003,148232.7625,25233.974999999977,-35638.72499999998,157778.4625,386.11249999998836,146076.7125,41122.97499999998,-0.5874999999999999,-0.21250000000000002,-0.3375000000000057,0.8375000000000004,0.6875,-0.125,0.25,0.2250000000000001,-0.3125,-0.2875000000000001,0.075,0.09999999999999432
-123750.4125,182631.98750000005,9493.800000000003,148242.7625,25102.974999999977,-35525.72499999998,158147.4625,412.11249999998836,146099.7125,41205.97499999998,0.4125000000000001,-0.21250000000000002,-0.3375000000000057,0.8375000000000004,-1.3125,-0.125,-0.75,0.2250000000000001,-0.3125,-0.2875000000000001,0.075,-0.9000000000000057
-124000.4125,182837.98750000005,9414.800000000003,148352.7625,25090.974999999977,-35566.72499999998,157650.4625,509.11249999998836,146190.7125,41123.97499999998,0.4125000000000001,0.7875,-0.3375000000000057,-0.16249999999999964,-0.3125,0.875,0.25,0.2250000000000001,0.6875,-0.2875000000000001,0.075,-0.9000000000000057
-123990.4125,183029.98750000005,9400.800000000003,148390.7625,25064.974999999977,-35640.72499999998,157739.4625,378.11249999998836,146155.7125,41161.97499999998,0.4125000000000001,-0.21250000000000002,0.6624999999999943,-0.16249999999999964,-0.3125,-0.125,0.25,0.2250000000000001,-0.3125,-0.2875000000000001,0.075,0.09999999999999432
-123932.4125,182872.98750000005,9470.800000000003,148473.7625,25147.974999999977,-35597.72499999998,157970.4625,397.11249999998836,146087.7125,41113.97499999998,-0.5874999999999999,0.7875,-0.3375000000000057,-0.16249999999999964,-0.3125,0.875,-0.75,0.2250000000000001,0.6875,0.7124999999999999,0.075,0.09999999999999432
-123875.4125,182592.98750000005,9454.800000000003,148415.7625,25081.974999999977,-35566.72499999998,157795.4625,342.11249999998836,146033.7125,41059.97499999998,0.4125000000000001,-0.21250000000000002,-0.3375000000000057,-0.16249999999999964,-0.3125,-0.125,0.25,0.2250000000000001,-0.3125,0.7124999999999999,0.075,0.09999999999999432
-123809.4125,182726.98750000005,9360.800000000003,148448.7625,24938.974999999977,-35553.72499999998,158010.4625,314.11249999998836,146150.7125,41088.97499999998,-0.5874999999999999,-0.21250000000000002,-0.3375000000000057,-0.16249999999999964,0.6875,-0.125,0.25,0.2250000000000001,-0.3125,0.7124999999999999,0.075,0.09999999999999432
-123949.4125,182762.98750000005,9274.800000000003,148448.7625,25121.974999999977,-35628.72499999998,157813.4625,401.11249999998836,146174.7125,40959.97499999998,1.4125,-0.21250000000000002,0.6624999999999943,0.8375000000000004,-0.3125,0.875,-0.75,0.2250000000000001,-0.3125,-0.2875000000000001,0.075,0.09999999999999432
-123946.4125,182627.98750000005,9437.800000000003,148386.7625,25230.974999999977,-35697.72499999998,157445.4625,348.11249999998836,146018.7125,40827.97499999998,0.4125000000000001,0.7875,0.6624999999999943,-0.16249999999999964,0.6875,-0.125,0.25,0.2250000000000001,-0.3125,0.7124999999999999,-0.925,-0.9000000000000057
-123930.4125,182749.98750000005,9585.800000000003,148329.7625,25249.974999999977,-35798.72499999998,157413.4625,225.11249999998836,146123.7125,40798.97499999998,-0.5874999999999999,0.7875,0.6624999999999943,-0.16249999999999964,0.6875,-0.125,0.25,0.2250000000000001,-0.3125,0.7124999999999999,0.075,0.09999999999999432
-123813.4125,182729.98750000005,9557.800000000003,148281.7625,25321.974999999977,-35754.72499999998,157783.4625,327.11249999998836,146175.7125,41140.97499999998,0.4125000000000001,-0.21250000000000002,-0.3375000000000057,-0.16249999999999964,0.6875,-0.125,0.25,0.2250000000000001,-0.3125,0.7124999999999999,0.075,-0.9000000000000057
-123712.4125,182637.98750000005,9404.800000000003,148294.7625,25251.974999999977,-35810.72499999998,157722.4625,284.11249999998836,146053.7125,41261.97499999998,0.4125000000000001,-0.21250000000000002,0.6624999999999943,-0.16249999999999964,-0.3125,-0.125,0.25,0.2250000000000001,-0.3125,0.7124999999999999,0.075,0.09999999999999432
-123710.4125,182589.98750000005,9489.800000000003,148212.7625,25249.974999999977,-35728.72499999998,157505.4625,421.11249999998836,145949.7125,41058.97499999998,-0.5874999999999999,0.7875,-0.3375000000000057,-0.16249999999999964,-0.3125,-0.125,-0.75,0.2250000000000001,0.6875,0.7124999999999999,0.075,0.09999999999999432
