FPI,SPI,AI,SFI,FFI,FPD,SPD,AD,SFD,FFD,API_X,API_Y,API_Z,APD_X,APD_Y,APD_Z,AFD_X,AFD_Y,AFD_Z,AFI_X,AFI_Y,AFI_Z
107468.2375,-185.91249999997672,-33462.375,64.39999999999418,-4601.224999999977,-4945.974999999977,1789.8999999999942,-4274.5625,130.8125,-63445.712499999994,0.6000000000000001,-0.275,2.387500000000003,0.4125000000000001,-0.3875000000000002,0.21250000000000568,0.375,0.012500000000000178,-0.2875000000000001,-0.1875,0.1375,-1.0250000000000057
107246.2375,-216.91249999997672,-33194.375,264.3999999999942,-4771.224999999977,-5042.974999999977,956.8999999999942,-4351.5625,206.8125,-63730.712499999994,-1.4,0.725,-0.6124999999999972,-0.5874999999999999,0.6124999999999998,-0.7874999999999943,-0.625,1.0125000000000002,0.7124999999999999,-0.1875,0.1375,-0.025000000000005684
107237.2375,-251.91249999997672,-33173.375,72.39999999999418,-4951.224999999977,-5087.974999999977,79.89999999999418,-4251.5625,-171.1875,-63783.712499999994,0.6000000000000001,-0.275,-0.6124999999999972,-0.5874999999999999,-0.3875000000000002,0.21250000000000568,0.375,0.012500000000000178,-0.2875000000000001,-0.1875,0.1375,-0.025000000000005684
107466.2375,-352.9124999999767,-33128.375,-76.60000000000582,-4948.224999999977,-5090.974999999977,-234.10000000000582,-4221.5625,-312.1875,-64020.712499999994,-0.3999999999999999,0.725,0.38750000000000284,0.4125000000000001,0.6124999999999998,0.21250000000000568,0.375,0.012500000000000178,0.7124999999999999,-0.1875,0.1375,-0.025000000000005684
107297.2375,-92.91249999997672,-33171.375,219.39999999999418,-4588.224999999977,-4977.974999999977,31.89999999999418,-4311.5625,-247.1875,-63743.712499999994,0.6000000000000001,-0.275,0.38750000000000284,-0.5874999999999999,0.6124999999999998,0.21250000000000568,0.375,0.012500000000000178,-0.2875000000000001,-0.1875,-0.8625,-0.025000000000005684
107125.2375,-246.91249999997672,-33158.375,154.39999999999418,-4840.224999999977,-5107.974999999977,448.8999999999942,-4328.5625,-206.1875,-63940.712499999994,-0.3999999999999999,0.725,0.38750000000000284,0.4125000000000001,0.6124999999999998,0.21250000000000568,0.375,0.012500000000000178,-0.2875000000000001,-1.1875,1.1375,-0.025000000000005684
107305.2375,-14.912499999976717,-33037.375,146.39999999999418,-4782.224999999977,-4920.974999999977,-322.1000000000058,-4201.5625,-96.1875,-64094.712499999994,-1.4,-0.275,0.38750000000000284,1.4125,0.6124999999999998,0.21250000000000568,-0.625,0.012500000000000178,-0.2875000000000001,0.8125,0.1375,0.9749999999999943
107176.2375,-3.912499999976717,-33170.375,286.3999999999942,-4691.224999999977,-5102.974999999977,-438.1000000000058,-4229.5625,-84.1875,-63944.712499999994,-0.3999999999999999,-0.275,-0.6124999999999972,0.4125000000000001,-0.3875000000000002,0.21250000000000568,0.375,0.012500000000000178,-0.2875000000000001,-0.1875,0.1375,0.9749999999999943
107367.2375,-82.91249999997672,-33265.375,246.39999999999418,-5005.224999999977,-4972.974999999977,109.89999999999418,-4086.5625,-55.1875,-64066.712499999994,-0.3999999999999999,-0.275,-0.6124999999999972,0.4125000000000001,-0.3875000000000002,0.21250000000000568,0.375,0.012500000000000178,-0.2875000000000001,-0.1875,0.1375,-0.025000000000005684
107425.2375,-195.91249999997672,-33404.375,-26.60000000000582,-5226.224999999977,-4721.974999999977,146.89999999999418,-4190.5625,-82.1875,-64159.712499999994,0.6000000000000001,-0.275,-0.6124999999999972,0.4125000000000001,-0.3875000000000002,-0.7874999999999943,0.375,0.012500000000000178,-0.2875000000000001,-0.1875,0.1375,-0.025000000000005684
107308.2375,-301.9124999999767,-33220.375,-101.60000000000582,-5022.224999999977,-4857.974999999977,734.8999999999942,-4217.5625,4.8125,-63711.712499999994,-0.3999999999999999,-0.275,-0.6124999999999972,0.4125000000000001,0.6124999999999998,-0.7874999999999943,-0.625,0.012500000000000178,-0.2875000000000001,-0.1875,0.1375,-0.025000000000005684
107312.2375,-430.9124999999767,-32991.375,160.39999999999418,-4587.224999999977,-4960.974999999977,291.8999999999942,-4386.5625,-3.1875,-63704.712499999994,0.6000000000000001,-0.275,2.387500000000003,0.4125000000000001,-0.3875000000000002,0.21250000000000568,0.375,-0.9874999999999998,-0.2875000000000001,-0.1875,0.1375,-0.025000000000005684
107322.2375,-536.9124999999767,-32971.375,-105.60000000000582,-4858.224999999977,-4947.974999999977,359.8999999999942,-4187.5625,-53.1875,-63673.712499999994,0.6000000000000001,-1.275,0.38750000000000284,1.4125,-0.3875000000000002,1.2125000000000057,0.375,0.012500000000000178,0.7124999999999999,0.8125,0.1375,-1.0250000000000057
107229.2375,-310.9124999999767,-33268.375,148.39999999999418,-4744.224999999977,-5047.974999999977,266.8999999999942,-4294.5625,101.8125,-63568.712499999994,-0.3999999999999999,0.725,-1.6124999999999972,0.4125000000000001,-0.3875000000000002,0.21250000000000568,0.375,0.012500000000000178,-0.2875000000000001,-0.1875,0.1375,0.9749999999999943
107418.2375,-289.9124999999767,-33256.375,19.39999999999418,-4913.224999999977,-4886.974999999977,111.89999999999418,-4197.5625,206.8125,-63737.712499999994,0.6000000000000001,0.725,-0.6124999999999972,0.4125000000000001,0.6124999999999998,0.21250000000000568,0.375,0.012500000000000178,0.7124999999999999,-0.1875,0.1375,0.9749999999999943
107474.2375,-178.91249999997672,-33290.375,-137.60000000000582,-4931.224999999977,-4799.974999999977,317.8999999999942,-4156.5625,143.8125,-63526.712499999994,-0.3999999999999999,0.725,0.38750000000000284,1.4125,-0.3875000000000002,0.21250000000000568,0.375,0.012500000000000178,0.7124999999999999,0.8125,-0.8625,-2.0250000000000057
107318.2375,-266.9124999999767,-32751.375,43.39999999999418,-4808.224999999977,-4987.974999999977,-258.1000000000058,-4220.5625,337.8125,-63353.712499999994,0.6000000000000001,0.725,-0.6124999999999972,0.4125000000000001,-0.3875000000000002,-0.7874999999999943,0.375,0.012500000000000178,-0.2875000000000001,0.8125,0.1375,-0.025000000000005684
107159.2375,-173.91249999997672,-32709.375,118.39999999999418,-4912.224999999977,-5005.974999999977,933.8999999999942,-4269.5625,258.8125,-63347.712499999994,-0.3999999999999999,-0.275,1.3875000000000028,0.4125000000000001,0.6124999999999998,-1.7874999999999943,-0.625,0.012500000000000178,-0.2875000000000001,-0.1875,0.1375,-0.025000000000005684
107435.2375,-543.9124999999767,-33010.375,200.39999999999418,-4987.224999999977,-4745.974999999977,847.8999999999942,-4423.5625,166.8125,-63552.712499999994,-0.3999999999999999,-0.275,0.38750000000000284,0.4125000000000001,0.6124999999999998,0.21250000000000568,0.375,0.012500000000000178,0.7124999999999999,-0.1875,0.1375,-0.025000000000005684
107593.2375,-624.9124999999767,-33156.375,251.39999999999418,-4919.224999999977,-4661.974999999977,656.8999999999942,-4437.5625,153.8125,-63735.712499999994,0.6000000000000001,-0.275,0.38750000000000284,0.4125000000000001,0.6124999999999998,0.21250000000000568,-0.625,0.012500000000000178,0.7124999999999999,-0.1875,0.1375,-1.0250000000000057
107282.2375,-460.9124999999767,-33447.375,52.39999999999418,-4729.224999999977,-4857.974999999977,-192.10000000000582,-4429.5625,52.8125,-63783.712499999994,-0.3999999999999999,0.725,-0.6124999999999972,0.4125000000000001,-0.3875000000000002,1.2125000000000057,0.375,0.012500000000000178,-0.2875000000000001,-0.1875,0.1375,0.9749999999999943
107267.2375,-487.9124999999767,-33317.375,196.39999999999418,-4748.224999999977,-5002.974999999977,-233.10000000000582,-4218.5625,-121.1875,-63737.712499999994,-0.3999999999999999,0.725,-0.6124999999999972,0.4125000000000001,-0.3875000000000002,0.21250000000000568,0.375,0.012500000000000178,0.7124999999999999,-0.1875,0.1375,-0.025000000000005684
107265.2375,-177.91249999997672,-33186.375,175.39999999999418,-4875.224999999977,-5071.974999999977,173.89999999999418,-4213.5625,-132.1875,-64043.712499999994,-0.3999999999999999,-0.275,-0.6124999999999972,0.4125000000000001,-0.3875000000000002,-0.7874999999999943,0.375,0.012500000000000178,-0.2875000000000001,-0.1875,0.1375,-1.0250000000000057
107239.2375,-337.9124999999767,-33174.375,28.39999999999418,-4853.224999999977,-4984.974999999977,760.8999999999942,-4260.5625,-116.1875,-63787.712499999994,-0.3999999999999999,-0.275,1.3875000000000028,-0.5874999999999999,0.6124999999999998,-0.7874999999999943,0.375,0.012500000000000178,-0.2875000000000001,-0.1875,-0.8625,-1.0250000000000057
107325.2375,-310.9124999999767,-33151.375,44.39999999999418,-4915.224999999977,-5130.974999999977,790.8999999999942,-4420.5625,-138.1875,-63986.712499999994,0.6000000000000001,-0.275,1.3875000000000028,-0.5874999999999999,-0.3875000000000002,1.2125000000000057,0.375,0.012500000000000178,0.7124999999999999,-0.1875,0.1375,-1.0250000000000057
107264.2375,57.08750000002328,-33151.375,190.39999999999418,-5000.224999999977,-5136.974999999977,724.8999999999942,-4374.5625,-218.1875,-64129.712499999994,-0.3999999999999999,-0.275,-0.6124999999999972,0.4125000000000001,0.6124999999999998,-0.7874999999999943,0.375,0.012500000000000178,0.7124999999999999,-0.1875,0.1375,-0.025000000000005684
107174.2375,-169.91249999997672,-33186.375,203.39999999999418,-5124.224999999977,-4893.974999999977,466.8999999999942,-4306.5625,-231.1875,-63935.712499999994,-0.3999999999999999,-0.275,-0.6124999999999972,0.4125000000000001,0.6124999999999998,1.2125000000000057,0.375,0.012500000000000178,-0.2875000000000001,-0.1875,0.1375,-0.025000000000005684
107222.2375,-148.91249999997672,-33130.375,73.39999999999418,-4875.224999999977,-4856.974999999977,-24.10000000000582,-4349.5625,-246.1875,-63532.712499999994,-0.3999999999999999,0.725,-0.6124999999999972,0.4125000000000001,0.6124999999999998,0.21250000000000568,-0.625,-0.9874999999999998,-0.2875000000000001,-0.1875,0.1375,0.9749999999999943
107262.2375,-170.91249999997672,-33158.375,14.39999999999418,-4828.224999999977,-4779.974999999977,514.8999999999942,-4327.5625,-268.1875,-63857.712499999994,-0.3999999999999999,-0.275,-1.6124999999999972,1.4125,0.6124999999999998,0.21250000000000568,-0.625,0.012500000000000178,0.7124999999999999,-0.1875,0.1375,0.9749999999999943
107454.2375,-170.91249999997672,-33170.375,60.39999999999418,-4799.224999999977,-4753.974999999977,572.8999999999942,-4431.5625,-230.1875,-63967.712499999994,0.6000000000000001,0.725,1.3875000000000028,-0.5874999999999999,-0.3875000000000002,0.21250000000000568,0.375,0.012500000000000178,-0.2875000000000001,-0.1875,0.1375,-0.025000000000005684
107449.2375,47.08750000002328,-33027.375,-59.60000000000582,-4951.224999999977,-4786.974999999977,254.89999999999418,-4360.5625,-343.1875,-64055.712499999994,-0.3999999999999999,-0.275,1.3875000000000028,-0.5874999999999999,0.6124999999999998,0.21250000000000568,0.375,0.012500000000000178,-0.2875000000000001,-1.1875,0.1375,-0.025000000000005684
107423.2375,14.087500000023283,-33075.375,-217.60000000000582,-4846.224999999977,-4918.974999999977,15.89999999999418,-4152.5625,-339.1875,-64010.712499999994,0.6000000000000001,-0.275,0.38750000000000284,0.4125000000000001,-0.3875000000000002,-0.7874999999999943,0.375,0.012500000000000178,-0.2875000000000001,-0.1875,0.1375,-0.025000000000005684
107362.2375,222.08750000002328,-33113.375,-299.6000000000058,-4888.224999999977,-4832.974999999977,156.89999999999418,-4228.5625,-249.1875,-63880.712499999994,-0.3999999999999999,-0.275,0.38750000000000284,1.4125,-0.3875000000000002,-0.7874999999999943,-0.625,0.012500000000000178,0.7124999999999999,-0.1875,0.1375,0.9749999999999943
107434.2375,-26.912499999976717,-33183.375,-185.60000000000582,-4903.224999999977,-4857.974999999977,-171.10000000000582,-4424.5625,-56.1875,-63624.712499999994,0.6000000000000001,-0.275,-0.6124999999999972,0.4125000000000001,0.6124999999999998,0.21250000000000568,0.375,0.012500000000000178,-0.2875000000000001,-0.1875,0.1375,0.9749999999999943
107243.2375,-53.91249999997672,-33215.375,-189.60000000000582,-4758.224999999977,-4866.974999999977,-259.1000000000058,-4309.5625,-80.1875,-63617.712499999994,-0.3999999999999999,0.725,-0.6124999999999972,0.4125000000000001,0.6124999999999998,0.21250000000000568,0.375,0.012500000000000178,0.7124999999999999,-0.1875,0.1375,0.9749999999999943
107150.2375,-75.91249999997672,-33120.375,-349.6000000000058,-4956.224999999977,-4829.974999999977,534.8999999999942,-4444.5625,-377.1875,-63776.712499999994,0.6000000000000001,-0.275,0.38750000000000284,0.4125000000000001,0.6124999999999998,1.2125000000000057,0.375,0.012500000000000178,0.7124999999999999,-0.1875,0.1375,-0.025000000000005684
107308.2375,-271.9124999999767,-33142.375,-478.6000000000058,-4888.224999999977,-4633.974999999977,961.8999999999942,-4209.5625,-382.1875,-63951.712499999994,0.6000000000000001,-1.275,0.38750000000000284,0.4125000000000001,-0.3875000000000002,1.2125000000000057,0.375,0.012500000000000178,-0.2875000000000001,0.8125,0.1375,-1.0250000000000057
107320.2375,-202.91249999997672,-33152.375,-400.6000000000058,-4846.224999999977,-4732.974999999977,612.8999999999942,-4294.5625,-324.1875,-63983.712499999994,0.6000000000000001,-0.275,-0.6124999999999972,0.4125000000000001,-0.3875000000000002,0.21250000000000568,0.375,0.012500000000000178,-0.2875000000000001,0.8125,0.1375,-1.0250000000000057
107402.2375,98.08750000002328,-33083.375,-435.6000000000058,-5016.224999999977,-4604.974999999977,349.8999999999942,-4480.5625,-242.1875,-63619.712499999994,-0.3999999999999999,0.725,1.3875000000000028,1.4125,-0.3875000000000002,-0.7874999999999943,-0.625,0.012500000000000178,-0.2875000000000001,0.8125,0.1375,-0.025000000000005684
107472.2375,-350.9124999999767,-33080.375,-445.6000000000058,-5025.224999999977,-4696.974999999977,683.8999999999942,-4296.5625,-153.1875,-63570.712499999994,0.6000000000000001,-0.275,0.38750000000000284,1.4125,-0.3875000000000002,-0.7874999999999943,0.375,-0.9874999999999998,-0.2875000000000001,0.8125,0.1375,-0.025000000000005684
107325.2375,-326.9124999999767,-33178.375,-465.6000000000058,-4892.224999999977,-4620.974999999977,-631.1000000000058,-4277.5625,-364.1875,-63727.712499999994,0.6000000000000001,-0.275,0.38750000000000284,0.4125000000000001,0.6124999999999998,0.21250000000000568,-0.625,1.0125000000000002,0.7124999999999999,-0.1875,0.1375,-0.025000000000005684
107339.2375,-330.9124999999767,-33167.375,-367.6000000000058,-4825.224999999977,-4584.974999999977,-279.1000000000058,-4199.5625,-148.1875,-63683.712499999994,-0.3999999999999999,0.725,-0.6124999999999972,0.4125000000000001,-0.3875000000000002,0.21250000000000568,0.375,-0.9874999999999998,0.7124999999999999,0.8125,0.1375,0.9749999999999943
107306.2375,-308.9124999999767,-33175.375,-130.60000000000582,-4868.224999999977,-4588.974999999977,43.89999999999418,-4427.5625,4.8125,-63803.712499999994,0.6000000000000001,-0.275,0.38750000000000284,1.4125,0.6124999999999998,0.21250000000000568,-0.625,0.012500000000000178,-0.2875000000000001,-0.1875,-0.8625,-0.025000000000005684
107555.2375,-896.9124999999767,-33008.375,-68.60000000000582,-5136.224999999977,-4941.974999999977,-229.10000000000582,-4490.5625,-224.1875,-63743.712499999994,-0.3999999999999999,-0.275,0.38750000000000284,0.4125000000000001,-0.3875000000000002,0.21250000000000568,0.375,0.012500000000000178,-0.2875000000000001,-0.1875,0.1375,-1.0250000000000057
107554.2375,-241.91249999997672,-33124.375,-168.60000000000582,-5101.224999999977,-4721.974999999977,151.89999999999418,-4050.5625,33.8125,-63747.712499999994,-0.3999999999999999,-1.275,0.38750000000000284,-0.5874999999999999,-0.3875000000000002,0.21250000000000568,-0.625,0.012500000000000178,-0.2875000000000001,-0.1875,1.1375,0.9749999999999943
107435.2375,-165.91249999997672,-33210.375,-186.60000000000582,-4826.224999999977,-4844.974999999977,389.8999999999942,-4181.5625,337.8125,-63700.712499999994,0.6000000000000001,-0.275,-0.6124999999999972,0.4125000000000001,-0.3875000000000002,-0.7874999999999943,0.375,0.012500000000000178,-0.2875000000000001,-0.1875,0.1375,-0.025000000000005684
107400.2375,-290.9124999999767,-33210.375,-178.60000000000582,-4736.224999999977,-4953.974999999977,129.89999999999418,-4361.5625,352.8125,-63733.712499999994,-0.3999999999999999,-0.275,0.38750000000000284,0.4125000000000001,0.6124999999999998,-0.7874999999999943,-0.625,0.012500000000000178,-0.2875000000000001,-0.1875,0.1375,-0.025000000000005684
107378.2375,-424.9124999999767,-33062.375,-198.60000000000582,-4851.224999999977,-4991.974999999977,-174.10000000000582,-4331.5625,276.8125,-63820.712499999994,0.6000000000000001,-0.275,0.38750000000000284,0.4125000000000001,0.6124999999999998,0.21250000000000568,0.375,-0.9874999999999998,-0.2875000000000001,-0.1875,-0.8625,-0.025000000000005684
107455.2375,-396.9124999999767,-33159.375,-29.60000000000582,-4871.224999999977,-4846.974999999977,-0.10000000000582077,-4099.5625,367.8125,-64079.712499999994,0.6000000000000001,-0.275,0.38750000000000284,0.4125000000000001,0.6124999999999998,1.2125000000000057,-0.625,0.012500000000000178,0.7124999999999999,-0.1875,-0.8625,-0.025000000000005684
107587.2375,-433.9124999999767,-33225.375,58.39999999999418,-4924.224999999977,-4883.974999999977,18.89999999999418,-4194.5625,287.8125,-63853.712499999994,-0.3999999999999999,-0.275,0.38750000000000284,-0.5874999999999999,0.6124999999999998,0.21250000000000568,0.375,0.012500000000000178,0.7124999999999999,-0.1875,0.1375,0.9749999999999943
107386.2375,-439.9124999999767,-33213.375,-102.60000000000582,-4772.224999999977,-4895.974999999977,105.89999999999418,-4192.5625,191.8125,-63744.712499999994,-0.3999999999999999,-0.275,-0.6124999999999972,0.4125000000000001,0.6124999999999998,0.21250000000000568,0.375,0.012500000000000178,-0.2875000000000001,0.8125,0.1375,1.9749999999999943
107257.2375,-634.9124999999767,-33171.375,-230.60000000000582,-4859.224999999977,-5020.974999999977,430.8999999999942,-4283.5625,-110.1875,-63914.712499999994,0.6000000000000001,-0.275,0.38750000000000284,0.4125000000000001,-0.3875000000000002,0.21250000000000568,0.375,0.012500000000000178,0.7124999999999999,-0.1875,1.1375,0.9749999999999943
107177.2375,-513.9124999999767,-32895.375,39.39999999999418,-5068.224999999977,-5037.974999999977,-492.1000000000058,-4320.5625,2.8125,-63401.712499999994,-0.3999999999999999,0.725,-1.6124999999999972,0.4125000000000001,0.6124999999999998,0.21250000000000568,0.375,-0.9874999999999998,-0.2875000000000001,-0.1875,0.1375,-0.025000000000005684
107039.2375,-294.9124999999767,-33063.375,59.39999999999418,-5121.224999999977,-4679.974999999977,-56.10000000000582,-4251.5625,-113.1875,-63775.712499999994,0.6000000000000001,-0.275,-0.6124999999999972,0.4125000000000001,-0.3875000000000002,-0.7874999999999943,0.375,0.012500000000000178,-0.2875000000000001,-0.1875,0.1375,-0.025000000000005684
107449.2375,-237.91249999997672,-32979.375,-109.60000000000582,-4781.224999999977,-5003.974999999977,-184.10000000000582,-4485.5625,-653.1875,-63832.712499999994,0.6000000000000001,-0.275,0.38750000000000284,0.4125000000000001,-0.3875000000000002,1.2125000000000057,0.375,0.012500000000000178,0.7124999999999999,-0.1875,0.1375,-0.025000000000005684
107381.2375,-26.912499999976717,-33071.375,-119.60000000000582,-4796.224999999977,-4780.974999999977,-595.1000000000058,-4387.5625,-495.1875,-63831.712499999994,0.6000000000000001,-0.275,-0.6124999999999972,0.4125000000000001,0.6124999999999998,0.21250000000000568,0.375,0.012500000000000178,0.7124999999999999,-0.1875,0.1375,-1.0250000000000057
107400.2375,-233.91249999997672,-33210.375,-126.60000000000582,-5034.224999999977,-4919.974999999977,-564.1000000000058,-4244.5625,-525.1875,-63796.712499999994,0.6000000000000001,-0.275,0.38750000000000284,0.4125000000000001,0.6124999999999998,0.21250000000000568,0.375,0.012500000000000178,0.7124999999999999,-0.1875,0.1375,-0.025000000000005684
107473.2375,-258.9124999999767,-33140.375,-177.60000000000582,-4849.224999999977,-4657.974999999977,-351.1000000000058,-4282.5625,-557.1875,-63828.712499999994,0.6000000000000001,0.725,0.38750000000000284,1.4125,-0.3875000000000002,0.21250000000000568,0.375,-0.9874999999999998,-0.2875000000000001,0.8125,0.1375,-0.025000000000005684
107424.2375,-261.9124999999767,-33159.375,-324.6000000000058,-4784.224999999977,-4477.974999999977,-485.1000000000058,-4334.5625,-606.1875,-63992.712499999994,0.6000000000000001,-0.275,-0.6124999999999972,0.4125000000000001,-0.3875000000000002,0.21250000000000568,0.375,0.012500000000000178,-0.2875000000000001,0.8125,0.1375,-0.025000000000005684
107404.2375,-434.9124999999767,-33168.375,-370.6000000000058,-4863.224999999977,-4664.974999999977,-151.10000000000582,-4197.5625,-567.1875,-63983.712499999994,0.6000000000000001,-0.275,0.38750000000000284,0.4125000000000001,-0.3875000000000002,-1.7874999999999943,-0.625,-0.9874999999999998,0.7124999999999999,0.8125,0.1375,0.9749999999999943
107377.2375,-476.9124999999767,-33073.375,-206.60000000000582,-4981.224999999977,-4739.974999999977,832.8999999999942,-4352.5625,-463.1875,-63931.712499999994,0.6000000000000001,-0.275,0.38750000000000284,0.4125000000000001,-0.3875000000000002,-1.7874999999999943,-0.625,0.012500000000000178,-0.2875000000000001,-0.1875,0.1375,-0.025000000000005684
107391.2375,-209.91249999997672,-33008.375,-322.6000000000058,-4912.224999999977,-4740.974999999977,730.8999999999942,-4219.5625,-458.1875,-63759.712499999994,-0.3999999999999999,-0.275,1.3875000000000028,1.4125,-0.3875000000000002,-0.7874999999999943,0.375,0.012500000000000178,-0.2875000000000001,-0.1875,0.1375,0.9749999999999943
107310.2375,-309.9124999999767,-33151.375,-588.6000000000058,-4863.224999999977,-4746.974999999977,425.8999999999942,-4194.5625,-500.1875,-63817.712499999994,-0.3999999999999999,-0.275,0.38750000000000284,0.4125000000000001,0.6124999999999998,0.21250000000000568,-0.625,0.012500000000000178,-0.2875000000000001,-0.1875,-0.8625,0.9749999999999943
107304.2375,-391.9124999999767,-33321.375,-434.6000000000058,-4743.224999999977,-4856.974999999977,434.8999999999942,-4366.5625,-288.1875,-63601.712499999994,-0.3999999999999999,-0.275,-0.6124999999999972,0.4125000000000001,-0.3875000000000002,0.21250000000000568,0.375,-0.9874999999999998,1.7125,-0.1875,0.1375,-1.0250000000000057
107329.2375,277.0875000000233,-33104.375,-472.6000000000058,-4892.224999999977,-4899.974999999977,750.8999999999942,-4329.5625,-469.1875,-64133.712499999994,-0.3999999999999999,0.725,0.38750000000000284,0.4125000000000001,-0.3875000000000002,-0.7874999999999943,-0.625,0.012500000000000178,-0.2875000000000001,-0.1875,-0.8625,0.9749999999999943
107402.2375,137.08750000002328,-33195.375,-470.6000000000058,-4909.224999999977,-4995.974999999977,154.89999999999418,-4196.5625,-514.1875,-63885.712499999994,-0.3999999999999999,0.725,-0.6124999999999972,0.4125000000000001,0.6124999999999998,-0.7874999999999943,-0.625,1.0125000000000002,0.7124999999999999,-0.1875,-0.8625,-0.025000000000005684
107381.2375,23.087500000023283,-33170.375,-475.6000000000058,-4839.224999999977,-4923.974999999977,569.8999999999942,-4316.5625,-640.1875,-63866.712499999994,-0.3999999999999999,-1.275,1.3875000000000028,0.4125000000000001,-0.3875000000000002,-0.7874999999999943,-0.625,0.012500000000000178,-0.2875000000000001,-1.1875,0.1375,-0.025000000000005684
107483.2375,-276.9124999999767,-33113.375,-369.6000000000058,-4783.224999999977,-4948.974999999977,1114.8999999999942,-4233.5625,-621.1875,-64013.712499999994,-0.3999999999999999,-0.275,-0.6124999999999972,0.4125000000000001,-0.3875000000000002,-0.7874999999999943,0.375,0.012500000000000178,-0.2875000000000001,-0.1875,0.1375,-1.0250000000000057
107556.2375,-527.9124999999767,-33077.375,-553.6000000000058,-4968.224999999977,-5238.974999999977,285.8999999999942,-4202.5625,-676.1875,-64351.712499999994,1.6,1.725,5.387500000000003,-0.5874999999999999,2.6125,-1.7874999999999943,0.375,1.0125000000000002,-0.2875000000000001,-0.1875,2.1375,3.9749999999999943
106954.2375,-44.91249999997672,-33113.375,-506.6000000000058,-6258.224999999977,-5490.974999999977,-440.1000000000058,-4222.5625,-798.1875,-66116.7125,1.6,-1.275,-5.612499999999997,1.4125,-1.3875000000000002,-2.7874999999999943,0.375,-0.9874999999999998,0.7124999999999999,-0.1875,-1.8625,2.9749999999999943
106249.2375,481.0875000000233,-32516.375,-165.60000000000582,-6621.224999999977,-5705.974999999977,854.8999999999942,-4263.5625,-446.1875,-65060.712499999994,-0.3999999999999999,-0.275,-0.6124999999999972,-0.5874999999999999,0.6124999999999998,-4.787499999999994,0.375,0.012500000000000178,-0.2875000000000001,-1.1875,1.1375,-1.0250000000000057
106846.2375,-317.9124999999767,-32620.375,206.39999999999418,-6531.224999999977,-5193.974999999977,804.8999999999942,-4494.5625,-632.1875,-64731.712499999994,1.6,-2.275,1.3875000000000028,-0.5874999999999999,-0.3875000000000002,-0.7874999999999943,0.375,-0.9874999999999998,0.7124999999999999,-1.1875,0.1375,-0.025000000000005684
107149.2375,-377.9124999999767,-32781.375,-248.60000000000582,-6308.224999999977,-4855.974999999977,-239.10000000000582,-3994.5625,-1243.1875,-64905.712499999994,-0.3999999999999999,-0.275,-0.6124999999999972,0.4125000000000001,-0.3875000000000002,-0.7874999999999943,0.375,0.012500000000000178,0.7124999999999999,-0.1875,0.1375,-0.025000000000005684
107197.2375,-202.91249999997672,-33166.375,67.39999999999418,-5907.224999999977,-4888.974999999977,-471.1000000000058,-4056.5625,-450.1875,-64210.712499999994,0.6000000000000001,1.725,0.38750000000000284,-0.5874999999999999,0.6124999999999998,-0.7874999999999943,0.375,0.012500000000000178,0.7124999999999999,-0.1875,0.1375,-3.0250000000000057
107357.2375,215.08750000002328,-33175.375,59.39999999999418,-5595.224999999977,-4800.974999999977,486.8999999999942,-4118.5625,-528.1875,-63625.712499999994,1.6,-0.275,-2.612499999999997,-0.5874999999999999,-0.3875000000000002,-1.7874999999999943,-0.625,0.012500000000000178,-0.2875000000000001,-0.1875,0.1375,-1.0250000000000057
107661.2375,-306.9124999999767,-33563.375,-264.6000000000058,-5635.224999999977,-4751.974999999977,853.8999999999942,-4384.5625,-702.1875,-63776.712499999994,0.6000000000000001,-1.275,-0.6124999999999972,0.4125000000000001,0.6124999999999998,-0.7874999999999943,-0.625,1.0125000000000002,0.7124999999999999,0.8125,0.1375,0.9749999999999943
107357.2375,-602.9124999999767,-33567.375,-116.60000000000582,-5684.224999999977,-4947.974999999977,542.8999999999942,-4404.5625,-471.1875,-63981.712499999994,-0.3999999999999999,1.725,1.3875000000000028,0.4125000000000001,-1.3875000000000002,0.21250000000000568,0.375,0.012500000000000178,0.7124999999999999,-0.1875,0.1375,-0.025000000000005684
107595.2375,-627.9124999999767,-34210.375,-0.6000000000058208,-6266.224999999977,-5354.974999999977,-400.1000000000058,-4476.5625,-455.1875,-64477.712499999994,-0.3999999999999999,-2.275,1.3875000000000028,1.4125,-1.3875000000000002,0.21250000000000568,0.375,0.012500000000000178,0.7124999999999999,-0.1875,-0.8625,-0.025000000000005684
107305.2375,-211.91249999997672,-34018.375,109.39999999999418,-6020.224999999977,-5632.974999999977,648.8999999999942,-4477.5625,-562.1875,-64811.712499999994,-0.3999999999999999,-0.275,1.3875000000000028,0.4125000000000001,-1.3875000000000002,0.21250000000000568,0.375,0.012500000000000178,0.7124999999999999,-0.1875,-0.8625,-1.0250000000000057
107197.2375,-264.9124999999767,-34042.375,29.39999999999418,-5990.224999999977,-5402.974999999977,859.8999999999942,-4421.5625,-319.1875,-64654.712499999994,1.6,-1.275,-2.612499999999997,0.4125000000000001,-1.3875000000000002,-0.7874999999999943,0.375,0.012500000000000178,0.7124999999999999,-0.1875,-0.8625,0.9749999999999943
107561.2375,-601.9124999999767,-34164.375,-120.60000000000582,-5896.224999999977,-5411.974999999977,355.8999999999942,-4273.5625,-199.1875,-64241.712499999994,-0.3999999999999999,-0.275,0.38750000000000284,1.4125,-0.3875000000000002,0.21250000000000568,0.375,-0.9874999999999998,0.7124999999999999,-0.1875,0.1375,-0.025000000000005684
107471.2375,-617.9124999999767,-34138.375,41.39999999999418,-6273.224999999977,-5420.974999999977,35.89999999999418,-4430.5625,-380.1875,-64067.712499999994,0.6000000000000001,0.725,-0.6124999999999972,0.4125000000000001,-0.3875000000000002,0.21250000000000568,0.375,0.012500000000000178,-0.2875000000000001,0.8125,0.1375,-0.025000000000005684
107462.2375,-840.9124999999767,-33854.375,-204.60000000000582,-6553.224999999977,-5155.974999999977,-1589.1000000000058,-4278.5625,-317.1875,-64287.712499999994,0.6000000000000001,-0.275,-0.6124999999999972,-0.5874999999999999,-0.3875000000000002,1.2125000000000057,-0.625,0.012500000000000178,-0.2875000000000001,-0.1875,-0.8625,-0.025000000000005684
107245.2375,-558.9124999999767,-33590.375,-210.60000000000582,-6727.224999999977,-4958.974999999977,-716.1000000000058,-4253.5625,-204.1875,-64344.712499999994,0.6000000000000001,-0.275,3.387500000000003,2.4125,0.6124999999999998,3.2125000000000057,0.375,0.012500000000000178,-0.2875000000000001,-0.1875,0.1375,0.9749999999999943
107031.2375,-280.9124999999767,-33385.375,-19.60000000000582,-6850.224999999977,-5176.974999999977,199.89999999999418,-4251.5625,288.8125,-64437.712499999994,1.6,-1.275,-3.612499999999997,0.4125000000000001,1.6124999999999998,-2.7874999999999943,0.375,0.012500000000000178,-1.2875,2.8125,1.1375,-2.0250000000000057
106788.2375,-698.9124999999767,-33149.375,-338.6000000000058,-7353.224999999977,-4907.974999999977,762.8999999999942,-4254.5625,145.8125,-64226.712499999994,-1.4,1.725,0.38750000000000284,0.4125000000000001,0.6124999999999998,0.21250000000000568,0.375,0.012500000000000178,-0.2875000000000001,-1.1875,1.1375,-0.025000000000005684
107698.2375,-1558.9124999999767,-33369.375,-1516.6000000000058,-8389.224999999977,-4405.974999999977,4.899999999994179,-4116.5625,-854.1875,-65248.712499999994,2.6,-0.275,-0.6124999999999972,1.4125,1.6124999999999998,4.212500000000006,0.375,0.012500000000000178,1.7125,1.8125,0.1375,0.9749999999999943
106056.2375,187.08750000002328,-33133.375,-652.6000000000058,-6732.224999999977,-5661.974999999977,1487.8999999999942,-4576.5625,346.8125,-63295.712499999994,2.6,-0.275,-1.6124999999999972,0.4125000000000001,1.6124999999999998,-2.7874999999999943,0.375,0.012500000000000178,0.7124999999999999,-0.1875,2.1375,2.9749999999999943
106152.2375,873.0875000000233,-32985.375,423.3999999999942,-6670.224999999977,-5485.974999999977,1296.8999999999942,-4790.5625,1108.8125,-63149.712499999994,-2.4,-0.275,-4.612499999999997,-1.5875,-1.3875000000000002,-2.7874999999999943,0.375,0.012500000000000178,-0.2875000000000001,-0.1875,1.1375,-0.025000000000005684
108135.2375,-1090.9124999999767,-33621.375,-1767.6000000000058,-7703.224999999977,-4603.974999999977,-827.1000000000058,-4279.5625,-1115.1875,-64884.712499999994,1.6,0.725,1.3875000000000028,3.4125,0.6124999999999998,2.2125000000000057,-0.625,0.012500000000000178,0.7124999999999999,-1.1875,-0.8625,2.9749999999999943
107830.2375,-1395.9124999999767,-33233.375,-311.6000000000058,-8856.224999999977,-4167.974999999977,-116.10000000000582,-4319.5625,-46.1875,-65732.7125,-1.4,-0.275,3.387500000000003,-0.5874999999999999,-0.3875000000000002,4.212500000000006,0.375,0.012500000000000178,0.7124999999999999,-1.1875,0.1375,1.9749999999999943
105512.2375,685.0875000000233,-32955.375,675.3999999999942,-6821.224999999977,-5763.974999999977,2158.899999999994,-4930.5625,1185.8125,-63183.712499999994,-1.4,-1.275,-1.6124999999999972,-0.5874999999999999,0.6124999999999998,-0.7874999999999943,0.375,0.012500000000000178,0.7124999999999999,-1.1875,-0.8625,-0.025000000000005684
106202.2375,386.0875000000233,-32965.375,-88.60000000000582,-7945.224999999977,-4908.974999999977,1280.8999999999942,-4461.5625,130.8125,-63023.712499999994,0.6000000000000001,-0.275,-1.6124999999999972,2.4125,-0.3875000000000002,1.2125000000000057,0.375,-0.9874999999999998,-0.2875000000000001,-0.1875,-0.8625,-1.0250000000000057
107630.2375,-695.9124999999767,-33497.375,-1040.6000000000058,-8206.224999999977,-4684.974999999977,-242.10000000000582,-4489.5625,-881.1875,-64879.712499999994,1.6,0.725,2.387500000000003,-0.5874999999999999,0.6124999999999998,0.21250000000000568,-0.625,0.012500000000000178,-0.2875000000000001,0.8125,0.1375,-1.0250000000000057
106422.2375,-776.9124999999767,-33644.375,-368.6000000000058,-7212.224999999977,-5769.974999999977,354.8999999999942,-4604.5625,-197.1875,-63928.712499999994,0.6000000000000001,-0.275,0.38750000000000284,-1.5875,-0.3875000000000002,1.2125000000000057,-0.625,0.012500000000000178,-0.2875000000000001,-1.1875,0.1375,-0.025000000000005684
106572.2375,419.0875000000233,-33226.375,-40.60000000000582,-7501.224999999977,-5906.974999999977,962.8999999999942,-4661.5625,450.8125,-64121.712499999994,-1.4,-0.275,-1.6124999999999972,-0.5874999999999999,-0.3875000000000002,-1.7874999999999943,0.375,0.012500000000000178,0.7124999999999999,-0.1875,0.1375,-1.0250000000000057
107269.2375,-614.9124999999767,-33639.375,-694.6000000000058,-7182.224999999977,-5508.974999999977,589.8999999999942,-4603.5625,-115.1875,-63966.712499999994,1.6,0.725,0.38750000000000284,2.4125,1.6124999999999998,-2.7874999999999943,0.375,0.012500000000000178,-0.2875000000000001,-1.1875,0.1375,0.9749999999999943
107456.2375,-359.9124999999767,-33526.375,-313.6000000000058,-7067.224999999977,-4852.974999999977,184.89999999999418,-4652.5625,-321.1875,-64532.712499999994,-0.3999999999999999,-0.275,1.3875000000000028,-2.5875,-1.3875000000000002,-0.7874999999999943,0.375,0.012500000000000178,-0.2875000000000001,0.8125,1.1375,-2.0250000000000057
106806.2375,-432.9124999999767,-33717.375,-315.6000000000058,-7046.224999999977,-5006.974999999977,580.8999999999942,-4811.5625,36.8125,-63678.712499999994,1.6,-1.275,3.387500000000003,0.4125000000000001,-0.3875000000000002,-1.7874999999999943,-0.625,0.012500000000000178,0.7124999999999999,-0.1875,-0.8625,-0.025000000000005684
107198.2375,-388.9124999999767,-33813.375,-474.6000000000058,-7179.224999999977,-5083.974999999977,612.8999999999942,-4653.5625,-201.1875,-63525.712499999994,0.6000000000000001,-1.275,-0.6124999999999972,0.4125000000000001,0.6124999999999998,-1.7874999999999943,0.375,-0.9874999999999998,-0.2875000000000001,-1.1875,-0.8625,-2.0250000000000057
106621.2375,234.08750000002328,-33669.375,131.39999999999418,-6576.224999999977,-5169.974999999977,1592.8999999999942,-4820.5625,438.8125,-62750.712499999994,-1.4,0.725,-1.6124999999999972,-1.5875,-1.3875000000000002,-1.7874999999999943,0.375,0.012500000000000178,-0.2875000000000001,0.8125,0.1375,-2.0250000000000057
107157.2375,-747.9124999999767,-33695.375,-135.60000000000582,-7030.224999999977,-4515.974999999977,963.8999999999942,-4668.5625,-569.1875,-63737.712499999994,0.6000000000000001,-1.275,5.387500000000003,0.4125000000000001,-1.3875000000000002,2.2125000000000057,0.375,0.012500000000000178,2.7125,-0.1875,-0.8625,1.9749999999999943
107175.2375,-1066.9124999999767,-33767.375,-732.6000000000058,-7662.224999999977,-4356.974999999977,-159.10000000000582,-5024.5625,-324.1875,-63636.712499999994,0.6000000000000001,0.725,-1.6124999999999972,1.4125,-0.3875000000000002,1.2125000000000057,0.375,0.012500000000000178,0.7124999999999999,-0.1875,-0.8625,0.9749999999999943
106338.2375,-93.91249999997672,-33625.375,273.3999999999942,-6673.224999999977,-4813.974999999977,1072.8999999999942,-5133.5625,594.8125,-61815.712499999994,-0.3999999999999999,1.725,-4.612499999999997,0.4125000000000001,0.6124999999999998,-0.7874999999999943,0.375,0.012500000000000178,-0.2875000000000001,-0.1875,0.1375,-0.025000000000005684
107929.2375,280.0875000000233,-33808.375,-832.6000000000058,-7896.224999999977,-4095.9749999999767,-553.1000000000058,-4563.5625,-293.1875,-62788.712499999994,2.6,-0.275,0.38750000000000284,3.4125,-0.3875000000000002,1.2125000000000057,-0.625,0.012500000000000178,-0.2875000000000001,0.8125,-0.8625,2.9749999999999943
106462.2375,260.0875000000233,-33236.375,405.3999999999942,-6524.224999999977,-4402.974999999977,1166.8999999999942,-4984.5625,55.8125,-63132.712499999994,1.6,-0.275,-1.6124999999999972,1.4125,0.6124999999999998,2.2125000000000057,-0.625,-1.9874999999999998,0.7124999999999999,0.8125,1.1375,-1.0250000000000057
106958.2375,78.08750000002328,-33202.375,-16.60000000000582,-7364.224999999977,-4306.974999999977,799.8999999999942,-4680.5625,-118.1875,-63478.712499999994,0.6000000000000001,-0.275,-2.612499999999997,-0.5874999999999999,0.6124999999999998,3.2125000000000057,-0.625,1.0125000000000002,-0.2875000000000001,0.8125,1.1375,0.9749999999999943
107251.2375,-227.91249999997672,-33195.375,-138.60000000000582,-7082.224999999977,-4003.9749999999767,937.8999999999942,-4640.5625,-97.1875,-63455.712499999994,1.6,0.725,2.387500000000003,3.4125,1.6124999999999998,-0.7874999999999943,0.375,0.012500000000000178,-0.2875000000000001,-0.1875,0.1375,0.9749999999999943
107378.2375,-253.91249999997672,-33316.375,-391.6000000000058,-7831.224999999977,-4528.974999999977,286.8999999999942,-4807.5625,205.8125,-62639.712499999994,1.6,-2.275,-1.6124999999999972,1.4125,1.6124999999999998,1.2125000000000057,-0.625,0.012500000000000178,-0.2875000000000001,1.8125,0.1375,0.9749999999999943
106897.2375,124.08750000002328,-33324.375,-45.60000000000582,-7303.224999999977,-4202.974999999977,741.8999999999942,-4710.5625,22.8125,-63360.712499999994,-0.3999999999999999,0.725,1.3875000000000028,0.4125000000000001,0.6124999999999998,0.21250000000000568,-0.625,0.012500000000000178,-0.2875000000000001,-2.1875,0.1375,2.9749999999999943
107289.2375,253.08750000002328,-33528.375,-251.60000000000582,-7547.224999999977,-4455.974999999977,406.8999999999942,-4861.5625,-112.1875,-63166.712499999994,-0.3999999999999999,-0.275,0.38750000000000284,-1.5875,-1.3875000000000002,3.2125000000000057,-0.625,0.012500000000000178,0.7124999999999999,0.8125,0.1375,-2.0250000000000057
107012.2375,357.0875000000233,-33592.375,62.39999999999418,-7413.224999999977,-2464.9749999999767,1597.8999999999942,-4843.5625,16.8125,-63076.712499999994,-0.3999999999999999,-5.275,-2.612499999999997,-12.5875,7.6125,95.2125,0.375,0.012500000000000178,0.7124999999999999,1.8125,3.1375,-3.0250000000000057
107154.2375,-6.912499999976717,-33570.375,-387.6000000000058,-7397.224999999977,22643.025000000023,45294.899999999994,-4931.5625,-198.1875,-63515.712499999994,4.6,-6.275,135.3875,8.4125,-7.3875,-30.787499999999994,0.375,0.012500000000000178,-0.2875000000000001,-1.1875,-5.8625,4.974999999999994
110105.2375,7794.087500000023,-33687.375,-285.6000000000058,-5068.224999999977,76096.02500000002,124287.9,-6089.5625,-9.1875,-62116.712499999994,53.6,23.725,-67.6125,39.4125,22.6125,-59.787499999999994,0.375,-0.9874999999999998,-0.2875000000000001,-3.1875,-9.8625,12.974999999999994
136059.2375,220043.08750000002,-31331.375,-453.6000000000058,-3773.2249999999767,201743.02500000002,197683.9,-8367.5625,-81.1875,-60927.712499999994,8.6,15.725,-14.612499999999997,-17.5875,-23.3875,4.212500000000006,-0.625,0.012500000000000178,-1.2875,-8.1875,-7.8625,-9.025000000000006
283203.2375,305142.0875,-23016.375,123.39999999999418,-4400.224999999977,366849.025,274358.9,-9370.5625,1093.8125,-58589.712499999994,-16.4,6.725,9.387500000000003,-10.5875,-0.3875000000000002,-2.7874999999999943,0.375,0.012500000000000178,1.7125,-1.1875,1.1375,6.974999999999994
289125.2375,350431.0875,-20187.375,-394.6000000000058,-8394.224999999977,467193.025,336230.9,-7856.5625,-2071.1875,-61931.712499999994,-2.4,-4.275,-15.612499999999997,2.4125,4.6125,27.212500000000006,-1.625,1.0125000000000002,-1.2875,-6.1875,8.1375,-2.0250000000000057
273694.2375,334860.0875,-20531.375,503.3999999999942,-8523.224999999977,484532.025,387694.9,-6299.5625,1309.8125,-59746.712499999994,-3.4,12.725,20.387500000000003,-0.5874999999999999,-3.3875,3.2125000000000057,0.375,-0.9874999999999998,0.7124999999999999,6.8125,-0.8625,2.9749999999999943
278285.2375,332962.0875,-20692.375,910.3999999999942,-8666.224999999977,462909.025,358748.9,-6662.5625,555.8125,-61766.712499999994,5.6,2.725,-8.612499999999997,-6.5875,-10.3875,-5.787499999999994,-0.625,0.012500000000000178,-1.2875,1.8125,0.1375,-3.0250000000000057
282667.2375,306568.0875,-22841.375,263.3999999999942,-4288.224999999977,396477.025,312983.9,-6162.5625,-299.1875,-60892.712499999994,2.6,1.725,13.387500000000003,2.4125,-3.3875,0.21250000000000568,0.375,0.012500000000000178,-0.2875000000000001,5.8125,1.1375,-0.025000000000005684
266557.2375,242966.08750000002,-25734.375,-839.6000000000058,-1066.2249999999767,320114.025,266802.9,-5658.5625,519.8125,-61405.712499999994,14.6,4.725,-14.612499999999997,-6.5875,10.6125,-10.787499999999994,0.375,1.0125000000000002,0.7124999999999999,1.8125,4.1375,0.9749999999999943
253489.2375,210652.08750000002,-26604.375,39.39999999999418,-1206.2249999999767,269809.025,242321.9,-4333.5625,787.8125,-58514.712499999994,-13.4,-3.275,17.387500000000003,-4.5875,-5.3875,10.212500000000006,-0.625,0.012500000000000178,-0.2875000000000001,1.8125,-9.8625,5.974999999999994
181990.2375,171235.08750000002,-28608.375,-830.6000000000058,-4706.224999999977,169602.02500000002,189859.9,-2200.5625,-818.1875,-61549.712499999994,7.6,10.725,-38.6125,9.4125,-4.3875,-9.787499999999994,0.375,1.0125000000000002,-1.2875,-3.1875,-1.8625,-0.025000000000005684
131154.2375,46938.08750000002,-31184.375,-1223.6000000000058,-4891.224999999977,94238.02500000002,129689.9,-2079.5625,-509.1875,-61720.712499999994,-13.4,-11.275,28.387500000000003,3.4125,-4.3875,-0.7874999999999943,0.375,0.012500000000000178,1.7125,8.8125,2.1375,5.974999999999994
123755.2375,41875.08750000002,-31402.375,-348.6000000000058,-2613.2249999999767,84918.02500000002,112742.9,-2427.5625,-74.1875,-60412.712499999994,-2.4,-3.275,3.387500000000003,5.4125,0.6124999999999998,-1.7874999999999943,0.375,0.012500000000000178,0.7124999999999999,-0.1875,2.1375,-2.0250000000000057
123325.2375,39575.08750000002,-30898.375,-65.60000000000582,-1168.2249999999767,83434.02500000002,106345.9,-3156.5625,313.8125,-60346.712499999994,4.6,-4.275,-16.612499999999997,4.4125,0.6124999999999998,-12.787499999999994,0.375,0.012500000000000178,-0.2875000000000001,1.8125,2.1375,0.9749999999999943
122838.2375,44790.08750000002,-31597.375,-545.6000000000058,-1782.2249999999767,81658.02500000002,105437.9,-2951.5625,-206.1875,-60668.712499999994,-7.4,-1.275,17.387500000000003,-6.5875,3.6125,11.212500000000006,0.375,0.012500000000000178,0.7124999999999999,-1.1875,-3.8625,1.9749999999999943
128631.2375,65305.08750000002,-31357.375,-236791.6,-2304.2249999999767,84783.02500000002,118374.9,-3011.5625,-698.1875,-61643.712499999994,4.6,2.725,-14.612499999999997,0.4125000000000001,-4.3875,-2.7874999999999943,-0.625,1.0125000000000002,0.7124999999999999,-3.1875,-3.8625,-1.0250000000000057
144226.2375,131143.08750000002,-30050.375,-249.60000000000582,-974.2249999999767,103679.02500000002,171308.9,-3457.5625,-222.1875,-59766.712499999994,-3.4,8.725,-2.612499999999997,-7.5875,-4.3875,-4.787499999999994,0.375,0.012500000000000178,0.7124999999999999,-4.1875,1.1375,-0.025000000000005684
157085.2375,222464.08750000002,-27609.375,-516.6000000000058,-173.22499999997672,268376.025,273350.9,-5349.5625,-404.1875,-59828.712499999994,-1.4,-2.275,0.38750000000000284,4.4125,-1.3875000000000002,-15.787499999999994,-0.625,0.012500000000000178,-0.2875000000000001,-2.1875,1.1375,4.974999999999994
159577.2375,235292.08750000002,-27359.375,94.39999999999418,23.775000000023283,301124.025,290976.9,-6119.5625,476.8125,-58736.712499999994,-6.4,-2.275,11.387500000000003,-9.5875,1.6124999999999998,24.212500000000006,0.375,0.012500000000000178,0.7124999999999999,-2.1875,0.1375,-1.0250000000000057
161964.2375,242482.08750000002,-26681.375,664.3999999999942,-334.2249999999767,299104.025,290765.9,-5799.5625,37.8125,-58862.712499999994,1.6,1.725,-11.612499999999997,5.4125,-1.3875000000000002,-20.787499999999994,-0.625,0.012500000000000178,-0.2875000000000001,-0.1875,-0.8625,1.9749999999999943
166853.2375,229920.08750000002,-26822.375,-519.6000000000058,-1347.2249999999767,297825.025,283109.9,-5462.5625,-265.1875,-59551.712499999994,1.6,-2.275,-9.612499999999997,2.4125,-1.3875000000000002,9.212500000000006,0.375,-0.9874999999999998,0.7124999999999999,-1.1875,0.1375,-0.025000000000005684
171608.2375,223297.08750000002,-26144.375,517.3999999999942,-2020.2249999999767,282548.025,262231.9,-5388.5625,-58.1875,-60352.712499999994,-3.4,-0.275,6.387500000000003,-5.5875,-3.3875,7.212500000000006,0.375,0.012500000000000178,0.7124999999999999,-0.1875,-0.8625,-1.0250000000000057
165822.2375,209540.08750000002,-27146.375,20.39999999999418,-2100.2249999999767,246958.02500000002,244888.9,-4989.5625,-85.1875,-60139.712499999994,-1.4,2.725,-0.6124999999999972,0.4125000000000001,0.6124999999999998,-8.787499999999994,0.375,0.012500000000000178,-0.2875000000000001,-1.1875,0.1375,-1.0250000000000057
163166.2375,208448.08750000002,-27230.375,-344.6000000000058,-2345.2249999999767,246775.02500000002,242866.9,-4911.5625,-607.1875,-60785.712499999994,-1.4,-0.275,-5.612499999999997,-1.5875,1.6124999999999998,4.212500000000006,-0.625,0.012500000000000178,-0.2875000000000001,-1.1875,0.1375,1.9749999999999943
159140.2375,208974.08750000002,-27373.375,-199.60000000000582,-2072.2249999999767,248548.02500000002,249537.9,-5083.5625,-418.1875,-60114.712499999994,-1.4,2.725,0.38750000000000284,-1.5875,0.6124999999999998,1.2125000000000057,0.375,0.012500000000000178,-0.2875000000000001,-0.1875,0.1375,-0.025000000000005684
159722.2375,220919.08750000002,-26889.375,191.39999999999418,-1695.2249999999767,254533.02500000002,260166.9,-5434.5625,439.8125,-59187.712499999994,0.6000000000000001,-2.275,-3.612499999999997,3.4125,-0.3875000000000002,-1.7874999999999943,0.375,0.012500000000000178,0.7124999999999999,-0.1875,0.1375,-1.0250000000000057
161765.2375,231386.08750000002,-26605.375,-253.60000000000582,-1954.2249999999767,259357.02500000002,269191.9,-5542.5625,41.8125,-59850.712499999994,0.6000000000000001,-0.275,0.38750000000000284,0.4125000000000001,-1.3875000000000002,0.21250000000000568,0.375,-0.9874999999999998,0.7124999999999999,0.8125,0.1375,0.9749999999999943
163375.2375,234776.08750000002,-26953.375,-85.60000000000582,-1561.2249999999767,262964.025,273965.9,-5550.5625,-155.1875,-59729.712499999994,0.6000000000000001,-0.275,1.3875000000000028,1.4125,0.6124999999999998,3.2125000000000057,-0.625,0.012500000000000178,0.7124999999999999,0.8125,0.1375,0.9749999999999943
164255.2375,236911.08750000002,-27101.375,226.39999999999418,-616.2249999999767,264907.025,275593.9,-5508.5625,551.8125,-58642.712499999994,0.6000000000000001,-1.275,-0.6124999999999972,1.4125,-0.3875000000000002,-0.7874999999999943,0.375,0.012500000000000178,0.7124999999999999,0.8125,0.1375,-0.025000000000005684
165963.2375,228397.08750000002,-27211.375,290.3999999999942,-853.2249999999767,265131.025,273814.9,-5587.5625,496.8125,-58879.712499999994,1.6,-1.275,-0.6124999999999972,3.4125,-0.3875000000000002,-2.7874999999999943,0.375,-0.9874999999999998,-0.2875000000000001,0.8125,0.1375,0.9749999999999943
169545.2375,224878.08750000002,-27690.375,-207.60000000000582,-818.2249999999767,264434.025,270592.9,-5145.5625,-16.1875,-59074.712499999994,1.6,-0.275,-1.6124999999999972,1.4125,-0.3875000000000002,0.21250000000000568,0.375,0.012500000000000178,0.7124999999999999,0.8125,-0.8625,-0.025000000000005684
168336.2375,222733.08750000002,-27813.375,-433.6000000000058,-550.2249999999767,263102.025,268663.9,-5029.5625,-23.1875,-59311.712499999994,1.6,-1.275,-0.6124999999999972,3.4125,-1.3875000000000002,-0.7874999999999943,0.375,1.0125000000000002,-0.2875000000000001,0.8125,-0.8625,-0.025000000000005684
165768.2375,221985.08750000002,-27841.375,-172.60000000000582,-323.2249999999767,261970.02500000002,266635.9,-5239.5625,429.8125,-59099.712499999994,0.6000000000000001,-0.275,0.38750000000000284,1.4125,-0.3875000000000002,0.21250000000000568,0.375,0.012500000000000178,0.7124999999999999,0.8125,0.1375,-1.0250000000000057
164618.2375,223698.08750000002,-27794.375,16.39999999999418,-2.224999999976717,262057.02500000002,268883.9,-5339.5625,116.8125,-59060.712499999994,1.6,-1.275,-0.6124999999999972,2.4125,-1.3875000000000002,-0.7874999999999943,0.375,0.012500000000000178,0.7124999999999999,1.8125,-0.8625,0.9749999999999943
164840.2375,230707.08750000002,-27535.375,-4.600000000005821,-219.22499999997672,263135.025,271365.9,-5238.5625,88.8125,-59376.712499999994,-0.3999999999999999,-0.275,-0.6124999999999972,1.4125,0.6124999999999998,-0.7874999999999943,0.375,1.0125000000000002,-0.2875000000000001,-0.1875,-0.8625,-0.025000000000005684
164860.2375,229876.08750000002,-27519.375,35.39999999999418,-333.2249999999767,262281.025,269354.9,-5294.5625,266.8125,-59366.712499999994,-0.3999999999999999,0.725,0.38750000000000284,0.4125000000000001,-0.3875000000000002,-0.7874999999999943,0.375,0.012500000000000178,-0.2875000000000001,-0.1875,-0.8625,-0.025000000000005684
166321.2375,226288.08750000002,-27568.375,74.39999999999418,-844.2249999999767,262233.025,267573.9,-5095.5625,148.8125,-59944.712499999994,-0.3999999999999999,-1.275,0.38750000000000284,-0.5874999999999999,-0.3875000000000002,0.21250000000000568,-0.625,0.012500000000000178,-0.2875000000000001,-0.1875,0.1375,-0.025000000000005684
167406.2375,223819.08750000002,-27525.375,-103.60000000000582,-1222.2249999999767,261690.02500000002,265773.9,-4882.5625,-36.1875,-60084.712499999994,0.6000000000000001,-0.275,-0.6124999999999972,0.4125000000000001,0.6124999999999998,0.21250000000000568,0.375,0.012500000000000178,-0.2875000000000001,-1.1875,0.1375,-0.025000000000005684
168103.2375,224078.08750000002,-27413.375,-135.60000000000582,-953.2249999999767,261723.02500000002,265215.9,-4985.5625,73.8125,-60317.712499999994,-0.3999999999999999,-0.275,-0.6124999999999972,-0.5874999999999999,-0.3875000000000002,1.2125000000000057,-0.625,0.012500000000000178,0.7124999999999999,-0.1875,0.1375,-0.025000000000005684
169035.2375,225538.08750000002,-27301.375,-311.6000000000058,-1211.2249999999767,262497.025,267737.9,-5108.5625,91.8125,-60478.712499999994,-0.3999999999999999,0.725,1.3875000000000028,0.4125000000000001,-0.3875000000000002,-3.7874999999999943,0.375,-0.9874999999999998,-1.2875,-1.1875,0.1375,-0.025000000000005684
169069.2375,226919.08750000002,-26935.375,-244.60000000000582,-1506.2249999999767,262838.025,267980.9,-5155.5625,-28.1875,-60401.712499999994,1.6,-1.275,-1.6124999999999972,-2.5875,0.6124999999999998,5.212500000000006,0.375,0.012500000000000178,0.7124999999999999,-1.1875,0.1375,0.9749999999999943
169203.2375,228565.08750000002,-26829.375,-168.60000000000582,-1826.2249999999767,262938.025,269651.9,-5301.5625,-4.1875,-60225.712499999994,-0.3999999999999999,-0.275,-1.6124999999999972,1.4125,0.6124999999999998,-3.7874999999999943,0.375,0.012500000000000178,-1.2875,-1.1875,0.1375,0.9749999999999943
171416.2375,228994.08750000002,-26748.375,-422.6000000000058,-2184.2249999999767,263051.025,270281.9,-5285.5625,222.8125,-60464.712499999994,3.6,-1.275,-6.612499999999997,1.4125,-1.3875000000000002,-9.787499999999994,-0.625,0.012500000000000178,-0.2875000000000001,-1.1875,0.1375,-1.0250000000000057
171022.2375,225096.08750000002,-26939.375,-572.6000000000058,-2283.2249999999767,263279.025,267209.9,-5131.5625,185.8125,-60527.712499999994,-5.4,3.725,12.387500000000003,6.4125,0.6124999999999998,-11.787499999999994,0.375,0.012500000000000178,-0.2875000000000001,-1.1875,2.1375,-0.025000000000005684
180897.2375,229125.08750000002,-26809.375,-443.6000000000058,-2608.2249999999767,264683.025,275583.9,-4913.5625,164.8125,-60947.712499999994,1.6,-1.275,-6.612499999999997,-1.5875,-1.3875000000000002,-3.7874999999999943,0.375,0.012500000000000178,-0.2875000000000001,-1.1875,1.1375,-1.0250000000000057
173728.2375,226488.08750000002,-26784.375,-409.6000000000058,-2372.2249999999767,258057.02500000002,276632.9,-4838.5625,96.8125,-61312.712499999994,-0.3999999999999999,2.725,-0.6124999999999972,-1.5875,2.6125,-1.7874999999999943,0.375,0.012500000000000178,0.7124999999999999,-1.1875,1.1375,-0.025000000000005684
177519.2375,217680.08750000002,-27253.375,-220.60000000000582,-2370.2249999999767,258322.02500000002,272037.9,-5017.5625,232.8125,-60495.712499999994,-9.4,-0.275,18.387500000000003,-2.5875,3.6125,15.212500000000006,-0.625,0.012500000000000178,-0.2875000000000001,-0.1875,0.1375,0.9749999999999943
186192.2375,220900.08750000002,-27189.375,-278.6000000000058,-2622.2249999999767,264045.025,293051.9,-4915.5625,-172.1875,-61372.712499999994,6.6,-0.275,-12.612499999999997,-4.5875,-0.3875000000000002,4.212500000000006,0.375,0.012500000000000178,-0.2875000000000001,-0.1875,-0.8625,-2.0250000000000057
178776.2375,196136.08750000002,-27717.375,-287.6000000000058,-2242.2249999999767,261461.02500000002,281299.9,-4636.5625,-383.1875,-60952.712499999994,-1.4,-2.275,6.387500000000003,13.4125,0.6124999999999998,-10.787499999999994,0.375,0.012500000000000178,0.7124999999999999,1.8125,-0.8625,3.9749999999999943
160895.2375,179570.08750000002,-28452.375,-403.6000000000058,-1586.2249999999767,247579.02500000002,270165.9,-4635.5625,-183.1875,-60292.712499999994,0.6000000000000001,3.725,-1.6124999999999972,-17.5875,3.6125,14.212500000000006,0.375,-0.9874999999999998,-0.2875000000000001,0.8125,0.1375,-3.0250000000000057
156727.2375,173784.08750000002,-28618.375,-378.6000000000058,-1460.2249999999767,243913.02500000002,275922.9,-4468.5625,-406.1875,-60165.712499999994,4.6,-9.275,-7.612499999999997,23.4125,3.6125,-27.787499999999994,-0.625,0.012500000000000178,0.7124999999999999,-2.1875,0.1375,-0.025000000000005684
149932.2375,158695.08750000002,-29172.375,-555.6000000000058,-1038.2249999999767,232175.02500000002,272657.9,-4287.5625,-735.1875,-60481.712499999994,-2.4,3.725,9.387500000000003,13.4125,4.6125,-19.787499999999994,0.375,0.012500000000000178,-0.2875000000000001,-1.1875,1.1375,-0.025000000000005684
152686.2375,157084.08750000002,-29972.375,-439.6000000000058,-1521.2249999999767,219615.02500000002,277303.9,-4199.5625,-176.1875,-59855.712499999994,12.6,-1.275,-7.612499999999997,1.4125,-5.3875,4.212500000000006,-0.625,0.012500000000000178,-0.2875000000000001,0.8125,-1.8625,-3.0250000000000057
144990.2375,151890.08750000002,-29661.375,-353.6000000000058,-1090.2249999999767,198369.02500000002,269822.9,-3717.5625,42.8125,-60145.712499999994,23.6,1.725,-4.612499999999997,7.4125,-1.3875000000000002,0.21250000000000568,-0.625,-0.9874999999999998,-0.2875000000000001,-0.1875,0.1375,-1.0250000000000057
140681.2375,133682.08750000002,-30335.375,-166.60000000000582,-1619.2249999999767,197133.02500000002,265626.9,-3750.5625,-167.1875,-61015.712499999994,6.6,16.725,7.387500000000003,-9.5875,-0.3875000000000002,7.212500000000006,-0.625,0.012500000000000178,0.7124999999999999,1.8125,0.1375,-4.025000000000006
151028.2375,140447.08750000002,-29804.375,-348.6000000000058,-2365.2249999999767,184023.02500000002,276713.9,-3196.5625,-117.1875,-61877.712499999994,-4.4,-5.275,6.387500000000003,6.4125,-0.3875000000000002,-0.7874999999999943,0.375,-0.9874999999999998,-0.2875000000000001,2.8125,1.1375,-8.025000000000006
151623.2375,145455.08750000002,-30012.375,-77.60000000000582,-2785.2249999999767,138151.02500000002,270970.9,-2855.5625,46.8125,-61650.712499999994,4.6,8.725,-2.612499999999997,0.4125000000000001,-0.3875000000000002,2.2125000000000057,0.375,0.012500000000000178,0.7124999999999999,0.8125,6.1375,-6.025000000000006
144862.2375,124580.08750000002,-30669.375,2.3999999999941792,-2833.2249999999767,130761.02500000002,263061.9,-3041.5625,258.8125,-61231.712499999994,2.6,1.725,-1.6124999999999972,-1.5875,3.6125,1.2125000000000057,0.375,0.012500000000000178,-0.2875000000000001,3.8125,4.1375,-2.0250000000000057
147442.2375,107667.08750000002,-30942.375,99.39999999999418,-3144.2249999999767,110560.02500000002,258358.9,-2806.5625,279.8125,-61509.712499999994,5.6,-10.275,0.38750000000000284,4.4125,-0.3875000000000002,0.21250000000000568,0.375,0.012500000000000178,-0.2875000000000001,-0.1875,1.1375,-1.0250000000000057
143062.2375,106799.08750000002,-31311.375,-392.6000000000058,-2875.2249999999767,95556.02500000002,250925.9,-2779.5625,84.8125,-61912.712499999994,0.6000000000000001,2.725,9.387500000000003,11.4125,7.6125,-24.787499999999994,-0.625,0.012500000000000178,0.7124999999999999,-1.1875,-2.8625,-1.0250000000000057
133192.2375,111907.08750000002,-31364.375,-32.60000000000582,-2832.2249999999767,84920.02500000002,261350.9,-2919.5625,338.8125,-61495.712499999994,-8.4,-14.275,46.3875,-15.5875,-3.3875,5.212500000000006,0.375,0.012500000000000178,-0.2875000000000001,3.8125,-0.8625,0.9749999999999943
129407.2375,105527.08750000002,-31292.375,-198.60000000000582,-2903.2249999999767,60932.02500000002,253525.9,-2698.5625,533.8125,-61766.712499999994,13.6,9.725,-5.612499999999997,16.4125,0.6124999999999998,20.212500000000006,0.375,0.012500000000000178,-0.2875000000000001,-1.1875,-1.8625,-10.025000000000006
123705.2375,118940.08750000002,-30205.375,-189.60000000000582,-4088.2249999999767,46031.02500000002,231319.9,-3373.5625,14.8125,-62292.712499999994,-6.4,2.725,-26.612499999999997,-22.5875,-7.3875,42.212500000000006,0.375,-0.9874999999999998,0.7124999999999999,2.8125,-2.8625,6.974999999999994
120148.2375,129345.08750000002,-30376.375,-1174.6000000000058,-4549.224999999977,22618.025000000023,260677.9,-3510.5625,-807.1875,-62787.712499999994,4.6,-7.275,-18.612499999999997,-7.5875,-2.3875,29.212500000000006,0.375,0.012500000000000178,-0.2875000000000001,-1.1875,3.1375,-1.0250000000000057
115542.2375,153699.08750000002,-27999.375,900.3999999999942,-3621.2249999999767,5749.025000000023,249892.9,-3889.5625,397.8125,-61108.712499999994,-8.4,17.725,10.387500000000003,-13.5875,-25.3875,62.212500000000006,0.375,0.012500000000000178,0.7124999999999999,0.8125,1.1375,2.9749999999999943
102952.2375,157728.08750000002,-28401.375,-167.60000000000582,-4893.224999999977,3084.0250000000233,282459.9,-3921.5625,-328.1875,-61281.712499999994,6.6,-18.275,-14.612499999999997,19.4125,-3.3875,23.212500000000006,-0.625,1.0125000000000002,-0.2875000000000001,-3.1875,0.1375,7.974999999999994
97479.2375,166372.08750000002,-27332.375,-904.6000000000058,-4450.224999999977,-6962.974999999977,293873.9,-3477.5625,-87.1875,-62538.712499999994,-17.4,8.725,16.387500000000003,-25.5875,14.6125,42.212500000000006,0.375,0.012500000000000178,0.7124999999999999,-6.1875,2.1375,13.974999999999994
75770.2375,164429.08750000002,-28186.375,-51.60000000000582,-4338.224999999977,-9247.974999999977,276064.9,-4006.5625,361.8125,-61353.712499999994,0.6000000000000001,2.725,-25.612499999999997,1.4125,-0.3875000000000002,-71.7875,0.375,-0.9874999999999998,0.7124999999999999,1.8125,-4.8625,12.974999999999994
66435.2375,157089.08750000002,-27280.375,336.3999999999942,-4178.224999999977,-22750.974999999977,316018.9,-3369.5625,210.8125,-59956.712499999994,-8.4,-23.275,36.3875,-30.5875,11.6125,-55.787499999999994,-0.625,1.0125000000000002,-1.2875,-7.1875,0.1375,14.974999999999994
57677.2375,159189.08750000002,-28536.375,-262.6000000000058,-4240.224999999977,-35256.97499999998,338878.9,-4491.5625,517.8125,-60468.712499999994,10.6,7.725,8.387500000000003,32.4125,-0.3875000000000002,-102.7875,-0.625,0.012500000000000178,-0.2875000000000001,-4.1875,-2.8625,-4.025000000000006
46233.2375,154378.08750000002,-28512.375,128.39999999999418,-4415.224999999977,-56606.97499999998,310947.9,-3318.5625,564.8125,-60837.712499999994,-34.4,2.725,53.3875,-36.5875,-13.3875,-1.7874999999999943,0.375,0.012500000000000178,-0.2875000000000001,3.8125,-1.8625,-10.025000000000006
40543.2375,152835.08750000002,-29735.375,-89.60000000000582,-1979.2249999999767,-56742.97499999998,347565.9,-4182.5625,629.8125,-59755.712499999994,17.6,-7.275,-36.6125,41.4125,14.6125,-60.787499999999994,0.375,0.012500000000000178,1.7125,0.8125,6.1375,3.9749999999999943
22179.237500000003,158423.08750000002,-29429.375,9.39999999999418,-1914.2249999999767,-44684.97499999998,337212.9,-4693.5625,-50.1875,-59839.712499999994,-3.4,14.725,5.387500000000003,-11.5875,-28.3875,-45.787499999999994,0.375,-1.9874999999999998,-0.2875000000000001,1.8125,-4.8625,-10.025000000000006
8910.237500000003,156047.08750000002,-29260.375,-60.60000000000582,-375.2249999999767,-47329.97499999998,348374.9,-4963.5625,977.8125,-59036.712499999994,-13.4,-12.275,22.387500000000003,-38.5875,10.6125,16.212500000000006,-0.625,0.012500000000000178,-0.2875000000000001,-2.1875,8.1375,0.9749999999999943
-31110.762499999997,166291.08750000002,-29476.375,-455.6000000000058,-905.2249999999767,-40182.97499999998,348309.9,-5626.5625,-257.1875,-59703.712499999994,4.6,13.725,-17.612499999999997,48.4125,9.6125,-12.787499999999994,0.375,0.012500000000000178,2.7125,-1.1875,1.1375,0.9749999999999943
-15245.762499999997,170129.08750000002,-29253.375,1080.3999999999942,101.77500000002328,-22890.974999999977,335926.9,-6340.5625,-146.1875,-57481.712499999994,-12.4,-13.275,21.387500000000003,0.4125000000000001,-33.3875,-17.787499999999994,-0.625,0.012500000000000178,-1.2875,-0.1875,0.1375,-11.025000000000006
53290.2375,118648.08750000002,-32907.375,-202.60000000000582,-418.2249999999767,3142.0250000000233,283119.9,-385.5625,-849.1875,-58877.712499999994,-3.4,-15.275,10.387500000000003,-71.5875,-18.3875,10.212500000000006,-0.625,-0.9874999999999998,-0.2875000000000001,-1.1875,2.1375,-5.025000000000006
89320.2375,26844.087500000023,-29121.375,-194.60000000000582,-252.22499999997672,42937.02500000002,160701.9,4800.4375,44.8125,-59178.712499999994,-41.4,103.725,36.3875,-80.5875,116.6125,223.2125,0.375,-5.9875,1.7125,25.8125,8.1375,63.974999999999994
101726.2375,2686.0875000000233,-11847.375,-766.6000000000058,-1423.2249999999767,-10799.974999999977,40443.899999999994,884.4375,-2401.1875,-46779.712499999994,48.6,-24.275,27.387500000000003,-105.5875,18.6125,356.2125,-2.625,-1.9874999999999998,3.7125,16.8125,33.1375,-9.025000000000006
177026.2375,333257.0875,-62.375,-215.60000000000582,-3516.2249999999767,173475.02500000002,250157.9,-23487.5625,4037.8125,2483.287500000006,79.6,-84.275,99.3875,54.4125,-83.3875,223.2125,-1.625,-2.9875,-0.2875000000000001,-45.1875,-16.8625,-88.025
409180.2375,308688.0875,14292.625,-2934.600000000006,10493.775000000023,804950.025,380616.9,-60387.5625,1425.8125,1754.2875000000058,-22.4,72.725,95.3875,-47.5875,22.6125,132.2125,3.375,0.012500000000000178,2.7125,79.8125,-19.8625,29.974999999999994
215976.2375,307784.0875,-12945.375,-758.6000000000058,10235.775000000023,567086.025,314648.9,-131487.5625,-4200.1875,5510.287500000006,28.6,9.725,-42.6125,-84.5875,24.6125,11.212500000000006,0.375,-0.9874999999999998,3.7125,-44.1875,-10.8625,-7.025000000000006
187375.2375,352204.0875,-63209.375,264.3999999999942,41701.77500000002,186393.02500000002,294483.9,-169094.5625,3703.8125,10971.287500000006,11.6,7.725,-34.6125,-64.5875,-12.3875,41.212500000000006,-1.625,-0.9874999999999998,-0.2875000000000001,7.8125,0.1375,-1.0250000000000057
157276.2375,241475.08750000002,-39641.375,4324.399999999994,-21343.224999999977,320891.025,275203.9,-103912.5625,1497.8125,18489.287500000006,-21.4,-23.275,63.3875,-33.5875,-14.3875,-119.7875,0.375,-0.9874999999999998,-0.2875000000000001,-31.1875,33.1375,-13.025000000000006
177265.2375,226643.08750000002,-21409.375,-787.6000000000058,29667.775000000023,144701.02500000002,285338.9,-47390.5625,2808.8125,16108.287500000006,5.6,4.725,-25.612499999999997,76.4125,30.6125,31.212500000000006,-0.625,1.0125000000000002,-0.2875000000000001,50.8125,4.1375,41.974999999999994
141119.2375,162153.08750000002,-14394.375,1686.3999999999942,15259.775000000023,170339.02500000002,236415.9,-17937.5625,3352.8125,17863.287500000006,14.6,-4.275,2.387500000000003,-17.5875,-11.3875,40.212500000000006,0.375,0.012500000000000178,1.7125,44.8125,5.1375,16.974999999999994
125057.2375,128531.08750000002,-18478.375,-38.60000000000582,7639.775000000023,112966.02500000002,205891.9,-17916.5625,-1847.1875,12347.287500000006,22.6,-2.275,-12.612499999999997,13.4125,17.6125,12.212500000000006,0.375,-0.9874999999999998,1.7125,42.8125,6.1375,-3.0250000000000057
137171.2375,195639.08750000002,-25306.375,6251.399999999994,8070.775000000023,106303.02500000002,159421.9,-20231.5625,1277.8125,15477.287500000006,4.6,-27.275,-20.612499999999997,-1.5875,9.6125,80.2125,0.375,-0.9874999999999998,1.7125,-29.1875,3.1375,-29.025000000000006
107681.2375,167800.08750000002,-20992.375,61832.399999999994,1914.7750000000233,95732.02500000002,180729.9,1544.4375,8420.8125,20682.287500000006,11.6,8.725,-11.612499999999997,9.4125,1.6124999999999998,56.212500000000006,-0.625,0.012500000000000178,0.7124999999999999,22.8125,2.1375,-5.025000000000006
108811.2375,228107.08750000002,-12903.375,128643.4,-14085.224999999977,90839.02500000002,233702.9,9740.4375,75997.8125,71641.2875,-15.4,6.725,34.3875,23.4125,17.6125,-13.787499999999994,0.375,-0.9874999999999998,1.7125,5.8125,6.1375,-24.025000000000006
104721.2375,240524.08750000002,-9178.375,189970.4,10421.775000000023,85413.02500000002,208497.9,5247.4375,203346.8125,116252.2875,3.6,4.725,-3.612499999999997,-15.5875,-8.3875,5.212500000000006,-1.625,0.012500000000000178,-1.2875,12.8125,3.1375,-3.0250000000000057
100754.2375,233526.08750000002,-6471.375,282048.4,12602.775000000023,86881.02500000002,217856.9,2038.4375,283306.8125,162120.2875,4.6,11.725,-4.612499999999997,-5.5875,2.6125,-9.787499999999994,-0.625,1.0125000000000002,-1.2875,14.8125,-2.8625,-20.025000000000006
85064.2375,275713.0875,-4394.375,351564.4,13294.775000000023,85199.02500000002,278590.9,-1078.5625,317134.8125,144961.2875,2.6,-17.275,-8.612499999999997,-1.5875,1.6124999999999998,28.212500000000006,0.375,-0.9874999999999998,-1.2875,-32.1875,1.1375,-45.025000000000006
72258.2375,301249.0875,-2059.375,395678.4,-12354.224999999977,89501.02500000002,324374.9,-2057.5625,336913.8125,163646.2875,-11.4,-12.275,31.387500000000003,-0.5874999999999999,-3.3875,1.2125000000000057,-0.625,0.012500000000000178,-0.2875000000000001,-24.1875,5.1375,-17.025000000000006
67199.2375,321257.0875,-2295.375,370202.4,19924.775000000023,84730.02500000002,355154.9,-5150.5625,405940.8125,189805.2875,10.6,15.725,-13.612499999999997,-13.5875,-7.3875,23.212500000000006,-0.625,0.012500000000000178,-1.2875,0.8125,1.1375,-2.0250000000000057
56471.2375,335018.0875,-4469.375,376092.4,30522.775000000023,73906.02500000002,406076.9,-3299.5625,404813.8125,141562.2875,-13.4,-20.275,-12.612499999999997,15.4125,23.6125,-22.787499999999994,0.375,-0.9874999999999998,0.7124999999999999,-2.1875,-3.8625,2.9749999999999943
49873.2375,382017.0875,-4215.375,379828.4,-14156.224999999977,70371.02500000002,480036.9,-3200.5625,425422.8125,129789.2875,-2.4,-1.275,-0.6124999999999972,5.4125,5.6125,13.212500000000006,-0.625,-0.9874999999999998,-0.2875000000000001,1.8125,4.1375,12.974999999999994
40057.2375,405847.0875,-2965.375,374097.4,3612.7750000000233,63319.02500000002,491899.9,-4712.5625,444305.8125,153064.2875,5.6,-2.275,-2.612499999999997,11.4125,-2.3875,-12.787499999999994,0.375,-0.9874999999999998,1.7125,6.8125,5.1375,0.9749999999999943
39835.2375,381901.0875,-3642.375,369519.4,3051.7750000000233,56083.02500000002,504605.9,-4396.5625,443724.8125,135277.2875,-5.4,-7.275,5.387500000000003,-1.5875,-1.3875000000000002,3.2125000000000057,0.375,0.012500000000000178,0.7124999999999999,-6.1875,3.1375,-9.025000000000006
38168.2375,343808.0875,-6086.375,352551.4,-874.2249999999767,65949.02500000002,469502.9,-3989.5625,422302.8125,104125.2875,-1.4,-2.275,-5.612499999999997,-5.5875,-9.3875,5.212500000000006,0.375,0.012500000000000178,0.7124999999999999,0.8125,4.1375,-3.0250000000000057
41177.2375,319456.0875,-6236.375,343505.4,-5114.224999999977,72067.02500000002,380840.9,-3636.5625,398639.8125,87399.2875,1.6,2.725,0.38750000000000284,3.4125,1.6124999999999998,-0.7874999999999943,0.375,0.012500000000000178,-0.2875000000000001,-1.1875,-2.8625,0.9749999999999943
31463.237500000003,303442.0875,-6031.375,331910.4,-11783.224999999977,62601.02500000002,353387.9,-3798.5625,356507.8125,65458.287500000006,-3.4,1.725,8.387500000000003,-15.5875,1.6124999999999998,7.212500000000006,-0.625,0.012500000000000178,-0.2875000000000001,-5.1875,-0.8625,-8.025000000000006
35645.2375,285942.0875,-7111.375,325529.4,-9134.224999999977,54826.02500000002,325104.9,-3379.5625,357065.8125,61838.287500000006,-0.3999999999999999,-0.275,3.387500000000003,6.4125,-3.3875,-4.787499999999994,-0.625,0.012500000000000178,-0.2875000000000001,7.8125,-0.8625,5.974999999999994
46359.2375,278030.0875,-7536.375,310452.4,-4849.224999999977,44243.02500000002,303702.9,-3105.5625,334153.8125,58229.287500000006,8.6,-8.275,-13.612499999999997,10.4125,3.6125,-6.787499999999994,0.375,-0.9874999999999998,-0.2875000000000001,-6.1875,-0.8625,-2.0250000000000057
36779.2375,267914.0875,-8721.375,300755.4,16775.775000000023,53013.02500000002,294502.9,-3291.5625,320386.8125,41158.287500000006,-3.4,1.725,7.387500000000003,-7.5875,0.6124999999999998,21.212500000000006,0.375,0.012500000000000178,-0.2875000000000001,2.8125,3.1375,0.9749999999999943
42341.2375,265379.0875,-8655.375,297895.4,9607.775000000023,50138.02500000002,285143.9,-3207.5625,314382.8125,29772.287500000006,0.6000000000000001,-4.275,3.387500000000003,-0.5874999999999999,-1.3875000000000002,3.2125000000000057,-0.625,0.012500000000000178,-0.2875000000000001,-2.1875,1.1375,-9.025000000000006
33552.2375,270482.0875,-7878.375,281516.4,5428.775000000023,36175.02500000002,283964.9,-2890.5625,298217.8125,25387.287500000006,5.6,-0.275,-6.612499999999997,9.4125,-7.3875,-13.787499999999994,0.375,0.012500000000000178,0.7124999999999999,3.8125,0.1375,1.9749999999999943
17725.237500000003,281932.0875,-7537.375,292206.4,6890.775000000023,39826.02500000002,288427.9,-3121.5625,302830.8125,25613.287500000006,0.6000000000000001,-3.275,3.387500000000003,6.4125,-3.3875,3.2125000000000057,0.375,0.012500000000000178,0.7124999999999999,-1.1875,0.1375,1.9749999999999943
18270.237500000003,289721.0875,-7249.375,311017.4,8608.775000000023,54124.02500000002,303503.9,-3482.5625,318129.8125,28644.287500000006,-0.3999999999999999,1.725,0.38750000000000284,-14.5875,-0.3875000000000002,11.212500000000006,0.375,1.0125000000000002,-0.2875000000000001,2.8125,-0.8625,2.9749999999999943
35911.2375,296766.0875,-6721.375,320802.4,8856.775000000023,28707.025000000023,318687.9,-3573.5625,332561.8125,34528.287500000006,1.6,-3.275,-5.612499999999997,0.4125000000000001,6.6125,-0.7874999999999943,0.375,0.012500000000000178,-0.2875000000000001,-1.1875,-0.8625,-1.0250000000000057
6640.237500000003,313638.0875,-7140.375,328859.4,4963.775000000023,53130.02500000002,351427.9,-3785.5625,347450.8125,47087.287500000006,0.6000000000000001,-0.275,3.387500000000003,-3.5875,6.6125,10.212500000000006,0.375,0.012500000000000178,-0.2875000000000001,-0.1875,5.1375,0.9749999999999943
10015.237500000003,325926.0875,-6673.375,333047.4,5448.775000000023,63417.02500000002,363303.9,-4140.5625,366621.8125,50653.287500000006,1.6,0.725,-0.6124999999999972,4.4125,-1.3875000000000002,-2.7874999999999943,0.375,0.012500000000000178,0.7124999999999999,1.8125,2.1375,2.9749999999999943
13492.237500000003,326109.0875,-6327.375,346846.4,7650.775000000023,61822.02500000002,373620.9,-4226.5625,378870.8125,58171.287500000006,0.6000000000000001,-1.275,0.38750000000000284,-0.5874999999999999,-2.3875,2.2125000000000057,0.375,0.012500000000000178,0.7124999999999999,1.8125,1.1375,0.9749999999999943
14877.237500000003,323687.0875,-6540.375,351892.4,9678.775000000023,61160.02500000002,380531.9,-4056.5625,385716.8125,63511.287500000006,2.6,-2.275,-3.612499999999997,7.4125,1.6124999999999998,-2.7874999999999943,0.375,0.012500000000000178,0.7124999999999999,0.8125,0.1375,1.9749999999999943
23008.237500000003,314139.0875,-6914.375,348472.4,11298.775000000023,62353.02500000002,381030.9,-3744.5625,388153.8125,66681.2875,0.6000000000000001,-0.275,2.387500000000003,-2.5875,1.6124999999999998,4.212500000000006,0.375,-0.9874999999999998,-0.2875000000000001,1.8125,0.1375,2.9749999999999943
29512.237500000003,306432.0875,-6995.375,333480.4,7635.775000000023,65273.02500000002,363507.9,-3936.5625,378016.8125,64658.287500000006,0.6000000000000001,-0.275,0.38750000000000284,3.4125,1.6124999999999998,-0.7874999999999943,-0.625,0.012500000000000178,-0.2875000000000001,0.8125,0.1375,0.9749999999999943
33178.2375,308162.0875,-7380.375,318747.4,6008.775000000023,63755.02500000002,355393.9,-3977.5625,362362.8125,58465.287500000006,-0.3999999999999999,0.725,1.3875000000000028,0.4125000000000001,0.6124999999999998,0.21250000000000568,0.375,0.012500000000000178,-0.2875000000000001,-1.1875,0.1375,-0.025000000000005684
36331.2375,324701.0875,-7323.375,306653.4,5135.775000000023,60230.02500000002,348030.9,-3983.5625,337577.8125,48085.287500000006,0.6000000000000001,-1.275,-0.6124999999999972,1.4125,-1.3875000000000002,0.21250000000000568,0.375,0.012500000000000178,-0.2875000000000001,-1.1875,-0.8625,1.9749999999999943
39433.2375,328203.0875,-7217.375,297817.4,5190.775000000023,56833.02500000002,345016.9,-4082.5625,333793.8125,48504.287500000006,-0.3999999999999999,-0.275,0.38750000000000284,-0.5874999999999999,-2.3875,-0.7874999999999943,0.375,0.012500000000000178,-0.2875000000000001,-0.1875,-2.8625,-2.0250000000000057
42692.2375,332016.0875,-6903.375,284299.4,5709.775000000023,53475.02500000002,343523.9,-3860.5625,329376.8125,47771.287500000006,-0.3999999999999999,-0.275,-0.6124999999999972,-1.5875,-2.3875,0.21250000000000568,0.375,-0.9874999999999998,-0.2875000000000001,-0.1875,-0.8625,-0.025000000000005684
46166.2375,333509.0875,-6831.375,281220.4,5611.775000000023,48599.02500000002,342255.9,-3574.5625,325300.8125,47390.287500000006,-0.3999999999999999,-0.275,0.38750000000000284,1.4125,-0.3875000000000002,-0.7874999999999943,-0.625,0.012500000000000178,0.7124999999999999,-1.1875,0.1375,-0.025000000000005684
46793.2375,336069.0875,-6714.375,283608.4,7539.775000000023,45072.02500000002,342730.9,-3616.5625,325316.8125,49731.287500000006,-0.3999999999999999,-1.275,0.38750000000000284,-1.5875,-0.3875000000000002,1.2125000000000057,-0.625,0.012500000000000178,0.7124999999999999,-1.1875,0.1375,0.9749999999999943
48403.2375,338052.0875,-5874.375,291735.4,7997.775000000023,40175.02500000002,347062.9,-3587.5625,336100.8125,53781.287500000006,-0.3999999999999999,-0.275,0.38750000000000284,-1.5875,0.6124999999999998,0.21250000000000568,-0.625,0.012500000000000178,-0.2875000000000001,-0.1875,0.1375,-0.025000000000005684
52902.2375,339732.0875,-5881.375,299671.4,6629.775000000023,34120.02500000002,360687.9,-3268.5625,339258.8125,63161.287500000006,-1.4,0.725,-0.6124999999999972,0.4125000000000001,-0.3875000000000002,-1.7874999999999943,0.375,0.012500000000000178,0.7124999999999999,-1.1875,0.1375,-0.025000000000005684
54775.2375,341648.0875,-6038.375,298051.4,4183.775000000023,31942.025000000023,365460.9,-3023.5625,337236.8125,63468.287500000006,-0.3999999999999999,0.725,0.38750000000000284,-0.5874999999999999,-0.3875000000000002,1.2125000000000057,0.375,0.012500000000000178,-0.2875000000000001,-1.1875,0.1375,-0.025000000000005684
55019.2375,343415.0875,-5766.375,282595.4,1295.7750000000233,30999.025000000023,370656.9,-2934.5625,333277.8125,62960.287500000006,-1.4,0.725,-0.6124999999999972,0.4125000000000001,-0.3875000000000002,0.21250000000000568,-0.625,0.012500000000000178,-0.2875000000000001,-1.1875,0.1375,-1.0250000000000057
54208.2375,346631.0875,-5534.375,283620.4,-688.2249999999767,30089.025000000023,373614.9,-3073.5625,330164.8125,62238.287500000006,-0.3999999999999999,-0.275,-0.6124999999999972,-0.5874999999999999,-0.3875000000000002,1.2125000000000057,0.375,0.012500000000000178,-0.2875000000000001,-1.1875,0.1375,-0.025000000000005684
53600.2375,347272.0875,-5455.375,289583.4,959.7750000000233,29458.025000000023,371820.9,-3241.5625,329288.8125,61526.287500000006,-1.4,0.725,0.38750000000000284,-0.5874999999999999,0.6124999999999998,0.21250000000000568,-0.625,0.012500000000000178,-0.2875000000000001,-0.1875,0.1375,0.9749999999999943
52493.2375,344444.0875,-5521.375,296743.4,1585.7750000000233,29443.025000000023,366104.9,-3224.5625,330483.8125,59974.287500000006,-0.3999999999999999,0.725,-0.6124999999999972,-0.5874999999999999,0.6124999999999998,0.21250000000000568,0.375,0.012500000000000178,-0.2875000000000001,-1.1875,1.1375,-0.025000000000005684
50662.2375,340144.0875,-5957.375,300940.4,1369.7750000000233,29427.025000000023,360561.9,-3081.5625,330384.8125,57907.287500000006,-0.3999999999999999,0.725,0.38750000000000284,0.4125000000000001,-0.3875000000000002,-0.7874999999999943,0.375,0.012500000000000178,-0.2875000000000001,-0.1875,-0.8625,0.9749999999999943
48596.2375,334204.0875,-6362.375,302012.4,1328.7750000000233,29739.025000000023,356346.9,-3046.5625,331968.8125,55870.287500000006,-0.3999999999999999,-0.275,-0.6124999999999972,-0.5874999999999999,0.6124999999999998,0.21250000000000568,0.375,0.012500000000000178,0.7124999999999999,-1.1875,-0.8625,0.9749999999999943
46603.2375,327954.0875,-6469.375,303428.4,1319.7750000000233,29665.025000000023,352012.9,-2907.5625,334613.8125,56216.287500000006,-0.3999999999999999,1.725,1.3875000000000028,1.4125,-0.3875000000000002,0.21250000000000568,0.375,0.012500000000000178,-0.2875000000000001,0.8125,0.1375,1.9749999999999943
42603.2375,322622.0875,-6617.375,307760.4,1592.7750000000233,29801.025000000023,351443.9,-2724.5625,338828.8125,57085.287500000006,1.6,-1.275,-1.6124999999999972,0.4125000000000001,-0.3875000000000002,-0.7874999999999943,0.375,0.012500000000000178,0.7124999999999999,-0.1875,0.1375,-0.025000000000005684
41778.2375,319256.0875,-6806.375,310361.4,2121.7750000000233,30263.025000000023,350733.9,-2496.5625,345192.8125,57740.287500000006,0.6000000000000001,-2.275,-2.612499999999997,1.4125,-1.3875000000000002,-0.7874999999999943,-0.625,0.012500000000000178,-0.2875000000000001,0.8125,0.1375,-1.0250000000000057
40815.2375,317176.0875,-6642.375,312290.4,2083.7750000000233,30428.025000000023,351775.9,-2532.5625,346400.8125,58244.287500000006,-0.3999999999999999,-1.275,2.387500000000003,1.4125,-1.3875000000000002,0.21250000000000568,-0.625,0.012500000000000178,-0.2875000000000001,-0.1875,0.1375,-1.0250000000000057
39708.2375,317296.0875,-6412.375,313427.4,2492.7750000000233,30153.025000000023,352034.9,-2612.5625,347128.8125,58458.287500000006,1.6,-2.275,-1.6124999999999972,3.4125,-0.3875000000000002,-1.7874999999999943,0.375,0.012500000000000178,-0.2875000000000001,0.8125,-0.8625,0.9749999999999943
39994.2375,321788.0875,-6204.375,311580.4,2614.7750000000233,30899.025000000023,353953.9,-2637.5625,343962.8125,57276.287500000006,1.6,-0.275,0.38750000000000284,1.4125,-0.3875000000000002,-0.7874999999999943,0.375,0.012500000000000178,-0.2875000000000001,1.8125,-0.8625,-0.025000000000005684
41950.2375,325678.0875,-6096.375,308849.4,2210.7750000000233,31753.025000000023,353366.9,-2679.5625,342134.8125,56702.287500000006,1.6,-0.275,-0.6124999999999972,1.4125,-0.3875000000000002,0.21250000000000568,0.375,0.012500000000000178,-0.2875000000000001,-0.1875,0.1375,-0.025000000000005684
44072.2375,327932.0875,-5717.375,301324.4,1612.7750000000233,32420.025000000023,350624.9,-2586.5625,339012.8125,56508.287500000006,1.6,0.725,0.38750000000000284,1.4125,-0.3875000000000002,-0.7874999999999943,0.375,0.012500000000000178,0.7124999999999999,0.8125,0.1375,-0.025000000000005684
45867.2375,331391.0875,-5577.375,299040.4,1410.7750000000233,32656.025000000023,352983.9,-2652.5625,337968.8125,57041.287500000006,1.6,-0.275,0.38750000000000284,1.4125,0.6124999999999998,1.2125000000000057,-0.625,1.0125000000000002,-1.2875,0.8125,0.1375,-0.025000000000005684
46376.2375,334248.0875,-5541.375,298706.4,1423.7750000000233,32608.025000000023,354038.9,-2539.5625,338000.8125,57862.287500000006,0.6000000000000001,0.725,1.3875000000000028,1.4125,-0.3875000000000002,0.21250000000000568,-0.625,-0.9874999999999998,-0.2875000000000001,0.8125,1.1375,-0.025000000000005684
46594.2375,335318.0875,-5349.375,300377.4,1585.7750000000233,32372.025000000023,354761.9,-2423.5625,337868.8125,58123.287500000006,0.6000000000000001,0.725,1.3875000000000028,1.4125,0.6124999999999998,0.21250000000000568,0.375,0.012500000000000178,-0.2875000000000001,0.8125,0.1375,-0.025000000000005684
45838.2375,335665.0875,-5245.375,302075.4,1855.7750000000233,32006.025000000023,354843.9,-2496.5625,337896.8125,57449.287500000006,0.6000000000000001,0.725,-0.6124999999999972,0.4125000000000001,1.6124999999999998,0.21250000000000568,-0.625,0.012500000000000178,-0.2875000000000001,-0.1875,0.1375,0.9749999999999943
43769.2375,333000.0875,-5208.375,304234.4,1120.7750000000233,31461.025000000023,350613.9,-2389.5625,339636.8125,56350.287500000006,-0.3999999999999999,-0.275,1.3875000000000028,0.4125000000000001,0.6124999999999998,-0.7874999999999943,0.375,0.012500000000000178,-0.2875000000000001,-0.1875,0.1375,-0.025000000000005684
43675.2375,329680.0875,-5365.375,304755.4,995.7750000000233,31316.025000000023,349953.9,-2325.5625,340202.8125,55966.287500000006,0.6000000000000001,-0.275,0.38750000000000284,0.4125000000000001,-0.3875000000000002,0.21250000000000568,-0.625,-0.9874999999999998,0.7124999999999999,-0.1875,0.1375,-0.025000000000005684
43986.2375,326954.0875,-5470.375,304797.4,897.7750000000233,31240.025000000023,350043.9,-2266.5625,341017.8125,56058.287500000006,-0.3999999999999999,-0.275,0.38750000000000284,-0.5874999999999999,-0.3875000000000002,-0.7874999999999943,0.375,-0.9874999999999998,0.7124999999999999,-0.1875,0.1375,-1.0250000000000057
43542.2375,325701.0875,-5486.375,305018.4,1026.7750000000233,31031.025000000023,350760.9,-2410.5625,341896.8125,56289.287500000006,-1.4,-0.275,-0.6124999999999972,-0.5874999999999999,-1.3875000000000002,-0.7874999999999943,0.375,-0.9874999999999998,-0.2875000000000001,-1.1875,0.1375,-0.025000000000005684
44019.2375,327177.0875,-5533.375,304980.4,1423.7750000000233,30820.025000000023,352018.9,-2296.5625,342515.8125,56542.287500000006,-1.4,-0.275,-0.6124999999999972,-0.5874999999999999,-0.3875000000000002,-0.7874999999999943,0.375,0.012500000000000178,0.7124999999999999,-1.1875,0.1375,-1.0250000000000057
45132.2375,329236.0875,-5512.375,304330.4,1702.7750000000233,30935.025000000023,353460.9,-2228.5625,341986.8125,57451.287500000006,-1.4,-0.275,-0.6124999999999972,-0.5874999999999999,-0.3875000000000002,-0.7874999999999943,-0.625,0.012500000000000178,0.7124999999999999,-1.1875,0.1375,-0.025000000000005684
46626.2375,331046.0875,-5438.375,302544.4,1573.7750000000233,31067.025000000023,353720.9,-2441.5625,340686.8125,57948.287500000006,-1.4,-0.275,-0.6124999999999972,-0.5874999999999999,-0.3875000000000002,-0.7874999999999943,0.375,0.012500000000000178,0.7124999999999999,-1.1875,-0.8625,0.9749999999999943
47960.2375,332869.0875,-5480.375,299662.4,1406.7750000000233,31403.025000000023,355321.9,-2375.5625,339791.8125,58800.287500000006,-1.4,-0.275,0.38750000000000284,-0.5874999999999999,-0.3875000000000002,0.21250000000000568,-0.625,0.012500000000000178,-0.2875000000000001,-1.1875,0.1375,-0.025000000000005684
48805.2375,335264.0875,-5409.375,294973.4,1302.7750000000233,31436.025000000023,357100.9,-2269.5625,338556.8125,59238.287500000006,-1.4,-0.275,1.3875000000000028,-0.5874999999999999,-0.3875000000000002,0.21250000000000568,-0.625,0.012500000000000178,-0.2875000000000001,-0.1875,0.1375,-0.025000000000005684
49198.2375,336652.0875,-5284.375,295320.4,1300.7750000000233,31226.025000000023,357962.9,-2188.5625,337691.8125,59400.287500000006,-1.4,-0.275,0.38750000000000284,0.4125000000000001,-0.3875000000000002,0.21250000000000568,0.375,0.012500000000000178,-0.2875000000000001,-0.1875,-0.8625,-0.025000000000005684
48887.2375,336967.0875,-5291.375,295875.4,1572.7750000000233,31152.025000000023,357992.9,-2143.5625,336959.8125,59222.287500000006,-0.3999999999999999,-0.275,1.3875000000000028,-0.5874999999999999,-0.3875000000000002,0.21250000000000568,0.375,-0.9874999999999998,0.7124999999999999,-0.1875,0.1375,-0.025000000000005684
48322.2375,336685.0875,-5203.375,296530.4,1198.7750000000233,31241.025000000023,356632.9,-2384.5625,336905.8125,58096.287500000006,-0.3999999999999999,-0.275,-0.6124999999999972,0.4125000000000001,-0.3875000000000002,0.21250000000000568,0.375,-0.9874999999999998,0.7124999999999999,-0.1875,0.1375,-1.0250000000000057
47572.2375,335334.0875,-5106.375,298300.4,786.7750000000233,31308.025000000023,354230.9,-2164.5625,338117.8125,57771.287500000006,-0.3999999999999999,-0.275,-0.6124999999999972,0.4125000000000001,-0.3875000000000002,0.21250000000000568,-0.625,1.0125000000000002,-0.2875000000000001,-0.1875,1.1375,-0.025000000000005684
46432.2375,331309.0875,-5198.375,300929.4,1182.7750000000233,31141.025000000023,352800.9,-2314.5625,338855.8125,57273.287500000006,-0.3999999999999999,0.725,-0.6124999999999972,0.4125000000000001,-0.3875000000000002,-0.7874999999999943,0.375,0.012500000000000178,0.7124999999999999,0.8125,0.1375,-0.025000000000005684
45074.2375,329881.0875,-5341.375,303291.4,1210.7750000000233,30883.025000000023,352569.9,-2288.5625,339413.8125,56939.287500000006,0.6000000000000001,0.725,0.38750000000000284,1.4125,0.6124999999999998,0.21250000000000568,0.375,0.012500000000000178,-0.2875000000000001,-0.1875,0.1375,-0.025000000000005684
43839.2375,328574.0875,-5384.375,307115.4,1332.7750000000233,30589.025000000023,351951.9,-2397.5625,340341.8125,57007.287500000006,0.6000000000000001,0.725,0.38750000000000284,1.4125,0.6124999999999998,0.21250000000000568,-0.625,0.012500000000000178,-0.2875000000000001,-0.1875,0.1375,-0.025000000000005684
43097.2375,326562.0875,-5169.375,307917.4,1133.7750000000233,30430.025000000023,351931.9,-2423.5625,341123.8125,57046.287500000006,0.6000000000000001,-0.275,-1.6124999999999972,1.4125,-0.3875000000000002,0.21250000000000568,0.375,0.012500000000000178,0.7124999999999999,0.8125,1.1375,-0.025000000000005684
42720.2375,324885.0875,-5312.375,308020.4,1019.7750000000233,30616.025000000023,351296.9,-2513.5625,341075.8125,56891.287500000006,0.6000000000000001,-0.275,0.38750000000000284,1.4125,0.6124999999999998,-0.7874999999999943,-0.625,0.012500000000000178,-0.2875000000000001,-0.1875,0.1375,-1.0250000000000057
42588.2375,324463.0875,-5420.375,307808.4,903.7750000000233,30876.025000000023,351116.9,-2562.5625,340980.8125,56733.287500000006,1.6,0.725,-0.6124999999999972,1.4125,0.6124999999999998,-0.7874999999999943,0.375,0.012500000000000178,-0.2875000000000001,0.8125,0.1375,-0.025000000000005684
42861.2375,325042.0875,-5456.375,307565.4,900.7750000000233,31029.025000000023,350053.9,-2612.5625,340753.8125,56548.287500000006,1.6,0.725,-0.6124999999999972,1.4125,0.6124999999999998,-0.7874999999999943,0.375,1.0125000000000002,0.7124999999999999,-0.1875,0.1375,-0.025000000000005684
43338.2375,326614.0875,-5356.375,307157.4,1131.7750000000233,31200.025000000023,350246.9,-2762.5625,340395.8125,56896.287500000006,0.6000000000000001,0.725,0.38750000000000284,1.4125,-0.3875000000000002,0.21250000000000568,-0.625,0.012500000000000178,-0.2875000000000001,0.8125,0.1375,-0.025000000000005684
44003.2375,328377.0875,-5410.375,306480.4,1074.7750000000233,31103.025000000023,351735.9,-2753.5625,340153.8125,56797.287500000006,0.6000000000000001,0.725,0.38750000000000284,0.4125000000000001,0.6124999999999998,-0.7874999999999943,0.375,0.012500000000000178,-0.2875000000000001,-0.1875,0.1375,0.9749999999999943
44698.2375,329804.0875,-5258.375,304153.4,1259.7750000000233,31126.025000000023,352758.9,-2513.5625,339406.8125,56705.287500000006,0.6000000000000001,-0.275,0.38750000000000284,1.4125,-0.3875000000000002,0.21250000000000568,0.375,0.012500000000000178,-0.2875000000000001,0.8125,0.1375,-0.025000000000005684
45522.2375,330669.0875,-5216.375,302669.4,1054.7750000000233,31504.025000000023,353267.9,-2588.5625,339104.8125,56936.287500000006,0.6000000000000001,-0.275,0.38750000000000284,1.4125,-0.3875000000000002,0.21250000000000568,-0.625,0.012500000000000178,0.7124999999999999,-0.1875,0.1375,-1.0250000000000057
46271.2375,331508.0875,-5309.375,301493.4,1106.7750000000233,31647.025000000023,353485.9,-2629.5625,338893.8125,57568.287500000006,-0.3999999999999999,0.725,0.38750000000000284,1.4125,-0.3875000000000002,0.21250000000000568,0.375,0.012500000000000178,-0.2875000000000001,0.8125,0.1375,-1.0250000000000057
46689.2375,331892.0875,-5359.375,300854.4,842.7750000000233,31639.025000000023,354235.9,-2564.5625,338527.8125,57610.287500000006,0.6000000000000001,0.725,-0.6124999999999972,0.4125000000000001,-0.3875000000000002,0.21250000000000568,0.375,0.012500000000000178,0.7124999999999999,-0.1875,-0.8625,0.9749999999999943
46673.2375,331761.0875,-5264.375,300883.4,669.7750000000233,31337.025000000023,354377.9,-2438.5625,338775.8125,57516.287500000006,-0.3999999999999999,-0.275,-1.6124999999999972,0.4125000000000001,-0.3875000000000002,-0.7874999999999943,0.375,0.012500000000000178,-0.2875000000000001,-0.1875,0.1375,0.9749999999999943
46226.2375,331272.0875,-5522.375,301483.4,686.7750000000233,31146.025000000023,354694.9,-2543.5625,339501.8125,57638.287500000006,-0.3999999999999999,-0.275,-0.6124999999999972,-0.5874999999999999,-0.3875000000000002,-0.7874999999999943,0.375,0.012500000000000178,0.7124999999999999,-0.1875,-0.8625,-1.0250000000000057
46075.2375,331083.0875,-5554.375,301677.4,890.7750000000233,31236.025000000023,354303.9,-2474.5625,339708.8125,57239.287500000006,-0.3999999999999999,-0.275,-0.6124999999999972,0.4125000000000001,-1.3875000000000002,0.21250000000000568,0.375,0.012500000000000178,-0.2875000000000001,-1.1875,0.1375,0.9749999999999943
46274.2375,330343.0875,-5552.375,302075.4,866.7750000000233,31116.025000000023,352049.9,-2257.5625,340001.8125,56958.287500000006,-0.3999999999999999,-0.275,0.38750000000000284,-0.5874999999999999,-1.3875000000000002,-0.7874999999999943,-0.625,0.012500000000000178,-0.2875000000000001,-1.1875,0.1375,0.9749999999999943
46346.2375,329408.0875,-5435.375,301998.4,670.7750000000233,31060.025000000023,351534.9,-2230.5625,340264.8125,57141.287500000006,-1.4,-0.275,0.38750000000000284,-0.5874999999999999,-0.3875000000000002,0.21250000000000568,0.375,0.012500000000000178,-0.2875000000000001,-0.1875,0.1375,-0.025000000000005684
46261.2375,329302.0875,-5294.375,301547.4,422.7750000000233,31093.025000000023,352407.9,-2216.5625,339931.8125,57216.287500000006,-1.4,-0.275,-1.6124999999999972,-0.5874999999999999,-0.3875000000000002,0.21250000000000568,-0.625,0.012500000000000178,0.7124999999999999,-1.1875,0.1375,-0.025000000000005684
46956.2375,331846.0875,-5494.375,301068.4,792.7750000000233,30964.025000000023,354172.9,-2202.5625,338767.8125,57617.287500000006,-0.3999999999999999,0.725,-0.6124999999999972,-0.5874999999999999,0.6124999999999998,0.21250000000000568,-0.625,0.012500000000000178,0.7124999999999999,-1.1875,0.1375,0.9749999999999943
47188.2375,333702.0875,-5222.375,300772.4,917.7750000000233,31123.025000000023,354142.9,-2352.5625,338590.8125,57880.287500000006,-0.3999999999999999,0.725,0.38750000000000284,-0.5874999999999999,0.6124999999999998,-0.7874999999999943,0.375,-0.9874999999999998,-1.2875,-1.1875,0.1375,-1.0250000000000057
47269.2375,335003.0875,-5178.375,298807.4,340.7750000000233,31435.025000000023,353337.9,-2477.5625,338318.8125,58013.287500000006,-0.3999999999999999,-0.275,-0.6124999999999972,0.4125000000000001,-0.3875000000000002,0.21250000000000568,-0.625,0.012500000000000178,-0.2875000000000001,-0.1875,1.1375,-0.025000000000005684
47249.2375,334506.0875,-5175.375,299108.4,169.77500000002328,31451.025000000023,353445.9,-2533.5625,338326.8125,58123.287500000006,-0.3999999999999999,-0.275,0.38750000000000284,0.4125000000000001,0.6124999999999998,0.21250000000000568,0.375,-0.9874999999999998,0.7124999999999999,-0.1875,0.1375,-1.0250000000000057
47027.2375,333612.0875,-5328.375,300009.4,206.77500000002328,31438.025000000023,353478.9,-2394.5625,339640.8125,58097.287500000006,-0.3999999999999999,0.725,0.38750000000000284,1.4125,-0.3875000000000002,0.21250000000000568,0.375,0.012500000000000178,0.7124999999999999,-0.1875,0.1375,-0.025000000000005684
46646.2375,332570.0875,-5202.375,301075.4,215.77500000002328,31265.025000000023,353610.9,-2365.5625,340364.8125,57935.287500000006,0.6000000000000001,-0.275,0.38750000000000284,0.4125000000000001,0.6124999999999998,0.21250000000000568,-0.625,0.012500000000000178,-0.2875000000000001,-0.1875,-0.8625,-1.0250000000000057
45832.2375,331241.0875,-5241.375,302312.4,451.7750000000233,31184.025000000023,353071.9,-2408.5625,340787.8125,57620.287500000006,0.6000000000000001,-0.275,0.38750000000000284,1.4125,-0.3875000000000002,0.21250000000000568,0.375,0.012500000000000178,0.7124999999999999,-0.1875,0.1375,0.9749999999999943
44652.2375,329978.0875,-5325.375,303412.4,592.7750000000233,31073.025000000023,352105.9,-2552.5625,341392.8125,57472.287500000006,0.6000000000000001,-0.275,-0.6124999999999972,1.4125,0.6124999999999998,0.21250000000000568,-0.625,0.012500000000000178,-0.2875000000000001,0.8125,-0.8625,0.9749999999999943
44280.2375,328735.0875,-5582.375,305476.4,662.7750000000233,30871.025000000023,350930.9,-2443.5625,341865.8125,57346.287500000006,0.6000000000000001,0.725,0.38750000000000284,0.4125000000000001,-0.3875000000000002,0.21250000000000568,-0.625,0.012500000000000178,-0.2875000000000001,0.8125,0.1375,-0.025000000000005684
43987.2375,327609.0875,-5614.375,305931.4,701.7750000000233,30876.025000000023,352593.9,-2504.5625,342092.8125,57419.287500000006,0.6000000000000001,-0.275,-0.6124999999999972,1.4125,-0.3875000000000002,-0.7874999999999943,0.375,0.012500000000000178,-0.2875000000000001,-0.1875,0.1375,-0.025000000000005684
43855.2375,327186.0875,-5624.375,306253.4,607.7750000000233,30871.025000000023,351814.9,-2637.5625,342097.8125,57641.287500000006,0.6000000000000001,-0.275,-0.6124999999999972,1.4125,-0.3875000000000002,0.21250000000000568,-0.625,0.012500000000000178,-0.2875000000000001,0.8125,0.1375,-0.025000000000005684
43831.2375,327767.0875,-5470.375,305992.4,630.7750000000233,30906.025000000023,351512.9,-2483.5625,341703.8125,57804.287500000006,0.6000000000000001,0.725,-0.6124999999999972,0.4125000000000001,-0.3875000000000002,0.21250000000000568,0.375,0.012500000000000178,-0.2875000000000001,-0.1875,0.1375,-0.025000000000005684
44087.2375,328601.0875,-5439.375,305533.4,769.7750000000233,30897.025000000023,351914.9,-2490.5625,340942.8125,57564.287500000006,0.6000000000000001,0.725,-0.6124999999999972,1.4125,0.6124999999999998,0.21250000000000568,0.375,-0.9874999999999998,-0.2875000000000001,-0.1875,0.1375,-1.0250000000000057
44633.2375,329371.0875,-5423.375,304972.4,752.7750000000233,30990.025000000023,352590.9,-2507.5625,340143.8125,57290.287500000006,0.6000000000000001,0.725,0.38750000000000284,0.4125000000000001,-0.3875000000000002,0.21250000000000568,0.375,0.012500000000000178,-0.2875000000000001,0.8125,-0.8625,-0.025000000000005684
45262.2375,330249.0875,-5427.375,304389.4,570.7750000000233,31357.025000000023,352880.9,-2552.5625,339768.8125,57555.287500000006,-0.3999999999999999,-0.275,-0.6124999999999972,0.4125000000000001,0.6124999999999998,0.21250000000000568,0.375,0.012500000000000178,-0.2875000000000001,0.8125,0.1375,-0.025000000000005684
46193.2375,331238.0875,-5340.375,302682.4,679.7750000000233,31381.025000000023,352518.9,-2648.5625,339303.8125,57899.287500000006,-0.3999999999999999,-0.275,1.3875000000000028,0.4125000000000001,-0.3875000000000002,0.21250000000000568,-0.625,1.0125000000000002,0.7124999999999999,-0.1875,0.1375,0.9749999999999943
46401.2375,332342.0875,-5219.375,301933.4,722.7750000000233,31320.025000000023,353788.9,-2557.5625,339239.8125,57918.287500000006,-0.3999999999999999,-0.275,0.38750000000000284,0.4125000000000001,-0.3875000000000002,0.21250000000000568,0.375,0.012500000000000178,-0.2875000000000001,-0.1875,0.1375,-1.0250000000000057
46704.2375,332659.0875,-5180.375,301732.4,791.7750000000233,31418.025000000023,353960.9,-2495.5625,339172.8125,57646.287500000006,0.6000000000000001,-0.275,-0.6124999999999972,-0.5874999999999999,-0.3875000000000002,-0.7874999999999943,0.375,0.012500000000000178,-0.2875000000000001,0.8125,0.1375,-0.025000000000005684
46759.2375,332198.0875,-5238.375,302028.4,756.7750000000233,31375.025000000023,352889.9,-2544.5625,339359.8125,57749.287500000006,-0.3999999999999999,-0.275,0.38750000000000284,0.4125000000000001,-0.3875000000000002,0.21250000000000568,0.375,0.012500000000000178,-0.2875000000000001,-0.1875,0.1375,-0.025000000000005684
46303.2375,332100.0875,-5317.375,302047.4,742.7750000000233,31247.025000000023,351850.9,-2391.5625,339375.8125,57417.287500000006,-0.3999999999999999,-0.275,-0.6124999999999972,0.4125000000000001,-0.3875000000000002,-0.7874999999999943,0.375,0.012500000000000178,-0.2875000000000001,-0.1875,0.1375,-1.0250000000000057
46006.2375,331974.0875,-5190.375,302147.4,502.7750000000233,30968.025000000023,352395.9,-2316.5625,339370.8125,57355.287500000006,-0.3999999999999999,-0.275,-0.6124999999999972,-0.5874999999999999,0.6124999999999998,-0.7874999999999943,0.375,0.012500000000000178,-0.2875000000000001,-0.1875,-0.8625,-1.0250000000000057
45880.2375,331244.0875,-5416.375,302525.4,305.7750000000233,30927.025000000023,352342.9,-2291.5625,340484.8125,57436.287500000006,-0.3999999999999999,-0.275,0.38750000000000284,-0.5874999999999999,0.6124999999999998,0.21250000000000568,0.375,0.012500000000000178,-0.2875000000000001,-1.1875,0.1375,-0.025000000000005684
46090.2375,331098.0875,-5214.375,302702.4,200.77500000002328,31083.025000000023,352077.9,-2145.5625,340858.8125,57560.287500000006,-0.3999999999999999,0.725,0.38750000000000284,0.4125000000000001,0.6124999999999998,0.21250000000000568,-0.625,-0.9874999999999998,-0.2875000000000001,-0.1875,0.1375,-0.025000000000005684
46319.2375,331201.0875,-5120.375,301897.4,134.77500000002328,31076.025000000023,351909.9,-2215.5625,340427.8125,57641.287500000006,-0.3999999999999999,-0.275,0.38750000000000284,0.4125000000000001,0.6124999999999998,-0.7874999999999943,0.375,-0.9874999999999998,-0.2875000000000001,-0.1875,0.1375,0.9749999999999943
46552.2375,331718.0875,-5190.375,301160.4,102.77500000002328,31030.025000000023,352277.9,-2258.5625,339742.8125,57542.287500000006,-1.4,-0.275,-0.6124999999999972,-0.5874999999999999,-0.3875000000000002,0.21250000000000568,-0.625,0.012500000000000178,0.7124999999999999,-0.1875,0.1375,-0.025000000000005684
46913.2375,332526.0875,-5217.375,300787.4,431.7750000000233,31287.025000000023,352925.9,-2431.5625,339367.8125,57684.287500000006,-0.3999999999999999,0.725,0.38750000000000284,-0.5874999999999999,-1.3875000000000002,0.21250000000000568,0.375,0.012500000000000178,-0.2875000000000001,-0.1875,0.1375,-0.025000000000005684
47243.2375,334197.0875,-5317.375,299921.4,284.7750000000233,31442.025000000023,355259.9,-2429.5625,338810.8125,58268.287500000006,-0.3999999999999999,0.725,-0.6124999999999972,0.4125000000000001,-0.3875000000000002,0.21250000000000568,0.375,0.012500000000000178,-0.2875000000000001,-0.1875,0.1375,-0.025000000000005684
47319.2375,334097.0875,-5563.375,299634.4,171.77500000002328,31398.025000000023,354854.9,-2512.5625,339135.8125,58496.287500000006,-0.3999999999999999,-0.275,0.38750000000000284,0.4125000000000001,0.6124999999999998,0.21250000000000568,-0.625,0.012500000000000178,-1.2875,-0.1875,0.1375,-0.025000000000005684
47283.2375,333427.0875,-5511.375,299974.4,142.77500000002328,31361.025000000023,353894.9,-2385.5625,339463.8125,58577.287500000006,-0.3999999999999999,0.725,-0.6124999999999972,0.4125000000000001,0.6124999999999998,0.21250000000000568,-0.625,0.012500000000000178,-1.2875,-0.1875,0.1375,-0.025000000000005684
46694.2375,332555.0875,-5520.375,300716.4,289.7750000000233,31509.025000000023,353207.9,-2322.5625,339933.8125,57956.287500000006,0.6000000000000001,-0.275,0.38750000000000284,0.4125000000000001,0.6124999999999998,0.21250000000000568,-0.625,0.012500000000000178,-0.2875000000000001,-0.1875,0.1375,-0.025000000000005684
46108.2375,330670.0875,-5334.375,301679.4,331.7750000000233,31346.025000000023,352616.9,-2471.5625,340487.8125,57801.287500000006,0.6000000000000001,-0.275,0.38750000000000284,1.4125,-0.3875000000000002,0.21250000000000568,0.375,0.012500000000000178,-0.2875000000000001,-0.1875,-0.8625,-0.025000000000005684
45580.2375,329663.0875,-5063.375,302882.4,162.77500000002328,31139.025000000023,351331.9,-2474.5625,341153.8125,57595.287500000006,0.6000000000000001,0.725,-0.6124999999999972,1.4125,0.6124999999999998,0.21250000000000568,0.375,0.012500000000000178,-0.2875000000000001,0.8125,0.1375,0.9749999999999943
44976.2375,328972.0875,-5291.375,303722.4,-253.22499999997672,31165.025000000023,349631.9,-2559.5625,341363.8125,57645.287500000006,0.6000000000000001,-0.275,-0.6124999999999972,1.4125,-0.3875000000000002,-0.7874999999999943,0.375,0.012500000000000178,0.7124999999999999,0.8125,0.1375,0.9749999999999943
44609.2375,328759.0875,-5429.375,304173.4,-52.22499999997672,31107.025000000023,350496.9,-2480.5625,341397.8125,57287.287500000006,1.6,0.725,-0.6124999999999972,0.4125000000000001,0.6124999999999998,0.21250000000000568,0.375,0.012500000000000178,-0.2875000000000001,-0.1875,0.1375,-1.0250000000000057
44263.2375,328937.0875,-5430.375,304585.4,169.77500000002328,31177.025000000023,351971.9,-2432.5625,341133.8125,57385.287500000006,0.6000000000000001,0.725,1.3875000000000028,0.4125000000000001,-0.3875000000000002,0.21250000000000568,0.375,-0.9874999999999998,-0.2875000000000001,-0.1875,0.1375,-1.0250000000000057
44229.2375,329089.0875,-5242.375,304645.4,215.77500000002328,30977.025000000023,351202.9,-2564.5625,340971.8125,57486.287500000006,0.6000000000000001,-0.275,0.38750000000000284,1.4125,0.6124999999999998,0.21250000000000568,-0.625,0.012500000000000178,1.7125,0.8125,0.1375,-0.025000000000005684
44698.2375,329620.0875,-5187.375,304423.4,343.7750000000233,31000.025000000023,351600.9,-2368.5625,340593.8125,57389.287500000006,0.6000000000000001,0.725,0.38750000000000284,0.4125000000000001,0.6124999999999998,0.21250000000000568,0.375,0.012500000000000178,0.7124999999999999,-0.1875,1.1375,-0.025000000000005684
45151.2375,330335.0875,-5263.375,303737.4,106.77500000002328,31506.025000000023,351687.9,-2463.5625,339882.8125,57610.287500000006,0.6000000000000001,-0.275,1.3875000000000028,1.4125,-0.3875000000000002,-0.7874999999999943,0.375,0.012500000000000178,-0.2875000000000001,-0.1875,0.1375,-0.025000000000005684
45642.2375,331124.0875,-5290.375,303206.4,33.77500000002328,31532.025000000023,352168.9,157148.4375,339864.8125,57788.287500000006,0.6000000000000001,0.725,-0.6124999999999972,1.4125,0.6124999999999998,0.21250000000000568,0.375,0.012500000000000178,-0.2875000000000001,0.8125,1.1375,-0.025000000000005684
46080.2375,332136.0875,-5306.375,301997.4,-18.224999999976717,31432.025000000023,353171.9,-2641.5625,339450.8125,57686.287500000006,-0.3999999999999999,-0.275,0.38750000000000284,-0.5874999999999999,0.6124999999999998,0.21250000000000568,0.375,0.012500000000000178,0.7124999999999999,-1.1875,-1.8625,-2.0250000000000057
46190.2375,331869.0875,-5406.375,301977.4,-20.224999999976717,31388.025000000023,353086.9,-2617.5625,339400.8125,57531.287500000006,-2.4,1.725,3.387500000000003,2.4125,0.6124999999999998,-0.7874999999999943,-0.625,0.012500000000000178,-0.2875000000000001,-2.1875,-0.8625,-3.0250000000000057
46256.2375,331689.0875,-5350.375,301739.4,142.77500000002328,31552.025000000023,351295.9,-2455.5625,340021.8125,57382.287500000006,-1.4,-0.275,-2.612499999999997,1.4125,1.6124999999999998,-0.7874999999999943,-0.625,0.012500000000000178,-0.2875000000000001,2.8125,0.1375,2.9749999999999943
46221.2375,331606.0875,-5322.375,301970.4,702.7750000000233,31481.025000000023,351693.9,-2060.5625,340628.8125,57976.287500000006,-0.3999999999999999,1.725,1.3875000000000028,0.4125000000000001,-1.3875000000000002,-1.7874999999999943,0.375,0.012500000000000178,-1.2875,-1.1875,0.1375,-1.0250000000000057
46299.2375,331596.0875,-5276.375,301940.4,524.7750000000233,31231.025000000023,352722.9,-2187.5625,340566.8125,57871.287500000006,0.6000000000000001,0.725,-2.612499999999997,0.4125000000000001,-1.3875000000000002,-0.7874999999999943,0.375,0.012500000000000178,0.7124999999999999,-2.1875,-0.8625,-1.0250000000000057
46533.2375,330793.0875,-5204.375,301494.4,502.7750000000233,31085.025000000023,353092.9,-2351.5625,340443.8125,57529.287500000006,-0.3999999999999999,-1.275,0.38750000000000284,0.4125000000000001,-2.3875,-1.7874999999999943,-0.625,0.012500000000000178,-0.2875000000000001,-0.1875,3.1375,5.974999999999994
46785.2375,330286.0875,-5120.375,301078.4,522.7750000000233,31096.025000000023,352079.9,-2217.5625,340312.8125,57714.287500000006,-1.4,0.725,-0.6124999999999972,-1.5875,-1.3875000000000002,1.2125000000000057,-0.625,0.012500000000000178,-0.2875000000000001,-2.1875,2.1375,-0.025000000000005684
46865.2375,331359.0875,-5343.375,301166.4,522.7750000000233,31096.025000000023,353319.9,-2150.5625,340358.8125,57981.287500000006,-0.3999999999999999,1.725,-0.6124999999999972,0.4125000000000001,-0.3875000000000002,0.21250000000000568,-0.625,0.012500000000000178,0.7124999999999999,-0.1875,0.1375,2.9749999999999943
46920.2375,332513.0875,-5274.375,300694.4,509.7750000000233,31270.025000000023,353696.9,-2274.5625,339716.8125,58357.287500000006,0.6000000000000001,-1.275,-0.6124999999999972,-0.5874999999999999,-1.3875000000000002,-0.7874999999999943,0.375,0.012500000000000178,-0.2875000000000001,-1.1875,0.1375,1.9749999999999943
47077.2375,332690.0875,-5371.375,299558.4,596.7750000000233,31300.025000000023,353814.9,-2261.5625,339336.8125,58201.287500000006,0.6000000000000001,-0.275,-0.6124999999999972,-0.5874999999999999,-1.3875000000000002,-0.7874999999999943,0.375,-0.9874999999999998,0.7124999999999999,-0.1875,0.1375,-1.0250000000000057
47146.2375,333389.0875,-5338.375,299688.4,427.7750000000233,31650.025000000023,354194.9,-2245.5625,338796.8125,58146.287500000006,-0.3999999999999999,-0.275,0.38750000000000284,0.4125000000000001,0.6124999999999998,0.21250000000000568,0.375,0.012500000000000178,-0.2875000000000001,-1.1875,0.1375,-1.0250000000000057
46395.2375,333299.0875,-5160.375,300279.4,171.77500000002328,31480.025000000023,352879.9,-2264.5625,338877.8125,58317.287500000006,-0.3999999999999999,-0.275,-0.6124999999999972,0.4125000000000001,0.6124999999999998,2.2125000000000057,-0.625,0.012500000000000178,0.7124999999999999,-0.1875,-0.8625,-1.0250000000000057
45977.2375,332838.0875,-5213.375,301222.4,112.77500000002328,31261.025000000023,352668.9,-2511.5625,340478.8125,58373.287500000006,0.6000000000000001,0.725,0.38750000000000284,1.4125,2.6125,1.2125000000000057,0.375,0.012500000000000178,-0.2875000000000001,-0.1875,0.1375,-0.025000000000005684
45701.2375,332049.0875,-5244.375,301841.4,217.77500000002328,31272.025000000023,352202.9,-2513.5625,340701.8125,58070.287500000006,0.6000000000000001,-1.275,1.3875000000000028,1.4125,1.6124999999999998,1.2125000000000057,0.375,-0.9874999999999998,1.7125,-0.1875,0.1375,0.9749999999999943
45285.2375,330109.0875,-4972.375,303532.4,-342.2249999999767,31425.025000000023,350591.9,-2590.5625,340769.8125,57672.287500000006,-0.3999999999999999,0.725,0.38750000000000284,0.4125000000000001,-0.3875000000000002,-0.7874999999999943,-0.625,0.012500000000000178,-0.2875000000000001,0.8125,0.1375,0.9749999999999943
44685.2375,330653.0875,-4850.375,304300.4,134.77500000002328,31128.025000000023,350528.9,-2235.5625,340712.8125,57314.287500000006,0.6000000000000001,-0.275,0.38750000000000284,0.4125000000000001,-0.3875000000000002,-0.7874999999999943,-0.625,1.0125000000000002,0.7124999999999999,-0.1875,0.1375,-0.025000000000005684
44615.2375,331010.0875,-4899.375,304093.4,240.77500000002328,31094.025000000023,350567.9,-2333.5625,340832.8125,57059.287500000006,0.6000000000000001,0.725,0.38750000000000284,1.4125,0.6124999999999998,-0.7874999999999943,0.375,0.012500000000000178,0.7124999999999999,0.8125,0.1375,-0.025000000000005684
45240.2375,331139.0875,-4873.375,303896.4,320.7750000000233,31339.025000000023,349889.9,-2354.5625,340600.8125,57269.287500000006,0.6000000000000001,0.725,-2.612499999999997,1.4125,0.6124999999999998,0.21250000000000568,-0.625,0.012500000000000178,0.7124999999999999,0.8125,0.1375,-0.025000000000005684
45447.2375,331755.0875,-4895.375,303270.4,258.7750000000233,31212.025000000023,351260.9,-2338.5625,340763.8125,57576.287500000006,0.6000000000000001,0.725,-1.6124999999999972,1.4125,-0.3875000000000002,0.21250000000000568,-0.625,0.012500000000000178,-0.2875000000000001,-0.1875,0.1375,0.9749999999999943
45834.2375,332389.0875,-5016.375,302383.4,287.7750000000233,31389.025000000023,352265.9,-2357.5625,340677.8125,58011.287500000006,-0.3999999999999999,-0.275,-0.6124999999999972,1.4125,-0.3875000000000002,1.2125000000000057,0.375,0.012500000000000178,0.7124999999999999,-0.1875,0.1375,-0.025000000000005684
46312.2375,332040.0875,-5151.375,301548.4,351.7750000000233,31559.025000000023,351564.9,-2278.5625,340321.8125,58176.287500000006,0.6000000000000001,-1.275,1.3875000000000028,0.4125000000000001,-1.3875000000000002,0.21250000000000568,0.375,0.012500000000000178,0.7124999999999999,-0.1875,0.1375,1.9749999999999943
46034.2375,332418.0875,-5229.375,302118.4,409.7750000000233,31518.025000000023,352277.9,-2460.5625,340109.8125,57738.287500000006,-0.3999999999999999,-0.275,-0.6124999999999972,-0.5874999999999999,-1.3875000000000002,0.21250000000000568,0.375,0.012500000000000178,-0.2875000000000001,-0.1875,0.1375,-0.025000000000005684
45786.2375,331760.0875,-5391.375,302389.4,463.7750000000233,31419.025000000023,352605.9,-2268.5625,340474.8125,57540.287500000006,1.6,-0.275,-0.6124999999999972,1.4125,-1.3875000000000002,-0.7874999999999943,0.375,-0.9874999999999998,0.7124999999999999,-0.1875,-0.8625,-0.025000000000005684
45730.2375,330982.0875,-5269.375,302504.4,547.7750000000233,31313.025000000023,352687.9,-2100.5625,341221.8125,57706.287500000006,0.6000000000000001,-0.275,0.38750000000000284,0.4125000000000001,-0.3875000000000002,-0.7874999999999943,0.375,0.012500000000000178,-0.2875000000000001,-0.1875,0.1375,-1.0250000000000057
45976.2375,331000.0875,-5300.375,302364.4,581.7750000000233,31290.025000000023,353228.9,-2369.5625,341664.8125,58050.287500000006,-0.3999999999999999,-0.275,0.38750000000000284,0.4125000000000001,-0.3875000000000002,0.21250000000000568,0.375,0.012500000000000178,-0.2875000000000001,-0.1875,1.1375,-0.025000000000005684
46110.2375,330877.0875,-5312.375,301982.4,363.7750000000233,31229.025000000023,352711.9,-2312.5625,341608.8125,58206.287500000006,-0.3999999999999999,-0.275,-0.6124999999999972,0.4125000000000001,-0.3875000000000002,0.21250000000000568,0.375,0.012500000000000178,-0.2875000000000001,-0.1875,0.1375,0.9749999999999943
46360.2375,330303.0875,-5231.375,301642.4,441.7750000000233,31277.025000000023,352767.9,-2272.5625,341353.8125,58232.287500000006,-0.3999999999999999,0.725,1.3875000000000028,0.4125000000000001,-0.3875000000000002,0.21250000000000568,0.375,-0.9874999999999998,0.7124999999999999,-0.1875,0.1375,-0.025000000000005684
46344.2375,330851.0875,-5166.375,301652.4,581.7750000000233,31247.025000000023,352726.9,-2265.5625,340496.8125,58267.287500000006,-0.3999999999999999,-0.275,0.38750000000000284,0.4125000000000001,-0.3875000000000002,1.2125000000000057,-0.625,1.0125000000000002,0.7124999999999999,-0.1875,0.1375,-0.025000000000005684
46322.2375,332266.0875,-5147.375,301676.4,288.7750000000233,31152.025000000023,353041.9,-2281.5625,340107.8125,58219.287500000006,-0.3999999999999999,-0.275,1.3875000000000028,0.4125000000000001,-0.3875000000000002,0.21250000000000568,-0.625,0.012500000000000178,-0.2875000000000001,-0.1875,0.1375,0.9749999999999943
46576.2375,332555.0875,-5128.375,301405.4,454.7750000000233,31273.025000000023,353476.9,-2123.5625,339949.8125,58327.287500000006,0.6000000000000001,-0.275,-0.6124999999999972,0.4125000000000001,-1.3875000000000002,-0.7874999999999943,0.375,0.012500000000000178,-0.2875000000000001,-0.1875,0.1375,1.9749999999999943
46746.2375,333125.0875,-5118.375,300737.4,481.7750000000233,31362.025000000023,353638.9,-2168.5625,339982.8125,58514.287500000006,-0.3999999999999999,-0.275,0.38750000000000284,0.4125000000000001,-0.3875000000000002,-0.7874999999999943,-1.625,0.012500000000000178,-1.2875,-0.1875,0.1375,-0.025000000000005684
46913.2375,333145.0875,-5043.375,300371.4,281.7750000000233,31267.025000000023,353639.9,-2144.5625,340035.8125,58398.287500000006,0.6000000000000001,-0.275,-0.6124999999999972,1.4125,-0.3875000000000002,0.21250000000000568,-0.625,-0.9874999999999998,0.7124999999999999,-1.1875,0.1375,-1.0250000000000057
47054.2375,332320.0875,-5104.375,300462.4,14.775000000023283,31136.025000000023,353745.9,-2084.5625,340356.8125,58547.287500000006,0.6000000000000001,-0.275,-0.6124999999999972,0.4125000000000001,0.6124999999999998,-0.7874999999999943,0.375,0.012500000000000178,0.7124999999999999,-0.1875,0.1375,-0.025000000000005684
46236.2375,332071.0875,-5152.375,301659.4,111.77500000002328,31482.025000000023,353514.9,-2026.5625,340438.8125,58461.287500000006,0.6000000000000001,-0.275,-2.612499999999997,0.4125000000000001,0.6124999999999998,0.21250000000000568,-0.625,1.0125000000000002,-0.2875000000000001,-0.1875,0.1375,-0.025000000000005684
45901.2375,332743.0875,-5167.375,302256.4,234.77500000002328,31305.025000000023,352492.9,-2379.5625,340078.8125,58295.287500000006,-0.3999999999999999,0.725,0.38750000000000284,0.4125000000000001,0.6124999999999998,1.2125000000000057,0.375,0.012500000000000178,-0.2875000000000001,-0.1875,0.1375,-0.025000000000005684
45643.2375,332481.0875,-5161.375,302781.4,332.7750000000233,31223.025000000023,351521.9,-2401.5625,340137.8125,57976.287500000006,-0.3999999999999999,-0.275,0.38750000000000284,-0.5874999999999999,0.6124999999999998,0.21250000000000568,0.375,0.012500000000000178,-0.2875000000000001,-0.1875,0.1375,-1.0250000000000057
45628.2375,332106.0875,-5106.375,303101.4,217.77500000002328,31165.025000000023,351324.9,-2278.5625,340401.8125,57682.287500000006,0.6000000000000001,-0.275,0.38750000000000284,0.4125000000000001,-0.3875000000000002,-0.7874999999999943,0.375,0.012500000000000178,-0.2875000000000001,-0.1875,0.1375,0.9749999999999943
45726.2375,331948.0875,-5069.375,302991.4,135.77500000002328,31171.025000000023,351784.9,-2284.5625,340528.8125,57833.287500000006,0.6000000000000001,0.725,-0.6124999999999972,0.4125000000000001,-0.3875000000000002,-0.7874999999999943,0.375,-0.9874999999999998,-0.2875000000000001,-0.1875,0.1375,-0.025000000000005684
45739.2375,331412.0875,-5162.375,302551.4,188.77500000002328,31278.025000000023,351878.9,-2200.5625,340602.8125,58119.287500000006,-0.3999999999999999,-0.275,0.38750000000000284,0.4125000000000001,-0.3875000000000002,0.21250000000000568,0.375,0.012500000000000178,-0.2875000000000001,-0.1875,1.1375,-1.0250000000000057
46109.2375,331435.0875,-5118.375,302197.4,223.77500000002328,31268.025000000023,351015.9,-2488.5625,340792.8125,58266.287500000006,0.6000000000000001,-0.275,0.38750000000000284,1.4125,0.6124999999999998,-0.7874999999999943,0.375,0.012500000000000178,0.7124999999999999,-0.1875,0.1375,-0.025000000000005684
46049.2375,331823.0875,-5116.375,302172.4,233.77500000002328,31488.025000000023,351744.9,-2310.5625,340617.8125,58186.287500000006,-0.3999999999999999,0.725,-0.6124999999999972,1.4125,-0.3875000000000002,0.21250000000000568,-0.625,0.012500000000000178,0.7124999999999999,-0.1875,-0.8625,0.9749999999999943
46216.2375,332384.0875,-5446.375,302467.4,407.7750000000233,31320.025000000023,352417.9,-2395.5625,340651.8125,58108.287500000006,0.6000000000000001,0.725,0.38750000000000284,0.4125000000000001,0.6124999999999998,1.2125000000000057,0.375,0.012500000000000178,-0.2875000000000001,-0.1875,0.1375,0.9749999999999943
45931.2375,332160.0875,-5258.375,302188.4,612.7750000000233,31316.025000000023,352475.9,-2322.5625,340802.8125,58205.287500000006,0.6000000000000001,-0.275,-0.6124999999999972,1.4125,-0.3875000000000002,0.21250000000000568,0.375,-0.9874999999999998,-0.2875000000000001,-0.1875,0.1375,-0.025000000000005684
45874.2375,331589.0875,-5298.375,302165.4,147.77500000002328,31424.025000000023,352130.9,-2395.5625,341169.8125,58181.287500000006,0.6000000000000001,0.725,0.38750000000000284,1.4125,-0.3875000000000002,0.21250000000000568,0.375,-0.9874999999999998,-0.2875000000000001,-0.1875,0.1375,-0.025000000000005684
45797.2375,330738.0875,-5218.375,302342.4,377.7750000000233,31319.025000000023,351692.9,-2210.5625,341603.8125,58271.287500000006,-0.3999999999999999,0.725,0.38750000000000284,0.4125000000000001,-0.3875000000000002,0.21250000000000568,0.375,0.012500000000000178,-0.2875000000000001,-0.1875,0.1375,-0.025000000000005684
45797.2375,330429.0875,-5273.375,302369.4,355.7750000000233,31399.025000000023,351739.9,-2151.5625,341511.8125,58421.287500000006,-0.3999999999999999,-0.275,0.38750000000000284,0.4125000000000001,0.6124999999999998,-0.7874999999999943,0.375,0.012500000000000178,-0.2875000000000001,-0.1875,0.1375,-1.0250000000000057
45642.2375,330800.0875,-5280.375,302639.4,116.77500000002328,31148.025000000023,351824.9,-2549.5625,341585.8125,58610.287500000006,-0.3999999999999999,-0.275,0.38750000000000284,0.4125000000000001,-0.3875000000000002,-0.7874999999999943,0.375,0.012500000000000178,0.7124999999999999,0.8125,0.1375,-0.025000000000005684
45598.2375,331107.0875,-5311.375,302606.4,158.77500000002328,31268.025000000023,352088.9,-2435.5625,341408.8125,58389.287500000006,-0.3999999999999999,-0.275,0.38750000000000284,0.4125000000000001,-0.3875000000000002,-0.7874999999999943,0.375,0.012500000000000178,-0.2875000000000001,-0.1875,0.1375,0.9749999999999943
45782.2375,331577.0875,-5326.375,302149.4,215.77500000002328,31416.025000000023,352802.9,-2309.5625,340940.8125,58058.287500000006,0.6000000000000001,-0.275,-0.6124999999999972,1.4125,-0.3875000000000002,0.21250000000000568,0.375,0.012500000000000178,-0.2875000000000001,-1.1875,0.1375,-0.025000000000005684
46214.2375,331915.0875,-5340.375,301665.4,206.77500000002328,31397.025000000023,352726.9,-2172.5625,340667.8125,58062.287500000006,-0.3999999999999999,-0.275,-0.6124999999999972,0.4125000000000001,0.6124999999999998,0.21250000000000568,0.375,0.012500000000000178,0.7124999999999999,0.8125,0.1375,-0.025000000000005684
46465.2375,332377.0875,-5189.375,301320.4,420.7750000000233,31352.025000000023,352623.9,-2122.5625,340547.8125,58180.287500000006,-0.3999999999999999,0.725,-0.6124999999999972,0.4125000000000001,0.6124999999999998,0.21250000000000568,-0.625,0.012500000000000178,0.7124999999999999,0.8125,0.1375,-0.025000000000005684
46587.2375,332321.0875,-5156.375,300944.4,461.7750000000233,31510.025000000023,353041.9,-2304.5625,340391.8125,58648.287500000006,-0.3999999999999999,0.725,0.38750000000000284,0.4125000000000001,-0.3875000000000002,0.21250000000000568,-0.625,1.0125000000000002,0.7124999999999999,-0.1875,0.1375,-0.025000000000005684
46733.2375,332514.0875,-5295.375,300616.4,250.77500000002328,31492.025000000023,353299.9,-2191.5625,340282.8125,58434.287500000006,-0.3999999999999999,0.725,-0.6124999999999972,-0.5874999999999999,-0.3875000000000002,0.21250000000000568,-0.625,0.012500000000000178,0.7124999999999999,-0.1875,0.1375,-0.025000000000005684
46535.2375,332536.0875,-5104.375,301562.4,226.77500000002328,31322.025000000023,352323.9,-2364.5625,340172.8125,58154.287500000006,-0.3999999999999999,-0.275,0.38750000000000284,-0.5874999999999999,-0.3875000000000002,-0.7874999999999943,-0.625,0.012500000000000178,-0.2875000000000001,-0.1875,0.1375,0.9749999999999943
46418.2375,332866.0875,-5068.375,301842.4,101.77500000002328,31354.025000000023,351953.9,-2439.5625,340430.8125,58097.287500000006,-0.3999999999999999,0.725,-0.6124999999999972,0.4125000000000001,-0.3875000000000002,0.21250000000000568,-0.625,0.012500000000000178,0.7124999999999999,-1.1875,0.1375,-0.025000000000005684
46293.2375,332522.0875,-5116.375,301677.4,-65.22499999997672,31433.025000000023,351684.9,-2436.5625,340493.8125,58163.287500000006,0.6000000000000001,-0.275,-1.6124999999999972,0.4125000000000001,0.6124999999999998,0.21250000000000568,0.375,-0.9874999999999998,-0.2875000000000001,-0.1875,0.1375,-1.0250000000000057
46231.2375,332249.0875,-5173.375,301950.4,155.77500000002328,31226.025000000023,352352.9,-2452.5625,340474.8125,58163.287500000006,-0.3999999999999999,0.725,-0.6124999999999972,0.4125000000000001,-0.3875000000000002,0.21250000000000568,0.375,-0.9874999999999998,-0.2875000000000001,-0.1875,0.1375,-1.0250000000000057
46268.2375,332413.0875,-5300.375,301970.4,-60.22499999997672,31447.025000000023,352769.9,-2398.5625,340318.8125,58007.287500000006,-0.3999999999999999,-0.275,-0.6124999999999972,0.4125000000000001,-0.3875000000000002,-0.7874999999999943,-0.625,0.012500000000000178,0.7124999999999999,-0.1875,0.1375,0.9749999999999943
46414.2375,332387.0875,-5505.375,302053.4,146.77500000002328,31494.025000000023,351652.9,-2323.5625,340160.8125,57994.287500000006,-0.3999999999999999,-0.275,0.38750000000000284,1.4125,-0.3875000000000002,0.21250000000000568,-0.625,0.012500000000000178,0.7124999999999999,-0.1875,0.1375,-0.025000000000005684
46310.2375,332574.0875,-5081.375,301747.4,186.77500000002328,31357.025000000023,351875.9,-2313.5625,340062.8125,57867.287500000006,-0.3999999999999999,-0.275,0.38750000000000284,0.4125000000000001,-0.3875000000000002,-0.7874999999999943,0.375,0.012500000000000178,0.7124999999999999,-0.1875,0.1375,-1.0250000000000057
46526.2375,332518.0875,-5132.375,301477.4,114.77500000002328,31449.025000000023,352396.9,-2262.5625,340181.8125,58234.287500000006,-0.3999999999999999,0.725,0.38750000000000284,1.4125,0.6124999999999998,0.21250000000000568,0.375,0.012500000000000178,-0.2875000000000001,0.8125,0.1375,0.9749999999999943
46604.2375,332204.0875,-5169.375,301515.4,129.77500000002328,31318.025000000023,352988.9,-2219.5625,340441.8125,58553.287500000006,0.6000000000000001,-0.275,1.3875000000000028,1.4125,-0.3875000000000002,0.21250000000000568,-0.625,0.012500000000000178,-0.2875000000000001,0.8125,0.1375,-0.025000000000005684
46367.2375,331861.0875,-5216.375,301650.4,115.77500000002328,31354.025000000023,352785.9,-2304.5625,340696.8125,58484.287500000006,-0.3999999999999999,0.725,-0.6124999999999972,1.4125,-0.3875000000000002,0.21250000000000568,-0.625,0.012500000000000178,0.7124999999999999,-0.1875,0.1375,-0.025000000000005684
46011.2375,331810.0875,-5084.375,302067.4,256.7750000000233,31479.025000000023,351194.9,-2316.5625,340811.8125,58195.287500000006,0.6000000000000001,-0.275,-0.6124999999999972,1.4125,0.6124999999999998,0.21250000000000568,0.375,0.012500000000000178,-0.2875000000000001,0.8125,0.1375,-1.0250000000000057
45756.2375,331612.0875,-5227.375,302657.4,295.7750000000233,31437.025000000023,351350.9,-2345.5625,340906.8125,58095.287500000006,0.6000000000000001,-0.275,0.38750000000000284,0.4125000000000001,-0.3875000000000002,0.21250000000000568,0.375,0.012500000000000178,0.7124999999999999,-0.1875,0.1375,-0.025000000000005684
45514.2375,331189.0875,-5279.375,303107.4,147.77500000002328,31263.025000000023,351650.9,-2452.5625,340964.8125,58054.287500000006,-0.3999999999999999,-0.275,0.38750000000000284,0.4125000000000001,-0.3875000000000002,0.21250000000000568,-0.625,0.012500000000000178,-0.2875000000000001,-0.1875,0.1375,-1.0250000000000057
45463.2375,331160.0875,-5247.375,303264.4,26.775000000023283,31276.025000000023,351397.9,-2398.5625,341116.8125,57990.287500000006,0.6000000000000001,-0.275,1.3875000000000028,0.4125000000000001,-0.3875000000000002,0.21250000000000568,0.375,0.012500000000000178,0.7124999999999999,0.8125,-0.8625,-0.025000000000005684
45596.2375,331094.0875,-5361.375,303041.4,181.77500000002328,31408.025000000023,350520.9,-2268.5625,341022.8125,57908.287500000006,0.6000000000000001,-0.275,0.38750000000000284,0.4125000000000001,0.6124999999999998,-0.7874999999999943,-0.625,0.012500000000000178,0.7124999999999999,-0.1875,-0.8625,0.9749999999999943
45901.2375,331511.0875,-5395.375,302746.4,117.77500000002328,31423.025000000023,351460.9,-2383.5625,341041.8125,58038.287500000006,0.6000000000000001,0.725,0.38750000000000284,1.4125,-0.3875000000000002,0.21250000000000568,0.375,0.012500000000000178,0.7124999999999999,-0.1875,0.1375,-0.025000000000005684
46116.2375,331936.0875,-5220.375,302396.4,81.77500000002328,31776.025000000023,352231.9,-2361.5625,340766.8125,58086.287500000006,-0.3999999999999999,0.725,-0.6124999999999972,0.4125000000000001,-0.3875000000000002,0.21250000000000568,0.375,-0.9874999999999998,-0.2875000000000001,0.8125,0.1375,-0.025000000000005684
46167.2375,332103.0875,-5292.375,301961.4,3.775000000023283,31618.025000000023,352841.9,-2215.5625,340368.8125,58182.287500000006,-0.3999999999999999,-0.275,0.38750000000000284,0.4125000000000001,0.6124999999999998,0.21250000000000568,0.375,0.012500000000000178,-0.2875000000000001,-0.1875,-0.8625,-0.025000000000005684
46388.2375,332478.0875,-5290.375,301422.4,252.77500000002328,31459.025000000023,352467.9,-2395.5625,340004.8125,58341.287500000006,-0.3999999999999999,0.725,1.3875000000000028,0.4125000000000001,-0.3875000000000002,1.2125000000000057,0.375,1.0125000000000002,-0.2875000000000001,-0.1875,0.1375,-0.025000000000005684
46565.2375,332844.0875,-5152.375,301173.4,154.77500000002328,31544.025000000023,353295.9,-2373.5625,339812.8125,58272.287500000006,0.6000000000000001,0.725,-0.6124999999999972,0.4125000000000001,-0.3875000000000002,0.21250000000000568,0.375,0.012500000000000178,0.7124999999999999,-0.1875,0.1375,0.9749999999999943
46745.2375,332898.0875,-5329.375,300765.4,146.77500000002328,31460.025000000023,352547.9,-2334.5625,340073.8125,58231.287500000006,-0.3999999999999999,0.725,0.38750000000000284,0.4125000000000001,-0.3875000000000002,-0.7874999999999943,0.375,0.012500000000000178,-0.2875000000000001,-1.1875,0.1375,-0.025000000000005684
