FPI,SPI,AI,SFI,FFI,FPD,SPD,AD,SFD,FFD,API_X,API_Y,API_Z,APD_X,APD_Y,APD_Z,AFD_X,AFD_Y,AFD_Z,AFI_X,AFI_Y,AFI_Z
8536.850000000006,472.7125000000233,15013.125,163.07500000001164,3044.6375000000116,16052.337500000023,-330.3125,8247.837499999994,-660.0374999999985,2313.3875000000116,-0.6124999999999998,-0.025000000000000022,-1.4500000000000028,0.02499999999999991,0.5625,-1.2249999999999943,0.1125,0.25,-0.2250000000000001,0.675,0.15,-0.4625000000000057
8639.850000000006,301.7125000000233,15073.125,24.07500000001164,3072.6375000000116,15977.337500000023,116.6875,8232.837499999994,-648.0374999999985,2201.3875000000116,0.3875000000000002,-0.025000000000000022,0.5499999999999972,-0.9750000000000001,-0.4375,-0.22499999999999432,0.1125,0.25,-0.2250000000000001,-0.32499999999999996,-0.85,-0.4625000000000057
8553.850000000006,95.71250000002328,15090.125,101.07500000001164,3060.6375000000116,16016.337500000023,-663.3125,8187.837499999994,-225.03749999999854,2051.3875000000116,0.3875000000000002,-0.025000000000000022,-1.4500000000000028,-0.9750000000000001,0.5625,-0.22499999999999432,0.1125,0.25,-0.2250000000000001,-0.32499999999999996,0.15,0.5374999999999943
8401.850000000006,240.71250000002328,15149.125,102.07500000001164,3031.6375000000116,15832.337500000023,-193.3125,8038.837499999994,-169.03749999999854,2035.3875000000116,-0.6124999999999998,-0.025000000000000022,-0.45000000000000284,0.02499999999999991,0.5625,-0.22499999999999432,0.1125,0.25,-1.225,0.675,0.15,0.5374999999999943
8324.850000000006,-38.28749999997672,15257.125,113.07500000001164,2999.6375000000116,15847.337500000023,-51.3125,7824.837499999994,-131.03749999999854,1779.3875000000116,0.3875000000000002,-0.025000000000000022,0.5499999999999972,0.02499999999999991,0.5625,-0.22499999999999432,0.1125,0.25,-0.2250000000000001,-0.32499999999999996,0.15,0.5374999999999943
8225.850000000006,-94.28749999997672,15371.125,72.07500000001164,2937.6375000000116,15826.337500000023,263.6875,7906.837499999994,60.962500000001455,1839.3875000000116,0.3875000000000002,-0.025000000000000022,0.5499999999999972,0.02499999999999991,0.5625,-1.2249999999999943,0.1125,0.25,-0.2250000000000001,-0.32499999999999996,0.15,-0.4625000000000057
8223.850000000006,375.7125000000233,15319.125,259.07500000001164,2920.6375000000116,15793.337500000023,15.6875,8033.837499999994,48.962500000001455,1870.3875000000116,-0.6124999999999998,-0.025000000000000022,1.5499999999999972,0.02499999999999991,0.5625,1.7750000000000057,0.1125,0.25,-0.2250000000000001,-1.325,0.15,-0.4625000000000057
8238.850000000006,273.7125000000233,15218.125,48.07500000001164,2834.6375000000116,15620.337500000023,-85.3125,8146.837499999994,37.962500000001455,1901.3875000000116,-0.6124999999999998,-0.025000000000000022,-0.45000000000000284,1.025,-0.4375,-0.22499999999999432,0.1125,0.25,0.7749999999999999,-0.32499999999999996,0.15,-0.4625000000000057
8133.850000000006,16.712500000023283,14995.125,276.07500000001164,2836.6375000000116,15800.337500000023,486.6875,7973.837499999994,132.96250000000146,1852.3875000000116,0.3875000000000002,-0.025000000000000022,0.5499999999999972,-0.9750000000000001,0.5625,-0.22499999999999432,0.1125,0.25,-0.2250000000000001,-0.32499999999999996,0.15,0.5374999999999943
8204.850000000006,85.71250000002328,15133.125,104.07500000001164,3077.6375000000116,15692.337500000023,91.6875,7955.837499999994,260.96250000000146,1885.3875000000116,-0.6124999999999998,-0.025000000000000022,-0.45000000000000284,0.02499999999999991,0.5625,-1.2249999999999943,0.1125,-0.75,-0.2250000000000001,-0.32499999999999996,0.15,-0.4625000000000057
8273.850000000006,-106.28749999997672,15060.125,104.07500000001164,3261.6375000000116,15563.337500000023,313.6875,7946.837499999994,231.96250000000146,1884.3875000000116,-0.6124999999999998,-1.025,-0.45000000000000284,1.025,-0.4375,-1.2249999999999943,-0.8875,0.25,0.7749999999999999,-0.32499999999999996,0.15,0.5374999999999943
8255.850000000006,-40.28749999997672,15101.125,240.07500000001164,3286.6375000000116,15758.337500000023,433.6875,8073.837499999994,307.96250000000146,2098.3875000000116,0.3875000000000002,-1.025,-0.45000000000000284,0.02499999999999991,-0.4375,-0.22499999999999432,0.1125,0.25,0.7749999999999999,0.675,-0.85,-1.4625000000000057
8290.850000000006,382.7125000000233,14907.125,265.07500000001164,3375.6375000000116,15709.337500000023,1115.6875,8052.837499999994,309.96250000000146,2384.3875000000116,0.3875000000000002,-0.025000000000000022,0.5499999999999972,0.02499999999999991,-0.4375,-0.22499999999999432,0.1125,0.25,-0.2250000000000001,-0.32499999999999996,0.15,-0.4625000000000057
8419.850000000006,384.7125000000233,14854.125,136.07500000001164,3672.6375000000116,15890.337500000023,691.6875,7941.837499999994,42.962500000001455,2055.3875000000116,1.3875000000000002,-0.025000000000000022,-0.45000000000000284,0.02499999999999991,-0.4375,0.7750000000000057,0.1125,0.25,-0.2250000000000001,0.675,0.15,-0.4625000000000057
8139.850000000006,90.71250000002328,14966.125,96.07500000001164,3354.6375000000116,15880.337500000023,517.6875,8006.837499999994,-111.03749999999854,2275.3875000000116,0.3875000000000002,-0.025000000000000022,-0.45000000000000284,0.02499999999999991,-0.4375,-0.22499999999999432,0.1125,0.25,0.7749999999999999,-0.32499999999999996,-0.85,-0.4625000000000057
8188.850000000006,-54.28749999997672,14987.125,171.07500000001164,3266.6375000000116,16034.337500000023,51.6875,7874.837499999994,-246.03749999999854,2016.3875000000116,-0.6124999999999998,-0.025000000000000022,0.5499999999999972,0.02499999999999991,-0.4375,-0.22499999999999432,0.1125,0.25,-0.2250000000000001,-0.32499999999999996,0.15,0.5374999999999943
8209.850000000006,-10.287499999976717,14977.125,110.07500000001164,3377.6375000000116,16015.337500000023,-102.3125,7881.837499999994,-366.03749999999854,1953.3875000000116,-0.6124999999999998,-0.025000000000000022,0.5499999999999972,0.02499999999999991,-0.4375,0.7750000000000057,0.1125,0.25,-0.2250000000000001,-0.32499999999999996,-0.85,0.5374999999999943
8104.850000000006,72.71250000002328,15126.125,148.07500000001164,3293.6375000000116,15869.337500000023,631.6875,7870.837499999994,-372.03749999999854,2020.3875000000116,-0.6124999999999998,-0.025000000000000022,0.5499999999999972,0.02499999999999991,-0.4375,-0.22499999999999432,0.1125,1.25,-0.2250000000000001,-0.32499999999999996,0.15,-0.4625000000000057
8216.850000000006,52.71250000002328,15210.125,221.07500000001164,3112.6375000000116,15716.337500000023,818.6875,8054.837499999994,-394.03749999999854,2042.3875000000116,0.3875000000000002,-0.025000000000000022,0.5499999999999972,0.02499999999999991,0.5625,-0.22499999999999432,0.1125,0.25,-0.2250000000000001,-0.32499999999999996,0.15,0.5374999999999943
8286.850000000006,71.71250000002328,15214.125,238.07500000001164,3104.6375000000116,15847.337500000023,452.6875,7969.837499999994,-455.03749999999854,1921.3875000000116,0.3875000000000002,0.975,-0.45000000000000284,0.02499999999999991,0.5625,-0.22499999999999432,0.1125,0.25,0.7749999999999999,0.675,0.15,0.5374999999999943
8244.850000000006,3.712500000023283,15231.125,131.07500000001164,3069.6375000000116,15886.337500000023,138.6875,7951.837499999994,-468.03749999999854,1943.3875000000116,0.3875000000000002,0.975,-0.45000000000000284,0.02499999999999991,0.5625,0.7750000000000057,0.1125,0.25,-0.2250000000000001,0.675,0.15,-0.4625000000000057
8210.850000000006,95.71250000002328,15236.125,141.07500000001164,3010.6375000000116,15897.337500000023,-22.3125,7860.837499999994,-405.03749999999854,1739.3875000000116,0.3875000000000002,-0.025000000000000022,0.5499999999999972,0.02499999999999991,-0.4375,-0.22499999999999432,0.1125,0.25,0.7749999999999999,-1.325,0.15,-0.4625000000000057
8318.850000000006,170.71250000002328,15211.125,272.07500000001164,2899.6375000000116,15934.337500000023,-48.3125,7942.837499999994,-584.0374999999985,1692.3875000000116,0.3875000000000002,-0.025000000000000022,0.5499999999999972,0.02499999999999991,-0.4375,-0.22499999999999432,0.1125,0.25,0.7749999999999999,-0.32499999999999996,0.15,-0.4625000000000057
8123.850000000006,306.7125000000233,15079.125,192.07500000001164,3000.6375000000116,16019.337500000023,742.6875,8031.837499999994,-564.0374999999985,1828.3875000000116,-0.6124999999999998,-0.025000000000000022,0.5499999999999972,0.02499999999999991,0.5625,-0.22499999999999432,0.1125,0.25,0.7749999999999999,0.675,0.15,0.5374999999999943
8122.850000000006,-56.28749999997672,15084.125,46.07500000001164,2997.6375000000116,15851.337500000023,-34.3125,7878.837499999994,-656.0374999999985,1869.3875000000116,0.3875000000000002,-0.025000000000000022,0.5499999999999972,-0.9750000000000001,-0.4375,-0.22499999999999432,0.1125,0.25,1.775,-1.325,0.15,-1.4625000000000057
8331.850000000006,-129.28749999997672,15326.125,319.07500000001164,2837.6375000000116,15605.337500000023,-841.3125,7830.837499999994,-712.0374999999985,1825.3875000000116,-0.6124999999999998,-0.025000000000000022,-0.45000000000000284,0.02499999999999991,-0.4375,-0.22499999999999432,0.1125,0.25,0.7749999999999999,-0.32499999999999996,0.15,-0.4625000000000057
8269.850000000006,-5.287499999976717,15255.125,142.07500000001164,2880.6375000000116,15697.337500000023,-677.3125,8080.837499999994,-756.0374999999985,1550.3875000000116,-0.6124999999999998,-0.025000000000000022,0.5499999999999972,0.02499999999999991,0.5625,0.7750000000000057,0.1125,0.25,-0.2250000000000001,-0.32499999999999996,0.15,0.5374999999999943
8220.850000000006,91.71250000002328,15042.125,4.0750000000116415,3062.6375000000116,15673.337500000023,87.6875,8162.837499999994,-482.03749999999854,1822.3875000000116,0.3875000000000002,-0.025000000000000022,0.5499999999999972,0.02499999999999991,-0.4375,0.7750000000000057,0.1125,0.25,-0.2250000000000001,-0.32499999999999996,0.15,-0.4625000000000057
8357.850000000006,-38.28749999997672,14992.125,147.07500000001164,3227.6375000000116,15702.337500000023,334.6875,8009.837499999994,-469.03749999999854,1816.3875000000116,0.3875000000000002,-1.025,-0.45000000000000284,0.02499999999999991,0.5625,0.7750000000000057,0.1125,0.25,-0.2250000000000001,0.675,0.15,1.5374999999999943
8198.850000000006,-107.28749999997672,15125.125,28.07500000001164,3201.6375000000116,15656.337500000023,312.6875,7999.837499999994,-518.0374999999985,1862.3875000000116,-0.6124999999999998,-0.025000000000000022,-0.45000000000000284,0.02499999999999991,-0.4375,0.7750000000000057,0.1125,0.25,-0.2250000000000001,-0.32499999999999996,-0.85,0.5374999999999943
8164.850000000006,66.71250000002328,15049.125,-37.92499999998836,3228.6375000000116,15768.337500000023,35.6875,8122.837499999994,-540.0374999999985,1776.3875000000116,0.3875000000000002,-1.025,-0.45000000000000284,0.02499999999999991,-0.4375,0.7750000000000057,0.1125,0.25,0.7749999999999999,-0.32499999999999996,-0.85,-1.4625000000000057
8313.850000000006,114.71250000002328,14978.125,58.07500000001164,3152.6375000000116,15735.337500000023,2.6875,8016.837499999994,-598.0374999999985,1788.3875000000116,-0.6124999999999998,0.975,0.5499999999999972,0.02499999999999991,-0.4375,0.7750000000000057,0.1125,0.25,-0.2250000000000001,-0.32499999999999996,0.15,-0.4625000000000057
8284.850000000006,120.71250000002328,14987.125,124.07500000001164,3225.6375000000116,15721.337500000023,-92.3125,7898.837499999994,-561.0374999999985,1779.3875000000116,0.3875000000000002,-0.025000000000000022,0.5499999999999972,0.02499999999999991,-0.4375,-0.22499999999999432,0.1125,0.25,-0.2250000000000001,-0.32499999999999996,0.15,-0.4625000000000057
8316.850000000006,-85.28749999997672,14992.125,93.07500000001164,3203.6375000000116,15760.337500000023,-8.3125,7758.837499999994,-517.0374999999985,2020.3875000000116,0.3875000000000002,-1.025,0.5499999999999972,0.02499999999999991,-0.4375,-0.22499999999999432,0.1125,-0.75,-0.2250000000000001,-0.32499999999999996,-0.85,-0.4625000000000057
8374.850000000006,-295.2874999999767,14862.125,-45.92499999998836,3076.6375000000116,15797.337500000023,665.6875,7748.837499999994,-494.03749999999854,2186.3875000000116,0.3875000000000002,-0.025000000000000022,-0.45000000000000284,1.025,-0.4375,-0.22499999999999432,0.1125,-0.75,-0.2250000000000001,0.675,0.15,0.5374999999999943
8341.850000000006,-269.2874999999767,14917.125,-35.92499999998836,3243.6375000000116,16010.337500000023,418.6875,7951.837499999994,-359.03749999999854,2074.3875000000116,0.3875000000000002,-0.025000000000000022,-0.45000000000000284,0.02499999999999991,0.5625,-0.22499999999999432,0.1125,-0.75,-0.2250000000000001,0.675,0.15,0.5374999999999943
8449.850000000006,-120.28749999997672,15048.125,-103.92499999998836,3340.6375000000116,15966.337500000023,219.6875,8016.837499999994,-263.03749999999854,2010.3875000000116,-0.6124999999999998,-0.025000000000000022,0.5499999999999972,0.02499999999999991,-0.4375,-0.22499999999999432,-0.8875,0.25,0.7749999999999999,-0.32499999999999996,-0.85,1.5374999999999943
8636.850000000006,-63.28749999997672,15041.125,21.07500000001164,3295.6375000000116,15968.337500000023,-130.3125,7836.837499999994,-221.03749999999854,2102.3875000000116,0.3875000000000002,-1.025,0.5499999999999972,0.02499999999999991,-0.4375,0.7750000000000057,0.1125,0.25,-0.2250000000000001,-0.32499999999999996,0.15,-0.4625000000000057
8506.850000000006,42.71250000002328,15171.125,-115.92499999998836,3282.6375000000116,16052.337500000023,-178.3125,7969.837499999994,-310.03749999999854,2167.3875000000116,0.3875000000000002,-0.025000000000000022,0.5499999999999972,0.02499999999999991,-0.4375,0.7750000000000057,0.1125,0.25,-0.2250000000000001,-0.32499999999999996,0.15,-0.4625000000000057
8283.850000000006,110.71250000002328,15275.125,43.07500000001164,3138.6375000000116,16048.337500000023,-33.3125,7963.837499999994,-276.03749999999854,2068.3875000000116,-0.6124999999999998,-0.025000000000000022,0.5499999999999972,0.02499999999999991,-0.4375,1.7750000000000057,0.1125,0.25,-0.2250000000000001,-0.32499999999999996,0.15,-0.4625000000000057
8157.850000000006,-82.28749999997672,15100.125,56.07500000001164,3216.6375000000116,15891.337500000023,30.6875,7990.837499999994,-374.03749999999854,2003.3875000000116,0.3875000000000002,-0.025000000000000022,0.5499999999999972,-0.9750000000000001,0.5625,-0.22499999999999432,0.1125,-0.75,-0.2250000000000001,-1.325,1.15,0.5374999999999943
8284.850000000006,-145.28749999997672,15083.125,59.07500000001164,3036.6375000000116,15768.337500000023,421.6875,7943.837499999994,-270.03749999999854,2133.3875000000116,-0.6124999999999998,0.975,0.5499999999999972,0.02499999999999991,0.5625,-0.22499999999999432,0.1125,-0.75,-0.2250000000000001,-0.32499999999999996,0.15,0.5374999999999943
8333.850000000006,134.71250000002328,15186.125,-3.9249999999883585,3005.6375000000116,15745.337500000023,651.6875,7987.837499999994,-221.03749999999854,2067.3875000000116,-0.6124999999999998,-0.025000000000000022,0.5499999999999972,0.02499999999999991,0.5625,0.7750000000000057,0.1125,0.25,-0.2250000000000001,-0.32499999999999996,0.15,-0.4625000000000057
8281.850000000006,150.71250000002328,15128.125,-29.92499999998836,2925.6375000000116,15922.337500000023,551.6875,8007.837499999994,-34.037499999998545,1991.3875000000116,-0.6124999999999998,-0.025000000000000022,-1.4500000000000028,0.02499999999999991,1.5625,0.7750000000000057,0.1125,0.25,-0.2250000000000001,-0.32499999999999996,0.15,-0.4625000000000057
8211.850000000006,115.71250000002328,15258.125,94.07500000001164,2708.6375000000116,16070.337500000023,-5.3125,7984.837499999994,98.96250000000146,1840.3875000000116,0.3875000000000002,-0.025000000000000022,0.5499999999999972,-0.9750000000000001,0.5625,0.7750000000000057,0.1125,0.25,-0.2250000000000001,-0.32499999999999996,-0.85,0.5374999999999943
8302.850000000006,10.712500000023283,15222.125,181.07500000001164,2736.6375000000116,15817.337500000023,-180.3125,7916.837499999994,153.96250000000146,1857.3875000000116,0.3875000000000002,-0.025000000000000022,-1.4500000000000028,0.02499999999999991,-0.4375,0.7750000000000057,0.1125,1.25,-0.2250000000000001,-0.32499999999999996,0.15,-0.4625000000000057
8282.850000000006,259.7125000000233,15134.125,228.07500000001164,2859.6375000000116,15689.337500000023,-46.3125,7990.837499999994,195.96250000000146,2176.3875000000116,0.3875000000000002,-0.025000000000000022,-1.4500000000000028,-0.9750000000000001,0.5625,-0.22499999999999432,0.1125,0.25,0.7749999999999999,-0.32499999999999996,0.15,-0.4625000000000057
8255.850000000006,-48.28749999997672,15233.125,106.07500000001164,3005.6375000000116,15798.337500000023,193.6875,8040.837499999994,82.96250000000146,1905.3875000000116,0.3875000000000002,-0.025000000000000022,0.5499999999999972,0.02499999999999991,-0.4375,-0.22499999999999432,0.1125,0.25,-0.2250000000000001,-0.32499999999999996,1.15,0.5374999999999943
8279.850000000006,-172.28749999997672,15308.125,192.07500000001164,3111.6375000000116,15898.337500000023,22.6875,8010.837499999994,120.96250000000146,1992.3875000000116,0.3875000000000002,-1.025,0.5499999999999972,0.02499999999999991,0.5625,-0.22499999999999432,0.1125,0.25,-0.2250000000000001,-0.32499999999999996,0.15,-0.4625000000000057
8213.850000000006,-33.28749999997672,15217.125,271.07500000001164,3126.6375000000116,15900.337500000023,-112.3125,7932.837499999994,249.96250000000146,1939.3875000000116,0.3875000000000002,-0.025000000000000022,1.5499999999999972,-0.9750000000000001,0.5625,-0.22499999999999432,0.1125,0.25,0.7749999999999999,-0.32499999999999996,0.15,0.5374999999999943
8243.850000000006,-194.28749999997672,15049.125,214.07500000001164,3086.6375000000116,15841.337500000023,-3.3125,8053.837499999994,-6.037499999998545,1858.3875000000116,-0.6124999999999998,-0.025000000000000022,-0.45000000000000284,0.02499999999999991,-0.4375,-0.22499999999999432,0.1125,0.25,0.7749999999999999,-0.32499999999999996,0.15,0.5374999999999943
8284.850000000006,-144.28749999997672,15029.125,66.07500000001164,3137.6375000000116,15929.337500000023,-268.3125,7988.837499999994,60.962500000001455,2038.3875000000116,-0.6124999999999998,-0.025000000000000022,-0.45000000000000284,0.02499999999999991,0.5625,0.7750000000000057,0.1125,0.25,-0.2250000000000001,-1.325,0.15,0.5374999999999943
8313.850000000006,256.7125000000233,15069.125,353.07500000001164,3069.6375000000116,15972.337500000023,-300.3125,8006.837499999994,30.962500000001455,2190.3875000000116,-0.6124999999999998,-0.025000000000000022,0.5499999999999972,0.02499999999999991,-0.4375,-0.22499999999999432,0.1125,-0.75,-0.2250000000000001,-0.32499999999999996,0.15,-0.4625000000000057
8503.850000000006,403.7125000000233,15026.125,309.07500000001164,2976.6375000000116,15865.337500000023,95.6875,7980.837499999994,-86.03749999999854,1930.3875000000116,-0.6124999999999998,0.975,-0.45000000000000284,-0.9750000000000001,-0.4375,-0.22499999999999432,0.1125,0.25,-0.2250000000000001,0.675,0.15,0.5374999999999943
8161.850000000006,41.71250000002328,14895.125,338.07500000001164,3268.6375000000116,15849.337500000023,365.6875,7954.837499999994,-163.03749999999854,1902.3875000000116,0.3875000000000002,-0.025000000000000022,0.5499999999999972,0.02499999999999991,-0.4375,0.7750000000000057,0.1125,0.25,0.7749999999999999,0.675,-0.85,-1.4625000000000057
8073.850000000006,27.712500000023283,15100.125,186.07500000001164,3003.6375000000116,15826.337500000023,345.6875,7949.837499999994,-32.037499999998545,2038.3875000000116,-0.6124999999999998,-1.025,0.5499999999999972,0.02499999999999991,-0.4375,-0.22499999999999432,0.1125,0.25,-0.2250000000000001,0.675,0.15,1.5374999999999943
8124.850000000006,-62.28749999997672,15099.125,229.07500000001164,3020.6375000000116,15873.337500000023,345.6875,7930.837499999994,-46.037499999998545,2059.3875000000116,0.3875000000000002,-1.025,-0.45000000000000284,1.025,-0.4375,-0.22499999999999432,0.1125,0.25,0.7749999999999999,-0.32499999999999996,-0.85,-0.4625000000000057
8221.850000000006,19.712500000023283,14962.125,227.07500000001164,3205.6375000000116,16112.337500000023,49.6875,7959.837499999994,-139.03749999999854,2075.3875000000116,-0.6124999999999998,-0.025000000000000022,0.5499999999999972,0.02499999999999991,0.5625,-0.22499999999999432,0.1125,0.25,-0.2250000000000001,-1.325,-0.85,-1.4625000000000057
8466.850000000006,117.71250000002328,14937.125,338.07500000001164,3294.6375000000116,15944.337500000023,325.6875,7924.837499999994,-49.037499999998545,2050.3875000000116,0.3875000000000002,-0.025000000000000022,-0.45000000000000284,0.02499999999999991,-0.4375,-0.22499999999999432,-0.8875,0.25,-0.2250000000000001,0.675,0.15,-0.4625000000000057
8465.850000000006,75.71250000002328,14910.125,312.07500000001164,2979.6375000000116,15697.337500000023,1713.6875,7773.837499999994,-232.03749999999854,1939.3875000000116,-0.6124999999999998,-0.025000000000000022,-0.45000000000000284,0.02499999999999991,-0.4375,-0.22499999999999432,0.1125,0.25,-0.2250000000000001,0.675,0.15,-0.4625000000000057
8378.850000000006,250.71250000002328,15085.125,98.07500000001164,2740.6375000000116,15909.337500000023,2048.6875,7912.837499999994,-20.037499999998545,2050.3875000000116,0.3875000000000002,-0.025000000000000022,0.5499999999999972,0.02499999999999991,-0.4375,-1.2249999999999943,0.1125,0.25,-0.2250000000000001,-0.32499999999999996,0.15,-0.4625000000000057
8323.850000000006,-291.2874999999767,15072.125,123.07500000001164,3023.6375000000116,15957.337500000023,825.6875,7885.837499999994,-116.03749999999854,1929.3875000000116,0.3875000000000002,-0.025000000000000022,0.5499999999999972,0.02499999999999991,0.5625,-0.22499999999999432,0.1125,0.25,-0.2250000000000001,0.675,0.15,0.5374999999999943
8217.850000000006,-419.2874999999767,15059.125,44.07500000001164,3031.6375000000116,15876.337500000023,1162.6875,7897.837499999994,-149.03749999999854,1923.3875000000116,-0.6124999999999998,-0.025000000000000022,0.5499999999999972,0.02499999999999991,-0.4375,-1.2249999999999943,0.1125,0.25,0.7749999999999999,-0.32499999999999996,0.15,-0.4625000000000057
8285.850000000006,-28.287499999976717,15182.125,80.07500000001164,3077.6375000000116,15715.337500000023,-76.3125,7838.837499999994,-128.03749999999854,2097.3875000000116,-0.6124999999999998,-0.025000000000000022,0.5499999999999972,0.02499999999999991,-0.4375,-1.2249999999999943,0.1125,0.25,0.7749999999999999,-0.32499999999999996,0.15,0.5374999999999943
8359.850000000006,-40.28749999997672,15220.125,209.07500000001164,3199.6375000000116,15798.337500000023,-379.3125,7812.837499999994,-208.03749999999854,2100.3875000000116,-0.6124999999999998,-0.025000000000000022,0.5499999999999972,0.02499999999999991,0.5625,-0.22499999999999432,-0.8875,0.25,-0.2250000000000001,-0.32499999999999996,0.15,-0.4625000000000057
8231.850000000006,-177.28749999997672,15232.125,95.07500000001164,3193.6375000000116,15925.337500000023,-442.3125,7970.837499999994,-210.03749999999854,1983.3875000000116,-0.6124999999999998,0.975,-0.45000000000000284,0.02499999999999991,-0.4375,-0.22499999999999432,0.1125,0.25,0.7749999999999999,-0.32499999999999996,0.15,-0.4625000000000057
8276.850000000006,-35.28749999997672,15165.125,113.07500000001164,2968.6375000000116,16070.337500000023,-131.3125,7930.837499999994,-289.03749999999854,1833.3875000000116,-0.6124999999999998,0.975,-0.45000000000000284,0.02499999999999991,0.5625,0.7750000000000057,0.1125,0.25,-0.2250000000000001,-0.32499999999999996,1.15,-0.4625000000000057
8182.850000000006,-178.28749999997672,15114.125,168.07500000001164,2974.6375000000116,16060.337500000023,9.6875,7818.837499999994,-249.03749999999854,1857.3875000000116,0.3875000000000002,-0.025000000000000022,0.5499999999999972,0.02499999999999991,-0.4375,0.7750000000000057,0.1125,-0.75,0.7749999999999999,-0.32499999999999996,0.15,-0.4625000000000057
8194.850000000006,-366.2874999999767,15218.125,35.07500000001164,3000.6375000000116,15891.337500000023,264.6875,7974.837499999994,-157.03749999999854,1769.3875000000116,0.3875000000000002,-0.025000000000000022,1.5499999999999972,-0.9750000000000001,0.5625,-0.22499999999999432,0.1125,0.25,-0.2250000000000001,-0.32499999999999996,0.15,0.5374999999999943
8148.850000000006,-460.2874999999767,15248.125,-50.92499999998836,2993.6375000000116,15854.337500000023,-91.3125,8091.837499999994,-246.03749999999854,1762.3875000000116,0.3875000000000002,-1.025,0.5499999999999972,0.02499999999999991,-0.4375,-0.22499999999999432,0.1125,0.25,-0.2250000000000001,-0.32499999999999996,0.15,-0.4625000000000057
8169.850000000006,-276.2874999999767,15052.125,-47.92499999998836,2904.6375000000116,15867.337500000023,-1152.3125,8079.837499999994,-160.03749999999854,1800.3875000000116,0.3875000000000002,-0.025000000000000022,-0.45000000000000284,-0.9750000000000001,-0.4375,0.7750000000000057,0.1125,0.25,-1.225,0.675,-0.85,0.5374999999999943
8305.850000000006,-73.28749999997672,15077.125,17.07500000001164,3132.6375000000116,15834.337500000023,439.6875,7988.837499999994,-129.03749999999854,1929.3875000000116,-0.6124999999999998,-0.025000000000000022,0.5499999999999972,0.02499999999999991,-0.4375,-0.22499999999999432,-0.8875,0.25,0.7749999999999999,-0.32499999999999996,0.15,0.5374999999999943
8278.850000000006,-178.28749999997672,15116.125,59.07500000001164,3137.6375000000116,15817.337500000023,-126.3125,8100.837499999994,-155.03749999999854,1871.3875000000116,0.3875000000000002,-0.025000000000000022,-0.45000000000000284,0.02499999999999991,-0.4375,-0.22499999999999432,0.1125,0.25,-0.2250000000000001,-0.32499999999999996,0.15,-0.4625000000000057
8262.850000000006,-219.28749999997672,15097.125,140.07500000001164,3109.6375000000116,15957.337500000023,53.6875,8120.837499999994,-90.03749999999854,1736.3875000000116,-0.6124999999999998,-0.025000000000000022,0.5499999999999972,0.02499999999999991,-0.4375,-0.22499999999999432,0.1125,0.25,-0.2250000000000001,-0.32499999999999996,0.15,0.5374999999999943
8342.850000000006,-278.2874999999767,15016.125,144.07500000001164,3214.6375000000116,15949.337500000023,375.6875,8036.837499999994,-123.03749999999854,1837.3875000000116,-0.6124999999999998,-0.025000000000000022,1.5499999999999972,0.02499999999999991,0.5625,-0.22499999999999432,0.1125,0.25,-0.2250000000000001,-1.325,0.15,-0.4625000000000057
8297.850000000006,-302.2874999999767,14970.125,52.07500000001164,3203.6375000000116,15948.337500000023,251.6875,8021.837499999994,-265.03749999999854,1870.3875000000116,0.3875000000000002,-0.025000000000000022,-0.45000000000000284,0.02499999999999991,-0.4375,-0.22499999999999432,0.1125,0.25,0.7749999999999999,0.675,0.15,0.5374999999999943
8349.850000000006,-472.2874999999767,15082.125,30.07500000001164,3091.6375000000116,15752.337500000023,-158.3125,7844.837499999994,-216.03749999999854,1949.3875000000116,-0.6124999999999998,-0.025000000000000022,0.5499999999999972,0.02499999999999991,-0.4375,-0.22499999999999432,0.1125,0.25,0.7749999999999999,-0.32499999999999996,-0.85,-0.4625000000000057
8402.850000000006,-163.28749999997672,15183.125,11.075000000011642,3136.6375000000116,16086.337500000023,701.6875,7916.837499999994,-321.03749999999854,1773.3875000000116,0.3875000000000002,-0.025000000000000022,1.5499999999999972,1.025,-1.4375,2.7750000000000057,-0.8875,0.25,-0.2250000000000001,0.675,0.15,0.5374999999999943
8366.850000000006,86.71250000002328,14941.125,-40.92499999998836,3294.6375000000116,16031.337500000023,461.6875,7935.837499999994,-268.03749999999854,1916.3875000000116,2.3875,-0.025000000000000022,0.5499999999999972,1.025,1.5625,0.7750000000000057,0.1125,0.25,-0.2250000000000001,0.675,1.15,-0.4625000000000057
8056.850000000006,474.7125000000233,15138.125,183.07500000001164,3759.6375000000116,15615.337500000023,369.6875,8212.837499999994,-73.03749999999854,2356.3875000000116,0.3875000000000002,-1.025,-2.450000000000003,1.025,-0.4375,-4.224999999999994,0.1125,0.25,0.7749999999999999,1.675,-0.85,-1.4625000000000057
8012.850000000006,96.71250000002328,14715.125,-187.92499999998836,3086.6375000000116,15844.337500000023,-544.3125,8420.837499999994,-604.0374999999985,1607.3875000000116,-0.6124999999999998,0.975,-5.450000000000003,-0.9750000000000001,-0.4375,-3.2249999999999943,0.1125,0.25,0.7749999999999999,-1.325,-0.85,0.5374999999999943
9520.850000000006,-1134.2874999999767,14377.125,-748.9249999999884,2229.6375000000116,16434.337500000023,-991.3125,8376.837499999994,-826.0374999999985,685.3875000000116,0.3875000000000002,-0.025000000000000022,6.549999999999997,0.02499999999999991,-0.4375,2.7750000000000057,0.1125,0.25,-0.2250000000000001,-1.325,0.15,2.5374999999999943
7808.850000000006,-731.2874999999767,14733.125,-212.92499999998836,3049.6375000000116,15140.337500000023,122.6875,7680.837499999994,361.96250000000146,1697.3875000000116,-1.6124999999999998,-0.025000000000000022,1.5499999999999972,-0.9750000000000001,-1.4375,-1.2249999999999943,0.1125,-0.75,-0.2250000000000001,-0.32499999999999996,-0.85,0.5374999999999943
8818.850000000006,-1080.2874999999767,15079.125,180.07500000001164,2303.6375000000116,15931.337500000023,144.6875,8164.837499999994,58.962500000001455,2003.3875000000116,0.3875000000000002,0.975,-3.450000000000003,0.02499999999999991,0.5625,-1.2249999999999943,1.1125,-0.75,-0.2250000000000001,-1.325,0.15,1.5374999999999943
9126.850000000006,-309.2874999999767,15117.125,-138.92499999998836,2893.6375000000116,15941.337500000023,-1033.3125,8203.837499999994,-740.0374999999985,1182.3875000000116,-0.6124999999999998,-0.025000000000000022,2.549999999999997,-0.9750000000000001,-0.4375,-3.2249999999999943,0.1125,0.25,-0.2250000000000001,-0.32499999999999996,0.15,1.5374999999999943
7702.850000000006,677.7125000000233,15367.125,709.0750000000116,3693.6375000000116,14716.337500000023,-169.3125,7934.837499999994,727.9625000000015,2267.3875000000116,-1.6124999999999998,-2.025,-4.450000000000003,-0.9750000000000001,-0.4375,-2.2249999999999943,0.1125,0.25,-0.2250000000000001,-0.32499999999999996,0.15,-2.4625000000000057
7829.850000000006,-562.2874999999767,14938.125,-375.92499999998836,2879.6375000000116,15254.337500000023,-428.3125,8322.837499999994,-300.03749999999854,1104.3875000000116,0.3875000000000002,-1.025,-0.45000000000000284,0.02499999999999991,0.5625,1.7750000000000057,0.1125,0.25,-1.225,-0.32499999999999996,0.15,3.5374999999999943
8041.850000000006,-966.2874999999767,14859.125,-675.9249999999884,2418.6375000000116,15917.337500000023,-201.3125,8318.837499999994,-341.03749999999854,860.3875000000116,-0.6124999999999998,2.975,-0.45000000000000284,-15.975,-4.4375,-19.224999999999994,0.1125,-0.75,-0.2250000000000001,0.675,1.15,0.5374999999999943
7369.850000000006,663.7125000000233,15255.125,632.0750000000116,3643.6375000000116,27300.337500000023,12766.6875,8111.837499999994,781.9625000000015,2373.3875000000116,-12.6125,-12.025,45.55,-9.975,-2.4375,-44.224999999999994,0.1125,-0.75,-0.2250000000000001,-4.325,-3.85,-1.4625000000000057
18387.850000000006,7257.712500000023,14989.125,23.07500000001164,3012.6375000000116,79243.33750000002,97691.6875,8626.837499999994,-321.03749999999854,2241.3875000000116,-1.6124999999999998,24.975,-5.450000000000003,63.025,-3.4375,-39.224999999999994,-0.8875,0.25,-1.225,-8.325,-17.85,10.537499999999994
43524.850000000006,119279.71250000002,15493.125,-1361.9249999999884,2976.6375000000116,252530.33750000002,169319.6875,6369.837499999994,-200.03749999999854,3885.3875000000116,-11.6125,-23.025,19.549999999999997,-8.975,9.5625,8.775000000000006,1.1125,-0.75,0.7749999999999999,-2.325,-0.85,-14.462500000000006
28752.850000000006,194073.71250000002,20710.125,2282.0750000000116,-1383.3624999999884,377246.3375,232193.6875,1170.8374999999942,2630.9625000000015,7051.387500000012,10.3875,-2.025,-27.450000000000003,-27.975,-22.4375,56.775000000000006,-0.8875,0.25,-2.225,8.675,6.15,17.537499999999994
31116.850000000006,204725.71250000002,23200.125,-103.92499999998836,-3725.3624999999884,225180.33750000002,202504.6875,1068.8374999999942,900.9625000000015,1724.3875000000116,0.3875000000000002,3.975,8.549999999999997,-7.975,17.5625,24.775000000000006,1.1125,-1.75,0.7749999999999999,-1.325,-2.85,-17.462500000000006
3697.850000000006,124607.71250000002,17644.125,-656.9249999999884,1018.6375000000116,119097.33750000002,115829.6875,3677.837499999994,-2020.0374999999985,942.3875000000116,5.3875,-2.025,22.549999999999997,6.025,13.5625,-4.224999999999994,0.1125,1.25,-0.2250000000000001,2.675,10.15,14.537499999999994
5240.850000000006,72098.71250000002,16284.125,-1344.9249999999884,-1588.3624999999884,118092.33750000002,112723.6875,2068.837499999994,18.962500000001455,1757.3875000000116,5.3875,-5.025,12.549999999999997,8.025,-5.4375,7.775000000000006,0.1125,-0.75,-0.2250000000000001,1.675,2.15,-0.4625000000000057
-3970.149999999994,15843.712500000023,16511.125,1906.0750000000116,-1964.3624999999884,88632.33750000002,92560.6875,3884.837499999994,-27.037499999998545,3379.3875000000116,12.3875,35.975,-28.450000000000003,1.025,4.5625,-11.224999999999994,0.1125,-0.75,-1.225,6.675,6.15,-17.462500000000006
7760.850000000006,29683.712500000023,14370.125,989.0750000000116,-4038.3624999999884,77696.33750000002,85424.6875,3741.837499999994,-1030.0374999999985,5859.387500000012,8.3875,-21.025,-45.45,4.025,-13.4375,-3.2249999999999943,0.1125,0.25,-0.2250000000000001,3.675,0.15,-11.462500000000006
10963.850000000006,65661.71250000002,15619.125,-1292.9249999999884,-4153.362499999988,74560.33750000002,96159.6875,4552.837499999994,-2408.0374999999985,63.38750000001164,-15.6125,-4.025,42.55,-2.975,8.5625,23.775000000000006,0.1125,0.25,0.7749999999999999,-3.325,2.15,4.537499999999994
23638.850000000006,114628.71250000002,18670.125,977.0750000000116,-1243.3624999999884,86440.33750000002,137131.6875,2145.837499999994,1317.9625000000015,4240.387500000012,-0.6124999999999998,-6.025,2.549999999999997,6.025,-1.4375,-2.2249999999999943,0.1125,-0.75,-0.2250000000000001,1.675,0.15,-5.462500000000006
17942.850000000006,140236.71250000002,21023.125,1962.0750000000116,-1152.3624999999884,94556.33750000002,170209.6875,1535.8374999999942,1299.9625000000015,4338.387500000012,0.3875000000000002,5.975,4.549999999999997,-10.975,3.5625,11.775000000000006,0.1125,0.25,-1.225,3.675,5.15,4.537499999999994
26929.850000000006,135387.71250000002,19543.125,-575.9249999999884,-2612.3624999999884,94051.33750000002,164079.6875,3111.837499999994,1030.9625000000015,2256.3875000000116,4.3875,-5.025,-7.450000000000003,-4.975,6.5625,10.775000000000006,0.1125,-0.75,-0.2250000000000001,1.675,0.15,2.5374999999999943
16382.850000000006,93738.71250000002,17921.125,105.07500000001164,-1174.3624999999884,79977.33750000002,130133.6875,2399.837499999994,1644.9625000000015,2371.3875000000116,-0.6124999999999998,3.975,-10.450000000000003,-10.975,0.5625,12.775000000000006,-0.8875,0.25,-1.225,1.675,-2.85,1.5374999999999943
22142.850000000006,88310.71250000002,18350.125,1881.0750000000116,-2003.3624999999884,75488.33750000002,136966.6875,2708.837499999994,554.9625000000015,4424.387500000012,-3.6125,-10.025,-2.450000000000003,14.025,-0.4375,-23.224999999999994,-0.8875,1.25,-0.2250000000000001,-0.32499999999999996,-0.85,3.5374999999999943
22138.850000000006,88676.71250000002,17332.125,-1512.9249999999884,-3767.3624999999884,67083.33750000002,134665.6875,3210.837499999994,-1274.0374999999985,-67.61249999998836,-2.6125,2.975,5.549999999999997,-0.9750000000000001,-0.4375,10.775000000000006,0.1125,0.25,1.775,-0.32499999999999996,-0.85,2.5374999999999943
26866.850000000006,101071.71250000002,17640.125,281.07500000001164,-2995.3624999999884,67203.33750000002,140450.6875,2061.837499999994,-1414.0374999999985,1818.3875000000116,2.3875,-1.025,0.5499999999999972,8.025,-1.4375,-13.224999999999994,0.1125,0.25,0.7749999999999999,1.675,0.15,-2.4625000000000057
25594.850000000006,100210.71250000002,17885.125,1603.0750000000116,-1016.3624999999884,64179.33750000002,151028.6875,1946.8374999999942,1535.9625000000015,4510.387500000012,-2.6125,-3.025,-0.45000000000000284,-15.975,3.5625,7.775000000000006,0.1125,-0.75,-0.2250000000000001,0.675,1.15,-2.4625000000000057
27305.850000000006,91200.71250000002,17268.125,-558.9249999999884,-1427.3624999999884,61831.33750000002,149127.6875,2449.837499999994,-1357.0374999999985,1865.3875000000116,0.3875000000000002,-2.025,-3.450000000000003,15.025,-1.4375,-24.224999999999994,0.1125,0.25,0.7749999999999999,-2.325,0.15,0.5374999999999943
27581.850000000006,78766.71250000002,16580.125,-957.9249999999884,-2596.3624999999884,50468.33750000002,145864.6875,2985.837499999994,-1066.0374999999985,467.38750000001164,-3.6125,2.975,10.549999999999997,3.025,-2.4375,-5.224999999999994,-0.8875,-0.75,0.7749999999999999,-1.325,-0.85,2.5374999999999943
21738.850000000006,70978.71250000002,16629.125,50.07500000001164,-2287.3624999999884,30711.337500000023,148062.6875,2755.837499999994,-21.037499999998545,1862.3875000000116,-6.6125,3.975,4.549999999999997,1.025,0.5625,11.775000000000006,0.1125,-0.75,-0.2250000000000001,-1.325,-0.85,-4.462500000000006
26661.850000000006,67642.71250000002,16927.125,687.0750000000116,-2241.3624999999884,18394.337500000023,151812.6875,3622.837499999994,65.96250000000146,1659.3875000000116,-7.6125,2.975,10.549999999999997,-8.975,-7.4375,0.7750000000000057,0.1125,1.25,-0.2250000000000001,0.675,3.15,-1.4625000000000057
30570.850000000006,61444.71250000002,16478.125,-971.9249999999884,-4000.3624999999884,4183.337500000023,152709.6875,4359.837499999994,-534.0374999999985,-837.6124999999884,-0.6124999999999998,-6.025,3.549999999999997,4.025,-6.4375,-6.224999999999994,-0.8875,0.25,-0.2250000000000001,-1.325,-0.85,0.5374999999999943
26145.850000000006,58936.71250000002,17114.125,-68.92499999998836,-5333.362499999988,-15525.662499999977,137720.6875,4744.837499999994,196.96250000000146,378.38750000001164,-3.6125,-3.025,3.549999999999997,-7.975,-1.4375,20.775000000000006,0.1125,-0.75,-0.2250000000000001,-0.32499999999999996,1.15,-0.4625000000000057
21180.850000000006,84189.71250000002,17772.125,-123.92499999998836,-4504.362499999988,-18853.662499999977,154811.6875,3748.837499999994,-419.03749999999854,184.38750000001164,-1.6124999999999998,2.975,3.549999999999997,-9.975,2.5625,11.775000000000006,0.1125,-0.75,-0.2250000000000001,-0.32499999999999996,2.15,-1.4625000000000057
20369.850000000006,88018.71250000002,17540.125,112.07500000001164,-3950.3624999999884,-21843.662499999977,160532.6875,3658.837499999994,206.96250000000146,975.3875000000116,-6.6125,-2.025,11.549999999999997,-17.975,-7.4375,22.775000000000006,0.1125,0.25,-0.2250000000000001,0.675,-2.85,3.5374999999999943
15813.850000000006,90378.71250000002,17517.125,-169.92499999998836,-4285.362499999988,-30190.662499999977,158811.6875,3329.837499999994,-260.03749999999854,606.3875000000116,3.3875,-6.025,-2.450000000000003,-8.975,3.5625,13.775000000000006,0.1125,0.25,0.7749999999999999,-1.325,0.15,-2.4625000000000057
11207.850000000006,70023.71250000002,17480.125,443.07500000001164,-2794.3624999999884,-32099.662499999977,148835.6875,3381.837499999994,641.9625000000015,2564.3875000000116,3.3875,14.975,-7.450000000000003,0.02499999999999991,0.5625,5.775000000000006,0.1125,-0.75,-0.2250000000000001,1.675,5.15,-2.4625000000000057
5879.850000000006,60739.71250000002,16525.125,-538.9249999999884,-3058.3624999999884,-36048.66249999998,135883.6875,3541.837499999994,-285.03749999999854,827.3875000000116,6.3875,-5.025,-28.450000000000003,4.025,8.5625,2.7750000000000057,0.1125,0.25,-0.2250000000000001,2.675,-1.85,-1.4625000000000057
680.8500000000058,62271.71250000002,16448.125,234.07500000001164,-4058.3624999999884,-40401.66249999998,157402.6875,3089.837499999994,589.9625000000015,1651.3875000000116,-4.6125,-2.025,16.549999999999997,-5.975,-6.4375,28.775000000000006,0.1125,0.25,-1.225,1.675,4.15,-1.4625000000000057
-2775.149999999994,70752.71250000002,16758.125,-52.92499999998836,-2842.3624999999884,-42384.66249999998,166464.6875,2970.837499999994,824.9625000000015,2772.3875000000116,11.3875,8.975,-20.450000000000003,-2.975,-0.4375,30.775000000000006,0.1125,0.25,0.7749999999999999,0.675,0.15,-13.462500000000006
-8192.149999999994,89879.71250000002,17140.125,589.0750000000116,-2183.3624999999884,-46727.66249999998,170690.6875,2902.837499999994,241.96250000000146,1245.3875000000116,1.3875000000000002,15.975,-12.450000000000003,10.025,12.5625,4.775000000000006,-0.8875,0.25,-0.2250000000000001,3.675,5.15,-9.462500000000006
-16985.149999999994,92917.71250000002,16973.125,-133.92499999998836,-2429.3624999999884,-46671.66249999998,185205.6875,2819.837499999994,638.9625000000015,2605.3875000000116,-1.6124999999999998,6.975,7.549999999999997,-1.975,6.5625,4.775000000000006,0.1125,0.25,-0.2250000000000001,-0.32499999999999996,-4.85,-11.462500000000006
-17506.149999999994,84049.71250000002,16946.125,255.07500000001164,-1905.3624999999884,-34767.66249999998,190772.6875,3337.837499999994,-301.03749999999854,1602.3875000000116,-0.6124999999999998,0.975,5.549999999999997,7.025,1.5625,-14.224999999999994,0.1125,1.25,0.7749999999999999,0.675,1.15,-14.462500000000006
-20887.149999999994,47357.71250000002,16605.125,548.0750000000116,-636.3624999999884,-23513.662499999977,184102.6875,2662.837499999994,291.96250000000146,3190.3875000000116,5.3875,-14.025,13.549999999999997,-9.975,19.5625,-18.224999999999994,0.1125,1.25,1.775,5.675,12.15,-2.4625000000000057
-22586.149999999994,78321.71250000002,16414.125,-579.9249999999884,-1797.3624999999884,-22730.662499999977,173104.6875,2270.837499999994,-903.0374999999985,868.3875000000116,-9.6125,-8.025,6.549999999999997,6.025,-4.4375,-75.225,-0.8875,-0.75,-0.2250000000000001,1.675,11.15,-9.462500000000006
-67553.15,112662.71250000002,17842.125,904.0750000000116,-1129.3624999999884,-34973.66249999998,196083.6875,1786.8374999999942,-823.0374999999985,2579.3875000000116,16.3875,2.975,-34.45,-17.975,12.5625,-7.224999999999994,-0.8875,-0.75,-1.225,2.675,6.15,3.5374999999999943
-75492.15,118461.71250000002,18391.125,1320.0750000000116,-144.36249999998836,-31253.662499999977,188878.6875,-498.1625000000058,580.9625000000015,4176.387500000012,-9.6125,6.975,18.549999999999997,27.025,8.5625,-41.224999999999994,0.1125,1.25,0.7749999999999999,-1.325,1.15,-1.4625000000000057
-51973.149999999994,85701.71250000002,17198.125,799.0750000000116,-614.3624999999884,-24880.662499999977,181256.6875,596.8374999999942,332.96250000000146,4765.387500000012,-9.6125,8.975,-3.450000000000003,16.025,-6.4375,-23.224999999999994,0.1125,1.25,0.7749999999999999,-0.32499999999999996,-0.85,-5.462500000000006
-35540.149999999994,52382.71250000002,15909.125,-803.9249999999884,-1984.3624999999884,-30768.662499999977,168605.6875,2597.837499999994,-1268.0374999999985,2160.3875000000116,24.3875,29.975,-57.45,-3.975,-2.4375,-18.224999999999994,0.1125,0.25,-1.225,-4.325,-7.85,-12.462500000000006
-45155.149999999994,53352.71250000002,16113.125,-398.92499999998836,-1364.3624999999884,-37927.66249999998,162679.6875,1755.8374999999942,-647.0374999999985,2986.3875000000116,-7.6125,-4.025,0.5499999999999972,1.025,3.5625,3.7750000000000057,-0.8875,0.25,-0.2250000000000001,2.675,1.15,-2.4625000000000057
-44202.149999999994,53558.71250000002,16938.125,660.0750000000116,-496.36249999998836,-35593.66249999998,163660.6875,1039.8374999999942,391.96250000000146,4259.387500000012,0.3875000000000002,11.975,-2.450000000000003,-5.975,4.5625,5.775000000000006,0.1125,1.25,1.775,1.675,17.15,1.5374999999999943
-14883.149999999994,9843.712500000023,16533.125,-387.92499999998836,-1609.3624999999884,-3109.6624999999767,110802.6875,3471.837499999994,-398.03749999999854,3134.3875000000116,7.3875,-0.025000000000000022,-24.450000000000003,-6.975,-11.4375,28.775000000000006,0.1125,0.25,0.7749999999999999,2.675,4.15,-6.462500000000006
-10873.149999999994,133.71250000002328,18669.125,-36.92499999998836,-1008.3624999999884,8160.337500000023,3943.6875,16178.837499999994,-1225.0374999999985,2321.3875000000116,-15.6125,-91.025,325.55,-105.975,5.5625,356.775,-0.8875,-0.75,0.7749999999999999,4.675,2.15,0.5374999999999943
38363.850000000006,194600.71250000002,19161.125,-437.92499999998836,-941.3624999999884,24879.337500000023,139652.6875,8854.837499999994,-715.0374999999985,4160.387500000012,23.3875,4.975,116.55,166.025,-155.4375,-180.225,-1.8875,1.25,-0.2250000000000001,-23.325,-27.85,-29.462500000000006
84627.85,398492.7125,26873.125,-1291.9249999999884,-4933.362499999988,221218.33750000002,326876.6875,-5178.162500000006,-495.03749999999854,1418.3875000000116,10.3875,-46.025,-28.450000000000003,164.025,-36.4375,142.775,1.1125,-0.75,3.775,23.675,22.15,-23.462500000000006
97087.85,246340.71250000002,13741.125,1478.0750000000116,-992.3624999999884,-63615.66249999998,172777.6875,-34233.162500000006,3033.9625000000015,-4497.612499999988,-12.6125,19.975,66.55,25.025,4.5625,-34.224999999999994,-0.8875,2.25,-4.225,-20.325,55.15,-12.462500000000006
57236.850000000006,317165.7125,30331.125,-4338.924999999988,-5091.362499999988,136099.33750000002,204716.6875,-1821.1625000000058,-9307.037499999999,-5280.612499999988,-11.6125,21.975,20.549999999999997,-15.975,42.5625,60.775000000000006,0.1125,1.25,-0.2250000000000001,-24.325,7.15,-21.462500000000006
28318.850000000006,243611.71250000002,26183.125,4542.075000000012,-3489.3624999999884,109863.33750000002,227380.6875,1810.8374999999942,1114.9625000000015,11539.387500000012,1.3875000000000002,20.975,18.549999999999997,36.025,4.5625,-0.22499999999999432,0.1125,1.25,0.7749999999999999,21.675,-21.85,-3.4625000000000057
-15902.149999999994,80954.71250000002,-6960.875,-2438.9249999999884,829.6375000000116,4581.337500000023,8822.6875,-4858.162500000006,-1149.0374999999985,153.38750000001164,-14.6125,24.975,13.549999999999997,-7.975,5.5625,16.775000000000006,-0.8875,0.25,-1.225,6.675,18.15,-0.4625000000000057
-21025.149999999994,8864.712500000023,-4900.875,-3027.9249999999884,4986.637500000012,7152.337500000023,-3298.3125,-3627.162500000006,-2812.0374999999985,689.3875000000116,15.3875,-4.025,-14.450000000000003,-2.975,-13.4375,31.775000000000006,1.1125,0.25,3.775,14.675,-1.85,23.537499999999994
-27279.149999999994,1335.7125000000233,2621.125,1280.0750000000116,2318.6375000000116,-11707.662499999977,2944.6875,16319.837499999994,632.9625000000015,453.38750000001164,-7.6125,16.975,1.5499999999999972,-15.975,8.5625,8.775000000000006,-0.8875,1.25,-0.2250000000000001,-22.325,7.15,-8.462500000000006
-25218.149999999994,3839.7125000000233,-2251.875,21038.07500000001,25732.63750000001,-6964.662499999977,2758.6875,13867.837499999994,6929.9625000000015,15613.387500000012,10.3875,3.975,-45.45,37.025,-3.4375,-184.225,-1.8875,-0.75,-1.225,24.675,-2.85,5.537499999999994
-20716.149999999994,22314.712500000023,-1237.875,80333.07500000001,62965.63750000001,-980.6624999999767,2673.6875,10758.837499999994,35154.9625,32766.38750000001,-36.6125,-44.025,14.549999999999997,-49.975,14.5625,-103.225,0.1125,0.25,-0.2250000000000001,21.675,6.15,12.537499999999994
-18353.149999999994,170431.71250000002,1344.125,172715.075,84985.63750000001,2947.3375000000233,95485.6875,4945.837499999994,136826.9625,59098.38750000001,21.3875,-10.025,-28.450000000000003,-8.975,-16.4375,-88.225,-1.8875,0.25,-0.2250000000000001,-10.325,0.15,9.537499999999994
-35898.149999999994,230946.71250000002,14884.125,173823.075,75992.63750000001,-20207.662499999977,242239.6875,-607.1625000000058,169019.9625,80008.38750000001,19.3875,-7.025,-16.450000000000003,-36.975,-25.4375,38.775000000000006,0.1125,-0.75,-0.2250000000000001,12.675,8.15,-29.462500000000006
-47321.149999999994,193212.71250000002,19926.125,160188.075,43331.63750000001,-26913.662499999977,212686.6875,-61.16250000000582,185731.9625,96711.38750000001,-6.6125,31.975,29.549999999999997,21.025,9.5625,6.775000000000006,-0.8875,1.25,-2.225,-2.325,16.15,-43.462500000000006
-62914.149999999994,273524.7125,23282.125,174471.075,29272.63750000001,-26990.662499999977,306605.6875,1649.8374999999942,167590.9625,75682.38750000001,-3.6125,-13.025,15.549999999999997,13.025,-15.4375,-6.224999999999994,-0.8875,0.25,-0.2250000000000001,-6.325,11.15,-17.462500000000006
-88394.15,301757.7125,23342.125,160749.075,49426.63750000001,-22878.662499999977,272852.6875,219.83749999999418,151438.9625,47693.38750000001,-7.6125,-6.025,-1.4500000000000028,-5.975,10.5625,27.775000000000006,-0.8875,0.25,-0.2250000000000001,-5.325,13.15,-21.462500000000006
-88992.15,292073.7125,24835.125,180050.075,23279.63750000001,-24992.662499999977,264689.6875,-3654.162500000006,164634.9625,61160.38750000001,-3.6125,-21.025,-18.450000000000003,1.025,-21.4375,-16.224999999999994,0.1125,0.25,-0.2250000000000001,11.675,5.15,-11.462500000000006
-78519.15,238691.71250000002,23338.125,206599.075,15622.637500000012,-22438.662499999977,227543.6875,-1435.1625000000058,177839.9625,65511.38750000001,9.3875,6.975,-8.450000000000003,-1.975,-14.4375,18.775000000000006,0.1125,0.25,-1.225,1.675,9.15,0.5374999999999943
-90866.15,221070.71250000002,17793.125,187224.075,41804.63750000001,-21553.662499999977,178336.6875,-813.1625000000058,147245.9625,35733.38750000001,-8.6125,-10.025,20.549999999999997,8.025,11.5625,-2.2249999999999943,0.1125,0.25,0.7749999999999999,2.675,-4.85,1.5374999999999943
-82549.15,202347.71250000002,16689.125,152106.075,34648.63750000001,-30339.662499999977,180669.6875,-2018.1625000000058,152175.9625,35958.38750000001,1.3875000000000002,-14.025,-15.450000000000003,-6.975,11.5625,-3.2249999999999943,0.1125,1.25,0.7749999999999999,-18.325,-3.85,-16.462500000000006
-61817.149999999994,117668.71250000002,11553.125,139230.075,22280.63750000001,-22460.662499999977,126859.6875,-3354.162500000006,149068.9625,35220.38750000001,-5.6125,-12.025,-17.450000000000003,-3.975,-2.4375,4.775000000000006,0.1125,-0.75,-2.225,27.675,-4.85,-6.462500000000006
-42320.149999999994,61876.71250000002,4752.125,129183.07500000001,70315.63750000001,-1313.6624999999767,49586.6875,-748.1625000000058,141120.9625,-4143.612499999988,4.3875,-1.025,-6.450000000000003,-6.975,-8.4375,1.7750000000000057,0.1125,-0.75,2.775,-1.325,0.15,-19.462500000000006
-72168.15,89087.71250000002,5989.125,144252.075,66509.63750000001,-8836.662499999977,86179.6875,-1467.1625000000058,147011.9625,-7521.612499999988,-2.6125,0.975,15.549999999999997,13.025,-2.4375,-9.224999999999994,-0.8875,0.25,-1.225,-6.325,-1.85,-6.462500000000006
-98333.15,132012.71250000002,6855.125,162028.075,71725.63750000001,-12341.662499999977,146183.6875,-2316.162500000006,168545.9625,-2102.6124999999884,-6.6125,-4.025,16.549999999999997,0.02499999999999991,7.5625,2.7750000000000057,0.1125,0.25,-0.2250000000000001,4.675,6.15,-4.462500000000006
-97813.15,149311.71250000002,8880.125,178139.075,55145.63750000001,3206.3375000000233,135200.6875,-1849.1625000000058,175106.9625,-1256.6124999999884,-11.6125,2.975,15.549999999999997,-8.975,-14.4375,17.775000000000006,0.1125,1.25,-0.2250000000000001,-16.325,3.15,-20.462500000000006
-101254.15,165301.71250000002,10660.125,175584.075,47829.63750000001,-2101.6624999999767,157196.6875,-1832.1625000000058,160094.9625,-8745.612499999988,2.3875,-9.025,-1.4500000000000028,21.025,-5.4375,-5.224999999999994,-0.8875,0.25,-0.2250000000000001,12.675,0.15,-26.462500000000006
-109752.15,184207.71250000002,13279.125,183268.075,45636.63750000001,-7549.662499999977,185175.6875,-1468.1625000000058,173297.9625,-15187.612499999988,4.3875,8.975,-7.450000000000003,-7.975,4.5625,9.775000000000006,0.1125,0.25,-0.2250000000000001,42.675,6.15,1.5374999999999943
-110019.15,186190.71250000002,12692.125,191982.075,65249.63750000001,-9758.662499999977,168967.6875,-1615.1625000000058,188610.9625,-12142.612499999988,-2.6125,2.975,15.549999999999997,2.025,4.5625,5.775000000000006,0.1125,0.25,-0.2250000000000001,53.675,6.15,21.537499999999994
-100508.15,170577.71250000002,13119.125,179600.075,22413.63750000001,-13502.662499999977,171510.6875,-2078.162500000006,172353.9625,-9107.612499999988,-14.6125,2.975,29.549999999999997,0.02499999999999991,-4.4375,-2.2249999999999943,0.1125,1.25,-1.225,-21.325,2.15,-25.462500000000006
-95970.15,162206.71250000002,12585.125,160962.075,54754.63750000001,-16344.662499999977,167284.6875,-2147.162500000006,136267.9625,-23903.61249999999,10.3875,-4.025,-7.450000000000003,2.025,2.5625,2.7750000000000057,0.1125,1.25,-0.2250000000000001,-18.325,0.15,4.537499999999994
-77002.15,137644.71250000002,12104.125,161738.075,39607.63750000001,-14740.662499999977,153458.6875,-985.1625000000058,139604.9625,-20159.61249999999,3.3875,11.975,-2.450000000000003,6.025,2.5625,-4.224999999999994,1.1125,-0.75,-0.2250000000000001,29.675,0.15,12.537499999999994
-47747.149999999994,103611.71250000002,11247.125,168636.075,17817.63750000001,-11262.662499999977,142833.6875,-1688.1625000000058,148535.9625,-26845.61249999999,-3.6125,-7.025,7.549999999999997,0.02499999999999991,-2.4375,6.775000000000006,0.1125,0.25,0.7749999999999999,3.675,-0.85,11.537499999999994
-27889.149999999994,78191.71250000002,7505.125,188494.075,58733.63750000001,-14860.662499999977,144048.6875,-1586.1625000000058,171656.9625,-34924.61249999999,-3.6125,-2.025,2.549999999999997,-0.9750000000000001,0.5625,-1.2249999999999943,0.1125,0.25,-1.225,-9.325,5.15,-0.4625000000000057
-13593.149999999994,59357.71250000002,8014.125,196385.075,38683.63750000001,-14128.662499999977,137309.6875,-1605.1625000000058,172220.9625,-18045.61249999999,-1.6124999999999998,-2.025,3.549999999999997,3.025,-2.4375,1.7750000000000057,-0.8875,0.25,-0.2250000000000001,5.675,-8.85,0.5374999999999943
-4624.149999999994,46055.71250000002,7678.125,168810.075,34829.63750000001,-22729.662499999977,143759.6875,-1682.1625000000058,147834.9625,-24039.61249999999,-0.6124999999999998,-2.025,-1.4500000000000028,-0.9750000000000001,1.5625,1.7750000000000057,0.1125,0.25,-0.2250000000000001,-1.325,0.15,-3.4625000000000057
-2915.149999999994,41454.71250000002,6791.125,138354.075,48399.63750000001,-18410.662499999977,159626.6875,-1284.1625000000058,129560.9625,-31721.61249999999,2.3875,-6.025,-5.450000000000003,4.025,1.5625,-0.22499999999999432,0.1125,0.25,0.7749999999999999,0.675,0.15,-3.4625000000000057
-6930.149999999994,33256.71250000002,6783.125,185048.075,42193.63750000001,-18291.662499999977,153422.6875,-1420.1625000000058,174383.9625,-28486.61249999999,0.3875000000000002,-1.025,0.5499999999999972,1.025,-2.4375,-1.2249999999999943,0.1125,0.25,0.7749999999999999,-0.32499999999999996,0.15,-2.4625000000000057
-13552.149999999994,42284.71250000002,7581.125,174637.075,41751.63750000001,-20799.662499999977,156192.6875,-2105.162500000006,159048.9625,-24263.61249999999,-0.6124999999999998,1.975,1.5499999999999972,-0.9750000000000001,-0.4375,0.7750000000000057,0.1125,1.25,-0.2250000000000001,1.675,2.15,0.5374999999999943
-17826.149999999994,56473.71250000002,8237.125,161377.075,36417.63750000001,-21294.662499999977,161231.6875,-1355.1625000000058,139963.9625,-21908.61249999999,0.3875000000000002,-2.025,-2.450000000000003,1.025,0.5625,-0.22499999999999432,0.1125,0.25,-0.2250000000000001,-2.325,2.15,-1.4625000000000057
-24785.149999999994,66036.71250000002,8851.125,155725.075,28079.63750000001,-18779.662499999977,163271.6875,-1165.1625000000058,132972.9625,-16756.61249999999,0.3875000000000002,0.975,2.549999999999997,0.02499999999999991,2.5625,0.7750000000000057,0.1125,0.25,0.7749999999999999,2.675,0.15,3.5374999999999943
-34196.149999999994,77281.71250000002,9432.125,152821.075,18929.63750000001,-19296.662499999977,166792.6875,-1288.1625000000058,138093.9625,-11198.612499999988,-1.6124999999999998,0.975,0.5499999999999972,-0.9750000000000001,0.5625,-0.22499999999999432,0.1125,-0.75,-0.2250000000000001,-0.32499999999999996,0.15,0.5374999999999943
-43992.149999999994,88240.71250000002,9921.125,154989.075,14897.637500000012,-18151.662499999977,167406.6875,-1402.1625000000058,148149.9625,-7492.612499999988,-0.6124999999999998,-0.025000000000000022,-0.45000000000000284,-0.9750000000000001,-0.4375,0.7750000000000057,0.1125,0.25,-0.2250000000000001,0.675,1.15,-0.4625000000000057
-60628.149999999994,97853.71250000002,10232.125,153874.075,15442.637500000012,-18045.662499999977,166470.6875,-1469.1625000000058,144974.9625,-7238.612499999988,-0.6124999999999998,-0.025000000000000022,0.5499999999999972,1.025,-0.4375,-0.22499999999999432,1.1125,0.25,-0.2250000000000001,-0.32499999999999996,1.15,-0.4625000000000057
-69459.15,108472.71250000002,10592.125,155093.075,12739.637500000012,-17657.662499999977,168172.6875,-1791.1625000000058,141857.9625,-7144.612499999988,0.3875000000000002,-0.025000000000000022,1.5499999999999972,1.025,-0.4375,-1.2249999999999943,0.1125,0.25,-0.2250000000000001,1.675,0.15,-0.4625000000000057
-76634.15,118121.71250000002,10690.125,155446.075,9051.637500000012,-16396.662499999977,167851.6875,-1824.1625000000058,143416.9625,-5568.612499999988,-0.6124999999999998,0.975,-0.45000000000000284,-0.9750000000000001,0.5625,0.7750000000000057,0.1125,-0.75,-0.2250000000000001,-0.32499999999999996,0.15,-1.4625000000000057
-82135.15,125206.71250000002,11422.125,150410.075,8826.637500000012,-16413.662499999977,168187.6875,-1712.1625000000058,145485.9625,-4444.612499999988,0.3875000000000002,-2.025,0.5499999999999972,0.02499999999999991,-2.4375,-0.22499999999999432,0.1125,0.25,-0.2250000000000001,0.675,0.15,-0.4625000000000057
-86148.15,131007.71250000002,11504.125,147493.075,7783.637500000012,-16950.662499999977,167689.6875,-1761.1625000000058,141653.9625,-3364.6124999999884,0.3875000000000002,-1.025,0.5499999999999972,0.02499999999999991,-1.4375,1.7750000000000057,0.1125,-0.75,-0.2250000000000001,-0.32499999999999996,-0.85,-0.4625000000000057
-88754.15,135194.71250000002,11506.125,147506.075,7829.637500000012,-15988.662499999977,166536.6875,-1927.1625000000058,144058.9625,-2316.6124999999884,0.3875000000000002,-0.025000000000000022,-0.45000000000000284,0.02499999999999991,-1.4375,-0.22499999999999432,-0.8875,0.25,-0.2250000000000001,0.675,-0.85,-1.4625000000000057
-90114.15,139297.71250000002,11438.125,148037.075,7828.637500000012,-14882.662499999977,165737.6875,-1766.1625000000058,145227.9625,-1759.6124999999884,-0.6124999999999998,-0.025000000000000022,-0.45000000000000284,0.02499999999999991,0.5625,-1.2249999999999943,0.1125,0.25,-1.225,1.675,-0.85,0.5374999999999943
-92186.15,140648.71250000002,11294.125,146475.075,7866.637500000012,-15250.662499999977,166807.6875,-1741.1625000000058,143844.9625,-2163.6124999999884,0.3875000000000002,-0.025000000000000022,0.5499999999999972,1.025,-0.4375,-0.22499999999999432,-0.8875,0.25,0.7749999999999999,-0.32499999999999996,0.15,0.5374999999999943
-92122.15,140559.71250000002,11448.125,146279.075,7961.637500000012,-16217.662499999977,168364.6875,-1856.1625000000058,141592.9625,-2458.6124999999884,-0.6124999999999998,0.975,1.5499999999999972,-0.9750000000000001,-0.4375,0.7750000000000057,0.1125,-0.75,0.7749999999999999,0.675,-0.85,0.5374999999999943
-90688.15,138628.71250000002,11596.125,147926.075,7808.637500000012,-17237.662499999977,166771.6875,-1920.1625000000058,142095.9625,-2406.6124999999884,0.3875000000000002,-0.025000000000000022,-0.45000000000000284,1.025,-0.4375,-0.22499999999999432,0.1125,0.25,0.7749999999999999,-0.32499999999999996,0.15,-0.4625000000000057
-87615.15,134977.71250000002,11406.125,150190.075,7150.637500000012,-17696.662499999977,165201.6875,-1716.1625000000058,146297.9625,-1790.6124999999884,-0.6124999999999998,-0.025000000000000022,0.5499999999999972,0.02499999999999991,-0.4375,-0.22499999999999432,0.1125,0.25,-0.2250000000000001,-0.32499999999999996,0.15,-0.4625000000000057
-83446.15,130096.71250000002,11462.125,152202.075,6480.637500000012,-17706.662499999977,165622.6875,-1896.1625000000058,144733.9625,-2942.6124999999884,0.3875000000000002,-0.025000000000000022,0.5499999999999972,2.025,-0.4375,-1.2249999999999943,0.1125,0.25,0.7749999999999999,0.675,0.15,-0.4625000000000057
-78484.15,124626.71250000002,11405.125,152594.075,5919.637500000012,-18175.662499999977,167054.6875,-1778.1625000000058,140915.9625,-4879.612499999988,0.3875000000000002,-0.025000000000000022,-1.4500000000000028,0.02499999999999991,-0.4375,-0.22499999999999432,-0.8875,1.25,-0.2250000000000001,-0.32499999999999996,0.15,-1.4625000000000057
-73227.15,118200.71250000002,11180.125,152946.075,3209.6375000000116,-18405.662499999977,168856.6875,-1698.1625000000058,139320.9625,-6864.612499999988,0.3875000000000002,-0.025000000000000022,0.5499999999999972,0.02499999999999991,-0.4375,-0.22499999999999432,0.1125,0.25,-0.2250000000000001,2.675,0.15,1.5374999999999943
-54446.149999999994,102062.71250000002,10568.125,161266.075,7155.637500000012,-17338.662499999977,167498.6875,-1508.1625000000058,145213.9625,-11365.612499999988,0.3875000000000002,-0.025000000000000022,0.5499999999999972,0.02499999999999991,-0.4375,-0.22499999999999432,0.1125,0.25,0.7749999999999999,0.675,0.15,1.5374999999999943
-50701.149999999994,92192.71250000002,10335.125,162910.075,10404.637500000012,-15711.662499999977,164932.6875,-1615.1625000000058,149346.9625,-13770.612499999988,0.3875000000000002,0.975,0.5499999999999972,0.02499999999999991,0.5625,-0.22499999999999432,0.1125,0.25,-0.2250000000000001,0.675,0.15,-0.4625000000000057
-47827.149999999994,89649.71250000002,9937.125,165619.075,12949.637500000012,-14719.662499999977,159417.6875,-1531.1625000000058,149142.9625,-16955.61249999999,0.3875000000000002,-0.025000000000000022,-0.45000000000000284,0.02499999999999991,0.5625,-0.22499999999999432,0.1125,0.25,-0.2250000000000001,0.675,0.15,0.5374999999999943
-48019.149999999994,90312.71250000002,10009.125,164134.075,15775.637500000012,-14390.662499999977,157828.6875,-1604.1625000000058,147725.9625,-16033.612499999988,-0.6124999999999998,0.975,0.5499999999999972,0.02499999999999991,0.5625,0.7750000000000057,-0.8875,0.25,-0.2250000000000001,0.675,0.15,0.5374999999999943
-50540.149999999994,93766.71250000002,10180.125,160199.075,20100.63750000001,-16097.662499999977,159458.6875,-1806.1625000000058,146190.9625,-13915.612499999988,0.3875000000000002,-0.025000000000000022,-0.45000000000000284,1.025,0.5625,0.7750000000000057,0.1125,0.25,-0.2250000000000001,-0.32499999999999996,0.15,-0.4625000000000057
-55517.149999999994,99648.71250000002,10509.125,156949.075,21285.63750000001,-17056.662499999977,162785.6875,-1752.1625000000058,145125.9625,-11697.612499999988,0.3875000000000002,-0.025000000000000022,-0.45000000000000284,0.02499999999999991,-0.4375,-0.22499999999999432,0.1125,-0.75,-0.2250000000000001,-0.32499999999999996,0.15,-0.4625000000000057
-61565.149999999994,106115.71250000002,10748.125,154296.075,19547.63750000001,-17571.662499999977,165123.6875,-1660.1625000000058,145385.9625,-9511.612499999988,-0.6124999999999998,0.975,-0.45000000000000284,0.02499999999999991,0.5625,0.7750000000000057,0.1125,-0.75,0.7749999999999999,-0.32499999999999996,-0.85,-0.4625000000000057
-66462.15,111493.71250000002,11087.125,153769.075,16838.63750000001,-18609.662499999977,165936.6875,-1754.1625000000058,144307.9625,-7301.612499999988,-0.6124999999999998,-0.025000000000000022,0.5499999999999972,-0.9750000000000001,0.5625,-0.22499999999999432,0.1125,0.25,-0.2250000000000001,-0.32499999999999996,0.15,0.5374999999999943
-74159.15,116126.71250000002,11181.125,151204.075,14430.637500000012,-19576.662499999977,167185.6875,-1828.1625000000058,142360.9625,-5521.612499999988,0.3875000000000002,-1.025,-0.45000000000000284,1.025,-1.4375,-0.22499999999999432,0.1125,0.25,0.7749999999999999,-0.32499999999999996,-0.85,-1.4625000000000057
-75188.15,119122.71250000002,11115.125,149890.075,12404.637500000012,-18957.662499999977,167889.6875,-1708.1625000000058,140999.9625,-4640.612499999988,-0.6124999999999998,-0.025000000000000022,-0.45000000000000284,0.02499999999999991,-0.4375,0.7750000000000057,0.1125,1.25,-0.2250000000000001,-0.32499999999999996,-0.85,-1.4625000000000057
-74743.15,120091.71250000002,10967.125,150057.075,11286.637500000012,-18253.662499999977,167317.6875,-1717.1625000000058,141905.9625,-4222.612499999988,0.3875000000000002,-1.025,-0.45000000000000284,0.02499999999999991,-1.4375,0.7750000000000057,0.1125,0.25,0.7749999999999999,-1.325,0.15,-0.4625000000000057
-74041.15,118509.71250000002,10939.125,151463.075,10907.637500000012,-17599.662499999977,166653.6875,-1740.1625000000058,143474.9625,-4175.612499999988,-0.6124999999999998,-0.025000000000000022,-1.4500000000000028,1.025,-0.4375,-0.22499999999999432,0.1125,-0.75,-1.225,-0.32499999999999996,0.15,-0.4625000000000057
-74027.15,117958.71250000002,10909.125,152512.075,10480.637500000012,-18590.662499999977,167548.6875,-1570.1625000000058,142562.9625,-4548.612499999988,-0.6124999999999998,-0.025000000000000022,-0.45000000000000284,0.02499999999999991,-0.4375,-0.22499999999999432,0.1125,0.25,-0.2250000000000001,0.675,0.15,-0.4625000000000057
-73019.15,116026.71250000002,10881.125,151841.075,9599.637500000012,-19249.662499999977,168104.6875,-1663.1625000000058,141356.9625,-5888.612499999988,-0.6124999999999998,-1.025,-0.45000000000000284,0.02499999999999991,-1.4375,-0.22499999999999432,0.1125,0.25,-0.2250000000000001,0.675,0.15,0.5374999999999943
-70163.15,111644.71250000002,10836.125,153939.075,7941.637500000012,-18736.662499999977,167323.6875,-1761.1625000000058,142275.9625,-7002.612499999988,0.3875000000000002,-2.025,2.549999999999997,0.02499999999999991,-1.4375,-0.22499999999999432,0.1125,-0.75,0.7749999999999999,0.675,0.15,1.5374999999999943
-65754.15,106538.71250000002,10661.125,157314.075,6200.637500000012,-17823.662499999977,165534.6875,-1605.1625000000058,144055.9625,-9581.612499999988,-0.6124999999999998,-0.025000000000000022,0.5499999999999972,-0.9750000000000001,0.5625,-0.22499999999999432,0.1125,0.25,0.7749999999999999,-0.32499999999999996,0.15,-1.4625000000000057
-60825.149999999994,103781.71250000002,10269.125,159060.075,5196.637500000012,-17104.662499999977,164900.6875,-1442.1625000000058,144508.9625,-11168.612499999988,-0.6124999999999998,0.975,0.5499999999999972,0.02499999999999991,0.5625,-0.22499999999999432,0.1125,0.25,-0.2250000000000001,0.675,0.15,0.5374999999999943
-60107.149999999994,102999.71250000002,10393.125,159360.075,5272.637500000012,-17277.662499999977,165516.6875,-1487.1625000000058,142952.9625,-11846.612499999988,-0.6124999999999998,-0.025000000000000022,-0.45000000000000284,-0.9750000000000001,0.5625,-0.22499999999999432,0.1125,0.25,-1.225,0.675,0.15,-0.4625000000000057
-59934.149999999994,102831.71250000002,10450.125,159789.075,5913.637500000012,-17556.662499999977,164503.6875,-1703.1625000000058,143480.9625,-11606.612499999988,0.3875000000000002,0.975,0.5499999999999972,0.02499999999999991,0.5625,-0.22499999999999432,0.1125,0.25,0.7749999999999999,-0.32499999999999996,0.15,0.5374999999999943
-60608.149999999994,103184.71250000002,10541.125,160440.075,6950.637500000012,-17350.662499999977,165055.6875,-1652.1625000000058,143862.9625,-10675.612499999988,0.3875000000000002,-0.025000000000000022,-0.45000000000000284,0.02499999999999991,0.5625,-0.22499999999999432,-0.8875,0.25,-0.2250000000000001,-0.32499999999999996,0.15,0.5374999999999943
-62599.149999999994,105049.71250000002,10595.125,156517.075,8481.637500000012,-17529.662499999977,166232.6875,-1388.1625000000058,143412.9625,-9664.612499999988,1.3875000000000002,1.975,-0.45000000000000284,0.02499999999999991,0.5625,0.7750000000000057,0.1125,0.25,0.7749999999999999,0.675,0.15,0.5374999999999943
-65531.149999999994,107942.71250000002,10876.125,154116.075,10052.637500000012,-18191.662499999977,167028.6875,-1639.1625000000058,142533.9625,-8436.612499999988,1.3875000000000002,-0.025000000000000022,0.5499999999999972,1.025,0.5625,0.7750000000000057,0.1125,0.25,-0.2250000000000001,0.675,0.15,-0.4625000000000057
-68312.15,113601.71250000002,11161.125,153807.075,11251.637500000012,-18635.662499999977,167806.6875,-1783.1625000000058,142609.9625,-6218.612499999988,0.3875000000000002,-0.025000000000000022,0.5499999999999972,0.02499999999999991,-0.4375,0.7750000000000057,0.1125,-0.75,-0.2250000000000001,0.675,0.15,-0.4625000000000057
-70668.15,114258.71250000002,11233.125,153392.075,11303.637500000012,-18307.662499999977,167282.6875,-1922.1625000000058,142314.9625,-5862.612499999988,0.3875000000000002,-0.025000000000000022,-0.45000000000000284,0.02499999999999991,0.5625,-0.22499999999999432,0.1125,0.25,-0.2250000000000001,0.675,0.15,0.5374999999999943
-69726.15,113420.71250000002,11101.125,152643.075,10645.637500000012,-17844.662499999977,167719.6875,-1819.1625000000058,142316.9625,-6187.612499999988,1.3875000000000002,-1.025,0.5499999999999972,1.025,0.5625,-0.22499999999999432,0.1125,0.25,-0.2250000000000001,-0.32499999999999996,0.15,0.5374999999999943
-68057.15,111580.71250000002,10942.125,153285.075,9364.637500000012,-17873.662499999977,167083.6875,-1781.1625000000058,143255.9625,-6908.612499999988,0.3875000000000002,-0.025000000000000022,0.5499999999999972,0.02499999999999991,-0.4375,-0.22499999999999432,1.1125,0.25,-0.2250000000000001,1.675,-0.85,0.5374999999999943
-66274.15,109412.71250000002,10813.125,157029.075,8158.637500000012,-17827.662499999977,166357.6875,-1803.1625000000058,144215.9625,-7760.612499999988,0.3875000000000002,-0.025000000000000022,-0.45000000000000284,1.025,0.5625,-1.2249999999999943,0.1125,0.25,-0.2250000000000001,-0.32499999999999996,0.15,-0.4625000000000057
-64623.149999999994,107607.71250000002,10627.125,157744.075,7111.637500000012,-17400.662499999977,165564.6875,-1646.1625000000058,144370.9625,-8994.612499999988,-0.6124999999999998,0.975,-0.45000000000000284,0.02499999999999991,-0.4375,-0.22499999999999432,0.1125,0.25,-0.2250000000000001,0.675,0.15,-0.4625000000000057
-63100.149999999994,105793.71250000002,10668.125,158018.075,6109.637500000012,-17249.662499999977,165813.6875,-1847.1625000000058,144235.9625,-10706.612499999988,0.3875000000000002,-0.025000000000000022,-0.45000000000000284,0.02499999999999991,0.5625,0.7750000000000057,-0.8875,0.25,0.7749999999999999,-0.32499999999999996,0.15,-0.4625000000000057
-61972.149999999994,104877.71250000002,10652.125,158387.075,6403.637500000012,-17029.662499999977,165047.6875,-1647.1625000000058,144701.9625,-10397.612499999988,0.3875000000000002,-0.025000000000000022,-0.45000000000000284,-0.9750000000000001,-0.4375,-0.22499999999999432,0.1125,0.25,-0.2250000000000001,-0.32499999999999996,0.15,-0.4625000000000057
-63010.149999999994,105111.71250000002,10461.125,158112.075,7100.637500000012,-17258.662499999977,164759.6875,-1578.1625000000058,144544.9625,-9838.612499999988,-0.6124999999999998,-0.025000000000000022,0.5499999999999972,0.02499999999999991,-0.4375,-0.22499999999999432,0.1125,0.25,-0.2250000000000001,-0.32499999999999996,0.15,-0.4625000000000057
-64813.149999999994,108202.71250000002,10606.125,156951.075,8140.637500000012,-17863.662499999977,165699.6875,-1541.1625000000058,143807.9625,-9149.612499999988,0.3875000000000002,-1.025,-1.4500000000000028,0.02499999999999991,-0.4375,0.7750000000000057,0.1125,-0.75,-0.2250000000000001,-0.32499999999999996,0.15,-0.4625000000000057
-66688.15,110233.71250000002,10743.125,155725.075,9475.637500000012,-18152.662499999977,166791.6875,-1566.1625000000058,143329.9625,-8347.612499999988,0.3875000000000002,-0.025000000000000022,-0.45000000000000284,-0.9750000000000001,0.5625,-0.22499999999999432,0.1125,-0.75,0.7749999999999999,-0.32499999999999996,0.15,-0.4625000000000057
-68231.15,111854.71250000002,10863.125,154295.075,10493.637500000012,-18502.662499999977,167793.6875,-1573.1625000000058,143683.9625,-7228.612499999988,0.3875000000000002,-0.025000000000000022,1.5499999999999972,0.02499999999999991,-0.4375,-0.22499999999999432,0.1125,0.25,0.7749999999999999,-0.32499999999999996,0.15,-0.4625000000000057
-69162.15,112705.71250000002,10854.125,153418.075,11160.637500000012,-18593.662499999977,167127.6875,-1729.1625000000058,143117.9625,-6538.612499999988,0.3875000000000002,-0.025000000000000022,0.5499999999999972,0.02499999999999991,-0.4375,0.7750000000000057,0.1125,-0.75,-0.2250000000000001,-0.32499999999999996,0.15,0.5374999999999943
-69504.15,113070.71250000002,10955.125,152778.075,11104.637500000012,-18407.662499999977,167182.6875,-1674.1625000000058,142611.9625,-6610.612499999988,0.3875000000000002,-0.025000000000000022,0.5499999999999972,0.02499999999999991,-0.4375,0.7750000000000057,0.1125,0.25,-0.2250000000000001,-0.32499999999999996,0.15,0.5374999999999943
-69388.15,112648.71250000002,11071.125,153354.075,10587.637500000012,-18205.662499999977,166723.6875,-1548.1625000000058,142841.9625,-6766.612499999988,0.3875000000000002,-0.025000000000000022,-0.45000000000000284,0.02499999999999991,-0.4375,-0.22499999999999432,0.1125,0.25,-0.2250000000000001,0.675,0.15,0.5374999999999943
-68845.15,111559.71250000002,10783.125,154602.075,9537.637500000012,-18217.662499999977,166951.6875,-1712.1625000000058,143441.9625,-7187.612499999988,-0.6124999999999998,-1.025,0.5499999999999972,0.02499999999999991,-0.4375,-0.22499999999999432,0.1125,0.25,0.7749999999999999,-0.32499999999999996,0.15,0.5374999999999943
-66643.15,110277.71250000002,10992.125,155448.075,8621.637500000012,-18159.662499999977,166650.6875,-1743.1625000000058,143618.9625,-7998.612499999988,0.3875000000000002,-0.025000000000000022,-0.45000000000000284,0.02499999999999991,-0.4375,0.7750000000000057,0.1125,0.25,-0.2250000000000001,-0.32499999999999996,0.15,0.5374999999999943
-65350.149999999994,108775.71250000002,10940.125,155832.075,7913.637500000012,-17829.662499999977,165882.6875,-1662.1625000000058,143379.9625,-8848.612499999988,-0.6124999999999998,-0.025000000000000022,0.5499999999999972,0.02499999999999991,-0.4375,-0.22499999999999432,0.1125,0.25,-0.2250000000000001,-0.32499999999999996,0.15,-0.4625000000000057
-64548.149999999994,107580.71250000002,10648.125,157357.075,7032.637500000012,-17707.662499999977,165526.6875,-1648.1625000000058,143538.9625,-9455.612499999988,0.3875000000000002,0.975,0.5499999999999972,0.02499999999999991,-0.4375,0.7750000000000057,0.1125,0.25,-0.2250000000000001,-0.32499999999999996,-0.85,0.5374999999999943
-64642.149999999994,107773.71250000002,10633.125,157385.075,6971.637500000012,-17759.662499999977,165854.6875,-1560.1625000000058,143386.9625,-9344.612499999988,1.3875000000000002,-0.025000000000000022,0.5499999999999972,0.02499999999999991,0.5625,-0.22499999999999432,0.1125,0.25,-0.2250000000000001,-0.32499999999999996,0.15,-0.4625000000000057
-65142.149999999994,108374.71250000002,10697.125,156486.075,7396.637500000012,-18021.662499999977,166180.6875,-1666.1625000000058,143020.9625,-8820.612499999988,-0.6124999999999998,-0.025000000000000022,-0.45000000000000284,0.02499999999999991,-0.4375,-0.22499999999999432,0.1125,0.25,-0.2250000000000001,-0.32499999999999996,0.15,0.5374999999999943
-65976.15,109348.71250000002,10842.125,155843.075,8216.637500000012,-18103.662499999977,165722.6875,-1654.1625000000058,142855.9625,-8196.612499999988,0.3875000000000002,-0.025000000000000022,0.5499999999999972,0.02499999999999991,-0.4375,-0.22499999999999432,0.1125,0.25,0.7749999999999999,-0.32499999999999996,0.15,-0.4625000000000057
-66908.15,110189.71250000002,10815.125,155374.075,8961.637500000012,-17980.662499999977,166159.6875,-1655.1625000000058,142731.9625,-7636.612499999988,0.3875000000000002,-0.025000000000000022,0.5499999999999972,0.02499999999999991,0.5625,-0.22499999999999432,0.1125,-0.75,-0.2250000000000001,0.675,0.15,0.5374999999999943
-68156.15,111025.71250000002,11034.125,154783.075,9682.637500000012,-17987.662499999977,166767.6875,-1688.1625000000058,142263.9625,-7379.612499999988,1.3875000000000002,-0.025000000000000022,0.5499999999999972,1.025,-0.4375,0.7750000000000057,0.1125,0.25,-0.2250000000000001,0.675,0.15,0.5374999999999943
-67912.15,110843.71250000002,10787.125,154410.075,9440.637500000012,-18012.662499999977,166316.6875,-1783.1625000000058,142724.9625,-7105.612499999988,0.3875000000000002,-0.025000000000000022,-0.45000000000000284,0.02499999999999991,-0.4375,-0.22499999999999432,0.1125,-0.75,0.7749999999999999,0.675,0.15,-0.4625000000000057
-67182.15,110281.71250000002,10930.125,155062.075,8842.637500000012,-17709.662499999977,166155.6875,-1759.1625000000058,143374.9625,-7886.612499999988,0.3875000000000002,-0.025000000000000022,-0.45000000000000284,1.025,-0.4375,-0.22499999999999432,0.1125,0.25,-0.2250000000000001,-0.32499999999999996,0.15,0.5374999999999943
-66371.15,109520.71250000002,10841.125,155362.075,8367.637500000012,-17587.662499999977,166323.6875,-1688.1625000000058,143362.9625,-8487.612499999988,0.3875000000000002,-0.025000000000000022,0.5499999999999972,0.02499999999999991,-0.4375,-0.22499999999999432,0.1125,0.25,0.7749999999999999,0.675,0.15,-0.4625000000000057
-65646.15,108679.71250000002,10717.125,155879.075,7872.637500000012,-17621.662499999977,165794.6875,-1771.1625000000058,143192.9625,-8927.612499999988,-0.6124999999999998,-0.025000000000000022,-0.45000000000000284,0.02499999999999991,0.5625,0.7750000000000057,0.1125,0.25,0.7749999999999999,-0.32499999999999996,0.15,-0.4625000000000057
-65233.149999999994,107922.71250000002,10820.125,156673.075,7210.637500000012,-17584.662499999977,165831.6875,-1668.1625000000058,143327.9625,-9225.612499999988,-0.6124999999999998,0.975,0.5499999999999972,0.02499999999999991,-0.4375,0.7750000000000057,0.1125,0.25,-0.2250000000000001,0.675,0.15,-1.4625000000000057
-65203.149999999994,107645.71250000002,10838.125,157015.075,7249.637500000012,-17593.662499999977,165871.6875,-1638.1625000000058,143058.9625,-9385.612499999988,1.3875000000000002,-0.025000000000000022,0.5499999999999972,0.02499999999999991,0.5625,0.7750000000000057,0.1125,0.25,-0.2250000000000001,0.675,0.15,1.5374999999999943
-65735.15,108214.71250000002,10805.125,155795.075,7806.637500000012,-17567.662499999977,166217.6875,-1718.1625000000058,143011.9625,-9196.612499999988,0.3875000000000002,-0.025000000000000022,-0.45000000000000284,0.02499999999999991,0.5625,-0.22499999999999432,0.1125,-0.75,0.7749999999999999,-0.32499999999999996,0.15,0.5374999999999943
-66558.15,109102.71250000002,10775.125,155505.075,8426.637500000012,-17760.662499999977,166647.6875,-1679.1625000000058,143329.9625,-8041.612499999988,0.3875000000000002,-0.025000000000000022,0.5499999999999972,0.02499999999999991,-0.4375,-1.2249999999999943,0.1125,0.25,-0.2250000000000001,-0.32499999999999996,0.15,-0.4625000000000057
-67437.15,109796.71250000002,10838.125,155199.075,8841.637500000012,-18072.662499999977,166695.6875,-1752.1625000000058,142922.9625,-7699.612499999988,0.3875000000000002,-0.025000000000000022,-0.45000000000000284,0.02499999999999991,0.5625,-1.2249999999999943,0.1125,0.25,-0.2250000000000001,-0.32499999999999996,0.15,0.5374999999999943
-68153.15,110636.71250000002,10840.125,154745.075,9326.637500000012,-18152.662499999977,166658.6875,-1795.1625000000058,142599.9625,-7562.612499999988,0.3875000000000002,-1.025,0.5499999999999972,0.02499999999999991,-0.4375,0.7750000000000057,0.1125,0.25,0.7749999999999999,0.675,0.15,0.5374999999999943
-68278.15,110838.71250000002,10996.125,154506.075,9669.637500000012,-18183.662499999977,166719.6875,-1819.1625000000058,142733.9625,-7331.612499999988,0.3875000000000002,-0.025000000000000022,0.5499999999999972,1.025,-0.4375,0.7750000000000057,0.1125,0.25,-0.2250000000000001,0.675,0.15,-0.4625000000000057
-68074.15,110784.71250000002,10878.125,154488.075,9449.637500000012,-18333.662499999977,166799.6875,-1803.1625000000058,143045.9625,-7252.612499999988,0.3875000000000002,-0.025000000000000022,-0.45000000000000284,1.025,-0.4375,-0.22499999999999432,0.1125,0.25,-0.2250000000000001,-0.32499999999999996,0.15,0.5374999999999943
-67880.15,110516.71250000002,10804.125,154798.075,8868.637500000012,-18370.662499999977,166578.6875,-1665.1625000000058,143332.9625,-7496.612499999988,0.3875000000000002,-0.025000000000000022,-0.45000000000000284,0.02499999999999991,-0.4375,-0.22499999999999432,0.1125,0.25,-0.2250000000000001,-0.32499999999999996,0.15,1.5374999999999943
-67431.15,109927.71250000002,10685.125,155373.075,8708.637500000012,-18149.662499999977,166395.6875,-1625.1625000000058,143349.9625,-7965.612499999988,-0.6124999999999998,-0.025000000000000022,0.5499999999999972,0.02499999999999991,-0.4375,-0.22499999999999432,0.1125,0.25,0.7749999999999999,0.675,0.15,-0.4625000000000057
-66490.15,109357.71250000002,10671.125,155848.075,8313.637500000012,-18164.662499999977,166059.6875,-1679.1625000000058,143170.9625,-8500.612499999988,-0.6124999999999998,-0.025000000000000022,0.5499999999999972,0.02499999999999991,-0.4375,-0.22499999999999432,-0.8875,0.25,0.7749999999999999,-0.32499999999999996,0.15,-0.4625000000000057
-66329.15,108300.71250000002,10766.125,156302.075,7860.637500000012,-18277.662499999977,165779.6875,-1696.1625000000058,142962.9625,-8701.612499999988,0.3875000000000002,-1.025,0.5499999999999972,0.02499999999999991,-0.4375,-0.22499999999999432,0.1125,0.25,0.7749999999999999,-1.325,0.15,-0.4625000000000057
-66489.15,108787.71250000002,11018.125,156265.075,7715.637500000012,-18374.662499999977,166198.6875,-1784.1625000000058,143050.9625,-8509.612499999988,-0.6124999999999998,-0.025000000000000022,-0.45000000000000284,0.02499999999999991,-0.4375,-0.22499999999999432,0.1125,0.25,-0.2250000000000001,0.675,0.15,1.5374999999999943
-67020.15,109684.71250000002,11076.125,155696.075,8533.637500000012,-18162.662499999977,166294.6875,-1691.1625000000058,143154.9625,-8526.612499999988,0.3875000000000002,-0.025000000000000022,0.5499999999999972,1.025,-0.4375,-0.22499999999999432,0.1125,0.25,0.7749999999999999,-0.32499999999999996,0.15,0.5374999999999943
-67347.15,110265.71250000002,10919.125,155515.075,8913.637500000012,-18321.662499999977,167031.6875,-1614.1625000000058,143598.9625,-8274.612499999988,0.3875000000000002,0.975,-0.45000000000000284,0.02499999999999991,-0.4375,0.7750000000000057,0.1125,0.25,-0.2250000000000001,-0.32499999999999996,0.15,-1.4625000000000057
-68433.15,111018.71250000002,11019.125,154769.075,9562.637500000012,-18437.662499999977,166754.6875,-1807.1625000000058,142957.9625,-7526.612499999988,-0.6124999999999998,-0.025000000000000022,0.5499999999999972,0.02499999999999991,-0.4375,-0.22499999999999432,0.1125,0.25,0.7749999999999999,0.675,0.15,-0.4625000000000057
-67971.15,110930.71250000002,10871.125,155304.075,9192.637500000012,-18191.662499999977,166781.6875,-1848.1625000000058,143489.9625,-7495.612499999988,0.3875000000000002,-0.025000000000000022,0.5499999999999972,0.02499999999999991,-0.4375,-0.22499999999999432,0.1125,0.25,0.7749999999999999,0.675,0.15,-0.4625000000000057
-67272.15,110254.71250000002,10733.125,155514.075,8424.637500000012,-18032.662499999977,167001.6875,-1859.1625000000058,143731.9625,-7781.612499999988,0.3875000000000002,0.975,0.5499999999999972,0.02499999999999991,-0.4375,-0.22499999999999432,-0.8875,1.25,-0.2250000000000001,0.675,0.15,-0.4625000000000057
-66683.15,109309.71250000002,10803.125,156078.075,7853.637500000012,-17844.662499999977,166913.6875,-1691.1625000000058,144079.9625,-8177.612499999988,0.3875000000000002,-0.025000000000000022,-0.45000000000000284,0.02499999999999991,-0.4375,-0.22499999999999432,0.1125,0.25,0.7749999999999999,0.675,0.15,-0.4625000000000057
-65730.15,107881.71250000002,10817.125,157077.075,7251.637500000012,-17726.662499999977,165874.6875,-1727.1625000000058,144215.9625,-8586.612499999988,0.3875000000000002,-0.025000000000000022,0.5499999999999972,0.02499999999999991,-0.4375,-0.22499999999999432,0.1125,0.25,0.7749999999999999,-0.32499999999999996,0.15,-0.4625000000000057
-65605.15,108041.71250000002,10766.125,156909.075,7502.637500000012,-17722.662499999977,165736.6875,-1774.1625000000058,144037.9625,-8753.612499999988,0.3875000000000002,-0.025000000000000022,1.5499999999999972,0.02499999999999991,-0.4375,0.7750000000000057,0.1125,0.25,0.7749999999999999,-0.32499999999999996,0.15,0.5374999999999943
-65923.15,108605.71250000002,10748.125,156417.075,7892.637500000012,-17965.662499999977,165891.6875,-2004.1625000000058,144073.9625,-8347.612499999988,0.3875000000000002,-0.025000000000000022,0.5499999999999972,0.02499999999999991,-0.4375,0.7750000000000057,0.1125,0.25,-0.2250000000000001,-0.32499999999999996,0.15,0.5374999999999943
-67344.15,109476.71250000002,10569.125,155937.075,8497.637500000012,-17943.662499999977,165986.6875,-1636.1625000000058,144153.9625,-7770.612499999988,-0.6124999999999998,-0.025000000000000022,0.5499999999999972,0.02499999999999991,-0.4375,-0.22499999999999432,0.1125,0.25,-0.2250000000000001,0.675,0.15,-0.4625000000000057
-68024.15,110342.71250000002,10491.125,155453.075,8957.637500000012,-18141.662499999977,166538.6875,-1749.1625000000058,144041.9625,-7533.612499999988,-0.6124999999999998,-0.025000000000000022,-0.45000000000000284,1.025,-0.4375,0.7750000000000057,-0.8875,0.25,0.7749999999999999,0.675,0.15,-0.4625000000000057
-68494.15,110694.71250000002,10607.125,154929.075,9365.637500000012,-18328.662499999977,166808.6875,-1762.1625000000058,143388.9625,-7429.612499999988,-0.6124999999999998,-0.025000000000000022,0.5499999999999972,0.02499999999999991,-0.4375,-0.22499999999999432,-0.8875,1.25,-0.2250000000000001,-0.32499999999999996,-0.85,-0.4625000000000057
-68796.15,110992.71250000002,10816.125,154542.075,9710.637500000012,-18269.662499999977,166691.6875,-1766.1625000000058,143585.9625,-7257.612499999988,0.3875000000000002,-0.025000000000000022,0.5499999999999972,0.02499999999999991,-0.4375,-0.22499999999999432,0.1125,0.25,-0.2250000000000001,0.675,0.15,0.5374999999999943
-68649.15,110897.71250000002,10753.125,154541.075,9698.637500000012,-18253.662499999977,166985.6875,-1832.1625000000058,143830.9625,-7158.612499999988,0.3875000000000002,-0.025000000000000022,0.5499999999999972,0.02499999999999991,-0.4375,-0.22499999999999432,0.1125,0.25,-0.2250000000000001,0.675,0.15,0.5374999999999943
-68342.15,110501.71250000002,10802.125,154879.075,9298.637500000012,-18285.662499999977,166943.6875,-1919.1625000000058,144130.9625,-7547.612499999988,0.3875000000000002,-1.025,0.5499999999999972,0.02499999999999991,-0.4375,0.7750000000000057,1.1125,-0.75,-1.225,-0.32499999999999996,0.15,0.5374999999999943
-67225.15,108365.71250000002,10721.125,156113.075,8084.637500000012,-18048.662499999977,166429.6875,-1569.1625000000058,144811.9625,-8279.612499999988,1.3875000000000002,-0.025000000000000022,0.5499999999999972,0.02499999999999991,-0.4375,-1.2249999999999943,0.1125,0.25,-0.2250000000000001,0.675,0.15,-0.4625000000000057
-66348.15,108281.71250000002,10503.125,156502.075,7848.637500000012,-17969.662499999977,166546.6875,-1630.1625000000058,144421.9625,-8252.612499999988,0.3875000000000002,-0.025000000000000022,1.5499999999999972,0.02499999999999991,-0.4375,0.7750000000000057,0.1125,0.25,-1.225,0.675,0.15,0.5374999999999943
-66259.15,108548.71250000002,10524.125,156430.075,7726.637500000012,-18057.662499999977,166118.6875,-1625.1625000000058,144238.9625,-8491.612499999988,-0.6124999999999998,-0.025000000000000022,-0.45000000000000284,0.02499999999999991,-0.4375,-1.2249999999999943,0.1125,0.25,-0.2250000000000001,-0.32499999999999996,0.15,-0.4625000000000057
-67425.15,109752.71250000002,10848.125,155922.075,8565.637500000012,-18524.662499999977,166573.6875,-1813.1625000000058,144164.9625,-325760.6125,0.3875000000000002,-0.025000000000000022,-0.45000000000000284,0.02499999999999991,0.5625,-0.22499999999999432,0.1125,0.25,-0.2250000000000001,-0.32499999999999996,0.15,-0.4625000000000057
-68138.15,110480.71250000002,10911.125,155090.075,8998.637500000012,-18617.662499999977,167137.6875,-1755.1625000000058,143985.9625,6948240.3875,-0.6124999999999998,-0.025000000000000022,-0.45000000000000284,0.02499999999999991,-0.4375,-0.22499999999999432,0.1125,0.25,-0.2250000000000001,0.675,0.15,0.5374999999999943
-68788.15,111059.71250000002,10903.125,154709.075,9628.637500000012,-18563.662499999977,167297.6875,-1731.1625000000058,143509.9625,-7113.612499999988,0.3875000000000002,-0.025000000000000022,0.5499999999999972,0.02499999999999991,-0.4375,0.7750000000000057,0.1125,0.25,-0.2250000000000001,-0.32499999999999996,0.15,-0.4625000000000057
-69230.15,111507.71250000002,10873.125,154751.075,9752.637500000012,-18455.662499999977,167104.6875,-1813.1625000000058,143535.9625,-6920.612499999988,-0.6124999999999998,-0.025000000000000022,-0.45000000000000284,0.02499999999999991,-0.4375,-0.22499999999999432,0.1125,0.25,-0.2250000000000001,0.675,0.15,-0.4625000000000057
-69131.15,111490.71250000002,11000.125,154923.075,9408.637500000012,-18540.662499999977,167331.6875,-1823.1625000000058,143575.9625,-6933.612499999988,0.3875000000000002,-1.025,0.5499999999999972,0.02499999999999991,-0.4375,-0.22499999999999432,0.1125,0.25,0.7749999999999999,-0.32499999999999996,0.15,0.5374999999999943
-68313.15,110734.71250000002,10950.125,154895.075,8976.637500000012,-18621.662499999977,167954.6875,-1738.1625000000058,143667.9625,-7037.612499999988,0.3875000000000002,-0.025000000000000022,0.5499999999999972,0.02499999999999991,-0.4375,-0.22499999999999432,0.1125,0.25,-0.2250000000000001,-0.32499999999999996,0.15,-0.4625000000000057
-66948.15,108884.71250000002,10805.125,155932.075,8251.637500000012,-17864.662499999977,166614.6875,-1795.1625000000058,144426.9625,-8279.612499999988,1.3875000000000002,-0.025000000000000022,0.5499999999999972,1.025,-0.4375,-1.2249999999999943,0.1125,0.25,-0.2250000000000001,-0.32499999999999996,0.15,-0.4625000000000057
-66317.15,108324.71250000002,10733.125,156714.075,7211.637500000012,-17971.662499999977,166472.6875,-1867.1625000000058,144429.9625,-8720.612499999988,0.3875000000000002,-0.025000000000000022,0.5499999999999972,0.02499999999999991,-0.4375,0.7750000000000057,0.1125,1.25,0.7749999999999999,0.675,0.15,0.5374999999999943
-65965.15,108059.71250000002,10806.125,156816.075,7083.637500000012,-17907.662499999977,166178.6875,-1843.1625000000058,144333.9625,-8931.612499999988,-0.6124999999999998,-0.025000000000000022,0.5499999999999972,1.025,0.5625,-1.2249999999999943,0.1125,0.25,-0.2250000000000001,-0.32499999999999996,0.15,0.5374999999999943
-66076.15,108381.71250000002,10869.125,156726.075,7288.637500000012,-17847.662499999977,166228.6875,-1717.1625000000058,144289.9625,-8750.612499999988,0.3875000000000002,-0.025000000000000022,-0.45000000000000284,0.02499999999999991,-0.4375,-0.22499999999999432,0.1125,0.25,0.7749999999999999,0.675,0.15,-1.4625000000000057
-66637.15,108784.71250000002,10935.125,156531.075,7544.637500000012,-18019.662499999977,166744.6875,-1743.1625000000058,144321.9625,-8357.612499999988,-0.6124999999999998,0.975,0.5499999999999972,0.02499999999999991,-0.4375,0.7750000000000057,0.1125,1.25,0.7749999999999999,-0.32499999999999996,0.15,-0.4625000000000057
-67763.15,109407.71250000002,10894.125,155969.075,8218.637500000012,-18176.662499999977,166761.6875,-1892.1625000000058,144155.9625,-8031.612499999988,0.3875000000000002,0.975,-0.45000000000000284,0.02499999999999991,-0.4375,-0.22499999999999432,0.1125,0.25,-0.2250000000000001,0.675,0.15,-0.4625000000000057
-68275.15,110030.71250000002,10845.125,155335.075,8798.637500000012,-18347.662499999977,166409.6875,-1806.1625000000058,143928.9625,-7586.612499999988,0.3875000000000002,-0.025000000000000022,0.5499999999999972,1.025,-0.4375,0.7750000000000057,0.1125,0.25,-0.2250000000000001,0.675,-0.85,0.5374999999999943
-68777.15,110786.71250000002,10798.125,155050.075,9361.637500000012,-18421.662499999977,166610.6875,-1577.1625000000058,143871.9625,-6982.612499999988,0.3875000000000002,-0.025000000000000022,0.5499999999999972,0.02499999999999991,-0.4375,-0.22499999999999432,0.1125,-0.75,0.7749999999999999,0.675,0.15,-0.4625000000000057
-69055.15,111293.71250000002,10860.125,154781.075,9311.637500000012,-18487.662499999977,167357.6875,-1736.1625000000058,143738.9625,-6983.612499999988,0.3875000000000002,-0.025000000000000022,0.5499999999999972,0.02499999999999991,0.5625,-0.22499999999999432,0.1125,0.25,-0.2250000000000001,-0.32499999999999996,0.15,-0.4625000000000057
-68941.15,111097.71250000002,10811.125,154634.075,9270.637500000012,-18462.662499999977,167347.6875,-1756.1625000000058,143786.9625,-6903.612499999988,0.3875000000000002,-0.025000000000000022,-0.45000000000000284,0.02499999999999991,-0.4375,-0.22499999999999432,0.1125,0.25,0.7749999999999999,-0.32499999999999996,0.15,-0.4625000000000057
-68555.15,110342.71250000002,10771.125,154898.075,8997.637500000012,-18342.662499999977,167354.6875,-1733.1625000000058,144037.9625,-7232.612499999988,0.3875000000000002,0.975,0.5499999999999972,1.025,-0.4375,-0.22499999999999432,0.1125,-0.75,0.7749999999999999,0.675,0.15,1.5374999999999943
-67891.15,109534.71250000002,10895.125,155380.075,8546.637500000012,-18317.662499999977,166774.6875,-1849.1625000000058,144326.9625,-7666.612499999988,-0.6124999999999998,-0.025000000000000022,0.5499999999999972,0.02499999999999991,-0.4375,0.7750000000000057,0.1125,0.25,-0.2250000000000001,0.675,-0.85,-0.4625000000000057
-67465.15,109087.71250000002,10869.125,155875.075,8121.637500000012,-18180.662499999977,166654.6875,-1808.1625000000058,144310.9625,-8045.612499999988,-0.6124999999999998,-0.025000000000000022,-0.45000000000000284,0.02499999999999991,-0.4375,0.7750000000000057,0.1125,0.25,-0.2250000000000001,0.675,0.15,-0.4625000000000057
-66741.15,108718.71250000002,10901.125,156147.075,7651.637500000012,-18336.662499999977,166160.6875,-1808.1625000000058,144209.9625,-8232.612499999988,0.3875000000000002,-0.025000000000000022,0.5499999999999972,0.02499999999999991,-0.4375,-0.22499999999999432,0.1125,0.25,-0.2250000000000001,-0.32499999999999996,-0.85,-0.4625000000000057
-67293.15,109182.71250000002,10873.125,156034.075,8150.637500000012,-18495.662499999977,165914.6875,-1794.1625000000058,144376.9625,-8038.612499999988,0.3875000000000002,-0.025000000000000022,-0.45000000000000284,0.02499999999999991,0.5625,-1.2249999999999943,0.1125,0.25,-0.2250000000000001,-0.32499999999999996,0.15,-0.4625000000000057
-67804.15,109709.71250000002,10822.125,155412.075,8590.637500000012,-18527.662499999977,165773.6875,-1724.1625000000058,144287.9625,-7792.612499999988,-0.6124999999999998,0.975,-0.45000000000000284,0.02499999999999991,-0.4375,0.7750000000000057,0.1125,0.25,-0.2250000000000001,0.675,0.15,0.5374999999999943
-68479.15,110393.71250000002,10937.125,154946.075,8861.637500000012,-18570.662499999977,166260.6875,-1565.1625000000058,143764.9625,-7690.612499999988,0.3875000000000002,-0.025000000000000022,0.5499999999999972,1.025,0.5625,-0.22499999999999432,0.1125,-0.75,-0.2250000000000001,-0.32499999999999996,-0.85,-0.4625000000000057
-69008.15,111009.71250000002,11001.125,154837.075,9235.637500000012,-18618.662499999977,166064.6875,-1769.1625000000058,143781.9625,-7283.612499999988,0.3875000000000002,0.975,-0.45000000000000284,0.02499999999999991,0.5625,-0.22499999999999432,0.1125,0.25,0.7749999999999999,0.675,0.15,-0.4625000000000057
-69237.15,111109.71250000002,10942.125,154806.075,9337.637500000012,-18463.662499999977,167077.6875,-1702.1625000000058,143727.9625,-6871.612499999988,0.3875000000000002,-0.025000000000000022,0.5499999999999972,0.02499999999999991,-0.4375,0.7750000000000057,0.1125,0.25,-0.2250000000000001,-0.32499999999999996,0.15,-0.4625000000000057
-69172.15,111044.71250000002,10874.125,154514.075,9012.637500000012,-18405.662499999977,166982.6875,-1682.1625000000058,143695.9625,-7027.612499999988,0.3875000000000002,-0.025000000000000022,-0.45000000000000284,0.02499999999999991,-0.4375,0.7750000000000057,0.1125,0.25,0.7749999999999999,-0.32499999999999996,0.15,-1.4625000000000057
-67755.15,109469.71250000002,10909.125,155861.075,8329.637500000012,-18439.662499999977,166629.6875,-1826.1625000000058,144378.9625,-7600.612499999988,0.3875000000000002,-0.025000000000000022,-0.45000000000000284,0.02499999999999991,-0.4375,0.7750000000000057,0.1125,0.25,-0.2250000000000001,-0.32499999999999996,0.15,0.5374999999999943
-67365.15,108955.71250000002,10755.125,156028.075,8111.637500000012,-18097.662499999977,166343.6875,-1626.1625000000058,144432.9625,-8104.612499999988,0.3875000000000002,-0.025000000000000022,0.5499999999999972,0.02499999999999991,-0.4375,-0.22499999999999432,0.1125,0.25,1.775,-0.32499999999999996,0.15,0.5374999999999943
-66776.15,108662.71250000002,10676.125,156063.075,7730.637500000012,-17930.662499999977,166141.6875,-1524.1625000000058,144353.9625,-8195.612499999988,-0.6124999999999998,-0.025000000000000022,0.5499999999999972,1.025,0.5625,-1.2249999999999943,0.1125,0.25,0.7749999999999999,0.675,-0.85,0.5374999999999943
-66639.15,108618.71250000002,10767.125,156437.075,7412.637500000012,-17979.662499999977,165922.6875,-1658.1625000000058,144480.9625,-8117.612499999988,0.3875000000000002,-0.025000000000000022,-0.45000000000000284,1.025,0.5625,-1.2249999999999943,0.1125,0.25,-0.2250000000000001,-0.32499999999999996,0.15,-0.4625000000000057
-66715.15,108579.71250000002,10989.125,156568.075,7860.637500000012,-18016.662499999977,166067.6875,-1730.1625000000058,144634.9625,-8097.612499999988,0.3875000000000002,-0.025000000000000022,-0.45000000000000284,0.02499999999999991,0.5625,0.7750000000000057,0.1125,0.25,-0.2250000000000001,-0.32499999999999996,-0.85,-0.4625000000000057
-67086.15,109003.71250000002,10886.125,156269.075,8252.637500000012,-18365.662499999977,166860.6875,-1619.1625000000058,144370.9625,-7794.612499999988,0.3875000000000002,-0.025000000000000022,-0.45000000000000284,0.02499999999999991,-0.4375,-0.22499999999999432,0.1125,0.25,-0.2250000000000001,0.675,0.15,-0.4625000000000057
-68077.15,109568.71250000002,10850.125,155398.075,8505.637500000012,-18480.662499999977,166897.6875,-1684.1625000000058,144130.9625,-7447.612499999988,1.3875000000000002,-0.025000000000000022,-0.45000000000000284,0.02499999999999991,-0.4375,-0.22499999999999432,0.1125,0.25,-0.2250000000000001,0.675,0.15,-0.4625000000000057
-68594.15,109984.71250000002,10952.125,155264.075,8791.637500000012,-18468.662499999977,167289.6875,-1831.1625000000058,144114.9625,-7154.612499999988,0.3875000000000002,-0.025000000000000022,-0.45000000000000284,0.02499999999999991,0.5625,0.7750000000000057,-0.8875,0.25,-0.2250000000000001,0.675,0.15,-0.4625000000000057
-68896.15,110853.71250000002,10862.125,155060.075,9138.637500000012,-18299.662499999977,167643.6875,-1865.1625000000058,144119.9625,-7141.612499999988,0.3875000000000002,-1.025,0.5499999999999972,1.025,0.5625,-0.22499999999999432,0.1125,1.25,-0.2250000000000001,0.675,0.15,-0.4625000000000057
-69042.15,110925.71250000002,10887.125,154886.075,9520.637500000012,-18287.662499999977,166697.6875,-1801.1625000000058,144048.9625,-7161.612499999988,-0.6124999999999998,0.975,-0.45000000000000284,1.025,-0.4375,-1.2249999999999943,0.1125,0.25,-0.2250000000000001,0.675,0.15,0.5374999999999943
-68788.15,110736.71250000002,10915.125,154959.075,9099.637500000012,-18212.662499999977,166873.6875,-1638.1625000000058,143991.9625,-7073.612499999988,1.3875000000000002,0.975,-0.45000000000000284,1.025,-0.4375,-0.22499999999999432,-0.8875,0.25,-0.2250000000000001,0.675,-0.85,-0.4625000000000057
-68141.15,110063.71250000002,10838.125,155650.075,8283.637500000012,-18334.662499999977,166672.6875,-1753.1625000000058,144428.9625,-7651.612499999988,0.3875000000000002,-0.025000000000000022,-0.45000000000000284,0.02499999999999991,-0.4375,0.7750000000000057,-0.8875,0.25,0.7749999999999999,-0.32499999999999996,0.15,-0.4625000000000057
-67759.15,109696.71250000002,10847.125,155912.075,8049.637500000012,-18329.662499999977,166797.6875,-1802.1625000000058,144411.9625,-8086.612499999988,-0.6124999999999998,0.975,0.5499999999999972,0.02499999999999991,-0.4375,-0.22499999999999432,0.1125,0.25,-0.2250000000000001,0.675,0.15,0.5374999999999943
-67388.15,109270.71250000002,10870.125,156071.075,7827.637500000012,-18243.662499999977,166494.6875,-1735.1625000000058,144502.9625,-8086.612499999988,0.3875000000000002,-0.025000000000000022,-0.45000000000000284,0.02499999999999991,-0.4375,-0.22499999999999432,0.1125,-0.75,-0.2250000000000001,-0.32499999999999996,0.15,-0.4625000000000057
-67554.15,109099.71250000002,10873.125,156136.075,7902.637500000012,-18216.662499999977,166467.6875,-1687.1625000000058,144532.9625,-8042.612499999988,0.3875000000000002,-0.025000000000000022,0.5499999999999972,0.02499999999999991,-0.4375,0.7750000000000057,0.1125,0.25,0.7749999999999999,-0.32499999999999996,0.15,-0.4625000000000057
-67903.15,109464.71250000002,10774.125,155901.075,8186.637500000012,-18420.662499999977,166312.6875,-1699.1625000000058,144401.9625,-7868.612499999988,0.3875000000000002,-0.025000000000000022,0.5499999999999972,0.02499999999999991,-0.4375,0.7750000000000057,0.1125,0.25,-0.2250000000000001,-0.32499999999999996,0.15,-0.4625000000000057
-68401.15,109931.71250000002,10950.125,155582.075,8665.637500000012,-18664.662499999977,166429.6875,-1600.1625000000058,144123.9625,-7455.612499999988,-0.6124999999999998,0.975,0.5499999999999972,0.02499999999999991,-0.4375,-0.22499999999999432,0.1125,0.25,-0.2250000000000001,-0.32499999999999996,1.15,0.5374999999999943
-68894.15,110833.71250000002,11115.125,155310.075,9004.637500000012,-18521.662499999977,167286.6875,-1634.1625000000058,144054.9625,-7190.612499999988,-0.6124999999999998,-0.025000000000000022,-0.45000000000000284,0.02499999999999991,0.5625,-0.22499999999999432,0.1125,0.25,-0.2250000000000001,-0.32499999999999996,0.15,-0.4625000000000057
-69215.15,111210.71250000002,11046.125,155140.075,9085.637500000012,-18717.662499999977,167472.6875,-1693.1625000000058,144029.9625,-6954.612499999988,-0.6124999999999998,-0.025000000000000022,-0.45000000000000284,0.02499999999999991,-0.4375,-0.22499999999999432,0.1125,0.25,0.7749999999999999,0.675,0.15,0.5374999999999943
-69436.15,111231.71250000002,10917.125,154656.075,9171.637500000012,-18659.662499999977,167089.6875,-1831.1625000000058,143981.9625,-6903.612499999988,1.3875000000000002,-0.025000000000000022,0.5499999999999972,1.025,-0.4375,0.7750000000000057,0.1125,0.25,-0.2250000000000001,-0.32499999999999996,0.15,-1.4625000000000057
-69300.15,110796.71250000002,10921.125,154943.075,8990.637500000012,-18460.662499999977,166920.6875,-1846.1625000000058,144098.9625,-7056.612499999988,0.3875000000000002,-1.025,-0.45000000000000284,1.025,-0.4375,-0.22499999999999432,0.1125,0.25,-0.2250000000000001,0.675,0.15,0.5374999999999943
-68449.15,110363.71250000002,10839.125,155285.075,8614.637500000012,-18308.662499999977,166466.6875,-1886.1625000000058,144191.9625,-7114.612499999988,0.3875000000000002,-0.025000000000000022,-0.45000000000000284,0.02499999999999991,-0.4375,0.7750000000000057,0.1125,0.25,-0.2250000000000001,0.675,0.15,-0.4625000000000057
-67980.15,109951.71250000002,10852.125,155555.075,8294.637500000012,-18337.662499999977,166718.6875,-1663.1625000000058,144483.9625,-7385.612499999988,0.3875000000000002,-0.025000000000000022,0.5499999999999972,1.025,-0.4375,-0.22499999999999432,0.1125,0.25,-0.2250000000000001,-0.32499999999999996,0.15,-0.4625000000000057
-67519.15,109555.71250000002,10842.125,155781.075,7962.637500000012,-18244.662499999977,166831.6875,-1775.1625000000058,144537.9625,-7668.612499999988,0.3875000000000002,-0.025000000000000022,-0.45000000000000284,0.02499999999999991,-0.4375,0.7750000000000057,0.1125,0.25,-0.2250000000000001,-0.32499999999999996,0.15,0.5374999999999943
-67453.15,109185.71250000002,10696.125,156097.075,7676.637500000012,-18442.662499999977,166680.6875,-1777.1625000000058,144508.9625,-8064.612499999988,-0.6124999999999998,-0.025000000000000022,-0.45000000000000284,0.02499999999999991,-0.4375,-0.22499999999999432,0.1125,0.25,-0.2250000000000001,0.675,0.15,0.5374999999999943
-67520.15,108938.71250000002,10795.125,156239.075,7693.637500000012,-18201.662499999977,166557.6875,-1814.1625000000058,144632.9625,-8070.612499999988,0.3875000000000002,-0.025000000000000022,0.5499999999999972,0.02499999999999991,0.5625,-0.22499999999999432,0.1125,0.25,-0.2250000000000001,-0.32499999999999996,0.15,-0.4625000000000057
-67902.15,109756.71250000002,10922.125,155701.075,8350.637500000012,-18155.662499999977,166442.6875,-1817.1625000000058,144283.9625,-7579.612499999988,0.3875000000000002,-0.025000000000000022,0.5499999999999972,0.02499999999999991,0.5625,-0.22499999999999432,0.1125,0.25,0.7749999999999999,-0.32499999999999996,0.15,0.5374999999999943
-68667.15,110352.71250000002,10872.125,155633.075,8758.637500000012,-18320.662499999977,166525.6875,-1789.1625000000058,144333.9625,-7436.612499999988,-0.6124999999999998,-0.025000000000000022,-1.4500000000000028,0.02499999999999991,0.5625,0.7750000000000057,0.1125,1.25,0.7749999999999999,0.675,0.15,0.5374999999999943
-69087.15,110777.71250000002,10931.125,155355.075,8983.637500000012,-18401.662499999977,166230.6875,-1811.1625000000058,144212.9625,-7124.612499999988,0.3875000000000002,-0.025000000000000022,-0.45000000000000284,0.02499999999999991,-0.4375,0.7750000000000057,0.1125,0.25,-0.2250000000000001,-0.32499999999999996,-0.85,0.5374999999999943
-69202.15,110868.71250000002,10829.125,154940.075,9146.637500000012,-18491.662499999977,166903.6875,-1822.1625000000058,144015.9625,-6839.612499999988,0.3875000000000002,-0.025000000000000022,0.5499999999999972,1.025,-0.4375,-0.22499999999999432,-0.8875,1.25,0.7749999999999999,0.675,0.15,-1.4625000000000057
-68849.15,110433.71250000002,10763.125,155220.075,8845.637500000012,-18583.662499999977,166315.6875,-1674.1625000000058,144237.9625,-7133.612499999988,0.3875000000000002,-0.025000000000000022,0.5499999999999972,0.02499999999999991,-0.4375,-0.22499999999999432,0.1125,0.25,-0.2250000000000001,-0.32499999999999996,0.15,0.5374999999999943
-68541.15,110116.71250000002,10876.125,155507.075,8137.637500000012,-18420.662499999977,165857.6875,-1566.1625000000058,144347.9625,-7493.612499999988,0.3875000000000002,-0.025000000000000022,0.5499999999999972,1.025,-0.4375,-1.2249999999999943,0.1125,0.25,0.7749999999999999,-0.32499999999999996,0.15,-0.4625000000000057
-68201.15,109799.71250000002,10730.125,155920.075,7922.637500000012,-18266.662499999977,166323.6875,-1780.1625000000058,144419.9625,-7809.612499999988,-0.6124999999999998,0.975,-0.45000000000000284,0.02499999999999991,-0.4375,-0.22499999999999432,0.1125,0.25,0.7749999999999999,0.675,-0.85,0.5374999999999943
-67902.15,109597.71250000002,10808.125,155954.075,7978.637500000012,-18312.662499999977,166378.6875,-1856.1625000000058,144476.9625,-7840.612499999988,-0.6124999999999998,-0.025000000000000022,0.5499999999999972,0.02499999999999991,-0.4375,-0.22499999999999432,0.1125,0.25,-0.2250000000000001,-0.32499999999999996,0.15,-0.4625000000000057
-67920.15,109497.71250000002,10765.125,155788.075,7873.637500000012,-18599.662499999977,166610.6875,-1899.1625000000058,144427.9625,-7851.612499999988,0.3875000000000002,0.975,-0.45000000000000284,0.02499999999999991,-0.4375,0.7750000000000057,0.1125,0.25,0.7749999999999999,-0.32499999999999996,-0.85,-0.4625000000000057
-68181.15,109790.71250000002,10881.125,155770.075,8011.637500000012,-18555.662499999977,166160.6875,-1828.1625000000058,144318.9625,-7616.612499999988,0.3875000000000002,-0.025000000000000022,1.5499999999999972,-0.9750000000000001,0.5625,0.7750000000000057,0.1125,-0.75,-0.2250000000000001,0.675,0.15,0.5374999999999943
-68647.15,110494.71250000002,10973.125,155533.075,8338.637500000012,-18696.662499999977,165879.6875,-1732.1625000000058,144311.9625,-7454.612499999988,0.3875000000000002,-0.025000000000000022,-0.45000000000000284,0.02499999999999991,-0.4375,-0.22499999999999432,0.1125,0.25,0.7749999999999999,-0.32499999999999996,0.15,-0.4625000000000057
-69084.15,110980.71250000002,10951.125,155344.075,8978.637500000012,-18634.662499999977,166390.6875,-1636.1625000000058,144262.9625,-7233.612499999988,1.3875000000000002,-0.025000000000000022,0.5499999999999972,0.02499999999999991,0.5625,-0.22499999999999432,-0.8875,0.25,-0.2250000000000001,0.675,0.15,0.5374999999999943
-69376.15,111103.71250000002,10910.125,154948.075,9201.637500000012,-18745.662499999977,167041.6875,-1848.1625000000058,144217.9625,-7099.612499999988,0.3875000000000002,-0.025000000000000022,-0.45000000000000284,0.02499999999999991,0.5625,-0.22499999999999432,0.1125,0.25,-0.2250000000000001,-0.32499999999999996,0.15,-0.4625000000000057
-69708.15,111215.71250000002,10830.125,154855.075,9327.637500000012,-18664.662499999977,167603.6875,-1897.1625000000058,144110.9625,-7005.612499999988,0.3875000000000002,-0.025000000000000022,0.5499999999999972,0.02499999999999991,-0.4375,-0.22499999999999432,0.1125,0.25,0.7749999999999999,-0.32499999999999996,0.15,-0.4625000000000057
-69583.15,111029.71250000002,10979.125,155189.075,9253.637500000012,-18712.662499999977,167041.6875,-1763.1625000000058,144108.9625,-6865.612499999988,0.3875000000000002,-0.025000000000000022,0.5499999999999972,0.02499999999999991,-0.4375,0.7750000000000057,0.1125,0.25,0.7749999999999999,-0.32499999999999996,0.15,0.5374999999999943
-69294.15,111072.71250000002,10859.125,155415.075,9035.637500000012,-18619.662499999977,167142.6875,-1711.1625000000058,144288.9625,-6969.612499999988,0.3875000000000002,-0.025000000000000022,0.5499999999999972,0.02499999999999991,-0.4375,-0.22499999999999432,0.1125,0.25,-0.2250000000000001,0.675,0.15,-0.4625000000000057
-68514.15,110624.71250000002,10746.125,155482.075,8604.637500000012,-18537.662499999977,166867.6875,-1758.1625000000058,144375.9625,-7564.612499999988,0.3875000000000002,-0.025000000000000022,-0.45000000000000284,0.02499999999999991,0.5625,0.7750000000000057,0.1125,0.25,-0.2250000000000001,0.675,0.15,-0.4625000000000057
-68163.15,110087.71250000002,10763.125,155576.075,8075.637500000012,-18407.662499999977,166574.6875,-1915.1625000000058,144592.9625,-7761.612499999988,0.3875000000000002,-0.025000000000000022,1.5499999999999972,0.02499999999999991,-0.4375,0.7750000000000057,0.1125,-0.75,0.7749999999999999,0.675,-0.85,-1.4625000000000057
-67769.15,109551.71250000002,10854.125,155927.075,7848.637500000012,-18386.662499999977,166505.6875,-1915.1625000000058,144628.9625,-7886.612499999988,1.3875000000000002,-1.025,-0.45000000000000284,0.02499999999999991,-0.4375,-0.22499999999999432,0.1125,0.25,-0.2250000000000001,0.675,-0.85,-1.4625000000000057
-67674.15,109137.71250000002,10841.125,156156.075,7729.637500000012,-18241.662499999977,166701.6875,-1795.1625000000058,144623.9625,-8009.612499999988,0.3875000000000002,-0.025000000000000022,1.5499999999999972,0.02499999999999991,-0.4375,0.7750000000000057,-0.8875,0.25,-0.2250000000000001,-0.32499999999999996,0.15,-0.4625000000000057
-67747.15,109559.71250000002,10882.125,156088.075,7676.637500000012,-18267.662499999977,166503.6875,-1741.1625000000058,144537.9625,-7844.612499999988,-0.6124999999999998,-0.025000000000000022,-0.45000000000000284,0.02499999999999991,-0.4375,-0.22499999999999432,0.1125,0.25,-0.2250000000000001,0.675,0.15,0.5374999999999943
-68010.15,109922.71250000002,10871.125,155898.075,7896.637500000012,-18199.662499999977,166438.6875,-1660.1625000000058,144473.9625,-7619.612499999988,0.3875000000000002,-0.025000000000000022,1.5499999999999972,0.02499999999999991,0.5625,-0.22499999999999432,0.1125,0.25,-0.2250000000000001,-0.32499999999999996,0.15,-0.4625000000000057
-68441.15,110339.71250000002,10867.125,155826.075,8412.637500000012,-18271.662499999977,166707.6875,-1697.1625000000058,144275.9625,-7326.612499999988,0.3875000000000002,-0.025000000000000022,-0.45000000000000284,0.02499999999999991,0.5625,-0.22499999999999432,0.1125,0.25,-0.2250000000000001,-0.32499999999999996,0.15,0.5374999999999943
-69391.15,111274.71250000002,10761.125,155232.075,9122.637500000012,-18589.662499999977,166425.6875,-1732.1625000000058,144198.9625,-6956.612499999988,0.3875000000000002,-0.025000000000000022,-0.45000000000000284,1.025,-1.4375,0.7750000000000057,0.1125,0.25,0.7749999999999999,0.675,0.15,0.5374999999999943
-69294.15,111372.71250000002,10880.125,155091.075,9068.637500000012,-18772.662499999977,167015.6875,-1789.1625000000058,144221.9625,-6976.612499999988,0.3875000000000002,-0.025000000000000022,0.5499999999999972,0.02499999999999991,0.5625,-0.22499999999999432,0.1125,-0.75,0.7749999999999999,0.675,0.15,-0.4625000000000057
-69009.15,110820.71250000002,10981.125,155443.075,8756.637500000012,-18685.662499999977,166840.6875,-1847.1625000000058,144432.9625,-7207.612499999988,0.3875000000000002,-0.025000000000000022,0.5499999999999972,0.02499999999999991,0.5625,-0.22499999999999432,0.1125,1.25,-0.2250000000000001,-0.32499999999999996,0.15,1.5374999999999943
-68638.15,110503.71250000002,11052.125,155741.075,8285.637500000012,-18641.662499999977,166488.6875,-1732.1625000000058,144770.9625,-7435.612499999988,0.3875000000000002,-0.025000000000000022,0.5499999999999972,1.025,-0.4375,-0.22499999999999432,0.1125,0.25,-0.2250000000000001,0.675,0.15,0.5374999999999943
-68260.15,109959.71250000002,10858.125,156079.075,7860.637500000012,-18388.662499999977,165801.6875,-1754.1625000000058,144736.9625,-7709.612499999988,0.3875000000000002,-0.025000000000000022,-0.45000000000000284,0.02499999999999991,0.5625,-0.22499999999999432,0.1125,0.25,-0.2250000000000001,-0.32499999999999996,0.15,0.5374999999999943
-68065.15,109738.71250000002,10788.125,155997.075,7697.637500000012,-18237.662499999977,165793.6875,-1783.1625000000058,144609.9625,-7775.612499999988,0.3875000000000002,-0.025000000000000022,-0.45000000000000284,0.02499999999999991,0.5625,-1.2249999999999943,0.1125,0.25,0.7749999999999999,-0.32499999999999996,0.15,0.5374999999999943
-68161.15,109722.71250000002,10814.125,155984.075,7815.637500000012,-18366.662499999977,166666.6875,-1656.1625000000058,144650.9625,-7953.612499999988,0.3875000000000002,-0.025000000000000022,-0.45000000000000284,0.02499999999999991,-0.4375,0.7750000000000057,0.1125,0.25,-0.2250000000000001,-0.32499999999999996,0.15,-0.4625000000000057
-68432.15,109861.71250000002,10880.125,156019.075,7974.637500000012,-18514.662499999977,166460.6875,-1706.1625000000058,144658.9625,-7893.612499999988,0.3875000000000002,-0.025000000000000022,-0.45000000000000284,-0.9750000000000001,-0.4375,-0.22499999999999432,0.1125,0.25,-0.2250000000000001,-0.32499999999999996,0.15,-0.4625000000000057
-68829.15,110392.71250000002,10991.125,155533.075,8453.637500000012,-18688.662499999977,166489.6875,-1665.1625000000058,144252.9625,-7602.612499999988,-0.6124999999999998,-0.025000000000000022,0.5499999999999972,0.02499999999999991,-0.4375,0.7750000000000057,0.1125,-0.75,-0.2250000000000001,-0.32499999999999996,0.15,-0.4625000000000057
-69153.15,110699.71250000002,10928.125,155324.075,8872.637500000012,-18667.662499999977,166589.6875,-1827.1625000000058,144139.9625,-7319.612499999988,0.3875000000000002,-0.025000000000000022,-0.45000000000000284,0.02499999999999991,0.5625,-0.22499999999999432,0.1125,0.25,-0.2250000000000001,-0.32499999999999996,-0.85,-0.4625000000000057
-69552.15,110993.71250000002,10922.125,155075.075,9085.637500000012,-18682.662499999977,167087.6875,-1860.1625000000058,144260.9625,-7056.612499999988,0.3875000000000002,0.975,0.5499999999999972,0.02499999999999991,0.5625,0.7750000000000057,0.1125,0.25,-0.2250000000000001,0.675,0.15,-0.4625000000000057
-69708.15,111272.71250000002,10940.125,155037.075,9073.637500000012,-18656.662499999977,167201.6875,-1904.1625000000058,144269.9625,-7065.612499999988,0.3875000000000002,-0.025000000000000022,0.5499999999999972,0.02499999999999991,0.5625,-0.22499999999999432,0.1125,-0.75,-0.2250000000000001,-0.32499999999999996,0.15,0.5374999999999943
-69603.15,111374.71250000002,10898.125,155189.075,9160.637500000012,-18830.662499999977,167310.6875,-1805.1625000000058,144270.9625,-7198.612499999988,-0.6124999999999998,-0.025000000000000022,-0.45000000000000284,0.02499999999999991,-0.4375,-0.22499999999999432,0.1125,1.25,-0.2250000000000001,0.675,-0.85,-0.4625000000000057
-69406.15,110968.71250000002,10815.125,155129.075,8905.637500000012,-18739.662499999977,167692.6875,-1817.1625000000058,144326.9625,-7089.612499999988,-0.6124999999999998,-0.025000000000000022,-0.45000000000000284,1.025,-0.4375,-0.22499999999999432,0.1125,0.25,-0.2250000000000001,-0.32499999999999996,0.15,-0.4625000000000057
-68235.15,110146.71250000002,10813.125,156046.075,8002.637500000012,-18518.662499999977,166988.6875,-1652.1625000000058,144554.9625,-7519.612499999988,0.3875000000000002,-0.025000000000000022,-1.4500000000000028,1.025,-0.4375,0.7750000000000057,0.1125,0.25,0.7749999999999999,0.675,0.15,0.5374999999999943
-68219.15,109497.71250000002,10755.125,156153.075,7794.637500000012,-18419.662499999977,166945.6875,-1751.1625000000058,144576.9625,-7409.612499999988,-0.6124999999999998,0.975,-0.45000000000000284,0.02499999999999991,0.5625,-0.22499999999999432,0.1125,-0.75,0.7749999999999999,0.675,0.15,-0.4625000000000057
-68051.15,109187.71250000002,10923.125,156193.075,7797.637500000012,-18283.662499999977,166615.6875,-1862.1625000000058,144585.9625,-7954.612499999988,0.3875000000000002,-0.025000000000000022,-0.45000000000000284,1.025,-0.4375,-0.22499999999999432,-0.8875,0.25,-0.2250000000000001,-0.32499999999999996,0.15,-0.4625000000000057
-68041.15,109471.71250000002,10866.125,156181.075,7863.637500000012,-18342.662499999977,166443.6875,-1907.1625000000058,144531.9625,-7824.612499999988,0.3875000000000002,0.975,0.5499999999999972,0.02499999999999991,0.5625,-1.2249999999999943,0.1125,-0.75,-0.2250000000000001,0.675,0.15,-1.4625000000000057
-68273.15,109890.71250000002,10853.125,155981.075,8109.637500000012,-18427.662499999977,166351.6875,-1858.1625000000058,144488.9625,-7624.612499999988,0.3875000000000002,-0.025000000000000022,0.5499999999999972,1.025,0.5625,-1.2249999999999943,0.1125,0.25,-0.2250000000000001,-0.32499999999999996,0.15,-0.4625000000000057
-68630.15,110314.71250000002,10877.125,155717.075,8264.637500000012,-18781.662499999977,166848.6875,-1850.1625000000058,144352.9625,-7356.612499999988,0.3875000000000002,-0.025000000000000022,0.5499999999999972,0.02499999999999991,-0.4375,-0.22499999999999432,0.1125,0.25,0.7749999999999999,0.675,0.15,-0.4625000000000057
-69481.15,110997.71250000002,10920.125,155204.075,8976.637500000012,-18534.662499999977,166700.6875,-1652.1625000000058,144144.9625,-7117.612499999988,0.3875000000000002,-0.025000000000000022,0.5499999999999972,0.02499999999999991,-0.4375,0.7750000000000057,0.1125,0.25,-0.2250000000000001,-0.32499999999999996,0.15,-0.4625000000000057
-69659.15,111149.71250000002,10749.125,155079.075,8899.637500000012,-18604.662499999977,166829.6875,-1783.1625000000058,144026.9625,-6945.612499999988,0.3875000000000002,-0.025000000000000022,0.5499999999999972,0.02499999999999991,-0.4375,0.7750000000000057,-0.8875,-0.75,0.7749999999999999,-0.32499999999999996,0.15,1.5374999999999943
-69412.15,111024.71250000002,10874.125,155125.075,8770.637500000012,-18675.662499999977,167171.6875,-1846.1625000000058,144060.9625,-7242.612499999988,0.3875000000000002,0.975,0.5499999999999972,0.02499999999999991,-0.4375,0.7750000000000057,0.1125,0.25,-0.2250000000000001,0.675,0.15,0.5374999999999943
-69121.15,110925.71250000002,10944.125,155306.075,8705.637500000012,-18574.662499999977,167032.6875,-1663.1625000000058,144255.9625,-7228.612499999988,0.3875000000000002,-0.025000000000000022,-0.45000000000000284,1.025,-0.4375,-0.22499999999999432,0.1125,0.25,0.7749999999999999,0.675,0.15,-0.4625000000000057
-68991.15,110186.71250000002,10817.125,155545.075,8572.637500000012,-18497.662499999977,166729.6875,-1841.1625000000058,144462.9625,-7480.612499999988,-0.6124999999999998,-0.025000000000000022,0.5499999999999972,0.02499999999999991,-0.4375,-0.22499999999999432,0.1125,0.25,-0.2250000000000001,-0.32499999999999996,0.15,0.5374999999999943
-68689.15,109860.71250000002,10826.125,155928.075,8065.637500000012,-18415.662499999977,166978.6875,-1672.1625000000058,144548.9625,-7652.612499999988,0.3875000000000002,-0.025000000000000022,0.5499999999999972,0.02499999999999991,0.5625,-0.22499999999999432,0.1125,0.25,-0.2250000000000001,-0.32499999999999996,0.15,-0.4625000000000057
-68445.15,109651.71250000002,10848.125,156026.075,7679.637500000012,-18571.662499999977,167262.6875,-1801.1625000000058,144627.9625,-7590.612499999988,0.3875000000000002,-0.025000000000000022,0.5499999999999972,0.02499999999999991,0.5625,-0.22499999999999432,0.1125,-0.75,-0.2250000000000001,-0.32499999999999996,0.15,-0.4625000000000057
-68398.15,110052.71250000002,10703.125,156006.075,7806.637500000012,-18538.662499999977,166804.6875,-1909.1625000000058,144633.9625,-7480.612499999988,-0.6124999999999998,-0.025000000000000022,0.5499999999999972,0.02499999999999991,-0.4375,-0.22499999999999432,0.1125,0.25,-0.2250000000000001,-0.32499999999999996,0.15,-0.4625000000000057
-68630.15,110022.71250000002,10874.125,155776.075,8048.637500000012,-18605.662499999977,166606.6875,-2014.1625000000058,144439.9625,-7652.612499999988,-0.6124999999999998,-0.025000000000000022,1.5499999999999972,0.02499999999999991,-0.4375,-0.22499999999999432,0.1125,0.25,-0.2250000000000001,-0.32499999999999996,0.15,0.5374999999999943
-68966.15,110214.71250000002,10887.125,155518.075,8435.637500000012,-18753.662499999977,166707.6875,-1853.1625000000058,144197.9625,-7570.612499999988,0.3875000000000002,-0.025000000000000022,-0.45000000000000284,0.02499999999999991,-0.4375,0.7750000000000057,0.1125,0.25,-0.2250000000000001,0.675,-0.85,0.5374999999999943
-69350.15,110762.71250000002,10962.125,155355.075,8753.637500000012,-18791.662499999977,166792.6875,-1906.1625000000058,144208.9625,-7329.612499999988,-0.6124999999999998,-0.025000000000000022,-0.45000000000000284,0.02499999999999991,-0.4375,-0.22499999999999432,0.1125,0.25,-0.2250000000000001,-0.32499999999999996,0.15,-0.4625000000000057
-69522.15,111079.71250000002,10964.125,155294.075,8808.637500000012,-18819.662499999977,166830.6875,-1880.1625000000058,144246.9625,-7093.612499999988,0.3875000000000002,-0.025000000000000022,0.5499999999999972,0.02499999999999991,-0.4375,0.7750000000000057,0.1125,-0.75,-0.2250000000000001,-0.32499999999999996,0.15,0.5374999999999943
-69729.15,111300.71250000002,10928.125,155259.075,9056.637500000012,-18672.662499999977,166599.6875,-1764.1625000000058,144358.9625,-7084.612499999988,0.3875000000000002,-0.025000000000000022,-0.45000000000000284,0.02499999999999991,-0.4375,-1.2249999999999943,0.1125,0.25,0.7749999999999999,-0.32499999999999996,0.15,-0.4625000000000057
-69723.15,111152.71250000002,10870.125,155151.075,8902.637500000012,-18718.662499999977,166804.6875,-1861.1625000000058,144236.9625,-7080.612499999988,-0.6124999999999998,-0.025000000000000022,-1.4500000000000028,0.02499999999999991,-0.4375,-1.2249999999999943,0.1125,0.25,-0.2250000000000001,0.675,0.15,-0.4625000000000057
-69563.15,110845.71250000002,10787.125,155369.075,8688.637500000012,-18872.662499999977,166834.6875,-1726.1625000000058,144328.9625,-6979.612499999988,-0.6124999999999998,-0.025000000000000022,-0.45000000000000284,0.02499999999999991,-0.4375,-0.22499999999999432,0.1125,0.25,0.7749999999999999,-0.32499999999999996,0.15,0.5374999999999943
-69015.15,110289.71250000002,10828.125,155676.075,8419.637500000012,-18752.662499999977,166443.6875,-1738.1625000000058,144433.9625,-7425.612499999988,0.3875000000000002,-0.025000000000000022,-0.45000000000000284,1.025,-0.4375,-0.22499999999999432,0.1125,-0.75,-0.2250000000000001,-0.32499999999999996,0.15,-0.4625000000000057
-68655.15,110099.71250000002,11066.125,155777.075,8130.637500000012,-18835.662499999977,166505.6875,-2011.1625000000058,144377.9625,-7507.612499999988,0.3875000000000002,-1.025,0.5499999999999972,0.02499999999999991,-0.4375,-0.22499999999999432,0.1125,0.25,0.7749999999999999,-0.32499999999999996,0.15,0.5374999999999943
-68408.15,109965.71250000002,11012.125,155898.075,8009.637500000012,-18606.662499999977,167424.6875,-1852.1625000000058,144354.9625,-7600.612499999988,0.3875000000000002,0.975,-1.4500000000000028,1.025,-0.4375,-0.22499999999999432,0.1125,0.25,-0.2250000000000001,0.675,0.15,-0.4625000000000057
-68363.15,109917.71250000002,10935.125,156056.075,7912.637500000012,-18396.662499999977,166858.6875,-1890.1625000000058,144386.9625,-7693.612499999988,0.3875000000000002,-0.025000000000000022,-0.45000000000000284,1.025,-0.4375,-0.22499999999999432,0.1125,0.25,-0.2250000000000001,-0.32499999999999996,0.15,0.5374999999999943
-68386.15,110019.71250000002,10813.125,155873.075,7796.637500000012,-18259.662499999977,166585.6875,-1806.1625000000058,144297.9625,-7755.612499999988,0.3875000000000002,-0.025000000000000022,-0.45000000000000284,0.02499999999999991,-0.4375,-0.22499999999999432,0.1125,0.25,-0.2250000000000001,0.675,0.15,-0.4625000000000057
-68685.15,110229.71250000002,10681.125,155849.075,7888.637500000012,-18495.662499999977,166488.6875,-1726.1625000000058,144216.9625,-7797.612499999988,0.3875000000000002,-1.025,-0.45000000000000284,0.02499999999999991,-0.4375,-1.2249999999999943,0.1125,0.25,-0.2250000000000001,-0.32499999999999996,0.15,0.5374999999999943
-68876.15,110488.71250000002,10630.125,155671.075,7885.637500000012,-18733.662499999977,167343.6875,-1899.1625000000058,144273.9625,-7594.612499999988,0.3875000000000002,0.975,-2.450000000000003,0.02499999999999991,-0.4375,-0.22499999999999432,0.1125,0.25,0.7749999999999999,0.675,0.15,-0.4625000000000057
-69077.15,110901.71250000002,10997.125,155589.075,8168.637500000012,-18837.662499999977,167005.6875,-1897.1625000000058,144188.9625,-7277.612499999988,0.3875000000000002,0.975,-0.45000000000000284,0.02499999999999991,-0.4375,-0.22499999999999432,0.1125,-0.75,0.7749999999999999,-0.32499999999999996,0.15,0.5374999999999943
-69628.15,111083.71250000002,11015.125,155395.075,8608.637500000012,-18729.662499999977,166871.6875,-1916.1625000000058,144013.9625,-7384.612499999988,-0.6124999999999998,0.975,-0.45000000000000284,0.02499999999999991,0.5625,0.7750000000000057,0.1125,0.25,0.7749999999999999,0.675,0.15,-0.4625000000000057
-69573.15,111198.71250000002,10935.125,155300.075,8705.637500000012,-18713.662499999977,167192.6875,-1875.1625000000058,144074.9625,-7245.612499999988,0.3875000000000002,-0.025000000000000022,-0.45000000000000284,0.02499999999999991,0.5625,0.7750000000000057,0.1125,0.25,-0.2250000000000001,0.675,0.15,0.5374999999999943
-69415.15,111087.71250000002,10905.125,155373.075,8652.637500000012,-18760.662499999977,166948.6875,-1857.1625000000058,144214.9625,-7257.612499999988,0.3875000000000002,-0.025000000000000022,0.5499999999999972,0.02499999999999991,-0.4375,0.7750000000000057,0.1125,0.25,-0.2250000000000001,-0.32499999999999996,0.15,0.5374999999999943
-69365.15,110790.71250000002,10822.125,155614.075,8478.637500000012,-18778.662499999977,166877.6875,-1854.1625000000058,144359.9625,-7230.612499999988,0.3875000000000002,0.975,-0.45000000000000284,0.02499999999999991,-0.4375,0.7750000000000057,0.1125,-0.75,-0.2250000000000001,-0.32499999999999996,0.15,0.5374999999999943
-69239.15,110629.71250000002,10830.125,155719.075,8210.637500000012,-18782.662499999977,166379.6875,-1844.1625000000058,144299.9625,-7318.612499999988,-0.6124999999999998,-0.025000000000000022,0.5499999999999972,1.025,-0.4375,0.7750000000000057,-0.8875,0.25,-0.2250000000000001,-0.32499999999999996,0.15,-0.4625000000000057
-69002.15,110500.71250000002,10668.125,155659.075,8062.637500000012,-18581.662499999977,166251.6875,-1879.1625000000058,144280.9625,-7698.612499999988,0.3875000000000002,-0.025000000000000022,-0.45000000000000284,0.02499999999999991,0.5625,-0.22499999999999432,0.1125,0.25,-0.2250000000000001,-0.32499999999999996,0.15,-0.4625000000000057
-68835.15,110394.71250000002,10647.125,155791.075,8023.637500000012,-18515.662499999977,167203.6875,-1716.1625000000058,144276.9625,-7857.612499999988,-0.6124999999999998,-0.025000000000000022,0.5499999999999972,0.02499999999999991,-0.4375,0.7750000000000057,0.1125,0.25,-0.2250000000000001,-0.32499999999999996,0.15,0.5374999999999943
-68795.15,110408.71250000002,10753.125,155900.075,8048.637500000012,-18646.662499999977,167030.6875,-1768.1625000000058,144215.9625,-7853.612499999988,-0.6124999999999998,0.975,0.5499999999999972,0.02499999999999991,-0.4375,-1.2249999999999943,-0.8875,0.25,-0.2250000000000001,-0.32499999999999996,0.15,0.5374999999999943
-68971.15,110297.71250000002,10929.125,155851.075,8127.637500000012,-18724.662499999977,166365.6875,-1746.1625000000058,144309.9625,-7717.612499999988,0.3875000000000002,-0.025000000000000022,0.5499999999999972,1.025,-0.4375,-0.22499999999999432,0.1125,1.25,-0.2250000000000001,-0.32499999999999996,0.15,1.5374999999999943
-69092.15,110487.71250000002,10823.125,155697.075,8106.637500000012,-18616.662499999977,165790.6875,-1697.1625000000058,144185.9625,-7835.612499999988,0.3875000000000002,-0.025000000000000022,-0.45000000000000284,0.02499999999999991,-0.4375,-0.22499999999999432,0.1125,0.25,-0.2250000000000001,0.675,0.15,-0.4625000000000057
-69276.15,110888.71250000002,10810.125,155615.075,8395.637500000012,-18653.662499999977,166874.6875,-1687.1625000000058,144313.9625,-7680.612499999988,1.3875000000000002,-0.025000000000000022,-0.45000000000000284,0.02499999999999991,-0.4375,-0.22499999999999432,0.1125,0.25,-0.2250000000000001,0.675,0.15,-0.4625000000000057
-69600.15,111134.71250000002,10906.125,155361.075,8641.637500000012,-18678.662499999977,167065.6875,-1757.1625000000058,144259.9625,-7353.612499999988,-0.6124999999999998,-0.025000000000000022,0.5499999999999972,1.025,-0.4375,-0.22499999999999432,0.1125,-0.75,-0.2250000000000001,0.675,0.15,-0.4625000000000057
-69690.15,111085.71250000002,10939.125,155343.075,8718.637500000012,-18804.662499999977,167124.6875,-1759.1625000000058,144223.9625,-7270.612499999988,0.3875000000000002,-0.025000000000000022,0.5499999999999972,-0.9750000000000001,-0.4375,-0.22499999999999432,0.1125,0.25,0.7749999999999999,0.675,0.15,-0.4625000000000057
-69711.15,110933.71250000002,10929.125,155250.075,8806.637500000012,-18816.662499999977,166724.6875,-1752.1625000000058,144410.9625,-7246.612499999988,0.3875000000000002,-0.025000000000000022,-0.45000000000000284,0.02499999999999991,0.5625,-0.22499999999999432,-0.8875,0.25,-0.2250000000000001,-0.32499999999999996,0.15,-0.4625000000000057
