FPI,SPI,AI,SFI,FFI,FPD,SPD,AD,SFD,FFD,API_X,API_Y,API_Z,APD_X,APD_Y,APD_Z,AFD_X,AFD_Y,AFD_Z,AFI_X,AFI_Y,AFI_Z
127364.55,-10.337500000023283,-48465.5625,-230.82500000001164,-4787.174999999988,-28467.25,-426.3125,-4945.8125,-349.47499999999854,-53350.04999999999,-0.3624999999999998,-0.19999999999999996,0.5750000000000028,0.4375,0.6500000000000004,1.3874999999999886,-0.8375,0.11249999999999982,-0.4249999999999998,0.7875000000000001,0.2375,1.0
127086.55,-420.3375000000233,-48711.5625,-339.82500000001164,-4779.174999999988,-28636.25,-520.3125,-5083.8125,-387.47499999999854,-53480.04999999999,0.6375000000000002,-0.19999999999999996,0.5750000000000028,0.4375,0.6500000000000004,0.38749999999998863,0.1625,0.11249999999999982,-0.4249999999999998,-0.2124999999999999,0.2375,1.0
126928.55,170.66249999997672,-48431.5625,-161.82500000001164,-4394.174999999988,-28754.25,-741.3125,-5068.8125,-259.47499999999854,-53417.04999999999,-0.3624999999999998,-0.19999999999999996,-1.4249999999999972,1.4375,-0.34999999999999964,0.38749999999998863,0.1625,0.11249999999999982,0.5750000000000002,-0.2124999999999999,-0.7625,0.0
127290.55,-20.337500000023283,-48543.5625,-189.82500000001164,-4765.174999999988,-28799.25,-313.3125,-5083.8125,-360.47499999999854,-53601.04999999999,-0.3624999999999998,0.8,1.5750000000000028,0.4375,-0.34999999999999964,0.38749999999998863,0.1625,0.11249999999999982,0.5750000000000002,-0.2124999999999999,0.2375,-1.0
127321.55,-314.3375000000233,-48503.5625,-252.82500000001164,-5022.174999999988,-28694.25,805.6875,-5038.8125,-389.47499999999854,-53495.04999999999,-0.3624999999999998,-0.19999999999999996,0.5750000000000028,0.4375,-0.34999999999999964,-0.6125000000000114,0.1625,0.11249999999999982,0.5750000000000002,-0.2124999999999999,0.2375,0.0
127203.55,291.6624999999767,-48548.5625,-170.82500000001164,-4754.174999999988,-28734.25,280.6875,-4847.8125,-322.47499999999854,-53474.04999999999,-0.3624999999999998,-0.19999999999999996,-0.42499999999999716,-0.5625,-0.34999999999999964,-0.6125000000000114,0.1625,0.11249999999999982,-0.4249999999999998,-0.2124999999999999,0.2375,0.0
127050.55,277.6624999999767,-48587.5625,-149.82500000001164,-4717.174999999988,-28805.25,-743.3125,-5064.8125,-405.47499999999854,-53527.04999999999,-0.3624999999999998,0.8,0.5750000000000028,0.4375,-0.34999999999999964,-0.6125000000000114,0.1625,0.11249999999999982,0.5750000000000002,-0.2124999999999999,-0.7625,0.0
127157.55,190.66249999997672,-48633.5625,-148.82500000001164,-4582.174999999988,-28849.25,-418.3125,-5048.8125,-310.47499999999854,-53899.04999999999,-0.3624999999999998,-0.19999999999999996,0.5750000000000028,0.4375,-0.34999999999999964,-0.6125000000000114,0.1625,0.11249999999999982,-0.4249999999999998,-0.2124999999999999,0.2375,1.0
127184.55,-158.33750000002328,-48698.5625,-100.82500000001164,-4012.1749999999884,-28860.25,47.6875,-5194.8125,-197.47499999999854,-53670.04999999999,-0.3624999999999998,-0.19999999999999996,-0.42499999999999716,0.4375,-0.34999999999999964,0.38749999999998863,0.1625,0.11249999999999982,-0.4249999999999998,-0.2124999999999999,0.2375,0.0
127044.55,45.66249999997672,-48924.5625,-125.82500000001164,-4077.1749999999884,-29109.25,-816.3125,-5271.8125,-150.47499999999854,-53374.04999999999,0.6375000000000002,-0.19999999999999996,-1.4249999999999972,0.4375,-0.34999999999999964,-0.6125000000000114,0.1625,-0.8875000000000002,0.5750000000000002,-0.2124999999999999,0.2375,0.0
127393.55,-197.33750000002328,-48781.5625,-377.82500000001164,-4551.174999999988,-28928.25,-478.3125,-5104.8125,-370.47499999999854,-53172.04999999999,-0.3624999999999998,0.8,-1.4249999999999972,0.4375,-0.34999999999999964,0.38749999999998863,-0.8375,0.11249999999999982,0.5750000000000002,-0.2124999999999999,0.2375,-1.0
127230.55,-516.3375000000233,-48780.5625,-317.82500000001164,-4238.174999999988,-28740.25,334.6875,-5092.8125,-393.47499999999854,-53144.04999999999,0.6375000000000002,-0.19999999999999996,-0.42499999999999716,0.4375,-0.34999999999999964,0.38749999999998863,0.1625,0.11249999999999982,0.5750000000000002,-0.2124999999999999,0.2375,-1.0
127154.55,-51.33750000002328,-48853.5625,-348.82500000001164,-4011.1749999999884,-28564.25,674.6875,-5171.8125,-384.47499999999854,-53466.04999999999,-0.3624999999999998,-1.2,-0.42499999999999716,0.4375,-0.34999999999999964,-0.6125000000000114,-0.8375,0.11249999999999982,-0.4249999999999998,0.7875000000000001,-0.7625,0.0
127124.55,-11.337500000023283,-48688.5625,-298.82500000001164,-4032.1749999999884,-28485.25,-660.3125,-5126.8125,-405.47499999999854,-53201.04999999999,-0.3624999999999998,-0.19999999999999996,-0.42499999999999716,0.4375,0.6500000000000004,-0.6125000000000114,0.1625,0.11249999999999982,-0.4249999999999998,0.7875000000000001,0.2375,0.0
127182.55,-305.3375000000233,-48546.5625,-358.82500000001164,-4161.174999999988,-28291.25,21.6875,-4989.8125,-255.47499999999854,-53182.04999999999,0.6375000000000002,0.8,0.5750000000000028,1.4375,-0.34999999999999964,0.38749999999998863,0.1625,0.11249999999999982,-0.4249999999999998,-0.2124999999999999,-0.7625,1.0
127158.55,-341.3375000000233,-48560.5625,-232.82500000001164,-4110.174999999988,-28451.25,-38.3125,-5227.8125,-306.47499999999854,-53415.04999999999,-0.3624999999999998,0.8,-0.42499999999999716,1.4375,0.6500000000000004,-0.6125000000000114,0.1625,0.11249999999999982,-0.4249999999999998,-0.2124999999999999,0.2375,1.0
127025.55,228.66249999997672,-48600.5625,-217.82500000001164,-3986.1749999999884,-28485.25,-131.3125,-5163.8125,-287.47499999999854,-53349.04999999999,-0.3624999999999998,0.8,0.5750000000000028,0.4375,0.6500000000000004,1.3874999999999886,0.1625,-0.8875000000000002,0.5750000000000002,-0.2124999999999999,0.2375,0.0
126972.55,353.6624999999767,-48509.5625,-73.82500000001164,-3847.1749999999884,-28431.25,-691.3125,-5176.8125,-194.47499999999854,-53287.04999999999,0.6375000000000002,-0.19999999999999996,0.5750000000000028,0.4375,-0.34999999999999964,-0.6125000000000114,0.1625,0.11249999999999982,0.5750000000000002,-0.2124999999999999,0.2375,-1.0
127218.55,-201.33750000002328,-48348.5625,28.17499999998836,-4149.174999999988,-28474.25,-58.3125,-5292.8125,-232.47499999999854,-53275.04999999999,0.6375000000000002,0.8,-0.42499999999999716,0.4375,-0.34999999999999964,0.38749999999998863,0.1625,-0.8875000000000002,-0.4249999999999998,-0.2124999999999999,0.2375,1.0
127091.55,321.6624999999767,-48353.5625,9.174999999988358,-4378.174999999988,-28317.25,-42.3125,-5192.8125,-285.47499999999854,-53219.04999999999,0.6375000000000002,-0.19999999999999996,0.5750000000000028,0.4375,-0.34999999999999964,0.38749999999998863,0.1625,0.11249999999999982,0.5750000000000002,0.7875000000000001,0.2375,-2.0
127268.55,436.6624999999767,-48462.5625,-177.82500000001164,-4441.174999999988,-28297.25,78.6875,-5161.8125,-112.47499999999854,-53172.04999999999,0.6375000000000002,-0.19999999999999996,-0.42499999999999716,0.4375,-0.34999999999999964,-0.6125000000000114,0.1625,-0.8875000000000002,0.5750000000000002,0.7875000000000001,0.2375,0.0
127254.55,149.66249999997672,-48470.5625,-300.82500000001164,-4478.174999999988,-28252.25,-149.3125,-5071.8125,127.52500000000146,-53230.04999999999,1.6375000000000002,-0.19999999999999996,0.5750000000000028,0.4375,-0.34999999999999964,-0.6125000000000114,0.1625,0.11249999999999982,-0.4249999999999998,-0.2124999999999999,-0.7625,0.0
127223.55,76.66249999997672,-48425.5625,-316.82500000001164,-4648.174999999988,-28363.25,-3477.3125,-5088.8125,459.52500000000146,-53132.04999999999,-0.3624999999999998,0.8,0.5750000000000028,1.4375,-0.34999999999999964,0.38749999999998863,-0.8375,0.11249999999999982,-0.4249999999999998,-0.2124999999999999,0.2375,0.0
127361.55,184.66249999997672,-48554.5625,-262.82500000001164,-4276.174999999988,-28354.25,-1217.3125,-5125.8125,566.5250000000015,-53190.04999999999,-0.3624999999999998,-0.19999999999999996,-0.42499999999999716,0.4375,-0.34999999999999964,0.38749999999998863,-0.8375,0.11249999999999982,0.5750000000000002,-0.2124999999999999,0.2375,1.0
127164.55,199.66249999997672,-48530.5625,-331.82500000001164,-4384.174999999988,-28218.25,-385.3125,-5279.8125,280.52500000000146,-53210.04999999999,-0.3624999999999998,-0.19999999999999996,1.5750000000000028,0.4375,-0.34999999999999964,0.38749999999998863,0.1625,0.11249999999999982,0.5750000000000002,-0.2124999999999999,0.2375,0.0
127139.55,253.66249999997672,-48629.5625,-410.82500000001164,-4300.174999999988,-28639.25,605.6875,-5067.8125,173.52500000000146,-53422.04999999999,-0.3624999999999998,-1.2,1.5750000000000028,-0.5625,-0.34999999999999964,0.38749999999998863,0.1625,0.11249999999999982,-0.4249999999999998,-0.2124999999999999,0.2375,-1.0
127124.55,222.66249999997672,-48678.5625,-403.82500000001164,-4357.174999999988,-28469.25,693.6875,-5315.8125,330.52500000000146,-53386.04999999999,-0.3624999999999998,-0.19999999999999996,-0.42499999999999716,0.4375,0.6500000000000004,0.38749999999998863,0.1625,1.1124999999999998,-0.4249999999999998,-0.2124999999999999,0.2375,0.0
126924.55,392.6624999999767,-48725.5625,-161.82500000001164,-4753.174999999988,-28345.25,364.6875,-5151.8125,358.52500000000146,-53482.04999999999,-0.3624999999999998,-0.19999999999999996,0.5750000000000028,0.4375,-0.34999999999999964,-0.6125000000000114,0.1625,0.11249999999999982,-0.4249999999999998,-0.2124999999999999,0.2375,1.0
126997.55,319.6624999999767,-48523.5625,-181.82500000001164,-4323.174999999988,-28610.25,308.6875,-4922.8125,269.52500000000146,-53459.04999999999,-0.3624999999999998,0.8,-0.42499999999999716,0.4375,-0.34999999999999964,0.38749999999998863,0.1625,0.11249999999999982,-0.4249999999999998,-0.2124999999999999,-0.7625,0.0
127131.55,332.6624999999767,-48395.5625,-456.82500000001164,-4267.174999999988,-28712.25,-229.3125,-4996.8125,96.52500000000146,-53546.04999999999,-0.3624999999999998,-0.19999999999999996,-0.42499999999999716,-0.5625,0.6500000000000004,0.38749999999998863,0.1625,-0.8875000000000002,-0.4249999999999998,-0.2124999999999999,0.2375,1.0
127096.55,521.6624999999767,-48567.5625,-336.82500000001164,-4368.174999999988,-28497.25,-456.3125,-5106.8125,100.52500000000146,-53344.04999999999,-0.3624999999999998,-0.19999999999999996,-0.42499999999999716,0.4375,-0.34999999999999964,0.38749999999998863,-0.8375,0.11249999999999982,0.5750000000000002,-1.2125,-0.7625,1.0
127085.55,405.6624999999767,-48806.5625,-378.82500000001164,-4127.174999999988,-28747.25,140.6875,-5126.8125,196.52500000000146,-53147.04999999999,-0.3624999999999998,-0.19999999999999996,-0.42499999999999716,0.4375,-0.34999999999999964,0.38749999999998863,0.1625,0.11249999999999982,-0.4249999999999998,-0.2124999999999999,0.2375,0.0
127195.55,-93.33750000002328,-48686.5625,-298.82500000001164,-3885.1749999999884,-28605.25,1217.6875,-5149.8125,172.52500000000146,-53434.04999999999,0.6375000000000002,-0.19999999999999996,0.5750000000000028,0.4375,-0.34999999999999964,-0.6125000000000114,0.1625,0.11249999999999982,-0.4249999999999998,-0.2124999999999999,-0.7625,-1.0
127369.55,-244.33750000002328,-48656.5625,-138.82500000001164,-4124.174999999988,-28496.25,1441.6875,-5121.8125,116.52500000000146,-53229.04999999999,0.6375000000000002,-0.19999999999999996,-0.42499999999999716,0.4375,-0.34999999999999964,0.38749999999998863,-0.8375,0.11249999999999982,0.5750000000000002,-0.2124999999999999,0.2375,0.0
127298.55,-311.3375000000233,-48692.5625,-34.82500000001164,-3924.1749999999884,-28557.25,529.6875,-5109.8125,90.52500000000146,-53485.04999999999,0.6375000000000002,-1.2,0.5750000000000028,0.4375,0.6500000000000004,-0.6125000000000114,-0.8375,0.11249999999999982,-0.4249999999999998,-0.2124999999999999,-0.7625,-1.0
127326.55,-20.337500000023283,-48644.5625,98.17499999998836,-4114.174999999988,-28671.25,129.6875,-5456.8125,80.52500000000146,-53493.04999999999,-0.3624999999999998,-0.19999999999999996,0.5750000000000028,0.4375,-0.34999999999999964,-0.6125000000000114,-0.8375,0.11249999999999982,0.5750000000000002,-0.2124999999999999,0.2375,0.0
127323.55,242.66249999997672,-48539.5625,-247.82500000001164,-4454.174999999988,-28632.25,1198.6875,-5418.8125,249.52500000000146,-53368.04999999999,0.6375000000000002,-0.19999999999999996,-0.42499999999999716,0.4375,0.6500000000000004,0.38749999999998863,0.1625,0.11249999999999982,-0.4249999999999998,-0.2124999999999999,0.2375,2.0
127172.55,387.6624999999767,-48367.5625,-263.82500000001164,-4315.174999999988,-28658.25,688.6875,-5400.8125,288.52500000000146,-53271.04999999999,-0.3624999999999998,-0.19999999999999996,0.5750000000000028,0.4375,-0.34999999999999964,-0.6125000000000114,-0.8375,0.11249999999999982,0.5750000000000002,-0.2124999999999999,0.2375,1.0
127081.55,335.6624999999767,-48663.5625,-14.825000000011642,-4451.174999999988,-28402.25,-803.3125,-5051.8125,69.52500000000146,-53120.04999999999,-0.3624999999999998,-0.19999999999999996,0.5750000000000028,0.4375,0.6500000000000004,0.38749999999998863,0.1625,0.11249999999999982,1.5750000000000002,-0.2124999999999999,0.2375,0.0
127147.55,423.6624999999767,-48698.5625,-5.8250000000116415,-4257.174999999988,-28405.25,181.6875,-5049.8125,94.52500000000146,-53051.04999999999,-0.3624999999999998,-0.19999999999999996,0.5750000000000028,0.4375,-0.34999999999999964,1.3874999999999886,0.1625,0.11249999999999982,0.5750000000000002,0.7875000000000001,1.2375,1.0
127060.55,264.6624999999767,-48680.5625,180.17499999998836,-4112.174999999988,-28414.25,333.6875,-4996.8125,-39.474999999998545,-52982.04999999999,-0.3624999999999998,-0.19999999999999996,0.5750000000000028,0.4375,-0.34999999999999964,0.38749999999998863,0.1625,-0.8875000000000002,-0.4249999999999998,-0.2124999999999999,0.2375,0.0
127135.55,189.66249999997672,-48588.5625,225.17499999998836,-4379.174999999988,-28321.25,723.6875,-4993.8125,-65.47499999999854,-53341.04999999999,-0.3624999999999998,-0.19999999999999996,0.5750000000000028,1.4375,0.6500000000000004,0.38749999999998863,0.1625,-0.8875000000000002,0.5750000000000002,-0.2124999999999999,0.2375,0.0
127253.55,186.66249999997672,-48524.5625,-240.82500000001164,-4681.174999999988,-28345.25,54.6875,-5084.8125,-105.47499999999854,-53372.04999999999,0.6375000000000002,-0.19999999999999996,-0.42499999999999716,1.4375,-0.34999999999999964,-0.6125000000000114,0.1625,0.11249999999999982,0.5750000000000002,0.7875000000000001,-0.7625,0.0
127287.55,151.66249999997672,-48534.5625,-143.82500000001164,-4459.174999999988,-28209.25,-32.3125,-5069.8125,16.525000000001455,-52946.04999999999,0.6375000000000002,-0.19999999999999996,-1.4249999999999972,1.4375,-0.34999999999999964,-1.6125000000000114,-0.8375,0.11249999999999982,-0.4249999999999998,0.7875000000000001,-0.7625,0.0
127168.55,-83.33750000002328,-48458.5625,-181.82500000001164,-4232.174999999988,-28125.25,-193.3125,-5158.8125,136.52500000000146,-53071.04999999999,-0.3624999999999998,0.8,-0.42499999999999716,1.4375,-0.34999999999999964,-0.6125000000000114,-0.8375,-0.8875000000000002,0.5750000000000002,-0.2124999999999999,0.2375,0.0
127127.55,338.6624999999767,-48525.5625,-196.82500000001164,-4339.174999999988,-28083.25,-201.3125,-5156.8125,136.52500000000146,-53065.04999999999,0.6375000000000002,0.8,-0.42499999999999716,1.4375,-0.34999999999999964,-0.6125000000000114,0.1625,0.11249999999999982,-0.4249999999999998,-0.2124999999999999,0.2375,0.0
126871.55,382.6624999999767,-48546.5625,-195.82500000001164,-4257.174999999988,-28255.25,197.6875,-5179.8125,69.52500000000146,-52995.04999999999,0.6375000000000002,-0.19999999999999996,0.5750000000000028,0.4375,-0.34999999999999964,0.38749999999998863,-0.8375,0.11249999999999982,-0.4249999999999998,-0.2124999999999999,0.2375,1.0
127195.55,-201.33750000002328,-48676.5625,-285.82500000001164,-4221.174999999988,-28370.25,794.6875,-5225.8125,2.525000000001455,-53365.04999999999,-0.3624999999999998,-1.2,-0.42499999999999716,0.4375,-0.34999999999999964,0.38749999999998863,0.1625,0.11249999999999982,0.5750000000000002,0.7875000000000001,-0.7625,-1.0
127284.55,-181.33750000002328,-48730.5625,-380.82500000001164,-4379.174999999988,-28422.25,756.6875,-5103.8125,101.52500000000146,-53357.04999999999,0.6375000000000002,-0.19999999999999996,1.5750000000000028,0.4375,-0.34999999999999964,1.3874999999999886,0.1625,0.11249999999999982,-0.4249999999999998,1.7875,0.2375,2.0
127108.55,12.662499999976717,-48477.5625,66.17499999998836,-4789.174999999988,-28665.25,54.6875,-5273.8125,65.52500000000146,-53635.04999999999,1.6375000000000002,-0.19999999999999996,-1.4249999999999972,1.4375,0.6500000000000004,0.38749999999998863,0.1625,-0.8875000000000002,-0.4249999999999998,0.7875000000000001,-0.7625,1.0
126958.55,200.66249999997672,-48273.5625,-166.82500000001164,-5549.174999999988,-28952.25,313.6875,-5216.8125,-8.474999999998545,-54159.04999999999,-0.3624999999999998,-0.19999999999999996,0.5750000000000028,-0.5625,0.6500000000000004,1.3874999999999886,0.1625,0.11249999999999982,-0.4249999999999998,-0.2124999999999999,0.2375,1.0
126931.55,-95.33750000002328,-48097.5625,-73.82500000001164,-6522.174999999988,-28985.25,210.6875,-5173.8125,-214.47499999999854,-55572.04999999999,1.6375000000000002,-5.2,-1.4249999999999972,0.4375,-0.34999999999999964,-2.6125000000000114,0.1625,0.11249999999999982,-0.4249999999999998,0.7875000000000001,-1.7625,2.0
126618.55,76.66249999997672,-48136.5625,-183.82500000001164,-6718.174999999988,-29231.25,430.6875,-5304.8125,-178.47499999999854,-54517.04999999999,-0.3624999999999998,-3.2,1.5750000000000028,0.4375,0.6500000000000004,-1.6125000000000114,0.1625,0.11249999999999982,0.5750000000000002,-0.2124999999999999,-0.7625,0.0
126883.55,124.66249999997672,-48062.5625,111.17499999998836,-7085.174999999988,-29485.25,-1200.3125,-5719.8125,-112.47499999999854,-54845.04999999999,3.6375,1.8,-1.4249999999999972,1.4375,-0.34999999999999964,-1.6125000000000114,-0.8375,0.11249999999999982,0.5750000000000002,-2.2125,1.2375,-3.0
125895.55,995.6624999999767,-47293.5625,376.17499999998836,-7599.174999999988,-29542.25,76.6875,-5601.8125,-249.47499999999854,-54952.04999999999,2.6375,0.8,-5.424999999999997,0.4375,1.6500000000000004,-2.6125000000000114,0.1625,0.11249999999999982,-0.4249999999999998,0.7875000000000001,2.2375,2.0
126468.55,63.66249999997672,-47344.5625,-50.82500000001164,-7248.174999999988,-29079.25,799.6875,-5601.8125,247.52500000000146,-53258.04999999999,-3.3625,3.8,4.575000000000003,1.4375,2.6500000000000004,1.3874999999999886,0.1625,0.11249999999999982,-0.4249999999999998,-0.2124999999999999,4.2375,2.0
126272.55,-38.33750000002328,-47493.5625,-190.82500000001164,-7583.174999999988,-28506.25,327.6875,-5616.8125,-288.47499999999854,-53239.04999999999,0.6375000000000002,-5.2,-5.424999999999997,1.4375,3.6500000000000004,1.3874999999999886,0.1625,0.11249999999999982,0.5750000000000002,-1.2125,2.2375,1.0
126330.55,40.66249999997672,-47680.5625,105.17499999998836,-7072.174999999988,-28177.25,231.6875,-6034.8125,-190.47499999999854,-50112.04999999999,0.6375000000000002,-0.19999999999999996,4.575000000000003,0.4375,3.6500000000000004,0.38749999999998863,-0.8375,0.11249999999999982,-0.4249999999999998,1.7875,1.2375,4.0
125998.55,-121.33750000002328,-47514.5625,134.17499999998836,-7617.174999999988,-27974.25,33.6875,-6123.8125,-255.47499999999854,-50212.04999999999,1.6375000000000002,-0.19999999999999996,-5.424999999999997,-0.5625,-0.34999999999999964,2.3874999999999886,0.1625,0.11249999999999982,-0.4249999999999998,-0.2124999999999999,0.2375,-1.0
126282.55,21.662499999976717,-48049.5625,-110.82500000001164,-7890.174999999988,-27753.25,-495.3125,-6191.8125,-51.474999999998545,-49810.04999999999,3.6375,1.8,-5.424999999999997,-0.5625,-1.3499999999999996,2.3874999999999886,0.1625,-0.8875000000000002,0.5750000000000002,-0.2124999999999999,-0.7625,-1.0
126439.55,-277.3375000000233,-48035.5625,-253.82500000001164,-8242.174999999988,-27978.25,-54.3125,-6274.8125,-232.47499999999854,-50002.04999999999,-0.3624999999999998,-1.2,3.575000000000003,1.4375,0.6500000000000004,0.38749999999998863,0.1625,0.11249999999999982,-0.4249999999999998,-0.2124999999999999,1.2375,1.0
126171.55,3.662499999976717,-47941.5625,-11.825000000011642,-8895.174999999988,-28361.25,-43.3125,-6342.8125,-82.47499999999854,-49569.04999999999,0.6375000000000002,-0.19999999999999996,-1.4249999999999972,0.4375,2.6500000000000004,-0.6125000000000114,0.1625,0.11249999999999982,0.5750000000000002,-1.2125,1.2375,0.0
126056.55,407.6624999999767,-47967.5625,-491.82500000001164,-9434.174999999988,-28098.25,-413.3125,-6401.8125,-88.47499999999854,-49401.04999999999,0.6375000000000002,0.8,-2.424999999999997,0.4375,-0.34999999999999964,-0.6125000000000114,0.1625,0.11249999999999982,1.5750000000000002,-0.2124999999999999,-0.7625,0.0
126198.55,63.66249999997672,-48346.5625,34.17499999998836,-9049.174999999988,-27755.25,-619.3125,-6397.8125,-231.47499999999854,-48017.04999999999,-0.3624999999999998,-1.2,1.5750000000000028,1.4375,-3.3499999999999996,0.38749999999998863,0.1625,0.11249999999999982,0.5750000000000002,-0.2124999999999999,0.2375,0.0
126400.55,379.6624999999767,-48462.5625,-28.82500000001164,-8811.174999999988,-27601.25,907.6875,-6436.8125,-87.47499999999854,-47354.04999999999,-0.3624999999999998,-0.19999999999999996,0.5750000000000028,0.4375,0.6500000000000004,-1.6125000000000114,-0.8375,-0.8875000000000002,-0.4249999999999998,0.7875000000000001,0.2375,1.0
126656.55,491.6624999999767,-48503.5625,-90.82500000001164,-9287.174999999988,-27104.25,-986.3125,-6460.8125,-210.47499999999854,-46655.04999999999,0.6375000000000002,-0.19999999999999996,-2.424999999999997,1.4375,-0.34999999999999964,-0.6125000000000114,0.1625,0.11249999999999982,-0.4249999999999998,-1.2125,0.2375,-1.0
126511.55,235.66249999997672,-48468.5625,13.174999999988358,-9296.174999999988,-26996.25,151.6875,-6580.8125,116.52500000000146,-46108.04999999999,-0.3624999999999998,-1.2,0.5750000000000028,0.4375,-2.3499999999999996,-0.6125000000000114,-0.8375,-0.8875000000000002,-0.4249999999999998,0.7875000000000001,0.2375,0.0
126392.55,-57.33750000002328,-48431.5625,142.17499999998836,-9293.174999999988,-26807.25,21.6875,-6589.8125,316.52500000000146,-45393.04999999999,0.6375000000000002,-0.19999999999999996,-1.4249999999999972,0.4375,-0.34999999999999964,-1.6125000000000114,0.1625,0.11249999999999982,0.5750000000000002,-0.2124999999999999,0.2375,0.0
126531.55,150.66249999997672,-48365.5625,-143.82500000001164,-9562.174999999988,-26694.25,-1167.3125,-6666.8125,315.52500000000146,-45384.04999999999,0.6375000000000002,-0.19999999999999996,-1.4249999999999972,0.4375,-1.3499999999999996,-0.6125000000000114,0.1625,0.11249999999999982,-0.4249999999999998,-0.2124999999999999,0.2375,0.0
126447.55,276.6624999999767,-48484.5625,124.17499999998836,-9657.174999999988,-26470.25,-1142.3125,-6757.8125,236.52500000000146,-44834.04999999999,-0.3624999999999998,-0.19999999999999996,1.5750000000000028,1.4375,0.6500000000000004,-0.6125000000000114,-0.8375,0.11249999999999982,0.5750000000000002,-0.2124999999999999,0.2375,0.0
126553.55,-79.33750000002328,-48267.5625,178.17499999998836,-9918.174999999988,-26181.25,124.6875,-6523.8125,181.52500000000146,-43925.04999999999,0.6375000000000002,-0.19999999999999996,-0.42499999999999716,1.4375,-1.3499999999999996,0.38749999999998863,-0.8375,-0.8875000000000002,-0.4249999999999998,-0.2124999999999999,0.2375,0.0
126371.55,327.6624999999767,-47830.5625,203.17499999998836,-11521.174999999988,-25786.25,879.6875,-6500.8125,35.525000000001455,-43021.04999999999,0.6375000000000002,-0.19999999999999996,-0.42499999999999716,1.4375,-0.34999999999999964,0.38749999999998863,0.1625,0.11249999999999982,-0.4249999999999998,1.7875,0.2375,-1.0
126447.55,24.662499999976717,-47696.5625,98.17499999998836,-11962.174999999988,-25451.25,253.6875,-6520.8125,-29.474999999998545,-42559.04999999999,4.6375,0.8,1.5750000000000028,4.4375,0.6500000000000004,1.3874999999999886,0.1625,0.11249999999999982,0.5750000000000002,2.7875,0.2375,3.0
126310.55,365.6624999999767,-47563.5625,780.1749999999884,-11461.174999999988,-25506.25,1142.6875,-6555.8125,398.52500000000146,-41607.04999999999,-1.3624999999999998,-4.2,-8.424999999999997,-0.5625,1.6500000000000004,-7.612500000000011,0.1625,0.11249999999999982,0.5750000000000002,-0.2124999999999999,3.2375,-8.0
127595.55,203.66249999997672,-47441.5625,-446.82500000001164,-10630.174999999988,-25122.25,609.6875,-5872.8125,38.525000000001455,-40788.04999999999,1.6375000000000002,3.8,7.575000000000003,0.4375,0.6500000000000004,-1.6125000000000114,0.1625,0.11249999999999982,-0.4249999999999998,1.7875,0.2375,3.0
126574.55,-1253.3375000000233,-47029.5625,-1013.8250000000116,-12109.174999999988,-24246.25,-2009.3125,-5900.8125,-1627.4749999999985,-40590.04999999999,3.6375,-6.2,-3.424999999999997,-0.5625,-2.3499999999999996,0.38749999999998863,0.1625,0.11249999999999982,0.5750000000000002,-2.2125,1.2375,-2.0
125482.55,756.6624999999767,-46974.5625,941.1749999999884,-9130.174999999988,-26233.25,-571.3125,-6106.8125,641.5250000000015,-37066.04999999999,0.6375000000000002,-6.2,-5.424999999999997,0.4375,-0.34999999999999964,0.38749999999998863,0.1625,0.11249999999999982,0.5750000000000002,-0.2124999999999999,0.2375,0.0
126374.55,736.6624999999767,-46754.5625,178.17499999998836,-10667.174999999988,-25768.25,676.6875,-6396.8125,-850.4749999999985,-38309.04999999999,-0.3624999999999998,-1.2,4.575000000000003,-0.5625,-1.3499999999999996,0.38749999999998863,0.1625,0.11249999999999982,0.5750000000000002,-0.2124999999999999,-0.7625,0.0
127522.55,-174.33750000002328,-47363.5625,-724.8250000000116,-10663.174999999988,-25120.25,492.6875,-6680.8125,-816.4749999999985,-38310.04999999999,0.6375000000000002,-3.2,-0.42499999999999716,1.4375,2.6500000000000004,-0.6125000000000114,-0.8375,0.11249999999999982,0.5750000000000002,-1.2125,-0.7625,-1.0
126975.55,500.6624999999767,-47249.5625,-899.8250000000116,-10216.174999999988,-25325.25,-415.3125,-6745.8125,-327.47499999999854,-37502.04999999999,0.6375000000000002,0.8,0.5750000000000028,0.4375,-1.3499999999999996,-0.6125000000000114,0.1625,0.11249999999999982,-0.4249999999999998,-1.2125,0.2375,1.0
126707.55,213.66249999997672,-47263.5625,-217.82500000001164,-10459.174999999988,-25387.25,34.6875,-7108.8125,28.525000000001455,-36207.04999999999,-1.3624999999999998,-0.19999999999999996,-0.42499999999999716,-1.5625,-2.3499999999999996,2.3874999999999886,-0.8375,-0.8875000000000002,-0.4249999999999998,-0.2124999999999999,-1.7625,0.0
126700.55,419.6624999999767,-47233.5625,-334.82500000001164,-10510.174999999988,-25425.25,-266.3125,-6966.8125,-216.47499999999854,-36193.04999999999,-1.3624999999999998,1.8,-0.42499999999999716,-1.5625,0.6500000000000004,-0.6125000000000114,-0.8375,0.11249999999999982,-0.4249999999999998,-1.2125,1.2375,0.0
126878.55,-680.3375000000233,-47331.5625,-737.8250000000116,-10833.174999999988,-25108.25,9.6875,-6972.8125,-265.47499999999854,-36383.04999999999,0.6375000000000002,0.8,4.575000000000003,0.4375,3.6500000000000004,1.3874999999999886,-0.8375,0.11249999999999982,0.5750000000000002,-2.2125,1.2375,2.0
125719.55,502.6624999999767,-47444.5625,-220.82500000001164,-9786.174999999988,-25065.25,38.6875,-6795.8125,533.5250000000015,-35121.04999999999,-3.3625,3.8,3.575000000000003,-1.5625,2.6500000000000004,-0.6125000000000114,-0.8375,0.11249999999999982,-1.4249999999999998,-1.2125,2.2375,-1.0
125819.55,336.6624999999767,-48024.5625,571.1749999999884,-9615.174999999988,-25109.25,101.6875,-6782.8125,531.5250000000015,-34382.04999999999,2.6375,-3.2,-4.424999999999997,2.4375,0.6500000000000004,-2.6125000000000114,0.1625,0.11249999999999982,-0.4249999999999998,-0.2124999999999999,0.2375,4.0
126415.55,279.6624999999767,-48042.5625,-500.82500000001164,-10592.174999999988,-25007.25,-245.3125,-6635.8125,-377.47499999999854,-36372.04999999999,-1.3624999999999998,2.8,1.5750000000000028,-1.5625,-0.34999999999999964,0.38749999999998863,0.1625,0.11249999999999982,0.5750000000000002,-0.2124999999999999,0.2375,-1.0
126439.55,-333.3375000000233,-48374.5625,-471.82500000001164,-9579.174999999988,-25043.25,-742.3125,-6528.8125,63.525000000001455,-35705.04999999999,0.6375000000000002,1.8,1.5750000000000028,-0.5625,-2.3499999999999996,1.3874999999999886,0.1625,0.11249999999999982,-0.4249999999999998,0.7875000000000001,-1.7625,-1.0
125913.55,646.6624999999767,-47798.5625,8.174999999988358,-9432.174999999988,-25505.25,264.6875,-6728.8125,141.52500000000146,-35810.04999999999,0.6375000000000002,0.8,-0.42499999999999716,3.4375,3.6500000000000004,-4.612500000000011,0.1625,0.11249999999999982,-0.4249999999999998,-1.2125,-0.7625,-2.0
125937.55,802.6624999999767,-48059.5625,-173.82500000001164,-9264.174999999988,-25271.25,-64.3125,-6868.8125,201.52500000000146,-35552.04999999999,-0.3624999999999998,-2.2,-4.424999999999997,-2.5625,-1.3499999999999996,4.387499999999989,0.1625,0.11249999999999982,0.5750000000000002,2.7875,-0.7625,-2.0
126497.55,-205.33750000002328,-48979.5625,-699.8250000000116,-9236.174999999988,-24878.25,-677.3125,-6573.8125,-266.47499999999854,-36425.04999999999,1.6375000000000002,1.8,0.5750000000000028,3.4375,1.6500000000000004,-0.6125000000000114,0.1625,0.11249999999999982,0.5750000000000002,-1.2125,0.2375,-1.0
125530.55,545.6624999999767,-48988.5625,-279.82500000001164,-8358.174999999988,-25094.25,-311.3125,-6542.8125,381.52500000000146,-36342.04999999999,26.6375,-6.2,7.575000000000003,2.4375,-4.35,3.3874999999999886,0.1625,-0.8875000000000002,0.5750000000000002,0.7875000000000001,0.2375,3.0
128693.55,10018.662499999977,-48876.5625,296.17499999998836,-7889.174999999988,-25920.25,414.6875,-6351.8125,806.5250000000015,-35668.04999999999,15.6375,24.8,3.575000000000003,-2.5625,-14.35,4.387499999999989,0.1625,0.11249999999999982,0.5750000000000002,0.7875000000000001,5.2375,-14.0
152268.55,84515.66249999998,-47959.5625,52.17499999998836,-8195.174999999988,-24962.25,439.6875,-7118.8125,534.5250000000015,-36058.04999999999,-2.3625,-14.2,37.575,-23.5625,-29.35,86.38749999999999,-0.8375,0.11249999999999982,-0.4249999999999998,6.7875,4.2375,-14.0
172378.55,196418.66249999998,-43666.5625,-1060.8250000000116,-10620.174999999988,-575.25,15745.6875,-7682.8125,-1009.4749999999985,-38337.04999999999,-4.3625,1.8,-3.424999999999997,0.4375,33.65,-18.61250000000001,0.1625,-0.8875000000000002,0.5750000000000002,-3.2125,-7.7625,-7.0
240541.55,441414.6625,-32023.5625,1212.1749999999884,-4901.174999999988,279734.75,390202.6875,-12217.8125,456.52500000000146,-31136.04999999999,-3.3625,18.8,4.575000000000003,-4.5625,-23.35,-45.61250000000001,-0.8375,0.11249999999999982,1.5750000000000002,1.7875,-4.7625,-7.0
269968.55,484690.6625,-34552.5625,-1449.8250000000116,-5004.174999999988,433495.75,490334.6875,-10861.8125,-1177.4749999999985,-33448.04999999999,6.6375,12.8,0.5750000000000028,-56.5625,23.65,35.38749999999999,-0.8375,0.11249999999999982,0.5750000000000002,-1.2125,3.2375,-11.0
320755.55,559580.6625,-40011.5625,1480.1749999999884,1949.8250000000116,698538.75,701333.6875,-5802.8125,1437.5250000000015,-28335.04999999999,-8.3625,5.8,4.575000000000003,-3.5625,-13.35,9.387499999999989,0.1625,0.11249999999999982,-0.4249999999999998,8.7875,2.2375,9.0
284869.55,485892.6625,-43798.5625,2341.1749999999884,643.8250000000116,716650.75,705422.6875,-5395.8125,1103.5250000000015,-28394.04999999999,1.6375000000000002,-2.2,2.575000000000003,25.4375,-6.35,5.387499999999989,0.1625,1.1124999999999998,-0.4249999999999998,-1.2125,0.2375,-6.0
235903.55,413462.6625,-46182.5625,472.17499999998836,-1115.1749999999884,598853.75,646601.6875,-5816.8125,-1330.4749999999985,-30929.04999999999,13.6375,-19.2,-18.424999999999997,-7.5625,-15.35,-17.61250000000001,1.1625,0.11249999999999982,0.5750000000000002,8.7875,1.2375,5.0
183475.55,337493.6625,-47002.5625,-8.825000000011642,1741.8250000000116,450221.75,496222.6875,-6771.8125,-963.4749999999985,-31277.04999999999,4.6375,5.8,1.5750000000000028,-7.5625,-6.35,27.38749999999999,0.1625,0.11249999999999982,-1.4249999999999998,2.7875,4.2375,8.0
150989.55,283479.6625,-47567.5625,-218.82500000001164,-259.17499999998836,328259.75,403002.6875,-5443.8125,756.5250000000015,-31877.04999999999,1.6375000000000002,-1.2,-5.424999999999997,2.4375,3.6500000000000004,5.387499999999989,0.1625,0.11249999999999982,0.5750000000000002,0.7875000000000001,-0.7625,3.0
135032.55,264235.6625,-45068.5625,93.17499999998836,-1862.1749999999884,289416.75,379092.6875,-4574.8125,-533.4749999999985,-33236.04999999999,-0.3624999999999998,-3.2,1.5750000000000028,-0.5625,0.6500000000000004,7.387499999999989,0.1625,1.1124999999999998,0.5750000000000002,2.7875,-1.7625,4.0
122529.55,244854.66249999998,-45567.5625,-191.82500000001164,-2849.1749999999884,271969.75,370862.6875,-5063.8125,-386.47499999999854,-33734.04999999999,-0.3624999999999998,-2.2,4.575000000000003,10.4375,-9.35,-12.612500000000011,0.1625,0.11249999999999982,-0.4249999999999998,-0.2124999999999999,-1.7625,-2.0
126920.55,238798.66249999998,-45628.5625,-61.82500000001164,-2881.1749999999884,255261.75,371505.6875,-4608.8125,-294.47499999999854,-33981.04999999999,1.6375000000000002,-3.2,-3.424999999999997,-2.5625,-1.3499999999999996,7.387499999999989,-0.8375,0.11249999999999982,-0.4249999999999998,0.7875000000000001,-1.7625,-2.0
121522.55,234573.66249999998,-45900.5625,107.17499999998836,-2142.1749999999884,245546.75,358304.6875,-4387.8125,-541.4749999999985,-32961.04999999999,-2.3625,-9.2,7.575000000000003,7.4375,0.6500000000000004,0.38749999999998863,0.1625,-0.8875000000000002,-0.4249999999999998,0.7875000000000001,-1.7625,2.0
124167.55,223246.66249999998,-45891.5625,-106.82500000001164,-2614.1749999999884,235387.75,364848.6875,-4450.8125,-170.47499999999854,-33074.04999999999,-0.3624999999999998,0.8,-3.424999999999997,2.4375,2.6500000000000004,-2.6125000000000114,0.1625,0.11249999999999982,-0.4249999999999998,1.7875,-0.7625,-1.0
130870.55,229583.66249999998,-45861.5625,-377.82500000001164,-3146.1749999999884,237642.75,377964.6875,-4388.8125,-333.47499999999854,-33939.04999999999,-1.3624999999999998,-6.2,-6.424999999999997,-1.5625,-3.3499999999999996,-0.6125000000000114,0.1625,0.11249999999999982,-0.4249999999999998,-0.2124999999999999,2.2375,0.0
142114.55,283335.6625,-44841.5625,148.17499999998836,-3149.1749999999884,245271.75,440243.6875,-4386.8125,-68.47499999999854,-33344.04999999999,-2.3625,-3.2,-4.424999999999997,-1.5625,-3.3499999999999996,-0.6125000000000114,-0.8375,1.1124999999999998,-0.4249999999999998,-1.2125,1.2375,-2.0
149894.55,297681.6625,-44652.5625,229.17499999998836,-4115.174999999988,234171.75,455827.6875,-4265.8125,-752.4749999999985,-33518.04999999999,-0.3624999999999998,-3.2,-7.424999999999997,-1.5625,-3.3499999999999996,-0.6125000000000114,0.1625,0.11249999999999982,0.5750000000000002,-0.2124999999999999,0.2375,0.0
149310.55,308835.6625,-44472.5625,-408.82500000001164,-5001.174999999988,232116.75,473923.6875,-3930.8125,-698.4749999999985,-34161.04999999999,-7.3625,3.8,13.575000000000003,3.4375,2.6500000000000004,1.3874999999999886,-0.8375,0.11249999999999982,-0.4249999999999998,-1.2125,0.2375,-1.0
166424.55,332792.6625,-43616.5625,-5.8250000000116415,-5329.174999999988,229689.75,491455.6875,-3701.8125,-270.47499999999854,-34547.04999999999,-0.3624999999999998,-3.2,-9.424999999999997,-10.5625,-0.34999999999999964,6.387499999999989,-0.8375,0.11249999999999982,0.5750000000000002,0.7875000000000001,1.2375,1.0
160287.55,336475.6625,-43110.5625,-590.8250000000116,-6789.174999999988,214385.75,503244.6875,-3319.8125,-499.47499999999854,-35200.04999999999,0.6375000000000002,-2.2,-7.424999999999997,-0.5625,1.6500000000000004,3.3874999999999886,0.1625,0.11249999999999982,0.5750000000000002,-2.2125,0.2375,0.0
146681.55,312400.6625,-43521.5625,-462.82500000001164,-6949.174999999988,198138.75,502059.6875,-2613.8125,-1033.4749999999985,-34756.04999999999,-5.3625,7.8,14.575000000000003,-4.5625,6.65,2.3874999999999886,-0.8375,0.11249999999999982,-0.4249999999999998,-1.2125,1.2375,0.0
144076.55,298177.6625,-43324.5625,-52.82500000001164,-7624.174999999988,184286.75,496111.6875,-2458.8125,538.5250000000015,-34625.04999999999,-4.3625,-0.19999999999999996,-5.424999999999997,-1.5625,0.6500000000000004,-6.612500000000011,-0.8375,1.1124999999999998,-0.4249999999999998,-1.2125,-0.7625,1.0
126610.55,284737.6625,-42498.5625,-39.82500000001164,-8244.174999999988,161681.75,485623.6875,-2265.8125,402.52500000000146,-34473.04999999999,-3.3625,2.8,7.575000000000003,-3.5625,-4.35,4.387499999999989,0.1625,0.11249999999999982,-0.4249999999999998,-2.2125,1.2375,0.0
109995.55,260592.66249999998,-42102.5625,-97.82500000001164,-8459.174999999988,135135.75,468305.6875,-2123.8125,548.5250000000015,-34363.04999999999,-0.3624999999999998,-0.19999999999999996,-7.424999999999997,-3.5625,-1.3499999999999996,3.3874999999999886,-0.8375,0.11249999999999982,0.5750000000000002,-2.2125,0.2375,-2.0
104223.55,260530.66249999998,-41844.5625,43.17499999998836,-10188.174999999988,119685.75,463620.6875,-1819.8125,109.52500000000146,-34879.04999999999,3.6375,-0.19999999999999996,-8.424999999999997,1.4375,2.6500000000000004,-8.612500000000011,0.1625,0.11249999999999982,-0.4249999999999998,-2.2125,0.2375,-2.0
89973.55,241503.66249999998,-41747.5625,-494.82500000001164,-9746.174999999988,111308.75,454727.6875,-2464.8125,-83.47499999999854,-35334.04999999999,-0.3624999999999998,0.8,0.5750000000000028,-2.5625,-2.3499999999999996,2.3874999999999886,0.1625,0.11249999999999982,-0.4249999999999998,-0.2124999999999999,1.2375,-1.0
74534.55,227093.66249999998,-42278.5625,50.17499999998836,-9262.174999999988,81577.75,450092.6875,-2653.8125,-482.47499999999854,-34422.04999999999,5.6375,1.8,-1.4249999999999972,-0.5625,7.65,-0.6125000000000114,0.1625,-0.8875000000000002,-0.4249999999999998,-1.2125,1.2375,-3.0
73309.55,233781.66249999998,-42517.5625,223.17499999998836,-7895.174999999988,61413.75,445632.6875,-2711.8125,15.525000000001455,-33509.04999999999,-5.3625,-7.2,5.575000000000003,8.4375,-0.34999999999999964,-1.6125000000000114,0.1625,0.11249999999999982,0.5750000000000002,0.7875000000000001,-3.7625,-2.0
66214.55,216076.66249999998,-43487.5625,-210.82500000001164,-7835.174999999988,54314.75,430851.6875,-3064.8125,-776.4749999999985,-34116.04999999999,5.6375,-6.2,-4.424999999999997,-1.5625,-7.35,-1.6125000000000114,0.1625,-0.8875000000000002,-1.4249999999999998,1.7875,1.2375,-1.0
56105.55,211565.66249999998,-43859.5625,-726.8250000000116,-7389.174999999988,53309.75,434266.6875,-3414.8125,-1097.4749999999985,-34078.04999999999,3.6375,7.8,7.575000000000003,-12.5625,-13.35,36.38749999999999,0.1625,0.11249999999999982,0.5750000000000002,-0.2124999999999999,2.2375,-2.0
49507.55,233781.66249999998,-42885.5625,-34.82500000001164,-6746.174999999988,46029.75,473429.6875,-4039.8125,-927.4749999999985,-33577.04999999999,-3.3625,-4.2,7.575000000000003,-16.5625,-6.35,9.387499999999989,0.1625,-0.8875000000000002,-1.4249999999999998,1.7875,-1.7625,-2.0
44340.55,242628.66249999998,-42771.5625,675.1749999999884,-6459.174999999988,36304.75,476492.6875,-3941.8125,-650.4749999999985,-33041.04999999999,0.6375000000000002,-12.2,3.575000000000003,2.4375,-3.3499999999999996,20.38749999999999,0.1625,0.11249999999999982,-0.4249999999999998,1.7875,0.2375,-3.0
30809.550000000003,232299.66249999998,-43267.5625,-691.8250000000116,-7262.174999999988,29739.75,472759.6875,-3655.8125,-1272.4749999999985,-34121.04999999999,8.6375,9.8,-14.424999999999997,7.4375,-11.35,17.38749999999999,0.1625,-0.8875000000000002,-0.4249999999999998,0.7875000000000001,3.2375,0.0
20852.550000000003,244632.66249999998,-43455.5625,-190.82500000001164,-5848.174999999988,19947.75,493269.6875,-3139.8125,-594.4749999999985,-33331.04999999999,0.6375000000000002,0.8,-3.424999999999997,-12.5625,5.65,21.38749999999999,0.1625,0.11249999999999982,0.5750000000000002,2.7875,1.2375,1.0
8648.550000000003,248097.66249999998,-43476.5625,-211.82500000001164,-5288.174999999988,4976.75,486221.6875,-4070.8125,-699.4749999999985,-32728.04999999999,4.6375,2.8,7.575000000000003,-2.5625,15.65,12.387499999999989,-0.8375,0.11249999999999982,-0.4249999999999998,1.7875,0.2375,-1.0
-7844.449999999997,251171.66249999998,-42891.5625,-568.8250000000116,-5137.174999999988,-11298.25,492869.6875,-4556.8125,-1226.4749999999985,-32782.04999999999,-2.3625,1.8,-5.424999999999997,9.4375,30.65,-0.6125000000000114,0.1625,-0.8875000000000002,1.5750000000000002,-1.2125,1.2375,-7.0
-11906.449999999997,240023.66249999998,-42930.5625,-299.82500000001164,-5664.174999999988,-35413.25,505989.6875,-4913.8125,-830.4749999999985,-32324.04999999999,1.6375000000000002,1.8,-1.4249999999999972,5.4375,13.65,-41.61250000000001,0.1625,0.11249999999999982,0.5750000000000002,-0.2124999999999999,3.2375,-1.0
-23903.449999999997,248511.66249999998,-43599.5625,-482.82500000001164,-4414.174999999988,-50237.25,499327.6875,-4537.8125,-119.47499999999854,-33472.04999999999,4.6375,-1.2,-5.424999999999997,-3.5625,5.65,-31.61250000000001,0.1625,0.11249999999999982,-0.4249999999999998,0.7875000000000001,3.2375,6.0
-34410.45,224814.66249999998,-44626.5625,139.17499999998836,-2964.1749999999884,-39372.25,490455.6875,-5397.8125,105.52500000000146,-31474.04999999999,7.6375,-16.2,-17.424999999999997,14.4375,20.65,-34.61250000000001,-0.8375,0.11249999999999982,0.5750000000000002,-3.2125,-2.7625,1.0
-43858.45,243277.66249999998,-44522.5625,-392.82500000001164,-3559.1749999999884,-41771.25,505574.6875,-6034.8125,-638.4749999999985,-31632.04999999999,-14.3625,5.8,13.575000000000003,-2.5625,-19.35,-1.6125000000000114,0.1625,-0.8875000000000002,0.5750000000000002,-1.2125,-9.7625,6.0
-53294.45,237599.66249999998,-44670.5625,-216.82500000001164,-2675.1749999999884,-58918.25,502644.6875,-6372.8125,-380.47499999999854,-31235.04999999999,11.6375,-13.2,-23.424999999999997,9.4375,-23.35,-16.61250000000001,-0.8375,0.11249999999999982,-1.4249999999999998,-2.2125,-0.7625,8.0
-66958.45,216451.66249999998,-45501.5625,485.17499999998836,-1940.1749999999884,-71544.25,501339.6875,-6057.8125,596.5250000000015,-30815.04999999999,-6.3625,5.8,17.575000000000003,-25.5625,-13.35,-2.6125000000000114,0.1625,0.11249999999999982,-0.4249999999999998,2.7875,4.2375,14.0
-74766.45,224786.66249999998,-46145.5625,-786.8250000000116,-2724.1749999999884,-79731.25,497472.6875,-5080.8125,23.525000000001455,-54162.04999999999,0.6375000000000002,-5.2,-21.424999999999997,-17.5625,7.65,29.38749999999999,-0.8375,0.11249999999999982,1.5750000000000002,4.7875,9.2375,5.0
-101455.45,224677.66249999998,-46695.5625,-730.8250000000116,-958.1749999999884,-67485.25,522014.6875,-7658.8125,458.52500000000146,-29805.04999999999,-10.3625,-21.2,7.575000000000003,2.4375,24.65,32.38749999999999,0.1625,-0.8875000000000002,0.5750000000000002,4.7875,0.2375,-6.0
-112087.45,213756.66249999998,-47031.5625,224.17499999998836,-509.17499999998836,-69453.25,519082.6875,-6743.8125,-138.47499999999854,-29506.04999999999,-0.3624999999999998,6.8,8.575000000000003,-6.5625,10.65,5.387499999999989,-0.8375,0.11249999999999982,-1.4249999999999998,-2.2125,-0.7625,-8.0
-98399.45,165301.66249999998,-46964.5625,-481.82500000001164,-1082.1749999999884,-71957.25,517372.6875,-7463.8125,363.52500000000146,-29940.04999999999,5.6375,-115.2,121.575,-61.5625,-211.35,38.38749999999999,-0.8375,-0.8875000000000002,-8.425,33.7875,-47.7625,176.0
38744.55,50597.66249999998,-43292.5625,-5043.825000000012,4244.825000000012,-70052.25,526902.6875,-5766.8125,-2643.4749999999985,-24952.04999999999,-35.3625,48.8,255.575,59.4375,-38.35,59.38749999999999,2.1625,6.1125,0.5750000000000002,-71.2125,4.2375,54.0
20594.550000000003,6569.662499999977,-34500.5625,7252.174999999988,4038.8250000000116,-88722.25,495238.6875,-6349.8125,13203.525000000001,-752.0499999999884,12.6375,-23.2,-15.424999999999997,-40.5625,22.65,-37.61250000000001,3.1625,2.1125,1.5750000000000002,9.7875,-61.7625,35.0
20126.550000000003,11589.662499999977,-38308.5625,7201.174999999988,-21823.17499999999,-25673.25,411649.6875,-3259.8125,1226.5250000000015,10552.950000000012,37.6375,22.8,-192.425,16.4375,-240.35,-224.6125,0.1625,-0.8875000000000002,-7.425,11.7875,-111.7625,162.0
42205.55,-11049.337500000023,-44550.5625,-8115.825000000012,8876.825000000012,360920.75,212421.6875,6255.1875,-11187.474999999999,-1282.0499999999884,-73.3625,-10.2,-1.4249999999999972,-232.5625,48.65,13.387499999999989,1.1625,4.1125,2.575,-54.2125,-49.7625,123.0
59115.55,22946.662499999977,-34415.5625,-8566.825000000012,7057.825000000012,406778.75,2919.6875,18156.1875,-2585.4749999999985,22249.95000000001,-38.3625,8.8,-78.425,42.4375,115.65,-43.61250000000001,2.1625,4.1125,-1.4249999999999998,5.7875,-82.7625,103.0
113892.55,160072.66249999998,-23398.5625,13958.174999999988,-9094.174999999988,257132.75,36118.6875,41051.1875,18286.525,12502.950000000012,-27.3625,3.8,133.575,-407.5625,-248.35,82.38749999999999,-1.8375,0.11249999999999982,-3.425,-34.2125,-1.7625,78.0
205436.55,287194.6625,-21648.5625,-9586.825000000012,-2034.1749999999884,630889.75,115719.6875,66172.1875,-9875.474999999999,-2173.0499999999884,-3.3625,23.8,92.575,303.4375,87.65,-37.61250000000001,-1.8375,2.1125,-7.425,30.7875,-4.7625,155.0
243432.55,311815.6625,-2777.5625,-7535.825000000012,-19653.17499999999,1222308.75,639674.6875,91126.1875,-8085.4749999999985,1052.9500000000116,22.6375,11.8,4.575000000000003,-233.5625,-198.35,27.38749999999999,0.1625,-1.8875000000000002,-8.425,-38.2125,-63.7625,65.0
113550.55,326983.6625,21572.4375,11657.174999999988,16090.825000000012,1046999.75,386009.6875,66096.1875,15307.525000000001,26246.95000000001,-19.3625,22.8,26.575000000000003,158.4375,-181.35,-450.6125,-1.8375,0.11249999999999982,-5.425,-30.2125,-39.7625,69.0
114327.55,357911.6625,-46108.5625,4018.1749999999884,-75.17499999998836,318126.75,369926.6875,-27432.8125,3324.5250000000015,28769.95000000001,-10.3625,-26.2,-36.425,-108.5625,-119.35,-22.61250000000001,0.1625,-1.8875000000000002,0.5750000000000002,0.7875000000000001,-65.7625,-4.0
124836.55,325126.6625,-80903.5625,-2995.8250000000116,-4357.174999999988,599851.75,370809.6875,-121855.8125,-4975.4749999999985,16554.95000000001,10.6375,16.8,27.575000000000003,-23.5625,44.65,-84.61250000000001,1.1625,-3.8875,5.575,-8.2125,18.2375,-18.0
125446.55,320920.6625,-88548.5625,-5494.825000000012,4268.825000000012,452924.75,474449.6875,-126909.8125,-4133.4749999999985,14020.950000000012,11.6375,-4.2,4.575000000000003,25.4375,-3.3499999999999996,48.38749999999999,-0.8375,-1.8875000000000002,2.575,10.7875,20.2375,-18.0
121447.55,410201.6625,-83684.5625,675.1749999999884,-5545.174999999988,463796.75,522876.6875,-131622.8125,5131.5250000000015,24167.95000000001,7.6375,-14.2,-62.425,35.4375,-30.35,-21.61250000000001,0.1625,-0.8875000000000002,0.5750000000000002,12.7875,16.2375,-10.0
140250.55,449921.6625,-90992.5625,464.17499999998836,4446.825000000012,480867.75,637739.6875,-141977.8125,1469.5250000000015,20940.95000000001,15.6375,-33.2,-42.425,-38.5625,-14.35,-7.612500000000011,0.1625,-0.8875000000000002,0.5750000000000002,9.7875,-9.7625,-32.0
161420.55,507771.6625,-97573.5625,-3644.8250000000116,6237.825000000012,490862.75,830290.6875,-146149.8125,-3648.4749999999985,15307.950000000012,-2.3625,11.8,33.575,-30.5625,1.6500000000000004,35.38749999999999,0.1625,0.11249999999999982,0.5750000000000002,-0.2124999999999999,-2.7625,-12.0
124287.55,484955.6625,-89158.5625,-374.82500000001164,6639.825000000012,426738.75,807577.6875,-129706.8125,-1877.4749999999985,16182.950000000012,11.6375,-2.2,-15.424999999999997,25.4375,-3.3499999999999996,-22.61250000000001,0.1625,-1.8875000000000002,-0.4249999999999998,6.7875,-0.7625,-11.0
48068.55,461834.6625,-74820.5625,4073.1749999999884,7437.825000000012,359396.75,677423.6875,-123164.8125,2981.5250000000015,23124.95000000001,-1.3624999999999998,-4.2,-12.424999999999997,-20.5625,-8.35,10.387499999999989,0.1625,-0.8875000000000002,-0.4249999999999998,9.7875,7.2375,-15.0
26531.550000000003,381865.6625,-51452.5625,-3341.8250000000116,2876.8250000000116,201877.75,513219.6875,-84284.8125,-2316.4749999999985,18364.95000000001,-16.3625,8.8,42.575,7.4375,-1.3499999999999996,-10.612500000000011,0.1625,0.11249999999999982,-0.4249999999999998,4.7875,10.2375,-8.0
21498.550000000003,394549.6625,-27923.5625,1342.1749999999884,1252.8250000000116,165162.75,516051.6875,-18912.8125,179.52500000000146,20411.95000000001,-2.3625,-20.2,-16.424999999999997,-10.5625,-0.34999999999999964,-11.612500000000011,0.1625,0.11249999999999982,-0.4249999999999998,4.7875,0.2375,-1.0
23012.550000000003,386424.6625,-30587.5625,-440.82500000001164,3074.8250000000116,175976.75,533324.6875,-21174.8125,1718.5250000000015,23176.95000000001,0.6375000000000002,-0.19999999999999996,-0.42499999999999716,-25.5625,1.6500000000000004,0.38749999999998863,0.1625,0.11249999999999982,-0.4249999999999998,-4.2125,-0.7625,-8.0
42599.55,399441.6625,-28420.5625,-1843.8250000000116,-2683.1749999999884,168540.75,541145.6875,-18357.8125,-826.4749999999985,17659.95000000001,7.6375,-1.2,-34.425,7.4375,2.6500000000000004,9.387499999999989,-0.8375,0.11249999999999982,1.5750000000000002,14.7875,3.2375,12.0
46785.55,456260.6625,-29345.5625,86303.17499999999,-31776.17499999999,140111.75,620969.6875,-25427.8125,-806.4749999999985,21470.95000000001,6.6375,-6.2,-17.424999999999997,9.4375,-3.3499999999999996,-6.612500000000011,0.1625,0.11249999999999982,1.5750000000000002,-4.2125,-4.7625,3.0
29546.550000000003,447168.6625,-33906.5625,178508.175,-31338.17499999999,135099.75,635777.6875,-25111.8125,943.5250000000015,25105.95000000001,-5.3625,8.8,11.575000000000003,-13.5625,-3.3499999999999996,-1.6125000000000114,-0.8375,0.11249999999999982,-0.4249999999999998,-8.2125,0.2375,-4.0
33243.55,425930.6625,-36217.5625,221940.175,-47468.17499999999,128152.75,613611.6875,-22264.8125,1207.5250000000015,24457.95000000001,-2.3625,-3.2,2.575000000000003,8.4375,-3.3499999999999996,-8.612500000000011,-0.8375,0.11249999999999982,-0.4249999999999998,0.7875000000000001,4.2375,9.0
25455.550000000003,438589.6625,-40149.5625,254226.175,-69718.17499999999,115817.75,599376.6875,-22406.8125,1190.5250000000015,25393.95000000001,-7.3625,1.8,8.575000000000003,-7.5625,8.65,5.387499999999989,-0.8375,0.11249999999999982,-0.4249999999999998,-10.2125,4.2375,-10.0
8472.550000000003,439843.6625,-47968.5625,278914.175,-61718.17499999999,109384.75,609525.6875,-21669.8125,5744.5250000000015,27476.95000000001,-3.3625,0.8,9.575000000000003,-1.5625,2.6500000000000004,0.38749999999998863,-0.8375,-0.8875000000000002,-0.4249999999999998,-3.2125,5.2375,5.0
15288.550000000003,446464.6625,-51878.5625,304453.175,-57511.17499999999,107550.75,601743.6875,-23063.8125,23950.525,32580.95000000001,5.6375,2.8,-8.424999999999997,2.4375,-1.3499999999999996,0.38749999999998863,0.1625,0.11249999999999982,-0.4249999999999998,0.7875000000000001,4.2375,7.0
-2456.449999999997,456764.6625,-57317.5625,325453.175,-37761.17499999999,94150.75,605955.6875,-31225.8125,49372.525,68383.95000000001,-0.3624999999999998,-1.2,-0.42499999999999716,-1.5625,-4.35,-3.6125000000000114,-0.8375,0.11249999999999982,-0.4249999999999998,-4.2125,-2.7625,0.0
291.5500000000029,447992.6625,-57722.5625,338824.175,-16869.17499999999,88339.75,582324.6875,-37981.8125,71858.525,84124.95000000001,-0.3624999999999998,-1.2,-1.4249999999999972,3.4375,-1.3499999999999996,-4.612500000000011,0.1625,0.11249999999999982,-0.4249999999999998,-1.2125,0.2375,1.0
2155.550000000003,424061.6625,-57954.5625,353747.175,-14933.174999999988,83362.75,562508.6875,-40746.8125,90887.525,97074.95000000001,1.6375000000000002,-3.2,-2.424999999999997,0.4375,-2.3499999999999996,-2.6125000000000114,-0.8375,0.11249999999999982,-0.4249999999999998,-1.2125,0.2375,-1.0
2878.550000000003,407857.6625,-57925.5625,350994.175,-15834.174999999988,80216.75,554216.6875,-42477.8125,113550.525,106005.95000000001,0.6375000000000002,-0.19999999999999996,-3.424999999999997,-2.5625,-3.3499999999999996,-1.6125000000000114,-0.8375,-0.8875000000000002,-0.4249999999999998,-9.2125,-2.7625,-12.0
14887.550000000003,408512.6625,-57285.5625,347804.175,-17750.17499999999,83968.75,558407.6875,-43170.8125,116977.525,113772.95000000001,4.6375,-7.2,-6.424999999999997,2.4375,-0.34999999999999964,2.3874999999999886,0.1625,0.11249999999999982,0.5750000000000002,6.7875,0.2375,6.0
19068.550000000003,430377.6625,-56319.5625,336393.175,-29128.17499999999,92071.75,589043.6875,-45603.8125,114206.525,116354.95000000001,-3.3625,1.8,10.575000000000003,-2.5625,-2.3499999999999996,3.3874999999999886,0.1625,-0.8875000000000002,0.5750000000000002,-0.2124999999999999,1.2375,-1.0
8931.550000000003,453887.6625,-57215.5625,316977.175,-8206.174999999988,100175.75,629780.6875,-49512.8125,111632.525,110299.95000000001,3.6375,-6.2,-2.424999999999997,4.4375,-1.3499999999999996,1.3874999999999886,-0.8375,0.11249999999999982,0.5750000000000002,2.7875,-0.7625,-4.0
9993.550000000003,464553.6625,-57638.5625,319688.175,-4151.174999999988,102500.75,641116.6875,-51583.8125,114017.525,113585.95000000001,0.6375000000000002,-1.2,-3.424999999999997,3.4375,-2.3499999999999996,1.3874999999999886,0.1625,0.11249999999999982,-0.4249999999999998,0.7875000000000001,0.2375,-5.0
18913.550000000003,439617.6625,-57187.5625,326277.175,-4509.174999999988,99658.75,622453.6875,-48939.8125,125124.525,119113.95000000001,1.6375000000000002,-2.2,-2.424999999999997,3.4375,-0.34999999999999964,-3.6125000000000114,0.1625,-0.8875000000000002,-0.4249999999999998,3.7875,1.2375,-3.0
20305.550000000003,429458.6625,-56546.5625,337186.175,-6433.174999999988,99337.75,608871.6875,-46607.8125,125955.525,121871.95000000001,2.6375,-0.19999999999999996,-2.424999999999997,2.4375,-0.34999999999999964,-1.6125000000000114,0.1625,0.11249999999999982,0.5750000000000002,1.7875,1.2375,-2.0
18449.550000000003,443926.6625,-56242.5625,339154.175,-8964.174999999988,101021.75,607015.6875,-47503.8125,123642.525,121443.95000000001,1.6375000000000002,-0.19999999999999996,2.575000000000003,2.4375,-1.3499999999999996,5.387499999999989,0.1625,0.11249999999999982,0.5750000000000002,2.7875,0.2375,1.0
14927.550000000003,461978.6625,-55739.5625,331768.175,-14181.174999999988,104463.75,620346.6875,-48776.8125,120821.525,118576.95000000001,2.6375,0.8,1.5750000000000028,2.4375,-1.3499999999999996,1.3874999999999886,0.1625,0.11249999999999982,-0.4249999999999998,1.7875,0.2375,1.0
15815.550000000003,469286.6625,-55425.5625,327930.175,-17500.17499999999,107236.75,630666.6875,-48009.8125,119706.525,116658.95000000001,3.6375,-2.2,-0.42499999999999716,0.4375,-1.3499999999999996,-0.6125000000000114,0.1625,0.11249999999999982,0.5750000000000002,0.7875000000000001,0.2375,1.0
20346.550000000003,466735.6625,-88365.5625,331944.175,-16031.174999999988,106753.75,624464.6875,-46471.8125,118998.525,116087.95000000001,0.6375000000000002,0.8,-0.42499999999999716,1.4375,0.6500000000000004,0.38749999999998863,0.1625,0.11249999999999982,0.5750000000000002,0.7875000000000001,-0.7625,2.0
23437.550000000003,456819.6625,-55259.5625,330279.175,-19792.17499999999,106756.75,616267.6875,-45782.8125,115524.525,114526.95000000001,0.6375000000000002,-1.2,-0.42499999999999716,0.4375,-0.34999999999999964,0.38749999999998863,0.1625,0.11249999999999982,0.5750000000000002,-0.2124999999999999,0.2375,0.0
22880.550000000003,463548.6625,-54923.5625,318571.175,-24451.17499999999,109585.75,626765.6875,-47153.8125,109820.525,109429.95000000001,-0.3624999999999998,-0.19999999999999996,-1.4249999999999972,-1.5625,0.6500000000000004,-0.6125000000000114,0.1625,0.11249999999999982,-0.4249999999999998,-0.2124999999999999,1.2375,0.0
25324.550000000003,458944.6625,-54924.5625,317504.175,-25497.17499999999,109930.75,629801.6875,-46039.8125,109232.525,108728.95000000001,-0.3624999999999998,-0.19999999999999996,-0.42499999999999716,-0.5625,-0.34999999999999964,-1.6125000000000114,-0.8375,-0.8875000000000002,0.5750000000000002,-1.2125,-0.7625,-1.0
26701.550000000003,458403.6625,-54915.5625,318770.175,-25079.17499999999,109163.75,627661.6875,-45650.8125,108841.525,108388.95000000001,-1.3624999999999998,-0.19999999999999996,0.5750000000000028,-0.5625,-0.34999999999999964,-0.6125000000000114,0.1625,0.11249999999999982,-0.4249999999999998,-0.2124999999999999,-0.7625,0.0
27047.550000000003,461547.6625,-54910.5625,318776.175,-26651.17499999999,109092.75,625654.6875,-45729.8125,107766.525,107356.95000000001,-4.3625,5.8,3.575000000000003,-0.5625,-1.3499999999999996,4.387499999999989,0.1625,0.11249999999999982,-0.4249999999999998,6.7875,-1.7625,5.0
27862.550000000003,463621.6625,-54809.5625,316657.175,-31390.17499999999,110341.75,627589.6875,-45832.8125,106568.525,107810.95000000001,-2.3625,1.8,2.575000000000003,2.4375,4.65,6.387499999999989,0.1625,0.11249999999999982,-0.4249999999999998,4.7875,6.2375,4.0
29754.550000000003,465831.6625,-53460.5625,319954.175,-50352.17499999999,100011.75,628201.6875,-48794.8125,108519.525,109985.95000000001,-0.3624999999999998,-1.2,-2.424999999999997,-1.5625,5.65,-1.6125000000000114,0.1625,0.11249999999999982,0.5750000000000002,-5.2125,3.2375,-11.0
22528.550000000003,475529.6625,-54716.5625,318814.175,-63055.17499999999,97051.75,647963.6875,-51298.8125,108667.525,108427.95000000001,-1.3624999999999998,-0.19999999999999996,3.575000000000003,-1.5625,2.6500000000000004,1.3874999999999886,-0.8375,0.11249999999999982,0.5750000000000002,4.7875,1.2375,4.0
16499.550000000003,486521.6625,-55130.5625,313929.175,-49611.17499999999,95156.75,663724.6875,-53514.8125,112214.525,111160.95000000001,-0.3624999999999998,-0.19999999999999996,-3.424999999999997,-2.5625,-0.34999999999999964,2.3874999999999886,0.1625,-0.8875000000000002,0.5750000000000002,-3.2125,-1.7625,-3.0
15665.550000000003,484177.6625,-55490.5625,321547.175,-34951.17499999999,90981.75,645568.6875,-53550.8125,115930.525,113656.95000000001,-1.3624999999999998,0.8,-0.42499999999999716,-4.5625,-1.3499999999999996,1.3874999999999886,-0.8375,0.11249999999999982,-0.4249999999999998,-4.2125,0.2375,-2.0
15363.550000000003,462245.6625,-55089.5625,328160.175,-32721.17499999999,86024.75,623335.6875,-52314.8125,126577.525,118125.95000000001,-2.3625,-2.2,-3.424999999999997,-0.5625,-2.3499999999999996,-4.612500000000011,0.1625,0.11249999999999982,-0.4249999999999998,-2.2125,-0.7625,1.0
15208.550000000003,449997.6625,-54818.5625,332813.175,-31739.17499999999,82737.75,613505.6875,-51729.8125,128849.525,122112.95000000001,-1.3624999999999998,-1.2,2.575000000000003,-3.5625,-1.3499999999999996,1.3874999999999886,0.1625,0.11249999999999982,-0.4249999999999998,-3.2125,-1.7625,0.0
5535.550000000003,460826.6625,-54968.5625,332030.175,-33753.17499999999,83516.75,629672.6875,-52211.8125,128353.525,120208.95000000001,-1.3624999999999998,-1.2,1.5750000000000028,0.4375,-2.3499999999999996,-2.6125000000000114,0.1625,0.11249999999999982,0.5750000000000002,0.7875000000000001,-0.7625,0.0
7369.550000000003,448112.6625,-54875.5625,334370.175,-29852.17499999999,83901.75,621735.6875,-51276.8125,128228.525,120759.95000000001,1.6375000000000002,-2.2,-3.424999999999997,0.4375,0.6500000000000004,0.38749999999998863,0.1625,0.11249999999999982,0.5750000000000002,-1.2125,-0.7625,-1.0
13381.550000000003,446668.6625,-55091.5625,330344.175,-32205.17499999999,86483.75,610631.6875,-50210.8125,126550.525,119515.95000000001,1.6375000000000002,-2.2,1.5750000000000028,-0.5625,0.6500000000000004,1.3874999999999886,-0.8375,0.11249999999999982,-0.4249999999999998,-0.2124999999999999,0.2375,-1.0
15957.550000000003,456649.6625,-55037.5625,322001.175,-36525.17499999999,91526.75,636488.6875,-50462.8125,118210.525,116583.95000000001,0.6375000000000002,-0.19999999999999996,1.5750000000000028,0.4375,0.6500000000000004,2.3874999999999886,-0.8375,0.11249999999999982,-0.4249999999999998,1.7875,0.2375,2.0
16806.550000000003,468783.6625,-55004.5625,319201.175,-37275.17499999999,96277.75,644139.6875,-50734.8125,114075.525,113076.95000000001,0.6375000000000002,-0.19999999999999996,2.575000000000003,0.4375,-0.34999999999999964,1.3874999999999886,0.1625,0.11249999999999982,0.5750000000000002,-0.2124999999999999,-0.7625,0.0
18128.550000000003,471765.6625,-54722.5625,317002.175,-38459.17499999999,98739.75,640452.6875,-50310.8125,111409.525,108628.95000000001,1.6375000000000002,0.8,-0.42499999999999716,1.4375,-1.3499999999999996,-0.6125000000000114,0.1625,0.11249999999999982,-0.4249999999999998,1.7875,0.2375,1.0
19591.550000000003,463611.6625,-54716.5625,316765.175,-37869.17499999999,96985.75,630556.6875,-49287.8125,110389.525,108000.95000000001,1.6375000000000002,-0.19999999999999996,1.5750000000000028,0.4375,-2.3499999999999996,-0.6125000000000114,0.1625,0.11249999999999982,-0.4249999999999998,-0.2124999999999999,0.2375,0.0
20086.550000000003,457853.6625,-54745.5625,318565.175,-37400.17499999999,95898.75,621908.6875,-48283.8125,109861.525,107465.95000000001,0.6375000000000002,-10.2,5.575000000000003,11.4375,-12.35,-9.612500000000011,0.1625,-0.8875000000000002,-0.4249999999999998,12.7875,2.2375,0.0
20433.550000000003,458777.6625,-54510.5625,318325.175,-53511.17499999999,96341.75,619814.6875,-48370.8125,115636.525,109419.95000000001,-1.3624999999999998,1.8,4.575000000000003,-16.5625,-6.35,14.387499999999989,0.1625,1.1124999999999998,-0.4249999999999998,-46.2125,4.2375,-38.0
27346.550000000003,459091.6625,-50754.5625,344091.175,-124254.17499999999,83815.75,624326.6875,-48319.8125,125898.525,123253.95000000001,-0.3624999999999998,-2.2,-6.424999999999997,18.4375,-8.35,6.387499999999989,-0.8375,0.11249999999999982,1.5750000000000002,39.7875,0.2375,11.0
4514.550000000003,535453.6625,-53942.5625,311399.175,-75639.17499999999,74354.75,816158.6875,-54147.8125,137319.525,129581.95000000001,1.6375000000000002,-12.2,2.575000000000003,2.4375,6.65,-8.612500000000011,0.1625,-0.8875000000000002,-0.4249999999999998,-23.2125,-13.7625,-26.0
2578.550000000003,543558.6625,-54248.5625,333034.175,-67958.17499999999,70623.75,761234.6875,-56279.8125,148712.525,135560.95,-1.3624999999999998,6.8,-3.424999999999997,6.4375,10.65,-1.6125000000000114,0.1625,1.1124999999999998,-0.4249999999999998,-1.2125,0.2375,12.0
-5011.449999999997,507587.6625,-53650.5625,347575.175,-100711.17499999999,36106.75,671128.6875,-50742.8125,173697.525,156343.95,-2.3625,-0.19999999999999996,0.5750000000000028,-0.5625,-5.35,-0.6125000000000114,0.1625,-0.8875000000000002,0.5750000000000002,10.7875,-2.7625,7.0
-28800.449999999997,475165.6625,-51878.5625,369441.175,-56230.17499999999,21800.75,606721.6875,-36761.8125,224719.525,163518.95,-0.3624999999999998,-0.19999999999999996,3.575000000000003,-4.5625,-0.34999999999999964,-2.6125000000000114,-0.8375,0.11249999999999982,-1.4249999999999998,-15.2125,0.2375,-1.0
-42713.45,458612.6625,-51515.5625,433273.175,-56115.17499999999,8382.75,534630.6875,-17579.8125,275606.525,195717.95,-1.3624999999999998,0.8,-3.424999999999997,-3.5625,-0.34999999999999964,3.3874999999999886,0.1625,-0.8875000000000002,-0.4249999999999998,-18.2125,2.2375,-5.0
-49707.45,459027.6625,-51436.5625,447923.175,-22659.17499999999,11375.75,538134.6875,-8315.8125,292513.525,204804.95,0.6375000000000002,-3.2,-3.424999999999997,-0.5625,-2.3499999999999996,-5.612500000000011,0.1625,-0.8875000000000002,0.5750000000000002,7.7875,-0.7625,10.0
-58959.45,464676.6625,-50861.5625,458341.175,-7942.174999999988,14758.75,558427.6875,-8287.8125,300374.525,202026.95,-1.3624999999999998,0.8,0.5750000000000028,-0.5625,-2.3499999999999996,-3.6125000000000114,-0.8375,0.11249999999999982,-0.4249999999999998,-5.2125,0.2375,1.0
-56863.45,471287.6625,-51336.5625,463527.175,11459.825000000012,31419.75,587920.6875,-9292.8125,306844.525,200640.95,-1.3624999999999998,-2.2,-2.424999999999997,-4.5625,2.6500000000000004,2.3874999999999886,0.1625,0.11249999999999982,0.5750000000000002,0.7875000000000001,3.2375,5.0
-52596.45,443980.6625,-51305.5625,480822.175,23580.82500000001,49288.75,596538.6875,-9839.8125,312443.525,203133.95,0.6375000000000002,-4.2,-4.424999999999997,1.4375,0.6500000000000004,-4.612500000000011,0.1625,0.11249999999999982,0.5750000000000002,-3.2125,3.2375,-1.0
-50746.45,433525.6625,-50958.5625,484056.175,20756.82500000001,48799.75,608126.6875,-9395.8125,313808.525,202517.95,-1.3624999999999998,0.8,1.5750000000000028,0.4375,0.6500000000000004,-0.6125000000000114,-0.8375,0.11249999999999982,-0.4249999999999998,-1.2125,1.2375,-1.0
-48419.45,424273.6625,-51457.5625,487558.175,24938.82500000001,48937.75,613819.6875,-7180.8125,311535.525,200295.95,0.6375000000000002,0.8,-1.4249999999999972,-2.5625,2.6500000000000004,1.3874999999999886,-0.8375,0.11249999999999982,0.5750000000000002,-1.2125,2.2375,0.0
-45261.45,422103.6625,-51389.5625,478091.175,22471.82500000001,51510.75,615279.6875,-8103.8125,305921.525,198066.95,-0.3624999999999998,0.8,0.5750000000000028,0.4375,1.6500000000000004,-0.6125000000000114,-0.8375,0.11249999999999982,0.5750000000000002,-0.2124999999999999,0.2375,0.0
-41925.45,418805.6625,-51710.5625,461481.175,16360.825000000012,56069.75,618102.6875,-9296.8125,297242.525,193639.95,-0.3624999999999998,-2.2,0.5750000000000028,-0.5625,-0.34999999999999964,1.3874999999999886,-0.8375,0.11249999999999982,0.5750000000000002,-0.2124999999999999,-0.7625,-1.0
-37105.45,420350.6625,-52165.5625,446701.175,9844.825000000012,61598.75,622136.6875,-9612.8125,273445.525,178022.95,0.6375000000000002,-0.19999999999999996,0.5750000000000028,1.4375,-1.3499999999999996,-0.6125000000000114,0.1625,0.11249999999999982,0.5750000000000002,-0.2124999999999999,-0.7625,1.0
-27550.449999999997,429860.6625,-52384.5625,433291.175,621.8250000000116,66304.75,623574.6875,-9206.8125,262835.525,170241.95,1.6375000000000002,-0.19999999999999996,0.5750000000000028,0.4375,-0.34999999999999964,1.3874999999999886,0.1625,0.11249999999999982,0.5750000000000002,-1.2125,-0.7625,0.0
-25877.449999999997,441747.6625,-52247.5625,424149.175,-4342.174999999988,71720.75,615413.6875,-8338.8125,253665.525,163425.95,-0.3624999999999998,-0.19999999999999996,0.5750000000000028,5.4375,-2.3499999999999996,-1.6125000000000114,0.1625,0.11249999999999982,-0.4249999999999998,4.7875,0.2375,2.0
-25430.449999999997,453076.6625,-52446.5625,418923.175,-8046.174999999988,73735.75,610159.6875,-7351.8125,246489.525,157806.95,1.6375000000000002,-1.2,-0.42499999999999716,-2.5625,0.6500000000000004,-3.6125000000000114,0.1625,-0.8875000000000002,-0.4249999999999998,6.7875,-5.7625,1.0
-99429.45,463615.6625,-52373.5625,417174.175,-13482.174999999988,71385.75,604100.6875,-6374.8125,240826.525,154383.95,2.6375,-3.2,0.5750000000000028,2.4375,0.6500000000000004,4.387499999999989,-0.8375,0.11249999999999982,0.5750000000000002,6.7875,0.2375,2.0
-17799.449999999997,475384.6625,-52215.5625,419185.175,-40458.17499999999,57857.75,610161.6875,-5533.8125,237953.525,156360.95,0.6375000000000002,-2.2,0.5750000000000028,1.4375,-1.3499999999999996,0.38749999999998863,0.1625,0.11249999999999982,0.5750000000000002,0.7875000000000001,-2.7625,-1.0
-22153.449999999997,501950.6625,-52954.5625,401426.175,-59322.17499999999,53092.75,652958.6875,-6593.8125,233988.525,151606.95,-0.3624999999999998,1.8,-1.4249999999999972,-1.5625,-2.3499999999999996,1.3874999999999886,0.1625,0.11249999999999982,-0.4249999999999998,-3.2125,-1.7625,-5.0
-23766.449999999997,497184.6625,-53171.5625,401395.175,-54967.17499999999,52835.75,655957.6875,-6895.8125,234578.525,152132.95,2.6375,-2.2,-3.424999999999997,5.4375,-3.3499999999999996,-2.6125000000000114,0.1625,0.11249999999999982,0.5750000000000002,12.7875,-0.7625,11.0
-28528.449999999997,475080.6625,-52745.5625,411557.175,-39579.17499999999,45230.75,641612.6875,-6516.8125,238136.525,152731.95,-2.3625,0.8,6.575000000000003,-4.5625,-3.3499999999999996,-3.6125000000000114,0.1625,0.11249999999999982,-0.4249999999999998,-7.2125,-0.7625,-1.0
-25166.449999999997,448337.6625,-52682.5625,420473.175,-14789.174999999988,42111.75,584350.6875,-5493.8125,243554.525,155399.95,0.6375000000000002,0.8,-1.4249999999999972,1.4375,-0.34999999999999964,-4.612500000000011,0.1625,-0.8875000000000002,0.5750000000000002,-0.2124999999999999,-0.7625,7.0
-20935.449999999997,443002.6625,-52003.5625,450427.175,-13695.174999999988,40392.75,571611.6875,-3298.8125,254281.525,162244.95,-1.3624999999999998,-1.2,3.575000000000003,-1.5625,1.6500000000000004,1.3874999999999886,-0.8375,0.11249999999999982,-0.4249999999999998,-3.2125,0.2375,0.0
-23097.449999999997,441944.6625,-51195.5625,440244.175,-27065.17499999999,41918.75,585399.6875,-3184.8125,252871.525,164216.95,-0.3624999999999998,-0.19999999999999996,-3.424999999999997,0.4375,-1.3499999999999996,1.3874999999999886,-0.8375,1.1124999999999998,0.5750000000000002,-0.2124999999999999,0.2375,-1.0
-27575.449999999997,460067.6625,-51212.5625,430507.175,-33075.17499999999,44563.75,607516.6875,-4336.8125,246733.525,156499.95,-0.3624999999999998,-1.2,2.575000000000003,2.4375,-0.34999999999999964,-0.6125000000000114,0.1625,0.11249999999999982,-0.4249999999999998,-0.2124999999999999,1.2375,0.0
-29476.449999999997,477317.6625,-51254.5625,427098.175,-29823.17499999999,47227.75,621057.6875,-5464.8125,242630.525,154624.95,-1.3624999999999998,-0.19999999999999996,-1.4249999999999972,-0.5625,-0.34999999999999964,-2.6125000000000114,-0.8375,0.11249999999999982,0.5750000000000002,-2.2125,0.2375,-1.0
-20846.449999999997,471389.6625,-50779.5625,433478.175,-26077.17499999999,50736.75,613112.6875,-4480.8125,240185.525,155962.95,0.6375000000000002,-2.2,-3.424999999999997,5.4375,-8.35,-5.612500000000011,1.1625,-0.8875000000000002,0.5750000000000002,59.7875,-1.7625,33.0
-18976.449999999997,477147.6625,-50909.5625,431039.175,-30205.17499999999,51553.75,607729.6875,-3874.8125,239255.525,153459.95,-25.3625,20.8,52.575,26.4375,0.6500000000000004,-15.612500000000011,-1.8375,0.11249999999999982,-3.425,-73.2125,7.2375,-66.0
-9885.449999999997,484576.6625,-48780.5625,432299.175,-73811.17499999999,29588.75,632392.6875,-2653.8125,251182.525,160017.95,14.6375,-3.2,-28.424999999999997,9.4375,-20.35,24.38749999999999,-0.8375,-0.8875000000000002,-0.4249999999999998,-0.2124999999999999,16.2375,24.0
-34774.45,535866.6625,-44178.5625,415541.175,-236808.175,-32612.25,762857.6875,-5436.8125,256265.525,152906.95,-12.3625,-5.2,42.575,-2.5625,-20.35,4.387499999999989,1.1625,1.1124999999999998,3.575,-53.2125,26.2375,-29.0
-63675.45,574038.6625,-48273.5625,316799.175,-118190.17499999999,-38054.25,902403.6875,-18556.8125,237783.525,72968.95000000001,-5.3625,4.8,10.575000000000003,-5.5625,0.6500000000000004,10.387499999999989,-0.8375,0.11249999999999982,-0.4249999999999998,21.7875,6.2375,12.0
-54323.45,626318.6625,-47671.5625,309992.175,-170621.175,-28316.25,899647.6875,-20613.8125,244345.525,85846.95000000001,-5.3625,6.8,10.575000000000003,-4.5625,8.65,4.387499999999989,0.1625,0.11249999999999982,-1.4249999999999998,-16.2125,1.2375,-22.0
-62271.45,621737.6625,-46735.5625,306704.175,-135872.175,-41144.25,821331.6875,-19233.8125,270036.525,75804.95000000001,0.6375000000000002,-12.2,-14.424999999999997,12.4375,0.6500000000000004,-11.612500000000011,0.1625,0.11249999999999982,0.5750000000000002,19.7875,-12.7625,11.0
-73715.45,562708.6625,-47212.5625,258092.175,-100105.17499999999,-58891.25,717053.6875,-16837.8125,288731.525,69525.95000000001,-7.3625,-6.2,-2.424999999999997,-15.5625,4.65,13.387499999999989,-0.8375,0.11249999999999982,-1.4249999999999998,-25.2125,-1.7625,-20.0
-92985.45,504127.6625,-48725.5625,290119.175,-61569.17499999999,-51163.25,606034.6875,-14618.8125,313633.525,77607.95000000001,3.6375,-3.2,-9.424999999999997,5.4375,2.6500000000000004,-3.6125000000000114,-0.8375,-0.8875000000000002,-0.4249999999999998,19.7875,-6.7625,6.0
-98942.45,483184.6625,-48418.5625,345146.175,-73293.17499999999,-54982.25,557422.6875,-19373.8125,352729.525,114274.95000000001,-0.3624999999999998,-2.2,1.5750000000000028,5.4375,3.6500000000000004,7.387499999999989,-0.8375,0.11249999999999982,-0.4249999999999998,-3.2125,-4.7625,-15.0
-94163.45,450362.6625,-49006.5625,342203.175,-6857.174999999988,-43326.25,532296.6875,-21767.8125,393230.525,151563.95,1.6375000000000002,2.8,-8.424999999999997,9.4375,-3.3499999999999996,-7.612500000000011,0.1625,-0.8875000000000002,-0.4249999999999998,6.7875,-3.7625,2.0
-97946.45,435481.6625,-48857.5625,401673.175,2129.8250000000116,-24082.25,544870.6875,-21250.8125,453315.525,155758.95,8.6375,-8.2,-10.424999999999997,8.4375,-5.35,-8.612500000000011,-0.8375,0.11249999999999982,-0.4249999999999998,-38.2125,-2.7625,15.0
-100008.45,443611.6625,-47270.5625,427487.175,6129.825000000012,-5836.25,560986.6875,-21049.8125,481658.525,171795.95,-6.3625,9.8,8.575000000000003,-4.5625,-1.3499999999999996,19.38749999999999,0.1625,-0.8875000000000002,0.5750000000000002,33.7875,15.2375,28.0
-111161.45,455423.6625,-45530.5625,474506.175,-10196.174999999988,-10037.25,597224.6875,-21180.8125,487127.525,163879.95,1.6375000000000002,-5.2,-11.424999999999997,3.4375,1.6500000000000004,-2.6125000000000114,0.1625,-0.8875000000000002,-1.4249999999999998,-3.2125,-5.7625,9.0
-128485.45,468798.6625,-48360.5625,461366.175,33173.82500000001,-9627.25,632182.6875,-21211.8125,479282.525,145607.95,3.6375,2.8,-6.424999999999997,1.4375,5.65,-17.61250000000001,0.1625,0.11249999999999982,-0.4249999999999998,0.7875000000000001,-1.7625,6.0
-108938.45,471445.6625,-49112.5625,496810.175,28202.82500000001,652.75,653626.6875,-20533.8125,475239.525,152805.95,-2.3625,-0.19999999999999996,8.575000000000003,4.4375,8.65,0.38749999999998863,0.1625,-0.8875000000000002,0.5750000000000002,-0.2124999999999999,-7.7625,2.0
-87228.45,455288.6625,-49098.5625,511550.175,37962.82500000001,17366.75,699443.6875,-19353.8125,440602.525,141065.95,3.6375,0.8,-3.424999999999997,20.4375,6.65,-11.612500000000011,0.1625,0.11249999999999982,-0.4249999999999998,0.7875000000000001,0.2375,2.0
-94280.45,443293.6625,-48840.5625,502341.175,30970.82500000001,17046.75,681367.6875,-20013.8125,429351.525,124718.95000000001,6.6375,-1.2,-6.424999999999997,-2.5625,0.6500000000000004,3.3874999999999886,0.1625,0.11249999999999982,0.5750000000000002,1.7875,1.2375,0.0
-94091.45,411611.6625,-48865.5625,490884.175,24438.82500000001,43482.75,627112.6875,-20664.8125,425906.525,114940.95000000001,0.6375000000000002,-1.2,6.575000000000003,11.4375,1.6500000000000004,-1.6125000000000114,0.1625,0.11249999999999982,-0.4249999999999998,2.7875,2.2375,0.0
-82639.45,404463.6625,-48641.5625,480349.175,15246.825000000012,74566.75,585204.6875,-20696.8125,421969.525,105709.95000000001,-2.3625,2.8,4.575000000000003,-9.5625,3.6500000000000004,3.3874999999999886,0.1625,0.11249999999999982,-0.4249999999999998,-6.2125,-1.7625,-11.0
-68976.45,414366.6625,-49449.5625,463800.175,-2181.1749999999884,56746.75,572241.6875,-20156.8125,413897.525,95228.95000000001,0.6375000000000002,-3.2,-1.4249999999999972,5.4375,-0.34999999999999964,2.3874999999999886,-0.8375,-0.8875000000000002,-0.4249999999999998,1.7875,-2.7625,-7.0
-95510.45,434536.6625,-50668.5625,423368.175,474.82500000001164,35820.75,570992.6875,-19804.8125,386430.525,75915.95000000001,2.6375,-3.2,-1.4249999999999972,2.4375,0.6500000000000004,3.3874999999999886,0.1625,-0.8875000000000002,-0.4249999999999998,0.7875000000000001,-1.7625,-1.0
-107122.45,446116.6625,-51482.5625,412282.175,10238.825000000012,34374.75,576972.6875,-20283.8125,385753.525,58014.95000000001,4.6375,-1.2,-8.424999999999997,4.4375,-4.35,-1.6125000000000114,0.1625,0.11249999999999982,0.5750000000000002,1.7875,0.2375,1.0
-102075.45,444266.6625,-51513.5625,413866.175,7860.825000000012,38564.75,561025.6875,-20318.8125,385775.525,55956.95000000001,-0.3624999999999998,1.8,-2.424999999999997,-0.5625,-10.35,1.3874999999999886,0.1625,0.11249999999999982,0.5750000000000002,-9.2125,-2.7625,-8.0
-87709.45,432296.6625,-51136.5625,426365.175,7874.825000000012,43198.75,559623.6875,-20041.8125,391883.525,62591.95000000001,-2.3625,-1.2,6.575000000000003,9.4375,-2.3499999999999996,-6.612500000000011,0.1625,-0.8875000000000002,0.5750000000000002,7.7875,-0.7625,8.0
-86471.45,431495.6625,-50731.5625,428394.175,7308.825000000012,34242.75,579498.6875,-19799.8125,399999.525,70285.95000000001,-1.3624999999999998,-3.2,1.5750000000000028,-2.5625,-4.35,5.387499999999989,0.1625,-0.8875000000000002,0.5750000000000002,-2.2125,0.2375,-4.0
-101040.45,448629.6625,-51039.5625,417935.175,12112.825000000012,8781.75,602268.6875,-19690.8125,398627.525,65437.95000000001,1.6375000000000002,-0.19999999999999996,-3.424999999999997,1.4375,-0.34999999999999964,0.38749999999998863,0.1625,0.11249999999999982,-0.4249999999999998,0.7875000000000001,-0.7625,2.0
-108049.45,446768.6625,-51154.5625,438992.175,16838.82500000001,4995.75,625768.6875,-19339.8125,401966.525,65912.95000000001,0.6375000000000002,-1.2,-0.42499999999999716,1.4375,-0.34999999999999964,-1.6125000000000114,-0.8375,0.11249999999999982,-0.4249999999999998,-1.2125,1.2375,-2.0
-98268.45,436820.6625,-50757.5625,449880.175,19052.82500000001,6052.75,623540.6875,-19521.8125,403140.525,67508.95000000001,-0.3624999999999998,0.8,-2.424999999999997,0.4375,-0.34999999999999964,-0.6125000000000114,-0.8375,0.11249999999999982,0.5750000000000002,-0.2124999999999999,0.2375,2.0
-95034.45,433436.6625,-50415.5625,455309.175,21269.82500000001,8104.75,613791.6875,-19232.8125,404381.525,69127.95000000001,-0.3624999999999998,-0.19999999999999996,-1.4249999999999972,-0.5625,0.6500000000000004,2.3874999999999886,-0.8375,0.11249999999999982,-0.4249999999999998,-1.2125,0.2375,-1.0
-94961.45,438714.6625,-50412.5625,447824.175,20766.82500000001,8745.75,618957.6875,-19155.8125,403492.525,67669.95000000001,-0.3624999999999998,-0.19999999999999996,0.5750000000000028,2.4375,-0.34999999999999964,-2.6125000000000114,0.1625,0.11249999999999982,-0.4249999999999998,-1.2125,0.2375,0.0
-97433.45,451755.6625,-50456.5625,437370.175,18585.82500000001,9872.75,615280.6875,-19186.8125,394072.525,65397.95000000001,-0.3624999999999998,-0.19999999999999996,1.5750000000000028,-0.5625,-0.34999999999999964,0.38749999999998863,0.1625,0.11249999999999982,0.5750000000000002,0.7875000000000001,0.2375,2.0
-97362.45,459710.6625,-50191.5625,432329.175,17091.82500000001,16517.75,609597.6875,-19631.8125,389746.525,64054.95000000001,-0.3624999999999998,0.8,0.5750000000000028,0.4375,-1.3499999999999996,-1.6125000000000114,0.1625,-0.8875000000000002,-0.4249999999999998,-1.2125,0.2375,0.0
-95326.45,462524.6625,-50014.5625,419579.175,14165.825000000012,18732.75,608449.6875,-19815.8125,387086.525,63882.95000000001,-0.3624999999999998,-0.19999999999999996,-0.42499999999999716,-0.5625,-2.3499999999999996,-1.6125000000000114,0.1625,0.11249999999999982,-0.4249999999999998,-0.2124999999999999,0.2375,1.0
-93443.45,464950.6625,-50107.5625,414747.175,10027.825000000012,20184.75,608003.6875,-19353.8125,385273.525,64187.95000000001,-0.3624999999999998,-0.19999999999999996,0.5750000000000028,0.4375,-1.3499999999999996,-0.6125000000000114,0.1625,0.11249999999999982,-0.4249999999999998,-0.2124999999999999,-0.7625,1.0
-92591.45,470077.6625,-50133.5625,409531.175,5164.825000000012,19434.75,612051.6875,-19021.8125,383897.525,64246.95000000001,-0.3624999999999998,0.8,1.5750000000000028,0.4375,-0.34999999999999964,0.38749999999998863,0.1625,0.11249999999999982,-0.4249999999999998,-0.2124999999999999,0.2375,0.0
-92347.45,475129.6625,-50103.5625,405512.175,1922.8250000000116,16477.75,622545.6875,-18963.8125,380807.525,63703.95000000001,-0.3624999999999998,-1.2,0.5750000000000028,0.4375,-1.3499999999999996,0.38749999999998863,-0.8375,0.11249999999999982,0.5750000000000002,-0.2124999999999999,0.2375,-1.0
-92276.45,480704.6625,-50157.5625,403571.175,-1462.1749999999884,13231.75,629783.6875,-18955.8125,380212.525,63456.95000000001,-0.3624999999999998,-0.19999999999999996,0.5750000000000028,0.4375,-1.3499999999999996,-0.6125000000000114,0.1625,0.11249999999999982,-0.4249999999999998,-0.2124999999999999,0.2375,0.0
-92036.45,481831.6625,-50267.5625,404858.175,-1942.1749999999884,10763.75,628357.6875,-18932.8125,380756.525,62978.95000000001,0.6375000000000002,-0.19999999999999996,1.5750000000000028,0.4375,-1.3499999999999996,0.38749999999998863,-1.8375,0.11249999999999982,0.5750000000000002,-1.2125,0.2375,-1.0
-91377.45,480716.6625,-50173.5625,407531.175,-2603.1749999999884,7852.75,626673.6875,-18877.8125,382617.525,62962.95000000001,0.6375000000000002,-0.19999999999999996,-1.4249999999999972,0.4375,-0.34999999999999964,0.38749999999998863,0.1625,0.11249999999999982,-0.4249999999999998,-0.2124999999999999,0.2375,0.0
-91342.45,480316.6625,-50070.5625,415219.175,-2438.1749999999884,6557.75,626590.6875,-18535.8125,384760.525,63336.95000000001,0.6375000000000002,-0.19999999999999996,-0.42499999999999716,0.4375,-0.34999999999999964,0.38749999999998863,0.1625,-0.8875000000000002,-0.4249999999999998,-1.2125,0.2375,1.0
-92906.45,480417.6625,-50219.5625,417478.175,-2239.1749999999884,5893.75,625853.6875,-18366.8125,386208.525,61358.95000000001,0.6375000000000002,-0.19999999999999996,-0.42499999999999716,0.4375,0.6500000000000004,0.38749999999998863,0.1625,-0.8875000000000002,0.5750000000000002,-0.2124999999999999,1.2375,0.0
-94144.45,476472.6625,-50350.5625,418518.175,-2710.1749999999884,4546.75,623561.6875,-18426.8125,385746.525,59726.95000000001,0.6375000000000002,-0.19999999999999996,-0.42499999999999716,1.4375,-0.34999999999999964,-0.6125000000000114,0.1625,0.11249999999999982,0.5750000000000002,-0.2124999999999999,0.2375,0.0
-90931.45,467241.6625,-50461.5625,422043.175,-895.1749999999884,3257.75,618592.6875,-17521.8125,386549.525,58545.95000000001,0.6375000000000002,-0.19999999999999996,1.5750000000000028,1.4375,-3.3499999999999996,-0.6125000000000114,0.1625,0.11249999999999982,0.5750000000000002,0.7875000000000001,0.2375,-1.0
-90104.45,459428.6625,-50692.5625,424652.175,380.82500000001164,2436.75,612683.6875,-17367.8125,387866.525,57567.95000000001,2.6375,-2.2,-2.424999999999997,2.4375,1.6500000000000004,-2.6125000000000114,0.1625,1.1124999999999998,0.5750000000000002,-0.2124999999999999,-0.7625,1.0
-90072.45,455200.6625,-50962.5625,425941.175,1941.8250000000116,1589.75,610205.6875,-17110.8125,389265.525,55813.95000000001,-0.3624999999999998,-3.2,0.5750000000000028,1.4375,-0.34999999999999964,2.3874999999999886,0.1625,0.11249999999999982,0.5750000000000002,-0.2124999999999999,0.2375,-1.0
-91117.45,453120.6625,-50574.5625,427594.175,3247.8250000000116,-1113.25,612278.6875,-17373.8125,389520.525,53216.95000000001,0.6375000000000002,-0.19999999999999996,1.5750000000000028,2.4375,-0.34999999999999964,-0.6125000000000114,0.1625,0.11249999999999982,-0.4249999999999998,0.7875000000000001,1.2375,1.0
-91314.45,452656.6625,-50465.5625,430341.175,4507.825000000012,-2000.25,614620.6875,-17352.8125,390517.525,51112.95000000001,0.6375000000000002,-0.19999999999999996,-0.42499999999999716,0.4375,-1.3499999999999996,0.38749999999998863,-0.8375,0.11249999999999982,-0.4249999999999998,0.7875000000000001,-1.7625,2.0
-92125.45,454278.6625,-50240.5625,430515.175,4842.825000000012,-2034.25,615601.6875,-17176.8125,390693.525,50399.95000000001,1.6375000000000002,0.8,0.5750000000000028,2.4375,-0.34999999999999964,-1.6125000000000114,-0.8375,-0.8875000000000002,-0.4249999999999998,0.7875000000000001,-1.7625,0.0
-92068.45,454863.6625,-50055.5625,430414.175,5920.825000000012,-1824.25,615897.6875,-17325.8125,390822.525,50556.95000000001,0.6375000000000002,-1.2,-0.42499999999999716,0.4375,-2.3499999999999996,1.3874999999999886,0.1625,0.11249999999999982,0.5750000000000002,0.7875000000000001,-0.7625,1.0
-91675.45,456495.6625,-50003.5625,427952.175,5587.825000000012,-1184.25,615468.6875,-17280.8125,389058.525,50121.95000000001,0.6375000000000002,-1.2,-0.42499999999999716,0.4375,-1.3499999999999996,-0.6125000000000114,0.1625,0.11249999999999982,0.5750000000000002,-0.2124999999999999,-0.7625,0.0
-92254.45,459202.6625,-49905.5625,424303.175,5751.825000000012,-209.25,615267.6875,-17394.8125,387700.525,50162.95000000001,0.6375000000000002,-1.2,-0.42499999999999716,0.4375,-0.34999999999999964,-1.6125000000000114,0.1625,0.11249999999999982,-0.4249999999999998,-0.2124999999999999,-0.7625,0.0
-92527.45,463381.6625,-49881.5625,420997.175,5720.825000000012,773.75,614420.6875,-17328.8125,386999.525,50362.95000000001,0.6375000000000002,-1.2,0.5750000000000028,1.4375,-1.3499999999999996,0.38749999999998863,0.1625,-0.8875000000000002,-0.4249999999999998,0.7875000000000001,1.2375,1.0
-93185.45,467797.6625,-49708.5625,418476.175,5585.825000000012,2028.75,614655.6875,-17336.8125,386430.525,50766.95000000001,0.6375000000000002,-1.2,0.5750000000000028,0.4375,-1.3499999999999996,1.3874999999999886,0.1625,0.11249999999999982,0.5750000000000002,0.7875000000000001,0.2375,0.0
-93656.45,471297.6625,-49526.5625,417092.175,5553.825000000012,2303.75,617421.6875,-17289.8125,386142.525,50856.95000000001,0.6375000000000002,-0.19999999999999996,-0.42499999999999716,0.4375,-1.3499999999999996,1.3874999999999886,0.1625,0.11249999999999982,-0.4249999999999998,-0.2124999999999999,-0.7625,0.0
-93875.45,472927.6625,-49573.5625,417017.175,4970.825000000012,2349.75,617554.6875,-17238.8125,385618.525,50927.95000000001,-0.3624999999999998,0.8,1.5750000000000028,0.4375,-0.34999999999999964,0.38749999999998863,-0.8375,0.11249999999999982,0.5750000000000002,-1.2125,-0.7625,0.0
-94205.45,473732.6625,-49430.5625,416673.175,4496.825000000012,1970.75,617275.6875,-17189.8125,385555.525,51010.95000000001,0.6375000000000002,0.8,-0.42499999999999716,-0.5625,0.6500000000000004,-0.6125000000000114,0.1625,-0.8875000000000002,0.5750000000000002,4.7875,-0.7625,4.0
-93815.45,472398.6625,-49488.5625,416932.175,4159.825000000012,1730.75,616701.6875,-17072.8125,385709.525,50969.95000000001,0.6375000000000002,1.8,3.575000000000003,-0.5625,0.6500000000000004,-2.6125000000000114,0.1625,0.11249999999999982,0.5750000000000002,-2.2125,1.2375,-2.0
-93162.45,467581.6625,-49483.5625,417706.175,4176.825000000012,1646.75,615861.6875,-16261.8125,386454.525,50892.95000000001,-0.3624999999999998,1.8,0.5750000000000028,0.4375,0.6500000000000004,-2.6125000000000114,0.1625,0.11249999999999982,0.5750000000000002,-1.2125,1.2375,-1.0
-92635.45,466185.6625,-49242.5625,418330.175,3659.8250000000116,1086.75,614292.6875,-16165.8125,385750.525,50855.95000000001,0.6375000000000002,2.8,1.5750000000000028,-0.5625,-2.3499999999999996,-0.6125000000000114,-0.8375,0.11249999999999982,-0.4249999999999998,-0.2124999999999999,-0.7625,-1.0
-92599.45,465307.6625,-49247.5625,420735.175,3903.8250000000116,650.75,613975.6875,-16159.8125,385829.525,50159.95000000001,-1.3624999999999998,-0.19999999999999996,0.5750000000000028,-0.5625,-1.3499999999999996,-0.6125000000000114,0.1625,0.11249999999999982,-0.4249999999999998,-0.2124999999999999,-0.7625,0.0
-92693.45,465902.6625,-49321.5625,419927.175,4055.8250000000116,552.75,614587.6875,-16125.8125,385713.525,50319.95000000001,-0.3624999999999998,-4.2,0.5750000000000028,-0.5625,-1.3499999999999996,-0.6125000000000114,0.1625,-0.8875000000000002,0.5750000000000002,-0.2124999999999999,-1.7625,-1.0
-92820.45,467781.6625,-49239.5625,419001.175,4069.8250000000116,926.75,616815.6875,-16240.8125,384990.525,50035.95000000001,0.6375000000000002,-0.19999999999999996,-0.42499999999999716,0.4375,-0.34999999999999964,0.38749999999998863,0.1625,0.11249999999999982,-0.4249999999999998,-1.2125,-0.7625,-1.0
-92831.45,468844.6625,-49304.5625,417533.175,4270.825000000012,1370.75,617589.6875,-16300.8125,383827.525,50473.95000000001,1.6375000000000002,-0.19999999999999996,-0.42499999999999716,0.4375,-1.3499999999999996,-1.6125000000000114,0.1625,-0.8875000000000002,0.5750000000000002,-0.2124999999999999,-0.7625,-1.0
-92182.45,468851.6625,-49358.5625,416295.175,4372.825000000012,1870.75,618238.6875,-16220.8125,383729.525,50274.95000000001,-0.3624999999999998,-1.2,3.575000000000003,0.4375,-2.3499999999999996,0.38749999999998863,0.1625,0.11249999999999982,-0.4249999999999998,0.7875000000000001,0.2375,1.0
-91920.45,465915.6625,-49669.5625,417888.175,3417.8250000000116,1687.75,618554.6875,-16282.8125,383992.525,50227.95000000001,0.6375000000000002,-0.19999999999999996,0.5750000000000028,0.4375,-0.34999999999999964,-0.6125000000000114,0.1625,0.11249999999999982,-0.4249999999999998,1.7875,0.2375,3.0
-92704.45,463142.6625,-49492.5625,421251.175,3001.8250000000116,769.75,613215.6875,-16351.8125,385129.525,49790.95000000001,0.6375000000000002,-2.2,0.5750000000000028,1.4375,-1.3499999999999996,2.3874999999999886,-0.8375,0.11249999999999982,-0.4249999999999998,-0.2124999999999999,1.2375,2.0
-93176.45,462186.6625,-49504.5625,423390.175,3167.8250000000116,168.75,611412.6875,-16349.8125,385846.525,49567.95000000001,1.6375000000000002,-0.19999999999999996,0.5750000000000028,0.4375,-1.3499999999999996,-0.6125000000000114,-0.8375,0.11249999999999982,-0.4249999999999998,-0.2124999999999999,0.2375,1.0
-93560.45,462060.6625,-49536.5625,425473.175,3887.8250000000116,-174.25,611745.6875,-16539.8125,386076.525,49659.95000000001,1.6375000000000002,0.8,2.575000000000003,1.4375,-1.3499999999999996,-0.6125000000000114,0.1625,-0.8875000000000002,0.5750000000000002,0.7875000000000001,0.2375,0.0
-93481.45,461970.6625,-49574.5625,425943.175,3801.8250000000116,-80.25,612570.6875,-16510.8125,386046.525,49219.95000000001,1.6375000000000002,-0.19999999999999996,0.5750000000000028,0.4375,-1.3499999999999996,1.3874999999999886,0.1625,0.11249999999999982,-0.4249999999999998,0.7875000000000001,0.2375,1.0
-92706.45,461591.6625,-49488.5625,425150.175,3980.8250000000116,157.75,613522.6875,-16143.8125,385721.525,49423.95000000001,0.6375000000000002,-0.19999999999999996,1.5750000000000028,0.4375,-1.3499999999999996,-1.6125000000000114,0.1625,-0.8875000000000002,0.5750000000000002,1.7875,0.2375,-1.0
-92550.45,461847.6625,-49448.5625,422464.175,3639.8250000000116,589.75,615425.6875,-16314.8125,384809.525,49342.95000000001,2.6375,5.8,1.5750000000000028,0.4375,1.6500000000000004,-4.612500000000011,0.1625,0.11249999999999982,1.5750000000000002,1.7875,-1.7625,0.0
-92361.45,462695.6625,-49475.5625,421372.175,3963.8250000000116,1162.75,616382.6875,-16273.8125,384397.525,49282.95000000001,1.6375000000000002,4.8,10.575000000000003,-1.5625,-7.35,-0.6125000000000114,-0.8375,-0.8875000000000002,1.5750000000000002,0.7875000000000001,3.2375,-1.0
-92151.45,463493.6625,-49256.5625,420900.175,4459.825000000012,1308.75,616812.6875,-15966.8125,383928.525,49335.95000000001,0.6375000000000002,0.8,4.575000000000003,3.4375,-4.35,14.387499999999989,0.1625,-0.8875000000000002,-0.4249999999999998,-3.2125,2.2375,1.0
-92323.45,465739.6625,-49309.5625,420547.175,4121.825000000012,1322.75,616369.6875,-15564.8125,383937.525,49567.95000000001,6.6375,12.8,2.575000000000003,0.4375,1.6500000000000004,4.387499999999989,-0.8375,-0.8875000000000002,0.5750000000000002,-0.2124999999999999,-1.7625,2.0
-92819.45,466938.6625,-49208.5625,420804.175,3781.8250000000116,1075.75,616641.6875,-15705.8125,384045.525,49518.95000000001,-2.3625,-3.2,-1.4249999999999972,-0.5625,2.6500000000000004,-1.6125000000000114,0.1625,0.11249999999999982,-0.4249999999999998,-0.2124999999999999,-2.7625,0.0
-93065.45,466338.6625,-49269.5625,420843.175,2685.8250000000116,968.75,615913.6875,-15590.8125,383823.525,49262.95000000001,-1.3624999999999998,-0.19999999999999996,1.5750000000000028,-0.5625,-3.3499999999999996,3.3874999999999886,0.1625,0.11249999999999982,0.5750000000000002,-0.2124999999999999,-0.7625,1.0
-92493.45,465328.6625,-49300.5625,420360.175,2644.8250000000116,973.75,615148.6875,-15434.8125,383053.525,49318.95000000001,-0.3624999999999998,-3.2,-1.4249999999999972,0.4375,-1.3499999999999996,2.3874999999999886,-0.8375,0.11249999999999982,0.5750000000000002,-0.2124999999999999,2.2375,1.0
-92187.45,465143.6625,-49174.5625,419761.175,2794.8250000000116,985.75,615715.6875,-15531.8125,382560.525,49215.95000000001,0.6375000000000002,-1.2,-4.424999999999997,-1.5625,1.6500000000000004,-4.612500000000011,-0.8375,-0.8875000000000002,0.5750000000000002,-0.2124999999999999,-1.7625,-1.0
-92424.45,466220.6625,-49203.5625,419765.175,2861.8250000000116,1110.75,616782.6875,-15414.8125,382300.525,49122.95000000001,-2.3625,-5.2,1.5750000000000028,-0.5625,-1.3499999999999996,0.38749999999998863,-0.8375,0.11249999999999982,0.5750000000000002,-0.2124999999999999,0.2375,1.0
-92689.45,467669.6625,-49157.5625,419893.175,2772.8250000000116,1081.75,616933.6875,-15425.8125,382346.525,49378.95000000001,-1.3624999999999998,-3.2,-0.42499999999999716,0.4375,-2.3499999999999996,1.3874999999999886,-0.8375,0.11249999999999982,-0.4249999999999998,-1.2125,-0.7625,1.0
-93021.45,468855.6625,-49014.5625,419993.175,3117.8250000000116,1112.75,616659.6875,-15458.8125,382316.525,49281.95000000001,0.6375000000000002,-1.2,-1.4249999999999972,-0.5625,0.6500000000000004,-1.6125000000000114,-0.8375,0.11249999999999982,-0.4249999999999998,-1.2125,0.2375,1.0
-93310.45,470029.6625,-49001.5625,419521.175,3280.8250000000116,1300.75,617483.6875,-15458.8125,381832.525,49270.95000000001,0.6375000000000002,-0.19999999999999996,1.5750000000000028,0.4375,0.6500000000000004,-0.6125000000000114,-0.8375,-0.8875000000000002,-0.4249999999999998,-0.2124999999999999,0.2375,0.0
-93441.45,470875.6625,-49035.5625,418545.175,2889.8250000000116,1591.75,616373.6875,-15438.8125,381398.525,49289.95000000001,-1.3624999999999998,-0.19999999999999996,2.575000000000003,0.4375,-1.3499999999999996,1.3874999999999886,0.1625,0.11249999999999982,-0.4249999999999998,-0.2124999999999999,0.2375,1.0
-92939.45,470567.6625,-49205.5625,416436.175,3137.8250000000116,1838.75,615813.6875,-15533.8125,381386.525,49598.95000000001,0.6375000000000002,-1.2,1.5750000000000028,0.4375,-0.34999999999999964,1.3874999999999886,0.1625,0.11249999999999982,-0.4249999999999998,-0.2124999999999999,0.2375,0.0
-92007.45,468565.6625,-49256.5625,416574.175,3053.8250000000116,1764.75,616258.6875,-15655.8125,381441.525,49106.95000000001,0.6375000000000002,-0.19999999999999996,-0.42499999999999716,0.4375,-1.3499999999999996,-0.6125000000000114,-0.8375,0.11249999999999982,-0.4249999999999998,0.7875000000000001,0.2375,2.0
-92034.45,467176.6625,-49449.5625,417095.175,2803.8250000000116,1448.75,617226.6875,-15561.8125,382083.525,49688.95000000001,-0.3624999999999998,-0.19999999999999996,0.5750000000000028,-0.5625,-2.3499999999999996,-0.6125000000000114,0.1625,0.11249999999999982,-0.4249999999999998,-0.2124999999999999,-0.7625,1.0
-92007.45,465484.6625,-49528.5625,417978.175,2651.8250000000116,1226.75,616598.6875,-15330.8125,382738.525,50053.95000000001,0.6375000000000002,-1.2,0.5750000000000028,0.4375,-1.3499999999999996,-1.6125000000000114,0.1625,0.11249999999999982,-0.4249999999999998,0.7875000000000001,0.2375,2.0
-92085.45,464016.6625,-49554.5625,419485.175,2480.8250000000116,894.75,615912.6875,-15366.8125,383389.525,49579.95000000001,0.6375000000000002,-1.2,0.5750000000000028,1.4375,-1.3499999999999996,-1.6125000000000114,0.1625,0.11249999999999982,-0.4249999999999998,-0.2124999999999999,-0.7625,0.0
-92135.45,463055.6625,-49574.5625,421214.175,2589.8250000000116,639.75,616052.6875,-15511.8125,383816.525,49359.95000000001,0.6375000000000002,-0.19999999999999996,-1.4249999999999972,0.4375,-1.3499999999999996,0.38749999999998863,0.1625,-0.8875000000000002,0.5750000000000002,0.7875000000000001,0.2375,0.0
-92309.45,462494.6625,-49703.5625,422735.175,2370.8250000000116,238.75,614420.6875,-15558.8125,383875.525,49213.95000000001,0.6375000000000002,-0.19999999999999996,0.5750000000000028,2.4375,-0.34999999999999964,0.38749999999998863,0.1625,0.11249999999999982,0.5750000000000002,0.7875000000000001,0.2375,0.0
-96028.45,462285.6625,-49609.5625,423022.175,2656.8250000000116,170.75,614285.6875,-15493.8125,383903.525,48951.95000000001,0.6375000000000002,-0.19999999999999996,0.5750000000000028,1.4375,-0.34999999999999964,0.38749999999998863,0.1625,0.11249999999999982,-0.4249999999999998,-1.2125,-0.7625,1.0
-92422.45,463277.6625,-49544.5625,422471.175,2527.8250000000116,225.75,615056.6875,-15659.8125,383276.525,48696.95000000001,0.6375000000000002,-0.19999999999999996,1.5750000000000028,1.4375,-1.3499999999999996,-0.6125000000000114,0.1625,0.11249999999999982,0.5750000000000002,-0.2124999999999999,0.2375,1.0
-92401.45,463645.6625,-49354.5625,421531.175,3006.8250000000116,678.75,615165.6875,-15685.8125,382747.525,48356.95000000001,0.6375000000000002,-1.2,-1.4249999999999972,1.4375,-1.3499999999999996,-0.6125000000000114,0.1625,0.11249999999999982,-0.4249999999999998,-0.2124999999999999,-0.7625,0.0
-92820.45,465939.6625,-49412.5625,421050.175,2869.8250000000116,1003.75,615799.6875,-15684.8125,382242.525,48495.95000000001,1.6375000000000002,-0.19999999999999996,-0.42499999999999716,0.4375,-0.34999999999999964,-0.6125000000000114,0.1625,0.11249999999999982,0.5750000000000002,-0.2124999999999999,-0.7625,1.0
-92909.45,466897.6625,-49212.5625,421042.175,2842.8250000000116,1170.75,616786.6875,-15757.8125,382102.525,48673.95000000001,0.6375000000000002,-0.19999999999999996,-0.42499999999999716,1.4375,-1.3499999999999996,0.38749999999998863,-0.8375,-0.8875000000000002,-0.4249999999999998,0.7875000000000001,-0.7625,0.0
-93080.45,466940.6625,-49155.5625,421135.175,2937.8250000000116,1267.75,616276.6875,-15740.8125,382250.525,48621.95000000001,0.6375000000000002,0.8,0.5750000000000028,1.4375,-0.34999999999999964,0.38749999999998863,0.1625,1.1124999999999998,0.5750000000000002,-0.2124999999999999,1.2375,0.0
-93402.45,466979.6625,-49114.5625,421466.175,3000.8250000000116,1252.75,615010.6875,-15567.8125,382297.525,48576.95000000001,0.6375000000000002,-0.19999999999999996,-0.42499999999999716,0.4375,-0.34999999999999964,0.38749999999998863,0.1625,0.11249999999999982,0.5750000000000002,-0.2124999999999999,0.2375,1.0
-93384.45,466601.6625,-49122.5625,421606.175,2927.8250000000116,981.75,614078.6875,-15691.8125,382301.525,48477.95000000001,-0.3624999999999998,-1.2,-1.4249999999999972,0.4375,-0.34999999999999964,0.38749999999998863,0.1625,0.11249999999999982,-0.4249999999999998,-0.2124999999999999,0.2375,1.0
-92903.45,465259.6625,-49231.5625,421834.175,2355.8250000000116,690.75,613506.6875,-15760.8125,382206.525,48262.95000000001,0.6375000000000002,-0.19999999999999996,0.5750000000000028,0.4375,-0.34999999999999964,0.38749999999998863,0.1625,0.11249999999999982,-0.4249999999999998,-0.2124999999999999,0.2375,1.0
-92696.45,464675.6625,-49202.5625,421818.175,2424.8250000000116,589.75,613510.6875,-15676.8125,382145.525,47986.95000000001,0.6375000000000002,-0.19999999999999996,0.5750000000000028,-0.5625,-1.3499999999999996,0.38749999999998863,0.1625,0.11249999999999982,0.5750000000000002,-1.2125,-0.7625,-1.0
-93030.45,465491.6625,-49377.5625,421673.175,2830.8250000000116,448.75,614435.6875,-15661.8125,382186.525,47928.95000000001,0.6375000000000002,-0.19999999999999996,-0.42499999999999716,-0.5625,-1.3499999999999996,0.38749999999998863,-0.8375,0.11249999999999982,0.5750000000000002,-0.2124999999999999,0.2375,0.0
-93092.45,466266.6625,-49356.5625,421316.175,2900.8250000000116,516.75,615648.6875,-15462.8125,381968.525,48180.95000000001,-0.3624999999999998,-0.19999999999999996,0.5750000000000028,-0.5625,-1.3499999999999996,-0.6125000000000114,0.1625,0.11249999999999982,-0.4249999999999998,-1.2125,0.2375,-1.0
-92682.45,467073.6625,-49182.5625,420597.175,3177.8250000000116,1127.75,616129.6875,-15562.8125,381189.525,48309.95000000001,0.6375000000000002,-0.19999999999999996,0.5750000000000028,-0.5625,-0.34999999999999964,-0.6125000000000114,-0.8375,0.11249999999999982,-0.4249999999999998,-0.2124999999999999,-0.7625,0.0
-92630.45,468848.6625,-49052.5625,418728.175,3234.8250000000116,1545.75,616653.6875,-15422.8125,381004.525,48466.95000000001,-0.3624999999999998,-0.19999999999999996,1.5750000000000028,0.4375,-1.3499999999999996,-0.6125000000000114,0.1625,0.11249999999999982,0.5750000000000002,-1.2125,0.2375,-1.0
-92402.45,469486.6625,-49212.5625,417405.175,3200.8250000000116,1842.75,617899.6875,-15510.8125,380777.525,48375.95000000001,-0.3624999999999998,-1.2,0.5750000000000028,0.4375,-0.34999999999999964,-0.6125000000000114,-0.8375,-0.8875000000000002,0.5750000000000002,-0.2124999999999999,-0.7625,0.0
-92274.45,469474.6625,-49467.5625,416617.175,3048.8250000000116,1906.75,617643.6875,-15671.8125,380563.525,48183.95000000001,0.6375000000000002,-0.19999999999999996,-0.42499999999999716,0.4375,-0.34999999999999964,0.38749999999998863,0.1625,0.11249999999999982,-0.4249999999999998,-0.2124999999999999,-0.7625,1.0
-92061.45,469221.6625,-49539.5625,416298.175,2763.8250000000116,1833.75,617774.6875,-15550.8125,380545.525,48189.95000000001,-0.3624999999999998,-0.19999999999999996,-0.42499999999999716,1.4375,-1.3499999999999996,0.38749999999998863,-0.8375,-0.8875000000000002,0.5750000000000002,-0.2124999999999999,-0.7625,0.0
-92116.45,468430.6625,-49499.5625,416739.175,2796.8250000000116,1823.75,617878.6875,-15513.8125,380923.525,48436.95000000001,0.6375000000000002,-2.2,1.5750000000000028,0.4375,-1.3499999999999996,-0.6125000000000114,0.1625,-0.8875000000000002,0.5750000000000002,-0.2124999999999999,0.2375,0.0
-92439.45,467579.6625,-49379.5625,417830.175,2640.8250000000116,1519.75,617033.6875,-15503.8125,382236.525,48804.95000000001,0.6375000000000002,-0.19999999999999996,0.5750000000000028,0.4375,-0.34999999999999964,-1.6125000000000114,0.1625,0.11249999999999982,0.5750000000000002,-0.2124999999999999,-0.7625,-1.0
-92924.45,466893.6625,-49314.5625,419172.175,2564.8250000000116,784.75,616644.6875,-15563.8125,382265.525,48600.95000000001,0.6375000000000002,-0.19999999999999996,0.5750000000000028,0.4375,-1.3499999999999996,-0.6125000000000114,-0.8375,0.11249999999999982,-0.4249999999999998,-0.2124999999999999,-0.7625,-1.0
-92961.45,465863.6625,-49334.5625,421185.175,2459.8250000000116,537.75,615658.6875,-15693.8125,382322.525,48388.95000000001,-0.3624999999999998,-0.19999999999999996,0.5750000000000028,0.4375,-1.3499999999999996,-0.6125000000000114,0.1625,0.11249999999999982,0.5750000000000002,-0.2124999999999999,0.2375,-1.0
-92519.45,464674.6625,-49367.5625,421725.175,2503.8250000000116,405.75,614370.6875,-15718.8125,382324.525,48370.95000000001,0.6375000000000002,-0.19999999999999996,1.5750000000000028,0.4375,-1.3499999999999996,-0.6125000000000114,0.1625,0.11249999999999982,0.5750000000000002,-0.2124999999999999,0.2375,0.0
-92324.45,463948.6625,-49362.5625,421940.175,2525.8250000000116,367.75,613850.6875,-15602.8125,382182.525,48263.95000000001,-0.3624999999999998,-0.19999999999999996,1.5750000000000028,0.4375,-1.3499999999999996,1.3874999999999886,-0.8375,0.11249999999999982,0.5750000000000002,0.7875000000000001,0.2375,0.0
-92473.45,464530.6625,-49361.5625,421921.175,2647.8250000000116,445.75,614447.6875,-15618.8125,381902.525,48032.95000000001,0.6375000000000002,-0.19999999999999996,-1.4249999999999972,1.4375,-0.34999999999999964,0.38749999999998863,0.1625,0.11249999999999982,-0.4249999999999998,-0.2124999999999999,0.2375,0.0
-92769.45,465121.6625,-49216.5625,422060.175,2679.8250000000116,672.75,614649.6875,-15779.8125,381726.525,47938.95000000001,0.6375000000000002,-0.19999999999999996,0.5750000000000028,0.4375,-0.34999999999999964,0.38749999999998863,0.1625,0.11249999999999982,-0.4249999999999998,-0.2124999999999999,0.2375,-1.0
-92935.45,466026.6625,-49195.5625,422023.175,2826.8250000000116,984.75,615268.6875,-15610.8125,381388.525,47872.95000000001,0.6375000000000002,-0.19999999999999996,-0.42499999999999716,1.4375,-0.34999999999999964,-0.6125000000000114,0.1625,0.11249999999999982,-0.4249999999999998,-0.2124999999999999,-1.7625,-1.0
-93024.45,467057.6625,-49159.5625,421378.175,2890.8250000000116,1096.75,615418.6875,-15672.8125,381068.525,48207.95000000001,0.6375000000000002,-0.19999999999999996,1.5750000000000028,0.4375,-1.3499999999999996,-0.6125000000000114,0.1625,0.11249999999999982,-0.4249999999999998,-0.2124999999999999,-0.7625,-1.0
-93196.45,467564.6625,-49063.5625,420613.175,2687.8250000000116,1251.75,615359.6875,-15628.8125,380854.525,48040.95000000001,0.6375000000000002,-0.19999999999999996,-1.4249999999999972,0.4375,-0.34999999999999964,-0.6125000000000114,0.1625,1.1124999999999998,0.5750000000000002,-0.2124999999999999,0.2375,1.0
-93097.45,467332.6625,-49115.5625,420608.175,2801.8250000000116,1327.75,615206.6875,-15704.8125,380633.525,47827.95000000001,0.6375000000000002,-0.19999999999999996,0.5750000000000028,-0.5625,-0.34999999999999964,-0.6125000000000114,0.1625,0.11249999999999982,0.5750000000000002,-0.2124999999999999,0.2375,0.0
-92862.45,466727.6625,-49325.5625,420596.175,2812.8250000000116,1050.75,614730.6875,-15610.8125,380874.525,47719.95000000001,0.6375000000000002,-0.19999999999999996,-0.42499999999999716,0.4375,-0.34999999999999964,0.38749999999998863,0.1625,0.11249999999999982,-1.4249999999999998,0.7875000000000001,-0.7625,1.0
-93049.45,466473.6625,-49183.5625,420970.175,2583.8250000000116,925.75,614547.6875,-15638.8125,381112.525,47700.95000000001,-0.3624999999999998,-0.19999999999999996,-1.4249999999999972,0.4375,-0.34999999999999964,0.38749999999998863,-0.8375,-0.8875000000000002,0.5750000000000002,-0.2124999999999999,0.2375,0.0
-93036.45,465762.6625,-49304.5625,421703.175,2287.8250000000116,672.75,614064.6875,-15672.8125,381473.525,48007.95000000001,0.6375000000000002,-0.19999999999999996,-0.42499999999999716,0.4375,-1.3499999999999996,0.38749999999998863,0.1625,0.11249999999999982,-0.4249999999999998,-1.2125,-0.7625,-1.0
-93066.45,465268.6625,-49213.5625,421940.175,2224.8250000000116,542.75,613363.6875,-15622.8125,381325.525,47916.95000000001,0.6375000000000002,-0.19999999999999996,0.5750000000000028,0.4375,-0.34999999999999964,0.38749999999998863,0.1625,0.11249999999999982,-0.4249999999999998,-0.2124999999999999,0.2375,0.0
-93026.45,465125.6625,-49180.5625,421923.175,2283.8250000000116,492.75,612710.6875,-15666.8125,381013.525,47573.95000000001,0.6375000000000002,-0.19999999999999996,1.5750000000000028,-0.5625,-0.34999999999999964,0.38749999999998863,0.1625,0.11249999999999982,-0.4249999999999998,-0.2124999999999999,-0.7625,0.0
-92915.45,466030.6625,-49189.5625,421132.175,2624.8250000000116,798.75,612420.6875,-15622.8125,380657.525,46945.95000000001,1.6375000000000002,0.8,0.5750000000000028,0.4375,-2.3499999999999996,-0.6125000000000114,0.1625,0.11249999999999982,-0.4249999999999998,0.7875000000000001,-0.7625,-1.0
-92879.45,466685.6625,-49150.5625,420364.175,2433.8250000000116,943.75,614200.6875,-15635.8125,379673.525,47072.95000000001,0.6375000000000002,-0.19999999999999996,-0.42499999999999716,-0.5625,-1.3499999999999996,-0.6125000000000114,0.1625,-0.8875000000000002,0.5750000000000002,-0.2124999999999999,-0.7625,0.0
-92886.45,467673.6625,-49222.5625,419507.175,2713.8250000000116,1119.75,614894.6875,-15658.8125,379275.525,47536.95000000001,-1.3624999999999998,-0.19999999999999996,-1.4249999999999972,0.4375,-1.3499999999999996,-0.6125000000000114,0.1625,0.11249999999999982,0.5750000000000002,-0.2124999999999999,1.2375,0.0
-92793.45,469029.6625,-49070.5625,418795.175,2879.8250000000116,1365.75,615422.6875,-15618.8125,379079.525,47405.95000000001,0.6375000000000002,-0.19999999999999996,-0.42499999999999716,0.4375,-1.3499999999999996,0.38749999999998863,0.1625,0.11249999999999982,-0.4249999999999998,-1.2125,-0.7625,-1.0
-92629.45,469464.6625,-49044.5625,418076.175,2787.8250000000116,1570.75,617345.6875,-15418.8125,378919.525,47645.95000000001,-0.3624999999999998,-0.19999999999999996,-0.42499999999999716,0.4375,-0.34999999999999964,0.38749999999998863,0.1625,0.11249999999999982,-0.4249999999999998,-1.2125,-0.7625,1.0
-92464.45,469716.6625,-49083.5625,417538.175,3017.8250000000116,1643.75,617348.6875,-15552.8125,378753.525,47767.95000000001,-0.3624999999999998,-0.19999999999999996,-0.42499999999999716,0.4375,-0.34999999999999964,1.3874999999999886,0.1625,0.11249999999999982,-0.4249999999999998,-0.2124999999999999,0.2375,0.0
-92450.45,469077.6625,-49404.5625,417117.175,2897.8250000000116,1661.75,616358.6875,-15597.8125,378650.525,47745.95000000001,0.6375000000000002,-0.19999999999999996,-0.42499999999999716,0.4375,-1.3499999999999996,-0.6125000000000114,-0.8375,0.11249999999999982,-0.4249999999999998,-0.2124999999999999,0.2375,1.0
-92439.45,466755.6625,-49410.5625,418349.175,2627.8250000000116,1164.75,614892.6875,-15737.8125,379686.525,47584.95000000001,-0.3624999999999998,-0.19999999999999996,0.5750000000000028,0.4375,-1.3499999999999996,-0.6125000000000114,0.1625,0.11249999999999982,-0.4249999999999998,-0.2124999999999999,0.2375,0.0
-92454.45,465808.6625,-49300.5625,418961.175,2470.8250000000116,693.75,615328.6875,-15590.8125,380258.525,47854.95000000001,-0.3624999999999998,-0.19999999999999996,-1.4249999999999972,0.4375,-1.3499999999999996,-0.6125000000000114,0.1625,0.11249999999999982,0.5750000000000002,-0.2124999999999999,-0.7625,0.0
-92387.45,464898.6625,-49612.5625,419469.175,2377.8250000000116,535.75,615039.6875,-15390.8125,380426.525,47881.95000000001,0.6375000000000002,-0.19999999999999996,-1.4249999999999972,0.4375,-0.34999999999999964,-1.6125000000000114,0.1625,0.11249999999999982,0.5750000000000002,-0.2124999999999999,-0.7625,0.0
-92263.45,463893.6625,-49572.5625,420000.175,2022.8250000000116,490.75,614506.6875,-15389.8125,380287.525,47645.95000000001,0.6375000000000002,-0.19999999999999996,0.5750000000000028,0.4375,-0.34999999999999964,-0.6125000000000114,0.1625,-0.8875000000000002,-0.4249999999999998,-0.2124999999999999,0.2375,0.0
-92061.45,463683.6625,-49475.5625,420164.175,2105.8250000000116,752.75,614313.6875,-15642.8125,380056.525,47526.95000000001,0.6375000000000002,-0.19999999999999996,0.5750000000000028,0.4375,-1.3499999999999996,1.3874999999999886,-0.8375,-0.8875000000000002,0.5750000000000002,-0.2124999999999999,0.2375,-1.0
-92349.45,464496.6625,-49469.5625,419980.175,2338.8250000000116,544.75,615070.6875,-15631.8125,379819.525,47607.95000000001,-0.3624999999999998,-1.2,0.5750000000000028,0.4375,-0.34999999999999964,0.38749999999998863,0.1625,0.11249999999999982,-0.4249999999999998,-0.2124999999999999,-0.7625,0.0
-92403.45,465783.6625,-49508.5625,419620.175,1917.8250000000116,803.75,615028.6875,-15741.8125,379344.525,47692.95000000001,-0.3624999999999998,-0.19999999999999996,0.5750000000000028,1.4375,-1.3499999999999996,0.38749999999998863,0.1625,0.11249999999999982,-0.4249999999999998,-0.2124999999999999,0.2375,-1.0
-92688.45,466549.6625,-49405.5625,419570.175,2509.8250000000116,1301.75,614707.6875,-15523.8125,379512.525,47626.95000000001,0.6375000000000002,-0.19999999999999996,-0.42499999999999716,0.4375,-1.3499999999999996,0.38749999999998863,0.1625,0.11249999999999982,0.5750000000000002,-0.2124999999999999,0.2375,0.0
-93073.45,466795.6625,-49243.5625,419949.175,2674.8250000000116,1259.75,614534.6875,-15682.8125,379222.525,47360.95000000001,0.6375000000000002,-0.19999999999999996,-0.42499999999999716,0.4375,-0.34999999999999964,-1.6125000000000114,0.1625,0.11249999999999982,-0.4249999999999998,-0.2124999999999999,0.2375,1.0
-93181.45,467722.6625,-49127.5625,420101.175,2378.8250000000116,1091.75,614897.6875,-15775.8125,379231.525,47013.95000000001,0.6375000000000002,-0.19999999999999996,0.5750000000000028,0.4375,-1.3499999999999996,-0.6125000000000114,0.1625,0.11249999999999982,-0.4249999999999998,-0.2124999999999999,0.2375,1.0
-93321.45,468070.6625,-49167.5625,420261.175,2510.8250000000116,1020.75,614976.6875,-15636.8125,379519.525,47126.95000000001,0.6375000000000002,-0.19999999999999996,0.5750000000000028,1.4375,-1.3499999999999996,0.38749999999998863,0.1625,0.11249999999999982,0.5750000000000002,-0.2124999999999999,0.2375,1.0
-93311.45,467360.6625,-49464.5625,420774.175,2211.8250000000116,940.75,614456.6875,-15668.8125,379604.525,47170.95000000001,0.6375000000000002,-0.19999999999999996,-0.42499999999999716,0.4375,-0.34999999999999964,0.38749999999998863,0.1625,0.11249999999999982,-0.4249999999999998,0.7875000000000001,-0.7625,0.0
-93196.45,466149.6625,-49197.5625,421509.175,2356.8250000000116,488.75,613100.6875,-15715.8125,379837.525,47158.95000000001,-0.3624999999999998,-0.19999999999999996,0.5750000000000028,0.4375,-0.34999999999999964,0.38749999999998863,0.1625,0.11249999999999982,-0.4249999999999998,-0.2124999999999999,-0.7625,0.0
-93263.45,465945.6625,-49200.5625,421658.175,2143.8250000000116,532.75,612972.6875,-15573.8125,379880.525,46916.95000000001,-0.3624999999999998,-0.19999999999999996,-0.42499999999999716,1.4375,-0.34999999999999964,0.38749999999998863,0.1625,0.11249999999999982,0.5750000000000002,-0.2124999999999999,-0.7625,0.0
-93195.45,466212.6625,-49230.5625,421267.175,2096.8250000000116,590.75,612932.6875,-15577.8125,379602.525,47070.95000000001,-0.3624999999999998,-0.19999999999999996,-0.42499999999999716,0.4375,-0.34999999999999964,0.38749999999998863,0.1625,0.11249999999999982,-0.4249999999999998,-0.2124999999999999,0.2375,1.0
-92995.45,466740.6625,-49169.5625,420702.175,2427.8250000000116,760.75,613371.6875,-15515.8125,379312.525,47060.95000000001,-0.3624999999999998,-0.19999999999999996,1.5750000000000028,-0.5625,-2.3499999999999996,-0.6125000000000114,0.1625,0.11249999999999982,-0.4249999999999998,-0.2124999999999999,0.2375,1.0
-92724.45,466685.6625,-49154.5625,419935.175,2429.8250000000116,871.75,614231.6875,-15653.8125,378884.525,46853.95000000001,-0.3624999999999998,-0.19999999999999996,0.5750000000000028,0.4375,-1.3499999999999996,-0.6125000000000114,-0.8375,0.11249999999999982,0.5750000000000002,-0.2124999999999999,0.2375,0.0
-92521.45,466707.6625,-49225.5625,419201.175,2182.8250000000116,931.75,615375.6875,-15499.8125,378473.525,47252.95000000001,0.6375000000000002,-1.2,1.5750000000000028,0.4375,-1.3499999999999996,-0.6125000000000114,0.1625,0.11249999999999982,0.5750000000000002,-0.2124999999999999,-0.7625,0.0
-92381.45,467528.6625,-49406.5625,417759.175,2563.8250000000116,1568.75,615958.6875,-15426.8125,378516.525,47192.95000000001,-0.3624999999999998,-0.19999999999999996,-0.42499999999999716,0.4375,-0.34999999999999964,0.38749999999998863,0.1625,1.1124999999999998,-0.4249999999999998,-0.2124999999999999,0.2375,-1.0
-99415.45,467879.6625,-49463.5625,417646.175,2651.8250000000116,1432.75,617533.6875,-15456.8125,378528.525,47131.95000000001,-0.3624999999999998,-0.19999999999999996,0.5750000000000028,1.4375,-0.34999999999999964,0.38749999999998863,0.1625,0.11249999999999982,-0.4249999999999998,-0.2124999999999999,-0.7625,-1.0
1997722.55,467671.6625,-49456.5625,417769.175,2578.8250000000116,1449.75,617523.6875,-15530.8125,378554.525,47263.95000000001,0.6375000000000002,-0.19999999999999996,0.5750000000000028,0.4375,-0.34999999999999964,0.38749999999998863,0.1625,-0.8875000000000002,0.5750000000000002,-0.2124999999999999,-0.7625,0.0
-91731.45,467274.6625,-49442.5625,417935.175,2341.8250000000116,1308.75,617037.6875,-15742.8125,378734.525,47115.95000000001,0.6375000000000002,-0.19999999999999996,-0.42499999999999716,0.4375,-0.34999999999999964,0.38749999999998863,0.1625,0.11249999999999982,-0.4249999999999998,-1.2125,0.2375,1.0
-91886.45,466151.6625,-49470.5625,418106.175,2267.8250000000116,1118.75,616654.6875,-15682.8125,378822.525,46994.95000000001,-0.3624999999999998,-0.19999999999999996,0.5750000000000028,0.4375,-1.3499999999999996,0.38749999999998863,0.1625,0.11249999999999982,0.5750000000000002,-0.2124999999999999,-0.7625,1.0
-92090.45,465967.6625,-49510.5625,418703.175,2291.8250000000116,915.75,616734.6875,-15695.8125,378807.525,46955.95000000001,0.6375000000000002,-0.19999999999999996,-0.42499999999999716,0.4375,-1.3499999999999996,-1.6125000000000114,0.1625,0.11249999999999982,-0.4249999999999998,-0.2124999999999999,0.2375,-1.0
-92240.45,465429.6625,-49560.5625,419300.175,2273.8250000000116,701.75,615298.6875,-15716.8125,378916.525,47446.95000000001,0.6375000000000002,-0.19999999999999996,0.5750000000000028,0.4375,-1.3499999999999996,-0.6125000000000114,-0.8375,0.11249999999999982,-0.4249999999999998,-0.2124999999999999,0.2375,-1.0
-92519.45,465531.6625,-49464.5625,419938.175,2352.8250000000116,773.75,614648.6875,-15735.8125,378883.525,47258.95000000001,0.6375000000000002,-0.19999999999999996,-0.42499999999999716,0.4375,-1.3499999999999996,-0.6125000000000114,0.1625,0.11249999999999982,-0.4249999999999998,-0.2124999999999999,0.2375,0.0
-92570.45,466187.6625,-49424.5625,420095.175,2699.8250000000116,769.75,614590.6875,-15712.8125,378839.525,46926.95000000001,-0.3624999999999998,0.8,0.5750000000000028,-0.5625,-0.34999999999999964,-0.6125000000000114,-0.8375,0.11249999999999982,0.5750000000000002,-0.2124999999999999,-0.7625,0.0
-92861.45,466643.6625,-49359.5625,419999.175,2836.8250000000116,909.75,614862.6875,-15630.8125,378583.525,46858.95000000001,0.6375000000000002,-0.19999999999999996,0.5750000000000028,0.4375,-0.34999999999999964,-0.6125000000000114,-0.8375,-0.8875000000000002,0.5750000000000002,-0.2124999999999999,0.2375,-1.0
-92981.45,467123.6625,-49296.5625,420055.175,2385.8250000000116,900.75,614924.6875,-15546.8125,378557.525,46948.95000000001,0.6375000000000002,-0.19999999999999996,0.5750000000000028,0.4375,-0.34999999999999964,0.38749999999998863,0.1625,0.11249999999999982,-0.4249999999999998,0.7875000000000001,0.2375,-1.0
-93187.45,467617.6625,-49171.5625,419993.175,2212.8250000000116,1085.75,615104.6875,-15530.8125,378487.525,46575.95000000001,0.6375000000000002,-0.19999999999999996,0.5750000000000028,0.4375,-0.34999999999999964,0.38749999999998863,0.1625,0.11249999999999982,-0.4249999999999998,-0.2124999999999999,0.2375,1.0
-93325.45,468293.6625,-49081.5625,420186.175,2406.8250000000116,1164.75,614643.6875,-15546.8125,378333.525,46499.95000000001,-0.3624999999999998,-0.19999999999999996,0.5750000000000028,1.4375,-0.34999999999999964,-0.6125000000000114,0.1625,-0.8875000000000002,0.5750000000000002,-0.2124999999999999,0.2375,0.0
-93317.45,468235.6625,-49204.5625,420446.175,2616.8250000000116,913.75,614621.6875,-15727.8125,378524.525,46748.95000000001,0.6375000000000002,-0.19999999999999996,-0.42499999999999716,0.4375,-1.3499999999999996,-1.6125000000000114,-0.8375,0.11249999999999982,-0.4249999999999998,-0.2124999999999999,0.2375,0.0
-93285.45,467470.6625,-49145.5625,420768.175,2640.8250000000116,712.75,615134.6875,-15771.8125,378653.525,46723.95000000001,0.6375000000000002,-0.19999999999999996,0.5750000000000028,0.4375,-0.34999999999999964,-1.6125000000000114,-0.8375,0.11249999999999982,-0.4249999999999998,0.7875000000000001,0.2375,-1.0
-93251.45,467225.6625,-49183.5625,421000.175,2434.8250000000116,688.75,614515.6875,-15491.8125,378754.525,46992.95000000001,-0.3624999999999998,-0.19999999999999996,1.5750000000000028,0.4375,-1.3499999999999996,0.38749999999998863,0.1625,0.11249999999999982,0.5750000000000002,-0.2124999999999999,0.2375,-1.0
-93169.45,466869.6625,-49384.5625,421078.175,2314.8250000000116,786.75,613457.6875,-15572.8125,378754.525,46754.95000000001,-0.3624999999999998,-0.19999999999999996,-0.42499999999999716,0.4375,-0.34999999999999964,-0.6125000000000114,0.1625,0.11249999999999982,-0.4249999999999998,-0.2124999999999999,0.2375,0.0
-93079.45,466210.6625,-49348.5625,421142.175,2175.8250000000116,666.75,613464.6875,-15763.8125,378796.525,46601.95000000001,0.6375000000000002,-0.19999999999999996,0.5750000000000028,0.4375,-0.34999999999999964,0.38749999999998863,-0.8375,0.11249999999999982,-0.4249999999999998,-0.2124999999999999,-0.7625,1.0
-93102.45,466237.6625,-49125.5625,421032.175,2093.8250000000116,680.75,613258.6875,-15853.8125,378838.525,46570.95000000001,0.6375000000000002,-0.19999999999999996,-0.42499999999999716,0.4375,-0.34999999999999964,0.38749999999998863,0.1625,0.11249999999999982,-0.4249999999999998,-0.2124999999999999,0.2375,1.0
-93236.45,466261.6625,-48996.5625,420906.175,2580.8250000000116,590.75,613019.6875,-15560.8125,378711.525,46864.95000000001,0.6375000000000002,-0.19999999999999996,0.5750000000000028,0.4375,-1.3499999999999996,0.38749999999998863,-0.8375,0.11249999999999982,-0.4249999999999998,0.7875000000000001,-0.7625,0.0
-92945.45,466647.6625,-49146.5625,420506.175,2368.8250000000116,739.75,613482.6875,-15471.8125,378667.525,46901.95000000001,-0.3624999999999998,-0.19999999999999996,0.5750000000000028,0.4375,-0.34999999999999964,0.38749999999998863,-0.8375,0.11249999999999982,0.5750000000000002,-1.2125,0.2375,0.0
-92832.45,466902.6625,-49295.5625,419700.175,2452.8250000000116,903.75,614307.6875,-15601.8125,378424.525,46854.95000000001,0.6375000000000002,-0.19999999999999996,0.5750000000000028,0.4375,-1.3499999999999996,-0.6125000000000114,0.1625,0.11249999999999982,0.5750000000000002,-0.2124999999999999,-0.7625,0.0
