FPI,SPI,AI,SFI,FFI,FPD,SPD,AD,SFD,FFD,API_X,API_Y,API_Z,APD_X,APD_Y,APD_Z,AFD_X,AFD_Y,AFD_Z,AFI_X,AFI_Y,AFI_Z
-48716.149999999994,89.71250000002328,739.125,182.07500000001164,-13306.362499999988,5782.337500000023,281.6875,-2304.162500000006,-278.03749999999854,-22320.61249999999,-0.6124999999999998,-0.025000000000000022,-0.45000000000000284,0.02499999999999991,0.5625,-1.2249999999999943,0.1125,0.25,-0.2250000000000001,-0.32499999999999996,1.15,0.5374999999999943
-48761.149999999994,-138.28749999997672,685.125,199.07500000001164,-13342.362499999988,5757.337500000023,377.6875,-2279.162500000006,-304.03749999999854,-22371.61249999999,0.3875000000000002,-0.025000000000000022,0.5499999999999972,0.02499999999999991,0.5625,-1.2249999999999943,-0.8875,-0.75,-0.2250000000000001,0.675,0.15,-0.4625000000000057
-48859.149999999994,-211.28749999997672,575.125,182.07500000001164,-13125.362499999988,5715.337500000023,402.6875,-2321.162500000006,-316.03749999999854,-22717.61249999999,0.3875000000000002,-0.025000000000000022,-0.45000000000000284,0.02499999999999991,0.5625,-0.22499999999999432,0.1125,0.25,-0.2250000000000001,-0.32499999999999996,0.15,-0.4625000000000057
-48906.149999999994,-74.28749999997672,668.125,135.07500000001164,-13049.362499999988,5704.337500000023,628.6875,-2318.162500000006,-385.03749999999854,-22890.61249999999,-0.6124999999999998,-0.025000000000000022,-0.45000000000000284,1.025,-0.4375,0.7750000000000057,0.1125,0.25,0.7749999999999999,0.675,0.15,-0.4625000000000057
-48842.149999999994,-35.28749999997672,592.125,93.07500000001164,-13084.362499999988,5574.337500000023,240.6875,-2382.162500000006,-470.03749999999854,-22944.61249999999,0.3875000000000002,-0.025000000000000022,0.5499999999999972,0.02499999999999991,0.5625,0.7750000000000057,0.1125,-0.75,-0.2250000000000001,-0.32499999999999996,0.15,-0.4625000000000057
-49035.149999999994,281.7125000000233,456.125,110.07500000001164,-12950.362499999988,5566.337500000023,59.6875,-2266.162500000006,-415.03749999999854,-22942.61249999999,-0.6124999999999998,0.975,-0.45000000000000284,0.02499999999999991,-0.4375,0.7750000000000057,0.1125,0.25,0.7749999999999999,-0.32499999999999996,0.15,-0.4625000000000057
-48958.149999999994,96.71250000002328,542.125,36.07500000001164,-12783.362499999988,5427.337500000023,222.6875,-2318.162500000006,-444.03749999999854,-23069.61249999999,-0.6124999999999998,0.975,0.5499999999999972,-0.9750000000000001,-0.4375,-0.22499999999999432,0.1125,0.25,0.7749999999999999,-0.32499999999999996,0.15,-0.4625000000000057
-48783.149999999994,-86.28749999997672,523.125,-0.9249999999883585,-12893.362499999988,5387.337500000023,-102.3125,-2277.162500000006,-626.0374999999985,-23178.61249999999,-0.6124999999999998,-0.025000000000000022,0.5499999999999972,0.02499999999999991,-0.4375,-0.22499999999999432,0.1125,-0.75,-0.2250000000000001,-0.32499999999999996,0.15,0.5374999999999943
-48717.149999999994,-187.28749999997672,354.125,-52.92499999998836,-12870.362499999988,5339.337500000023,224.6875,-2466.162500000006,-695.0374999999985,-23098.61249999999,-0.6124999999999998,-0.025000000000000022,1.5499999999999972,-0.9750000000000001,-1.4375,0.7750000000000057,0.1125,0.25,-0.2250000000000001,-0.32499999999999996,-0.85,-0.4625000000000057
-48896.149999999994,-79.28749999997672,217.125,32.07500000001164,-12747.362499999988,5173.337500000023,540.6875,-2530.162500000006,-613.0374999999985,-23179.61249999999,-0.6124999999999998,-1.025,-0.45000000000000284,0.02499999999999991,-0.4375,-0.22499999999999432,0.1125,0.25,0.7749999999999999,-0.32499999999999996,-0.85,-0.4625000000000057
-48962.149999999994,135.71250000002328,178.125,55.07500000001164,-12634.362499999988,5287.337500000023,745.6875,-2495.162500000006,-596.0374999999985,-23147.61249999999,0.3875000000000002,-0.025000000000000022,0.5499999999999972,-0.9750000000000001,-0.4375,0.7750000000000057,0.1125,-0.75,0.7749999999999999,-0.32499999999999996,0.15,-0.4625000000000057
-48971.149999999994,-19.287499999976717,236.125,63.07500000001164,-12525.362499999988,5497.337500000023,346.6875,-2435.162500000006,-643.0374999999985,-23067.61249999999,0.3875000000000002,-0.025000000000000022,1.5499999999999972,0.02499999999999991,-1.4375,-0.22499999999999432,0.1125,0.25,-0.2250000000000001,-0.32499999999999996,-0.85,-1.4625000000000057
-48862.149999999994,-115.28749999997672,152.125,283.07500000001164,-12504.362499999988,5213.337500000023,656.6875,-2449.162500000006,-543.0374999999985,-22653.61249999999,0.3875000000000002,-1.025,-0.45000000000000284,0.02499999999999991,-1.4375,-0.22499999999999432,0.1125,-0.75,0.7749999999999999,-0.32499999999999996,-0.85,-1.4625000000000057
-48915.149999999994,-74.28749999997672,55.125,160.07500000001164,-12477.362499999988,5360.337500000023,1009.6875,-2375.162500000006,-188.03749999999854,-22635.61249999999,0.3875000000000002,-0.025000000000000022,0.5499999999999972,0.02499999999999991,-0.4375,0.7750000000000057,1.1125,0.25,-0.2250000000000001,1.675,0.15,0.5374999999999943
-48740.149999999994,32.71250000002328,145.125,58.07500000001164,-12464.362499999988,5644.337500000023,609.6875,-2383.162500000006,-128.03749999999854,-22733.61249999999,-0.6124999999999998,-0.025000000000000022,0.5499999999999972,0.02499999999999991,-1.4375,0.7750000000000057,0.1125,0.25,-0.2250000000000001,0.675,-0.85,0.5374999999999943
-48867.149999999994,183.71250000002328,57.125,160.07500000001164,-12306.362499999988,5663.337500000023,308.6875,-2416.162500000006,-117.03749999999854,-22799.61249999999,-0.6124999999999998,-0.025000000000000022,-0.45000000000000284,0.02499999999999991,-0.4375,-0.22499999999999432,0.1125,0.25,-0.2250000000000001,-0.32499999999999996,1.15,-0.4625000000000057
-48869.149999999994,9.712500000023283,307.125,198.07500000001164,-12436.362499999988,5544.337500000023,616.6875,-2497.162500000006,-160.03749999999854,-22763.61249999999,0.3875000000000002,-1.025,-0.45000000000000284,0.02499999999999991,-0.4375,-0.22499999999999432,0.1125,0.25,-0.2250000000000001,-0.32499999999999996,0.15,-0.4625000000000057
-48794.149999999994,-102.28749999997672,331.125,348.07500000001164,-12801.362499999988,5664.337500000023,863.6875,-2258.162500000006,-445.03749999999854,-22896.61249999999,0.3875000000000002,-0.025000000000000022,-0.45000000000000284,0.02499999999999991,0.5625,-0.22499999999999432,0.1125,0.25,-0.2250000000000001,-0.32499999999999996,0.15,0.5374999999999943
-48930.149999999994,35.71250000002328,355.125,154.07500000001164,-12787.362499999988,5739.337500000023,699.6875,-2287.162500000006,-305.03749999999854,-22812.61249999999,0.3875000000000002,0.975,0.5499999999999972,0.02499999999999991,0.5625,-0.22499999999999432,0.1125,0.25,-0.2250000000000001,0.675,0.15,0.5374999999999943
-49024.149999999994,209.71250000002328,552.125,138.07500000001164,-12793.362499999988,5745.337500000023,-55.3125,-2358.162500000006,-194.03749999999854,-22602.61249999999,0.3875000000000002,-0.025000000000000022,-0.45000000000000284,0.02499999999999991,0.5625,-0.22499999999999432,-0.8875,0.25,-0.2250000000000001,-0.32499999999999996,1.15,-1.4625000000000057
-48791.149999999994,150.71250000002328,634.125,-100.92499999998836,-12830.362499999988,5920.337500000023,-86.3125,-2365.162500000006,-364.03749999999854,-22771.61249999999,0.3875000000000002,-0.025000000000000022,0.5499999999999972,0.02499999999999991,0.5625,-0.22499999999999432,0.1125,0.25,0.7749999999999999,-0.32499999999999996,0.15,0.5374999999999943
-48975.149999999994,-78.28749999997672,699.125,14.075000000011642,-13165.362499999988,5837.337500000023,36.6875,-2333.162500000006,-366.03749999999854,-22874.61249999999,0.3875000000000002,0.975,1.5499999999999972,0.02499999999999991,-0.4375,1.7750000000000057,-0.8875,0.25,-0.2250000000000001,-0.32499999999999996,0.15,-0.4625000000000057
-49037.149999999994,140.71250000002328,611.125,107.07500000001164,-13175.362499999988,5770.337500000023,579.6875,-2402.162500000006,-197.03749999999854,-22703.61249999999,0.3875000000000002,-1.025,-0.45000000000000284,0.02499999999999991,0.5625,0.7750000000000057,-0.8875,0.25,-0.2250000000000001,-0.32499999999999996,0.15,0.5374999999999943
-48957.149999999994,-35.28749999997672,628.125,270.07500000001164,-13177.362499999988,5839.337500000023,825.6875,-2501.162500000006,-301.03749999999854,-22694.61249999999,-0.6124999999999998,-0.025000000000000022,0.5499999999999972,0.02499999999999991,-0.4375,-0.22499999999999432,0.1125,0.25,-0.2250000000000001,-0.32499999999999996,0.15,0.5374999999999943
-48857.149999999994,48.71250000002328,611.125,286.07500000001164,-13105.362499999988,5852.337500000023,474.6875,-2354.162500000006,-452.03749999999854,-22769.61249999999,-0.6124999999999998,-0.025000000000000022,-0.45000000000000284,-0.9750000000000001,0.5625,-0.22499999999999432,0.1125,0.25,-1.225,-0.32499999999999996,0.15,0.5374999999999943
-48902.149999999994,118.71250000002328,717.125,133.07500000001164,-13047.362499999988,5779.337500000023,347.6875,-2378.162500000006,-355.03749999999854,-22850.61249999999,-0.6124999999999998,0.975,-0.45000000000000284,-0.9750000000000001,1.5625,-0.22499999999999432,0.1125,0.25,-0.2250000000000001,-0.32499999999999996,0.15,-1.4625000000000057
-48810.149999999994,227.71250000002328,738.125,101.07500000001164,-13005.362499999988,5849.337500000023,102.6875,-2322.162500000006,-620.0374999999985,-22973.61249999999,0.3875000000000002,-0.025000000000000022,-0.45000000000000284,0.02499999999999991,-0.4375,-0.22499999999999432,-0.8875,0.25,-0.2250000000000001,-0.32499999999999996,0.15,0.5374999999999943
-49013.149999999994,510.7125000000233,599.125,91.07500000001164,-12987.362499999988,6045.337500000023,566.6875,-2345.162500000006,-642.0374999999985,-22749.61249999999,0.3875000000000002,-0.025000000000000022,0.5499999999999972,0.02499999999999991,0.5625,-0.22499999999999432,-0.8875,0.25,0.7749999999999999,-0.32499999999999996,-0.85,0.5374999999999943
-48927.149999999994,13.712500000023283,564.125,118.07500000001164,-12881.362499999988,5761.337500000023,-165.3125,-2608.162500000006,-568.0374999999985,-22901.61249999999,0.3875000000000002,-0.025000000000000022,0.5499999999999972,0.02499999999999991,-0.4375,0.7750000000000057,-0.8875,1.25,-0.2250000000000001,-0.32499999999999996,-0.85,-1.4625000000000057
-48978.149999999994,-203.28749999997672,517.125,49.07500000001164,-13067.362499999988,5643.337500000023,264.6875,-2497.162500000006,-710.0374999999985,-23206.61249999999,0.3875000000000002,-0.025000000000000022,-1.4500000000000028,0.02499999999999991,-0.4375,0.7750000000000057,0.1125,0.25,-0.2250000000000001,-0.32499999999999996,-0.85,-0.4625000000000057
-48890.149999999994,-27.287499999976717,376.125,7.0750000000116415,-12901.362499999988,5545.337500000023,232.6875,-2227.162500000006,-517.0374999999985,-23257.61249999999,-0.6124999999999998,-0.025000000000000022,0.5499999999999972,0.02499999999999991,0.5625,0.7750000000000057,0.1125,0.25,-0.2250000000000001,-0.32499999999999996,1.15,0.5374999999999943
-48888.149999999994,-36.28749999997672,317.125,-117.92499999998836,-12823.362499999988,5435.337500000023,-161.3125,-2487.162500000006,-609.0374999999985,-23034.61249999999,0.3875000000000002,-0.025000000000000022,0.5499999999999972,0.02499999999999991,0.5625,-0.22499999999999432,0.1125,0.25,0.7749999999999999,-0.32499999999999996,0.15,-0.4625000000000057
-48892.149999999994,161.71250000002328,341.125,149.07500000001164,-12717.362499999988,5543.337500000023,-265.3125,-2473.162500000006,-565.0374999999985,-22891.61249999999,-0.6124999999999998,-0.025000000000000022,0.5499999999999972,0.02499999999999991,-0.4375,-0.22499999999999432,0.1125,0.25,-0.2250000000000001,-0.32499999999999996,0.15,-1.4625000000000057
-49007.149999999994,-164.28749999997672,224.125,-59.92499999998836,-12597.362499999988,5469.337500000023,-246.3125,-2366.162500000006,-610.0374999999985,-23035.61249999999,-0.6124999999999998,-1.025,0.5499999999999972,-0.9750000000000001,-0.4375,0.7750000000000057,0.1125,0.25,-0.2250000000000001,-0.32499999999999996,-0.85,-0.4625000000000057
-48978.149999999994,-132.28749999997672,217.125,-160.92499999998836,-12484.362499999988,5404.337500000023,82.6875,-2304.162500000006,-548.0374999999985,-22758.61249999999,0.3875000000000002,-0.025000000000000022,0.5499999999999972,0.02499999999999991,-0.4375,-0.22499999999999432,0.1125,0.25,0.7749999999999999,-0.32499999999999996,0.15,0.5374999999999943
-48712.149999999994,-21.287499999976717,271.125,-46.92499999998836,-12551.362499999988,5425.337500000023,678.6875,-2374.162500000006,-663.0374999999985,-22674.61249999999,1.3875000000000002,-0.025000000000000022,0.5499999999999972,0.02499999999999991,-0.4375,-0.22499999999999432,0.1125,0.25,-1.225,-0.32499999999999996,-0.85,0.5374999999999943
-48664.149999999994,-76.28749999997672,331.125,-63.92499999998836,-12826.362499999988,5397.337500000023,1143.6875,-2465.162500000006,-773.0374999999985,-22720.61249999999,0.3875000000000002,-0.025000000000000022,-0.45000000000000284,-0.9750000000000001,-0.4375,0.7750000000000057,0.1125,0.25,0.7749999999999999,0.675,-0.85,0.5374999999999943
-48790.149999999994,-80.28749999997672,309.125,-122.92499999998836,-12726.362499999988,5623.337500000023,119.6875,-2429.162500000006,-722.0374999999985,-22992.61249999999,-0.6124999999999998,-0.025000000000000022,-0.45000000000000284,0.02499999999999991,0.5625,-0.22499999999999432,0.1125,-0.75,0.7749999999999999,-0.32499999999999996,0.15,0.5374999999999943
-48793.149999999994,81.71250000002328,173.125,74.07500000001164,-12532.362499999988,5715.337500000023,-634.3125,-2409.162500000006,-661.0374999999985,-23044.61249999999,-0.6124999999999998,-0.025000000000000022,0.5499999999999972,0.02499999999999991,-0.4375,-0.22499999999999432,0.1125,-0.75,-0.2250000000000001,-0.32499999999999996,0.15,0.5374999999999943
-48809.149999999994,263.7125000000233,190.125,-42.92499999998836,-12886.362499999988,5664.337500000023,45.6875,-2336.162500000006,-653.0374999999985,-22821.61249999999,-0.6124999999999998,0.975,-0.45000000000000284,0.02499999999999991,0.5625,-0.22499999999999432,0.1125,-0.75,-1.225,0.675,0.15,0.5374999999999943
-48876.149999999994,-110.28749999997672,463.125,25.07500000001164,-12922.362499999988,5594.337500000023,42.6875,-2416.162500000006,-541.0374999999985,-23012.61249999999,-0.6124999999999998,-0.025000000000000022,-0.45000000000000284,0.02499999999999991,0.5625,-0.22499999999999432,0.1125,0.25,-0.2250000000000001,-0.32499999999999996,0.15,-0.4625000000000057
-48868.149999999994,-39.28749999997672,449.125,53.07500000001164,-12935.362499999988,5531.337500000023,281.6875,-2392.162500000006,-608.0374999999985,-22890.61249999999,0.3875000000000002,-0.025000000000000022,-1.4500000000000028,0.02499999999999991,0.5625,-0.22499999999999432,0.1125,-0.75,0.7749999999999999,-0.32499999999999996,0.15,0.5374999999999943
-48763.149999999994,-97.28749999997672,514.125,99.07500000001164,-13031.362499999988,5789.337500000023,6.6875,-2431.162500000006,-580.0374999999985,-22701.61249999999,-0.6124999999999998,-0.025000000000000022,-0.45000000000000284,0.02499999999999991,0.5625,0.7750000000000057,0.1125,0.25,-0.2250000000000001,0.675,0.15,1.5374999999999943
-48720.149999999994,237.71250000002328,625.125,170.07500000001164,-12871.362499999988,5533.337500000023,-14.3125,-2357.162500000006,-480.03749999999854,-22680.61249999999,-0.6124999999999998,-0.025000000000000022,-0.45000000000000284,0.02499999999999991,0.5625,0.7750000000000057,0.1125,0.25,-0.2250000000000001,0.675,-0.85,0.5374999999999943
-48926.149999999994,162.71250000002328,630.125,195.07500000001164,-12981.362499999988,5512.337500000023,498.6875,-2347.162500000006,-447.03749999999854,-22758.61249999999,-0.6124999999999998,0.975,-0.45000000000000284,-0.9750000000000001,0.5625,0.7750000000000057,0.1125,-0.75,-0.2250000000000001,0.675,0.15,-0.4625000000000057
-48942.149999999994,217.71250000002328,421.125,179.07500000001164,-13053.362499999988,5696.337500000023,7.6875,-2324.162500000006,-436.03749999999854,-22670.61249999999,0.3875000000000002,0.975,-0.45000000000000284,1.025,-0.4375,-0.22499999999999432,0.1125,0.25,-0.2250000000000001,0.675,0.15,-0.4625000000000057
-48943.149999999994,140.71250000002328,424.125,305.07500000001164,-12959.362499999988,5848.337500000023,278.6875,-2361.162500000006,-388.03749999999854,-22851.61249999999,0.3875000000000002,-0.025000000000000022,1.5499999999999972,0.02499999999999991,-0.4375,-1.2249999999999943,0.1125,0.25,0.7749999999999999,-0.32499999999999996,0.15,0.5374999999999943
-48672.149999999994,142.71250000002328,550.125,625.0750000000116,-13018.362499999988,5888.337500000023,-54.3125,-2483.162500000006,-388.03749999999854,-22874.61249999999,0.3875000000000002,-1.025,1.5499999999999972,0.02499999999999991,-0.4375,-1.2249999999999943,-0.8875,-0.75,-0.2250000000000001,0.675,0.15,0.5374999999999943
-48815.149999999994,24.712500000023283,584.125,382.07500000001164,-12883.362499999988,5870.337500000023,-406.3125,-2351.162500000006,-399.03749999999854,-22905.61249999999,-0.6124999999999998,-0.025000000000000022,0.5499999999999972,-0.9750000000000001,0.5625,-1.2249999999999943,0.1125,0.25,-0.2250000000000001,-0.32499999999999996,0.15,-0.4625000000000057
-48596.149999999994,-73.28749999997672,503.125,130.07500000001164,-12879.362499999988,5861.337500000023,-48.3125,-2254.162500000006,-330.03749999999854,-22885.61249999999,0.3875000000000002,0.975,-0.45000000000000284,0.02499999999999991,0.5625,-0.22499999999999432,0.1125,0.25,0.7749999999999999,-0.32499999999999996,0.15,-0.4625000000000057
-48764.149999999994,113.71250000002328,333.125,177.07500000001164,-12852.362499999988,5664.337500000023,-99.3125,-2313.162500000006,-157.03749999999854,-22767.61249999999,-0.6124999999999998,-0.025000000000000022,-0.45000000000000284,-0.9750000000000001,0.5625,0.7750000000000057,0.1125,0.25,0.7749999999999999,-0.32499999999999996,0.15,-0.4625000000000057
-48912.149999999994,73.71250000002328,319.125,199.07500000001164,-12863.362499999988,5442.337500000023,-47.3125,-2442.162500000006,-371.03749999999854,-22964.61249999999,-0.6124999999999998,-0.025000000000000022,-0.45000000000000284,-0.9750000000000001,0.5625,-0.22499999999999432,0.1125,0.25,-0.2250000000000001,-1.325,0.15,0.5374999999999943
-48781.149999999994,162.71250000002328,164.125,170.07500000001164,-12728.362499999988,5372.337500000023,-362.3125,-2292.162500000006,-316.03749999999854,-22989.61249999999,-0.6124999999999998,-0.025000000000000022,0.5499999999999972,-0.9750000000000001,-0.4375,-0.22499999999999432,0.1125,-0.75,-0.2250000000000001,-0.32499999999999996,0.15,-0.4625000000000057
-48874.149999999994,-9.287499999976717,311.125,241.07500000001164,-12573.362499999988,5446.337500000023,-340.3125,-2347.162500000006,-251.03749999999854,-22998.61249999999,-0.6124999999999998,-0.025000000000000022,-0.45000000000000284,0.02499999999999991,-0.4375,-0.22499999999999432,0.1125,0.25,-0.2250000000000001,-0.32499999999999996,0.15,-0.4625000000000057
-48933.149999999994,35.71250000002328,389.125,188.07500000001164,-12671.362499999988,5461.337500000023,111.6875,-2439.162500000006,-375.03749999999854,-23065.61249999999,-0.6124999999999998,-0.025000000000000022,-0.45000000000000284,-0.9750000000000001,0.5625,-0.22499999999999432,0.1125,0.25,-0.2250000000000001,-0.32499999999999996,0.15,-0.4625000000000057
-48911.149999999994,55.71250000002328,356.125,161.07500000001164,-12623.362499999988,5729.337500000023,137.6875,-2423.162500000006,-283.03749999999854,-22702.61249999999,-0.6124999999999998,0.975,0.5499999999999972,0.02499999999999991,-0.4375,-0.22499999999999432,0.1125,0.25,-0.2250000000000001,-0.32499999999999996,0.15,0.5374999999999943
-48698.149999999994,-79.28749999997672,269.125,254.07500000001164,-12695.362499999988,5486.337500000023,57.6875,-2385.162500000006,-256.03749999999854,-22598.61249999999,0.3875000000000002,-1.025,-0.45000000000000284,0.02499999999999991,-0.4375,-1.2249999999999943,0.1125,0.25,-0.2250000000000001,-0.32499999999999996,0.15,-0.4625000000000057
-48875.149999999994,-282.2874999999767,210.125,348.07500000001164,-12692.362499999988,5451.337500000023,1510.6875,-2067.162500000006,-91.03749999999854,-22779.61249999999,-0.6124999999999998,-0.025000000000000022,-0.45000000000000284,0.02499999999999991,-0.4375,-0.22499999999999432,0.1125,-0.75,0.7749999999999999,-0.32499999999999996,-0.85,-1.4625000000000057
-48731.149999999994,-83.28749999997672,241.125,242.07500000001164,-12503.362499999988,5871.337500000023,926.6875,-2358.162500000006,-242.03749999999854,-22907.61249999999,-0.6124999999999998,-0.025000000000000022,0.5499999999999972,1.025,-0.4375,0.7750000000000057,0.1125,0.25,-0.2250000000000001,-0.32499999999999996,0.15,0.5374999999999943
-48659.149999999994,-7.287499999976717,217.125,221.07500000001164,-12646.362499999988,5816.337500000023,249.6875,-2498.162500000006,-282.03749999999854,-22921.61249999999,0.3875000000000002,-0.025000000000000022,0.5499999999999972,0.02499999999999991,-0.4375,0.7750000000000057,-0.8875,0.25,-0.2250000000000001,-1.325,0.15,1.5374999999999943
-48827.149999999994,35.71250000002328,200.125,118.07500000001164,-12902.362499999988,5603.337500000023,-135.3125,-2368.162500000006,-131.03749999999854,-23024.61249999999,0.3875000000000002,-1.025,1.5499999999999972,0.02499999999999991,0.5625,0.7750000000000057,0.1125,0.25,0.7749999999999999,-0.32499999999999996,0.15,0.5374999999999943
-48877.149999999994,-236.28749999997672,216.125,68.07500000001164,-12755.362499999988,5540.337500000023,12.6875,-2342.162500000006,-451.03749999999854,-23062.61249999999,0.3875000000000002,-0.025000000000000022,-0.45000000000000284,0.02499999999999991,-0.4375,0.7750000000000057,0.1125,0.25,-0.2250000000000001,-0.32499999999999996,0.15,-0.4625000000000057
-48791.149999999994,42.71250000002328,659.125,192.07500000001164,-12836.362499999988,5452.337500000023,-527.3125,-2647.162500000006,-505.03749999999854,-22840.61249999999,0.3875000000000002,-0.025000000000000022,-0.45000000000000284,0.02499999999999991,-0.4375,-0.22499999999999432,0.1125,0.25,-0.2250000000000001,-0.32499999999999996,0.15,0.5374999999999943
-48639.149999999994,328.7125000000233,676.125,267.07500000001164,-12635.362499999988,5788.337500000023,-681.3125,-2408.162500000006,-481.03749999999854,-22607.61249999999,-0.6124999999999998,-0.025000000000000022,0.5499999999999972,0.02499999999999991,0.5625,-0.22499999999999432,0.1125,0.25,-0.2250000000000001,0.675,0.15,-0.4625000000000057
-48987.149999999994,307.7125000000233,415.125,268.07500000001164,-12850.362499999988,5789.337500000023,-168.3125,-2278.162500000006,-448.03749999999854,-22548.61249999999,0.3875000000000002,-0.025000000000000022,-0.45000000000000284,0.02499999999999991,0.5625,-1.2249999999999943,0.1125,0.25,-0.2250000000000001,-0.32499999999999996,0.15,-1.4625000000000057
-49082.149999999994,-193.28749999997672,410.125,250.07500000001164,-13075.362499999988,5562.337500000023,103.6875,-2266.162500000006,-381.03749999999854,-22915.61249999999,0.3875000000000002,0.975,-0.45000000000000284,0.02499999999999991,0.5625,-0.22499999999999432,0.1125,-0.75,0.7749999999999999,0.675,1.15,0.5374999999999943
-49051.149999999994,-142.28749999997672,588.125,219.07500000001164,-12900.362499999988,5640.337500000023,-58.3125,-2390.162500000006,-312.03749999999854,-22884.61249999999,-0.6124999999999998,-0.025000000000000022,0.5499999999999972,0.02499999999999991,0.5625,0.7750000000000057,0.1125,0.25,-0.2250000000000001,0.675,0.15,0.5374999999999943
-48957.149999999994,133.71250000002328,691.125,241.07500000001164,-12902.362499999988,5771.337500000023,1.6875,-2314.162500000006,-342.03749999999854,-22835.61249999999,-0.6124999999999998,-0.025000000000000022,0.5499999999999972,0.02499999999999991,0.5625,0.7750000000000057,-0.8875,0.25,-0.2250000000000001,-0.32499999999999996,0.15,0.5374999999999943
-48860.149999999994,271.7125000000233,566.125,243.07500000001164,-12869.362499999988,5650.337500000023,349.6875,-2301.162500000006,-468.03749999999854,-22863.61249999999,-0.6124999999999998,-0.025000000000000022,-0.45000000000000284,-0.9750000000000001,-0.4375,-0.22499999999999432,0.1125,-0.75,-0.2250000000000001,-0.32499999999999996,0.15,0.5374999999999943
-48995.149999999994,163.71250000002328,456.125,175.07500000001164,-12801.362499999988,5692.337500000023,814.6875,-2332.162500000006,-470.03749999999854,-22947.61249999999,0.3875000000000002,-0.025000000000000022,-0.45000000000000284,0.02499999999999991,-0.4375,-0.22499999999999432,0.1125,-0.75,-0.2250000000000001,-0.32499999999999996,0.15,0.5374999999999943
-48930.149999999994,109.71250000002328,550.125,138.07500000001164,-12707.362499999988,5624.337500000023,328.6875,-2392.162500000006,-458.03749999999854,-22847.61249999999,-0.6124999999999998,-0.025000000000000022,-0.45000000000000284,0.02499999999999991,-0.4375,-0.22499999999999432,-0.8875,0.25,-0.2250000000000001,-0.32499999999999996,0.15,-1.4625000000000057
-48820.149999999994,153.71250000002328,558.125,173.07500000001164,-12923.362499999988,5627.337500000023,302.6875,-2420.162500000006,-372.03749999999854,-22940.61249999999,1.3875000000000002,0.975,0.5499999999999972,0.02499999999999991,0.5625,-0.22499999999999432,0.1125,-0.75,0.7749999999999999,-0.32499999999999996,-0.85,-0.4625000000000057
-48854.149999999994,0.7125000000232831,382.125,284.07500000001164,-12857.362499999988,5718.337500000023,731.6875,-2532.162500000006,-280.03749999999854,-22816.61249999999,0.3875000000000002,-0.025000000000000022,0.5499999999999972,0.02499999999999991,0.5625,-1.2249999999999943,0.1125,0.25,-0.2250000000000001,-0.32499999999999996,0.15,-1.4625000000000057
-48984.149999999994,60.71250000002328,232.125,203.07500000001164,-12600.362499999988,5612.337500000023,213.6875,-2501.162500000006,-13.037499999998545,-22667.61249999999,0.3875000000000002,-0.025000000000000022,-0.45000000000000284,0.02499999999999991,0.5625,-0.22499999999999432,-0.8875,0.25,-0.2250000000000001,-0.32499999999999996,1.15,0.5374999999999943
-48891.149999999994,-291.2874999999767,389.125,97.07500000001164,-12709.362499999988,5592.337500000023,565.6875,-2355.162500000006,33.962500000001455,-22543.61249999999,0.3875000000000002,-0.025000000000000022,0.5499999999999972,0.02499999999999991,0.5625,-0.22499999999999432,-0.8875,0.25,0.7749999999999999,-0.32499999999999996,0.15,0.5374999999999943
-48952.149999999994,-46.28749999997672,468.125,395.07500000001164,-12772.362499999988,5643.337500000023,513.6875,-2384.162500000006,-93.03749999999854,-22842.61249999999,-0.6124999999999998,-0.025000000000000022,0.5499999999999972,0.02499999999999991,-0.4375,0.7750000000000057,0.1125,1.25,-0.2250000000000001,-0.32499999999999996,-0.85,-0.4625000000000057
-48973.149999999994,21.712500000023283,346.125,375.07500000001164,-12747.362499999988,5594.337500000023,534.6875,-2362.162500000006,-29.037499999998545,-23003.61249999999,0.3875000000000002,-0.025000000000000022,0.5499999999999972,0.02499999999999991,-0.4375,0.7750000000000057,0.1125,0.25,0.7749999999999999,-0.32499999999999996,0.15,-1.4625000000000057
-48926.149999999994,21.712500000023283,349.125,145.07500000001164,-12694.362499999988,5658.337500000023,491.6875,-2298.162500000006,246.96250000000146,-22875.61249999999,-0.6124999999999998,-0.025000000000000022,-0.45000000000000284,0.02499999999999991,-0.4375,-0.22499999999999432,0.1125,0.25,-0.2250000000000001,0.675,-0.85,0.5374999999999943
-48749.149999999994,132.71250000002328,255.125,158.07500000001164,-12615.362499999988,5707.337500000023,230.6875,-2495.162500000006,326.96250000000146,-22922.61249999999,0.3875000000000002,-0.025000000000000022,0.5499999999999972,0.02499999999999991,-1.4375,0.7750000000000057,0.1125,0.25,-0.2250000000000001,-0.32499999999999996,0.15,-0.4625000000000057
-48759.149999999994,108.71250000002328,209.125,255.07500000001164,-12558.362499999988,5624.337500000023,18.6875,-2486.162500000006,205.96250000000146,-22899.61249999999,0.3875000000000002,-0.025000000000000022,0.5499999999999972,0.02499999999999991,-0.4375,-0.22499999999999432,0.1125,-0.75,-0.2250000000000001,-1.325,0.15,-0.4625000000000057
-48846.149999999994,99.71250000002328,390.125,352.07500000001164,-12680.362499999988,5617.337500000023,135.6875,-2404.162500000006,172.96250000000146,-22749.61249999999,0.3875000000000002,-1.025,-0.45000000000000284,-0.9750000000000001,-0.4375,0.7750000000000057,-0.8875,0.25,1.775,-0.32499999999999996,0.15,-0.4625000000000057
-48995.149999999994,222.71250000002328,492.125,427.07500000001164,-12746.362499999988,5748.337500000023,737.6875,-2300.162500000006,-4.037499999998545,-22759.61249999999,-0.6124999999999998,-0.025000000000000022,0.5499999999999972,0.02499999999999991,0.5625,-0.22499999999999432,0.1125,1.25,0.7749999999999999,0.675,0.15,-0.4625000000000057
-49031.149999999994,-133.28749999997672,389.125,302.07500000001164,-12493.362499999988,5601.337500000023,640.6875,-2360.162500000006,-443.03749999999854,-23069.61249999999,0.3875000000000002,-0.025000000000000022,0.5499999999999972,-0.9750000000000001,0.5625,0.7750000000000057,0.1125,0.25,-0.2250000000000001,-0.32499999999999996,-0.85,-0.4625000000000057
-48953.149999999994,267.7125000000233,410.125,243.07500000001164,-12535.362499999988,5555.337500000023,171.6875,-2509.162500000006,-615.0374999999985,-23169.61249999999,-0.6124999999999998,-0.025000000000000022,-0.45000000000000284,0.02499999999999991,0.5625,-0.22499999999999432,0.1125,-0.75,-0.2250000000000001,-0.32499999999999996,-0.85,-0.4625000000000057
-48858.149999999994,-24.287499999976717,207.125,-70.92499999998836,-12796.362499999988,5547.337500000023,12.6875,-2351.162500000006,-800.0374999999985,-22996.61249999999,1.3875000000000002,0.975,0.5499999999999972,0.02499999999999991,-0.4375,1.7750000000000057,0.1125,0.25,-0.2250000000000001,1.675,-0.85,1.5374999999999943
-49180.149999999994,410.7125000000233,373.125,114.07500000001164,-12525.362499999988,5556.337500000023,42.6875,-2364.162500000006,-708.0374999999985,-22578.61249999999,1.3875000000000002,0.975,-0.45000000000000284,2.025,3.5625,-4.224999999999994,0.1125,0.25,-0.2250000000000001,-0.32499999999999996,-0.85,-3.4625000000000057
-47781.149999999994,-705.2874999999767,310.125,-570.9249999999884,-13212.362499999988,6322.337500000023,-988.3125,-1763.1625000000058,-1515.0374999999985,-23243.61249999999,1.3875000000000002,0.975,-1.4500000000000028,2.025,-1.4375,4.775000000000006,0.1125,0.25,-0.2250000000000001,-0.32499999999999996,-0.85,2.5374999999999943
-47777.149999999994,-1208.2874999999767,110.125,-461.92499999998836,-13296.362499999988,5652.337500000023,-490.3125,-2226.162500000006,-660.0374999999985,-24096.61249999999,0.3875000000000002,-1.025,-2.450000000000003,-1.975,2.5625,3.7750000000000057,0.1125,0.25,0.7749999999999999,-1.325,1.15,-0.4625000000000057
-49678.149999999994,564.7125000000233,583.125,736.0750000000116,-11961.362499999988,4866.337500000023,1122.6875,-2414.162500000006,283.96250000000146,-22494.61249999999,0.3875000000000002,-0.025000000000000022,1.5499999999999972,-1.975,-0.4375,1.7750000000000057,-0.8875,0.25,0.7749999999999999,2.675,0.15,-1.4625000000000057
-49614.149999999994,946.7125000000233,531.125,635.0750000000116,-12376.362499999988,5074.337500000023,492.6875,-2417.162500000006,-25.037499999998545,-23133.61249999999,-2.6125,-1.025,0.5499999999999972,1.025,-1.4375,-1.2249999999999943,0.1125,0.25,-0.2250000000000001,0.675,0.15,-2.4625000000000057
-49167.149999999994,-776.2874999999767,101.125,-402.92499999998836,-12810.362499999988,5373.337500000023,595.6875,-2039.1625000000058,-273.03749999999854,-23585.61249999999,2.3875,-1.025,-1.4500000000000028,1.025,-0.4375,2.7750000000000057,0.1125,0.25,0.7749999999999999,-0.32499999999999996,0.15,-1.4625000000000057
-49277.149999999994,503.7125000000233,459.125,612.0750000000116,-12505.362499999988,5521.337500000023,271.6875,-2057.162500000006,-644.0374999999985,-23649.61249999999,0.3875000000000002,-0.025000000000000022,-2.450000000000003,-0.9750000000000001,-0.4375,3.7750000000000057,-0.8875,0.25,-0.2250000000000001,-1.325,0.15,-0.4625000000000057
-48605.149999999994,-138.28749999997672,229.125,426.07500000001164,-12116.362499999988,4605.337500000023,918.6875,-1848.1625000000058,-229.03749999999854,-22866.61249999999,-1.6124999999999998,0.975,7.549999999999997,2.025,0.5625,0.7750000000000057,0.1125,-0.75,-0.2250000000000001,-2.325,-1.85,1.5374999999999943
-48873.149999999994,379.7125000000233,116.125,733.0750000000116,-11943.362499999988,4582.337500000023,-264.3125,-1944.1625000000058,118.96250000000146,-22970.61249999999,-85.6125,-11.025,133.55,-8.975,-5.4375,-23.224999999999994,0.1125,0.25,-0.2250000000000001,7.675,-0.85,-16.462500000000006
-30712.149999999994,55218.71250000002,116.125,56.07500000001164,-12138.362499999988,22411.337500000023,29681.6875,-1911.1625000000058,-799.0374999999985,-25265.61249999999,103.3875,-20.025,-20.450000000000003,-162.975,102.5625,356.775,-1.8875,0.25,2.775,-37.325,18.15,-3.4625000000000057
33153.850000000006,252852.71250000002,4352.125,-2061.9249999999884,-18758.36249999999,210852.33750000002,249495.6875,323.8374999999942,-2704.0374999999985,-26932.61249999999,-81.6125,102.975,9.549999999999997,39.025,-16.4375,4.775000000000006,0.1125,-4.75,4.775,34.675,-22.85,25.537499999999994
168388.85,325065.7125,21033.125,4735.075000000012,-27684.36249999999,518964.3375,314906.6875,-3123.162500000006,6017.9625000000015,-15186.612499999988,-11.6125,-7.025,-65.45,-188.975,45.5625,108.775,3.1125,-1.75,4.775,-21.325,-46.85,-53.462500000000006
139116.85,287509.7125,11576.125,2570.0750000000116,-2699.3624999999884,420194.3375,253606.6875,1170.8374999999942,-1150.0374999999985,-16019.612499999988,-12.6125,11.975,-26.450000000000003,64.025,-72.4375,-104.225,1.1125,2.25,-2.225,20.675,-66.85,-28.462500000000006
94713.85,219081.71250000002,5044.125,-4904.924999999988,-793.3624999999884,100825.33750000002,205921.6875,-1251.1625000000058,-3004.0374999999985,-21062.61249999999,-34.6125,-18.025,-6.450000000000003,-5.975,-36.4375,-29.224999999999994,0.1125,1.25,-2.225,27.675,9.15,17.537499999999994
63364.850000000006,164387.71250000002,1576.125,-828.9249999999884,2242.6375000000116,145622.33750000002,168331.6875,-4148.162500000006,-5301.0374999999985,-19789.61249999999,-21.6125,-78.025,23.549999999999997,22.025,-11.4375,-17.224999999999994,0.1125,-0.75,0.7749999999999999,-15.325,23.15,-16.462500000000006
8193.850000000006,758.7125000000233,-1696.875,2578.0750000000116,-6073.362499999988,17428.337500000023,465.6875,-2422.162500000006,2491.9625000000015,-21057.61249999999,29.3875,-30.025,-35.45,7.025,9.5625,-21.224999999999994,0.1125,-2.75,-0.2250000000000001,-7.325,-12.85,-13.462500000000006
11981.850000000006,-5410.287499999977,-1526.875,-3303.9249999999884,5300.637500000012,1020.3375000000233,-4402.3125,-1629.1625000000058,-3112.0374999999985,-19610.61249999999,1.3875000000000002,-10.025,43.55,-4.975,2.5625,5.775000000000006,0.1125,-0.75,-0.2250000000000001,-6.325,-10.85,4.537499999999994
9209.850000000006,-329.2874999999767,-158.875,2036.0750000000116,-1414.3624999999884,-3433.6624999999767,448.6875,-2848.162500000006,116.96250000000146,-14837.612499999988,6.3875,-6.025,-11.450000000000003,4.025,-7.4375,-6.224999999999994,1.1125,0.25,-0.2250000000000001,1.675,1.15,-5.462500000000006
831.8500000000058,5204.712500000023,1499.125,3031.0750000000116,-818.3624999999884,-6309.662499999977,3773.6875,-3783.162500000006,2146.9625000000015,-12013.612499999988,11.3875,2.975,-24.450000000000003,7.025,54.5625,46.775000000000006,1.1125,1.25,-1.225,9.675,12.15,-5.462500000000006
3920.850000000006,-1211.2874999999767,-1186.875,-1551.9249999999884,-2884.3624999999884,-111.66249999997672,17179.6875,-865.1625000000058,-227.03749999999854,-14911.612499999988,-5.6125,-1.025,5.549999999999997,11.025,3.5625,-26.224999999999994,0.1125,-0.75,0.7749999999999999,3.675,3.15,-10.462500000000006
9471.850000000006,-3508.2874999999767,-2239.875,-2787.9249999999884,-4984.362499999988,-5144.662499999977,110216.6875,715.8374999999942,-5164.0374999999985,-22206.61249999999,7.3875,-19.025,11.549999999999997,42.025,-17.4375,-67.225,-0.8875,1.25,-0.2250000000000001,-0.32499999999999996,-9.85,-3.4625000000000057
4214.850000000006,-159.28749999997672,-1194.875,1025.0750000000116,1834.6375000000116,-16189.662499999977,201423.6875,-520.1625000000058,3127.9625000000015,-11643.612499999988,70.3875,-51.025,-152.45,-55.975,0.5625,21.775000000000006,0.1125,1.25,-0.2250000000000001,0.675,0.15,-18.462500000000006
5365.850000000006,5155.712500000023,1071.125,3505.0750000000116,-3976.3624999999884,-29563.662499999977,189653.6875,-714.1625000000058,65.96250000000146,-16891.61249999999,-32.6125,70.975,12.549999999999997,27.025,-30.4375,-55.224999999999994,0.1125,-0.75,-0.2250000000000001,6.675,-6.85,-10.462500000000006
-11133.149999999994,47463.71250000002,-123.875,-1058.9249999999884,-6871.362499999988,-29822.662499999977,182574.6875,993.8374999999942,-3843.0374999999985,-22046.61249999999,34.3875,33.975,33.55,-39.975,-5.4375,0.7750000000000057,-0.8875,1.25,-0.2250000000000001,-22.325,-8.85,8.537499999999994
-118570.15,159210.71250000002,16637.125,1866.0750000000116,-6397.362499999988,-20919.662499999977,205047.6875,-3908.162500000006,-3501.0374999999985,-21456.61249999999,23.3875,17.975,36.55,12.025,-1.4375,24.775000000000006,1.1125,-0.75,3.775,12.675,13.15,6.537499999999994
-146076.15,111990.71250000002,7580.125,3453.0750000000116,-4357.362499999988,-22951.662499999977,179675.6875,-7712.162500000006,3642.9625000000015,-8687.612499999988,21.3875,32.975,-25.450000000000003,-7.975,-2.4375,41.775000000000006,0.1125,-0.75,0.7749999999999999,-2.325,11.15,-17.462500000000006
-136016.15,74844.71250000002,5668.125,-530.9249999999884,-10752.362499999988,-9259.662499999977,120856.6875,-4049.162500000006,2781.9625000000015,-14533.612499999988,32.3875,30.975,-79.45,-3.975,-3.4375,86.775,0.1125,-1.75,2.775,8.675,-13.85,-1.4625000000000057
-130152.15,22593.712500000023,-843.875,-3625.9249999999884,-1081.3624999999884,-42068.66249999998,141043.6875,473.8374999999942,-1071.0374999999985,-22858.61249999999,-17.6125,47.975,26.549999999999997,13.025,17.5625,61.775000000000006,-0.8875,-0.75,0.7749999999999999,-3.325,-5.85,12.537499999999994
-150577.15,49028.71250000002,-1374.875,184.07500000001164,-3608.3624999999884,-49955.66249999998,183434.6875,-2038.1625000000058,1278.9625000000015,-14129.612499999988,24.3875,20.975,-56.45,30.025,-7.4375,-32.224999999999994,0.1125,1.25,0.7749999999999999,-6.325,-7.85,9.537499999999994
-173855.15,95281.71250000002,6046.125,1892.0750000000116,-6921.362499999988,-55530.66249999998,206421.6875,-2259.162500000006,731.9625000000015,-13893.612499999988,-7.6125,29.975,4.549999999999997,-35.975,-10.4375,41.775000000000006,0.1125,1.25,-2.225,3.675,13.15,15.537499999999994
-165277.15,94383.71250000002,4346.125,833.0750000000116,-5474.362499999988,-42908.66249999998,200974.6875,-1763.1625000000058,443.96250000000146,-14664.612499999988,-6.6125,0.975,35.55,-3.975,22.5625,18.775000000000006,-0.8875,1.25,-0.2250000000000001,-0.32499999999999996,6.15,14.537499999999994
-144396.15,58880.71250000002,2528.125,-936.9249999999884,-7634.362499999988,-34211.66249999998,159248.6875,-884.1625000000058,-2516.0374999999985,-18236.61249999999,7.3875,-19.025,-8.450000000000003,22.025,5.5625,18.775000000000006,0.1125,0.25,-0.2250000000000001,-5.325,-10.85,9.537499999999994
-140046.15,35399.71250000002,2123.125,497.07500000001164,-4912.362499999988,-32530.662499999977,132101.6875,-1885.1625000000058,623.9625000000015,-14254.612499999988,4.3875,8.975,-9.450000000000003,2.025,-9.4375,17.775000000000006,0.1125,-0.75,-1.225,2.675,-11.85,18.537499999999994
-130556.15,21576.712500000023,2677.125,566.0750000000116,-4124.362499999988,-23167.662499999977,70565.6875,8499.837499999994,-318.03749999999854,-14276.612499999988,4.3875,-10.025,5.549999999999997,-3.975,0.5625,28.775000000000006,0.1125,0.25,0.7749999999999999,-8.325,-16.85,19.537499999999994
35033.850000000006,289260.7125,2466.125,-909.9249999999884,-6097.362499999988,156406.33750000002,84314.6875,15126.837499999994,-1599.0374999999985,-18424.61249999999,84.3875,165.975,305.55,69.025,-179.4375,-202.225,-2.8875,0.25,0.7749999999999999,-27.325,-18.85,52.537499999999994
285458.85,497110.7125,6743.125,-3543.9249999999884,-17815.36249999999,573776.3375,375035.6875,-639.1625000000058,-4517.0374999999985,-19367.61249999999,-50.6125,-40.025,71.55,-179.975,-113.4375,228.775,4.1125,-3.75,1.775,-4.325,-44.85,18.537499999999994
215646.85,268825.7125,1452.125,4501.075000000012,-20246.36249999999,540881.3375,328960.6875,-28794.162500000006,4415.9625000000015,-2385.6124999999884,46.3875,58.975,38.55,149.025,5.5625,73.775,1.1125,6.25,-1.225,60.675,-35.85,-26.462500000000006
-56869.149999999994,220010.71250000002,21475.125,-5786.924999999988,537.6375000000116,1124.3375000000233,212120.6875,-27085.162500000006,-6240.0374999999985,-10413.612499999988,-38.6125,34.975,208.55,-88.975,-138.4375,-94.225,3.1125,2.25,5.775,52.675,4.15,22.537499999999994
7095.850000000006,369611.7125,26809.125,-7903.924999999988,-3347.3624999999884,103602.33750000002,272325.6875,3849.837499999994,-13070.037499999999,-29427.61249999999,33.3875,-5.025,-61.45,85.025,35.5625,11.775000000000006,2.1125,-4.75,4.775,-65.325,41.15,-0.4625000000000057
12655.850000000006,267591.7125,7498.125,5341.075000000012,1638.6375000000116,168978.33750000002,132237.6875,18496.837499999994,6796.9625000000015,-10456.612499999988,-31.6125,-5.025,103.55,-28.975,-14.4375,-147.225,-1.8875,0.25,-6.225,68.675,-3.85,46.537499999999994
-15740.149999999994,41095.71250000002,-18140.875,-2414.9249999999884,13648.637500000012,-1372.6624999999767,23932.6875,16909.837499999994,-3982.0374999999985,-22970.61249999999,39.3875,7.975,-80.45,-20.975,6.5625,-86.225,0.1125,-1.75,1.775,25.675,-12.85,35.537499999999994
-48078.149999999994,-1093.2874999999767,-26064.875,-5479.924999999988,-6770.362499999988,15795.337500000023,-6516.3125,7837.837499999994,-7237.0374999999985,-15355.612499999988,-0.6124999999999998,-20.025,-17.450000000000003,-9.975,-11.4375,-68.225,-1.8875,-0.75,-6.225,-18.325,-10.85,20.537499999999994
-61134.149999999994,-3501.2874999999767,-12040.875,18614.07500000001,12887.637500000012,-2718.6624999999767,979.6875,3268.837499999994,30612.9625,-5167.612499999988,3.3875,-20.025,-12.450000000000003,-11.975,-17.4375,-41.224999999999994,2.1125,-0.75,1.775,-18.325,-28.85,22.537499999999994
-59527.149999999994,-28.287499999976717,-845.875,194629.075,3399.6375000000116,1361.3375000000233,3669.6875,-9063.162500000006,124804.9625,55939.38750000001,-0.6124999999999998,33.975,10.549999999999997,0.02499999999999991,-3.4375,-52.224999999999994,-0.8875,1.25,-2.225,22.675,-14.85,51.537499999999994
-54525.149999999994,1129.7125000000233,-2599.875,175488.075,19271.63750000001,4145.337500000023,-704.3125,-8276.162500000006,166860.9625,84718.38750000001,1.3875000000000002,-6.025,-106.45,-42.975,28.5625,-74.225,-0.8875,-0.75,0.7749999999999999,-11.325,-26.85,37.537499999999994
-58458.149999999994,91253.71250000002,-1967.875,134419.075,79981.63750000001,5080.337500000023,69788.6875,-1678.1625000000058,142546.9625,59729.38750000001,37.3875,46.975,-58.45,-10.975,-55.4375,42.775000000000006,0.1125,-1.75,-1.225,-0.32499999999999996,12.15,40.537499999999994
-54617.149999999994,278873.7125,9422.125,124764.07500000001,55595.63750000001,13477.337500000023,269288.6875,1173.8374999999942,103492.9625,29447.38750000001,13.3875,-36.025,-42.45,34.025,-6.4375,-23.224999999999994,-2.8875,-2.75,-1.225,-23.325,-22.85,51.537499999999994
-61661.149999999994,221671.71250000002,22953.125,122910.07500000001,34548.63750000001,-24512.662499999977,240240.6875,-1333.1625000000058,169983.9625,63659.38750000001,-8.6125,15.975,-0.45000000000000284,-7.975,17.5625,-8.224999999999994,1.1125,-0.75,0.7749999999999999,-1.325,11.15,51.537499999999994
-64417.149999999994,210654.71250000002,7332.125,146748.075,36404.63750000001,1634.3375000000233,219985.6875,-1403.1625000000058,179248.9625,51360.38750000001,-20.6125,-22.025,15.549999999999997,-5.975,7.5625,16.775000000000006,-0.8875,-0.75,0.7749999999999999,-22.325,-2.85,46.537499999999994
-132387.15,338823.7125,9132.125,203053.075,94582.63750000001,-15973.662499999977,304308.6875,-767.1625000000058,189720.9625,39573.38750000001,13.3875,-16.025,7.549999999999997,8.025,-16.4375,14.775000000000006,-0.8875,0.25,-0.2250000000000001,-2.325,-7.85,40.537499999999994
-114329.15,285416.7125,14324.125,279751.075,76350.63750000001,-8873.662499999977,254952.6875,-3943.162500000006,196504.9625,31524.38750000001,-6.6125,-8.025,-24.450000000000003,26.025,1.5625,-2.2249999999999943,0.1125,-1.75,0.7749999999999999,7.675,-5.85,18.537499999999994
-64982.149999999994,224682.71250000002,4720.125,245874.075,63907.63750000001,-5961.662499999977,205673.6875,-2654.162500000006,236416.9625,37462.38750000001,1.3875000000000002,7.975,18.549999999999997,-19.975,26.5625,40.775000000000006,0.1125,0.25,1.775,0.675,1.15,24.537499999999994
-57945.149999999994,146808.71250000002,1560.125,167192.075,49538.63750000001,-6653.662499999977,137420.6875,-3279.162500000006,150356.9625,-240.61249999998836,-2.6125,-11.025,2.549999999999997,4.025,4.5625,23.775000000000006,-0.8875,0.25,0.7749999999999999,-12.325,-6.85,-16.462500000000006
-50407.149999999994,76535.71250000002,4545.125,144485.075,46053.63750000001,-8480.662499999977,84494.6875,-2572.162500000006,145835.9625,1097.3875000000116,3.3875,8.975,0.5499999999999972,-16.975,3.5625,25.775000000000006,-0.8875,0.25,-1.225,5.675,9.15,7.537499999999994
-19256.149999999994,30208.712500000023,1415.125,114745.07500000001,35997.63750000001,4035.3375000000233,57069.6875,-1940.1625000000058,136690.9625,-7851.612499999988,-14.6125,-19.025,17.549999999999997,12.025,-6.4375,-2.2249999999999943,0.1125,0.25,-0.2250000000000001,-2.325,0.15,-3.4625000000000057
-21369.149999999994,32342.712500000023,42.125,114053.07500000001,47506.63750000001,13819.337500000023,4035.6875,-1031.1625000000058,84957.9625,-24297.61249999999,4.3875,7.975,-9.450000000000003,-6.975,14.5625,23.775000000000006,0.1125,0.25,-0.2250000000000001,-5.325,-2.85,-9.462500000000006
-55714.149999999994,66006.71250000002,-1081.875,126616.07500000001,45951.63750000001,4319.337500000023,4581.6875,-2971.162500000006,73337.9625,-23538.61249999999,-1.6124999999999998,5.975,6.549999999999997,14.025,-4.4375,16.775000000000006,0.1125,1.25,-0.2250000000000001,2.675,-11.85,11.537499999999994
-98396.15,136050.71250000002,5235.125,151744.075,42582.63750000001,-11893.662499999977,88430.6875,-3624.162500000006,167018.9625,-20388.61249999999,-11.6125,5.975,24.549999999999997,-15.975,0.5625,45.775000000000006,-0.8875,-0.75,-0.2250000000000001,8.675,12.15,14.537499999999994
-109488.15,172625.71250000002,7237.125,167151.075,39975.63750000001,5732.337500000023,188180.6875,-3950.162500000006,197600.9625,-12922.612499999988,-10.6125,4.975,20.549999999999997,2.025,-2.4375,30.775000000000006,0.1125,0.25,0.7749999999999999,9.675,1.15,-23.462500000000006
-105135.15,167276.71250000002,8472.125,212157.075,22777.63750000001,-23080.662499999977,190589.6875,-2419.162500000006,192155.9625,-7094.612499999988,24.3875,-2.025,-16.450000000000003,17.025,-3.4375,12.775000000000006,0.1125,1.25,0.7749999999999999,-16.325,-2.85,-14.462500000000006
-130497.15,198939.71250000002,8965.125,191068.075,50579.63750000001,-10321.662499999977,233811.6875,-3476.162500000006,176760.9625,-16620.61249999999,-16.6125,-1.025,40.55,0.02499999999999991,6.5625,34.775000000000006,0.1125,0.25,-1.225,30.675,2.15,4.537499999999994
-134177.15,238221.71250000002,11662.125,167511.075,39800.63750000001,11948.337500000023,217208.6875,-3878.162500000006,161314.9625,-22518.61249999999,4.3875,-14.025,-10.450000000000003,-0.9750000000000001,3.5625,18.775000000000006,-0.8875,1.25,-0.2250000000000001,32.675,-0.85,2.5374999999999943
-98211.15,216365.71250000002,11979.125,180216.075,3083.6375000000116,2746.3375000000233,216661.6875,-3811.162500000006,161583.9625,-12994.612499999988,3.3875,2.975,-11.450000000000003,7.025,-2.4375,-3.2249999999999943,0.1125,0.25,-0.2250000000000001,-9.325,-1.85,-15.462500000000006
-90173.15,195154.71250000002,10076.125,172978.075,37658.63750000001,932.3375000000233,204459.6875,-3511.162500000006,158500.9625,-20158.61249999999,-0.6124999999999998,-8.025,8.549999999999997,1.025,1.5625,2.7750000000000057,0.1125,-0.75,-0.2250000000000001,5.675,0.15,7.537499999999994
-73310.15,165886.71250000002,7177.125,181826.075,54715.63750000001,1411.3375000000233,180201.6875,-3401.162500000006,154781.9625,-33338.61249999999,-0.6124999999999998,-3.025,7.549999999999997,0.02499999999999991,-2.4375,-2.2249999999999943,0.1125,-0.75,-0.2250000000000001,0.675,0.15,3.5374999999999943
-67758.15,154074.71250000002,6627.125,186339.075,44040.63750000001,-3453.6624999999767,163030.6875,-4730.162500000006,156330.9625,-26365.61249999999,3.3875,-3.025,-3.450000000000003,-2.975,1.5625,-3.2249999999999943,0.1125,-0.75,1.775,2.675,-1.85,-2.4625000000000057
-55893.149999999994,131715.71250000002,5402.125,178429.075,43552.63750000001,-2512.6624999999767,140823.6875,-4594.162500000006,155032.9625,-23142.61249999999,1.3875000000000002,-5.025,-6.450000000000003,1.025,3.5625,-10.224999999999994,0.1125,0.25,-0.2250000000000001,1.675,0.15,-3.4625000000000057
-48515.149999999994,109974.71250000002,3767.125,163394.075,38844.63750000001,-219.66249999997672,107398.6875,-4922.162500000006,146658.9625,-23543.61249999999,0.3875000000000002,-5.025,-0.45000000000000284,-1.975,-4.4375,-4.224999999999994,0.1125,0.25,-0.2250000000000001,3.675,1.15,-0.4625000000000057
-52019.149999999994,108417.71250000002,2841.125,146820.075,38588.63750000001,-3182.6624999999767,115261.6875,-4932.162500000006,131621.9625,-25842.61249999999,1.3875000000000002,0.975,0.5499999999999972,1.025,-1.4375,-9.224999999999994,0.1125,0.25,-0.2250000000000001,0.675,0.15,-1.4625000000000057
-65596.15,124809.71250000002,3339.125,130568.07500000001,37289.63750000001,-7730.662499999977,134185.6875,-4836.162500000006,130186.9625,-26837.61249999999,1.3875000000000002,-3.025,1.5499999999999972,0.02499999999999991,0.5625,-4.224999999999994,0.1125,-0.75,0.7749999999999999,0.675,-0.85,-3.4625000000000057
-83155.15,145413.71250000002,4412.125,149763.075,32434.63750000001,-7469.662499999977,147773.6875,-4837.162500000006,133518.9625,-24896.61249999999,-0.6124999999999998,-0.025000000000000022,1.5499999999999972,1.025,-0.4375,-5.224999999999994,0.1125,0.25,-0.2250000000000001,3.675,2.15,0.5374999999999943
-100429.15,154221.71250000002,6252.125,172465.075,28842.63750000001,-1494.6624999999767,155814.6875,-4067.162500000006,143341.9625,-20741.61249999999,2.3875,-2.025,0.5499999999999972,0.02499999999999991,-1.4375,-1.2249999999999943,0.1125,-0.75,-0.2250000000000001,0.675,3.15,-0.4625000000000057
-120090.15,199756.71250000002,8889.125,172265.075,22699.63750000001,2019.3375000000233,185740.6875,-3656.162500000006,152047.9625,-12480.612499999988,-0.6124999999999998,-1.025,-1.4500000000000028,0.02499999999999991,-0.4375,-4.224999999999994,0.1125,0.25,-1.225,0.675,1.15,-1.4625000000000057
-118656.15,202116.71250000002,9256.125,162645.075,18374.63750000001,2907.3375000000233,195777.6875,-3354.162500000006,141774.9625,-11279.612499999988,-0.6124999999999998,-0.025000000000000022,0.5499999999999972,-0.9750000000000001,1.5625,-2.2249999999999943,0.1125,0.25,0.7749999999999999,-0.32499999999999996,0.15,-0.4625000000000057
-103742.15,192831.71250000002,9080.125,158785.075,14365.637500000012,5980.337500000023,190862.6875,-3195.162500000006,145242.9625,-10573.612499999988,-0.6124999999999998,-0.025000000000000022,2.549999999999997,-0.9750000000000001,-0.4375,-0.22499999999999432,0.1125,0.25,-0.2250000000000001,-1.325,1.15,0.5374999999999943
-92478.15,185931.71250000002,9057.125,154432.075,11966.637500000012,7869.337500000023,179607.6875,-3423.162500000006,151637.9625,-6439.612499999988,-2.6125,-0.025000000000000022,2.549999999999997,-1.975,-1.4375,-1.2249999999999943,0.1125,-0.75,-0.2250000000000001,-0.32499999999999996,1.15,-0.4625000000000057
-82442.15,179254.71250000002,9062.125,150251.075,10500.637500000012,6160.337500000023,173174.6875,-3625.162500000006,147335.9625,-3646.6124999999884,-0.6124999999999998,-0.025000000000000022,0.5499999999999972,-0.9750000000000001,0.5625,-3.2249999999999943,0.1125,0.25,-0.2250000000000001,-0.32499999999999996,0.15,-1.4625000000000057
-66363.15,173205.71250000002,8420.125,143307.075,9669.637500000012,4739.337500000023,164016.6875,-3466.162500000006,138464.9625,-4981.612499999988,-0.6124999999999998,-0.025000000000000022,-1.4500000000000028,-0.9750000000000001,-0.4375,-2.2249999999999943,0.1125,0.25,0.7749999999999999,-1.325,0.15,-0.4625000000000057
-61516.149999999994,168058.71250000002,8327.125,138557.075,9854.637500000012,2803.3375000000233,158232.6875,-3480.162500000006,128680.9625,-7805.612499999988,-1.6124999999999998,0.975,-0.45000000000000284,-2.975,-0.4375,0.7750000000000057,0.1125,0.25,0.7749999999999999,-0.32499999999999996,-0.85,0.5374999999999943
-60426.149999999994,166082.71250000002,8293.125,134849.075,8648.637500000012,-11839.662499999977,160572.6875,-3493.162500000006,121706.9625,-7252.612499999988,-0.6124999999999998,-1.025,-1.4500000000000028,-0.9750000000000001,-0.4375,-3.2249999999999943,-0.8875,0.25,-0.2250000000000001,-1.325,-0.85,-2.4625000000000057
-67711.15,173131.71250000002,8153.125,133003.075,8316.637500000012,-17805.662499999977,167033.6875,-3356.162500000006,132017.9625,-4755.612499999988,-0.6124999999999998,-0.025000000000000022,1.5499999999999972,-0.9750000000000001,-1.4375,-0.22499999999999432,0.1125,0.25,0.7749999999999999,-1.325,-0.85,0.5374999999999943
-76236.15,184465.71250000002,8327.125,135079.075,7933.637500000012,-20334.662499999977,174830.6875,-3325.162500000006,144307.9625,-1562.6124999999884,-1.6124999999999998,-0.025000000000000022,1.5499999999999972,0.02499999999999991,-1.4375,-0.22499999999999432,0.1125,-0.75,-0.2250000000000001,-1.325,-0.85,0.5374999999999943
-83692.15,192773.71250000002,8485.125,146201.075,7198.637500000012,-21604.662499999977,182521.6875,-3392.162500000006,147888.9625,-566.6124999999884,-0.6124999999999998,-1.025,-2.450000000000003,0.02499999999999991,-1.4375,-1.2249999999999943,0.1125,0.25,-0.2250000000000001,-0.32499999999999996,-0.85,-1.4625000000000057
-89557.15,189731.71250000002,8593.125,152202.075,6784.637500000012,-22381.662499999977,179967.6875,-3515.162500000006,147573.9625,-957.6124999999884,-0.6124999999999998,-0.025000000000000022,-0.45000000000000284,-0.9750000000000001,-1.4375,-0.22499999999999432,0.1125,-0.75,-0.2250000000000001,-0.32499999999999996,0.15,-0.4625000000000057
-88027.15,179485.71250000002,8242.125,157229.075,4286.637500000012,-20341.662499999977,173445.6875,-3533.162500000006,141924.9625,-3874.6124999999884,0.3875000000000002,0.975,-0.45000000000000284,0.02499999999999991,0.5625,0.7750000000000057,0.1125,0.25,0.7749999999999999,-0.32499999999999996,0.15,0.5374999999999943
-81016.15,172347.71250000002,8357.125,153410.075,3396.6375000000116,-18756.662499999977,167896.6875,-3592.162500000006,139226.9625,-5193.612499999988,0.3875000000000002,-0.025000000000000022,-0.45000000000000284,1.025,-0.4375,0.7750000000000057,0.1125,0.25,-0.2250000000000001,-0.32499999999999996,0.15,0.5374999999999943
-81264.15,170490.71250000002,8255.125,149562.075,2425.6375000000116,-19021.662499999977,165573.6875,-3814.162500000006,137241.9625,-6236.612499999988,1.3875000000000002,-0.025000000000000022,-2.450000000000003,0.02499999999999991,0.5625,0.7750000000000057,0.1125,0.25,0.7749999999999999,1.675,1.15,-0.4625000000000057
-81546.15,166108.71250000002,8075.125,150907.075,1510.6375000000116,-19324.662499999977,164233.6875,-3701.162500000006,138479.9625,-6963.612499999988,1.3875000000000002,-0.025000000000000022,-1.4500000000000028,1.025,1.5625,-0.22499999999999432,0.1125,0.25,-0.2250000000000001,0.675,0.15,-0.4625000000000057
-85370.15,164941.71250000002,8095.125,154467.075,723.6375000000116,-19789.662499999977,165464.6875,-3611.162500000006,139517.9625,-7906.612499999988,1.3875000000000002,0.975,2.549999999999997,2.025,-0.4375,-0.22499999999999432,0.1125,0.25,0.7749999999999999,0.675,0.15,-0.4625000000000057
-90763.15,167738.71250000002,8102.125,157985.075,947.6375000000116,-20586.662499999977,168942.6875,-3533.162500000006,138292.9625,-9064.612499999988,1.3875000000000002,-0.025000000000000022,1.5499999999999972,1.025,0.5625,0.7750000000000057,0.1125,0.25,-0.2250000000000001,1.675,-0.85,1.5374999999999943
-95451.15,170658.71250000002,8234.125,160952.075,2097.6375000000116,-20900.662499999977,170468.6875,-4089.162500000006,141371.9625,-11376.612499999988,0.3875000000000002,-0.025000000000000022,-0.45000000000000284,1.025,0.5625,-0.22499999999999432,0.1125,0.25,-0.2250000000000001,1.675,1.15,0.5374999999999943
-96964.15,170871.71250000002,8038.125,161996.075,2975.6375000000116,-20281.662499999977,167584.6875,-4064.162500000006,144517.9625,-12480.612499999988,2.3875,-0.025000000000000022,-0.45000000000000284,2.025,0.5625,-0.22499999999999432,0.1125,0.25,-0.2250000000000001,1.675,0.15,1.5374999999999943
-95000.15,166962.71250000002,8038.125,161558.075,3425.6375000000116,-19645.662499999977,166240.6875,-3938.162500000006,144386.9625,-13163.612499999988,1.3875000000000002,0.975,1.5499999999999972,1.025,0.5625,-0.22499999999999432,0.1125,0.25,-0.2250000000000001,1.675,0.15,-0.4625000000000057
-93892.15,165025.71250000002,8087.125,159648.075,4039.6375000000116,-18590.662499999977,166051.6875,-4150.162500000006,141665.9625,-14267.612499999988,1.3875000000000002,0.975,0.5499999999999972,1.025,0.5625,-0.22499999999999432,0.1125,1.25,-0.2250000000000001,0.675,0.15,1.5374999999999943
-94556.15,167154.71250000002,8053.125,157881.075,5178.637500000012,-19230.662499999977,166401.6875,-4062.162500000006,139207.9625,-14264.612499999988,0.3875000000000002,-0.025000000000000022,1.5499999999999972,1.025,0.5625,-0.22499999999999432,-0.8875,-0.75,0.7749999999999999,1.675,0.15,-0.4625000000000057
-95218.15,169699.71250000002,8336.125,158132.075,6515.637500000012,-20159.662499999977,167195.6875,-3894.162500000006,140874.9625,-11965.612499999988,1.3875000000000002,-1.025,-0.45000000000000284,1.025,-0.4375,-0.22499999999999432,0.1125,1.25,-0.2250000000000001,-0.32499999999999996,0.15,-0.4625000000000057
-95338.15,172228.71250000002,8572.125,154952.075,8022.637500000012,-20992.662499999977,169279.6875,-3930.162500000006,141919.9625,-9604.612499999988,0.3875000000000002,-0.025000000000000022,0.5499999999999972,1.025,-0.4375,-0.22499999999999432,0.1125,0.25,-0.2250000000000001,0.675,0.15,-0.4625000000000057
-94823.15,174735.71250000002,8594.125,151745.075,7961.637500000012,-20738.662499999977,170941.6875,-3711.162500000006,142090.9625,-8205.612499999988,0.3875000000000002,-0.025000000000000022,-0.45000000000000284,0.02499999999999991,-0.4375,-0.22499999999999432,0.1125,0.25,0.7749999999999999,0.675,1.15,0.5374999999999943
-92905.15,175165.71250000002,8239.125,151056.075,8139.637500000012,-20222.662499999977,168805.6875,-3774.162500000006,142718.9625,-7388.612499999988,0.3875000000000002,-1.025,-0.45000000000000284,1.025,-0.4375,-0.22499999999999432,-0.8875,1.25,-0.2250000000000001,0.675,0.15,1.5374999999999943
-90291.15,174589.71250000002,8231.125,151739.075,8497.637500000012,-19341.662499999977,166310.6875,-3934.162500000006,143170.9625,-7140.612499999988,0.3875000000000002,-0.025000000000000022,0.5499999999999972,0.02499999999999991,-1.4375,-0.22499999999999432,0.1125,0.25,-0.2250000000000001,-0.32499999999999996,-0.85,1.5374999999999943
-86877.15,176601.71250000002,8274.125,149454.075,9138.637500000012,-19065.662499999977,166672.6875,-3914.162500000006,144791.9625,-6063.612499999988,-0.6124999999999998,-0.025000000000000022,-0.45000000000000284,-0.9750000000000001,-1.4375,-0.22499999999999432,0.1125,0.25,-0.2250000000000001,-1.325,-0.85,0.5374999999999943
-83801.15,177675.71250000002,8102.125,147400.075,9467.637500000012,-18470.662499999977,167679.6875,-3710.162500000006,146867.9625,-4304.612499999988,-0.6124999999999998,-1.025,0.5499999999999972,-0.9750000000000001,-1.4375,-1.2249999999999943,0.1125,0.25,-0.2250000000000001,-0.32499999999999996,-0.85,-0.4625000000000057
-82870.15,178668.71250000002,8104.125,147558.075,9378.637500000012,-18064.662499999977,165815.6875,-3785.162500000006,145822.9625,-4027.6124999999884,-0.6124999999999998,-0.025000000000000022,0.5499999999999972,-0.9750000000000001,-0.4375,-0.22499999999999432,0.1125,-0.75,-0.2250000000000001,-0.32499999999999996,0.15,-0.4625000000000057
-82814.15,178533.71250000002,8159.125,147125.075,9273.637500000012,-18304.662499999977,166618.6875,-3843.162500000006,146258.9625,-3838.6124999999884,-1.6124999999999998,-0.025000000000000022,-0.45000000000000284,-0.9750000000000001,-0.4375,-0.22499999999999432,0.1125,0.25,-0.2250000000000001,-0.32499999999999996,0.15,-0.4625000000000057
-83067.15,178291.71250000002,8256.125,147389.075,9199.637500000012,-18413.662499999977,166405.6875,-3873.162500000006,146324.9625,-3709.6124999999884,-0.6124999999999998,-0.025000000000000022,0.5499999999999972,-0.9750000000000001,0.5625,0.7750000000000057,0.1125,0.25,-0.2250000000000001,-0.32499999999999996,-0.85,0.5374999999999943
-83253.15,178278.71250000002,8363.125,148298.075,8801.637500000012,-18347.662499999977,166461.6875,-3835.162500000006,145584.9625,-4019.6124999999884,-0.6124999999999998,0.975,0.5499999999999972,0.02499999999999991,0.5625,-0.22499999999999432,0.1125,-0.75,-1.225,-0.32499999999999996,0.15,-0.4625000000000057
-83515.15,178286.71250000002,8459.125,149120.075,8482.637500000012,-18358.662499999977,165993.6875,-3929.162500000006,144242.9625,-4245.612499999988,0.3875000000000002,-0.025000000000000022,-0.45000000000000284,0.02499999999999991,0.5625,-0.22499999999999432,0.1125,0.25,-0.2250000000000001,-0.32499999999999996,0.15,-0.4625000000000057
-84016.15,177910.71250000002,8453.125,149704.075,8056.637500000012,-18626.662499999977,166040.6875,-3891.162500000006,143337.9625,-4611.612499999988,0.3875000000000002,0.975,0.5499999999999972,1.025,0.5625,-0.22499999999999432,0.1125,0.25,0.7749999999999999,0.675,0.15,0.5374999999999943
-84618.15,176799.71250000002,8505.125,150762.075,7714.637500000012,-18898.662499999977,166187.6875,-3790.162500000006,143656.9625,-4714.612499999988,0.3875000000000002,-0.025000000000000022,-0.45000000000000284,1.025,0.5625,-0.22499999999999432,-0.8875,0.25,0.7749999999999999,0.675,0.15,-0.4625000000000057
-85519.15,176157.71250000002,8532.125,151303.075,7327.637500000012,-19219.662499999977,167493.6875,-3934.162500000006,143161.9625,-5128.612499999988,0.3875000000000002,-0.025000000000000022,0.5499999999999972,2.025,0.5625,-0.22499999999999432,0.1125,0.25,-0.2250000000000001,1.675,0.15,0.5374999999999943
-86549.15,174855.71250000002,8614.125,151598.075,7166.637500000012,-19459.662499999977,169043.6875,-4007.162500000006,142098.9625,-5716.612499999988,1.3875000000000002,-0.025000000000000022,0.5499999999999972,1.025,-0.4375,0.7750000000000057,-0.8875,0.25,0.7749999999999999,0.675,0.15,1.5374999999999943
-87323.15,173787.71250000002,8427.125,152485.075,6272.637500000012,-19679.662499999977,168672.6875,-4050.162500000006,141186.9625,-6202.612499999988,0.3875000000000002,-0.025000000000000022,-0.45000000000000284,1.025,-0.4375,0.7750000000000057,0.1125,0.25,0.7749999999999999,0.675,0.15,0.5374999999999943
-89569.15,172826.71250000002,8274.125,153728.075,5924.637500000012,-19977.662499999977,169219.6875,-3946.162500000006,140593.9625,-6857.612499999988,0.3875000000000002,-0.025000000000000022,-0.45000000000000284,1.025,-0.4375,0.7750000000000057,-0.8875,0.25,0.7749999999999999,0.675,0.15,0.5374999999999943
-90419.15,172059.71250000002,8266.125,154299.075,5524.637500000012,-20226.662499999977,170039.6875,-3994.162500000006,140239.9625,-7413.612499999988,1.3875000000000002,-0.025000000000000022,-0.45000000000000284,1.025,-0.4375,-0.22499999999999432,-0.8875,0.25,-0.2250000000000001,1.675,0.15,0.5374999999999943
-91596.15,171486.71250000002,8275.125,154671.075,5253.637500000012,-20235.662499999977,170852.6875,-3968.162500000006,140085.9625,-8190.612499999988,1.3875000000000002,-0.025000000000000022,0.5499999999999972,1.025,-1.4375,0.7750000000000057,0.1125,0.25,-0.2250000000000001,0.675,0.15,-0.4625000000000057
-92783.15,170858.71250000002,8242.125,155425.075,4954.637500000012,-20746.662499999977,171195.6875,-3922.162500000006,140098.9625,-8524.612499999988,0.3875000000000002,-0.025000000000000022,-0.45000000000000284,1.025,0.5625,0.7750000000000057,0.1125,-0.75,0.7749999999999999,0.675,0.15,0.5374999999999943
-93991.15,170472.71250000002,8149.125,155990.075,4634.637500000012,-21313.662499999977,171388.6875,-4043.162500000006,139739.9625,-8991.612499999988,-0.6124999999999998,0.975,-0.45000000000000284,0.02499999999999991,0.5625,-0.22499999999999432,0.1125,0.25,0.7749999999999999,0.675,0.15,1.5374999999999943
-94467.15,169937.71250000002,8072.125,156543.075,3660.6375000000116,-20979.662499999977,171295.6875,-4070.162500000006,139361.9625,-9483.612499999988,-0.6124999999999998,0.975,-0.45000000000000284,0.02499999999999991,-0.4375,-0.22499999999999432,0.1125,0.25,-0.2250000000000001,-0.32499999999999996,0.15,-0.4625000000000057
-94004.15,169128.71250000002,7868.125,157676.075,3586.6375000000116,-20650.662499999977,169905.6875,-3874.162500000006,139711.9625,-10095.612499999988,-0.6124999999999998,-0.025000000000000022,-1.4500000000000028,0.02499999999999991,0.5625,-0.22499999999999432,0.1125,0.25,-0.2250000000000001,-0.32499999999999996,-0.85,-0.4625000000000057
-93174.15,167909.71250000002,7666.125,158517.075,3790.6375000000116,-20539.662499999977,170397.6875,-3748.162500000006,139747.9625,-10396.612499999988,0.3875000000000002,-0.025000000000000022,0.5499999999999972,0.02499999999999991,-0.4375,0.7750000000000057,0.1125,0.25,-0.2250000000000001,0.675,0.15,-0.4625000000000057
-93119.15,168927.71250000002,7700.125,156014.075,4380.637500000012,-20707.662499999977,170732.6875,-3718.162500000006,139169.9625,-9653.612499999988,0.3875000000000002,-0.025000000000000022,0.5499999999999972,0.02499999999999991,-0.4375,-0.22499999999999432,0.1125,0.25,-0.2250000000000001,-0.32499999999999996,-0.85,-0.4625000000000057
-93303.15,170365.71250000002,7919.125,154919.075,5245.637500000012,-21088.662499999977,170473.6875,-3965.162500000006,139296.9625,-9064.612499999988,0.3875000000000002,-0.025000000000000022,0.5499999999999972,0.02499999999999991,-0.4375,1.7750000000000057,0.1125,0.25,-0.2250000000000001,-0.32499999999999996,0.15,0.5374999999999943
-92927.15,172030.71250000002,8116.125,154620.075,5843.637500000012,-21167.662499999977,170748.6875,-4002.162500000006,140064.9625,-8711.612499999988,-0.6124999999999998,-1.025,0.5499999999999972,0.02499999999999991,-0.4375,-0.22499999999999432,-0.8875,0.25,-0.2250000000000001,0.675,0.15,-0.4625000000000057
-91790.15,172871.71250000002,8110.125,154263.075,6344.637500000012,-20990.662499999977,170944.6875,-3839.162500000006,140766.9625,-8160.612499999988,0.3875000000000002,-0.025000000000000022,0.5499999999999972,0.02499999999999991,-0.4375,0.7750000000000057,0.1125,0.25,-0.2250000000000001,-0.32499999999999996,0.15,0.5374999999999943
-90049.15,172774.71250000002,8191.125,153321.075,6780.637500000012,-20021.662499999977,170830.6875,-3704.162500000006,140706.9625,-7944.612499999988,-0.6124999999999998,-0.025000000000000022,0.5499999999999972,0.02499999999999991,-0.4375,-0.22499999999999432,0.1125,0.25,-0.2250000000000001,-0.32499999999999996,0.15,0.5374999999999943
-88650.15,172943.71250000002,8253.125,152265.075,7131.637500000012,-19633.662499999977,170096.6875,-3824.162500000006,140777.9625,-7649.612499999988,-0.6124999999999998,-0.025000000000000022,0.5499999999999972,0.02499999999999991,-0.4375,0.7750000000000057,0.1125,0.25,-0.2250000000000001,-1.325,0.15,-0.4625000000000057
-87768.15,173782.71250000002,8128.125,151719.075,7537.637500000012,-19495.662499999977,168108.6875,-3761.162500000006,141762.9625,-6866.612499999988,-0.6124999999999998,-0.025000000000000022,0.5499999999999972,-0.9750000000000001,0.5625,-0.22499999999999432,0.1125,0.25,-0.2250000000000001,-0.32499999999999996,0.15,0.5374999999999943
-87002.15,175458.71250000002,8179.125,150892.075,7580.637500000012,-19399.662499999977,168190.6875,-3738.162500000006,142485.9625,-5857.612499999988,-0.6124999999999998,-0.025000000000000022,-0.45000000000000284,0.02499999999999991,-0.4375,0.7750000000000057,0.1125,0.25,-0.2250000000000001,-0.32499999999999996,0.15,0.5374999999999943
-85829.15,176199.71250000002,8312.125,150052.075,7716.637500000012,-19029.662499999977,167493.6875,-3745.162500000006,142844.9625,-5449.612499999988,-0.6124999999999998,-0.025000000000000022,0.5499999999999972,0.02499999999999991,-0.4375,-0.22499999999999432,0.1125,0.25,0.7749999999999999,-1.325,0.15,0.5374999999999943
-84659.15,176245.71250000002,8459.125,149614.075,8449.637500000012,-18494.662499999977,168041.6875,-3838.162500000006,143173.9625,-5093.612499999988,0.3875000000000002,0.975,-1.4500000000000028,0.02499999999999991,-0.4375,-0.22499999999999432,0.1125,0.25,-0.2250000000000001,-0.32499999999999996,0.15,-0.4625000000000057
-84065.15,176792.71250000002,8445.125,149459.075,8592.637500000012,-18297.662499999977,167757.6875,-3861.162500000006,143746.9625,-4735.612499999988,0.3875000000000002,-0.025000000000000022,0.5499999999999972,0.02499999999999991,-0.4375,-0.22499999999999432,0.1125,0.25,0.7749999999999999,-0.32499999999999996,0.15,-0.4625000000000057
-83861.15,177188.71250000002,8520.125,149191.075,8657.637500000012,-18169.662499999977,167287.6875,-3979.162500000006,143640.9625,-4582.612499999988,0.3875000000000002,-0.025000000000000022,-0.45000000000000284,0.02499999999999991,-0.4375,-0.22499999999999432,0.1125,0.25,-0.2250000000000001,0.675,-0.85,-0.4625000000000057
-83860.15,177446.71250000002,8443.125,148927.075,8534.637500000012,-18052.662499999977,167003.6875,-4056.162500000006,143685.9625,-4453.612499999988,1.3875000000000002,-0.025000000000000022,-0.45000000000000284,1.025,0.5625,-1.2249999999999943,0.1125,0.25,-0.2250000000000001,-0.32499999999999996,0.15,-0.4625000000000057
-83776.15,176723.71250000002,8301.125,149266.075,8612.637500000012,-17975.662499999977,168103.6875,-3811.162500000006,144360.9625,-3963.6124999999884,0.3875000000000002,-0.025000000000000022,-0.45000000000000284,0.02499999999999991,-0.4375,0.7750000000000057,0.1125,0.25,-0.2250000000000001,0.675,0.15,-0.4625000000000057
-84807.15,176552.71250000002,8254.125,149467.075,8319.637500000012,-17945.662499999977,168027.6875,-3792.162500000006,144097.9625,-4249.612499999988,0.3875000000000002,-0.025000000000000022,0.5499999999999972,1.025,-0.4375,0.7750000000000057,0.1125,0.25,-0.2250000000000001,0.675,0.15,-0.4625000000000057
-85661.15,175976.71250000002,8405.125,150203.075,7782.637500000012,-18245.662499999977,167881.6875,-3918.162500000006,143388.9625,-4653.612499999988,0.3875000000000002,-0.025000000000000022,-0.45000000000000284,1.025,-0.4375,-0.22499999999999432,0.1125,0.25,-0.2250000000000001,-0.32499999999999996,0.15,-0.4625000000000057
-86666.15,175513.71250000002,8261.125,151194.075,7333.637500000012,-18552.662499999977,168134.6875,-3970.162500000006,143099.9625,-4872.612499999988,0.3875000000000002,-0.025000000000000022,-0.45000000000000284,0.02499999999999991,0.5625,-0.22499999999999432,0.1125,0.25,-0.2250000000000001,-0.32499999999999996,0.15,-0.4625000000000057
-87663.15,174787.71250000002,8222.125,152158.075,7111.637500000012,-19394.662499999977,168454.6875,-3891.162500000006,142390.9625,-5491.612499999988,0.3875000000000002,-0.025000000000000022,0.5499999999999972,1.025,-0.4375,-0.22499999999999432,0.1125,0.25,-0.2250000000000001,0.675,-0.85,0.5374999999999943
-88676.15,174072.71250000002,8288.125,152833.075,6807.637500000012,-19656.662499999977,169215.6875,-3950.162500000006,141876.9625,-6297.612499999988,0.3875000000000002,-0.025000000000000022,-0.45000000000000284,1.025,-0.4375,-0.22499999999999432,0.1125,-0.75,-0.2250000000000001,0.675,0.15,0.5374999999999943
-89632.15,173346.71250000002,8329.125,153385.075,6474.637500000012,-19989.662499999977,169896.6875,-3936.162500000006,141398.9625,-7408.612499999988,0.3875000000000002,-0.025000000000000022,0.5499999999999972,0.02499999999999991,0.5625,-0.22499999999999432,0.1125,0.25,0.7749999999999999,-0.32499999999999996,-0.85,-0.4625000000000057
-90652.15,172241.71250000002,8449.125,154792.075,5463.637500000012,-20708.662499999977,169816.6875,-4118.162500000006,140334.9625,-8035.612499999988,0.3875000000000002,-0.025000000000000022,-0.45000000000000284,0.02499999999999991,0.5625,-0.22499999999999432,0.1125,0.25,0.7749999999999999,0.675,0.15,-0.4625000000000057
-91507.15,171933.71250000002,8231.125,154933.075,5284.637500000012,-20798.662499999977,169775.6875,-4028.162500000006,139775.9625,-8615.612499999988,0.3875000000000002,-0.025000000000000022,-0.45000000000000284,1.025,-0.4375,-0.22499999999999432,0.1125,0.25,-0.2250000000000001,0.675,0.15,0.5374999999999943
-92850.15,170845.71250000002,8180.125,155114.075,5091.637500000012,-20684.662499999977,170642.6875,-3859.162500000006,139300.9625,-8939.612499999988,0.3875000000000002,-0.025000000000000022,-0.45000000000000284,0.02499999999999991,-0.4375,0.7750000000000057,0.1125,0.25,0.7749999999999999,-0.32499999999999996,0.15,-1.4625000000000057
-93468.15,170714.71250000002,8102.125,155567.075,5051.637500000012,-20972.662499999977,170779.6875,-3844.162500000006,139480.9625,-9216.612499999988,0.3875000000000002,0.975,-0.45000000000000284,0.02499999999999991,0.5625,-0.22499999999999432,0.1125,-0.75,-0.2250000000000001,-0.32499999999999996,0.15,0.5374999999999943
-93984.15,170893.71250000002,8023.125,155973.075,4925.637500000012,-21283.662499999977,170738.6875,-3815.162500000006,139587.9625,-9240.612499999988,0.3875000000000002,0.975,0.5499999999999972,0.02499999999999991,-0.4375,-0.22499999999999432,0.1125,0.25,-0.2250000000000001,0.675,-0.85,0.5374999999999943
-93970.15,170736.71250000002,8124.125,155902.075,4589.637500000012,-21250.662499999977,171344.6875,-3907.162500000006,139550.9625,-9137.612499999988,-0.6124999999999998,-0.025000000000000022,0.5499999999999972,1.025,-0.4375,-0.22499999999999432,-0.8875,0.25,0.7749999999999999,0.675,0.15,0.5374999999999943
-92946.15,170318.71250000002,7955.125,154977.075,5300.637500000012,-20872.662499999977,171204.6875,-3905.162500000006,139886.9625,-9220.612499999988,-0.6124999999999998,-0.025000000000000022,-0.45000000000000284,0.02499999999999991,-1.4375,-1.2249999999999943,0.1125,0.25,-0.2250000000000001,-0.32499999999999996,0.15,-0.4625000000000057
-92885.15,170912.71250000002,8077.125,154149.075,5582.637500000012,-20986.662499999977,170656.6875,-3923.162500000006,140003.9625,-8870.612499999988,-0.6124999999999998,-0.025000000000000022,-0.45000000000000284,0.02499999999999991,-0.4375,-1.2249999999999943,-0.8875,0.25,-0.2250000000000001,-0.32499999999999996,1.15,1.5374999999999943
-91603.15,171556.71250000002,8221.125,153826.075,5679.637500000012,-20849.662499999977,170123.6875,-3772.162500000006,140474.9625,-8395.612499999988,0.3875000000000002,-1.025,0.5499999999999972,0.02499999999999991,0.5625,-0.22499999999999432,0.1125,-0.75,-0.2250000000000001,-0.32499999999999996,0.15,-0.4625000000000057
-90413.15,172149.71250000002,8167.125,153823.075,5987.637500000012,-20656.662499999977,170693.6875,-3798.162500000006,140836.9625,-8014.612499999988,0.3875000000000002,-1.025,-1.4500000000000028,0.02499999999999991,-0.4375,-1.2249999999999943,-0.8875,0.25,-0.2250000000000001,-0.32499999999999996,0.15,-0.4625000000000057
-89654.15,172895.71250000002,7995.125,153145.075,6418.637500000012,-19969.662499999977,170212.6875,-3747.162500000006,140803.9625,-7914.612499999988,0.3875000000000002,-0.025000000000000022,0.5499999999999972,-0.9750000000000001,-0.4375,0.7750000000000057,0.1125,0.25,-0.2250000000000001,-0.32499999999999996,0.15,-0.4625000000000057
-88090.15,174258.71250000002,8267.125,151204.075,7289.637500000012,-19188.662499999977,168515.6875,-3835.162500000006,141981.9625,-6223.612499999988,0.3875000000000002,-0.025000000000000022,0.5499999999999972,0.02499999999999991,-0.4375,0.7750000000000057,0.1125,0.25,-0.2250000000000001,0.675,0.15,0.5374999999999943
-87325.15,175092.71250000002,8252.125,150820.075,7502.637500000012,-19017.662499999977,168108.6875,-3831.162500000006,142490.9625,-5884.612499999988,-0.6124999999999998,-0.025000000000000022,-1.4500000000000028,0.02499999999999991,0.5625,-0.22499999999999432,0.1125,0.25,-0.2250000000000001,-0.32499999999999996,0.15,-0.4625000000000057
-86502.15,175518.71250000002,8287.125,150169.075,7672.637500000012,-18800.662499999977,168121.6875,-3904.162500000006,142644.9625,-5427.612499999988,0.3875000000000002,-0.025000000000000022,-0.45000000000000284,0.02499999999999991,0.5625,-0.22499999999999432,0.1125,0.25,-0.2250000000000001,0.675,0.15,0.5374999999999943
-85845.15,175782.71250000002,8338.125,149688.075,7982.637500000012,-18207.662499999977,168199.6875,-4054.162500000006,142824.9625,-5141.612499999988,0.3875000000000002,-0.025000000000000022,0.5499999999999972,0.02499999999999991,-0.4375,-0.22499999999999432,0.1125,0.25,-0.2250000000000001,0.675,0.15,0.5374999999999943
-85083.15,175710.71250000002,8431.125,149613.075,8102.637500000012,-18179.662499999977,167050.6875,-4131.162500000006,143757.9625,-4833.612499999988,0.3875000000000002,-0.025000000000000022,-0.45000000000000284,1.025,-0.4375,0.7750000000000057,-0.8875,0.25,-0.2250000000000001,0.675,-0.85,0.5374999999999943
-85250.15,176129.71250000002,8346.125,149596.075,8229.637500000012,-18084.662499999977,167138.6875,-3988.162500000006,143646.9625,-4524.612499999988,0.3875000000000002,-0.025000000000000022,-0.45000000000000284,0.02499999999999991,0.5625,0.7750000000000057,0.1125,-0.75,-0.2250000000000001,0.675,0.15,0.5374999999999943
-85182.15,176512.71250000002,8277.125,149563.075,8045.637500000012,-18034.662499999977,166942.6875,-3971.162500000006,143186.9625,-4752.612499999988,0.3875000000000002,-0.025000000000000022,0.5499999999999972,1.025,0.5625,-0.22499999999999432,0.1125,-0.75,0.7749999999999999,-0.32499999999999996,0.15,0.5374999999999943
-85712.15,175609.71250000002,8468.125,150853.075,7772.637500000012,-18140.662499999977,167231.6875,-4024.162500000006,142932.9625,-5074.612499999988,0.3875000000000002,-0.025000000000000022,0.5499999999999972,0.02499999999999991,-0.4375,-0.22499999999999432,0.1125,0.25,0.7749999999999999,0.675,0.15,-1.4625000000000057
-86586.15,175477.71250000002,8414.125,151277.075,7514.637500000012,-18648.662499999977,167808.6875,-4037.162500000006,142819.9625,-5279.612499999988,0.3875000000000002,-0.025000000000000022,0.5499999999999972,-0.9750000000000001,0.5625,-0.22499999999999432,0.1125,0.25,-0.2250000000000001,-0.32499999999999996,0.15,-1.4625000000000057
-87526.15,174882.71250000002,8316.125,151687.075,7245.637500000012,-18987.662499999977,168149.6875,-3999.162500000006,141936.9625,-5801.612499999988,0.3875000000000002,-0.025000000000000022,0.5499999999999972,1.025,-0.4375,0.7750000000000057,0.1125,0.25,-0.2250000000000001,0.675,0.15,0.5374999999999943
-88076.15,173789.71250000002,8237.125,152091.075,6995.637500000012,-19217.662499999977,168237.6875,-3975.162500000006,141508.9625,-6315.612499999988,0.3875000000000002,-0.025000000000000022,-0.45000000000000284,0.02499999999999991,-0.4375,-0.22499999999999432,0.1125,0.25,-0.2250000000000001,-0.32499999999999996,0.15,-0.4625000000000057
-90385.15,172960.71250000002,8138.125,153303.075,6484.637500000012,-20019.662499999977,169875.6875,-3889.162500000006,140896.9625,-7325.612499999988,0.3875000000000002,-0.025000000000000022,-0.45000000000000284,0.02499999999999991,-0.4375,-0.22499999999999432,0.1125,0.25,0.7749999999999999,-0.32499999999999996,0.15,-0.4625000000000057
-90845.15,172494.71250000002,8288.125,153708.075,6159.637500000012,-20242.662499999977,169894.6875,-3970.162500000006,140681.9625,-7701.612499999988,-0.6124999999999998,-1.025,-0.45000000000000284,0.02499999999999991,-0.4375,-0.22499999999999432,0.1125,0.25,-0.2250000000000001,-0.32499999999999996,-0.85,-0.4625000000000057
-91269.15,171818.71250000002,8185.125,154141.075,5839.637500000012,-20432.662499999977,170062.6875,-3959.162500000006,140842.9625,-8030.612499999988,0.3875000000000002,-0.025000000000000022,-0.45000000000000284,0.02499999999999991,-0.4375,-0.22499999999999432,0.1125,0.25,-0.2250000000000001,-0.32499999999999996,0.15,-0.4625000000000057
-91750.15,171423.71250000002,8096.125,154346.075,5644.637500000012,-20677.662499999977,170640.6875,-3956.162500000006,140833.9625,-8321.612499999988,0.3875000000000002,-0.025000000000000022,-0.45000000000000284,0.02499999999999991,-0.4375,-0.22499999999999432,0.1125,0.25,-0.2250000000000001,-0.32499999999999996,-0.85,-1.4625000000000057
-92114.15,171430.71250000002,8080.125,154315.075,5502.637500000012,-20800.662499999977,170610.6875,-3655.162500000006,140612.9625,-8366.612499999988,0.3875000000000002,-0.025000000000000022,-0.45000000000000284,0.02499999999999991,-0.4375,-0.22499999999999432,0.1125,-0.75,-0.2250000000000001,-0.32499999999999996,0.15,1.5374999999999943
-92329.15,171393.71250000002,8137.125,154529.075,5595.637500000012,-20854.662499999977,170761.6875,-3647.162500000006,140685.9625,-8499.612499999988,0.3875000000000002,-0.025000000000000022,0.5499999999999972,0.02499999999999991,-0.4375,-0.22499999999999432,0.1125,0.25,-0.2250000000000001,-0.32499999999999996,0.15,0.5374999999999943
-92519.15,171600.71250000002,8210.125,154751.075,5648.637500000012,-21096.662499999977,170906.6875,-3775.162500000006,140961.9625,-8486.612499999988,0.3875000000000002,-0.025000000000000022,0.5499999999999972,-0.9750000000000001,-1.4375,0.7750000000000057,-0.8875,0.25,0.7749999999999999,-0.32499999999999996,0.15,-0.4625000000000057
-92111.15,171901.71250000002,8285.125,154618.075,5536.637500000012,-21156.662499999977,170400.6875,-3883.162500000006,141107.9625,-8013.612499999988,0.3875000000000002,-0.025000000000000022,-0.45000000000000284,0.02499999999999991,0.5625,-0.22499999999999432,0.1125,0.25,0.7749999999999999,-0.32499999999999996,-0.85,-1.4625000000000057
-91731.15,172361.71250000002,8183.125,153934.075,5871.637500000012,-20641.662499999977,170330.6875,-3740.162500000006,141014.9625,-7842.612499999988,-0.6124999999999998,-0.025000000000000022,-0.45000000000000284,0.02499999999999991,0.5625,-0.22499999999999432,0.1125,0.25,-0.2250000000000001,-0.32499999999999996,0.15,0.5374999999999943
-90983.15,172593.71250000002,8328.125,153844.075,6030.637500000012,-20499.662499999977,170035.6875,-3655.162500000006,141369.9625,-7682.612499999988,-0.6124999999999998,-0.025000000000000022,0.5499999999999972,0.02499999999999991,-0.4375,-0.22499999999999432,0.1125,0.25,-0.2250000000000001,-0.32499999999999996,0.15,-0.4625000000000057
-90463.15,173129.71250000002,8297.125,153530.075,6224.637500000012,-20258.662499999977,170016.6875,-3680.162500000006,141744.9625,-7464.612499999988,-0.6124999999999998,-0.025000000000000022,0.5499999999999972,0.02499999999999991,-0.4375,0.7750000000000057,0.1125,0.25,-0.2250000000000001,0.675,0.15,-0.4625000000000057
-90023.15,173657.71250000002,8186.125,152943.075,6784.637500000012,-20104.662499999977,169701.6875,-3911.162500000006,141936.9625,-7065.612499999988,0.3875000000000002,-0.025000000000000022,-0.45000000000000284,0.02499999999999991,-0.4375,-1.2249999999999943,0.1125,0.25,0.7749999999999999,-0.32499999999999996,0.15,-0.4625000000000057
-89310.15,173946.71250000002,8218.125,152273.075,7052.637500000012,-19868.662499999977,169574.6875,-4032.162500000006,142180.9625,-6673.612499999988,0.3875000000000002,0.975,0.5499999999999972,0.02499999999999991,0.5625,-0.22499999999999432,0.1125,0.25,0.7749999999999999,-0.32499999999999996,0.15,0.5374999999999943
-88535.15,173894.71250000002,8424.125,151907.075,7335.637500000012,-19111.662499999977,169352.6875,-4056.162500000006,142925.9625,-5871.612499999988,0.3875000000000002,-0.025000000000000022,-0.45000000000000284,0.02499999999999991,-0.4375,-0.22499999999999432,0.1125,0.25,-0.2250000000000001,0.675,0.15,-0.4625000000000057
-87630.15,174512.71250000002,8361.125,151630.075,7424.637500000012,-18928.662499999977,168801.6875,-3829.162500000006,142965.9625,-5553.612499999988,0.3875000000000002,-0.025000000000000022,0.5499999999999972,1.025,0.5625,-1.2249999999999943,0.1125,-0.75,-0.2250000000000001,-0.32499999999999996,0.15,-0.4625000000000057
-87271.15,175303.71250000002,8328.125,150862.075,7530.637500000012,-18969.662499999977,168168.6875,-3972.162500000006,143184.9625,-5378.612499999988,0.3875000000000002,-0.025000000000000022,0.5499999999999972,1.025,-0.4375,1.7750000000000057,0.1125,0.25,0.7749999999999999,-0.32499999999999996,-0.85,-1.4625000000000057
-86952.15,175512.71250000002,8341.125,150610.075,7597.637500000012,-18636.662499999977,167923.6875,-3912.162500000006,143639.9625,-5224.612499999988,0.3875000000000002,-0.025000000000000022,-0.45000000000000284,1.025,-0.4375,-0.22499999999999432,0.1125,0.25,-1.225,0.675,0.15,-0.4625000000000057
-86748.15,175672.71250000002,8433.125,150895.075,7973.637500000012,-18627.662499999977,168264.6875,-4115.162500000006,143808.9625,-4927.612499999988,-0.6124999999999998,-0.025000000000000022,1.5499999999999972,1.025,-0.4375,-0.22499999999999432,0.1125,0.25,-0.2250000000000001,0.675,0.15,-0.4625000000000057
-86862.15,175890.71250000002,8362.125,151067.075,7931.637500000012,-18676.662499999977,168147.6875,-4050.162500000006,143809.9625,-5061.612499999988,-0.6124999999999998,0.975,-0.45000000000000284,0.02499999999999991,-0.4375,-0.22499999999999432,0.1125,0.25,-0.2250000000000001,0.675,0.15,0.5374999999999943
-87107.15,175649.71250000002,8352.125,150939.075,7737.637500000012,-18667.662499999977,168106.6875,-4094.162500000006,143556.9625,-5188.612499999988,0.3875000000000002,0.975,0.5499999999999972,0.02499999999999991,-0.4375,-1.2249999999999943,0.1125,0.25,-0.2250000000000001,-0.32499999999999996,0.15,-1.4625000000000057
-87202.15,175344.71250000002,8299.125,151159.075,7491.637500000012,-18718.662499999977,168093.6875,-4022.162500000006,143620.9625,-5383.612499999988,0.3875000000000002,-0.025000000000000022,0.5499999999999972,0.02499999999999991,-1.4375,-0.22499999999999432,0.1125,0.25,-0.2250000000000001,0.675,0.15,0.5374999999999943
-87504.15,175067.71250000002,8204.125,151537.075,7427.637500000012,-19083.662499999977,168205.6875,-3985.162500000006,143342.9625,-5726.612499999988,0.3875000000000002,-0.025000000000000022,-1.4500000000000028,0.02499999999999991,-0.4375,-0.22499999999999432,0.1125,0.25,-0.2250000000000001,0.675,-0.85,0.5374999999999943
-88166.15,174758.71250000002,8208.125,152022.075,7199.637500000012,-19827.662499999977,168576.6875,-4105.162500000006,143096.9625,-6077.612499999988,0.3875000000000002,-0.025000000000000022,-0.45000000000000284,0.02499999999999991,-0.4375,0.7750000000000057,0.1125,0.25,-0.2250000000000001,-0.32499999999999996,-0.85,-0.4625000000000057
-88666.15,174388.71250000002,8247.125,152349.075,6954.637500000012,-19751.662499999977,169254.6875,-3840.162500000006,143043.9625,-6539.612499999988,0.3875000000000002,-1.025,0.5499999999999972,0.02499999999999991,-0.4375,-0.22499999999999432,0.1125,-0.75,-0.2250000000000001,0.675,0.15,-0.4625000000000057
-89313.15,173812.71250000002,8224.125,152711.075,6739.637500000012,-19543.662499999977,169471.6875,-3803.162500000006,142342.9625,-6493.612499999988,0.3875000000000002,-0.025000000000000022,-0.45000000000000284,0.02499999999999991,-0.4375,-0.22499999999999432,0.1125,0.25,-0.2250000000000001,-0.32499999999999996,0.15,-0.4625000000000057
-89865.15,173566.71250000002,8213.125,153035.075,6596.637500000012,-19701.662499999977,169496.6875,-3711.162500000006,142028.9625,-6725.612499999988,0.3875000000000002,-0.025000000000000022,-0.45000000000000284,0.02499999999999991,-0.4375,0.7750000000000057,0.1125,0.25,-0.2250000000000001,-0.32499999999999996,0.15,-0.4625000000000057
-90220.15,172809.71250000002,8228.125,153173.075,6545.637500000012,-19857.662499999977,169950.6875,-3789.162500000006,141913.9625,-7074.612499999988,0.3875000000000002,-0.025000000000000022,-0.45000000000000284,0.02499999999999991,0.5625,-0.22499999999999432,0.1125,0.25,0.7749999999999999,0.675,-0.85,-0.4625000000000057
-90573.15,172382.71250000002,8159.125,153492.075,6202.637500000012,-20300.662499999977,169962.6875,-3926.162500000006,141928.9625,-7429.612499999988,0.3875000000000002,-0.025000000000000022,-0.45000000000000284,0.02499999999999991,-0.4375,0.7750000000000057,0.1125,0.25,-0.2250000000000001,-0.32499999999999996,-0.85,0.5374999999999943
-90681.15,172293.71250000002,8108.125,153905.075,6051.637500000012,-20461.662499999977,169859.6875,-3884.162500000006,141853.9625,-7557.612499999988,-0.6124999999999998,0.975,-0.45000000000000284,0.02499999999999991,-0.4375,-1.2249999999999943,0.1125,-0.75,-0.2250000000000001,-0.32499999999999996,-0.85,-0.4625000000000057
-91067.15,172567.71250000002,8151.125,153857.075,6128.637500000012,-20592.662499999977,169891.6875,-3902.162500000006,141642.9625,-7823.612499999988,-0.6124999999999998,-0.025000000000000022,0.5499999999999972,0.02499999999999991,-0.4375,-0.22499999999999432,0.1125,0.25,0.7749999999999999,-0.32499999999999996,0.15,0.5374999999999943
-91119.15,172461.71250000002,8204.125,153907.075,6178.637500000012,-20557.662499999977,170242.6875,-3895.162500000006,141524.9625,-7932.612499999988,-0.6124999999999998,-0.025000000000000022,0.5499999999999972,0.02499999999999991,-0.4375,-0.22499999999999432,0.1125,-0.75,-0.2250000000000001,0.675,0.15,-0.4625000000000057
-91165.15,172404.71250000002,8028.125,153951.075,6165.637500000012,-20487.662499999977,169895.6875,-3949.162500000006,141566.9625,-7749.612499999988,0.3875000000000002,-0.025000000000000022,0.5499999999999972,0.02499999999999991,-0.4375,0.7750000000000057,0.1125,0.25,1.775,0.675,0.15,0.5374999999999943
-90690.15,172894.71250000002,8458.125,153502.075,5867.637500000012,-20726.662499999977,169480.6875,-3903.162500000006,141599.9625,-6977.612499999988,0.3875000000000002,-0.025000000000000022,1.5499999999999972,0.02499999999999991,0.5625,-0.22499999999999432,0.1125,0.25,-0.2250000000000001,0.675,0.15,0.5374999999999943
-90153.15,173158.71250000002,8332.125,153063.075,6610.637500000012,-19838.662499999977,169414.6875,-3888.162500000006,141831.9625,-6915.612499999988,0.3875000000000002,-0.025000000000000022,-0.45000000000000284,0.02499999999999991,-0.4375,-0.22499999999999432,0.1125,0.25,-0.2250000000000001,0.675,-0.85,-0.4625000000000057
-89735.15,173229.71250000002,8340.125,152927.075,7115.637500000012,-19844.662499999977,170059.6875,-3891.162500000006,142016.9625,-6767.612499999988,-0.6124999999999998,-1.025,0.5499999999999972,0.02499999999999991,-0.4375,-1.2249999999999943,-0.8875,0.25,0.7749999999999999,-0.32499999999999996,0.15,-0.4625000000000057
-89557.15,173904.71250000002,8309.125,152280.075,7296.637500000012,-19655.662499999977,169594.6875,-3882.162500000006,142178.9625,-6477.612499999988,0.3875000000000002,0.975,-0.45000000000000284,1.025,-0.4375,-0.22499999999999432,0.1125,0.25,-0.2250000000000001,-0.32499999999999996,0.15,-0.4625000000000057
-88682.15,174031.71250000002,8245.125,152183.075,7164.637500000012,-19595.662499999977,169144.6875,-4096.162500000006,142375.9625,-6198.612499999988,0.3875000000000002,0.975,-0.45000000000000284,1.025,0.5625,-0.22499999999999432,-0.8875,0.25,-0.2250000000000001,0.675,0.15,-0.4625000000000057
-88505.15,174350.71250000002,8137.125,152184.075,7235.637500000012,-19428.662499999977,168819.6875,-3970.162500000006,142673.9625,-6067.612499999988,1.3875000000000002,-0.025000000000000022,0.5499999999999972,0.02499999999999991,-0.4375,0.7750000000000057,0.1125,1.25,-0.2250000000000001,-0.32499999999999996,-0.85,-0.4625000000000057
-88330.15,174489.71250000002,8176.125,151993.075,7335.637500000012,-19362.662499999977,169130.6875,-3946.162500000006,142908.9625,-5941.612499999988,0.3875000000000002,-0.025000000000000022,-0.45000000000000284,1.025,0.5625,0.7750000000000057,0.1125,0.25,-0.2250000000000001,-0.32499999999999996,0.15,-0.4625000000000057
-88207.15,174516.71250000002,8180.125,151783.075,7295.637500000012,-19424.662499999977,168705.6875,-3944.162500000006,142840.9625,-5696.612499999988,0.3875000000000002,-0.025000000000000022,0.5499999999999972,1.025,0.5625,0.7750000000000057,0.1125,-0.75,0.7749999999999999,-0.32499999999999996,0.15,0.5374999999999943
-88218.15,174575.71250000002,8200.125,151697.075,7322.637500000012,-19045.662499999977,168844.6875,-3924.162500000006,142872.9625,-5687.612499999988,0.3875000000000002,-0.025000000000000022,0.5499999999999972,0.02499999999999991,0.5625,-0.22499999999999432,0.1125,-0.75,-0.2250000000000001,0.675,0.15,0.5374999999999943
-88301.15,174372.71250000002,8330.125,151591.075,7305.637500000012,-19102.662499999977,168728.6875,-3774.162500000006,142971.9625,-5781.612499999988,0.3875000000000002,-0.025000000000000022,0.5499999999999972,0.02499999999999991,-0.4375,0.7750000000000057,0.1125,0.25,-0.2250000000000001,-0.32499999999999996,0.15,-0.4625000000000057
-88529.15,174490.71250000002,8352.125,151929.075,7231.637500000012,-19236.662499999977,168971.6875,-3825.162500000006,142887.9625,-5816.612499999988,0.3875000000000002,-0.025000000000000022,-0.45000000000000284,0.02499999999999991,-0.4375,-1.2249999999999943,0.1125,0.25,-0.2250000000000001,-0.32499999999999996,0.15,-0.4625000000000057
-88617.15,174423.71250000002,8178.125,151952.075,7154.637500000012,-19309.662499999977,169060.6875,-3795.162500000006,142702.9625,-6021.612499999988,0.3875000000000002,-0.025000000000000022,-0.45000000000000284,0.02499999999999991,0.5625,0.7750000000000057,0.1125,0.25,-0.2250000000000001,0.675,0.15,0.5374999999999943
-88787.15,173958.71250000002,8209.125,152064.075,7130.637500000012,-19390.662499999977,168896.6875,-3892.162500000006,142550.9625,-6225.612499999988,0.3875000000000002,0.975,1.5499999999999972,0.02499999999999991,-0.4375,-0.22499999999999432,0.1125,0.25,-0.2250000000000001,-0.32499999999999996,0.15,0.5374999999999943
-89149.15,173768.71250000002,8209.125,152128.075,7047.637500000012,-19346.662499999977,168799.6875,-3887.162500000006,142602.9625,-6374.612499999988,0.3875000000000002,-0.025000000000000022,-0.45000000000000284,0.02499999999999991,0.5625,-0.22499999999999432,0.1125,0.25,-0.2250000000000001,-0.32499999999999996,0.15,-0.4625000000000057
-89520.15,173592.71250000002,8202.125,152357.075,6864.637500000012,-19632.662499999977,169758.6875,-3749.162500000006,142257.9625,-6459.612499999988,0.3875000000000002,-0.025000000000000022,0.5499999999999972,0.02499999999999991,-0.4375,0.7750000000000057,0.1125,0.25,-0.2250000000000001,-0.32499999999999996,0.15,0.5374999999999943
-89651.15,173185.71250000002,8149.125,152546.075,6885.637500000012,-19925.662499999977,169846.6875,-3804.162500000006,142303.9625,-6581.612499999988,-0.6124999999999998,-1.025,0.5499999999999972,0.02499999999999991,-0.4375,-0.22499999999999432,0.1125,0.25,-0.2250000000000001,-0.32499999999999996,0.15,-0.4625000000000057
-89773.15,172824.71250000002,8199.125,152822.075,6644.637500000012,-20121.662499999977,169686.6875,-3708.162500000006,142344.9625,-6723.612499999988,0.3875000000000002,-0.025000000000000022,-0.45000000000000284,0.02499999999999991,0.5625,-0.22499999999999432,0.1125,0.25,-0.2250000000000001,-0.32499999999999996,0.15,-0.4625000000000057
-89850.15,172343.71250000002,8148.125,153371.075,6319.637500000012,-20329.662499999977,169792.6875,-3716.162500000006,142145.9625,-6956.612499999988,-0.6124999999999998,-0.025000000000000022,-0.45000000000000284,0.02499999999999991,0.5625,-0.22499999999999432,0.1125,0.25,-0.2250000000000001,-0.32499999999999996,-0.85,-0.4625000000000057
-90423.15,173001.71250000002,8238.125,153269.075,6385.637500000012,-20053.662499999977,169677.6875,-3890.162500000006,142081.9625,-7177.612499999988,0.3875000000000002,-0.025000000000000022,-0.45000000000000284,0.02499999999999991,-0.4375,-1.2249999999999943,0.1125,0.25,0.7749999999999999,-0.32499999999999996,0.15,0.5374999999999943
-90460.15,172959.71250000002,8247.125,153343.075,6510.637500000012,-20278.662499999977,169863.6875,-3861.162500000006,141848.9625,-7318.612499999988,0.3875000000000002,-0.025000000000000022,0.5499999999999972,0.02499999999999991,-0.4375,-1.2249999999999943,0.1125,0.25,-1.225,-0.32499999999999996,0.15,-0.4625000000000057
-90410.15,172994.71250000002,8185.125,153479.075,6459.637500000012,-20146.662499999977,169832.6875,-3860.162500000006,141945.9625,-7289.612499999988,0.3875000000000002,-0.025000000000000022,-0.45000000000000284,0.02499999999999991,-0.4375,-0.22499999999999432,-0.8875,0.25,-0.2250000000000001,-0.32499999999999996,1.15,0.5374999999999943
-90311.15,173061.71250000002,8242.125,153485.075,6473.637500000012,-20039.662499999977,169589.6875,-3895.162500000006,141847.9625,-7096.612499999988,0.3875000000000002,-0.025000000000000022,-0.45000000000000284,0.02499999999999991,0.5625,-0.22499999999999432,0.1125,0.25,-0.2250000000000001,0.675,0.15,-0.4625000000000057
-90352.15,172979.71250000002,8251.125,153272.075,6515.637500000012,-20167.662499999977,169540.6875,-3898.162500000006,141848.9625,-6982.612499999988,0.3875000000000002,-0.025000000000000022,-0.45000000000000284,0.02499999999999991,-0.4375,-0.22499999999999432,0.1125,0.25,0.7749999999999999,-0.32499999999999996,0.15,-0.4625000000000057
-89978.15,173275.71250000002,8246.125,153116.075,6645.637500000012,-20206.662499999977,169581.6875,-3904.162500000006,141972.9625,-6777.612499999988,0.3875000000000002,0.975,-0.45000000000000284,1.025,-0.4375,-0.22499999999999432,0.1125,0.25,-0.2250000000000001,-0.32499999999999996,0.15,-0.4625000000000057
-89813.15,173937.71250000002,8214.125,152912.075,6972.637500000012,-19892.662499999977,169731.6875,-3849.162500000006,142260.9625,-6579.612499999988,-0.6124999999999998,0.975,-0.45000000000000284,0.02499999999999991,-1.4375,-0.22499999999999432,-0.8875,0.25,0.7749999999999999,0.675,-0.85,0.5374999999999943
-89577.15,173827.71250000002,8326.125,152469.075,7017.637500000012,-19742.662499999977,169805.6875,-3984.162500000006,142300.9625,-6476.612499999988,0.3875000000000002,-0.025000000000000022,-0.45000000000000284,0.02499999999999991,0.5625,-0.22499999999999432,0.1125,1.25,-0.2250000000000001,-0.32499999999999996,0.15,-0.4625000000000057
-89391.15,173713.71250000002,8333.125,152195.075,6930.637500000012,-19585.662499999977,169693.6875,-3912.162500000006,142394.9625,-6556.612499999988,0.3875000000000002,-0.025000000000000022,0.5499999999999972,0.02499999999999991,-0.4375,0.7750000000000057,-0.8875,0.25,-0.2250000000000001,-0.32499999999999996,1.15,0.5374999999999943
-88886.15,173806.71250000002,8286.125,152205.075,7249.637500000012,-19575.662499999977,169541.6875,-3920.162500000006,142666.9625,-6106.612499999988,0.3875000000000002,-1.025,-0.45000000000000284,0.02499999999999991,-0.4375,-1.2249999999999943,0.1125,0.25,-0.2250000000000001,-0.32499999999999996,0.15,-0.4625000000000057
-88826.15,174026.71250000002,8187.125,152241.075,7371.637500000012,-19457.662499999977,169319.6875,-3982.162500000006,142794.9625,-6140.612499999988,0.3875000000000002,-1.025,0.5499999999999972,0.02499999999999991,-0.4375,-0.22499999999999432,0.1125,0.25,-0.2250000000000001,-0.32499999999999996,0.15,0.5374999999999943
-88721.15,174372.71250000002,8173.125,152178.075,7149.637500000012,-19365.662499999977,169293.6875,-3872.162500000006,142645.9625,-6083.612499999988,0.3875000000000002,-0.025000000000000022,0.5499999999999972,0.02499999999999991,0.5625,0.7750000000000057,0.1125,0.25,-0.2250000000000001,0.675,0.15,0.5374999999999943
-88823.15,174328.71250000002,8293.125,152326.075,7087.637500000012,-19619.662499999977,169384.6875,-4084.162500000006,142749.9625,-5897.612499999988,0.3875000000000002,0.975,0.5499999999999972,1.025,-1.4375,0.7750000000000057,0.1125,-0.75,-0.2250000000000001,-0.32499999999999996,0.15,-0.4625000000000057
-89297.15,174425.71250000002,8256.125,152382.075,7067.637500000012,-19418.662499999977,169564.6875,-3808.162500000006,142491.9625,-6168.612499999988,0.3875000000000002,-0.025000000000000022,0.5499999999999972,0.02499999999999991,-0.4375,0.7750000000000057,0.1125,0.25,-0.2250000000000001,-0.32499999999999996,0.15,0.5374999999999943
-89292.15,173952.71250000002,8326.125,152717.075,6885.637500000012,-19509.662499999977,169286.6875,-3912.162500000006,142454.9625,-6495.612499999988,-0.6124999999999998,-0.025000000000000022,-0.45000000000000284,0.02499999999999991,-0.4375,-0.22499999999999432,0.1125,0.25,-0.2250000000000001,-0.32499999999999996,0.15,0.5374999999999943
-89787.15,174009.71250000002,8419.125,152818.075,6978.637500000012,-19698.662499999977,169570.6875,-4003.162500000006,142333.9625,-6571.612499999988,0.3875000000000002,-0.025000000000000022,0.5499999999999972,0.02499999999999991,-0.4375,-0.22499999999999432,0.1125,-0.75,-0.2250000000000001,-0.32499999999999996,0.15,0.5374999999999943
-89917.15,173875.71250000002,8359.125,152717.075,6910.637500000012,-19876.662499999977,169798.6875,-3995.162500000006,142159.9625,-6540.612499999988,0.3875000000000002,-0.025000000000000022,0.5499999999999972,0.02499999999999991,-0.4375,-0.22499999999999432,0.1125,-0.75,-0.2250000000000001,0.675,0.15,-0.4625000000000057
-89984.15,173484.71250000002,8378.125,152955.075,6698.637500000012,-20067.662499999977,169754.6875,-4027.162500000006,142305.9625,-6613.612499999988,-0.6124999999999998,-0.025000000000000022,-0.45000000000000284,1.025,-0.4375,-0.22499999999999432,0.1125,-0.75,-0.2250000000000001,-0.32499999999999996,0.15,-0.4625000000000057
-90084.15,173339.71250000002,8286.125,152905.075,6630.637500000012,-19984.662499999977,169808.6875,-3896.162500000006,142248.9625,-6719.612499999988,0.3875000000000002,-0.025000000000000022,-1.4500000000000028,0.02499999999999991,-0.4375,-0.22499999999999432,0.1125,0.25,0.7749999999999999,-0.32499999999999996,0.15,0.5374999999999943
-90209.15,173330.71250000002,8270.125,153046.075,6619.637500000012,-19926.662499999977,170096.6875,-3841.162500000006,142181.9625,-6740.612499999988,0.3875000000000002,-0.025000000000000022,0.5499999999999972,0.02499999999999991,-0.4375,0.7750000000000057,0.1125,0.25,-0.2250000000000001,-0.32499999999999996,0.15,-0.4625000000000057
-90259.15,173203.71250000002,8281.125,153029.075,6657.637500000012,-20178.662499999977,170419.6875,-3879.162500000006,142152.9625,-7027.612499999988,0.3875000000000002,-0.025000000000000022,-0.45000000000000284,0.02499999999999991,-0.4375,0.7750000000000057,0.1125,0.25,0.7749999999999999,-0.32499999999999996,0.15,-0.4625000000000057
-90280.15,173328.71250000002,8347.125,153084.075,6743.637500000012,-20102.662499999977,169968.6875,-3886.162500000006,142272.9625,-6812.612499999988,-0.6124999999999998,-0.025000000000000022,0.5499999999999972,0.02499999999999991,-0.4375,-0.22499999999999432,0.1125,0.25,-0.2250000000000001,-0.32499999999999996,0.15,-1.4625000000000057
-90192.15,173586.71250000002,8222.125,152852.075,6773.637500000012,-19971.662499999977,169689.6875,-3817.162500000006,142205.9625,-6893.612499999988,0.3875000000000002,-0.025000000000000022,0.5499999999999972,0.02499999999999991,-0.4375,0.7750000000000057,0.1125,0.25,0.7749999999999999,0.675,-0.85,0.5374999999999943
-89832.15,173490.71250000002,8377.125,152799.075,6812.637500000012,-20191.662499999977,169931.6875,-3925.162500000006,142273.9625,-6742.612499999988,0.3875000000000002,-0.025000000000000022,0.5499999999999972,-0.9750000000000001,-0.4375,-0.22499999999999432,0.1125,0.25,0.7749999999999999,-0.32499999999999996,0.15,0.5374999999999943
-89497.15,173655.71250000002,8322.125,152762.075,6998.637500000012,-20365.662499999977,169384.6875,-3961.162500000006,142165.9625,-6551.612499999988,0.3875000000000002,-0.025000000000000022,0.5499999999999972,1.025,-0.4375,-0.22499999999999432,0.1125,0.25,0.7749999999999999,-0.32499999999999996,0.15,-0.4625000000000057
-89475.15,174157.71250000002,8221.125,152480.075,6903.637500000012,-20144.662499999977,169187.6875,-4032.162500000006,142542.9625,-6375.612499999988,0.3875000000000002,-1.025,0.5499999999999972,0.02499999999999991,-0.4375,-0.22499999999999432,0.1125,0.25,-1.225,-0.32499999999999996,0.15,-0.4625000000000057
-89368.15,174080.71250000002,8221.125,152380.075,7036.637500000012,-19891.662499999977,169858.6875,-3879.162500000006,142692.9625,-6261.612499999988,0.3875000000000002,-0.025000000000000022,1.5499999999999972,0.02499999999999991,-0.4375,0.7750000000000057,0.1125,-0.75,-0.2250000000000001,0.675,0.15,-0.4625000000000057
-89245.15,174141.71250000002,8191.125,152342.075,7221.637500000012,-19592.662499999977,169525.6875,-3822.162500000006,142648.9625,-6199.612499999988,0.3875000000000002,-0.025000000000000022,0.5499999999999972,0.02499999999999991,-1.4375,-0.22499999999999432,0.1125,0.25,-0.2250000000000001,-0.32499999999999996,0.15,0.5374999999999943
-88864.15,174334.71250000002,8182.125,152098.075,6994.637500000012,-19511.662499999977,169364.6875,-3913.162500000006,142628.9625,-6215.612499999988,-0.6124999999999998,-0.025000000000000022,-0.45000000000000284,1.025,-0.4375,-1.2249999999999943,0.1125,0.25,-0.2250000000000001,-0.32499999999999996,0.15,-0.4625000000000057
-88844.15,174417.71250000002,8104.125,152176.075,7195.637500000012,-19698.662499999977,169552.6875,-3925.162500000006,142464.9625,-6061.612499999988,0.3875000000000002,-0.025000000000000022,0.5499999999999972,0.02499999999999991,-0.4375,-0.22499999999999432,0.1125,-0.75,-0.2250000000000001,-0.32499999999999996,0.15,-0.4625000000000057
-89084.15,174134.71250000002,8244.125,152224.075,7267.637500000012,-19659.662499999977,169411.6875,-3890.162500000006,142524.9625,-6026.612499999988,0.3875000000000002,-0.025000000000000022,-0.45000000000000284,1.025,-0.4375,0.7750000000000057,0.1125,0.25,-0.2250000000000001,-0.32499999999999996,0.15,-0.4625000000000057
-89245.15,174144.71250000002,8285.125,152203.075,7134.637500000012,-19679.662499999977,169500.6875,-4000.162500000006,142557.9625,-6192.612499999988,0.3875000000000002,-0.025000000000000022,0.5499999999999972,1.025,-0.4375,0.7750000000000057,0.1125,0.25,-0.2250000000000001,-0.32499999999999996,0.15,0.5374999999999943
-89198.15,173856.71250000002,8253.125,152435.075,7019.637500000012,-19687.662499999977,169477.6875,-3978.162500000006,142315.9625,-6354.612499999988,-0.6124999999999998,-0.025000000000000022,0.5499999999999972,1.025,-0.4375,-0.22499999999999432,0.1125,0.25,-0.2250000000000001,-1.325,0.15,-0.4625000000000057
-89035.15,173926.71250000002,8316.125,152995.075,6481.637500000012,-20361.662499999977,170012.6875,-4179.162500000006,141980.9625,-6368.612499999988,-0.6124999999999998,0.975,0.5499999999999972,0.02499999999999991,0.5625,-0.22499999999999432,0.1125,-0.75,-0.2250000000000001,-0.32499999999999996,1.15,-0.4625000000000057
-89265.15,174429.71250000002,8190.125,153136.075,6750.637500000012,-19736.662499999977,170483.6875,-3869.162500000006,142153.9625,-6485.612499999988,-0.6124999999999998,0.975,-0.45000000000000284,1.025,-1.4375,-0.22499999999999432,0.1125,0.25,0.7749999999999999,0.675,0.15,1.5374999999999943
-90101.15,173956.71250000002,8229.125,152809.075,6658.637500000012,-19977.662499999977,170022.6875,-4022.162500000006,142093.9625,-6734.612499999988,0.3875000000000002,-0.025000000000000022,-0.45000000000000284,0.02499999999999991,-0.4375,-1.2249999999999943,0.1125,0.25,-0.2250000000000001,-0.32499999999999996,0.15,-1.4625000000000057
-90160.15,173605.71250000002,8266.125,152852.075,6608.637500000012,-19941.662499999977,169893.6875,-3909.162500000006,142164.9625,-6853.612499999988,0.3875000000000002,-0.025000000000000022,-0.45000000000000284,0.02499999999999991,-0.4375,-0.22499999999999432,0.1125,-0.75,-0.2250000000000001,-0.32499999999999996,0.15,-0.4625000000000057
-90385.15,173399.71250000002,8185.125,152902.075,6863.637500000012,-19993.662499999977,169827.6875,-3884.162500000006,141927.9625,-6899.612499999988,0.3875000000000002,-0.025000000000000022,0.5499999999999972,1.025,-0.4375,-0.22499999999999432,0.1125,0.25,-0.2250000000000001,0.675,0.15,-0.4625000000000057
-90271.15,173403.71250000002,8235.125,152995.075,6638.637500000012,-20189.662499999977,169900.6875,-3923.162500000006,142015.9625,-6964.612499999988,0.3875000000000002,-1.025,-0.45000000000000284,0.02499999999999991,-0.4375,-0.22499999999999432,0.1125,0.25,-0.2250000000000001,-0.32499999999999996,0.15,0.5374999999999943
-90183.15,173525.71250000002,8222.125,152996.075,6745.637500000012,-20189.662499999977,169925.6875,-3918.162500000006,141819.9625,-6806.612499999988,0.3875000000000002,-1.025,-0.45000000000000284,0.02499999999999991,-0.4375,-1.2249999999999943,0.1125,0.25,0.7749999999999999,-0.32499999999999996,0.15,0.5374999999999943
-89906.15,173534.71250000002,8074.125,152729.075,6815.637500000012,-19892.662499999977,170038.6875,-3905.162500000006,141704.9625,-6832.612499999988,0.3875000000000002,-0.025000000000000022,0.5499999999999972,0.02499999999999991,-0.4375,-0.22499999999999432,0.1125,0.25,0.7749999999999999,-0.32499999999999996,-0.85,-0.4625000000000057
-89734.15,173698.71250000002,8188.125,152723.075,6918.637500000012,-19918.662499999977,169865.6875,-3882.162500000006,141834.9625,-6652.612499999988,0.3875000000000002,-0.025000000000000022,-0.45000000000000284,0.02499999999999991,-0.4375,-0.22499999999999432,0.1125,0.25,-0.2250000000000001,-0.32499999999999996,0.15,0.5374999999999943
-89767.15,173928.71250000002,8167.125,152427.075,6984.637500000012,-20003.662499999977,169607.6875,-3989.162500000006,141732.9625,-6558.612499999988,0.3875000000000002,-0.025000000000000022,0.5499999999999972,0.02499999999999991,-0.4375,0.7750000000000057,0.1125,0.25,0.7749999999999999,-0.32499999999999996,0.15,0.5374999999999943
-89602.15,174136.71250000002,8254.125,152116.075,7051.637500000012,-19740.662499999977,169420.6875,-3847.162500000006,141805.9625,-6558.612499999988,0.3875000000000002,-0.025000000000000022,0.5499999999999972,0.02499999999999991,0.5625,-0.22499999999999432,-0.8875,0.25,-0.2250000000000001,-0.32499999999999996,0.15,-0.4625000000000057
-89328.15,174082.71250000002,8221.125,152170.075,6974.637500000012,-19915.662499999977,168989.6875,-3799.162500000006,141598.9625,-6471.612499999988,0.3875000000000002,-0.025000000000000022,0.5499999999999972,0.02499999999999991,-0.4375,0.7750000000000057,0.1125,0.25,-0.2250000000000001,-0.32499999999999996,0.15,0.5374999999999943
-89058.15,173935.71250000002,8331.125,152126.075,7063.637500000012,-19751.662499999977,168929.6875,-3712.162500000006,141619.9625,-6411.612499999988,-0.6124999999999998,0.975,-0.45000000000000284,0.02499999999999991,-0.4375,0.7750000000000057,0.1125,0.25,-0.2250000000000001,-0.32499999999999996,0.15,1.5374999999999943
-88846.15,174155.71250000002,8360.125,151618.075,7117.637500000012,-19893.662499999977,169213.6875,-3972.162500000006,141518.9625,-6260.612499999988,0.3875000000000002,-0.025000000000000022,-0.45000000000000284,1.025,-0.4375,-0.22499999999999432,0.1125,0.25,0.7749999999999999,-0.32499999999999996,0.15,-1.4625000000000057
-89074.15,174305.71250000002,8140.125,151563.075,7163.637500000012,-19485.662499999977,169457.6875,-3832.162500000006,141458.9625,-6228.612499999988,0.3875000000000002,-0.025000000000000022,0.5499999999999972,0.02499999999999991,0.5625,-1.2249999999999943,0.1125,-0.75,-0.2250000000000001,-0.32499999999999996,0.15,0.5374999999999943
-89026.15,174432.71250000002,8263.125,151688.075,7136.637500000012,-19402.662499999977,169189.6875,-3892.162500000006,141475.9625,-6278.612499999988,0.3875000000000002,-0.025000000000000022,-0.45000000000000284,0.02499999999999991,-0.4375,-0.22499999999999432,0.1125,0.25,-0.2250000000000001,-0.32499999999999996,-0.85,-1.4625000000000057
-88983.15,174220.71250000002,8408.125,152032.075,7059.637500000012,-19683.662499999977,169221.6875,-4497.162500000006,141284.9625,-6128.612499999988,0.3875000000000002,-0.025000000000000022,-0.45000000000000284,1.025,0.5625,-0.22499999999999432,0.1125,-0.75,-0.2250000000000001,-0.32499999999999996,0.15,-0.4625000000000057
-89054.15,173586.71250000002,8230.125,152177.075,6967.637500000012,-20255.662499999977,169444.6875,-4237.162500000006,141326.9625,-6092.612499999988,0.3875000000000002,-0.025000000000000022,-0.45000000000000284,1.025,-0.4375,0.7750000000000057,0.1125,0.25,0.7749999999999999,-0.32499999999999996,0.15,0.5374999999999943
-89335.15,173884.71250000002,8121.125,151884.075,7095.637500000012,-19800.662499999977,169173.6875,-4006.162500000006,141376.9625,-6400.612499999988,0.3875000000000002,-0.025000000000000022,-0.45000000000000284,0.02499999999999991,0.5625,0.7750000000000057,0.1125,0.25,-0.2250000000000001,-0.32499999999999996,0.15,-0.4625000000000057
-89370.15,173788.71250000002,8312.125,152129.075,6848.637500000012,-19684.662499999977,169345.6875,-4029.162500000006,141435.9625,-6470.612499999988,0.3875000000000002,-1.025,0.5499999999999972,0.02499999999999991,-0.4375,-0.22499999999999432,0.1125,-0.75,-0.2250000000000001,-0.32499999999999996,0.15,0.5374999999999943
-89645.15,173758.71250000002,8209.125,152403.075,6783.637500000012,-19702.662499999977,169524.6875,-3788.162500000006,141432.9625,-6726.612499999988,0.3875000000000002,-0.025000000000000022,0.5499999999999972,1.025,0.5625,0.7750000000000057,-0.8875,1.25,-0.2250000000000001,-0.32499999999999996,-0.85,-0.4625000000000057
-89953.15,173460.71250000002,8360.125,152579.075,6703.637500000012,-20315.662499999977,169597.6875,-4120.162500000006,141567.9625,-6817.612499999988,0.3875000000000002,-0.025000000000000022,0.5499999999999972,0.02499999999999991,0.5625,-0.22499999999999432,0.1125,0.25,-0.2250000000000001,-0.32499999999999996,0.15,0.5374999999999943
-90291.15,173564.71250000002,8117.125,152579.075,6314.637500000012,-20208.662499999977,169724.6875,-3756.162500000006,141604.9625,-6931.612499999988,0.3875000000000002,-0.025000000000000022,-0.45000000000000284,1.025,-1.4375,-0.22499999999999432,0.1125,0.25,-0.2250000000000001,-0.32499999999999996,0.15,-1.4625000000000057
-90352.15,173477.71250000002,8193.125,152531.075,6492.637500000012,-19967.662499999977,169645.6875,-3760.162500000006,141451.9625,-6832.612499999988,0.3875000000000002,-0.025000000000000022,0.5499999999999972,0.02499999999999991,-0.4375,0.7750000000000057,0.1125,0.25,-0.2250000000000001,-0.32499999999999996,0.15,0.5374999999999943
-90345.15,173302.71250000002,8193.125,152469.075,6519.637500000012,-20093.662499999977,169431.6875,-3893.162500000006,141400.9625,-6983.612499999988,0.3875000000000002,-0.025000000000000022,0.5499999999999972,0.02499999999999991,0.5625,-0.22499999999999432,0.1125,0.25,0.7749999999999999,-0.32499999999999996,0.15,0.5374999999999943
-90293.15,173097.71250000002,8182.125,152530.075,6634.637500000012,-20112.662499999977,169344.6875,-3736.162500000006,141394.9625,-6997.612499999988,-0.6124999999999998,-0.025000000000000022,-1.4500000000000028,1.025,-0.4375,0.7750000000000057,0.1125,0.25,-0.2250000000000001,-0.32499999999999996,0.15,1.5374999999999943
-90211.15,173157.71250000002,8283.125,152604.075,6868.637500000012,-20109.662499999977,169188.6875,-3804.162500000006,141541.9625,-6811.612499999988,0.3875000000000002,-0.025000000000000022,-0.45000000000000284,0.02499999999999991,-0.4375,0.7750000000000057,-0.8875,0.25,-0.2250000000000001,-0.32499999999999996,0.15,0.5374999999999943
-90225.15,173279.71250000002,8282.125,152434.075,6869.637500000012,-19938.662499999977,169543.6875,-3855.162500000006,141375.9625,-6877.612499999988,0.3875000000000002,-0.025000000000000022,-0.45000000000000284,0.02499999999999991,-0.4375,0.7750000000000057,0.1125,0.25,0.7749999999999999,-0.32499999999999996,0.15,0.5374999999999943
-90071.15,173482.71250000002,8208.125,152306.075,6781.637500000012,-19884.662499999977,169978.6875,-3853.162500000006,141359.9625,-6788.612499999988,-0.6124999999999998,-0.025000000000000022,-0.45000000000000284,0.02499999999999991,0.5625,0.7750000000000057,0.1125,-0.75,-0.2250000000000001,0.675,-0.85,0.5374999999999943
-89899.15,173403.71250000002,8242.125,152234.075,6986.637500000012,-19870.662499999977,169704.6875,-3771.162500000006,141310.9625,-6686.612499999988,-0.6124999999999998,-0.025000000000000022,0.5499999999999972,0.02499999999999991,0.5625,0.7750000000000057,0.1125,0.25,0.7749999999999999,-1.325,0.15,-0.4625000000000057
-89865.15,173710.71250000002,8296.125,152195.075,7181.637500000012,-19820.662499999977,169500.6875,-4042.162500000006,141347.9625,-6744.612499999988,-0.6124999999999998,-1.025,0.5499999999999972,0.02499999999999991,-0.4375,-0.22499999999999432,-0.8875,0.25,0.7749999999999999,-1.325,0.15,-0.4625000000000057
-89619.15,173883.71250000002,8217.125,152000.075,7068.637500000012,-19805.662499999977,170049.6875,-3877.162500000006,141330.9625,-6714.612499999988,0.3875000000000002,-0.025000000000000022,0.5499999999999972,0.02499999999999991,-0.4375,0.7750000000000057,0.1125,0.25,-0.2250000000000001,-0.32499999999999996,0.15,-0.4625000000000057
-89387.15,173703.71250000002,8282.125,151821.075,6916.637500000012,-19726.662499999977,169846.6875,-3946.162500000006,141448.9625,-6394.612499999988,-0.6124999999999998,0.975,0.5499999999999972,0.02499999999999991,0.5625,-0.22499999999999432,-0.8875,0.25,-0.2250000000000001,-0.32499999999999996,0.15,-0.4625000000000057
-89218.15,173946.71250000002,8232.125,151852.075,6848.637500000012,-19658.662499999977,169653.6875,-3971.162500000006,141745.9625,-6366.612499999988,-0.6124999999999998,0.975,0.5499999999999972,0.02499999999999991,0.5625,-0.22499999999999432,0.1125,0.25,-0.2250000000000001,-0.32499999999999996,0.15,-0.4625000000000057
-89119.15,174154.71250000002,7891.125,151946.075,7147.637500000012,-19710.662499999977,168868.6875,-3997.162500000006,141956.9625,-6060.612499999988,0.3875000000000002,0.975,0.5499999999999972,0.02499999999999991,-0.4375,-0.22499999999999432,0.1125,0.25,-0.2250000000000001,-0.32499999999999996,0.15,-0.4625000000000057
-89235.15,174333.71250000002,8167.125,151661.075,7323.637500000012,-19304.662499999977,168627.6875,-3776.162500000006,142263.9625,-6274.612499999988,-0.6124999999999998,-0.025000000000000022,0.5499999999999972,0.02499999999999991,0.5625,0.7750000000000057,0.1125,0.25,-0.2250000000000001,-0.32499999999999996,-0.85,0.5374999999999943
-89222.15,174270.71250000002,8394.125,151816.075,7250.637500000012,-19499.662499999977,169108.6875,-3903.162500000006,142209.9625,-6144.612499999988,0.3875000000000002,-0.025000000000000022,-0.45000000000000284,0.02499999999999991,-0.4375,-0.22499999999999432,0.1125,0.25,-0.2250000000000001,-1.325,0.15,-0.4625000000000057
-89190.15,174339.71250000002,8212.125,151954.075,7301.637500000012,-19638.662499999977,168526.6875,-3938.162500000006,142086.9625,-5973.612499999988,0.3875000000000002,-0.025000000000000022,0.5499999999999972,1.025,-1.4375,-0.22499999999999432,0.1125,0.25,-0.2250000000000001,-0.32499999999999996,-0.85,0.5374999999999943
-89300.15,174259.71250000002,8100.125,151925.075,7135.637500000012,-19698.662499999977,169018.6875,-3789.162500000006,142148.9625,-6311.612499999988,-0.6124999999999998,-0.025000000000000022,-0.45000000000000284,0.02499999999999991,-0.4375,-0.22499999999999432,0.1125,0.25,-0.2250000000000001,-0.32499999999999996,-0.85,-0.4625000000000057
-89731.15,174203.71250000002,8197.125,152512.075,6938.637500000012,-19757.662499999977,169488.6875,-3808.162500000006,142127.9625,-6762.612499999988,0.3875000000000002,-0.025000000000000022,-0.45000000000000284,0.02499999999999991,-0.4375,-0.22499999999999432,0.1125,0.25,-0.2250000000000001,-0.32499999999999996,0.15,-0.4625000000000057
-89704.15,174036.71250000002,8223.125,152580.075,6704.637500000012,-19777.662499999977,169678.6875,-3872.162500000006,142088.9625,-6767.612499999988,0.3875000000000002,-0.025000000000000022,0.5499999999999972,1.025,-1.4375,0.7750000000000057,0.1125,0.25,-0.2250000000000001,-0.32499999999999996,-0.85,-0.4625000000000057
-89877.15,173910.71250000002,8157.125,152724.075,6725.637500000012,-19857.662499999977,169681.6875,-3845.162500000006,141969.9625,-6549.612499999988,0.3875000000000002,-1.025,0.5499999999999972,0.02499999999999991,-0.4375,-0.22499999999999432,0.1125,0.25,-0.2250000000000001,-0.32499999999999996,0.15,-0.4625000000000057
-90101.15,173866.71250000002,8196.125,152885.075,6641.637500000012,-19919.662499999977,169493.6875,-3789.162500000006,141840.9625,-6494.612499999988,0.3875000000000002,-0.025000000000000022,-0.45000000000000284,-0.9750000000000001,0.5625,-0.22499999999999432,0.1125,0.25,-0.2250000000000001,-0.32499999999999996,0.15,0.5374999999999943
-90413.15,173734.71250000002,8182.125,153058.075,6632.637500000012,-20006.662499999977,169377.6875,-3819.162500000006,141800.9625,-6714.612499999988,0.3875000000000002,-0.025000000000000022,0.5499999999999972,0.02499999999999991,-0.4375,-0.22499999999999432,0.1125,0.25,-0.2250000000000001,0.675,0.15,0.5374999999999943
-90490.15,173559.71250000002,8217.125,153094.075,6499.637500000012,-20165.662499999977,169333.6875,-3790.162500000006,141713.9625,-6564.612499999988,-0.6124999999999998,-0.025000000000000022,0.5499999999999972,0.02499999999999991,-0.4375,-0.22499999999999432,0.1125,0.25,-0.2250000000000001,-0.32499999999999996,0.15,1.5374999999999943
-90497.15,173635.71250000002,8166.125,153055.075,6697.637500000012,-20015.662499999977,168964.6875,-3745.162500000006,141719.9625,-6532.612499999988,0.3875000000000002,0.975,-0.45000000000000284,0.02499999999999991,-0.4375,-0.22499999999999432,0.1125,0.25,-0.2250000000000001,-0.32499999999999996,0.15,0.5374999999999943
-90290.15,173517.71250000002,8278.125,153110.075,6703.637500000012,-20043.662499999977,169387.6875,-3800.162500000006,141808.9625,-6923.612499999988,0.3875000000000002,0.975,-0.45000000000000284,0.02499999999999991,-0.4375,-1.2249999999999943,0.1125,1.25,-0.2250000000000001,0.675,-0.85,-0.4625000000000057
-90230.15,173264.71250000002,8221.125,152871.075,6598.637500000012,-20010.662499999977,169231.6875,-3662.162500000006,141598.9625,-6986.612499999988,-0.6124999999999998,-0.025000000000000022,0.5499999999999972,0.02499999999999991,-0.4375,-0.22499999999999432,0.1125,-0.75,-0.2250000000000001,-0.32499999999999996,0.15,-1.4625000000000057
-90402.15,173445.71250000002,8228.125,152761.075,6780.637500000012,-20016.662499999977,169606.6875,-3797.162500000006,141548.9625,-7021.612499999988,0.3875000000000002,0.975,-0.45000000000000284,0.02499999999999991,-0.4375,-0.22499999999999432,0.1125,0.25,-0.2250000000000001,0.675,-0.85,-0.4625000000000057
-90329.15,173468.71250000002,8248.125,152774.075,6803.637500000012,-20001.662499999977,169959.6875,-3922.162500000006,141821.9625,-6929.612499999988,-0.6124999999999998,-0.025000000000000022,-0.45000000000000284,0.02499999999999991,-0.4375,0.7750000000000057,0.1125,0.25,0.7749999999999999,-0.32499999999999996,0.15,-0.4625000000000057
-90029.15,173597.71250000002,8176.125,152745.075,6732.637500000012,-19931.662499999977,169921.6875,-3946.162500000006,141732.9625,-6764.612499999988,0.3875000000000002,-0.025000000000000022,0.5499999999999972,0.02499999999999991,-0.4375,-0.22499999999999432,0.1125,0.25,-0.2250000000000001,-0.32499999999999996,0.15,-0.4625000000000057
-90094.15,173758.71250000002,8263.125,152539.075,7176.637500000012,-19928.662499999977,170118.6875,-3896.162500000006,141719.9625,-6694.612499999988,0.3875000000000002,-0.025000000000000022,0.5499999999999972,0.02499999999999991,-0.4375,-0.22499999999999432,0.1125,0.25,-0.2250000000000001,-0.32499999999999996,0.15,0.5374999999999943
-89996.15,174112.71250000002,8269.125,152444.075,7046.637500000012,-19871.662499999977,170219.6875,-3914.162500000006,141830.9625,-6704.612499999988,0.3875000000000002,-0.025000000000000022,0.5499999999999972,0.02499999999999991,-0.4375,-1.2249999999999943,0.1125,0.25,0.7749999999999999,-0.32499999999999996,0.15,-1.4625000000000057
-89724.15,174176.71250000002,8346.125,152359.075,6822.637500000012,-19653.662499999977,169691.6875,-3861.162500000006,142025.9625,-6517.612499999988,-0.6124999999999998,-0.025000000000000022,-0.45000000000000284,0.02499999999999991,-0.4375,0.7750000000000057,0.1125,0.25,0.7749999999999999,-0.32499999999999996,0.15,-0.4625000000000057
-89622.15,173946.71250000002,8284.125,152180.075,7078.637500000012,-19663.662499999977,169025.6875,-3813.162500000006,141919.9625,-6577.612499999988,-0.6124999999999998,-0.025000000000000022,-0.45000000000000284,0.02499999999999991,-0.4375,-0.22499999999999432,0.1125,0.25,-0.2250000000000001,-0.32499999999999996,0.15,-0.4625000000000057
-89466.15,174136.71250000002,8245.125,151947.075,7155.637500000012,-19657.662499999977,169510.6875,-3888.162500000006,141743.9625,-6598.612499999988,0.3875000000000002,-0.025000000000000022,0.5499999999999972,-0.9750000000000001,0.5625,-0.22499999999999432,-0.8875,0.25,-0.2250000000000001,-0.32499999999999996,0.15,-0.4625000000000057
-89238.15,174214.71250000002,7990.125,151942.075,7317.637500000012,-19729.662499999977,169382.6875,-3952.162500000006,141772.9625,-6464.612499999988,-0.6124999999999998,-0.025000000000000022,-0.45000000000000284,1.025,-0.4375,-0.22499999999999432,0.1125,0.25,0.7749999999999999,0.675,0.15,-0.4625000000000057
-89174.15,174390.71250000002,8075.125,152034.075,7334.637500000012,-19859.662499999977,169137.6875,-3939.162500000006,141781.9625,-6498.612499999988,0.3875000000000002,-0.025000000000000022,-1.4500000000000028,0.02499999999999991,-0.4375,0.7750000000000057,0.1125,0.25,-0.2250000000000001,-0.32499999999999996,0.15,-0.4625000000000057
-89376.15,174488.71250000002,8310.125,151780.075,7333.637500000012,-19590.662499999977,168752.6875,-3930.162500000006,141621.9625,-6493.612499999988,-0.6124999999999998,0.975,-1.4500000000000028,0.02499999999999991,-0.4375,-0.22499999999999432,0.1125,0.25,-1.225,-0.32499999999999996,0.15,-0.4625000000000057
-89382.15,174332.71250000002,8372.125,151817.075,7159.637500000012,-19583.662499999977,168853.6875,-3797.162500000006,141622.9625,-6319.612499999988,-0.6124999999999998,-0.025000000000000022,0.5499999999999972,0.02499999999999991,-0.4375,-0.22499999999999432,0.1125,0.25,-0.2250000000000001,-0.32499999999999996,0.15,1.5374999999999943
-89351.15,173859.71250000002,8289.125,151906.075,7005.637500000012,-19632.662499999977,169136.6875,-3898.162500000006,141546.9625,-6549.612499999988,0.3875000000000002,-0.025000000000000022,0.5499999999999972,0.02499999999999991,0.5625,-0.22499999999999432,0.1125,-0.75,0.7749999999999999,-0.32499999999999996,0.15,-0.4625000000000057
-89290.15,174010.71250000002,8088.125,152002.075,6967.637500000012,-19630.662499999977,168897.6875,-3748.162500000006,141537.9625,-6482.612499999988,0.3875000000000002,-0.025000000000000022,-0.45000000000000284,0.02499999999999991,-0.4375,-0.22499999999999432,0.1125,0.25,-0.2250000000000001,-0.32499999999999996,-0.85,-0.4625000000000057
-89377.15,174471.71250000002,8151.125,152086.075,7147.637500000012,-19794.662499999977,169323.6875,-3860.162500000006,141404.9625,-6354.612499999988,0.3875000000000002,-0.025000000000000022,0.5499999999999972,0.02499999999999991,-0.4375,-0.22499999999999432,0.1125,0.25,0.7749999999999999,-0.32499999999999996,0.15,-0.4625000000000057
-89577.15,174151.71250000002,8241.125,152079.075,7083.637500000012,-19828.662499999977,169585.6875,-3812.162500000006,141407.9625,-6369.612499999988,-0.6124999999999998,0.975,-0.45000000000000284,0.02499999999999991,-0.4375,0.7750000000000057,0.1125,0.25,0.7749999999999999,-0.32499999999999996,0.15,0.5374999999999943
-89610.15,173719.71250000002,8146.125,152061.075,7003.637500000012,-19777.662499999977,169283.6875,-3825.162500000006,141321.9625,-6537.612499999988,-0.6124999999999998,0.975,0.5499999999999972,0.02499999999999991,0.5625,-0.22499999999999432,0.1125,0.25,0.7749999999999999,0.675,-0.85,0.5374999999999943
-89661.15,173644.71250000002,8068.125,152171.075,6832.637500000012,-19814.662499999977,169257.6875,-3964.162500000006,141447.9625,-6498.612499999988,0.3875000000000002,-0.025000000000000022,0.5499999999999972,0.02499999999999991,-0.4375,-0.22499999999999432,0.1125,0.25,0.7749999999999999,-0.32499999999999996,0.15,-0.4625000000000057
-89950.15,173875.71250000002,8127.125,152413.075,6764.637500000012,-19939.662499999977,169598.6875,-3715.162500000006,141673.9625,-6594.612499999988,0.3875000000000002,-0.025000000000000022,-0.45000000000000284,0.02499999999999991,-0.4375,0.7750000000000057,0.1125,1.25,-0.2250000000000001,-0.32499999999999996,0.15,0.5374999999999943
-90008.15,173516.71250000002,8227.125,152482.075,6858.637500000012,-19983.662499999977,169800.6875,-3781.162500000006,141689.9625,-6319.612499999988,1.3875000000000002,-1.025,-0.45000000000000284,0.02499999999999991,0.5625,-0.22499999999999432,0.1125,0.25,-0.2250000000000001,-0.32499999999999996,0.15,0.5374999999999943
-89997.15,173510.71250000002,8093.125,152596.075,6855.637500000012,-19938.662499999977,169579.6875,-3864.162500000006,141599.9625,-6576.612499999988,-0.6124999999999998,-0.025000000000000022,-0.45000000000000284,0.02499999999999991,-0.4375,-1.2249999999999943,0.1125,0.25,-0.2250000000000001,-0.32499999999999996,0.15,-0.4625000000000057
-90006.15,173683.71250000002,8168.125,152443.075,6890.637500000012,-19942.662499999977,169463.6875,-3918.162500000006,141796.9625,-6657.612499999988,0.3875000000000002,-0.025000000000000022,0.5499999999999972,0.02499999999999991,0.5625,-0.22499999999999432,0.1125,0.25,-0.2250000000000001,-0.32499999999999996,0.15,-0.4625000000000057
