FPI,SPI,AI,SFI,FFI,FPD,SPD,AD,SFD,FFD,API_X,API_Y,API_Z,APD_X,APD_Y,APD_Z,AFD_X,AFD_Y,AFD_Z,AFI_X,AFI_Y,AFI_Z
-50383.149999999994,-206.28749999997672,-18204.875,164.07500000001164,-15185.362499999988,-15597.662499999977,643.6875,1186.8374999999942,-633.0374999999985,-11256.612499999988,-0.6124999999999998,-0.025000000000000022,0.5499999999999972,0.02499999999999991,-0.4375,-0.22499999999999432,0.1125,0.25,-1.225,-0.32499999999999996,1.15,0.5374999999999943
-50382.149999999994,-344.2874999999767,-18010.875,158.07500000001164,-15093.362499999988,-15841.662499999977,861.6875,1175.8374999999942,-683.0374999999985,-11204.612499999988,0.3875000000000002,-0.025000000000000022,-0.45000000000000284,0.02499999999999991,-0.4375,0.7750000000000057,0.1125,0.25,-0.2250000000000001,0.675,0.15,-0.4625000000000057
-50288.149999999994,-383.2874999999767,-18042.875,78.07500000001164,-15148.362499999988,-15828.662499999977,247.6875,1285.8374999999942,-593.0374999999985,-11156.612499999988,-0.6124999999999998,-0.025000000000000022,0.5499999999999972,0.02499999999999991,-0.4375,-1.2249999999999943,0.1125,-0.75,-0.2250000000000001,-0.32499999999999996,1.15,0.5374999999999943
-50176.149999999994,-429.2874999999767,-18102.875,5.0750000000116415,-15521.362499999988,-15703.662499999977,254.6875,1300.8374999999942,-626.0374999999985,-11100.612499999988,0.3875000000000002,-0.025000000000000022,-0.45000000000000284,0.02499999999999991,0.5625,-0.22499999999999432,0.1125,-0.75,-0.2250000000000001,0.675,0.15,0.5374999999999943
-50333.149999999994,-342.2874999999767,-18074.875,-34.92499999998836,-15383.362499999988,-15673.662499999977,784.6875,1249.8374999999942,-810.0374999999985,-11236.612499999988,0.3875000000000002,-0.025000000000000022,-0.45000000000000284,0.02499999999999991,0.5625,-0.22499999999999432,0.1125,0.25,0.7749999999999999,0.675,0.15,0.5374999999999943
-50327.149999999994,-363.2874999999767,-18010.875,131.07500000001164,-15483.362499999988,-15684.662499999977,895.6875,1440.8374999999942,-971.0374999999985,-11245.612499999988,-0.6124999999999998,0.975,-0.45000000000000284,0.02499999999999991,0.5625,-0.22499999999999432,0.1125,-0.75,-1.225,0.675,0.15,-0.4625000000000057
-50381.149999999994,-379.2874999999767,-17999.875,-151.92499999998836,-15418.362499999988,-15495.662499999977,764.6875,1287.8374999999942,-986.0374999999985,-11889.612499999988,0.3875000000000002,-0.025000000000000022,-0.45000000000000284,1.025,0.5625,0.7750000000000057,0.1125,0.25,-0.2250000000000001,-0.32499999999999996,0.15,0.5374999999999943
-50566.149999999994,-357.2874999999767,-17889.875,-156.92499999998836,-15322.362499999988,-15684.662499999977,291.6875,1047.8374999999942,-945.0374999999985,-11687.612499999988,0.3875000000000002,-0.025000000000000022,0.5499999999999972,1.025,-0.4375,-0.22499999999999432,0.1125,1.25,-0.2250000000000001,-0.32499999999999996,0.15,-0.4625000000000057
-50677.149999999994,-129.28749999997672,-17977.875,118.07500000001164,-15323.362499999988,-15862.662499999977,338.6875,862.8374999999942,-912.0374999999985,-11823.612499999988,0.3875000000000002,-0.025000000000000022,-0.45000000000000284,0.02499999999999991,-0.4375,-0.22499999999999432,0.1125,0.25,0.7749999999999999,-0.32499999999999996,0.15,-0.4625000000000057
-50665.149999999994,232.71250000002328,-18169.875,54.07500000001164,-15233.362499999988,-15605.662499999977,20.6875,1066.8374999999942,-1048.0374999999985,-12097.612499999988,-0.6124999999999998,-0.025000000000000022,0.5499999999999972,1.025,-0.4375,-0.22499999999999432,0.1125,0.25,0.7749999999999999,0.675,0.15,-0.4625000000000057
-50565.149999999994,32.71250000002328,-18404.875,-162.92499999998836,-15060.362499999988,-15651.662499999977,-170.3125,1168.8374999999942,-1110.0374999999985,-12231.612499999988,-0.6124999999999998,-1.025,0.5499999999999972,0.02499999999999991,0.5625,0.7750000000000057,0.1125,0.25,-0.2250000000000001,-0.32499999999999996,0.15,-0.4625000000000057
-50787.149999999994,-246.28749999997672,-18371.875,79.07500000001164,-14708.362499999988,-15903.662499999977,177.6875,1164.8374999999942,-1026.0374999999985,-11986.612499999988,-0.6124999999999998,-1.025,-1.4500000000000028,0.02499999999999991,-1.4375,0.7750000000000057,0.1125,0.25,-0.2250000000000001,-0.32499999999999996,-0.85,-0.4625000000000057
-50470.149999999994,-338.2874999999767,-18438.875,29.07500000001164,-14804.362499999988,-16090.662499999977,199.6875,1064.8374999999942,-1144.0374999999985,-11802.612499999988,-0.6124999999999998,-1.025,0.5499999999999972,0.02499999999999991,-1.4375,0.7750000000000057,0.1125,-0.75,-0.2250000000000001,-0.32499999999999996,-0.85,-0.4625000000000057
-50326.149999999994,-565.2874999999767,-18593.875,-57.92499999998836,-14774.362499999988,-16120.662499999977,-3.3125,1168.8374999999942,-1283.0374999999985,-12710.612499999988,0.3875000000000002,-1.025,-0.45000000000000284,1.025,-1.4375,0.7750000000000057,-0.8875,0.25,-0.2250000000000001,-0.32499999999999996,-0.85,0.5374999999999943
-50602.149999999994,-234.28749999997672,-18640.875,-20.92499999998836,-14405.362499999988,-16015.662499999977,112.6875,1356.8374999999942,-1145.0374999999985,-12121.612499999988,0.3875000000000002,-1.025,-0.45000000000000284,1.025,-1.4375,0.7750000000000057,0.1125,0.25,0.7749999999999999,0.675,-0.85,0.5374999999999943
-50722.149999999994,-45.28749999997672,-18820.875,-83.92499999998836,-14323.362499999988,-15957.662499999977,543.6875,984.8374999999942,-994.0374999999985,-11843.612499999988,-0.6124999999999998,-1.025,-0.45000000000000284,0.02499999999999991,-2.4375,0.7750000000000057,0.1125,0.25,-0.2250000000000001,0.675,-0.85,0.5374999999999943
-50427.149999999994,-145.28749999997672,-18893.875,-80.92499999998836,-14581.362499999988,-15833.662499999977,317.6875,1059.8374999999942,-1102.0374999999985,-11690.612499999988,0.3875000000000002,-1.025,1.5499999999999972,0.02499999999999991,-0.4375,0.7750000000000057,0.1125,0.25,0.7749999999999999,-0.32499999999999996,-0.85,0.5374999999999943
-50386.149999999994,-310.2874999999767,-18820.875,-42.92499999998836,-14448.362499999988,-15857.662499999977,79.6875,1106.8374999999942,-870.0374999999985,-11770.612499999988,0.3875000000000002,-0.025000000000000022,1.5499999999999972,0.02499999999999991,-0.4375,0.7750000000000057,0.1125,0.25,0.7749999999999999,-0.32499999999999996,0.15,-0.4625000000000057
-50670.149999999994,-111.28749999997672,-18663.875,71.07500000001164,-14463.362499999988,-15940.662499999977,311.6875,1114.8374999999942,-711.0374999999985,-11748.612499999988,0.3875000000000002,-0.025000000000000022,-1.4500000000000028,1.025,-0.4375,-0.22499999999999432,0.1125,0.25,-0.2250000000000001,-0.32499999999999996,0.15,-0.4625000000000057
-50385.149999999994,183.71250000002328,-18583.875,-25.92499999998836,-14727.362499999988,-15917.662499999977,93.6875,1175.8374999999942,-698.0374999999985,-11675.612499999988,0.3875000000000002,0.975,-0.45000000000000284,0.02499999999999991,0.5625,-0.22499999999999432,0.1125,1.25,-0.2250000000000001,-0.32499999999999996,0.15,0.5374999999999943
-50430.149999999994,123.71250000002328,-18573.875,-291.92499999998836,-14891.362499999988,-15804.662499999977,137.6875,1182.8374999999942,-804.0374999999985,-11778.612499999988,0.3875000000000002,-0.025000000000000022,0.5499999999999972,0.02499999999999991,0.5625,0.7750000000000057,0.1125,0.25,-0.2250000000000001,-0.32499999999999996,0.15,0.5374999999999943
-50717.149999999994,92.71250000002328,-18412.875,-184.92499999998836,-15014.362499999988,-16045.662499999977,301.6875,1012.8374999999942,-528.0374999999985,-11622.612499999988,-0.6124999999999998,-0.025000000000000022,-0.45000000000000284,-0.9750000000000001,0.5625,0.7750000000000057,0.1125,0.25,-0.2250000000000001,0.675,1.15,-0.4625000000000057
-50802.149999999994,335.7125000000233,-18152.875,-112.92499999998836,-15214.362499999988,-15621.662499999977,328.6875,1145.8374999999942,-535.0374999999985,-11691.612499999988,0.3875000000000002,0.975,-0.45000000000000284,1.025,0.5625,-0.22499999999999432,0.1125,0.25,-0.2250000000000001,0.675,0.15,-0.4625000000000057
-50606.149999999994,232.71250000002328,-18090.875,-227.92499999998836,-15354.362499999988,-15513.662499999977,59.6875,1233.8374999999942,-626.0374999999985,-11975.612499999988,-0.6124999999999998,0.975,1.5499999999999972,0.02499999999999991,0.5625,0.7750000000000057,-0.8875,1.25,-0.2250000000000001,-0.32499999999999996,0.15,0.5374999999999943
-50720.149999999994,203.71250000002328,-17974.875,-105.92499999998836,-15242.362499999988,-15667.662499999977,65.6875,1282.8374999999942,-383.03749999999854,-11976.612499999988,0.3875000000000002,0.975,1.5499999999999972,0.02499999999999991,0.5625,-0.22499999999999432,-0.8875,0.25,0.7749999999999999,-0.32499999999999996,0.15,-0.4625000000000057
-50806.149999999994,-57.28749999997672,-17883.875,-168.92499999998836,-15372.362499999988,-15748.662499999977,615.6875,1084.8374999999942,-284.03749999999854,-11863.612499999988,-0.6124999999999998,-0.025000000000000022,0.5499999999999972,0.02499999999999991,0.5625,-0.22499999999999432,0.1125,0.25,-0.2250000000000001,0.675,0.15,-0.4625000000000057
-50701.149999999994,25.712500000023283,-18056.875,-214.92499999998836,-15614.362499999988,-15604.662499999977,277.6875,1088.8374999999942,-488.03749999999854,-11856.612499999988,0.3875000000000002,-0.025000000000000022,-0.45000000000000284,0.02499999999999991,0.5625,-0.22499999999999432,0.1125,0.25,-0.2250000000000001,-0.32499999999999996,1.15,-0.4625000000000057
-50688.149999999994,-70.28749999997672,-18075.875,-192.92499999998836,-15602.362499999988,-15604.662499999977,113.6875,1285.8374999999942,-210.03749999999854,-11541.612499999988,-0.6124999999999998,-0.025000000000000022,0.5499999999999972,0.02499999999999991,0.5625,-0.22499999999999432,0.1125,0.25,-0.2250000000000001,0.675,1.15,-0.4625000000000057
-50770.149999999994,8.712500000023283,-18036.875,-177.92499999998836,-15287.362499999988,-15783.662499999977,-194.3125,1204.8374999999942,-194.03749999999854,-11452.612499999988,-0.6124999999999998,0.975,-0.45000000000000284,0.02499999999999991,0.5625,0.7750000000000057,0.1125,0.25,0.7749999999999999,-0.32499999999999996,0.15,-0.4625000000000057
-50438.149999999994,-135.28749999997672,-18037.875,-206.92499999998836,-15474.362499999988,-15712.662499999977,-322.3125,1072.8374999999942,-271.03749999999854,-11579.612499999988,-0.6124999999999998,0.975,-0.45000000000000284,0.02499999999999991,-0.4375,-0.22499999999999432,0.1125,0.25,-0.2250000000000001,-0.32499999999999996,0.15,0.5374999999999943
-50398.149999999994,-441.2874999999767,-17986.875,-304.92499999998836,-15236.362499999988,-15626.662499999977,-267.3125,1393.8374999999942,-226.03749999999854,-11674.612499999988,0.3875000000000002,-0.025000000000000022,1.5499999999999972,0.02499999999999991,-0.4375,0.7750000000000057,0.1125,0.25,-0.2250000000000001,-0.32499999999999996,0.15,-1.4625000000000057
-50599.149999999994,-187.28749999997672,-18079.875,-123.92499999998836,-15078.362499999988,-15811.662499999977,-60.3125,1318.8374999999942,-250.03749999999854,-11700.612499999988,-0.6124999999999998,-0.025000000000000022,1.5499999999999972,-0.9750000000000001,-0.4375,-0.22499999999999432,0.1125,-0.75,0.7749999999999999,-0.32499999999999996,0.15,-0.4625000000000057
-50747.149999999994,-226.28749999997672,-18200.875,-196.92499999998836,-15077.362499999988,-15867.662499999977,453.6875,1201.8374999999942,-435.03749999999854,-11708.612499999988,-0.6124999999999998,-0.025000000000000022,-0.45000000000000284,0.02499999999999991,-0.4375,-1.2249999999999943,0.1125,0.25,-0.2250000000000001,-0.32499999999999996,0.15,-0.4625000000000057
-50553.149999999994,-248.28749999997672,-18334.875,-131.92499999998836,-15031.362499999988,-15720.662499999977,188.6875,1240.8374999999942,-556.0374999999985,-11728.612499999988,-0.6124999999999998,-0.025000000000000022,0.5499999999999972,0.02499999999999991,0.5625,-1.2249999999999943,0.1125,0.25,-0.2250000000000001,-0.32499999999999996,0.15,1.5374999999999943
-50660.149999999994,8.712500000023283,-18392.875,-26.92499999998836,-14731.362499999988,-15797.662499999977,111.6875,1160.8374999999942,-576.0374999999985,-11850.612499999988,-0.6124999999999998,-0.025000000000000022,-0.45000000000000284,0.02499999999999991,0.5625,-1.2249999999999943,0.1125,-0.75,-0.2250000000000001,-0.32499999999999996,0.15,-0.4625000000000057
-50594.149999999994,110.71250000002328,-18467.875,51.07500000001164,-14665.362499999988,-15785.662499999977,158.6875,1059.8374999999942,-488.03749999999854,-11727.612499999988,-0.6124999999999998,-0.025000000000000022,-0.45000000000000284,0.02499999999999991,0.5625,-0.22499999999999432,0.1125,0.25,-0.2250000000000001,0.675,-0.85,1.5374999999999943
-50438.149999999994,-264.2874999999767,-18437.875,143.07500000001164,-14811.362499999988,-15705.662499999977,52.6875,1046.8374999999942,-581.0374999999985,-11756.612499999988,0.3875000000000002,-0.025000000000000022,0.5499999999999972,0.02499999999999991,-0.4375,0.7750000000000057,-0.8875,0.25,-0.2250000000000001,0.675,-0.85,0.5374999999999943
-50282.149999999994,-583.2874999999767,-18361.875,-27.92499999998836,-14755.362499999988,-15883.662499999977,82.6875,1004.8374999999942,-743.0374999999985,-11777.612499999988,0.3875000000000002,-1.025,0.5499999999999972,1.025,-0.4375,0.7750000000000057,-0.8875,0.25,0.7749999999999999,-0.32499999999999996,0.15,-0.4625000000000057
-50498.149999999994,-646.2874999999767,-18480.875,79.07500000001164,-14645.362499999988,-15940.662499999977,409.6875,1166.8374999999942,-848.0374999999985,-11548.612499999988,0.3875000000000002,-0.025000000000000022,-0.45000000000000284,0.02499999999999991,-0.4375,0.7750000000000057,0.1125,0.25,-0.2250000000000001,-0.32499999999999996,0.15,-0.4625000000000057
-50537.149999999994,-288.2874999999767,-18440.875,-13.924999999988358,-14527.362499999988,-15940.662499999977,680.6875,1168.8374999999942,-860.0374999999985,-11990.612499999988,0.3875000000000002,-0.025000000000000022,1.5499999999999972,1.025,-1.4375,-0.22499999999999432,0.1125,0.25,-1.225,-0.32499999999999996,0.15,-1.4625000000000057
-50405.149999999994,-209.28749999997672,-18553.875,-144.92499999998836,-14521.362499999988,-15730.662499999977,224.6875,1107.8374999999942,-633.0374999999985,-12006.612499999988,0.3875000000000002,-1.025,-0.45000000000000284,0.02499999999999991,-0.4375,-0.22499999999999432,0.1125,-0.75,0.7749999999999999,-0.32499999999999996,0.15,1.5374999999999943
-50470.149999999994,-106.28749999997672,-18406.875,-57.92499999998836,-14652.362499999988,-15728.662499999977,84.6875,1179.8374999999942,-348.03749999999854,-11835.612499999988,0.3875000000000002,-0.025000000000000022,-0.45000000000000284,0.02499999999999991,-0.4375,-0.22499999999999432,0.1125,0.25,0.7749999999999999,-0.32499999999999996,0.15,-0.4625000000000057
-50755.149999999994,-96.28749999997672,-18387.875,-45.92499999998836,-14862.362499999988,-16068.662499999977,435.6875,1281.8374999999942,-728.0374999999985,-11866.612499999988,-0.6124999999999998,-0.025000000000000022,-0.45000000000000284,0.02499999999999991,-0.4375,-0.22499999999999432,0.1125,0.25,-0.2250000000000001,-0.32499999999999996,0.15,0.5374999999999943
-50691.149999999994,-243.28749999997672,-18274.875,-168.92499999998836,-14911.362499999988,-15924.662499999977,243.6875,1155.8374999999942,-992.0374999999985,-11876.612499999988,0.3875000000000002,-0.025000000000000022,0.5499999999999972,0.02499999999999991,0.5625,-0.22499999999999432,-0.8875,1.25,0.7749999999999999,-0.32499999999999996,0.15,-0.4625000000000057
-50527.149999999994,-249.28749999997672,-18120.875,-190.92499999998836,-14938.362499999988,-15869.662499999977,73.6875,1274.8374999999942,-1137.0374999999985,-11812.612499999988,0.3875000000000002,0.975,0.5499999999999972,0.02499999999999991,0.5625,-0.22499999999999432,0.1125,0.25,0.7749999999999999,-0.32499999999999996,0.15,-0.4625000000000057
-50664.149999999994,-63.28749999997672,-18102.875,-77.92499999998836,-15104.362499999988,-15848.662499999977,193.6875,1360.8374999999942,-1076.0374999999985,-12050.612499999988,-0.6124999999999998,-0.025000000000000022,-0.45000000000000284,0.02499999999999991,-0.4375,-0.22499999999999432,0.1125,0.25,-0.2250000000000001,-0.32499999999999996,0.15,-0.4625000000000057
-50734.149999999994,-121.28749999997672,-18138.875,-64.92499999998836,-15104.362499999988,-15760.662499999977,75.6875,1309.8374999999942,-830.0374999999985,-11830.612499999988,0.3875000000000002,0.975,0.5499999999999972,0.02499999999999991,0.5625,-0.22499999999999432,0.1125,0.25,0.7749999999999999,-0.32499999999999996,0.15,-0.4625000000000057
-50747.149999999994,-355.2874999999767,-18113.875,-38.92499999998836,-14906.362499999988,-15859.662499999977,-87.3125,1271.8374999999942,-782.0374999999985,-11871.612499999988,-0.6124999999999998,-0.025000000000000022,-0.45000000000000284,0.02499999999999991,0.5625,-2.2249999999999943,0.1125,0.25,-0.2250000000000001,-0.32499999999999996,0.15,0.5374999999999943
-50887.149999999994,-263.2874999999767,-18099.875,-80.92499999998836,-14900.362499999988,-15834.662499999977,-315.3125,1140.8374999999942,-630.0374999999985,-11969.612499999988,0.3875000000000002,0.975,-1.4500000000000028,1.025,0.5625,-0.22499999999999432,0.1125,-0.75,-0.2250000000000001,-0.32499999999999996,0.15,-0.4625000000000057
-50624.149999999994,-58.28749999997672,-18070.875,-44.92499999998836,-15111.362499999988,-15772.662499999977,214.6875,1175.8374999999942,-736.0374999999985,-11879.612499999988,0.3875000000000002,0.975,-0.45000000000000284,0.02499999999999991,1.5625,-0.22499999999999432,0.1125,0.25,-0.2250000000000001,0.675,0.15,-0.4625000000000057
-50513.149999999994,-150.28749999997672,-18134.875,-66.92499999998836,-15069.362499999988,-15800.662499999977,273.6875,1274.8374999999942,-816.0374999999985,-11884.612499999988,0.3875000000000002,-1.025,1.5499999999999972,0.02499999999999991,0.5625,0.7750000000000057,0.1125,0.25,0.7749999999999999,-0.32499999999999996,0.15,-1.4625000000000057
-50509.149999999994,-360.2874999999767,-18208.875,51.07500000001164,-14962.362499999988,-15796.662499999977,319.6875,1211.8374999999942,-785.0374999999985,-11833.612499999988,-0.6124999999999998,-0.025000000000000022,0.5499999999999972,0.02499999999999991,0.5625,0.7750000000000057,-0.8875,0.25,-0.2250000000000001,0.675,0.15,0.5374999999999943
-50494.149999999994,-215.28749999997672,-18267.875,-5.9249999999883585,-15081.362499999988,-15799.662499999977,465.6875,1150.8374999999942,-620.0374999999985,-11793.612499999988,-0.6124999999999998,-1.025,0.5499999999999972,0.02499999999999991,0.5625,-1.2249999999999943,0.1125,0.25,0.7749999999999999,-0.32499999999999996,0.15,-0.4625000000000057
-50458.149999999994,36.71250000002328,-18117.875,-126.92499999998836,-15021.362499999988,-15853.662499999977,106.6875,1111.8374999999942,-762.0374999999985,-11886.612499999988,0.3875000000000002,-0.025000000000000022,0.5499999999999972,0.02499999999999991,0.5625,-0.22499999999999432,0.1125,0.25,-0.2250000000000001,-0.32499999999999996,1.15,-1.4625000000000057
-50579.149999999994,35.71250000002328,-18078.875,-114.92499999998836,-14937.362499999988,-15726.662499999977,-1364.3125,1131.8374999999942,-470.03749999999854,-12123.612499999988,-0.6124999999999998,0.975,-0.45000000000000284,0.02499999999999991,-0.4375,-1.2249999999999943,0.1125,0.25,0.7749999999999999,-0.32499999999999996,0.15,-1.4625000000000057
-50576.149999999994,-81.28749999997672,-18301.875,-81.92499999998836,-14998.362499999988,-15850.662499999977,17.6875,1106.8374999999942,-619.0374999999985,-12055.612499999988,-0.6124999999999998,-0.025000000000000022,-0.45000000000000284,0.02499999999999991,-0.4375,-1.2249999999999943,0.1125,0.25,0.7749999999999999,0.675,0.15,0.5374999999999943
-50594.149999999994,-136.28749999997672,-18342.875,-124.92499999998836,-15014.362499999988,-15721.662499999977,-10.3125,1065.8374999999942,-751.0374999999985,-11875.612499999988,0.3875000000000002,-0.025000000000000022,0.5499999999999972,1.025,-0.4375,-1.2249999999999943,0.1125,-0.75,-0.2250000000000001,-0.32499999999999996,0.15,-0.4625000000000057
-50583.149999999994,-75.28749999997672,-18373.875,-282.92499999998836,-15032.362499999988,-15705.662499999977,-142.3125,1128.8374999999942,-807.0374999999985,-11858.612499999988,0.3875000000000002,-1.025,1.5499999999999972,0.02499999999999991,-0.4375,0.7750000000000057,0.1125,0.25,-0.2250000000000001,-0.32499999999999996,0.15,0.5374999999999943
-50558.149999999994,-194.28749999997672,-18434.875,-295.92499999998836,-14790.362499999988,-15665.662499999977,-499.3125,1212.8374999999942,-843.0374999999985,-11783.612499999988,0.3875000000000002,-1.025,0.5499999999999972,0.02499999999999991,-0.4375,-0.22499999999999432,0.1125,0.25,-0.2250000000000001,-0.32499999999999996,0.15,-0.4625000000000057
-50469.149999999994,-201.28749999997672,-18500.875,-270.92499999998836,-14746.362499999988,-15721.662499999977,-137.3125,1153.8374999999942,-1084.0374999999985,-11864.612499999988,0.3875000000000002,-0.025000000000000022,0.5499999999999972,1.025,-0.4375,0.7750000000000057,0.1125,0.25,-0.2250000000000001,0.675,0.15,-0.4625000000000057
-50448.149999999994,2.712500000023283,-18492.875,-280.92499999998836,-14710.362499999988,-15807.662499999977,123.6875,1163.8374999999942,-1174.0374999999985,-11919.612499999988,0.3875000000000002,-0.025000000000000022,-0.45000000000000284,0.02499999999999991,-0.4375,0.7750000000000057,0.1125,0.25,-0.2250000000000001,-0.32499999999999996,0.15,-1.4625000000000057
-50561.149999999994,-238.28749999997672,-18644.875,-5.9249999999883585,-14738.362499999988,-15957.662499999977,-370.3125,1095.8374999999942,-1161.0374999999985,-11921.612499999988,-0.6124999999999998,-0.025000000000000022,-0.45000000000000284,0.02499999999999991,-0.4375,0.7750000000000057,0.1125,0.25,-0.2250000000000001,-0.32499999999999996,-0.85,0.5374999999999943
-50673.149999999994,-150.28749999997672,-18823.875,127.07500000001164,-14882.362499999988,-15733.662499999977,-355.3125,1056.8374999999942,-926.0374999999985,-11903.612499999988,-0.6124999999999998,-0.025000000000000022,-0.45000000000000284,0.02499999999999991,0.5625,-0.22499999999999432,0.1125,-0.75,-0.2250000000000001,-0.32499999999999996,0.15,0.5374999999999943
-50609.149999999994,-236.28749999997672,-18571.875,39.07500000001164,-14849.362499999988,-15868.662499999977,20.6875,1065.8374999999942,-953.0374999999985,-11959.612499999988,-0.6124999999999998,-0.025000000000000022,0.5499999999999972,0.02499999999999991,-0.4375,-0.22499999999999432,0.1125,0.25,-0.2250000000000001,-0.32499999999999996,-0.85,-0.4625000000000057
-50441.149999999994,-124.28749999997672,-18438.875,-28.92499999998836,-14775.362499999988,-15898.662499999977,82.6875,1184.8374999999942,-484.03749999999854,-12046.612499999988,0.3875000000000002,0.975,0.5499999999999972,0.02499999999999991,-0.4375,0.7750000000000057,0.1125,0.25,0.7749999999999999,-0.32499999999999996,0.15,-0.4625000000000057
-50397.149999999994,5.712500000023283,-18315.875,7.0750000000116415,-14819.362499999988,-16057.662499999977,789.6875,1196.8374999999942,-314.03749999999854,-11948.612499999988,-0.6124999999999998,-0.025000000000000022,1.5499999999999972,0.02499999999999991,0.5625,-1.2249999999999943,-0.8875,0.25,-0.2250000000000001,-0.32499999999999996,0.15,0.5374999999999943
-50468.149999999994,29.712500000023283,-18309.875,33.07500000001164,-14896.362499999988,-15974.662499999977,770.6875,1331.8374999999942,-38.037499999998545,-11984.612499999988,-0.6124999999999998,0.975,-0.45000000000000284,0.02499999999999991,0.5625,-1.2249999999999943,0.1125,0.25,0.7749999999999999,-0.32499999999999996,0.15,-0.4625000000000057
-50498.149999999994,-30.287499999976717,-18272.875,41.07500000001164,-14971.362499999988,-15997.662499999977,494.6875,1251.8374999999942,-88.03749999999854,-11911.612499999988,-0.6124999999999998,-0.025000000000000022,-0.45000000000000284,0.02499999999999991,0.5625,-0.22499999999999432,0.1125,0.25,0.7749999999999999,-0.32499999999999996,0.15,-0.4625000000000057
-50467.149999999994,-239.28749999997672,-18412.875,89.07500000001164,-14974.362499999988,-16144.662499999977,539.6875,1145.8374999999942,-243.03749999999854,-11892.612499999988,0.3875000000000002,-0.025000000000000022,0.5499999999999972,-0.9750000000000001,0.5625,0.7750000000000057,0.1125,0.25,-0.2250000000000001,0.675,0.15,-0.4625000000000057
-50586.149999999994,-329.2874999999767,-18280.875,-52.92499999998836,-14933.362499999988,-16126.662499999977,506.6875,1092.8374999999942,-303.03749999999854,-11953.612499999988,0.3875000000000002,-0.025000000000000022,0.5499999999999972,1.025,-0.4375,0.7750000000000057,0.1125,0.25,0.7749999999999999,-0.32499999999999996,0.15,0.5374999999999943
-50618.149999999994,-72.28749999997672,-18210.875,109.07500000001164,-14918.362499999988,-15953.662499999977,593.6875,1301.8374999999942,-416.03749999999854,-11664.612499999988,-0.6124999999999998,-0.025000000000000022,-0.45000000000000284,0.02499999999999991,-0.4375,-0.22499999999999432,0.1125,-0.75,-0.2250000000000001,-0.32499999999999996,0.15,-0.4625000000000057
-50544.149999999994,-20.287499999976717,-18282.875,73.07500000001164,-14963.362499999988,-16044.662499999977,37.6875,1401.8374999999942,-674.0374999999985,-11808.612499999988,0.3875000000000002,-0.025000000000000022,-0.45000000000000284,0.02499999999999991,0.5625,-0.22499999999999432,0.1125,0.25,-0.2250000000000001,-0.32499999999999996,0.15,0.5374999999999943
-50577.149999999994,-221.28749999997672,-18213.875,55.07500000001164,-14993.362499999988,-15989.662499999977,125.6875,1377.8374999999942,-752.0374999999985,-11942.612499999988,-0.6124999999999998,-0.025000000000000022,-1.4500000000000028,0.02499999999999991,-0.4375,-0.22499999999999432,0.1125,0.25,-0.2250000000000001,-0.32499999999999996,1.15,0.5374999999999943
-50435.149999999994,-215.28749999997672,-18282.875,-22.92499999998836,-15198.362499999988,-15899.662499999977,-231.3125,1211.8374999999942,-716.0374999999985,-12009.612499999988,0.3875000000000002,0.975,-0.45000000000000284,0.02499999999999991,0.5625,-0.22499999999999432,0.1125,0.25,-0.2250000000000001,-0.32499999999999996,0.15,-0.4625000000000057
-50507.149999999994,-306.2874999999767,-18196.875,-125.92499999998836,-15051.362499999988,-15739.662499999977,-163.3125,1117.8374999999942,-841.0374999999985,-12093.612499999988,-0.6124999999999998,0.975,-0.45000000000000284,0.02499999999999991,-0.4375,-0.22499999999999432,0.1125,0.25,-0.2250000000000001,0.675,0.15,-0.4625000000000057
-50630.149999999994,-232.28749999997672,-18150.875,-115.92499999998836,-14984.362499999988,-15703.662499999977,289.6875,1216.8374999999942,-907.0374999999985,-12070.612499999988,-0.6124999999999998,-0.025000000000000022,-0.45000000000000284,0.02499999999999991,0.5625,-0.22499999999999432,0.1125,0.25,0.7749999999999999,-0.32499999999999996,0.15,-0.4625000000000057
-50534.149999999994,-216.28749999997672,-18181.875,-47.92499999998836,-15005.362499999988,-15535.662499999977,507.6875,1079.8374999999942,-850.0374999999985,-12112.612499999988,0.3875000000000002,-0.025000000000000022,-0.45000000000000284,0.02499999999999991,0.5625,0.7750000000000057,0.1125,0.25,-0.2250000000000001,-0.32499999999999996,0.15,0.5374999999999943
-50503.149999999994,-166.28749999997672,-18307.875,-187.92499999998836,-15068.362499999988,-15505.662499999977,121.6875,1030.8374999999942,-753.0374999999985,-12020.612499999988,0.3875000000000002,-0.025000000000000022,0.5499999999999972,1.025,0.5625,-0.22499999999999432,0.1125,0.25,-0.2250000000000001,0.675,0.15,0.5374999999999943
-50482.149999999994,-253.28749999997672,-18292.875,-141.92499999998836,-14867.362499999988,-15739.662499999977,-64.3125,1107.8374999999942,-459.03749999999854,-11662.612499999988,-0.6124999999999998,-0.025000000000000022,-0.45000000000000284,0.02499999999999991,-0.4375,-0.22499999999999432,0.1125,0.25,-0.2250000000000001,-0.32499999999999996,0.15,-0.4625000000000057
-50421.149999999994,-213.28749999997672,-18198.875,-110.92499999998836,-14972.362499999988,-15641.662499999977,-8.3125,977.8374999999942,-308.03749999999854,-11688.612499999988,0.3875000000000002,-0.025000000000000022,-0.45000000000000284,0.02499999999999991,-0.4375,-1.2249999999999943,0.1125,0.25,-0.2250000000000001,-0.32499999999999996,0.15,0.5374999999999943
-50436.149999999994,-191.28749999997672,-18390.875,-107.92499999998836,-14787.362499999988,-15589.662499999977,127.6875,998.8374999999942,-120.03749999999854,-11553.612499999988,0.3875000000000002,-0.025000000000000022,-0.45000000000000284,0.02499999999999991,0.5625,-0.22499999999999432,0.1125,0.25,0.7749999999999999,0.675,0.15,0.5374999999999943
-50468.149999999994,-283.2874999999767,-18470.875,-15.924999999988358,-14671.362499999988,-15561.662499999977,267.6875,1142.8374999999942,-142.03749999999854,-11471.612499999988,-0.6124999999999998,-0.025000000000000022,0.5499999999999972,0.02499999999999991,0.5625,-0.22499999999999432,-0.8875,0.25,0.7749999999999999,0.675,0.15,-0.4625000000000057
-50427.149999999994,3.712500000023283,-18443.875,57.07500000001164,-14749.362499999988,-15800.662499999977,365.6875,1142.8374999999942,-187.03749999999854,-11626.612499999988,0.3875000000000002,-0.025000000000000022,0.5499999999999972,0.02499999999999991,-0.4375,-0.22499999999999432,0.1125,-0.75,0.7749999999999999,-0.32499999999999996,0.15,0.5374999999999943
-50557.149999999994,-267.2874999999767,-18531.875,127.07500000001164,-14754.362499999988,-15938.662499999977,482.6875,1019.8374999999942,-287.03749999999854,-11785.612499999988,0.3875000000000002,-0.025000000000000022,-0.45000000000000284,1.025,-0.4375,0.7750000000000057,0.1125,0.25,-0.2250000000000001,-0.32499999999999996,0.15,0.5374999999999943
-50519.149999999994,-644.2874999999767,-18507.875,9.075000000011642,-14848.362499999988,-15937.662499999977,367.6875,1145.8374999999942,-327.03749999999854,-11625.612499999988,0.3875000000000002,-0.025000000000000022,-0.45000000000000284,0.02499999999999991,0.5625,-0.22499999999999432,0.1125,0.25,-0.2250000000000001,-0.32499999999999996,0.15,-1.4625000000000057
-50549.149999999994,-25.287499999976717,-18441.875,258.07500000001164,-14634.362499999988,-15973.662499999977,-141.3125,1150.8374999999942,-72.03749999999854,-11855.612499999988,-0.6124999999999998,-0.025000000000000022,-0.45000000000000284,-0.9750000000000001,-0.4375,-0.22499999999999432,0.1125,0.25,-0.2250000000000001,-0.32499999999999996,1.15,0.5374999999999943
-50574.149999999994,-119.28749999997672,-18524.875,375.07500000001164,-14794.362499999988,-15991.662499999977,230.6875,1147.8374999999942,-50.037499999998545,-12029.612499999988,-0.6124999999999998,-0.025000000000000022,-0.45000000000000284,-0.9750000000000001,0.5625,-0.22499999999999432,0.1125,0.25,-0.2250000000000001,-0.32499999999999996,0.15,-0.4625000000000057
-50646.149999999994,-82.28749999997672,-18302.875,238.07500000001164,-14710.362499999988,-15980.662499999977,248.6875,1233.8374999999942,-181.03749999999854,-12147.612499999988,0.3875000000000002,-0.025000000000000022,-0.45000000000000284,0.02499999999999991,-0.4375,-0.22499999999999432,0.1125,0.25,-1.225,-0.32499999999999996,0.15,0.5374999999999943
-50739.149999999994,-324.2874999999767,-18531.875,171.07500000001164,-14853.362499999988,-16039.662499999977,-35.3125,1276.8374999999942,-229.03749999999854,-12139.612499999988,0.3875000000000002,-1.025,0.5499999999999972,0.02499999999999991,-0.4375,-0.22499999999999432,0.1125,0.25,0.7749999999999999,0.675,0.15,1.5374999999999943
-50521.149999999994,-207.28749999997672,-18432.875,182.07500000001164,-14951.362499999988,-15982.662499999977,-35.3125,1242.8374999999942,-201.03749999999854,-11921.612499999988,-0.6124999999999998,-0.025000000000000022,1.5499999999999972,0.02499999999999991,0.5625,-0.22499999999999432,0.1125,0.25,0.7749999999999999,-0.32499999999999996,0.15,-1.4625000000000057
-50521.149999999994,-6.287499999976717,-18396.875,146.07500000001164,-15039.362499999988,-15888.662499999977,115.6875,1166.8374999999942,-300.03749999999854,-11941.612499999988,-0.6124999999999998,-1.025,0.5499999999999972,0.02499999999999991,0.5625,-0.22499999999999432,0.1125,0.25,0.7749999999999999,-0.32499999999999996,0.15,-0.4625000000000057
-50510.149999999994,-484.2874999999767,-18284.875,205.07500000001164,-15170.362499999988,-15801.662499999977,287.6875,1216.8374999999942,-277.03749999999854,-11926.612499999988,0.3875000000000002,-0.025000000000000022,-1.4500000000000028,0.02499999999999991,-0.4375,-1.2249999999999943,0.1125,0.25,0.7749999999999999,0.675,0.15,0.5374999999999943
-50429.149999999994,-439.2874999999767,-18298.875,242.07500000001164,-14973.362499999988,-15968.662499999977,796.6875,1166.8374999999942,-145.03749999999854,-11896.612499999988,0.3875000000000002,0.975,-0.45000000000000284,0.02499999999999991,-0.4375,-0.22499999999999432,0.1125,-0.75,-0.2250000000000001,-0.32499999999999996,0.15,0.5374999999999943
-50557.149999999994,-25.287499999976717,-18223.875,198.07500000001164,-14987.362499999988,-15874.662499999977,73.6875,1110.8374999999942,-170.03749999999854,-11832.612499999988,0.3875000000000002,-0.025000000000000022,0.5499999999999972,0.02499999999999991,0.5625,-0.22499999999999432,0.1125,0.25,-0.2250000000000001,-0.32499999999999996,0.15,-0.4625000000000057
-50584.149999999994,-224.28749999997672,-18229.875,181.07500000001164,-15086.362499999988,-15657.662499999977,-81.3125,1074.8374999999942,-307.03749999999854,-11764.612499999988,0.3875000000000002,-0.025000000000000022,0.5499999999999972,0.02499999999999991,0.5625,-0.22499999999999432,0.1125,0.25,-0.2250000000000001,-0.32499999999999996,0.15,1.5374999999999943
-50695.149999999994,-283.2874999999767,-18149.875,29.07500000001164,-15031.362499999988,-15649.662499999977,112.6875,1096.8374999999942,-384.03749999999854,-11755.612499999988,0.3875000000000002,-1.025,2.549999999999997,2.025,-0.4375,2.7750000000000057,-0.8875,1.25,0.7749999999999999,0.675,0.15,0.5374999999999943
-50579.149999999994,-207.28749999997672,-18205.875,131.07500000001164,-14864.362499999988,-15783.662499999977,520.6875,1226.8374999999942,-502.03749999999854,-11699.612499999988,0.3875000000000002,-4.025,-0.45000000000000284,0.02499999999999991,1.5625,3.7750000000000057,0.1125,0.25,-0.2250000000000001,1.675,1.15,3.5374999999999943
-50762.149999999994,203.71250000002328,-18349.875,381.07500000001164,-14591.362499999988,-15883.662499999977,547.6875,1254.8374999999942,-448.03749999999854,-11225.612499999988,0.3875000000000002,-0.025000000000000022,-1.4500000000000028,3.025,2.5625,-1.2249999999999943,-0.8875,0.25,-0.2250000000000001,-0.32499999999999996,1.15,-0.4625000000000057
-50786.149999999994,26.712500000023283,-18370.875,91.07500000001164,-14485.362499999988,-15732.662499999977,270.6875,1382.8374999999942,-652.0374999999985,-11719.612499999988,0.3875000000000002,-3.025,-9.450000000000003,-0.9750000000000001,0.5625,-1.2249999999999943,0.1125,0.25,0.7749999999999999,1.675,1.15,-1.4625000000000057
-49920.149999999994,-995.2874999999767,-18631.875,-596.9249999999884,-15060.362499999988,-15464.662499999977,-79.3125,1602.8374999999942,-1031.0374999999985,-12342.612499999988,0.3875000000000002,-4.025,-0.45000000000000284,-1.975,-2.4375,3.7750000000000057,0.1125,-0.75,-0.2250000000000001,-0.32499999999999996,0.15,-1.4625000000000057
-50578.149999999994,-1229.2874999999767,-18576.875,2.0750000000116415,-14538.362499999988,-15465.662499999977,-138.3125,1471.8374999999942,-942.0374999999985,-12076.612499999988,0.3875000000000002,0.975,4.549999999999997,0.02499999999999991,0.5625,1.7750000000000057,0.1125,0.25,-0.2250000000000001,-1.325,-1.85,1.5374999999999943
-50882.149999999994,308.7125000000233,-18351.875,215.07500000001164,-14338.362499999988,-16122.662499999977,1148.6875,1157.8374999999942,-154.03749999999854,-11476.612499999988,1.3875000000000002,-2.025,2.549999999999997,1.025,-3.4375,2.7750000000000057,0.1125,0.25,-0.2250000000000001,-0.32499999999999996,-2.85,-0.4625000000000057
-51487.149999999994,524.7125000000233,-18091.875,500.07500000001164,-13971.362499999988,-16267.662499999977,1267.6875,1128.8374999999942,-160.03749999999854,-11658.612499999988,-1.6124999999999998,1.975,4.549999999999997,-0.9750000000000001,-0.4375,-1.2249999999999943,0.1125,0.25,-0.2250000000000001,0.675,0.15,-2.4625000000000057
-49734.149999999994,-1062.2874999999767,-18504.875,208.07500000001164,-14242.362499999988,-15566.662499999977,-57.3125,1533.8374999999942,-1257.0374999999985,-12918.612499999988,1.3875000000000002,-6.025,1.5499999999999972,1.025,0.5625,2.7750000000000057,0.1125,0.25,0.7749999999999999,-0.32499999999999996,1.15,4.537499999999994
-50685.149999999994,96.71250000002328,-18757.875,676.0750000000116,-13791.362499999988,-16034.662499999977,1185.6875,1563.8374999999942,-155.03749999999854,-11393.612499999988,-2.6125,2.975,-11.450000000000003,-33.975,35.5625,-3.2249999999999943,0.1125,0.25,-1.225,2.675,2.15,-6.462500000000006
-48588.149999999994,13658.712500000023,-18762.875,-598.9249999999884,-14724.362499999988,6874.337500000023,31928.6875,2348.837499999994,-813.0374999999985,-12949.612499999988,-1.6124999999999998,-15.025,5.549999999999997,16.025,-32.4375,2.7750000000000057,0.1125,0.25,0.7749999999999999,-1.325,12.15,-9.462500000000006
-21002.149999999994,134832.71250000002,-13399.875,-1446.9249999999884,-15136.362499999988,96024.33750000002,146056.6875,126.83749999999418,-455.03749999999854,-13071.612499999988,-5.6125,4.975,14.549999999999997,4.025,-9.4375,-0.22499999999999432,2.1125,-0.75,3.775,8.675,-5.85,-2.4625000000000057
-10718.149999999994,222010.71250000002,-7290.875,2482.0750000000116,-12147.362499999988,274677.3375,237658.6875,-192.16250000000582,1859.9625000000015,-8888.612499999988,-7.6125,-5.025,-13.450000000000003,-12.975,1.5625,25.775000000000006,0.1125,1.25,-1.225,-2.325,0.15,-15.462500000000006
-9022.149999999994,214613.71250000002,-9520.875,2355.0750000000116,-10662.362499999988,207837.33750000002,185889.6875,-757.1625000000058,1197.9625000000015,-3277.6124999999884,9.3875,-5.025,-12.450000000000003,15.025,6.5625,-10.224999999999994,0.1125,0.25,-1.225,10.675,-2.85,-16.462500000000006
-19576.149999999994,164924.71250000002,-13700.875,-1259.9249999999884,-2138.3624999999884,131965.33750000002,140676.6875,1758.8374999999942,-3854.0374999999985,-10387.612499999988,-22.6125,-37.025,16.549999999999997,-3.975,10.5625,24.775000000000006,0.1125,0.25,0.7749999999999999,-1.325,9.15,-13.462500000000006
-35369.149999999994,92736.71250000002,-17384.875,559.0750000000116,836.6375000000116,113690.33750000002,120018.6875,1457.8374999999942,-701.0374999999985,-6265.612499999988,10.3875,-3.025,-44.45,-1.975,-2.4375,-8.224999999999994,0.1125,1.25,0.7749999999999999,3.675,-4.85,-2.4625000000000057
-40584.149999999994,-1188.2874999999767,-20478.875,216.07500000001164,-1646.3624999999884,79017.33750000002,86111.6875,1404.8374999999942,-1466.0374999999985,-6975.612499999988,-5.6125,-18.025,7.549999999999997,3.025,0.5625,-7.224999999999994,-0.8875,1.25,-1.225,1.675,14.15,-3.4625000000000057
-37420.149999999994,-1352.2874999999767,-21077.875,-1826.9249999999884,-3673.3624999999884,60913.33750000002,69206.6875,2484.837499999994,-2085.0374999999985,-10175.612499999988,-12.6125,8.975,17.549999999999997,9.025,1.5625,-10.224999999999994,0.1125,0.25,1.775,-0.32499999999999996,1.15,2.5374999999999943
-35723.149999999994,19787.712500000023,-20850.875,-393.92499999998836,-1698.3624999999884,52110.33750000002,92988.6875,1961.8374999999942,-236.03749999999854,-8815.612499999988,1.3875000000000002,0.975,-16.450000000000003,5.025,-18.4375,16.775000000000006,0.1125,0.25,0.7749999999999999,-1.325,-3.85,-3.4625000000000057
-6016.149999999994,78309.71250000002,-18399.875,992.0750000000116,-1241.3624999999884,73039.33750000002,192907.6875,2070.837499999994,1267.9625000000015,-8015.612499999988,4.3875,-5.025,-0.45000000000000284,-10.975,-3.4375,10.775000000000006,0.1125,0.25,0.7749999999999999,4.675,-4.85,-0.4625000000000057
2745.850000000006,101937.71250000002,-16177.875,-562.9249999999884,-4685.362499999988,58310.33750000002,203788.6875,2934.837499999994,-349.03749999999854,-9612.612499999988,-1.6124999999999998,4.975,-24.450000000000003,17.025,5.5625,-16.224999999999994,0.1125,0.25,-0.2250000000000001,-3.325,0.15,-2.4625000000000057
-8647.149999999994,82130.71250000002,-16821.875,17.07500000001164,-4356.362499999988,23723.337500000023,169628.6875,3484.837499999994,-664.0374999999985,-9928.612499999988,-21.6125,-15.025,12.549999999999997,-7.975,4.5625,18.775000000000006,0.1125,0.25,0.7749999999999999,1.675,1.15,-4.462500000000006
-23914.149999999994,46422.71250000002,-18783.875,486.07500000001164,-2754.3624999999884,12099.337500000023,137620.6875,3489.837499999994,378.96250000000146,-8359.612499999988,0.3875000000000002,-9.025,-4.450000000000003,0.02499999999999991,7.5625,19.775000000000006,0.1125,1.25,-0.2250000000000001,-1.325,0.15,-5.462500000000006
-27093.149999999994,36107.71250000002,-19074.875,80.07500000001164,-2781.3624999999884,9432.337500000023,129021.6875,2686.837499999994,-215.03749999999854,-8281.612499999988,14.3875,-1.025,-45.45,-4.975,2.5625,-2.2249999999999943,0.1125,-0.75,-0.2250000000000001,1.675,-3.85,1.5374999999999943
-27544.149999999994,34651.71250000002,-19047.875,-332.92499999998836,-3561.3624999999884,10354.337500000023,145490.6875,2470.837499999994,-951.0374999999985,-9572.612499999988,-0.6124999999999998,-2.025,22.549999999999997,11.025,-5.4375,-49.224999999999994,0.1125,-0.75,0.7749999999999999,-2.325,4.15,14.537499999999994
-14974.149999999994,120277.71250000002,-15988.875,-333.92499999998836,-4463.362499999988,7939.337500000023,167483.6875,1876.8374999999942,-26.037499999998545,-10023.612499999988,4.3875,-6.025,-14.450000000000003,-17.975,-4.4375,6.775000000000006,0.1125,0.25,-0.2250000000000001,-1.325,4.15,7.537499999999994
-23882.149999999994,106281.71250000002,-14480.875,1402.0750000000116,-3483.3624999999884,-3739.6624999999767,194619.6875,2117.837499999994,117.96250000000146,-8190.612499999988,-7.6125,1.975,-2.450000000000003,-28.975,7.5625,31.775000000000006,0.1125,0.25,-0.2250000000000001,3.675,7.15,4.537499999999994
-30718.149999999994,75861.71250000002,-16015.875,-84.92499999998836,-3928.3624999999884,-18591.662499999977,157144.6875,2072.837499999994,-1069.0374999999985,-9737.612499999988,-24.6125,-12.025,27.549999999999997,31.025,-2.4375,-32.224999999999994,0.1125,0.25,0.7749999999999999,-1.325,1.15,3.5374999999999943
-37796.149999999994,34045.71250000002,-16907.875,4.0750000000116415,-3605.3624999999884,-32456.662499999977,166280.6875,3301.837499999994,-28.037499999998545,-9198.612499999988,-16.6125,-9.025,14.549999999999997,-29.975,-5.4375,51.775000000000006,-0.8875,0.25,-1.225,1.675,10.15,1.5374999999999943
-36094.149999999994,51001.71250000002,-18291.875,-48.92499999998836,-2710.3624999999884,-27539.662499999977,185121.6875,3113.837499999994,684.9625000000015,-7739.612499999988,12.3875,8.975,-11.450000000000003,19.025,-2.4375,-34.224999999999994,0.1125,-0.75,1.775,2.675,3.15,7.537499999999994
-50185.149999999994,72801.71250000002,-17282.875,774.0750000000116,-3851.3624999999884,-31334.662499999977,193355.6875,3450.837499999994,-864.0374999999985,-9803.612499999988,-12.6125,-4.025,1.5499999999999972,9.025,-1.4375,-62.224999999999994,0.1125,0.25,-0.2250000000000001,-5.325,4.15,5.537499999999994
-52482.149999999994,79223.71250000002,-17285.875,556.0750000000116,-3301.3624999999884,-20869.662499999977,172979.6875,1813.8374999999942,1882.9625000000015,-6280.612499999988,-12.6125,-14.025,-13.450000000000003,-24.975,-5.4375,15.775000000000006,0.1125,0.25,-0.2250000000000001,1.675,3.15,4.537499999999994
-58625.149999999994,69100.71250000002,-17658.875,341.07500000001164,-4061.3624999999884,-21374.662499999977,168120.6875,1582.8374999999942,417.96250000000146,-9161.612499999988,6.3875,8.975,-16.450000000000003,20.025,-6.4375,-29.224999999999994,0.1125,0.25,0.7749999999999999,0.675,6.15,-0.4625000000000057
-61142.149999999994,72325.71250000002,-18260.875,114.07500000001164,-3345.3624999999884,-18305.662499999977,177452.6875,1321.8374999999942,354.96250000000146,-6883.612499999988,-17.6125,-8.025,-1.4500000000000028,-20.975,1.5625,52.775000000000006,0.1125,0.25,0.7749999999999999,2.675,5.15,3.5374999999999943
-75851.15,83150.71250000002,-17973.875,616.0750000000116,-3320.3624999999884,-17989.662499999977,173792.6875,1119.8374999999942,-115.03749999999854,-7467.612499999988,1.3875000000000002,11.975,-1.4500000000000028,-18.975,2.5625,5.775000000000006,0.1125,0.25,-0.2250000000000001,-3.325,4.15,5.537499999999994
-79371.15,70610.71250000002,-18282.875,590.0750000000116,-1813.3624999999884,-24662.662499999977,181758.6875,376.8374999999942,652.9625000000015,-5303.612499999988,6.3875,4.975,9.549999999999997,-5.975,1.5625,-11.224999999999994,0.1125,-0.75,-0.2250000000000001,2.675,4.15,12.537499999999994
-68596.15,51000.71250000002,-19362.875,-640.9249999999884,-2657.3624999999884,-27233.662499999977,177086.6875,731.8374999999942,-932.0374999999985,-7207.612499999988,0.3875000000000002,7.975,15.549999999999997,17.025,-0.4375,-36.224999999999994,-0.8875,0.25,-0.2250000000000001,-3.325,-1.85,5.537499999999994
-68410.15,49151.71250000002,-19570.875,-11.924999999988358,-2095.3624999999884,-33061.66249999998,177059.6875,729.8374999999942,-493.03749999999854,-6611.612499999988,-7.6125,5.975,4.549999999999997,-19.975,-14.4375,32.775000000000006,0.1125,0.25,0.7749999999999999,2.675,-12.85,1.5374999999999943
-86341.15,77329.71250000002,-18538.875,300.07500000001164,-1418.3624999999884,-44432.66249999998,188171.6875,375.8374999999942,493.96250000000146,-6515.612499999988,-10.6125,2.975,3.549999999999997,1.025,-3.4375,-14.224999999999994,0.1125,0.25,-1.225,-2.325,-1.85,-3.4625000000000057
-106130.15,83903.71250000002,-18484.875,1008.0750000000116,-2108.3624999999884,-49854.66249999998,176496.6875,106.83749999999418,178.96250000000146,-6615.612499999988,-5.6125,-15.025,20.549999999999997,3.025,-1.4375,-12.224999999999994,0.1125,0.25,0.7749999999999999,0.675,-9.85,0.5374999999999943
-75986.15,30686.712500000023,-19159.875,-735.9249999999884,-2424.3624999999884,-34459.66249999998,151462.6875,642.8374999999942,-1006.0374999999985,-8313.612499999988,-1.6124999999999998,10.975,-0.45000000000000284,-24.975,12.5625,3.7750000000000057,0.1125,-0.75,1.775,-2.325,4.15,4.537499999999994
-49217.149999999994,990.7125000000233,-18378.875,583.0750000000116,-101.36249999998836,2955.3375000000233,83676.6875,4723.837499999994,-563.0374999999985,-6032.612499999988,7.3875,6.975,-13.450000000000003,16.025,-8.4375,-25.224999999999994,-0.8875,0.25,1.775,2.675,-2.85,13.537499999999994
-41576.149999999994,825.7125000000233,-17474.875,962.0750000000116,52.63750000001164,1308.3375000000233,12787.6875,6454.837499999994,852.9625000000015,-4922.612499999988,-20.6125,55.975,319.55,-10.975,-69.4375,-36.224999999999994,-0.8875,-0.75,-0.2250000000000001,-7.325,4.15,-12.462500000000006
33016.850000000006,72018.71250000002,-12877.875,-1678.9249999999884,-452.36249999998836,87396.33750000002,242301.6875,9144.837499999994,-3351.0374999999985,-6205.612499999988,60.3875,-37.025,-131.45,136.025,75.5625,-145.225,-1.8875,3.25,-2.225,-30.325,15.15,16.537499999999994
61100.850000000006,362665.7125,2955.125,-1713.9249999999884,-9081.362499999988,346433.3375,307009.6875,1883.8374999999942,-126.03749999999854,-9543.612499999988,-40.6125,-27.025,-59.45,-106.975,31.5625,-65.225,3.1125,-3.75,4.775,38.675,-31.85,14.537499999999994
51236.850000000006,298383.7125,-10535.875,5047.075000000012,-11305.362499999988,479249.3375,259521.6875,-11036.162500000006,4642.9625000000015,-642.6124999999884,16.3875,8.975,1.5499999999999972,-40.975,32.5625,-44.224999999999994,-0.8875,2.25,-5.225,7.675,-43.85,-18.462500000000006
42218.850000000006,348621.7125,4606.125,-426.92499999998836,20016.63750000001,139404.33750000002,162014.6875,-39622.162500000006,2305.9625000000015,-6911.612499999988,7.3875,14.975,-21.450000000000003,-50.975,-25.4375,29.775000000000006,0.1125,-0.75,1.775,-33.325,-17.85,-23.462500000000006
-9997.149999999994,246365.71250000002,6196.125,-2549.9249999999884,-8279.362499999988,97937.33750000002,166007.6875,2999.837499999994,-10478.037499999999,2865.3875000000116,26.3875,2.975,-17.450000000000003,39.025,12.5625,-57.224999999999994,0.1125,1.25,-0.2250000000000001,-35.325,32.15,-11.462500000000006
-16844.149999999994,170765.71250000002,-11861.875,2382.0750000000116,-798.3624999999884,69046.33750000002,202247.6875,40351.837499999994,4046.9625000000015,14307.387500000012,-5.6125,10.975,14.549999999999997,-57.975,-20.4375,14.775000000000006,0.1125,0.25,-0.2250000000000001,35.675,23.15,20.537499999999994
-23750.149999999994,120222.71250000002,-21015.875,2306.0750000000116,-5964.362499999988,32376.337500000023,144811.6875,37226.837499999994,-1171.0374999999985,7549.387500000012,18.3875,2.975,-10.450000000000003,28.025,-23.4375,-15.224999999999994,-0.8875,-0.75,0.7749999999999999,-9.325,4.15,1.5374999999999943
-33877.149999999994,19712.712500000023,-33461.875,-1838.9249999999884,2182.6375000000116,1077.3375000000233,46054.6875,15706.837499999994,359.96250000000146,5893.387500000012,0.3875000000000002,38.975,-3.450000000000003,-4.975,-15.4375,16.775000000000006,0.1125,-0.75,-0.2250000000000001,10.675,12.15,9.537499999999994
-38511.149999999994,-3726.2874999999767,-25879.875,-1196.9249999999884,-3898.3624999999884,2017.3375000000233,-2185.3125,21540.837499999994,-4004.0374999999985,2668.3875000000116,4.3875,-16.025,-19.450000000000003,11.025,-1.4375,6.775000000000006,0.1125,-2.75,1.775,-27.325,2.15,-19.462500000000006
-41629.149999999994,1608.7125000000233,-20734.875,29186.07500000001,16095.637500000012,-5508.662499999977,1713.6875,20934.837499999994,5317.9625000000015,1319.3875000000116,-8.6125,5.975,32.55,-2.975,19.5625,25.775000000000006,0.1125,0.25,1.775,-25.325,1.15,-26.462500000000006
-42850.149999999994,970.7125000000233,-17204.875,115489.07500000001,8005.637500000012,-7395.662499999977,1870.6875,13125.837499999994,70811.9625,79787.38750000001,0.3875000000000002,-9.025,-84.45,8.025,11.5625,-4.224999999999994,-0.8875,-0.75,-2.225,38.675,-11.85,16.537499999999994
-41760.149999999994,1607.7125000000233,-17500.875,146758.075,14161.637500000012,-2847.6624999999767,2780.6875,8192.837499999994,128661.9625,52676.38750000001,-32.6125,-70.025,43.55,17.025,3.5625,12.775000000000006,-0.8875,0.25,-2.225,-20.325,4.15,0.5374999999999943
-45066.149999999994,45265.71250000002,-19593.875,115691.07500000001,62933.63750000001,19145.337500000023,69714.6875,7210.837499999994,127793.9625,43542.38750000001,69.3875,64.975,-35.45,-33.975,18.5625,-3.2249999999999943,1.1125,4.25,3.775,14.675,-28.85,69.5375
-52101.149999999994,240999.71250000002,-7677.875,138843.075,9421.637500000012,9370.337500000023,241383.6875,6801.837499999994,132424.9625,55975.38750000001,18.3875,32.975,-33.45,30.025,-11.4375,-10.224999999999994,0.1125,1.25,0.7749999999999999,-26.325,-19.85,14.537499999999994
-54280.149999999994,175479.71250000002,-7303.875,172350.075,21145.63750000001,-16362.662499999977,223602.6875,4154.837499999994,167206.9625,71300.38750000001,7.3875,66.975,-21.450000000000003,-24.975,10.5625,13.775000000000006,-0.8875,0.25,-4.225,-10.325,-13.85,19.537499999999994
-96573.15,328359.7125,-3725.875,203067.075,-1774.3624999999884,-6276.662499999977,217768.6875,2689.837499999994,209679.9625,102369.38750000001,-38.6125,-2.025,41.55,14.025,-3.4375,44.775000000000006,0.1125,-0.75,2.775,-56.325,-0.85,15.537499999999994
-99085.15,312865.7125,-3078.875,183492.075,34807.63750000001,-15550.662499999977,312189.6875,3980.837499999994,185422.9625,71428.38750000001,17.3875,-37.025,-11.450000000000003,4.025,-5.4375,39.775000000000006,-0.8875,-0.75,-3.225,24.675,-9.85,40.537499999999994
-104513.15,266133.7125,-3332.875,196512.075,6416.637500000012,-7430.662499999977,271914.6875,1017.8374999999942,177922.9625,64402.38750000001,-3.6125,3.975,-30.450000000000003,-2.975,16.5625,32.775000000000006,1.1125,0.25,-1.225,3.675,-6.85,-4.462500000000006
-123731.15,296537.7125,-2345.875,198643.075,18101.63750000001,-14190.662499999977,240909.6875,3343.837499999994,168816.9625,34988.38750000001,7.3875,-14.025,-26.450000000000003,14.025,21.5625,18.775000000000006,-0.8875,-0.75,-2.225,3.675,-1.85,20.537499999999994
-103034.15,207379.71250000002,-9091.875,184288.075,67759.63750000001,-11908.662499999977,219996.6875,3787.837499999994,169844.9625,27618.38750000001,-5.6125,1.975,27.549999999999997,17.025,27.5625,36.775000000000006,0.1125,0.25,-1.225,10.675,-3.85,3.5374999999999943
-97481.15,158470.71250000002,-14402.875,174228.075,44160.63750000001,-9031.662499999977,144403.6875,1849.8374999999942,156210.9625,23599.38750000001,-0.6124999999999998,-10.025,22.549999999999997,6.025,22.5625,38.775000000000006,1.1125,0.25,2.775,-13.325,-7.85,-18.462500000000006
-96600.15,146338.71250000002,-16003.875,165272.075,38126.63750000001,-15796.662499999977,121044.6875,1911.8374999999942,162741.9625,25094.38750000001,-0.6124999999999998,9.975,2.549999999999997,5.025,3.5625,11.775000000000006,-0.8875,0.25,-3.225,5.675,10.15,-21.462500000000006
-14179.149999999994,70872.71250000002,-17484.875,164316.075,49090.63750000001,1814.3375000000233,83552.6875,4151.837499999994,160752.9625,17868.38750000001,-15.6125,2.975,17.549999999999997,2.025,2.5625,7.775000000000006,0.1125,0.25,1.775,-0.32499999999999996,5.15,-8.462500000000006
-68038.15,100326.71250000002,-17088.875,134165.075,63147.63750000001,2106.3375000000233,64075.6875,2919.837499999994,134930.9625,-3318.6124999999884,16.3875,-0.025000000000000022,-24.450000000000003,-15.975,-11.4375,-5.224999999999994,-0.8875,0.25,0.7749999999999999,-18.325,9.15,27.537499999999994
-119243.15,160792.71250000002,-12984.875,130121.07500000001,74642.63750000001,6632.337500000023,168174.6875,2324.837499999994,132485.9625,-10610.612499999988,3.3875,15.975,-13.450000000000003,-5.975,4.5625,-4.224999999999994,-0.8875,0.25,0.7749999999999999,4.675,2.15,15.537499999999994
-118729.15,166381.71250000002,-11458.875,183491.075,44246.63750000001,14086.337500000023,164694.6875,2309.837499999994,144544.9625,-6729.612499999988,-11.6125,6.975,13.549999999999997,-33.975,-12.4375,20.775000000000006,0.1125,-0.75,-1.225,-18.325,-4.85,1.5374999999999943
-122359.15,185389.71250000002,-9644.875,168966.075,39751.63750000001,-793.6624999999767,156275.6875,3301.837499999994,162149.9625,-9328.612499999988,-0.6124999999999998,-12.025,-6.450000000000003,52.025,-2.4375,-28.224999999999994,0.1125,-0.75,0.7749999999999999,28.675,3.15,25.537499999999994
-128227.15,188756.71250000002,-8792.875,187208.075,49396.63750000001,-15267.662499999977,207785.6875,2380.837499999994,188805.9625,-8123.612499999988,9.3875,-1.025,-8.450000000000003,-18.975,1.5625,17.775000000000006,0.1125,1.25,-0.2250000000000001,-38.325,4.15,9.537499999999994
-144074.15,197348.71250000002,-7173.875,194001.075,44225.63750000001,2162.3375000000233,231597.6875,1929.8374999999942,197361.9625,-6195.612499999988,6.3875,11.975,-10.450000000000003,12.025,12.5625,-27.224999999999994,1.1125,1.25,-0.2250000000000001,38.675,-1.85,21.537499999999994
-139697.15,200976.71250000002,-8261.875,195558.075,33701.63750000001,586.3375000000233,193059.6875,2624.837499999994,169354.9625,-19900.61249999999,-14.6125,-7.025,25.549999999999997,9.025,-2.4375,-11.224999999999994,0.1125,0.25,-1.225,-10.325,-9.85,5.537499999999994
-119893.15,189263.71250000002,-9564.875,182528.075,71998.63750000001,-4809.662499999977,180204.6875,2929.837499999994,148868.9625,-23959.61249999999,6.3875,-10.025,-3.450000000000003,-13.975,-6.4375,12.775000000000006,0.1125,0.25,-0.2250000000000001,3.675,-4.85,13.537499999999994
-97840.15,165876.71250000002,-8959.875,177249.075,19977.63750000001,5711.337500000023,153941.6875,2748.837499999994,138873.9625,-17051.61249999999,5.3875,0.975,-8.450000000000003,15.025,3.5625,-22.224999999999994,-0.8875,0.25,-0.2250000000000001,2.675,9.15,5.537499999999994
-81653.15,142832.71250000002,-9198.875,147868.075,50375.63750000001,-1785.6624999999767,149080.6875,2410.837499999994,139637.9625,-28333.61249999999,-2.6125,-6.025,-8.450000000000003,-9.975,-6.4375,-2.2249999999999943,0.1125,0.25,0.7749999999999999,4.675,5.15,3.5374999999999943
-62396.149999999994,95249.71250000002,-12109.875,168607.075,54598.63750000001,1582.3375000000233,135029.6875,2905.837499999994,158903.9625,-34204.61249999999,-0.6124999999999998,-4.025,4.549999999999997,-8.975,-7.4375,2.7750000000000057,0.1125,0.25,-0.2250000000000001,-8.325,-0.85,-4.462500000000006
-48085.149999999994,83856.71250000002,-15704.875,175790.075,54874.63750000001,6083.337500000023,116676.6875,2595.837499999994,167088.9625,-29487.61249999999,8.3875,-1.025,-7.450000000000003,1.025,-0.4375,-2.2249999999999943,0.1125,0.25,0.7749999999999999,3.675,3.15,7.537499999999994
-43773.149999999994,81675.71250000002,-13673.875,163986.075,36247.63750000001,898.3375000000233,119885.6875,1790.8374999999942,161088.9625,-6565.612499999988,0.3875000000000002,-2.025,-0.45000000000000284,5.025,-2.4375,-11.224999999999994,0.1125,0.25,-0.2250000000000001,-3.325,-0.85,-4.462500000000006
-55554.149999999994,86774.71250000002,-13601.875,149392.075,6541.637500000012,-8221.662499999977,142265.6875,2294.837499999994,140868.9625,-10903.612499999988,-1.6124999999999998,-8.025,-3.450000000000003,-1.975,-3.4375,-1.2249999999999943,0.1125,0.25,-0.2250000000000001,0.675,-0.85,-0.4625000000000057
-51229.149999999994,83809.71250000002,-13985.875,132627.075,20244.63750000001,-7829.662499999977,159823.6875,3035.837499999994,130264.9625,-23014.61249999999,-2.6125,-1.025,8.549999999999997,-0.9750000000000001,1.5625,8.775000000000006,-0.8875,0.25,-0.2250000000000001,3.675,0.15,8.537499999999994
-56007.149999999994,83470.71250000002,-12663.875,132871.075,27465.63750000001,-2735.6624999999767,164113.6875,3132.837499999994,147332.9625,-27105.61249999999,-1.6124999999999998,-2.025,5.549999999999997,5.025,-2.4375,-0.22499999999999432,0.1125,0.25,0.7749999999999999,-2.325,0.15,-0.4625000000000057
-61886.149999999994,89373.71250000002,-11071.875,174401.075,28068.63750000001,-6492.662499999977,174949.6875,2443.837499999994,166914.9625,-22704.61249999999,2.3875,-1.025,-5.450000000000003,-2.975,1.5625,2.7750000000000057,0.1125,0.25,-0.2250000000000001,-0.32499999999999996,0.15,0.5374999999999943
-64589.149999999994,92742.71250000002,-11164.875,180973.075,28563.63750000001,-3956.6624999999767,173193.6875,2386.837499999994,177666.9625,-17282.61249999999,-0.6124999999999998,-1.025,-1.4500000000000028,0.02499999999999991,2.5625,-0.22499999999999432,0.1125,0.25,0.7749999999999999,-1.325,1.15,-1.4625000000000057
-67621.15,96842.71250000002,-11218.875,173389.075,28758.63750000001,-312.6624999999767,169901.6875,2660.837499999994,173093.9625,-13957.612499999988,-0.6124999999999998,0.975,2.549999999999997,-1.975,0.5625,6.775000000000006,0.1125,0.25,-0.2250000000000001,-1.325,0.15,-0.4625000000000057
-68467.15,99907.71250000002,-10757.875,153946.075,29043.63750000001,-1465.6624999999767,170176.6875,2727.837499999994,155572.9625,-8259.612499999988,0.3875000000000002,-0.025000000000000022,-1.4500000000000028,3.025,2.5625,-1.2249999999999943,0.1125,0.25,-0.2250000000000001,-0.32499999999999996,0.15,-0.4625000000000057
-72569.15,111216.71250000002,-10646.875,141144.075,22020.63750000001,-1672.6624999999767,166398.6875,2736.837499999994,135161.9625,-7310.612499999988,-0.6124999999999998,0.975,-0.45000000000000284,-1.975,1.5625,1.7750000000000057,-0.8875,0.25,-0.2250000000000001,-2.325,2.15,-3.4625000000000057
-79722.15,115419.71250000002,-10796.875,136858.075,18548.63750000001,-767.6624999999767,162408.6875,2818.837499999994,131986.9625,-7330.612499999988,-0.6124999999999998,0.975,0.5499999999999972,0.02499999999999991,0.5625,1.7750000000000057,0.1125,0.25,-0.2250000000000001,-0.32499999999999996,1.15,0.5374999999999943
-84273.15,121085.71250000002,-10692.875,138854.075,14813.637500000012,-1760.6624999999767,158547.6875,2692.837499999994,137256.9625,-6657.612499999988,0.3875000000000002,0.975,0.5499999999999972,0.02499999999999991,1.5625,2.7750000000000057,-0.8875,0.25,-0.2250000000000001,0.675,1.15,-0.4625000000000057
-89895.15,127654.71250000002,-10399.875,161920.075,14241.637500000012,-3995.6624999999767,157616.6875,2555.837499999994,144588.9625,-6015.612499999988,0.3875000000000002,0.975,-1.4500000000000028,2.025,-0.4375,-2.2249999999999943,0.1125,0.25,-0.2250000000000001,1.675,-0.85,1.5374999999999943
-94975.15,133219.71250000002,-10192.875,157067.075,15270.637500000012,-5051.662499999977,172236.6875,2499.837499999994,148364.9625,-6154.612499999988,-0.6124999999999998,0.975,-0.45000000000000284,0.02499999999999991,0.5625,0.7750000000000057,0.1125,0.25,-0.2250000000000001,0.675,-0.85,-0.4625000000000057
-97192.15,136191.71250000002,-10164.875,147121.075,15883.637500000012,-2660.6624999999767,173089.6875,2611.837499999994,144918.9625,-5843.612499999988,0.3875000000000002,-1.025,-1.4500000000000028,1.025,1.5625,-0.22499999999999432,0.1125,0.25,0.7749999999999999,1.675,-0.85,1.5374999999999943
-96725.15,137510.71250000002,-10036.875,139860.075,17311.63750000001,-2624.6624999999767,172363.6875,2457.837499999994,140705.9625,-5953.612499999988,1.3875000000000002,-0.025000000000000022,0.5499999999999972,1.025,-0.4375,0.7750000000000057,0.1125,0.25,-0.2250000000000001,-0.32499999999999996,0.15,-0.4625000000000057
-96459.15,138397.71250000002,-10048.875,145930.075,16368.637500000012,-2518.6624999999767,167710.6875,2276.837499999994,142050.9625,-5817.612499999988,0.3875000000000002,-1.025,0.5499999999999972,1.025,0.5625,-0.22499999999999432,0.1125,0.25,0.7749999999999999,1.675,1.15,0.5374999999999943
-95083.15,137535.71250000002,-10003.875,153582.075,15814.637500000012,-2914.6624999999767,165513.6875,2257.837499999994,142086.9625,-6243.612499999988,0.3875000000000002,-1.025,-0.45000000000000284,1.025,0.5625,0.7750000000000057,-0.8875,0.25,-0.2250000000000001,-0.32499999999999996,0.15,-0.4625000000000057
-93725.15,135211.71250000002,-10289.875,144853.075,16734.63750000001,-2588.6624999999767,167936.6875,2524.837499999994,138621.9625,-6165.612499999988,0.3875000000000002,-0.025000000000000022,0.5499999999999972,-0.9750000000000001,0.5625,0.7750000000000057,0.1125,-0.75,0.7749999999999999,0.675,0.15,-0.4625000000000057
-91373.15,129191.71250000002,-10387.875,149635.075,16498.63750000001,-2233.6624999999767,168756.6875,2455.837499999994,142133.9625,-5793.612499999988,0.3875000000000002,-0.025000000000000022,-1.4500000000000028,1.025,-0.4375,-0.22499999999999432,0.1125,0.25,-0.2250000000000001,0.675,0.15,-0.4625000000000057
-89556.15,126163.71250000002,-10424.875,153010.075,14499.637500000012,-2388.6624999999767,166026.6875,2653.837499999994,146873.9625,-6474.612499999988,0.3875000000000002,0.975,-0.45000000000000284,0.02499999999999991,-0.4375,0.7750000000000057,0.1125,0.25,0.7749999999999999,-0.32499999999999996,0.15,-0.4625000000000057
-88114.15,123204.71250000002,-10453.875,150472.075,14316.637500000012,-3167.6624999999767,165319.6875,2482.837499999994,144743.9625,-6319.612499999988,0.3875000000000002,-0.025000000000000022,0.5499999999999972,0.02499999999999991,0.5625,0.7750000000000057,0.1125,0.25,0.7749999999999999,-0.32499999999999996,0.15,0.5374999999999943
-85772.15,118879.71250000002,-10254.875,146127.075,13579.637500000012,-3614.6624999999767,164682.6875,2424.837499999994,143668.9625,-6079.612499999988,0.3875000000000002,-0.025000000000000022,-0.45000000000000284,0.02499999999999991,-0.4375,-0.22499999999999432,0.1125,0.25,0.7749999999999999,0.675,0.15,0.5374999999999943
-81724.15,113496.71250000002,-10683.875,145678.075,12785.637500000012,-2402.6624999999767,163994.6875,2563.837499999994,145414.9625,-6826.612499999988,0.3875000000000002,-0.025000000000000022,-1.4500000000000028,1.025,0.5625,-0.22499999999999432,0.1125,1.25,-0.2250000000000001,0.675,1.15,0.5374999999999943
-73108.15,108576.71250000002,-11110.875,152132.075,12355.637500000012,-176.66249999997672,162936.6875,2855.837499999994,147815.9625,-8405.612499999988,-0.6124999999999998,-0.025000000000000022,-0.45000000000000284,0.02499999999999991,0.5625,0.7750000000000057,0.1125,0.25,0.7749999999999999,-0.32499999999999996,0.15,1.5374999999999943
-70584.15,105062.71250000002,-11074.875,153789.075,12189.637500000012,-1323.6624999999767,162195.6875,2757.837499999994,149344.9625,-10392.612499999988,0.3875000000000002,-0.025000000000000022,-0.45000000000000284,-0.9750000000000001,-0.4375,0.7750000000000057,0.1125,0.25,0.7749999999999999,-0.32499999999999996,0.15,0.5374999999999943
-68788.15,101939.71250000002,-10802.875,154731.075,12744.637500000012,-2121.6624999999767,162056.6875,2690.837499999994,149800.9625,-12165.612499999988,0.3875000000000002,-0.025000000000000022,-0.45000000000000284,0.02499999999999991,-0.4375,-1.2249999999999943,-0.8875,0.25,-0.2250000000000001,-0.32499999999999996,0.15,-0.4625000000000057
-66930.15,99494.71250000002,-10830.875,155242.075,14057.637500000012,-1749.6624999999767,161090.6875,2684.837499999994,151014.9625,-14215.612499999988,0.3875000000000002,0.975,-0.45000000000000284,0.02499999999999991,-0.4375,-0.22499999999999432,0.1125,1.25,-0.2250000000000001,-0.32499999999999996,0.15,-0.4625000000000057
-66066.15,98091.71250000002,-11111.875,155197.075,15287.637500000012,-983.6624999999767,160549.6875,2577.837499999994,151267.9625,-13697.612499999988,0.3875000000000002,0.975,-0.45000000000000284,1.025,0.5625,-0.22499999999999432,0.1125,0.25,-0.2250000000000001,-0.32499999999999996,0.15,0.5374999999999943
-68002.15,102717.71250000002,-10924.875,154194.075,16909.63750000001,-601.6624999999767,162334.6875,2618.837499999994,150143.9625,-12206.612499999988,0.3875000000000002,0.975,0.5499999999999972,0.02499999999999991,0.5625,-1.2249999999999943,0.1125,0.25,-0.2250000000000001,-0.32499999999999996,-0.85,-0.4625000000000057
-71815.15,107503.71250000002,-10746.875,152114.075,18159.63750000001,-1838.6624999999767,164311.6875,2520.837499999994,147748.9625,-10052.612499999988,-0.6124999999999998,0.975,0.5499999999999972,0.02499999999999991,-0.4375,-1.2249999999999943,0.1125,-0.75,-0.2250000000000001,-0.32499999999999996,0.15,-0.4625000000000057
-76246.15,112128.71250000002,-10743.875,150439.075,19007.63750000001,-3275.6624999999767,164752.6875,2582.837499999994,143963.9625,-8011.612499999988,0.3875000000000002,-1.025,0.5499999999999972,0.02499999999999991,0.5625,-0.22499999999999432,0.1125,0.25,-0.2250000000000001,-0.32499999999999996,0.15,-0.4625000000000057
-82646.15,117528.71250000002,-10692.875,149800.075,18858.63750000001,-2825.6624999999767,166561.6875,2613.837499999994,144008.9625,-6487.612499999988,-0.6124999999999998,-0.025000000000000022,-1.4500000000000028,1.025,-1.4375,-0.22499999999999432,0.1125,0.25,-0.2250000000000001,-0.32499999999999996,-0.85,-0.4625000000000057
-84017.15,119287.71250000002,-10563.875,148372.075,18366.63750000001,-3137.6624999999767,166991.6875,2480.837499999994,144059.9625,-5904.612499999988,-0.6124999999999998,-0.025000000000000022,-0.45000000000000284,0.02499999999999991,0.5625,-0.22499999999999432,0.1125,-0.75,-0.2250000000000001,-0.32499999999999996,-0.85,-1.4625000000000057
-85544.15,120986.71250000002,-10609.875,148739.075,18141.63750000001,-3592.6624999999767,167425.6875,2456.837499999994,144145.9625,-5736.612499999988,0.3875000000000002,-0.025000000000000022,-0.45000000000000284,0.02499999999999991,-0.4375,0.7750000000000057,0.1125,0.25,-1.225,-0.32499999999999996,0.15,-0.4625000000000057
-86504.15,122277.71250000002,-10598.875,150580.075,18015.63750000001,-3782.6624999999767,167298.6875,2616.837499999994,144422.9625,-5822.612499999988,0.3875000000000002,-0.025000000000000022,0.5499999999999972,1.025,-1.4375,-0.22499999999999432,0.1125,0.25,0.7749999999999999,1.675,0.15,-0.4625000000000057
-86604.15,122260.71250000002,-10654.875,151616.075,17873.63750000001,-3319.6624999999767,167310.6875,2656.837499999994,143375.9625,-5920.612499999988,0.3875000000000002,-0.025000000000000022,0.5499999999999972,0.02499999999999991,-0.4375,-0.22499999999999432,0.1125,0.25,-0.2250000000000001,0.675,-0.85,-0.4625000000000057
-86052.15,121831.71250000002,-10677.875,148251.075,17784.63750000001,-3177.6624999999767,167253.6875,2573.837499999994,142946.9625,-5889.612499999988,0.3875000000000002,-0.025000000000000022,0.5499999999999972,0.02499999999999991,-0.4375,-1.2249999999999943,0.1125,-0.75,-0.2250000000000001,0.675,0.15,0.5374999999999943
-83943.15,119155.71250000002,-10701.875,148343.075,17415.63750000001,-2968.6624999999767,166608.6875,2627.837499999994,143371.9625,-5672.612499999988,0.3875000000000002,-0.025000000000000022,0.5499999999999972,0.02499999999999991,-0.4375,0.7750000000000057,0.1125,0.25,-0.2250000000000001,-1.325,0.15,-1.4625000000000057
-82493.15,116832.71250000002,-10819.875,149988.075,16401.63750000001,-2919.6624999999767,165752.6875,2547.837499999994,144740.9625,-5804.612499999988,0.3875000000000002,0.975,0.5499999999999972,0.02499999999999991,-0.4375,-0.22499999999999432,-0.8875,0.25,-0.2250000000000001,0.675,0.15,0.5374999999999943
-81035.15,114764.71250000002,-10725.875,151127.075,15419.637500000012,-2603.6624999999767,166083.6875,2518.837499999994,146070.9625,-6383.612499999988,0.3875000000000002,0.975,0.5499999999999972,0.02499999999999991,-0.4375,-0.22499999999999432,0.1125,0.25,-0.2250000000000001,1.675,0.15,-1.4625000000000057
-79352.15,112709.71250000002,-10768.875,150835.075,14751.637500000012,-2079.6624999999767,166368.6875,2556.837499999994,146307.9625,-7604.612499999988,0.3875000000000002,0.975,0.5499999999999972,1.025,-0.4375,-0.22499999999999432,0.1125,0.25,-0.2250000000000001,0.675,0.15,-0.4625000000000057
-77021.15,109766.71250000002,-10784.875,150435.075,13929.637500000012,-1651.6624999999767,165309.6875,2783.837499999994,146796.9625,-8764.612499999988,-0.6124999999999998,0.975,0.5499999999999972,0.02499999999999991,-0.4375,-0.22499999999999432,0.1125,0.25,-0.2250000000000001,-0.32499999999999996,0.15,0.5374999999999943
-74347.15,106630.71250000002,-10802.875,150936.075,13121.637500000012,-1638.6624999999767,161598.6875,2717.837499999994,148072.9625,-9626.612499999988,0.3875000000000002,-1.025,-0.45000000000000284,0.02499999999999991,0.5625,-0.22499999999999432,0.1125,0.25,0.7749999999999999,0.675,0.15,-0.4625000000000057
-72209.15,104306.71250000002,-10898.875,154266.075,12315.637500000012,-1649.6624999999767,161474.6875,2757.837499999994,149363.9625,-10416.612499999988,0.3875000000000002,0.975,0.5499999999999972,-0.9750000000000001,0.5625,-1.2249999999999943,0.1125,0.25,-0.2250000000000001,0.675,0.15,0.5374999999999943
-71261.15,103284.71250000002,-10876.875,154297.075,12456.637500000012,-1457.6624999999767,161905.6875,2778.837499999994,149604.9625,-11063.612499999988,1.3875000000000002,-0.025000000000000022,-0.45000000000000284,0.02499999999999991,-0.4375,0.7750000000000057,0.1125,-0.75,-0.2250000000000001,-0.32499999999999996,0.15,-0.4625000000000057
-74398.15,105402.71250000002,-10702.875,152039.075,14472.637500000012,-1813.6624999999767,163758.6875,2544.837499999994,147616.9625,-9880.612499999988,0.3875000000000002,-0.025000000000000022,-0.45000000000000284,0.02499999999999991,0.5625,-0.22499999999999432,-0.8875,0.25,-0.2250000000000001,0.675,-0.85,-0.4625000000000057
-77550.15,111158.71250000002,-10794.875,151138.075,16273.637500000012,-2336.6624999999767,164235.6875,2566.837499999994,145624.9625,-7527.612499999988,-0.6124999999999998,-0.025000000000000022,1.5499999999999972,0.02499999999999991,0.5625,-0.22499999999999432,0.1125,0.25,0.7749999999999999,-0.32499999999999996,-0.85,-0.4625000000000057
-79209.15,112983.71250000002,-10829.875,150024.075,17692.63750000001,-2484.6624999999767,164488.6875,2552.837499999994,144572.9625,-7188.612499999988,0.3875000000000002,-0.025000000000000022,-0.45000000000000284,0.02499999999999991,-0.4375,-0.22499999999999432,0.1125,-0.75,0.7749999999999999,-0.32499999999999996,0.15,-0.4625000000000057
-80506.15,114477.71250000002,-10653.875,149501.075,17845.63750000001,-2880.6624999999767,166029.6875,2533.837499999994,144057.9625,-6757.612499999988,0.3875000000000002,-0.025000000000000022,0.5499999999999972,0.02499999999999991,-0.4375,0.7750000000000057,-0.8875,0.25,-0.2250000000000001,-0.32499999999999996,0.15,0.5374999999999943
-81141.15,114774.71250000002,-10570.875,149958.075,17537.63750000001,-3206.6624999999767,166265.6875,2532.837499999994,144883.9625,-6396.612499999988,-0.6124999999999998,0.975,0.5499999999999972,0.02499999999999991,0.5625,-1.2249999999999943,0.1125,0.25,-0.2250000000000001,-0.32499999999999996,0.15,-0.4625000000000057
-81387.15,114789.71250000002,-10620.875,150048.075,17355.63750000001,-3366.6624999999767,166838.6875,2461.837499999994,144973.9625,-6441.612499999988,0.3875000000000002,-0.025000000000000022,0.5499999999999972,0.02499999999999991,-0.4375,-0.22499999999999432,0.1125,-0.75,-0.2250000000000001,-0.32499999999999996,0.15,-0.4625000000000057
-81072.15,114716.71250000002,-10662.875,149774.075,17405.63750000001,-3175.6624999999767,167189.6875,2505.837499999994,144688.9625,-6819.612499999988,0.3875000000000002,-0.025000000000000022,0.5499999999999972,0.02499999999999991,-0.4375,-0.22499999999999432,0.1125,0.25,-0.2250000000000001,-0.32499999999999996,-0.85,-0.4625000000000057
-80667.15,114297.71250000002,-11036.875,149684.075,17296.63750000001,-2947.6624999999767,166656.6875,2654.837499999994,144388.9625,-7330.612499999988,0.3875000000000002,-0.025000000000000022,-0.45000000000000284,0.02499999999999991,-0.4375,-0.22499999999999432,-0.8875,0.25,-0.2250000000000001,-0.32499999999999996,0.15,-0.4625000000000057
-79849.15,113379.71250000002,-10980.875,149885.075,16138.637500000012,-2785.6624999999767,165845.6875,2672.837499999994,144704.9625,-7518.612499999988,-0.6124999999999998,-0.025000000000000022,0.5499999999999972,-0.9750000000000001,-0.4375,0.7750000000000057,0.1125,0.25,-0.2250000000000001,0.675,0.15,-0.4625000000000057
-78536.15,112175.71250000002,-10755.875,150513.075,15614.637500000012,-2587.6624999999767,164959.6875,2576.837499999994,145698.9625,-7522.612499999988,0.3875000000000002,-1.025,-0.45000000000000284,0.02499999999999991,-0.4375,0.7750000000000057,-0.8875,-0.75,0.7749999999999999,-0.32499999999999996,0.15,-0.4625000000000057
-77611.15,110783.71250000002,-10755.875,150877.075,15103.637500000012,-2085.6624999999767,165014.6875,2650.837499999994,147144.9625,-7748.612499999988,0.3875000000000002,-0.025000000000000022,-1.4500000000000028,1.025,-0.4375,-0.22499999999999432,0.1125,0.25,0.7749999999999999,0.675,0.15,-0.4625000000000057
-77330.15,109735.71250000002,-10891.875,150863.075,14802.637500000012,-1987.6624999999767,164789.6875,2666.837499999994,146989.9625,-8704.612499999988,0.3875000000000002,-1.025,-0.45000000000000284,1.025,-0.4375,-0.22499999999999432,0.1125,0.25,-0.2250000000000001,-0.32499999999999996,0.15,0.5374999999999943
-76798.15,108988.71250000002,-10931.875,151164.075,14635.637500000012,-1892.6624999999767,164055.6875,2598.837499999994,147053.9625,-8734.612499999988,1.3875000000000002,-1.025,1.5499999999999972,1.025,-0.4375,-0.22499999999999432,0.1125,0.25,0.7749999999999999,-0.32499999999999996,0.15,-0.4625000000000057
-76099.15,108449.71250000002,-10919.875,151482.075,14416.637500000012,-1772.6624999999767,163424.6875,2502.837499999994,147256.9625,-8820.612499999988,1.3875000000000002,-0.025000000000000022,-1.4500000000000028,1.025,0.5625,-0.22499999999999432,0.1125,0.25,0.7749999999999999,0.675,0.15,-0.4625000000000057
-76479.15,108542.71250000002,-10688.875,151733.075,14548.637500000012,-1717.6624999999767,164344.6875,2637.837499999994,146547.9625,-8948.612499999988,-0.6124999999999998,0.975,0.5499999999999972,0.02499999999999991,0.5625,-0.22499999999999432,0.1125,-0.75,-0.2250000000000001,0.675,0.15,0.5374999999999943
-77065.15,109129.71250000002,-10574.875,151490.075,14907.637500000012,-1861.6624999999767,163994.6875,2503.837499999994,146257.9625,-8718.612499999988,0.3875000000000002,-0.025000000000000022,-0.45000000000000284,0.02499999999999991,-0.4375,-0.22499999999999432,0.1125,0.25,0.7749999999999999,0.675,0.15,0.5374999999999943
-77798.15,109770.71250000002,-10551.875,151397.075,15353.637500000012,-2228.6624999999767,163698.6875,2479.837499999994,145836.9625,-8351.612499999988,0.3875000000000002,-0.025000000000000022,-1.4500000000000028,1.025,0.5625,0.7750000000000057,0.1125,0.25,-0.2250000000000001,0.675,0.15,0.5374999999999943
-78528.15,110714.71250000002,-10548.875,151351.075,15718.637500000012,-2308.6624999999767,164341.6875,2520.837499999994,145475.9625,-7662.612499999988,0.3875000000000002,-0.025000000000000022,-0.45000000000000284,1.025,-0.4375,-0.22499999999999432,0.1125,0.25,-0.2250000000000001,0.675,0.15,-0.4625000000000057
-78719.15,111561.71250000002,-10526.875,150716.075,15939.637500000012,-2318.6624999999767,164020.6875,2535.837499999994,145381.9625,-7461.612499999988,0.3875000000000002,-0.025000000000000022,-0.45000000000000284,1.025,0.5625,0.7750000000000057,0.1125,0.25,0.7749999999999999,0.675,-0.85,-0.4625000000000057
-78837.15,111687.71250000002,-10570.875,150046.075,16407.63750000001,-2231.6624999999767,164841.6875,2593.837499999994,145044.9625,-7413.612499999988,0.3875000000000002,-0.025000000000000022,0.5499999999999972,1.025,0.5625,-0.22499999999999432,0.1125,0.25,0.7749999999999999,0.675,0.15,0.5374999999999943
-78804.15,111251.71250000002,-10706.875,149990.075,16341.637500000012,-2190.6624999999767,164709.6875,2463.837499999994,145550.9625,-7228.612499999988,0.3875000000000002,-0.025000000000000022,-0.45000000000000284,1.025,-1.4375,-0.22499999999999432,0.1125,0.25,-0.2250000000000001,-0.32499999999999996,0.15,-0.4625000000000057
-78505.15,110809.71250000002,-10882.875,150578.075,16046.637500000012,-2530.6624999999767,164542.6875,2489.837499999994,146037.9625,-7325.612499999988,0.3875000000000002,-0.025000000000000022,0.5499999999999972,0.02499999999999991,-0.4375,-0.22499999999999432,0.1125,-0.75,0.7749999999999999,0.675,0.15,0.5374999999999943
-77289.15,109681.71250000002,-10910.875,150764.075,15318.637500000012,-2131.6624999999767,164921.6875,2570.837499999994,146563.9625,-8167.612499999988,0.3875000000000002,-1.025,0.5499999999999972,0.02499999999999991,-1.4375,-0.22499999999999432,0.1125,0.25,-0.2250000000000001,-0.32499999999999996,0.15,-0.4625000000000057
-76616.15,108927.71250000002,-10820.875,150973.075,15241.637500000012,-2073.6624999999767,164797.6875,2685.837499999994,146708.9625,-8595.612499999988,-0.6124999999999998,-0.025000000000000022,-0.45000000000000284,0.02499999999999991,-0.4375,-0.22499999999999432,0.1125,0.25,-0.2250000000000001,0.675,-0.85,0.5374999999999943
-76421.15,108575.71250000002,-10881.875,151437.075,14855.637500000012,-1991.6624999999767,164712.6875,2636.837499999994,146946.9625,-8721.612499999988,-0.6124999999999998,-0.025000000000000022,-0.45000000000000284,1.025,-0.4375,-1.2249999999999943,0.1125,0.25,-0.2250000000000001,-0.32499999999999996,0.15,-0.4625000000000057
-76673.15,108635.71250000002,-10931.875,151795.075,14959.637500000012,-2242.6624999999767,164417.6875,2532.837499999994,147116.9625,-8818.612499999988,0.3875000000000002,-0.025000000000000022,-0.45000000000000284,0.02499999999999991,-0.4375,-1.2249999999999943,0.1125,-0.75,-0.2250000000000001,-0.32499999999999996,0.15,0.5374999999999943
-77001.15,109126.71250000002,-10901.875,151427.075,15368.637500000012,-2561.6624999999767,164924.6875,2515.837499999994,146770.9625,-8694.612499999988,-0.6124999999999998,-1.025,0.5499999999999972,0.02499999999999991,-0.4375,-1.2249999999999943,0.1125,0.25,0.7749999999999999,-0.32499999999999996,0.15,-0.4625000000000057
-77671.15,109539.71250000002,-10706.875,151074.075,15863.637500000012,-2597.6624999999767,165501.6875,2759.837499999994,146300.9625,-8441.612499999988,0.3875000000000002,-0.025000000000000022,-0.45000000000000284,0.02499999999999991,-0.4375,-0.22499999999999432,0.1125,0.25,-0.2250000000000001,-0.32499999999999996,0.15,-0.4625000000000057
-78037.15,110023.71250000002,-10657.875,150803.075,16249.637500000012,-2485.6624999999767,165552.6875,2813.837499999994,146017.9625,-8096.612499999988,0.3875000000000002,0.975,-0.45000000000000284,1.025,-0.4375,-0.22499999999999432,0.1125,0.25,-0.2250000000000001,-0.32499999999999996,0.15,0.5374999999999943
-78949.15,111321.71250000002,-10588.875,150505.075,16696.63750000001,-2672.6624999999767,165774.6875,2518.837499999994,145241.9625,-7327.612499999988,-0.6124999999999998,-0.025000000000000022,-0.45000000000000284,0.02499999999999991,-0.4375,-0.22499999999999432,0.1125,0.25,-0.2250000000000001,0.675,-0.85,-0.4625000000000057
-79083.15,111303.71250000002,-10712.875,150472.075,16517.63750000001,-2682.6624999999767,165956.6875,2606.837499999994,145260.9625,-7482.612499999988,0.3875000000000002,-0.025000000000000022,-0.45000000000000284,1.025,-0.4375,-0.22499999999999432,0.1125,0.25,-0.2250000000000001,0.675,-0.85,0.5374999999999943
-78878.15,110991.71250000002,-10741.875,150507.075,16344.637500000012,-2515.6624999999767,165771.6875,2683.837499999994,145239.9625,-7609.612499999988,0.3875000000000002,-0.025000000000000022,0.5499999999999972,0.02499999999999991,-0.4375,-0.22499999999999432,0.1125,-0.75,-0.2250000000000001,0.675,-0.85,-0.4625000000000057
-78460.15,110184.71250000002,-10714.875,150682.075,16002.637500000012,-2262.6624999999767,165176.6875,2624.837499999994,145508.9625,-7708.612499999988,0.3875000000000002,-0.025000000000000022,-0.45000000000000284,0.02499999999999991,-0.4375,-0.22499999999999432,0.1125,0.25,0.7749999999999999,0.675,0.15,-0.4625000000000057
-77451.15,109416.71250000002,-10824.875,150869.075,15556.637500000012,-2144.6624999999767,164847.6875,2647.837499999994,146034.9625,-8022.612499999988,0.3875000000000002,0.975,-0.45000000000000284,1.025,0.5625,0.7750000000000057,-0.8875,0.25,-0.2250000000000001,0.675,0.15,0.5374999999999943
-77208.15,108782.71250000002,-10805.875,151123.075,15092.637500000012,-2028.6624999999767,164430.6875,2478.837499999994,146366.9625,-8459.612499999988,-0.6124999999999998,0.975,0.5499999999999972,0.02499999999999991,-0.4375,-0.22499999999999432,0.1125,0.25,-0.2250000000000001,-0.32499999999999996,0.15,0.5374999999999943
-76464.15,108363.71250000002,-10749.875,151895.075,14706.637500000012,-2108.6624999999767,164616.6875,2563.837499999994,146555.9625,-8887.612499999988,0.3875000000000002,0.975,-0.45000000000000284,0.02499999999999991,-0.4375,-0.22499999999999432,0.1125,0.25,-0.2250000000000001,0.675,0.15,-0.4625000000000057
-76702.15,108481.71250000002,-10734.875,151785.075,14839.637500000012,-2252.6624999999767,164017.6875,2500.837499999994,146360.9625,-8891.612499999988,0.3875000000000002,-0.025000000000000022,0.5499999999999972,1.025,-0.4375,-0.22499999999999432,0.1125,0.25,0.7749999999999999,-0.32499999999999996,0.15,-0.4625000000000057
-76828.15,108580.71250000002,-10712.875,151505.075,15057.637500000012,-2084.6624999999767,163709.6875,2491.837499999994,146122.9625,-8686.612499999988,0.3875000000000002,-0.025000000000000022,-0.45000000000000284,0.02499999999999991,-0.4375,0.7750000000000057,0.1125,0.25,-0.2250000000000001,-0.32499999999999996,0.15,-0.4625000000000057
-77222.15,109340.71250000002,-10819.875,150924.075,15301.637500000012,-1916.6624999999767,164168.6875,2514.837499999994,145833.9625,-8310.612499999988,0.3875000000000002,-0.025000000000000022,-0.45000000000000284,0.02499999999999991,0.5625,-0.22499999999999432,0.1125,0.25,0.7749999999999999,-0.32499999999999996,0.15,-0.4625000000000057
-77713.15,109795.71250000002,-10758.875,150584.075,15627.637500000012,-2065.6624999999767,164929.6875,2517.837499999994,145644.9625,-8155.612499999988,0.3875000000000002,-0.025000000000000022,0.5499999999999972,1.025,-1.4375,-0.22499999999999432,0.1125,0.25,-0.2250000000000001,0.675,0.15,0.5374999999999943
-78349.15,110306.71250000002,-10732.875,150715.075,15637.637500000012,-2438.6624999999767,164897.6875,2517.837499999994,145480.9625,-8018.612499999988,0.3875000000000002,-1.025,0.5499999999999972,1.025,-0.4375,0.7750000000000057,0.1125,0.25,-0.2250000000000001,0.675,-0.85,-1.4625000000000057
-78204.15,110170.71250000002,-10766.875,150559.075,16229.637500000012,-2240.6624999999767,164939.6875,2548.837499999994,145348.9625,-7749.612499999988,1.3875000000000002,-1.025,0.5499999999999972,0.02499999999999991,-0.4375,0.7750000000000057,0.1125,0.25,-1.225,0.675,0.15,0.5374999999999943
-77927.15,109725.71250000002,-10828.875,150599.075,16036.637500000012,-2092.6624999999767,164875.6875,2524.837499999994,145453.9625,-7762.612499999988,1.3875000000000002,-0.025000000000000022,-0.45000000000000284,0.02499999999999991,-0.4375,0.7750000000000057,0.1125,0.25,0.7749999999999999,-0.32499999999999996,0.15,0.5374999999999943
-77653.15,109573.71250000002,-10946.875,150841.075,15983.637500000012,-2005.6624999999767,165375.6875,2506.837499999994,145801.9625,-8062.612499999988,0.3875000000000002,-0.025000000000000022,-1.4500000000000028,0.02499999999999991,0.5625,-0.22499999999999432,0.1125,0.25,0.7749999999999999,0.675,0.15,-0.4625000000000057
-77296.15,108937.71250000002,-10884.875,151049.075,15539.637500000012,-2269.6624999999767,165340.6875,2535.837499999994,146077.9625,-8362.612499999988,0.3875000000000002,-0.025000000000000022,0.5499999999999972,0.02499999999999991,0.5625,-0.22499999999999432,0.1125,-0.75,-0.2250000000000001,0.675,-0.85,0.5374999999999943
-77072.15,108463.71250000002,-10767.875,151279.075,15106.637500000012,-2337.6624999999767,164660.6875,2589.837499999994,146509.9625,-8586.612499999988,-0.6124999999999998,0.975,0.5499999999999972,0.02499999999999991,-0.4375,-1.2249999999999943,0.1125,0.25,-0.2250000000000001,0.675,0.15,-0.4625000000000057
-76892.15,108478.71250000002,-10658.875,151770.075,15324.637500000012,-2201.6624999999767,164042.6875,2561.837499999994,146367.9625,-8822.612499999988,-0.6124999999999998,-0.025000000000000022,-0.45000000000000284,0.02499999999999991,-0.4375,-0.22499999999999432,0.1125,0.25,-0.2250000000000001,0.675,0.15,0.5374999999999943
-77262.15,108669.71250000002,-10654.875,151365.075,15367.637500000012,-2360.6624999999767,164367.6875,2643.837499999994,146339.9625,-8596.612499999988,0.3875000000000002,-0.025000000000000022,1.5499999999999972,0.02499999999999991,-0.4375,-1.2249999999999943,0.1125,0.25,-0.2250000000000001,-0.32499999999999996,0.15,-0.4625000000000057
-77501.15,109063.71250000002,-10731.875,151091.075,15680.637500000012,-2491.6624999999767,165153.6875,2512.837499999994,146293.9625,-8260.612499999988,-0.6124999999999998,-0.025000000000000022,0.5499999999999972,1.025,-0.4375,-0.22499999999999432,0.1125,-0.75,-0.2250000000000001,-0.32499999999999996,0.15,-0.4625000000000057
-77889.15,109616.71250000002,-10682.875,151089.075,16063.637500000012,-2574.6624999999767,164981.6875,2415.837499999994,145824.9625,-7878.612499999988,0.3875000000000002,-0.025000000000000022,0.5499999999999972,0.02499999999999991,-0.4375,-0.22499999999999432,0.1125,0.25,0.7749999999999999,-0.32499999999999996,0.15,0.5374999999999943
-78460.15,110013.71250000002,-10590.875,151195.075,16147.637500000012,-2655.6624999999767,164717.6875,2639.837499999994,145697.9625,-7610.612499999988,-0.6124999999999998,-0.025000000000000022,0.5499999999999972,0.02499999999999991,-0.4375,-0.22499999999999432,0.1125,0.25,-0.2250000000000001,0.675,0.15,-0.4625000000000057
-78786.15,110374.71250000002,-10777.875,150940.075,16343.637500000012,-2583.6624999999767,165279.6875,2566.837499999994,145634.9625,-7518.612499999988,0.3875000000000002,-0.025000000000000022,-0.45000000000000284,1.025,-0.4375,-0.22499999999999432,0.1125,0.25,0.7749999999999999,-0.32499999999999996,0.15,-0.4625000000000057
-78691.15,110136.71250000002,-10747.875,150816.075,16334.637500000012,-2617.6624999999767,165741.6875,2433.837499999994,145761.9625,-7470.612499999988,-0.6124999999999998,-0.025000000000000022,-0.45000000000000284,1.025,-0.4375,-0.22499999999999432,-0.8875,0.25,0.7749999999999999,-0.32499999999999996,0.15,-0.4625000000000057
-77721.15,109181.71250000002,-10839.875,151103.075,15768.637500000012,-2219.6624999999767,165473.6875,2640.837499999994,146135.9625,-7903.612499999988,0.3875000000000002,-0.025000000000000022,-0.45000000000000284,0.02499999999999991,-0.4375,-0.22499999999999432,-0.8875,0.25,-1.225,-0.32499999999999996,0.15,-0.4625000000000057
-77370.15,108850.71250000002,-10961.875,151515.075,15396.637500000012,-2139.6624999999767,165008.6875,2641.837499999994,146646.9625,-8377.612499999988,-0.6124999999999998,0.975,-0.45000000000000284,1.025,-0.4375,-0.22499999999999432,0.1125,0.25,0.7749999999999999,-0.32499999999999996,0.15,-0.4625000000000057
-77003.15,108423.71250000002,-11013.875,151900.075,15188.637500000012,-2292.6624999999767,165322.6875,2516.837499999994,146832.9625,-8687.612499999988,0.3875000000000002,-0.025000000000000022,0.5499999999999972,0.02499999999999991,-0.4375,-0.22499999999999432,0.1125,-0.75,-0.2250000000000001,-0.32499999999999996,0.15,-0.4625000000000057
-76867.15,108489.71250000002,-10854.875,152028.075,15001.637500000012,-2200.6624999999767,165586.6875,2418.837499999994,146953.9625,-8739.612499999988,0.3875000000000002,-1.025,-0.45000000000000284,0.02499999999999991,-0.4375,-0.22499999999999432,0.1125,0.25,-0.2250000000000001,-0.32499999999999996,0.15,0.5374999999999943
-76820.15,107769.71250000002,-10730.875,152122.075,14982.637500000012,-2338.6624999999767,164864.6875,2474.837499999994,146876.9625,-8793.612499999988,0.3875000000000002,-0.025000000000000022,-0.45000000000000284,0.02499999999999991,0.5625,-0.22499999999999432,0.1125,0.25,-0.2250000000000001,0.675,0.15,-0.4625000000000057
-76842.15,108351.71250000002,-10770.875,152052.075,15287.637500000012,-2263.6624999999767,164923.6875,2633.837499999994,146833.9625,-8860.612499999988,0.3875000000000002,-0.025000000000000022,-0.45000000000000284,0.02499999999999991,-0.4375,-0.22499999999999432,0.1125,-0.75,-1.225,0.675,1.15,0.5374999999999943
-77197.15,108789.71250000002,-10773.875,151744.075,15368.637500000012,-2383.6624999999767,165186.6875,2629.837499999994,146639.9625,-8400.612499999988,-0.6124999999999998,-0.025000000000000022,-0.45000000000000284,0.02499999999999991,-0.4375,-0.22499999999999432,0.1125,0.25,0.7749999999999999,0.675,0.15,-0.4625000000000057
-77689.15,108957.71250000002,-10654.875,151752.075,15503.637500000012,-2498.6624999999767,165073.6875,2605.837499999994,146273.9625,-7919.612499999988,0.3875000000000002,0.975,-0.45000000000000284,1.025,-0.4375,-0.22499999999999432,-0.8875,0.25,-0.2250000000000001,-0.32499999999999996,0.15,1.5374999999999943
-77973.15,109399.71250000002,-10668.875,151529.075,15904.637500000012,-2415.6624999999767,165416.6875,2400.837499999994,146202.9625,-7824.612499999988,0.3875000000000002,-0.025000000000000022,-0.45000000000000284,1.025,-0.4375,-0.22499999999999432,0.1125,0.25,-0.2250000000000001,-0.32499999999999996,1.15,-0.4625000000000057
-78012.15,109799.71250000002,-10875.875,151366.075,16145.637500000012,-2270.6624999999767,165524.6875,2424.837499999994,146036.9625,-7847.612499999988,0.3875000000000002,-0.025000000000000022,0.5499999999999972,0.02499999999999991,-0.4375,-0.22499999999999432,0.1125,-0.75,-0.2250000000000001,-0.32499999999999996,0.15,-1.4625000000000057
-77966.15,109884.71250000002,-10801.875,151263.075,16142.637500000012,-2225.6624999999767,165852.6875,2624.837499999994,145915.9625,-7854.612499999988,0.3875000000000002,-0.025000000000000022,-0.45000000000000284,1.025,-1.4375,-0.22499999999999432,-0.8875,0.25,-0.2250000000000001,0.675,0.15,0.5374999999999943
-77650.15,109560.71250000002,-10766.875,151267.075,15827.637500000012,-2412.6624999999767,165729.6875,2465.837499999994,146030.9625,-7890.612499999988,0.3875000000000002,-0.025000000000000022,0.5499999999999972,0.02499999999999991,-0.4375,-0.22499999999999432,0.1125,0.25,-0.2250000000000001,-0.32499999999999996,0.15,-1.4625000000000057
-77569.15,109300.71250000002,-10764.875,151404.075,15641.637500000012,-2489.6624999999767,165427.6875,2348.837499999994,146374.9625,-8103.612499999988,-0.6124999999999998,0.975,0.5499999999999972,0.02499999999999991,0.5625,-0.22499999999999432,0.1125,0.25,0.7749999999999999,0.675,0.15,-0.4625000000000057
-77480.15,108564.71250000002,-10865.875,152113.075,15514.637500000012,-2241.6624999999767,165597.6875,2530.837499999994,146659.9625,-8572.612499999988,0.3875000000000002,-0.025000000000000022,0.5499999999999972,0.02499999999999991,-0.4375,-0.22499999999999432,0.1125,0.25,-0.2250000000000001,0.675,0.15,-0.4625000000000057
-77218.15,107994.71250000002,-10895.875,152266.075,15107.637500000012,-2194.6624999999767,165164.6875,2573.837499999994,146573.9625,-8823.612499999988,0.3875000000000002,-0.025000000000000022,0.5499999999999972,0.02499999999999991,-0.4375,-0.22499999999999432,0.1125,0.25,0.7749999999999999,-0.32499999999999996,1.15,-0.4625000000000057
-77096.15,108101.71250000002,-10733.875,152013.075,15228.637500000012,-2285.6624999999767,164610.6875,2486.837499999994,146409.9625,-8809.612499999988,0.3875000000000002,-0.025000000000000022,0.5499999999999972,0.02499999999999991,-0.4375,0.7750000000000057,0.1125,1.25,-0.2250000000000001,-0.32499999999999996,0.15,-0.4625000000000057
-77195.15,108286.71250000002,-10622.875,151963.075,15437.637500000012,-2390.6624999999767,164826.6875,2489.837499999994,146394.9625,-8755.612499999988,0.3875000000000002,-0.025000000000000022,0.5499999999999972,0.02499999999999991,-0.4375,-0.22499999999999432,0.1125,0.25,-0.2250000000000001,0.675,0.15,0.5374999999999943
-77517.15,108648.71250000002,-10654.875,152039.075,15746.637500000012,-2410.6624999999767,164925.6875,2550.837499999994,146255.9625,-8692.612499999988,0.3875000000000002,-0.025000000000000022,-0.45000000000000284,0.02499999999999991,-0.4375,-0.22499999999999432,0.1125,0.25,-0.2250000000000001,-0.32499999999999996,0.15,-0.4625000000000057
-77907.15,109153.71250000002,-10740.875,151726.075,16026.637500000012,-2594.6624999999767,165336.6875,2650.837499999994,146084.9625,-8633.612499999988,0.3875000000000002,-1.025,0.5499999999999972,0.02499999999999991,-0.4375,0.7750000000000057,0.1125,0.25,-0.2250000000000001,0.675,0.15,-0.4625000000000057
-78141.15,109475.71250000002,-10651.875,151595.075,16203.637500000012,-2723.6624999999767,165427.6875,2582.837499999994,145867.9625,-8030.612499999988,-0.6124999999999998,-0.025000000000000022,-0.45000000000000284,1.025,-0.4375,-0.22499999999999432,0.1125,0.25,-0.2250000000000001,-0.32499999999999996,0.15,-1.4625000000000057
-78181.15,109570.71250000002,-10576.875,151366.075,16201.637500000012,-2535.6624999999767,165462.6875,2426.837499999994,145746.9625,-7918.612499999988,-0.6124999999999998,-0.025000000000000022,-1.4500000000000028,0.02499999999999991,-0.4375,0.7750000000000057,0.1125,0.25,-0.2250000000000001,-0.32499999999999996,0.15,-1.4625000000000057
-78249.15,109718.71250000002,-10750.875,151152.075,16031.637500000012,-2438.6624999999767,165541.6875,2606.837499999994,145554.9625,-7781.612499999988,0.3875000000000002,-0.025000000000000022,0.5499999999999972,0.02499999999999991,-0.4375,0.7750000000000057,0.1125,0.25,-0.2250000000000001,0.675,0.15,1.5374999999999943
-78217.15,109688.71250000002,-10859.875,151228.075,16106.637500000012,-2469.6624999999767,166015.6875,2612.837499999994,145659.9625,-7849.612499999988,0.3875000000000002,-0.025000000000000022,0.5499999999999972,0.02499999999999991,-0.4375,-0.22499999999999432,0.1125,-0.75,-0.2250000000000001,-0.32499999999999996,0.15,-0.4625000000000057
-77760.15,109353.71250000002,-10887.875,151497.075,15799.637500000012,-2486.6624999999767,165524.6875,2516.837499999994,146197.9625,-8231.612499999988,0.3875000000000002,-0.025000000000000022,-0.45000000000000284,0.02499999999999991,-0.4375,-0.22499999999999432,0.1125,0.25,-0.2250000000000001,0.675,0.15,-0.4625000000000057
-77531.15,108712.71250000002,-10817.875,151879.075,15555.637500000012,-2430.6624999999767,165880.6875,2603.837499999994,146379.9625,-8564.612499999988,0.3875000000000002,-0.025000000000000022,0.5499999999999972,1.025,0.5625,-0.22499999999999432,0.1125,0.25,-0.2250000000000001,-0.32499999999999996,-0.85,-0.4625000000000057
-77235.15,108272.71250000002,-10706.875,152150.075,15404.637500000012,-2397.6624999999767,165183.6875,2562.837499999994,146522.9625,-8789.612499999988,0.3875000000000002,-0.025000000000000022,-1.4500000000000028,0.02499999999999991,-0.4375,0.7750000000000057,0.1125,0.25,-0.2250000000000001,0.675,0.15,-0.4625000000000057
-77049.15,108225.71250000002,-10832.875,152320.075,15269.637500000012,-2268.6624999999767,165247.6875,2577.837499999994,146532.9625,-8849.612499999988,0.3875000000000002,0.975,-0.45000000000000284,0.02499999999999991,0.5625,-0.22499999999999432,0.1125,0.25,-1.225,-0.32499999999999996,0.15,-0.4625000000000057
-77003.15,108310.71250000002,-10725.875,152293.075,15082.637500000012,-2212.6624999999767,165171.6875,2434.837499999994,146427.9625,-8951.612499999988,0.3875000000000002,-0.025000000000000022,-0.45000000000000284,0.02499999999999991,0.5625,0.7750000000000057,0.1125,0.25,0.7749999999999999,0.675,0.15,-1.4625000000000057
-77080.15,108058.71250000002,-10754.875,152340.075,15268.637500000012,-2354.6624999999767,165089.6875,2430.837499999994,146481.9625,-8777.612499999988,0.3875000000000002,-0.025000000000000022,1.5499999999999972,1.025,-0.4375,-0.22499999999999432,0.1125,0.25,-0.2250000000000001,-0.32499999999999996,-1.85,-0.4625000000000057
-77398.15,108379.71250000002,-10674.875,152202.075,15589.637500000012,-2444.6624999999767,164912.6875,2503.837499999994,146394.9625,-8683.612499999988,0.3875000000000002,-0.025000000000000022,0.5499999999999972,0.02499999999999991,0.5625,0.7750000000000057,0.1125,0.25,-0.2250000000000001,-0.32499999999999996,-0.85,0.5374999999999943
-77675.15,108756.71250000002,-10680.875,151857.075,15739.637500000012,-2302.6624999999767,164555.6875,2547.837499999994,146201.9625,-8449.612499999988,0.3875000000000002,-0.025000000000000022,-0.45000000000000284,0.02499999999999991,-0.4375,-0.22499999999999432,0.1125,0.25,-0.2250000000000001,0.675,0.15,-0.4625000000000057
-77892.15,108564.71250000002,-10755.875,151845.075,15824.637500000012,-2341.6624999999767,165908.6875,2567.837499999994,145935.9625,-8179.612499999988,-0.6124999999999998,-0.025000000000000022,0.5499999999999972,0.02499999999999991,-0.4375,-1.2249999999999943,0.1125,0.25,-0.2250000000000001,0.675,-0.85,-1.4625000000000057
-77839.15,108796.71250000002,-10860.875,151679.075,16026.637500000012,-2280.6624999999767,165625.6875,2504.837499999994,145857.9625,-8146.612499999988,0.3875000000000002,-0.025000000000000022,0.5499999999999972,0.02499999999999991,0.5625,-0.22499999999999432,0.1125,0.25,-0.2250000000000001,0.675,-0.85,0.5374999999999943
-77549.15,108759.71250000002,-10724.875,151877.075,15922.637500000012,-2260.6624999999767,165780.6875,2585.837499999994,146173.9625,-8304.612499999988,0.3875000000000002,-0.025000000000000022,-0.45000000000000284,0.02499999999999991,-0.4375,0.7750000000000057,0.1125,0.25,-0.2250000000000001,-0.32499999999999996,0.15,1.5374999999999943
-77510.15,108434.71250000002,-10798.875,152152.075,15473.637500000012,-2278.6624999999767,165411.6875,2663.837499999994,146321.9625,-8609.612499999988,1.3875000000000002,-0.025000000000000022,0.5499999999999972,0.02499999999999991,-0.4375,0.7750000000000057,0.1125,0.25,0.7749999999999999,0.675,0.15,0.5374999999999943
-77421.15,108273.71250000002,-10746.875,152380.075,15245.637500000012,-2347.6624999999767,165378.6875,2462.837499999994,146421.9625,-8724.612499999988,0.3875000000000002,-0.025000000000000022,-0.45000000000000284,0.02499999999999991,-0.4375,-0.22499999999999432,0.1125,-0.75,0.7749999999999999,0.675,0.15,0.5374999999999943
-77291.15,108061.71250000002,-10871.875,152333.075,15127.637500000012,-2324.6624999999767,165085.6875,2422.837499999994,146479.9625,-8856.612499999988,0.3875000000000002,-0.025000000000000022,0.5499999999999972,0.02499999999999991,0.5625,-0.22499999999999432,-0.8875,0.25,0.7749999999999999,-0.32499999999999996,-0.85,0.5374999999999943
-77202.15,107862.71250000002,-10782.875,152247.075,15351.637500000012,-2382.6624999999767,164684.6875,2531.837499999994,146399.9625,-8973.612499999988,-0.6124999999999998,-0.025000000000000022,-1.4500000000000028,0.02499999999999991,-0.4375,-0.22499999999999432,0.1125,0.25,-0.2250000000000001,-0.32499999999999996,0.15,-0.4625000000000057
-77377.15,108043.71250000002,-10830.875,152270.075,15403.637500000012,-2547.6624999999767,165530.6875,2568.837499999994,146236.9625,-8693.612499999988,0.3875000000000002,-0.025000000000000022,0.5499999999999972,0.02499999999999991,-0.4375,-0.22499999999999432,0.1125,0.25,0.7749999999999999,0.675,0.15,0.5374999999999943
-77696.15,108500.71250000002,-10829.875,152241.075,15598.637500000012,-2552.6624999999767,165757.6875,2650.837499999994,146085.9625,-8596.612499999988,0.3875000000000002,-0.025000000000000022,0.5499999999999972,0.02499999999999991,-0.4375,-0.22499999999999432,0.1125,0.25,-0.2250000000000001,-0.32499999999999996,0.15,0.5374999999999943
-77959.15,108807.71250000002,-10680.875,151814.075,15962.637500000012,-2675.6624999999767,165928.6875,2702.837499999994,145988.9625,-8180.612499999988,0.3875000000000002,-0.025000000000000022,0.5499999999999972,1.025,-0.4375,0.7750000000000057,0.1125,0.25,-0.2250000000000001,-0.32499999999999996,-0.85,-0.4625000000000057
-78173.15,108994.71250000002,-10796.875,151750.075,16147.637500000012,-2605.6624999999767,166068.6875,2557.837499999994,145791.9625,-8141.612499999988,0.3875000000000002,-0.025000000000000022,0.5499999999999972,1.025,-0.4375,-0.22499999999999432,0.1125,0.25,-0.2250000000000001,-0.32499999999999996,0.15,-0.4625000000000057
-78399.15,109119.71250000002,-10830.875,151551.075,16339.637500000012,-2709.6624999999767,166046.6875,2466.837499999994,145555.9625,-8131.612499999988,0.3875000000000002,-0.025000000000000022,-0.45000000000000284,0.02499999999999991,-0.4375,0.7750000000000057,0.1125,-0.75,-0.2250000000000001,0.675,0.15,1.5374999999999943
-78335.15,109102.71250000002,-10868.875,151455.075,16291.637500000012,-2643.6624999999767,165673.6875,2513.837499999994,145590.9625,-8061.612499999988,0.3875000000000002,-0.025000000000000022,-0.45000000000000284,0.02499999999999991,-0.4375,-0.22499999999999432,0.1125,0.25,0.7749999999999999,0.675,0.15,0.5374999999999943
-176630.15,108663.71250000002,-10822.875,151874.075,15837.637500000012,-2331.6624999999767,165814.6875,2635.837499999994,146313.9625,-8553.612499999988,0.3875000000000002,-0.025000000000000022,0.5499999999999972,0.02499999999999991,0.5625,-1.2249999999999943,0.1125,0.25,0.7749999999999999,0.675,0.15,-0.4625000000000057
-77185.15,107724.71250000002,-10675.875,152577.075,15121.637500000012,-2288.6624999999767,165540.6875,2608.837499999994,146295.9625,-8678.612499999988,0.3875000000000002,-0.025000000000000022,-0.45000000000000284,1.025,0.5625,-1.2249999999999943,0.1125,0.25,0.7749999999999999,-0.32499999999999996,0.15,-0.4625000000000057
-77111.15,107746.71250000002,-10693.875,152601.075,15212.637500000012,-2264.6624999999767,164847.6875,2616.837499999994,146413.9625,-9097.612499999988,0.3875000000000002,-0.025000000000000022,-0.45000000000000284,0.02499999999999991,0.5625,-0.22499999999999432,0.1125,-0.75,-0.2250000000000001,0.675,0.15,0.5374999999999943
-77186.15,107944.71250000002,-10801.875,152597.075,15226.637500000012,-2318.6624999999767,164867.6875,2618.837499999994,146402.9625,-9201.612499999988,0.3875000000000002,-0.025000000000000022,-0.45000000000000284,1.025,-0.4375,-0.22499999999999432,0.1125,0.25,-0.2250000000000001,0.675,0.15,-0.4625000000000057
-77237.15,108148.71250000002,-10859.875,152520.075,15316.637500000012,-2294.6624999999767,164944.6875,2460.837499999994,146460.9625,-9064.612499999988,0.3875000000000002,-0.025000000000000022,0.5499999999999972,0.02499999999999991,-0.4375,-0.22499999999999432,0.1125,0.25,0.7749999999999999,-0.32499999999999996,0.15,-1.4625000000000057
-77521.15,108234.71250000002,-10785.875,152397.075,15394.637500000012,-2367.6624999999767,165284.6875,2500.837499999994,146159.9625,-8810.612499999988,-0.6124999999999998,-0.025000000000000022,0.5499999999999972,0.02499999999999991,-0.4375,-0.22499999999999432,0.1125,0.25,0.7749999999999999,0.675,-0.85,-0.4625000000000057
-77556.15,108264.71250000002,-10552.875,152239.075,16052.637500000012,-2569.6624999999767,165306.6875,2564.837499999994,145704.9625,-8514.612499999988,0.3875000000000002,-0.025000000000000022,0.5499999999999972,0.02499999999999991,0.5625,-0.22499999999999432,0.1125,0.25,-0.2250000000000001,-0.32499999999999996,0.15,-0.4625000000000057
-78023.15,108969.71250000002,-10444.875,152075.075,16083.637500000012,-2371.6624999999767,166620.6875,2504.837499999994,145826.9625,-8344.612499999988,0.3875000000000002,-0.025000000000000022,-0.45000000000000284,1.025,0.5625,-0.22499999999999432,-0.8875,0.25,-0.2250000000000001,-0.32499999999999996,0.15,-0.4625000000000057
-77850.15,108977.71250000002,-10796.875,151928.075,16115.637500000012,-2391.6624999999767,165552.6875,2597.837499999994,145726.9625,-8238.612499999988,0.3875000000000002,-0.025000000000000022,0.5499999999999972,1.025,-0.4375,-1.2249999999999943,0.1125,0.25,-0.2250000000000001,-0.32499999999999996,0.15,-0.4625000000000057
-77814.15,108877.71250000002,-10940.875,151872.075,16090.637500000012,-2498.6624999999767,165758.6875,2499.837499999994,145786.9625,-8250.612499999988,0.3875000000000002,-1.025,0.5499999999999972,0.02499999999999991,-0.4375,0.7750000000000057,0.1125,-0.75,-0.2250000000000001,0.675,0.15,0.5374999999999943
-77732.15,108572.71250000002,-10972.875,152258.075,15958.637500000012,-2521.6624999999767,166075.6875,2591.837499999994,146380.9625,-8432.612499999988,0.3875000000000002,-1.025,0.5499999999999972,0.02499999999999991,-0.4375,-0.22499999999999432,0.1125,0.25,-0.2250000000000001,0.675,0.15,-0.4625000000000057
-77372.15,108290.71250000002,-11000.875,152510.075,15689.637500000012,-2275.6624999999767,165765.6875,2639.837499999994,146392.9625,-8503.612499999988,0.3875000000000002,0.975,1.5499999999999972,0.02499999999999991,-0.4375,0.7750000000000057,0.1125,-0.75,-0.2250000000000001,-0.32499999999999996,0.15,-1.4625000000000057
-77209.15,107927.71250000002,-10790.875,152509.075,15217.637500000012,-2370.6624999999767,165333.6875,2602.837499999994,146476.9625,-8832.612499999988,0.3875000000000002,-0.025000000000000022,-0.45000000000000284,0.02499999999999991,0.5625,0.7750000000000057,0.1125,-0.75,-0.2250000000000001,0.675,-0.85,0.5374999999999943
-77133.15,107951.71250000002,-10748.875,152481.075,15275.637500000012,-2433.6624999999767,165320.6875,2567.837499999994,146449.9625,-8792.612499999988,-0.6124999999999998,-0.025000000000000022,1.5499999999999972,0.02499999999999991,-0.4375,-0.22499999999999432,0.1125,0.25,-0.2250000000000001,0.675,-0.85,0.5374999999999943
-77027.15,108005.71250000002,-10805.875,152631.075,15257.637500000012,-2482.6624999999767,165420.6875,2374.837499999994,146377.9625,-8812.612499999988,1.3875000000000002,-0.025000000000000022,-0.45000000000000284,1.025,-0.4375,-0.22499999999999432,0.1125,0.25,0.7749999999999999,-0.32499999999999996,0.15,-0.4625000000000057
-77503.15,108031.71250000002,-10886.875,152799.075,15298.637500000012,-2783.6624999999767,165826.6875,2548.837499999994,146486.9625,-8795.612499999988,0.3875000000000002,0.975,-0.45000000000000284,0.02499999999999991,-0.4375,-0.22499999999999432,0.1125,0.25,-0.2250000000000001,0.675,0.15,-0.4625000000000057
-77482.15,108030.71250000002,-10785.875,152668.075,15801.637500000012,-2775.6624999999767,165220.6875,2601.837499999994,146306.9625,-8637.612499999988,0.3875000000000002,-0.025000000000000022,0.5499999999999972,0.02499999999999991,0.5625,-0.22499999999999432,0.1125,1.25,-0.2250000000000001,-0.32499999999999996,-0.85,-0.4625000000000057
-77887.15,108715.71250000002,-10765.875,152380.075,15895.637500000012,-2684.6624999999767,166094.6875,2613.837499999994,145951.9625,-8476.612499999988,-0.6124999999999998,-0.025000000000000022,0.5499999999999972,0.02499999999999991,-0.4375,-0.22499999999999432,-0.8875,0.25,-0.2250000000000001,0.675,0.15,-0.4625000000000057
-78184.15,108971.71250000002,-10757.875,152170.075,16055.637500000012,-2685.6624999999767,165999.6875,2569.837499999994,145787.9625,-8322.612499999988,0.3875000000000002,-0.025000000000000022,0.5499999999999972,0.02499999999999991,-1.4375,-0.22499999999999432,0.1125,0.25,0.7749999999999999,-0.32499999999999996,0.15,-0.4625000000000057
-78144.15,108693.71250000002,-10660.875,152149.075,15986.637500000012,-2550.6624999999767,165914.6875,2508.837499999994,145708.9625,-8176.612499999988,0.3875000000000002,-0.025000000000000022,-0.45000000000000284,1.025,-1.4375,0.7750000000000057,0.1125,-0.75,0.7749999999999999,0.675,-1.85,-0.4625000000000057
-77913.15,108406.71250000002,-10530.875,152063.075,15750.637500000012,-2738.6624999999767,166113.6875,2512.837499999994,145701.9625,-8289.612499999988,0.3875000000000002,-0.025000000000000022,-0.45000000000000284,1.025,0.5625,-0.22499999999999432,-0.8875,0.25,-0.2250000000000001,0.675,0.15,-0.4625000000000057
-77704.15,108273.71250000002,-10743.875,152597.075,15748.637500000012,-2483.6624999999767,165491.6875,2421.837499999994,146193.9625,-8557.612499999988,-0.6124999999999998,-0.025000000000000022,-0.45000000000000284,0.02499999999999991,-0.4375,-0.22499999999999432,0.1125,1.25,-0.2250000000000001,-0.32499999999999996,0.15,-0.4625000000000057
-77452.15,107759.71250000002,-10830.875,152677.075,15491.637500000012,-2357.6624999999767,166150.6875,2406.837499999994,146280.9625,-8633.612499999988,0.3875000000000002,-0.025000000000000022,-0.45000000000000284,-0.9750000000000001,-0.4375,-0.22499999999999432,0.1125,-0.75,-0.2250000000000001,-0.32499999999999996,0.15,0.5374999999999943
-77214.15,107646.71250000002,-10731.875,152682.075,15308.637500000012,-2281.6624999999767,165277.6875,2532.837499999994,146324.9625,-9011.612499999988,0.3875000000000002,-0.025000000000000022,-0.45000000000000284,0.02499999999999991,-0.4375,-0.22499999999999432,0.1125,0.25,0.7749999999999999,-0.32499999999999996,0.15,0.5374999999999943
-77091.15,107529.71250000002,-10663.875,152639.075,15313.637500000012,-2449.6624999999767,164748.6875,2474.837499999994,146427.9625,-9026.612499999988,0.3875000000000002,-1.025,-0.45000000000000284,0.02499999999999991,0.5625,-0.22499999999999432,0.1125,0.25,0.7749999999999999,-0.32499999999999996,-0.85,-0.4625000000000057
-77212.15,107703.71250000002,-10868.875,152620.075,15356.637500000012,-2467.6624999999767,165196.6875,2654.837499999994,146418.9625,-9017.612499999988,0.3875000000000002,-0.025000000000000022,0.5499999999999972,0.02499999999999991,0.5625,-0.22499999999999432,0.1125,0.25,-0.2250000000000001,0.675,0.15,-0.4625000000000057
-77304.15,107758.71250000002,-10956.875,152702.075,15407.637500000012,-2576.6624999999767,165991.6875,2644.837499999994,146401.9625,-8829.612499999988,0.3875000000000002,0.975,-0.45000000000000284,0.02499999999999991,-1.4375,-0.22499999999999432,0.1125,0.25,-0.2250000000000001,0.675,0.15,-0.4625000000000057
-77420.15,107920.71250000002,-10817.875,152330.075,15591.637500000012,-2578.6624999999767,165906.6875,2628.837499999994,146124.9625,-8858.612499999988,0.3875000000000002,-0.025000000000000022,-1.4500000000000028,0.02499999999999991,-0.4375,-0.22499999999999432,0.1125,-0.75,-0.2250000000000001,-0.32499999999999996,-0.85,-0.4625000000000057
-77614.15,108484.71250000002,-10857.875,152320.075,15920.637500000012,-2518.6624999999767,165984.6875,2456.837499999994,145932.9625,-8689.612499999988,0.3875000000000002,-0.025000000000000022,0.5499999999999972,0.02499999999999991,0.5625,-0.22499999999999432,0.1125,0.25,-0.2250000000000001,0.675,0.15,-0.4625000000000057
-77822.15,108511.71250000002,-10643.875,152303.075,16189.637500000012,-2575.6624999999767,166458.6875,2248.837499999994,145842.9625,-8515.612499999988,-0.6124999999999998,-0.025000000000000022,-0.45000000000000284,0.02499999999999991,0.5625,-0.22499999999999432,0.1125,-0.75,0.7749999999999999,0.675,0.15,0.5374999999999943
-77882.15,108524.71250000002,-10626.875,152240.075,16207.637500000012,-2461.6624999999767,166591.6875,2283.837499999994,145933.9625,-8525.612499999988,0.3875000000000002,-0.025000000000000022,-0.45000000000000284,0.02499999999999991,-0.4375,-0.22499999999999432,0.1125,0.25,-1.225,0.675,0.15,0.5374999999999943
-77837.15,108457.71250000002,-10770.875,152324.075,15925.637500000012,-2423.6624999999767,165660.6875,2369.837499999994,145845.9625,-8518.612499999988,0.3875000000000002,-0.025000000000000022,-0.45000000000000284,0.02499999999999991,-0.4375,0.7750000000000057,0.1125,0.25,0.7749999999999999,0.675,0.15,-1.4625000000000057
-77522.15,108277.71250000002,-10863.875,152489.075,15825.637500000012,-2510.6624999999767,165723.6875,2549.837499999994,146075.9625,-8598.612499999988,0.3875000000000002,-0.025000000000000022,0.5499999999999972,0.02499999999999991,0.5625,-0.22499999999999432,0.1125,0.25,-0.2250000000000001,-0.32499999999999996,0.15,0.5374999999999943
-77331.15,107798.71250000002,-10849.875,152840.075,15661.637500000012,-2571.6624999999767,165353.6875,2445.837499999994,146099.9625,-8826.612499999988,0.3875000000000002,-1.025,-0.45000000000000284,1.025,0.5625,0.7750000000000057,0.1125,0.25,-0.2250000000000001,-0.32499999999999996,0.15,0.5374999999999943
-77097.15,107526.71250000002,-10916.875,152799.075,15428.637500000012,-2346.6624999999767,165231.6875,2556.837499999994,146116.9625,-8869.612499999988,0.3875000000000002,-0.025000000000000022,-0.45000000000000284,0.02499999999999991,0.5625,0.7750000000000057,0.1125,0.25,0.7749999999999999,-0.32499999999999996,0.15,-0.4625000000000057
-77148.15,107516.71250000002,-10857.875,152785.075,15490.637500000012,-2283.6624999999767,165166.6875,2548.837499999994,146269.9625,-8818.612499999988,0.3875000000000002,-0.025000000000000022,-0.45000000000000284,0.02499999999999991,-0.4375,-0.22499999999999432,0.1125,0.25,0.7749999999999999,-0.32499999999999996,-0.85,0.5374999999999943
-77267.15,107598.71250000002,-10765.875,152767.075,15525.637500000012,-2334.6624999999767,165583.6875,2501.837499999994,146218.9625,-8864.612499999988,1.3875000000000002,-0.025000000000000022,0.5499999999999972,0.02499999999999991,-0.4375,-0.22499999999999432,0.1125,0.25,-0.2250000000000001,-0.32499999999999996,0.15,-0.4625000000000057
-77489.15,107562.71250000002,-10753.875,152743.075,15588.637500000012,-2565.6624999999767,165972.6875,2604.837499999994,146288.9625,-8952.612499999988,-0.6124999999999998,-0.025000000000000022,0.5499999999999972,0.02499999999999991,-0.4375,-0.22499999999999432,0.1125,0.25,-0.2250000000000001,-0.32499999999999996,0.15,0.5374999999999943
-77949.15,108503.71250000002,-10878.875,152754.075,15919.637500000012,-2658.6624999999767,166305.6875,2560.837499999994,146031.9625,-8729.612499999988,-0.6124999999999998,-0.025000000000000022,0.5499999999999972,1.025,0.5625,-0.22499999999999432,0.1125,-0.75,0.7749999999999999,0.675,0.15,-0.4625000000000057
-77858.15,108564.71250000002,-10815.875,152551.075,16109.637500000012,-2675.6624999999767,165799.6875,2458.837499999994,145678.9625,-8456.612499999988,0.3875000000000002,-0.025000000000000022,-0.45000000000000284,1.025,-0.4375,0.7750000000000057,0.1125,0.25,-0.2250000000000001,-0.32499999999999996,0.15,-0.4625000000000057
-77855.15,108706.71250000002,-10786.875,152243.075,16060.637500000012,-2658.6624999999767,166246.6875,2508.837499999994,145568.9625,-8302.612499999988,0.3875000000000002,-0.025000000000000022,-0.45000000000000284,0.02499999999999991,-1.4375,-0.22499999999999432,0.1125,0.25,0.7749999999999999,-0.32499999999999996,0.15,-0.4625000000000057
-77978.15,108576.71250000002,-10746.875,152496.075,16096.637500000012,-2590.6624999999767,166355.6875,2396.837499999994,145449.9625,-8361.612499999988,0.3875000000000002,-0.025000000000000022,0.5499999999999972,1.025,-0.4375,-0.22499999999999432,0.1125,-0.75,-0.2250000000000001,-0.32499999999999996,-0.85,-0.4625000000000057
-77970.15,108628.71250000002,-10958.875,152509.075,16132.637500000012,-2618.6624999999767,166380.6875,2551.837499999994,145721.9625,-8226.612499999988,0.3875000000000002,-0.025000000000000022,1.5499999999999972,1.025,-0.4375,-0.22499999999999432,0.1125,1.25,0.7749999999999999,-0.32499999999999996,0.15,-0.4625000000000057
-77955.15,108440.71250000002,-10843.875,152586.075,15925.637500000012,-2522.6624999999767,165986.6875,2468.837499999994,145929.9625,-8390.612499999988,0.3875000000000002,-0.025000000000000022,-0.45000000000000284,0.02499999999999991,0.5625,0.7750000000000057,0.1125,0.25,-0.2250000000000001,-0.32499999999999996,0.15,-0.4625000000000057
-77712.15,108080.71250000002,-10824.875,152740.075,15654.637500000012,-2472.6624999999767,165770.6875,2484.837499999994,146014.9625,-8793.612499999988,0.3875000000000002,-0.025000000000000022,-0.45000000000000284,0.02499999999999991,-0.4375,-1.2249999999999943,0.1125,0.25,-0.2250000000000001,-0.32499999999999996,-0.85,-1.4625000000000057
-77291.15,108004.71250000002,-10918.875,152902.075,15536.637500000012,-2590.6624999999767,165688.6875,2496.837499999994,146084.9625,-8776.612499999988,0.3875000000000002,-0.025000000000000022,0.5499999999999972,0.02499999999999991,-0.4375,-0.22499999999999432,0.1125,-0.75,-0.2250000000000001,-0.32499999999999996,0.15,0.5374999999999943
-77042.15,107574.71250000002,-10918.875,152723.075,15446.637500000012,-2742.6624999999767,165183.6875,2464.837499999994,146271.9625,-9113.612499999988,-0.6124999999999998,-0.025000000000000022,1.5499999999999972,0.02499999999999991,-1.4375,-0.22499999999999432,1.1125,0.25,-0.2250000000000001,-0.32499999999999996,0.15,-0.4625000000000057
-76892.15,107410.71250000002,-10730.875,152746.075,15349.637500000012,-2490.6624999999767,165400.6875,2576.837499999994,146143.9625,-9309.612499999988,0.3875000000000002,-0.025000000000000022,-0.45000000000000284,1.025,-0.4375,-0.22499999999999432,0.1125,0.25,-0.2250000000000001,0.675,-0.85,-0.4625000000000057
-77116.15,107455.71250000002,-10687.875,152899.075,15333.637500000012,-2361.6624999999767,165310.6875,2543.837499999994,146123.9625,-9212.612499999988,0.3875000000000002,-0.025000000000000022,-0.45000000000000284,0.02499999999999991,-0.4375,-0.22499999999999432,0.1125,0.25,0.7749999999999999,0.675,0.15,0.5374999999999943
-77281.15,107943.71250000002,-10868.875,152973.075,15397.637500000012,-2617.6624999999767,165687.6875,2511.837499999994,145917.9625,-9100.612499999988,0.3875000000000002,-0.025000000000000022,0.5499999999999972,1.025,-0.4375,-0.22499999999999432,-0.8875,0.25,0.7749999999999999,-0.32499999999999996,0.15,-0.4625000000000057
-77395.15,107818.71250000002,-10896.875,152922.075,15472.637500000012,-2678.6624999999767,165553.6875,2349.837499999994,145876.9625,-8989.612499999988,0.3875000000000002,-0.025000000000000022,0.5499999999999972,0.02499999999999991,-0.4375,-0.22499999999999432,0.1125,0.25,-0.2250000000000001,-0.32499999999999996,0.15,0.5374999999999943
-77703.15,108238.71250000002,-10867.875,152631.075,15618.637500000012,-2545.6624999999767,165032.6875,2503.837499999994,145850.9625,-8691.612499999988,0.3875000000000002,-0.025000000000000022,0.5499999999999972,0.02499999999999991,-0.4375,-0.22499999999999432,0.1125,0.25,-0.2250000000000001,-0.32499999999999996,-0.85,-0.4625000000000057
-77801.15,108440.71250000002,-10842.875,152492.075,15829.637500000012,-2515.6624999999767,165447.6875,2491.837499999994,145582.9625,-8564.612499999988,-0.6124999999999998,-0.025000000000000022,0.5499999999999972,1.025,-0.4375,-0.22499999999999432,0.1125,-0.75,-0.2250000000000001,-0.32499999999999996,0.15,-0.4625000000000057
-77726.15,108254.71250000002,-10852.875,152358.075,15753.637500000012,-2395.6624999999767,165801.6875,2455.837499999994,145623.9625,-8599.612499999988,0.3875000000000002,-0.025000000000000022,-0.45000000000000284,0.02499999999999991,-0.4375,-0.22499999999999432,0.1125,0.25,0.7749999999999999,-0.32499999999999996,0.15,-1.4625000000000057
-77683.15,108036.71250000002,-10910.875,152353.075,15743.637500000012,-2496.6624999999767,166171.6875,2501.837499999994,145853.9625,-8687.612499999988,0.3875000000000002,0.975,-1.4500000000000028,0.02499999999999991,-0.4375,-1.2249999999999943,0.1125,0.25,0.7749999999999999,0.675,-0.85,0.5374999999999943
-77696.15,108065.71250000002,-10805.875,152579.075,15752.637500000012,-2594.6624999999767,165612.6875,2691.837499999994,146049.9625,-8584.612499999988,0.3875000000000002,-0.025000000000000022,-1.4500000000000028,0.02499999999999991,-0.4375,-1.2249999999999943,0.1125,0.25,-0.2250000000000001,-0.32499999999999996,0.15,0.5374999999999943
-77505.15,107746.71250000002,-10746.875,152813.075,15527.637500000012,-2427.6624999999767,165637.6875,2673.837499999994,146046.9625,-8774.612499999988,0.3875000000000002,-0.025000000000000022,-0.45000000000000284,0.02499999999999991,-0.4375,0.7750000000000057,0.1125,0.25,-0.2250000000000001,-0.32499999999999996,0.15,-0.4625000000000057
-77425.15,107502.71250000002,-10745.875,153057.075,15393.637500000012,-2563.6624999999767,165777.6875,2560.837499999994,146092.9625,-8980.612499999988,0.3875000000000002,-0.025000000000000022,0.5499999999999972,0.02499999999999991,-0.4375,0.7750000000000057,0.1125,0.25,-0.2250000000000001,0.675,0.15,0.5374999999999943
-77227.15,107425.71250000002,-10726.875,152980.075,15248.637500000012,-2554.6624999999767,165598.6875,2571.837499999994,146126.9625,-9145.612499999988,0.3875000000000002,-0.025000000000000022,0.5499999999999972,0.02499999999999991,-0.4375,-0.22499999999999432,0.1125,0.25,-0.2250000000000001,-0.32499999999999996,0.15,-0.4625000000000057
-77170.15,107551.71250000002,-10736.875,153021.075,15347.637500000012,-2578.6624999999767,165457.6875,2502.837499999994,146123.9625,-9153.612499999988,0.3875000000000002,-0.025000000000000022,0.5499999999999972,1.025,0.5625,-0.22499999999999432,1.1125,-0.75,-0.2250000000000001,-0.32499999999999996,0.15,0.5374999999999943
-77427.15,107730.71250000002,-10711.875,153015.075,15501.637500000012,-2619.6624999999767,165565.6875,2372.837499999994,146098.9625,-9007.612499999988,-0.6124999999999998,-0.025000000000000022,0.5499999999999972,1.025,-0.4375,-0.22499999999999432,0.1125,0.25,-0.2250000000000001,-0.32499999999999996,-0.85,-0.4625000000000057
-77481.15,107870.71250000002,-10814.875,152820.075,15771.637500000012,-2677.6624999999767,165904.6875,2530.837499999994,145795.9625,-8889.612499999988,-0.6124999999999998,-1.025,-0.45000000000000284,0.02499999999999991,0.5625,-0.22499999999999432,0.1125,0.25,0.7749999999999999,-0.32499999999999996,0.15,0.5374999999999943
-77551.15,108047.71250000002,-10811.875,152508.075,15936.637500000012,-2732.6624999999767,166031.6875,2420.837499999994,145518.9625,-8623.612499999988,-0.6124999999999998,0.975,-0.45000000000000284,0.02499999999999991,-0.4375,-0.22499999999999432,-0.8875,0.25,0.7749999999999999,-0.32499999999999996,0.15,-0.4625000000000057
-77719.15,108175.71250000002,-10749.875,152438.075,16161.637500000012,-2728.6624999999767,165604.6875,2585.837499999994,145491.9625,-8548.612499999988,0.3875000000000002,-0.025000000000000022,-0.45000000000000284,0.02499999999999991,-0.4375,-1.2249999999999943,0.1125,0.25,-0.2250000000000001,-0.32499999999999996,0.15,0.5374999999999943
-77878.15,108026.71250000002,-10862.875,152354.075,16137.637500000012,-2754.6624999999767,165597.6875,2647.837499999994,145536.9625,-8679.612499999988,0.3875000000000002,-0.025000000000000022,0.5499999999999972,0.02499999999999991,0.5625,-0.22499999999999432,0.1125,0.25,-0.2250000000000001,0.675,-0.85,0.5374999999999943
-77890.15,108036.71250000002,-10809.875,152371.075,15916.637500000012,-2586.6624999999767,166300.6875,2568.837499999994,145654.9625,-8569.612499999988,-0.6124999999999998,-0.025000000000000022,-0.45000000000000284,0.02499999999999991,-0.4375,-1.2249999999999943,0.1125,0.25,-0.2250000000000001,0.675,0.15,0.5374999999999943
-77809.15,107810.71250000002,-10757.875,152577.075,15747.637500000012,-2539.6624999999767,166730.6875,2474.837499999994,145818.9625,-8830.612499999988,-0.6124999999999998,-0.025000000000000022,-0.45000000000000284,0.02499999999999991,-0.4375,-0.22499999999999432,0.1125,-0.75,0.7749999999999999,0.675,0.15,-1.4625000000000057
-77653.15,107747.71250000002,-10833.875,152674.075,15551.637500000012,-2466.6624999999767,166028.6875,2479.837499999994,145926.9625,-9005.612499999988,1.3875000000000002,-1.025,0.5499999999999972,0.02499999999999991,-0.4375,-0.22499999999999432,-0.8875,0.25,0.7749999999999999,1.675,0.15,-0.4625000000000057
-77188.15,107418.71250000002,-10863.875,152790.075,15399.637500000012,-2417.6624999999767,165820.6875,2456.837499999994,146029.9625,-8941.612499999988,0.3875000000000002,-0.025000000000000022,0.5499999999999972,0.02499999999999991,-0.4375,-0.22499999999999432,-0.8875,0.25,-0.2250000000000001,-0.32499999999999996,0.15,0.5374999999999943
-77036.15,106892.71250000002,-10636.875,152950.075,15196.637500000012,-2759.6624999999767,165944.6875,2428.837499999994,145825.9625,-9190.612499999988,0.3875000000000002,-0.025000000000000022,0.5499999999999972,0.02499999999999991,-0.4375,-0.22499999999999432,0.1125,0.25,-0.2250000000000001,-0.32499999999999996,0.15,-0.4625000000000057
-76924.15,107192.71250000002,-10622.875,153071.075,15238.637500000012,-2589.6624999999767,165775.6875,2543.837499999994,145813.9625,-9499.612499999988,-0.6124999999999998,-0.025000000000000022,0.5499999999999972,0.02499999999999991,0.5625,-0.22499999999999432,0.1125,-0.75,-0.2250000000000001,-0.32499999999999996,0.15,-0.4625000000000057
-77103.15,107442.71250000002,-10837.875,153310.075,15291.637500000012,-2471.6624999999767,165840.6875,2527.837499999994,145829.9625,-8982.612499999988,0.3875000000000002,-0.025000000000000022,-0.45000000000000284,0.02499999999999991,-0.4375,0.7750000000000057,0.1125,0.25,-0.2250000000000001,0.675,0.15,-0.4625000000000057
-77421.15,107538.71250000002,-10777.875,152993.075,15741.637500000012,-2392.6624999999767,165984.6875,2577.837499999994,145787.9625,-8947.612499999988,0.3875000000000002,-0.025000000000000022,-0.45000000000000284,0.02499999999999991,0.5625,-0.22499999999999432,0.1125,0.25,-0.2250000000000001,-0.32499999999999996,0.15,-0.4625000000000057
-77396.15,107649.71250000002,-10723.875,152858.075,15868.637500000012,-2522.6624999999767,165973.6875,2520.837499999994,145751.9625,-8941.612499999988,0.3875000000000002,-0.025000000000000022,0.5499999999999972,0.02499999999999991,0.5625,-0.22499999999999432,0.1125,-0.75,-0.2250000000000001,-0.32499999999999996,0.15,-0.4625000000000057
-77480.15,107794.71250000002,-10657.875,152723.075,15857.637500000012,-2707.6624999999767,166031.6875,2621.837499999994,145698.9625,-8723.612499999988,0.3875000000000002,-0.025000000000000022,-0.45000000000000284,0.02499999999999991,-0.4375,0.7750000000000057,0.1125,-0.75,-0.2250000000000001,-0.32499999999999996,0.15,-0.4625000000000057
-77722.15,107827.71250000002,-10695.875,152603.075,15921.637500000012,-2600.6624999999767,166416.6875,2434.837499999994,145526.9625,-8693.612499999988,0.3875000000000002,-0.025000000000000022,-0.45000000000000284,0.02499999999999991,-0.4375,0.7750000000000057,0.1125,0.25,-1.225,-0.32499999999999996,0.15,-0.4625000000000057
-77517.15,107578.71250000002,-10796.875,152583.075,15922.637500000012,-2447.6624999999767,166291.6875,2433.837499999994,145447.9625,-8794.612499999988,-0.6124999999999998,0.975,0.5499999999999972,0.02499999999999991,-0.4375,-1.2249999999999943,0.1125,0.25,-0.2250000000000001,-0.32499999999999996,0.15,-0.4625000000000057
-77515.15,107674.71250000002,-10716.875,152756.075,15876.637500000012,-2531.6624999999767,165965.6875,2494.837499999994,145521.9625,-9002.612499999988,0.3875000000000002,-0.025000000000000022,1.5499999999999972,1.025,-0.4375,-1.2249999999999943,0.1125,0.25,-0.2250000000000001,0.675,0.15,-0.4625000000000057
-77269.15,107516.71250000002,-10864.875,153074.075,15428.637500000012,-2658.6624999999767,165812.6875,2552.837499999994,145769.9625,-9054.612499999988,0.3875000000000002,-0.025000000000000022,0.5499999999999972,0.02499999999999991,0.5625,-0.22499999999999432,0.1125,-0.75,-0.2250000000000001,0.675,0.15,-0.4625000000000057
-77079.15,107236.71250000002,-10976.875,153060.075,15103.637500000012,-2583.6624999999767,166406.6875,2659.837499999994,145823.9625,-9212.612499999988,-0.6124999999999998,-0.025000000000000022,0.5499999999999972,0.02499999999999991,-0.4375,-0.22499999999999432,0.1125,0.25,-0.2250000000000001,-0.32499999999999996,0.15,0.5374999999999943
-77090.15,106913.71250000002,-11021.875,152957.075,15217.637500000012,-2418.6624999999767,165905.6875,2579.837499999994,145915.9625,-9330.612499999988,0.3875000000000002,-0.025000000000000022,-0.45000000000000284,0.02499999999999991,-0.4375,0.7750000000000057,0.1125,0.25,-0.2250000000000001,-0.32499999999999996,1.15,-0.4625000000000057
-77028.15,107037.71250000002,-11044.875,153095.075,15264.637500000012,-2544.6624999999767,165559.6875,2571.837499999994,145995.9625,-9254.612499999988,-0.6124999999999998,-0.025000000000000022,-0.45000000000000284,1.025,-0.4375,0.7750000000000057,0.1125,0.25,0.7749999999999999,-0.32499999999999996,0.15,-0.4625000000000057
-76920.15,107366.71250000002,-10952.875,153000.075,15391.637500000012,-2471.6624999999767,165420.6875,2532.837499999994,146079.9625,-9186.612499999988,0.3875000000000002,-0.025000000000000022,-0.45000000000000284,1.025,-0.4375,0.7750000000000057,-0.8875,-0.75,0.7749999999999999,-0.32499999999999996,0.15,0.5374999999999943
-77210.15,107562.71250000002,-10846.875,152979.075,15541.637500000012,-2486.6624999999767,165725.6875,2484.837499999994,146056.9625,-9069.612499999988,0.3875000000000002,0.975,-0.45000000000000284,0.02499999999999991,-1.4375,-0.22499999999999432,0.1125,0.25,0.7749999999999999,-0.32499999999999996,0.15,-0.4625000000000057
-77449.15,107542.71250000002,-10732.875,152875.075,15964.637500000012,-2564.6624999999767,166274.6875,2624.837499999994,145822.9625,-8914.612499999988,0.3875000000000002,-0.025000000000000022,-0.45000000000000284,1.025,-0.4375,-0.22499999999999432,0.1125,0.25,0.7749999999999999,-0.32499999999999996,1.15,0.5374999999999943
