FPI,SPI,AI,SFI,FFI,FPD,SPD,AD,SFD,FFD,API_X,API_Y,API_Z,APD_X,APD_Y,APD_Z,AFD_X,AFD_Y,AFD_Z,AFI_X,AFI_Y,AFI_Z
158251.55,-278.3375000000233,-46487.5625,-416.82500000001164,-3591.1749999999884,-23205.25,-286.3125,-12678.8125,-703.4749999999985,-21361.04999999999,0.6375000000000002,0.8,0.5750000000000028,0.4375,-0.34999999999999964,0.38749999999998863,0.1625,0.11249999999999982,0.5750000000000002,-0.2124999999999999,0.2375,0.0
158081.55,-337.3375000000233,-46463.5625,-445.82500000001164,-3841.1749999999884,-23322.25,-305.3125,-12470.8125,-674.4749999999985,-21488.04999999999,0.6375000000000002,-0.19999999999999996,-1.4249999999999972,0.4375,0.6500000000000004,-0.6125000000000114,0.1625,0.11249999999999982,-0.4249999999999998,0.7875000000000001,1.2375,0.0
158049.55,-168.33750000002328,-46476.5625,-290.82500000001164,-3515.1749999999884,-23225.25,-93.3125,-12538.8125,-521.4749999999985,-21403.04999999999,0.6375000000000002,0.8,-0.42499999999999716,0.4375,0.6500000000000004,-0.6125000000000114,0.1625,0.11249999999999982,-0.4249999999999998,-0.2124999999999999,0.2375,-1.0
157890.55,-93.33750000002328,-46479.5625,-242.82500000001164,-3540.1749999999884,-23289.25,-153.3125,-12750.8125,-573.4749999999985,-21348.04999999999,0.6375000000000002,0.8,-0.42499999999999716,0.4375,-0.34999999999999964,-0.6125000000000114,0.1625,0.11249999999999982,1.5750000000000002,-0.2124999999999999,1.2375,-1.0
157826.55,131.66249999997672,-46457.5625,-500.82500000001164,-3332.1749999999884,-23295.25,-330.3125,-12837.8125,-586.4749999999985,-21559.04999999999,0.6375000000000002,-0.19999999999999996,0.5750000000000028,0.4375,-0.34999999999999964,0.38749999999998863,-0.8375,0.11249999999999982,0.5750000000000002,-0.2124999999999999,0.2375,0.0
158098.55,-544.3375000000233,-46567.5625,-548.8250000000116,-3203.1749999999884,-23461.25,54.6875,-12573.8125,-575.4749999999985,-21737.04999999999,0.6375000000000002,-0.19999999999999996,-0.42499999999999716,0.4375,-0.34999999999999964,1.3874999999999886,0.1625,0.11249999999999982,-0.4249999999999998,0.7875000000000001,0.2375,0.0
157976.55,-510.3375000000233,-46820.5625,-386.82500000001164,-2787.1749999999884,-23726.25,770.6875,-12626.8125,-483.47499999999854,-21792.04999999999,0.6375000000000002,-1.2,-0.42499999999999716,0.4375,-0.34999999999999964,0.38749999999998863,0.1625,0.11249999999999982,0.5750000000000002,0.7875000000000001,-0.7625,-1.0
158145.55,-182.33750000002328,-46827.5625,-284.82500000001164,-2625.1749999999884,-23752.25,-879.3125,-12683.8125,-426.47499999999854,-22123.04999999999,-0.3624999999999998,-0.19999999999999996,0.5750000000000028,0.4375,-0.34999999999999964,0.38749999999998863,0.1625,0.11249999999999982,-0.4249999999999998,-0.2124999999999999,0.2375,0.0
158263.55,43.66249999997672,-46989.5625,-495.82500000001164,-2149.1749999999884,-23712.25,-1112.3125,-12576.8125,-315.47499999999854,-22046.04999999999,-0.3624999999999998,0.8,-0.42499999999999716,-0.5625,-1.3499999999999996,0.38749999999998863,0.1625,0.11249999999999982,-0.4249999999999998,-1.2125,0.2375,0.0
158250.55,-309.3375000000233,-47086.5625,-349.82500000001164,-2394.1749999999884,-23821.25,-829.3125,-12687.8125,-317.47499999999854,-21831.04999999999,-0.3624999999999998,-0.19999999999999996,0.5750000000000028,-0.5625,-1.3499999999999996,-0.6125000000000114,-0.8375,0.11249999999999982,-0.4249999999999998,0.7875000000000001,-0.7625,0.0
158321.55,-75.33750000002328,-47294.5625,-358.82500000001164,-2227.1749999999884,-23975.25,-600.3125,-12617.8125,-431.47499999999854,-21556.04999999999,0.6375000000000002,-0.19999999999999996,0.5750000000000028,-0.5625,-0.34999999999999964,-0.6125000000000114,0.1625,-0.8875000000000002,-0.4249999999999998,0.7875000000000001,-0.7625,1.0
158450.55,-314.3375000000233,-47251.5625,-392.82500000001164,-2162.1749999999884,-23865.25,-521.3125,-12903.8125,-523.4749999999985,-21713.04999999999,0.6375000000000002,-0.19999999999999996,0.5750000000000028,-0.5625,-1.3499999999999996,0.38749999999998863,-0.8375,-0.8875000000000002,-0.4249999999999998,-0.2124999999999999,-0.7625,0.0
158298.55,170.66249999997672,-47080.5625,-328.82500000001164,-2021.1749999999884,-24068.25,-663.3125,-12832.8125,-481.47499999999854,-21542.04999999999,-0.3624999999999998,-1.2,-0.42499999999999716,0.4375,-0.34999999999999964,-0.6125000000000114,-0.8375,1.1124999999999998,-0.4249999999999998,-0.2124999999999999,0.2375,-1.0
158184.55,-2.337500000023283,-47161.5625,-367.82500000001164,-2598.1749999999884,-23965.25,-1803.3125,-12651.8125,-582.4749999999985,-21820.04999999999,-0.3624999999999998,-0.19999999999999996,-0.42499999999999716,0.4375,-0.34999999999999964,0.38749999999998863,0.1625,0.11249999999999982,-0.4249999999999998,-0.2124999999999999,-0.7625,1.0
158127.55,-438.3375000000233,-46994.5625,-332.82500000001164,-2578.1749999999884,-23899.25,-608.3125,-12560.8125,-569.4749999999985,-21936.04999999999,-0.3624999999999998,-0.19999999999999996,-0.42499999999999716,0.4375,-0.34999999999999964,1.3874999999999886,0.1625,0.11249999999999982,-0.4249999999999998,-0.2124999999999999,0.2375,-1.0
158112.55,-372.3375000000233,-47022.5625,-216.82500000001164,-2272.1749999999884,-23891.25,-961.3125,-12675.8125,-431.47499999999854,-21854.04999999999,-0.3624999999999998,-0.19999999999999996,-0.42499999999999716,-0.5625,-0.34999999999999964,0.38749999999998863,-0.8375,0.11249999999999982,-0.4249999999999998,-0.2124999999999999,0.2375,0.0
158086.55,-639.3375000000233,-46816.5625,-61.82500000001164,-2481.1749999999884,-23812.25,-589.3125,-12757.8125,-426.47499999999854,-21915.04999999999,-0.3624999999999998,0.8,-0.42499999999999716,0.4375,-0.34999999999999964,-1.6125000000000114,-0.8375,1.1124999999999998,-0.4249999999999998,-0.2124999999999999,0.2375,0.0
158218.55,-599.3375000000233,-46618.5625,18.17499999998836,-2605.1749999999884,-23765.25,-745.3125,-12801.8125,-543.4749999999985,-22086.04999999999,-0.3624999999999998,0.8,0.5750000000000028,0.4375,0.6500000000000004,-1.6125000000000114,0.1625,0.11249999999999982,-0.4249999999999998,-0.2124999999999999,0.2375,1.0
158063.55,510053.6625,-46566.5625,-138.82500000001164,-2756.1749999999884,-23764.25,-617.3125,-12445.8125,-437.47499999999854,-21736.04999999999,-0.3624999999999998,0.8,0.5750000000000028,0.4375,0.6500000000000004,-0.6125000000000114,0.1625,-0.8875000000000002,-0.4249999999999998,-0.2124999999999999,0.2375,0.0
157809.55,54.66249999997672,-46702.5625,-21.82500000001164,-2769.1749999999884,-23572.25,257.6875,-12480.8125,-497.47499999999854,-21798.04999999999,0.6375000000000002,-0.19999999999999996,-1.4249999999999972,0.4375,1.6500000000000004,0.38749999999998863,0.1625,0.11249999999999982,-0.4249999999999998,-0.2124999999999999,1.2375,1.0
157875.55,160.66249999997672,-46512.5625,113.17499999998836,-2708.1749999999884,-23524.25,-1201.3125,-12615.8125,-625.4749999999985,-21530.04999999999,0.6375000000000002,0.8,0.5750000000000028,0.4375,-0.34999999999999964,0.38749999999998863,-0.8375,0.11249999999999982,-0.4249999999999998,0.7875000000000001,1.2375,-1.0
158019.55,3.662499999976717,-46463.5625,-43.82500000001164,-2978.1749999999884,-23471.25,-107.3125,-12627.8125,-446.47499999999854,-21487.04999999999,1.6375000000000002,0.8,0.5750000000000028,1.4375,-0.34999999999999964,0.38749999999998863,0.1625,0.11249999999999982,-0.4249999999999998,0.7875000000000001,0.2375,1.0
158068.55,-162.33750000002328,-46327.5625,-232.82500000001164,-2701.1749999999884,-23437.25,-265.3125,-12552.8125,-896.4749999999985,-21596.04999999999,0.6375000000000002,0.8,0.5750000000000028,0.4375,-0.34999999999999964,1.3874999999999886,0.1625,0.11249999999999982,-0.4249999999999998,-0.2124999999999999,0.2375,1.0
158123.55,-237.33750000002328,-46389.5625,-82.82500000001164,-2638.1749999999884,-23537.25,-682.3125,-12669.8125,-867.4749999999985,-21726.04999999999,-0.3624999999999998,0.8,1.5750000000000028,0.4375,-0.34999999999999964,-1.6125000000000114,0.1625,0.11249999999999982,-0.4249999999999998,-0.2124999999999999,0.2375,0.0
157905.55,101.66249999997672,-46682.5625,-239.82500000001164,-2602.1749999999884,-23419.25,-1576.3125,-12635.8125,-543.4749999999985,-21683.04999999999,0.6375000000000002,-0.19999999999999996,0.5750000000000028,0.4375,-0.34999999999999964,0.38749999999998863,-0.8375,0.11249999999999982,0.5750000000000002,-0.2124999999999999,0.2375,1.0
158007.55,48.66249999997672,-46684.5625,-351.82500000001164,-2402.1749999999884,-23448.25,-1105.3125,-12616.8125,-675.4749999999985,-21741.04999999999,0.6375000000000002,-0.19999999999999996,-0.42499999999999716,0.4375,-0.34999999999999964,-0.6125000000000114,0.1625,0.11249999999999982,0.5750000000000002,-0.2124999999999999,0.2375,0.0
157949.55,273.6624999999767,-46706.5625,-314.82500000001164,-2592.1749999999884,-23484.25,-663.3125,-12747.8125,-582.4749999999985,-21684.04999999999,-0.3624999999999998,-1.2,-1.4249999999999972,0.4375,-0.34999999999999964,0.38749999999998863,-0.8375,0.11249999999999982,0.5750000000000002,-0.2124999999999999,0.2375,0.0
158172.55,124.66249999997672,-46727.5625,-172.82500000001164,-2512.1749999999884,-23545.25,-363.3125,-12720.8125,-455.47499999999854,-21431.04999999999,-1.3624999999999998,-0.19999999999999996,-0.42499999999999716,0.4375,-0.34999999999999964,0.38749999999998863,0.1625,0.11249999999999982,-0.4249999999999998,-0.2124999999999999,0.2375,0.0
158085.55,-201.33750000002328,-46943.5625,-71.82500000001164,-2677.1749999999884,-23621.25,-497.3125,-12903.8125,-239.47499999999854,-21694.04999999999,0.6375000000000002,-0.19999999999999996,-0.42499999999999716,1.4375,-0.34999999999999964,0.38749999999998863,0.1625,0.11249999999999982,-0.4249999999999998,-0.2124999999999999,0.2375,1.0
158185.55,-31.337500000023283,-46918.5625,-143.82500000001164,-2211.1749999999884,-23528.25,-772.3125,-12943.8125,-371.47499999999854,-21758.04999999999,0.6375000000000002,-1.2,0.5750000000000028,0.4375,-1.3499999999999996,0.38749999999998863,-0.8375,0.11249999999999982,0.5750000000000002,-0.2124999999999999,0.2375,1.0
158186.55,-26.337500000023283,-46988.5625,-282.82500000001164,-2018.1749999999884,-23524.25,-63.3125,-12800.8125,-485.47499999999854,-21749.04999999999,0.6375000000000002,-1.2,1.5750000000000028,0.4375,-0.34999999999999964,1.3874999999999886,0.1625,1.1124999999999998,-0.4249999999999998,-0.2124999999999999,0.2375,0.0
158040.55,-281.3375000000233,-47036.5625,-261.82500000001164,-2384.1749999999884,-23699.25,-474.3125,-12750.8125,-506.47499999999854,-21879.04999999999,-0.3624999999999998,-0.19999999999999996,-0.42499999999999716,0.4375,-1.3499999999999996,-0.6125000000000114,0.1625,0.11249999999999982,0.5750000000000002,0.7875000000000001,-0.7625,1.0
158129.55,22.662499999976717,-47059.5625,-227.82500000001164,-2235.1749999999884,-23827.25,-485.3125,-12638.8125,-556.4749999999985,-21935.04999999999,-0.3624999999999998,-0.19999999999999996,-0.42499999999999716,-0.5625,-1.3499999999999996,-0.6125000000000114,0.1625,0.11249999999999982,-0.4249999999999998,-0.2124999999999999,0.2375,1.0
158225.55,-510.3375000000233,-46998.5625,-153.82500000001164,-2064.1749999999884,-23726.25,-516.3125,-12781.8125,-148.47499999999854,-22076.04999999999,0.6375000000000002,-0.19999999999999996,-0.42499999999999716,0.4375,-0.34999999999999964,-0.6125000000000114,-0.8375,0.11249999999999982,-0.4249999999999998,-0.2124999999999999,-0.7625,0.0
157936.55,-372.3375000000233,-46866.5625,-174.82500000001164,-2162.1749999999884,-23843.25,-334.3125,-12711.8125,-227.47499999999854,-22054.04999999999,0.6375000000000002,-0.19999999999999996,0.5750000000000028,0.4375,-0.34999999999999964,0.38749999999998863,0.1625,0.11249999999999982,-0.4249999999999998,-1.2125,-0.7625,0.0
157980.55,-558.3375000000233,-46803.5625,-35.82500000001164,-2136.1749999999884,-23846.25,-798.3125,-12501.8125,-101.47499999999854,-21924.04999999999,-1.3624999999999998,-0.19999999999999996,0.5750000000000028,0.4375,-0.34999999999999964,1.3874999999999886,0.1625,-1.8875000000000002,-0.4249999999999998,-1.2125,0.2375,0.0
158135.55,-470.3375000000233,-46730.5625,31.17499999998836,-2250.1749999999884,-23867.25,-583.3125,-12651.8125,27.525000000001455,-21604.04999999999,-0.3624999999999998,-0.19999999999999996,1.5750000000000028,-0.5625,-0.34999999999999964,0.38749999999998863,0.1625,0.11249999999999982,0.5750000000000002,-0.2124999999999999,0.2375,0.0
158057.55,219.66249999997672,-46667.5625,-14.825000000011642,-2523.1749999999884,-23931.25,-340.3125,-12621.8125,-47.474999999998545,-21373.04999999999,-0.3624999999999998,0.8,0.5750000000000028,-0.5625,0.6500000000000004,1.3874999999999886,0.1625,-0.8875000000000002,-0.4249999999999998,-0.2124999999999999,0.2375,0.0
157980.55,-212.33750000002328,-46695.5625,-167.82500000001164,-2563.1749999999884,-23841.25,-1024.3125,-12555.8125,-115.47499999999854,-21659.04999999999,-0.3624999999999998,0.8,0.5750000000000028,0.4375,-0.34999999999999964,0.38749999999998863,0.1625,0.11249999999999982,-0.4249999999999998,0.7875000000000001,1.2375,1.0
157926.55,-152.33750000002328,-46721.5625,-264.82500000001164,-2872.1749999999884,-23683.25,-628.3125,-12679.8125,-124.47499999999854,-21662.04999999999,0.6375000000000002,0.8,-0.42499999999999716,0.4375,-0.34999999999999964,-0.6125000000000114,0.1625,0.11249999999999982,-0.4249999999999998,-0.2124999999999999,1.2375,0.0
157982.55,-37.33750000002328,-46678.5625,10.174999999988358,-2877.1749999999884,-23683.25,-170.3125,-12785.8125,-221.47499999999854,-21718.04999999999,-0.3624999999999998,-0.19999999999999996,-0.42499999999999716,-0.5625,0.6500000000000004,-0.6125000000000114,-0.8375,0.11249999999999982,-0.4249999999999998,-0.2124999999999999,1.2375,0.0
157916.55,-33.33750000002328,-46645.5625,-87.82500000001164,-2523.1749999999884,-23861.25,-592.3125,-12525.8125,-257.47499999999854,-21753.04999999999,0.6375000000000002,-0.19999999999999996,0.5750000000000028,0.4375,-0.34999999999999964,0.38749999999998863,0.1625,0.11249999999999982,0.5750000000000002,-0.2124999999999999,0.2375,0.0
158111.55,188.66249999997672,-46624.5625,-82.82500000001164,-2498.1749999999884,-23821.25,-556.3125,-12627.8125,-27.474999999998545,-21283.04999999999,0.6375000000000002,-0.19999999999999996,0.5750000000000028,0.4375,0.6500000000000004,0.38749999999998863,0.1625,0.11249999999999982,-0.4249999999999998,1.7875,0.2375,0.0
158047.55,315.6624999999767,-46540.5625,178.17499999998836,-2589.1749999999884,-23621.25,231.6875,-12726.8125,-193.47499999999854,-21428.04999999999,-0.3624999999999998,-0.19999999999999996,-0.42499999999999716,0.4375,-0.34999999999999964,0.38749999999998863,-0.8375,0.11249999999999982,0.5750000000000002,-0.2124999999999999,0.2375,0.0
158059.55,199.66249999997672,-46654.5625,421.17499999998836,-2664.1749999999884,-23635.25,522.6875,-12709.8125,-281.47499999999854,-21507.04999999999,-0.3624999999999998,-0.19999999999999996,-0.42499999999999716,0.4375,-0.34999999999999964,0.38749999999998863,-0.8375,0.11249999999999982,-0.4249999999999998,-0.2124999999999999,-0.7625,1.0
158045.55,37.66249999997672,-46728.5625,281.17499999998836,-2928.1749999999884,-23603.25,299.6875,-12602.8125,-207.47499999999854,-21260.04999999999,-0.3624999999999998,-0.19999999999999996,-0.42499999999999716,0.4375,-0.34999999999999964,0.38749999999998863,0.1625,0.11249999999999982,-0.4249999999999998,0.7875000000000001,0.2375,0.0
157885.55,-288.3375000000233,-46771.5625,-45.82500000001164,-2452.1749999999884,-23611.25,288.6875,-12720.8125,-288.47499999999854,-21349.04999999999,-0.3624999999999998,-0.19999999999999996,-0.42499999999999716,0.4375,-0.34999999999999964,-0.6125000000000114,0.1625,0.11249999999999982,-0.4249999999999998,-0.2124999999999999,0.2375,-1.0
157951.55,-593.3375000000233,-46817.5625,57.17499999998836,-2447.1749999999884,-23590.25,-170.3125,-12729.8125,-319.47499999999854,-21403.04999999999,-0.3624999999999998,-0.19999999999999996,0.5750000000000028,0.4375,-1.3499999999999996,-0.6125000000000114,0.1625,-0.8875000000000002,-0.4249999999999998,0.7875000000000001,0.2375,0.0
157923.55,-196.33750000002328,-46801.5625,-148.82500000001164,-2322.1749999999884,-23526.25,-300.3125,-12793.8125,-310.47499999999854,-21573.04999999999,-0.3624999999999998,-0.19999999999999996,0.5750000000000028,0.4375,-0.34999999999999964,0.38749999999998863,0.1625,-0.8875000000000002,-0.4249999999999998,-0.2124999999999999,0.2375,0.0
157858.55,353.6624999999767,-46679.5625,-226.82500000001164,-2302.1749999999884,-23429.25,-899.3125,-12533.8125,-208.47499999999854,-21609.04999999999,-0.3624999999999998,-0.19999999999999996,1.5750000000000028,0.4375,0.6500000000000004,0.38749999999998863,0.1625,0.11249999999999982,0.5750000000000002,-0.2124999999999999,0.2375,-1.0
158082.55,513.6624999999767,-46762.5625,-207.82500000001164,-2215.1749999999884,-23546.25,-1504.3125,-12659.8125,-57.474999999998545,-21890.04999999999,-0.3624999999999998,-0.19999999999999996,0.5750000000000028,1.4375,-0.34999999999999964,0.38749999999998863,0.1625,0.11249999999999982,-0.4249999999999998,-0.2124999999999999,0.2375,-1.0
158022.55,756.6624999999767,-46835.5625,-69.82500000001164,-2046.1749999999884,-23645.25,-357.3125,-12712.8125,-125.47499999999854,-21746.04999999999,-0.3624999999999998,0.8,0.5750000000000028,1.4375,-0.34999999999999964,0.38749999999998863,-0.8375,0.11249999999999982,-0.4249999999999998,1.7875,0.2375,1.0
158080.55,55.66249999997672,-46946.5625,-328.82500000001164,-1892.1749999999884,-23633.25,-664.3125,-12528.8125,-129.47499999999854,-21390.04999999999,0.6375000000000002,-0.19999999999999996,-0.42499999999999716,0.4375,-0.34999999999999964,0.38749999999998863,0.1625,0.11249999999999982,-0.4249999999999998,0.7875000000000001,0.2375,0.0
158108.55,108.66249999997672,-46970.5625,-399.82500000001164,-2260.1749999999884,-23629.25,-792.3125,-12705.8125,-247.47499999999854,-21478.04999999999,0.6375000000000002,-0.19999999999999996,-1.4249999999999972,0.4375,-0.34999999999999964,-0.6125000000000114,-0.8375,0.11249999999999982,-0.4249999999999998,0.7875000000000001,0.2375,0.0
157959.55,329.6624999999767,-47037.5625,-353.82500000001164,-2322.1749999999884,-23466.25,-970.3125,-12892.8125,-101.47499999999854,-21926.04999999999,-0.3624999999999998,-1.2,0.5750000000000028,0.4375,-0.34999999999999964,0.38749999999998863,0.1625,0.11249999999999982,-0.4249999999999998,0.7875000000000001,-0.7625,1.0
157944.55,95.66249999997672,-46921.5625,-162.82500000001164,-2641.1749999999884,-23726.25,-1105.3125,-12910.8125,-253.47499999999854,-22358.04999999999,0.6375000000000002,-0.19999999999999996,0.5750000000000028,1.4375,-0.34999999999999964,-0.6125000000000114,-0.8375,-0.8875000000000002,0.5750000000000002,-0.2124999999999999,0.2375,0.0
157713.55,75.66249999997672,-46927.5625,-243.82500000001164,-3007.1749999999884,-23971.25,-631.3125,-12820.8125,-339.47499999999854,-22278.04999999999,0.6375000000000002,-0.19999999999999996,-1.4249999999999972,0.4375,0.6500000000000004,-1.6125000000000114,0.1625,0.11249999999999982,0.5750000000000002,-0.2124999999999999,-0.7625,0.0
157797.55,301.6624999999767,-46974.5625,-229.82500000001164,-3137.1749999999884,-24008.25,-1175.3125,-12623.8125,-232.47499999999854,-22191.04999999999,0.6375000000000002,-0.19999999999999996,-0.42499999999999716,0.4375,-0.34999999999999964,0.38749999999998863,0.1625,0.11249999999999982,0.5750000000000002,-0.2124999999999999,1.2375,1.0
157836.55,5.662499999976717,-46821.5625,-131.82500000001164,-3204.1749999999884,-24086.25,-638.3125,-12843.8125,-47.474999999998545,-22704.04999999999,-0.3624999999999998,0.8,1.5750000000000028,0.4375,-0.34999999999999964,0.38749999999998863,-0.8375,0.11249999999999982,-1.4249999999999998,-0.2124999999999999,0.2375,0.0
157726.55,-188.33750000002328,-46698.5625,52.17499999998836,-3478.1749999999884,-24173.25,-1150.3125,-12835.8125,-309.47499999999854,-22891.04999999999,0.6375000000000002,-0.19999999999999996,-0.42499999999999716,-0.5625,0.6500000000000004,0.38749999999998863,0.1625,0.11249999999999982,-0.4249999999999998,-1.2125,0.2375,0.0
157668.55,63.66249999997672,-46722.5625,-150.82500000001164,-3523.1749999999884,-24204.25,-812.3125,-12690.8125,-474.47499999999854,-22901.04999999999,-0.3624999999999998,0.8,-0.42499999999999716,0.4375,1.6500000000000004,-0.6125000000000114,0.1625,-0.8875000000000002,-0.4249999999999998,-0.2124999999999999,1.2375,1.0
157708.55,189.66249999997672,-46832.5625,-32.82500000001164,-3593.1749999999884,-24229.25,-742.3125,-12905.8125,-768.4749999999985,-22611.04999999999,0.6375000000000002,-0.19999999999999996,-0.42499999999999716,0.4375,-0.34999999999999964,0.38749999999998863,0.1625,0.11249999999999982,-0.4249999999999998,-0.2124999999999999,0.2375,0.0
157821.55,-28.337500000023283,-46947.5625,165.17499999998836,-3445.1749999999884,-24093.25,-1301.3125,-12779.8125,-823.4749999999985,-22433.04999999999,0.6375000000000002,-0.19999999999999996,1.5750000000000028,0.4375,0.6500000000000004,-1.6125000000000114,0.1625,0.11249999999999982,-0.4249999999999998,-0.2124999999999999,0.2375,0.0
157864.55,-111.33750000002328,-46826.5625,101.17499999998836,-3359.1749999999884,-24057.25,-1066.3125,-12836.8125,-870.4749999999985,-22469.04999999999,-0.3624999999999998,-0.19999999999999996,0.5750000000000028,-0.5625,0.6500000000000004,0.38749999999998863,0.1625,0.11249999999999982,-0.4249999999999998,-0.2124999999999999,0.2375,0.0
157782.55,202.66249999997672,-46894.5625,29.17499999998836,-3795.1749999999884,-24121.25,40.6875,-12910.8125,-581.4749999999985,-22449.04999999999,0.6375000000000002,-0.19999999999999996,-0.42499999999999716,1.4375,0.6500000000000004,0.38749999999998863,0.1625,0.11249999999999982,-0.4249999999999998,-0.2124999999999999,0.2375,-1.0
157562.55,38.66249999997672,-47288.5625,-97.82500000001164,-4307.174999999988,-24264.25,156.6875,-12855.8125,-708.4749999999985,-22488.04999999999,-0.3624999999999998,-0.19999999999999996,-0.42499999999999716,0.4375,-0.34999999999999964,0.38749999999998863,-0.8375,1.1124999999999998,0.5750000000000002,-0.2124999999999999,1.2375,1.0
157385.55,153.66249999997672,-47518.5625,-502.82500000001164,-4572.174999999988,-24533.25,644.6875,-12891.8125,-753.4749999999985,-22837.04999999999,0.6375000000000002,-0.19999999999999996,-0.42499999999999716,0.4375,-0.34999999999999964,1.3874999999999886,0.1625,-0.8875000000000002,-0.4249999999999998,-0.2124999999999999,0.2375,0.0
157144.55,-58.33750000002328,-47681.5625,-285.82500000001164,-4716.174999999988,-24730.25,617.6875,-12896.8125,-845.4749999999985,-22922.04999999999,0.6375000000000002,-0.19999999999999996,0.5750000000000028,0.4375,-0.34999999999999964,0.38749999999998863,0.1625,0.11249999999999982,-0.4249999999999998,-0.2124999999999999,0.2375,1.0
157034.55,362.6624999999767,-47852.5625,-337.82500000001164,-4532.174999999988,-24718.25,104.6875,-12967.8125,-674.4749999999985,-23140.04999999999,-0.3624999999999998,-1.2,0.5750000000000028,0.4375,-0.34999999999999964,0.38749999999998863,0.1625,-0.8875000000000002,-0.4249999999999998,-0.2124999999999999,-0.7625,1.0
157185.55,339.6624999999767,-47864.5625,-581.8250000000116,-4727.174999999988,-24810.25,297.6875,-12963.8125,-677.4749999999985,-23620.04999999999,0.6375000000000002,-1.2,-1.4249999999999972,0.4375,-0.34999999999999964,-0.6125000000000114,-0.8375,0.11249999999999982,-0.4249999999999998,-0.2124999999999999,-0.7625,1.0
156978.55,269.6624999999767,-47867.5625,-622.8250000000116,-4927.174999999988,-24879.25,-135.3125,-12732.8125,-668.4749999999985,-23852.04999999999,0.6375000000000002,-1.2,0.5750000000000028,0.4375,-0.34999999999999964,-0.6125000000000114,0.1625,-0.8875000000000002,0.5750000000000002,-0.2124999999999999,-0.7625,0.0
157099.55,328.6624999999767,-47728.5625,-436.82500000001164,-4743.174999999988,-25016.25,-3.3125,-12662.8125,-676.4749999999985,-23743.04999999999,0.6375000000000002,-0.19999999999999996,0.5750000000000028,0.4375,0.6500000000000004,-0.6125000000000114,-0.8375,0.11249999999999982,-0.4249999999999998,-0.2124999999999999,0.2375,-1.0
157004.55,341.6624999999767,-47790.5625,-387.82500000001164,-5079.174999999988,-24712.25,-211.3125,-12852.8125,-846.4749999999985,-23403.04999999999,0.6375000000000002,-0.19999999999999996,-0.42499999999999716,0.4375,-0.34999999999999964,0.38749999999998863,-0.8375,0.11249999999999982,0.5750000000000002,-0.2124999999999999,1.2375,0.0
157164.55,600.6624999999767,-47777.5625,-577.8250000000116,-5239.174999999988,-24293.25,-1775.3125,-13095.8125,-984.4749999999985,-21627.04999999999,0.6375000000000002,-0.19999999999999996,0.5750000000000028,0.4375,0.6500000000000004,0.38749999999998863,0.1625,0.11249999999999982,-0.4249999999999998,-0.2124999999999999,0.2375,0.0
157141.55,583.6624999999767,-47588.5625,-491.82500000001164,-5260.174999999988,-24029.25,-313.3125,-12910.8125,-879.4749999999985,-21300.04999999999,0.6375000000000002,-0.19999999999999996,0.5750000000000028,1.4375,-0.34999999999999964,0.38749999999998863,0.1625,0.11249999999999982,0.5750000000000002,-0.2124999999999999,0.2375,2.0
157168.55,-438.3375000000233,-47499.5625,-407.82500000001164,-5836.174999999988,-23867.25,-343.3125,-13015.8125,-749.4749999999985,-21010.04999999999,0.6375000000000002,-0.19999999999999996,1.5750000000000028,0.4375,-0.34999999999999964,0.38749999999998863,0.1625,0.11249999999999982,0.5750000000000002,0.7875000000000001,0.2375,-1.0
157318.55,-335.3375000000233,-47524.5625,-283.82500000001164,-5939.174999999988,-23667.25,408.6875,-13049.8125,-653.4749999999985,-20655.04999999999,-0.3624999999999998,-0.19999999999999996,-0.42499999999999716,0.4375,-0.34999999999999964,-0.6125000000000114,-0.8375,0.11249999999999982,0.5750000000000002,-0.2124999999999999,0.2375,0.0
157409.55,-180.33750000002328,-47285.5625,-287.82500000001164,-5932.174999999988,-23542.25,-1119.3125,-12994.8125,-607.4749999999985,-20305.04999999999,-0.3624999999999998,0.8,-1.4249999999999972,0.4375,-0.34999999999999964,-0.6125000000000114,0.1625,0.11249999999999982,0.5750000000000002,-0.2124999999999999,-0.7625,0.0
157367.55,-75.33750000002328,-47338.5625,92.17499999998836,-6494.174999999988,-23349.25,-1697.3125,-12817.8125,-551.4749999999985,-20259.04999999999,0.6375000000000002,0.8,-0.42499999999999716,0.4375,-0.34999999999999964,-0.6125000000000114,0.1625,0.11249999999999982,-0.4249999999999998,0.7875000000000001,0.2375,-1.0
157268.55,13.662499999976717,-47213.5625,40.17499999998836,-6898.174999999988,-23429.25,-908.3125,-12774.8125,-375.47499999999854,-20274.04999999999,0.6375000000000002,-0.19999999999999996,-0.42499999999999716,0.4375,-0.34999999999999964,0.38749999999998863,0.1625,0.11249999999999982,0.5750000000000002,-0.2124999999999999,0.2375,1.0
157572.55,22.662499999976717,-47224.5625,-76.82500000001164,-6799.174999999988,-23390.25,303.6875,-12764.8125,-294.47499999999854,-20134.04999999999,0.6375000000000002,-1.2,0.5750000000000028,0.4375,-0.34999999999999964,0.38749999999998863,0.1625,0.11249999999999982,0.5750000000000002,-0.2124999999999999,-0.7625,0.0
157476.55,389.6624999999767,-47204.5625,9.174999999988358,-6917.174999999988,-23374.25,-4.3125,-12863.8125,-406.47499999999854,-19814.04999999999,-0.3624999999999998,-1.2,0.5750000000000028,0.4375,0.6500000000000004,-0.6125000000000114,0.1625,0.11249999999999982,-0.4249999999999998,-0.2124999999999999,0.2375,0.0
157406.55,150.66249999997672,-47261.5625,106.17499999998836,-7035.174999999988,-23392.25,10.6875,-12894.8125,-468.47499999999854,-19370.04999999999,-0.3624999999999998,-0.19999999999999996,-0.42499999999999716,0.4375,-0.34999999999999964,-0.6125000000000114,0.1625,0.11249999999999982,-0.4249999999999998,-0.2124999999999999,0.2375,1.0
157534.55,69.66249999997672,-47391.5625,-96.82500000001164,-7152.174999999988,-23232.25,-595.3125,-12909.8125,-426.47499999999854,-19709.04999999999,0.6375000000000002,0.8,0.5750000000000028,0.4375,-0.34999999999999964,-0.6125000000000114,0.1625,0.11249999999999982,-0.4249999999999998,-0.2124999999999999,0.2375,0.0
157306.55,156.66249999997672,-47449.5625,72.17499999998836,-7135.174999999988,-23205.25,-212.3125,-12841.8125,-473.47499999999854,-19902.04999999999,0.6375000000000002,-0.19999999999999996,-0.42499999999999716,0.4375,-0.34999999999999964,-0.6125000000000114,-0.8375,1.1124999999999998,0.5750000000000002,-0.2124999999999999,0.2375,0.0
157338.55,310.6624999999767,-47432.5625,227.17499999998836,-7389.174999999988,-23102.25,120.6875,-12852.8125,-429.47499999999854,-19452.04999999999,0.6375000000000002,-1.2,0.5750000000000028,0.4375,-0.34999999999999964,0.38749999999998863,0.1625,0.11249999999999982,0.5750000000000002,0.7875000000000001,1.2375,-1.0
157511.55,330.6624999999767,-47335.5625,129.17499999998836,-7786.174999999988,-22864.25,385.6875,-13008.8125,-326.47499999999854,-18943.04999999999,1.6375000000000002,-0.19999999999999996,0.5750000000000028,1.4375,-0.34999999999999964,-0.6125000000000114,0.1625,0.11249999999999982,-0.4249999999999998,-0.2124999999999999,0.2375,1.0
157692.55,-6.337500000023283,-47496.5625,-76.82500000001164,-7995.174999999988,-22794.25,-472.3125,-12910.8125,-299.47499999999854,-18413.04999999999,0.6375000000000002,-1.2,0.5750000000000028,0.4375,-0.34999999999999964,-0.6125000000000114,0.1625,0.11249999999999982,-0.4249999999999998,-0.2124999999999999,0.2375,1.0
157707.55,1.662499999976717,-47377.5625,-7.8250000000116415,-8364.174999999988,-22485.25,-1750.3125,-12849.8125,-204.47499999999854,-17929.04999999999,0.6375000000000002,-0.19999999999999996,0.5750000000000028,1.4375,-1.3499999999999996,0.38749999999998863,-0.8375,0.11249999999999982,0.5750000000000002,-0.2124999999999999,0.2375,0.0
157586.55,339.6624999999767,-47165.5625,66.17499999998836,-8557.174999999988,-22011.25,-1595.3125,-12882.8125,-133.47499999999854,-17664.04999999999,-0.3624999999999998,-0.19999999999999996,0.5750000000000028,-0.5625,-0.34999999999999964,0.38749999999998863,-0.8375,0.11249999999999982,0.5750000000000002,-0.2124999999999999,0.2375,1.0
157610.55,21.662499999976717,-47073.5625,-3.8250000000116415,-8663.174999999988,-21817.25,-466.3125,-13007.8125,-128.47499999999854,-17373.04999999999,-0.3624999999999998,-0.19999999999999996,-0.42499999999999716,0.4375,-0.34999999999999964,-0.6125000000000114,-0.8375,0.11249999999999982,0.5750000000000002,-0.2124999999999999,0.2375,1.0
157596.55,-115.33750000002328,-46978.5625,-25.82500000001164,-8891.174999999988,-21554.25,271.6875,-13154.8125,-388.47499999999854,-16945.04999999999,0.6375000000000002,-0.19999999999999996,-0.42499999999999716,-0.5625,-0.34999999999999964,-0.6125000000000114,0.1625,0.11249999999999982,0.5750000000000002,-0.2124999999999999,0.2375,-1.0
157600.55,88.66249999997672,-46891.5625,-48.82500000001164,-9434.174999999988,-21326.25,-479.3125,-12931.8125,-236.47499999999854,-16443.04999999999,0.6375000000000002,-1.2,0.5750000000000028,0.4375,-0.34999999999999964,-0.6125000000000114,0.1625,0.11249999999999982,0.5750000000000002,0.7875000000000001,0.2375,0.0
157676.55,316.6624999999767,-46688.5625,-37.82500000001164,-9717.174999999988,-21293.25,-689.3125,-12849.8125,-263.47499999999854,-16163.049999999988,0.6375000000000002,-0.19999999999999996,0.5750000000000028,-0.5625,0.6500000000000004,0.38749999999998863,0.1625,0.11249999999999982,0.5750000000000002,-0.2124999999999999,0.2375,0.0
157751.55,12.662499999976717,-46649.5625,-93.82500000001164,-10132.174999999988,-21315.25,-111.3125,-12902.8125,-504.47499999999854,-16009.049999999988,0.6375000000000002,-0.19999999999999996,0.5750000000000028,0.4375,0.6500000000000004,-1.6125000000000114,0.1625,1.1124999999999998,-0.4249999999999998,-0.2124999999999999,0.2375,1.0
157490.55,311.6624999999767,-46676.5625,47.17499999998836,-10062.174999999988,-21281.25,643.6875,-12895.8125,-645.4749999999985,-15630.049999999988,1.6375000000000002,-0.19999999999999996,-0.42499999999999716,0.4375,0.6500000000000004,0.38749999999998863,0.1625,0.11249999999999982,0.5750000000000002,0.7875000000000001,0.2375,0.0
157627.55,288.6624999999767,-46631.5625,132.17499999998836,-9731.174999999988,-21244.25,-499.3125,-12762.8125,-613.4749999999985,-15748.049999999988,0.6375000000000002,-0.19999999999999996,0.5750000000000028,0.4375,0.6500000000000004,1.3874999999999886,0.1625,0.11249999999999982,-0.4249999999999998,0.7875000000000001,0.2375,0.0
157623.55,336.6624999999767,-46579.5625,110.17499999998836,-9668.174999999988,-21214.25,-74.3125,-12780.8125,-553.4749999999985,-16185.049999999988,-0.3624999999999998,-0.19999999999999996,0.5750000000000028,-0.5625,-0.34999999999999964,1.3874999999999886,0.1625,0.11249999999999982,-0.4249999999999998,-0.2124999999999999,0.2375,0.0
157649.55,334.6624999999767,-46498.5625,-149.82500000001164,-9792.174999999988,-21195.25,-304.3125,-12610.8125,-614.4749999999985,-15553.049999999988,-1.3624999999999998,-0.19999999999999996,1.5750000000000028,0.4375,-0.34999999999999964,0.38749999999998863,0.1625,0.11249999999999982,-0.4249999999999998,0.7875000000000001,0.2375,0.0
157302.55,383.6624999999767,-46704.5625,-224.82500000001164,-9572.174999999988,-21300.25,-1309.3125,-12664.8125,-531.4749999999985,-15090.049999999988,0.6375000000000002,0.8,0.5750000000000028,1.4375,-0.34999999999999964,0.38749999999998863,0.1625,0.11249999999999982,-0.4249999999999998,-0.2124999999999999,0.2375,0.0
157144.55,547.6624999999767,-46630.5625,-197.82500000001164,-9117.174999999988,-21323.25,-910.3125,-12767.8125,-489.47499999999854,-15225.049999999988,-1.3624999999999998,0.8,-0.42499999999999716,0.4375,0.6500000000000004,-2.6125000000000114,0.1625,0.11249999999999982,-0.4249999999999998,0.7875000000000001,0.2375,-1.0
157907.55,119.66249999997672,-46766.5625,-437.82500000001164,-9296.174999999988,-21128.25,-856.3125,-12390.8125,-1061.4749999999985,-15388.049999999988,0.6375000000000002,0.8,2.575000000000003,1.4375,-0.34999999999999964,1.3874999999999886,0.1625,0.11249999999999982,0.5750000000000002,0.7875000000000001,1.2375,1.0
158373.55,-619.3375000000233,-46715.5625,-974.8250000000116,-10159.174999999988,-20882.25,-1870.3125,-12532.8125,-1168.4749999999985,-16084.049999999988,0.6375000000000002,0.8,2.575000000000003,0.4375,-0.34999999999999964,0.38749999999998863,0.1625,-0.8875000000000002,-0.4249999999999998,-0.2124999999999999,0.2375,-1.0
156837.55,168.66249999997672,-46452.5625,-183.82500000001164,-8926.174999999988,-21961.25,-177.3125,-12598.8125,-244.47499999999854,-15282.049999999988,-1.3624999999999998,-0.19999999999999996,-2.424999999999997,1.4375,-0.34999999999999964,-3.6125000000000114,0.1625,0.11249999999999982,-0.4249999999999998,0.7875000000000001,-0.7625,-1.0
157254.55,585.6624999999767,-46601.5625,100.17499999998836,-9854.174999999988,-21774.25,117.6875,-12611.8125,-392.47499999999854,-15056.049999999988,-1.3624999999999998,-0.19999999999999996,1.5750000000000028,-0.5625,-1.3499999999999996,0.38749999999998863,0.1625,0.11249999999999982,-0.4249999999999998,-0.2124999999999999,-1.7625,-2.0
158559.55,-506.3375000000233,-46895.5625,-663.8250000000116,-9693.174999999988,-21069.25,332.6875,-12374.8125,-915.4749999999985,-15626.049999999988,0.6375000000000002,-0.19999999999999996,3.575000000000003,2.4375,-0.34999999999999964,0.38749999999998863,0.1625,0.11249999999999982,-0.4249999999999998,-1.2125,-0.7625,1.0
156612.55,1132.6624999999767,-46867.5625,452.17499999998836,-8398.174999999988,-22015.25,846.6875,-12827.8125,256.52500000000146,-14453.049999999988,1.6375000000000002,-0.19999999999999996,-2.424999999999997,-2.5625,-0.34999999999999964,-3.6125000000000114,0.1625,-0.8875000000000002,0.5750000000000002,0.7875000000000001,2.2375,-2.0
157785.55,295.6624999999767,-46940.5625,161.17499999998836,-8578.174999999988,-21591.25,382.6875,-12581.8125,-17.474999999998545,-14722.049999999988,3.6375,-0.19999999999999996,3.575000000000003,1.4375,-0.34999999999999964,0.38749999999998863,0.1625,0.11249999999999982,0.5750000000000002,-0.2124999999999999,1.2375,1.0
159483.55,-1258.3375000000233,-47090.5625,-1363.8250000000116,-10358.174999999988,-20332.25,-1427.3125,-12341.8125,-1551.4749999999985,-16302.049999999988,-0.3624999999999998,-0.19999999999999996,0.5750000000000028,2.4375,0.6500000000000004,-0.6125000000000114,0.1625,0.11249999999999982,0.5750000000000002,-0.2124999999999999,1.2375,1.0
157002.55,681.6624999999767,-46683.5625,66.17499999998836,-8533.174999999988,-21763.25,3.6875,-12508.8125,-53.474999999998545,-14247.049999999988,-1.3624999999999998,0.8,1.5750000000000028,5.4375,-0.34999999999999964,0.38749999999998863,0.1625,0.11249999999999982,0.5750000000000002,-1.2125,-2.7625,1.0
157556.55,667.6624999999767,-46832.5625,-123.82500000001164,-8202.174999999988,-22003.25,-674.3125,-12514.8125,-105.47499999999854,-14352.049999999988,1.6375000000000002,-3.2,-0.42499999999999716,-2.5625,-3.3499999999999996,0.38749999999998863,0.1625,0.11249999999999982,0.5750000000000002,1.7875,1.2375,-1.0
157299.55,463.6624999999767,-47028.5625,-340.82500000001164,-8492.174999999988,-21713.25,-1453.3125,-12349.8125,-549.4749999999985,-14507.049999999988,4.6375,-2.2,-1.4249999999999972,2.4375,-0.34999999999999964,2.3874999999999886,0.1625,-0.8875000000000002,-0.4249999999999998,-2.2125,-1.7625,2.0
157855.55,124.66249999997672,-46937.5625,-353.82500000001164,-8868.174999999988,-21690.25,302.6875,-12532.8125,-615.4749999999985,-14794.049999999988,-1.3624999999999998,-0.19999999999999996,0.5750000000000028,0.4375,0.6500000000000004,-2.6125000000000114,0.1625,0.11249999999999982,-0.4249999999999998,0.7875000000000001,1.2375,0.0
157451.55,368.6624999999767,-46792.5625,-220.82500000001164,-8231.174999999988,-21661.25,-127.3125,-12440.8125,-121.47499999999854,-14159.049999999988,-0.3624999999999998,0.8,2.575000000000003,2.4375,-1.3499999999999996,-0.6125000000000114,0.1625,-0.8875000000000002,-0.4249999999999998,1.7875,0.2375,1.0
157717.55,43.66249999997672,-46616.5625,-601.8250000000116,-9036.174999999988,-21539.25,-1040.3125,-12275.8125,-907.4749999999985,-15433.049999999988,-0.3624999999999998,7.8,4.575000000000003,-2.5625,-1.3499999999999996,0.38749999999998863,0.1625,0.11249999999999982,0.5750000000000002,0.7875000000000001,3.2375,0.0
157542.55,-186.33750000002328,-46809.5625,-232.82500000001164,-7674.174999999988,-22116.25,614.6875,-12504.8125,132.52500000000146,-14241.049999999988,3.6375,-6.2,-6.424999999999997,5.4375,0.6500000000000004,-2.6125000000000114,0.1625,0.11249999999999982,0.5750000000000002,-2.2125,-0.7625,-1.0
156314.55,631.6624999999767,-46332.5625,225.17499999998836,-8517.174999999988,-22308.25,312.6875,-12331.8125,385.52500000000146,-15175.049999999988,-4.3625,7.8,5.575000000000003,-2.5625,-0.34999999999999964,-3.6125000000000114,0.1625,0.11249999999999982,0.5750000000000002,3.7875,3.2375,0.0
157535.55,-96.33750000002328,-46751.5625,320.17499999998836,-8675.174999999988,-22432.25,-155.3125,-12242.8125,-548.4749999999985,-14283.049999999988,77.6375,-28.2,-307.425,-129.5625,-42.35,-74.61250000000001,-1.8375,0.11249999999999982,-0.4249999999999998,3.7875,-15.7625,-3.0
166065.55,41919.66249999998,-46632.5625,-554.8250000000116,-7538.174999999988,-13206.25,20621.6875,-11681.8125,-1032.4749999999985,-15472.049999999988,3.6375,-47.2,-31.424999999999997,39.4375,-46.35,-47.61250000000001,-0.8375,0.11249999999999982,0.5750000000000002,6.7875,12.2375,10.0
181253.55,209873.66249999998,-42355.5625,-848.8250000000116,-8801.174999999988,206149.75,165614.6875,-12886.8125,-1129.4749999999985,-15297.049999999988,18.6375,-3.2,13.575000000000003,31.4375,-101.35,41.38749999999999,-1.8375,0.11249999999999982,0.5750000000000002,-19.2125,6.2375,-10.0
169821.55,363781.6625,-29945.5625,2415.1749999999884,-5183.174999999988,464777.75,440720.6875,-11366.8125,74.52500000000146,-9181.049999999988,-16.3625,-9.2,15.575000000000003,4.4375,33.65,-122.61250000000001,-0.8375,-0.8875000000000002,0.5750000000000002,-15.2125,6.2375,-37.0
222083.55,461707.6625,-29402.5625,287.17499999998836,-9414.174999999988,537204.75,543178.6875,-8912.8125,1349.5250000000015,-9636.049999999988,24.6375,-20.2,-23.424999999999997,114.4375,32.65,-63.61250000000001,-0.8375,0.11249999999999982,-0.4249999999999998,-10.2125,2.2375,22.0
281645.55,490078.6625,-32653.5625,-2634.8250000000116,-2452.1749999999884,614393.75,791824.6875,-6360.8125,-1892.4749999999985,-16117.049999999988,7.6375,3.8,5.575000000000003,14.4375,-11.35,32.38749999999999,0.1625,1.1124999999999998,-0.4249999999999998,6.7875,1.2375,13.0
262815.55,520396.6625,-31881.5625,834.1749999999884,-10597.174999999988,735796.75,868105.6875,-5364.8125,1621.5250000000015,-9241.049999999988,8.6375,-14.2,-19.424999999999997,-32.5625,14.65,69.38749999999999,0.1625,-0.8875000000000002,3.575,-1.2125,-4.7625,-2.0
208358.55,480983.6625,-33798.5625,3021.1749999999884,-546.1749999999884,629251.75,768181.6875,-6747.8125,2148.5250000000015,-8549.049999999988,28.6375,-2.2,-43.425,5.4375,-14.35,-73.61250000000001,-0.8375,-0.8875000000000002,-1.4249999999999998,6.7875,6.2375,-10.0
176582.55,261901.66249999998,-37585.5625,1596.1749999999884,1650.8250000000116,339644.75,545000.6875,-3399.8125,1428.5250000000015,-16514.04999999999,7.6375,5.8,-10.424999999999997,-14.5625,-7.35,23.38749999999999,0.1625,-1.8875000000000002,1.5750000000000002,1.7875,-7.7625,-17.0
162621.55,231206.66249999998,-37082.5625,-2816.8250000000116,2213.8250000000116,161559.75,385221.6875,1467.1875,-6229.4749999999985,-20347.04999999999,0.6375000000000002,-3.2,7.575000000000003,15.4375,17.65,-9.612500000000011,0.1625,0.11249999999999982,0.5750000000000002,6.7875,5.2375,3.0
146846.55,196371.66249999998,-36402.5625,1228.1749999999884,4571.825000000012,88345.75,364655.6875,-588.8125,3027.5250000000015,-12608.049999999988,-2.3625,0.8,16.575000000000003,-2.5625,-3.3499999999999996,31.38749999999999,0.1625,0.11249999999999982,0.5750000000000002,-2.2125,-0.7625,-5.0
111651.55,149350.66249999998,-36301.5625,3524.1749999999884,5751.825000000012,56564.75,335603.6875,-966.8125,1632.5250000000015,-10507.049999999988,-1.3624999999999998,-4.2,-18.424999999999997,2.4375,-15.35,-34.61250000000001,0.1625,0.11249999999999982,-0.4249999999999998,2.7875,0.2375,-6.0
84488.55,95761.66249999998,-41096.5625,-2342.8250000000116,1310.8250000000116,50539.75,292341.6875,-1318.8125,-1937.4749999999985,-13589.049999999988,8.6375,-11.2,-36.425,-0.5625,-7.35,18.38749999999999,0.1625,-0.8875000000000002,1.5750000000000002,2.7875,3.2375,-2.0
65778.55,49436.66249999998,-39572.5625,-2564.8250000000116,3365.8250000000116,25653.75,252418.6875,-1715.8125,-3609.4749999999985,-17916.04999999999,4.6375,7.8,-17.424999999999997,1.4375,8.65,1.3874999999999886,0.1625,-0.8875000000000002,-0.4249999999999998,-0.2124999999999999,8.2375,7.0
54906.55,12610.662499999977,-38942.5625,223.17499999998836,6319.825000000012,11831.75,260824.6875,-2184.8125,1081.5250000000015,-12035.049999999988,1.6375000000000002,13.8,3.575000000000003,-0.5625,-19.35,-18.61250000000001,-0.8375,0.11249999999999982,-0.4249999999999998,2.7875,7.2375,13.0
55443.55,2555.6624999999767,-38113.5625,1830.1749999999884,4223.825000000012,1249.75,261476.6875,-1170.8125,1607.5250000000015,-15787.049999999988,-3.3625,-21.2,-0.42499999999999716,-13.5625,10.65,-3.6125000000000114,0.1625,1.1124999999999998,-0.4249999999999998,0.7875000000000001,0.2375,-3.0
61464.55,-253.33750000002328,-39847.5625,-2115.8250000000116,2390.8250000000116,-9761.25,284195.6875,-311.8125,-1676.4749999999985,-17206.04999999999,17.6375,35.8,-14.424999999999997,-7.5625,-10.35,22.38749999999999,-0.8375,0.11249999999999982,-0.4249999999999998,-3.2125,-13.7625,-3.0
60405.55,14241.662499999977,-39998.5625,-407.82500000001164,1858.8250000000116,-16485.25,276526.6875,162.1875,-1341.4749999999985,-17976.04999999999,-11.3625,7.8,76.575,-14.5625,-4.35,18.38749999999999,0.1625,0.11249999999999982,-0.4249999999999998,6.7875,-12.7625,2.0
55347.55,159559.66249999998,-32326.5625,132.17499999998836,1815.8250000000116,-21615.25,391567.6875,-430.8125,527.5250000000015,-16457.04999999999,-8.3625,-6.2,-2.424999999999997,2.4375,8.65,-17.61250000000001,-0.8375,-0.8875000000000002,3.575,1.7875,0.2375,0.0
45572.55,214235.66249999998,-26797.5625,822.1749999999884,-30.17499999998836,-36053.25,406124.6875,-1070.8125,971.5250000000015,-15972.049999999988,-0.3624999999999998,6.8,-23.424999999999997,15.4375,-2.3499999999999996,0.38749999999998863,-0.8375,0.11249999999999982,-0.4249999999999998,2.7875,9.2375,4.0
14339.550000000003,236405.66249999998,-25130.5625,-160.82500000001164,-2257.1749999999884,-42514.25,408622.6875,-1302.8125,38.525000000001455,-16333.049999999988,-0.3624999999999998,5.8,35.575,7.4375,32.65,-6.612500000000011,0.1625,0.11249999999999982,-0.4249999999999998,-2.2125,-4.7625,-7.0
-10848.449999999997,285886.6625,-23728.5625,-1113.8250000000116,-3590.1749999999884,-55609.25,477790.6875,-253.8125,-992.4749999999985,-18561.04999999999,8.6375,23.8,21.575000000000003,-13.5625,-0.34999999999999964,-3.6125000000000114,0.1625,0.11249999999999982,-0.4249999999999998,-1.2125,-2.7625,14.0
-28343.449999999997,324240.6625,-19264.5625,2915.1749999999884,-1683.1749999999884,-83507.25,504286.6875,-3009.8125,1958.5250000000015,-14896.049999999988,-2.3625,7.8,8.575000000000003,23.4375,-0.34999999999999964,15.387499999999989,0.1625,-0.8875000000000002,0.5750000000000002,2.7875,6.2375,-5.0
-47695.45,330468.6625,-15438.5625,264.17499999998836,26.82500000001164,-92698.25,504155.6875,-3182.8125,1026.5250000000015,-13540.049999999988,-18.3625,9.8,22.575000000000003,-23.5625,-20.35,46.38749999999999,0.1625,0.11249999999999982,-2.425,-4.2125,14.2375,-9.0
-68462.45,347490.6625,-18196.5625,-633.8250000000116,-2215.1749999999884,-104889.25,535134.6875,-2644.8125,-801.4749999999985,-16570.04999999999,-1.3624999999999998,-7.2,23.575000000000003,-30.5625,11.65,59.38749999999999,-0.8375,-0.8875000000000002,0.5750000000000002,3.7875,0.2375,7.0
-83409.45,339980.6625,-22598.5625,-635.8250000000116,-632.1749999999884,-95387.25,533197.6875,-2850.8125,-1492.4749999999985,-15589.049999999988,-4.3625,16.8,-19.424999999999997,28.4375,-11.35,13.387499999999989,-0.8375,0.11249999999999982,-0.4249999999999998,-4.2125,16.2375,-2.0
-79538.45,308717.6625,-22697.5625,1073.1749999999884,-342.17499999998836,-84940.25,521585.6875,-4543.8125,530.5250000000015,-13100.049999999988,-15.3625,-10.2,18.575000000000003,32.4375,-32.35,19.38749999999999,0.1625,-0.8875000000000002,1.5750000000000002,8.7875,-6.7625,4.0
-85526.45,294757.6625,-24570.5625,762.1749999999884,-2264.1749999999884,-56749.25,488244.6875,-4933.8125,-1178.4749999999985,-13194.049999999988,-15.3625,31.8,2.575000000000003,26.4375,-57.35,24.38749999999999,-1.8375,2.1125,-4.425,-6.2125,0.2375,-47.0
51807.55,238242.66249999998,-26014.5625,-621.8250000000116,-2802.1749999999884,-33936.25,483616.6875,-2993.8125,-4306.4749999999985,-12882.049999999988,63.6375,33.8,-50.425,52.4375,-38.35,-52.61250000000001,-1.8375,-4.8875,13.575,40.7875,-14.7625,74.0
76541.55,15258.662499999977,-16927.5625,3669.1749999999884,-2969.1749999999884,-33743.25,472330.6875,-327.8125,-3453.4749999999985,-401.04999999998836,-46.3625,34.8,118.575,63.4375,-18.35,-75.61250000000001,-1.8375,4.1125,9.575,-64.2125,-39.7625,35.0
36377.55,14939.662499999977,-187.5625,11027.174999999988,-19740.17499999999,71422.75,417410.6875,659.1875,14371.525000000001,18234.95000000001,8.6375,0.8,-140.425,-32.5625,-66.35,-45.61250000000001,0.1625,-5.8875,-1.4249999999999998,-6.2125,-47.7625,-28.0
49133.55,751.6624999999767,-6977.5625,-931.8250000000116,-1406.1749999999884,89046.75,276788.6875,38075.1875,1963.5250000000015,5603.950000000012,-37.3625,61.8,-129.425,-54.5625,57.65,-10.612500000000011,-0.8375,-0.8875000000000002,-3.425,9.7875,-31.7625,30.0
131861.55,213656.66249999998,-3822.5625,-3689.8250000000116,4297.825000000012,-4867.25,23482.6875,33796.1875,1489.5250000000015,2833.9500000000116,47.6375,3.8,19.575000000000003,246.4375,11.65,65.38749999999999,-0.8375,0.11249999999999982,1.5750000000000002,-12.2125,-26.7625,15.0
346180.55,382739.6625,3935.4375,6908.174999999988,-8970.174999999988,322699.75,359206.6875,85639.1875,8286.525000000001,22432.95000000001,6.6375,7.8,-15.424999999999997,-13.5625,-57.35,-25.61250000000001,0.1625,0.11249999999999982,-0.4249999999999998,-13.2125,2.2375,30.0
260759.55,387054.6625,-2733.5625,5774.174999999988,-17046.17499999999,789525.75,484861.6875,89004.1875,1647.5250000000015,12086.950000000012,28.6375,40.8,2.575000000000003,57.4375,11.65,23.38749999999999,2.1625,1.1124999999999998,0.5750000000000002,23.7875,11.2375,9.0
205950.55,465502.6625,-86450.5625,1501.1749999999884,21512.82500000001,569946.75,650114.6875,-181177.8125,-6941.4749999999985,12500.950000000012,-3.3625,0.8,26.575000000000003,-19.5625,-17.35,12.387499999999989,0.1625,1.1124999999999998,-0.4249999999999998,-1.2125,19.2375,16.0
196532.55,451205.6625,-161578.5625,5654.174999999988,2363.8250000000116,503176.75,656223.6875,-239046.8125,5762.5250000000015,24116.95000000001,10.6375,-5.2,-39.425,-9.5625,-18.35,5.387499999999989,0.1625,0.11249999999999982,0.5750000000000002,5.7875,-14.7625,2.0
175581.55,440502.6625,-179436.5625,3054.1749999999884,782.8250000000116,471772.75,649122.6875,-226954.8125,-837.4749999999985,19081.95000000001,4.6375,1.8,-22.424999999999997,14.4375,-1.3499999999999996,-32.61250000000001,0.1625,0.11249999999999982,-0.4249999999999998,7.7875,-3.7625,-7.0
144627.55,372742.6625,-129357.5625,-3029.8250000000116,847.8250000000116,432651.75,623479.6875,-152649.8125,-3050.4749999999985,14696.950000000012,-9.3625,11.8,33.575,-4.5625,-8.35,17.38749999999999,-0.8375,0.11249999999999982,0.5750000000000002,0.7875000000000001,-8.7625,-4.0
137345.55,383838.6625,-73695.5625,-3163.8250000000116,187.82500000001164,368028.75,569921.6875,-28032.8125,-4711.4749999999985,11494.950000000012,1.6375000000000002,-10.2,32.575,0.4375,-9.35,19.38749999999999,0.1625,-0.8875000000000002,0.5750000000000002,0.7875000000000001,1.2375,-1.0
135466.55,365731.6625,-64951.5625,1256.1749999999884,6952.825000000012,270013.75,490710.6875,-21230.8125,953.5250000000015,18508.95000000001,7.6375,2.8,-5.424999999999997,14.4375,-6.35,-22.61250000000001,0.1625,-0.8875000000000002,-0.4249999999999998,5.7875,4.2375,-4.0
122687.55,354015.6625,-65888.5625,-686.8250000000116,2053.8250000000116,221490.75,473225.6875,-26387.8125,2899.5250000000015,14630.950000000012,7.6375,2.8,-33.425,-0.5625,6.65,-10.612500000000011,0.1625,-0.8875000000000002,-0.4249999999999998,4.7875,0.2375,-5.0
108021.55,329584.6625,-64941.5625,-2249.8250000000116,-835.1749999999884,217124.75,452498.6875,-29033.8125,-2710.4749999999985,9939.950000000012,-12.3625,0.8,32.575,3.4375,-2.3499999999999996,-4.612500000000011,0.1625,0.11249999999999982,-0.4249999999999998,-3.2125,-6.7625,-2.0
100404.55,315446.6625,-62348.5625,6433.174999999988,-195.17499999998836,197761.75,454094.6875,-32474.8125,-1509.4749999999985,9778.950000000012,-1.3624999999999998,-1.2,7.575000000000003,-1.5625,-9.35,16.38749999999999,-0.8375,0.11249999999999982,-0.4249999999999998,-0.2124999999999999,-10.7625,-8.0
106904.55,390400.6625,-62258.5625,108185.17499999999,-31405.17499999999,166511.75,499607.6875,-39451.8125,349.52500000000146,11365.950000000012,1.6375000000000002,2.8,-9.424999999999997,-8.5625,4.65,-1.6125000000000114,-0.8375,-0.8875000000000002,-0.4249999999999998,6.7875,-0.7625,4.0
97171.55,403606.6625,-57469.5625,143678.175,-45838.17499999999,161287.75,525303.6875,-36830.8125,-2463.4749999999985,11361.950000000012,3.6375,-3.2,-6.424999999999997,-7.5625,-2.3499999999999996,-10.612500000000011,0.1625,0.11249999999999982,-0.4249999999999998,-4.2125,-0.7625,4.0
88023.55,444985.6625,-53213.5625,181813.175,-41697.17499999999,161133.75,555493.6875,-32454.8125,-156.47499999999854,14198.950000000012,7.6375,-3.2,-26.424999999999997,-12.5625,1.6500000000000004,28.38749999999999,0.1625,0.11249999999999982,0.5750000000000002,0.7875000000000001,1.2375,8.0
85872.55,475964.6625,-49906.5625,339432.175,-37637.17499999999,82933.75,596778.6875,-28496.8125,8769.525000000001,17328.95000000001,0.6375000000000002,-2.2,-1.4249999999999972,2.4375,-3.3499999999999996,-19.61250000000001,1.1625,0.11249999999999982,1.5750000000000002,3.7875,-2.7625,4.0
51393.55,483250.6625,-55383.5625,418833.175,-3689.1749999999884,91445.75,627702.6875,-29271.8125,59684.525,45608.95000000001,-5.3625,-7.2,4.575000000000003,8.4375,5.65,6.387499999999989,-0.8375,0.11249999999999982,-0.4249999999999998,3.7875,-4.7625,-7.0
59837.55,490543.6625,-58403.5625,478154.175,18622.82500000001,118319.75,629527.6875,-11204.8125,132211.525,99465.95000000001,-2.3625,-0.19999999999999996,13.575000000000003,-4.5625,2.6500000000000004,0.38749999999998863,0.1625,0.11249999999999982,-0.4249999999999998,12.7875,-2.7625,6.0
62360.55,479325.6625,-56236.5625,521933.175,-24392.17499999999,91982.75,627704.6875,6150.1875,201686.525,139534.95,-12.3625,1.8,16.575000000000003,-10.5625,3.6500000000000004,7.387499999999989,0.1625,-0.8875000000000002,-1.4249999999999998,-21.2125,3.2375,-18.0
35499.55,491650.6625,-52531.5625,515307.175,-16983.17499999999,71583.75,634779.6875,6970.1875,263388.525,184630.95,12.6375,-4.2,-24.424999999999997,7.4375,0.6500000000000004,-0.6125000000000114,0.1625,0.11249999999999982,0.5750000000000002,24.7875,-1.7625,4.0
17055.550000000003,492678.6625,-53401.5625,510232.175,-854.1749999999884,65603.75,645362.6875,2232.1875,348961.525,200264.95,-9.3625,4.8,2.575000000000003,-12.5625,2.6500000000000004,2.3874999999999886,-0.8375,0.11249999999999982,-0.4249999999999998,-18.2125,3.2375,-22.0
39090.55,465289.6625,-54426.5625,501944.175,-11759.174999999988,69626.75,648015.6875,5248.1875,390120.525,211727.95,2.6375,-6.2,-5.424999999999997,1.4375,-3.3499999999999996,7.387499999999989,0.1625,-0.8875000000000002,1.5750000000000002,19.7875,1.2375,25.0
59295.55,447064.6625,-53284.5625,472239.175,-43120.17499999999,57720.75,634237.6875,2788.1875,413323.525,195797.95,-9.3625,-9.2,10.575000000000003,6.4375,4.65,-0.6125000000000114,0.1625,0.11249999999999982,-0.4249999999999998,16.7875,2.2375,4.0
45275.55,438443.6625,-54296.5625,447266.175,-5796.174999999988,69277.75,599849.6875,-3008.8125,416803.525,181071.95,-7.3625,9.8,4.575000000000003,-17.5625,-2.3499999999999996,-1.6125000000000114,-0.8375,0.11249999999999982,-1.4249999999999998,-57.2125,7.2375,-50.0
57775.55,425191.6625,-53752.5625,449867.175,-58376.17499999999,43530.75,603382.6875,-8942.8125,436309.525,195892.95,7.6375,-8.2,-15.424999999999997,8.4375,-4.35,-11.612500000000011,0.1625,0.11249999999999982,2.575,27.7875,0.2375,16.0
13858.550000000003,506372.6625,-56100.5625,355620.175,3043.8250000000116,18057.75,683631.6875,-22734.8125,409306.525,118133.95000000001,-3.3625,-8.2,2.575000000000003,-10.5625,-1.3499999999999996,7.387499999999989,-0.8375,-0.8875000000000002,-1.4249999999999998,-35.2125,1.2375,-28.0
9164.550000000003,505651.6625,-57201.5625,339914.175,-46894.17499999999,15096.75,687342.6875,-24133.8125,440976.525,157057.95,4.6375,-3.2,-0.42499999999999716,1.4375,4.65,2.3874999999999886,0.1625,0.11249999999999982,0.5750000000000002,11.7875,10.2375,17.0
10693.550000000003,501903.6625,-55993.5625,348278.175,-83553.17499999999,4069.75,659401.6875,-23711.8125,459906.525,160006.95,1.6375000000000002,-1.2,-5.424999999999997,9.4375,0.6500000000000004,-4.612500000000011,-0.8375,-0.8875000000000002,-2.425,-52.2125,4.2375,-44.0
-2956.449999999997,495051.6625,-56245.5625,365729.175,-13857.174999999988,-209.25,611001.6875,-21523.8125,441119.525,126284.95000000001,6.6375,-9.2,-5.424999999999997,6.4375,-4.35,-2.6125000000000114,0.1625,0.11249999999999982,0.5750000000000002,36.7875,5.2375,4.0
-905.4499999999971,475713.6625,-55183.5625,408351.175,-36800.17499999999,212.75,568868.6875,-21065.8125,455199.525,149296.95,-3.3625,0.8,7.575000000000003,-2.5625,-7.35,-5.612500000000011,-0.8375,-0.8875000000000002,-0.4249999999999998,10.7875,5.2375,-20.0
-19244.449999999997,463550.6625,-55139.5625,402300.175,-32151.17499999999,10652.75,535063.6875,-22264.8125,465501.525,137795.95,1.6375000000000002,-3.2,-1.4249999999999972,-0.5625,-6.35,-5.612500000000011,-0.8375,0.11249999999999982,-1.4249999999999998,-16.2125,0.2375,-19.0
-25296.449999999997,453067.6625,-55502.5625,429653.175,11438.825000000012,13388.75,524032.6875,-21560.8125,503008.525,159026.95,1.6375000000000002,-2.2,1.5750000000000028,3.4375,-7.35,-4.612500000000011,0.1625,0.11249999999999982,-0.4249999999999998,-1.2125,-0.7625,-9.0
-28596.449999999997,439773.6625,-55868.5625,455299.175,22182.82500000001,17030.75,527320.6875,-20841.8125,520348.525,155423.95,5.6375,-6.2,2.575000000000003,6.4375,-2.3499999999999996,3.3874999999999886,0.1625,0.11249999999999982,0.5750000000000002,4.7875,-3.7625,2.0
-29227.449999999997,434981.6625,-55989.5625,467575.175,40521.82500000001,27683.75,536233.6875,-20165.8125,534599.525,164443.95,0.6375000000000002,4.8,-4.424999999999997,-11.5625,-0.34999999999999964,19.38749999999999,-0.8375,0.11249999999999982,-1.4249999999999998,-12.2125,-1.7625,-11.0
-22978.449999999997,442288.6625,-54689.5625,490705.175,28881.82500000001,30900.75,556813.6875,-19729.8125,566673.525,189318.95,-0.3624999999999998,-0.19999999999999996,5.575000000000003,8.4375,3.6500000000000004,-3.6125000000000114,0.1625,1.1124999999999998,1.5750000000000002,13.7875,0.2375,11.0
-31207.449999999997,468833.6625,-53463.5625,457891.175,6203.825000000012,16217.75,602291.6875,-19858.8125,558222.525,183074.95,2.6375,1.8,3.575000000000003,7.4375,6.65,-9.612500000000011,0.1625,-0.8875000000000002,-0.4249999999999998,2.7875,1.2375,-2.0
-40689.45,483468.6625,-54509.5625,446597.175,13851.825000000012,29948.75,649771.6875,-20282.8125,553201.525,157321.95,-3.3625,-4.2,11.575000000000003,4.4375,2.6500000000000004,0.38749999999998863,0.1625,0.11249999999999982,0.5750000000000002,7.7875,1.2375,1.0
14600.550000000003,445811.6625,-54774.5625,449415.175,-15132.174999999988,35971.75,647217.6875,-18430.8125,571072.525,175098.95,11.6375,-5.2,-13.424999999999997,4.4375,-3.3499999999999996,3.3874999999999886,0.1625,0.11249999999999982,-0.4249999999999998,-3.2125,3.2375,-10.0
3857.550000000003,434604.6625,-54727.5625,438587.175,-15764.174999999988,31053.75,620819.6875,-18936.8125,556971.525,146888.95,0.6375000000000002,-5.2,1.5750000000000028,1.4375,0.6500000000000004,-10.612500000000011,-0.8375,0.11249999999999982,-0.4249999999999998,1.7875,-3.7625,0.0
-1746.449999999997,433899.6625,-54899.5625,426555.175,5083.825000000012,31516.75,584514.6875,-19634.8125,529462.525,128038.95000000001,-2.3625,-2.2,3.575000000000003,0.4375,2.6500000000000004,-6.612500000000011,0.1625,0.11249999999999982,-0.4249999999999998,-1.2125,-1.7625,1.0
-6664.449999999997,427080.6625,-55077.5625,443708.175,1932.8250000000116,27917.75,554270.6875,-19914.8125,506623.525,112010.95000000001,-1.3624999999999998,-0.19999999999999996,1.5750000000000028,-0.5625,-3.3499999999999996,-2.6125000000000114,0.1625,-0.8875000000000002,0.5750000000000002,-1.2125,1.2375,0.0
-11515.449999999997,433042.6625,-55504.5625,453656.175,5820.825000000012,29053.75,548426.6875,-20003.8125,509484.525,112033.95000000001,-1.3624999999999998,-2.2,-1.4249999999999972,-1.5625,-2.3499999999999996,-3.6125000000000114,0.1625,-0.8875000000000002,-0.4249999999999998,-1.2125,-0.7625,0.0
-13110.449999999997,440429.6625,-55259.5625,463200.175,8184.825000000012,30455.75,547913.6875,-19746.8125,517681.525,117454.95000000001,-1.3624999999999998,0.8,-0.42499999999999716,-1.5625,-0.34999999999999964,-2.6125000000000114,-0.8375,0.11249999999999982,0.5750000000000002,-1.2125,-0.7625,1.0
-8396.449999999997,443091.6625,-55038.5625,468171.175,11328.825000000012,31724.75,559395.6875,-19573.8125,527226.525,137809.95,-1.3624999999999998,-3.2,0.5750000000000028,-0.5625,-2.3499999999999996,0.38749999999998863,0.1625,0.11249999999999982,-0.4249999999999998,-1.2125,-2.7625,1.0
-3194.449999999997,449727.6625,-54694.5625,466934.175,12854.825000000012,34363.75,596439.6875,-19355.8125,536899.525,145658.95,-2.3625,0.8,1.5750000000000028,-1.5625,-0.34999999999999964,-0.6125000000000114,-0.8375,0.11249999999999982,0.5750000000000002,-3.2125,0.2375,-1.0
3135.550000000003,455640.6625,-54467.5625,455518.175,10725.825000000012,37467.75,615644.6875,-18870.8125,537127.525,152768.95,-1.3624999999999998,0.8,1.5750000000000028,-2.5625,-1.3499999999999996,1.3874999999999886,0.1625,0.11249999999999982,-0.4249999999999998,-0.2124999999999999,0.2375,2.0
9279.550000000003,459654.6625,-54157.5625,430101.175,3320.8250000000116,39908.75,632537.6875,-18733.8125,532351.525,157728.95,-0.3624999999999998,-0.19999999999999996,-1.4249999999999972,-1.5625,-1.3499999999999996,1.3874999999999886,0.1625,-0.8875000000000002,-0.4249999999999998,-1.2125,-0.7625,-1.0
13372.550000000003,463873.6625,-54180.5625,420976.175,-8354.174999999988,43063.75,643104.6875,-18545.8125,523369.525,155971.95,-1.3624999999999998,-1.2,0.5750000000000028,-1.5625,0.6500000000000004,1.3874999999999886,0.1625,0.11249999999999982,0.5750000000000002,-1.2125,0.2375,0.0
17643.550000000003,468277.6625,-54212.5625,415915.175,-14287.174999999988,40186.75,642168.6875,-18534.8125,513943.525,153111.95,-1.3624999999999998,0.8,1.5750000000000028,-0.5625,-0.34999999999999964,1.3874999999999886,0.1625,-0.8875000000000002,-1.4249999999999998,-0.2124999999999999,0.2375,0.0
20914.550000000003,469894.6625,-54059.5625,412900.175,-17329.17499999999,36792.75,633170.6875,-18577.8125,507208.525,148193.95,-0.3624999999999998,-0.19999999999999996,-1.4249999999999972,-0.5625,1.6500000000000004,-0.6125000000000114,0.1625,0.11249999999999982,0.5750000000000002,-2.2125,0.2375,-2.0
25079.550000000003,468512.6625,-53927.5625,410967.175,-19011.17499999999,33998.75,619432.6875,-18521.8125,499307.525,147431.95,-0.3624999999999998,-0.19999999999999996,0.5750000000000028,0.4375,-0.34999999999999964,-0.6125000000000114,0.1625,0.11249999999999982,0.5750000000000002,1.7875,0.2375,2.0
28960.550000000003,470538.6625,-53766.5625,411066.175,-20684.17499999999,29911.75,605827.6875,-18653.8125,496255.525,146707.95,-0.3624999999999998,-0.19999999999999996,0.5750000000000028,-1.5625,-0.34999999999999964,0.38749999999998863,0.1625,0.11249999999999982,-0.4249999999999998,-0.2124999999999999,0.2375,-1.0
28556.550000000003,485434.6625,-53408.5625,408619.175,-22459.17499999999,27310.75,615759.6875,-18635.8125,493242.525,145916.95,0.6375000000000002,-0.19999999999999996,0.5750000000000028,-0.5625,-0.34999999999999964,0.38749999999998863,0.1625,0.11249999999999982,0.5750000000000002,-0.2124999999999999,0.2375,-1.0
27622.550000000003,491212.6625,-53363.5625,403633.175,-24342.17499999999,24013.75,629526.6875,-18411.8125,491506.525,145738.95,-0.3624999999999998,-0.19999999999999996,0.5750000000000028,0.4375,-2.3499999999999996,0.38749999999998863,0.1625,-0.8875000000000002,0.5750000000000002,-0.2124999999999999,-0.7625,0.0
26797.550000000003,494347.6625,-53419.5625,404561.175,-24007.17499999999,20198.75,633467.6875,-18378.8125,489176.525,144253.95,0.6375000000000002,-0.19999999999999996,1.5750000000000028,0.4375,0.6500000000000004,0.38749999999998863,0.1625,0.11249999999999982,0.5750000000000002,-0.2124999999999999,0.2375,1.0
26404.550000000003,491757.6625,-53310.5625,408383.175,-23097.17499999999,18893.75,628440.6875,-18344.8125,493676.525,144639.95,2.6375,-2.2,1.5750000000000028,0.4375,-0.34999999999999964,0.38749999999998863,0.1625,0.11249999999999982,0.5750000000000002,0.7875000000000001,-0.7625,-1.0
26403.550000000003,483728.6625,-53275.5625,413404.175,-22516.17499999999,17570.75,622026.6875,-18279.8125,497735.525,146165.95,0.6375000000000002,-0.19999999999999996,0.5750000000000028,0.4375,-0.34999999999999964,-1.6125000000000114,0.1625,0.11249999999999982,-0.4249999999999998,-0.2124999999999999,0.2375,-1.0
25295.550000000003,478218.6625,-53337.5625,418265.175,-22404.17499999999,15643.75,615797.6875,-18381.8125,499181.525,144476.95,0.6375000000000002,0.8,0.5750000000000028,1.4375,-0.34999999999999964,-1.6125000000000114,-0.8375,0.11249999999999982,-0.4249999999999998,-0.2124999999999999,0.2375,0.0
21182.550000000003,473960.6625,-53442.5625,420933.175,-22279.17499999999,13274.75,612965.6875,-18067.8125,502011.525,144624.95,0.6375000000000002,0.8,0.5750000000000028,1.4375,-0.34999999999999964,-0.6125000000000114,0.1625,0.11249999999999982,0.5750000000000002,-1.2125,0.2375,1.0
18897.550000000003,468460.6625,-53332.5625,421819.175,-21187.17499999999,10641.75,613449.6875,-17603.8125,506780.525,145742.95,0.6375000000000002,-0.19999999999999996,-1.4249999999999972,0.4375,-0.34999999999999964,0.38749999999998863,0.1625,0.11249999999999982,0.5750000000000002,-0.2124999999999999,0.2375,0.0
16466.550000000003,464647.6625,-53483.5625,426782.175,-18798.17499999999,8777.75,608439.6875,-17734.8125,510833.525,146118.95,0.6375000000000002,-0.19999999999999996,-0.42499999999999716,1.4375,-0.34999999999999964,0.38749999999998863,-0.8375,0.11249999999999982,0.5750000000000002,-0.2124999999999999,0.2375,-2.0
15284.550000000003,461276.6625,-53732.5625,431602.175,-16233.174999999988,6088.75,603027.6875,-17567.8125,520273.525,146769.95,0.6375000000000002,0.8,-0.42499999999999716,0.4375,-0.34999999999999964,-0.6125000000000114,0.1625,-0.8875000000000002,0.5750000000000002,0.7875000000000001,1.2375,3.0
13790.550000000003,455036.6625,-54006.5625,435990.175,-13878.174999999988,5385.75,598497.6875,-16966.8125,523573.525,146951.95,0.6375000000000002,1.8,1.5750000000000028,0.4375,-0.34999999999999964,-0.6125000000000114,0.1625,-0.8875000000000002,0.5750000000000002,-0.2124999999999999,0.2375,0.0
11819.550000000003,457796.6625,-54283.5625,439036.175,-11873.174999999988,5250.75,596997.6875,-16799.8125,524902.525,145950.95,0.6375000000000002,-0.19999999999999996,-2.424999999999997,0.4375,-0.34999999999999964,0.38749999999998863,0.1625,0.11249999999999982,-0.4249999999999998,-0.2124999999999999,0.2375,-2.0
9547.550000000003,461469.6625,-54027.5625,439620.175,-11119.174999999988,5083.75,599095.6875,-16971.8125,524394.525,144482.95,-0.3624999999999998,-0.19999999999999996,0.5750000000000028,0.4375,0.6500000000000004,-0.6125000000000114,0.1625,0.11249999999999982,-0.4249999999999998,0.7875000000000001,-0.7625,1.0
8986.550000000003,461317.6625,-53935.5625,438659.175,-10271.174999999988,5812.75,600512.6875,-17004.8125,523979.525,144295.95,0.6375000000000002,-0.19999999999999996,0.5750000000000028,1.4375,0.6500000000000004,-0.6125000000000114,0.1625,-0.8875000000000002,-0.4249999999999998,-0.2124999999999999,-0.7625,-1.0
13175.550000000003,459462.6625,-53875.5625,437043.175,-9592.174999999988,7016.75,598976.6875,-16967.8125,523126.525,144171.95,-0.3624999999999998,-1.2,-0.42499999999999716,0.4375,-3.3499999999999996,-0.6125000000000114,0.1625,0.11249999999999982,-0.4249999999999998,-0.2124999999999999,-0.7625,-1.0
15758.550000000003,459870.6625,-53884.5625,425746.175,-10240.174999999988,8538.75,599284.6875,-16886.8125,517818.525,143859.95,-0.3624999999999998,-0.19999999999999996,-0.42499999999999716,0.4375,-2.3499999999999996,-0.6125000000000114,-0.8375,-0.8875000000000002,-0.4249999999999998,-0.2124999999999999,0.2375,2.0
17264.550000000003,462892.6625,-53728.5625,421502.175,-10500.174999999988,11447.75,611302.6875,-16773.8125,515975.525,144264.95,-0.3624999999999998,-0.19999999999999996,0.5750000000000028,-0.5625,-2.3499999999999996,1.3874999999999886,0.1625,1.1124999999999998,-0.4249999999999998,-0.2124999999999999,0.2375,1.0
18229.550000000003,467993.6625,-53457.5625,419463.175,-10513.174999999988,12647.75,615809.6875,-16696.8125,514441.525,145880.95,0.6375000000000002,-0.19999999999999996,-0.42499999999999716,-0.5625,-0.34999999999999964,0.38749999999998863,0.1625,0.11249999999999982,0.5750000000000002,-0.2124999999999999,-0.7625,1.0
19690.550000000003,471621.6625,-53177.5625,417770.175,-10475.174999999988,13798.75,617530.6875,-16883.8125,512864.525,146141.95,-0.3624999999999998,-0.19999999999999996,1.5750000000000028,0.4375,-0.34999999999999964,0.38749999999998863,-0.8375,0.11249999999999982,0.5750000000000002,-0.2124999999999999,-1.7625,-1.0
20643.550000000003,473841.6625,-53229.5625,416749.175,-11240.174999999988,14455.75,617883.6875,-16866.8125,509993.525,144744.95,-0.3624999999999998,0.8,-0.42499999999999716,-0.5625,-1.3499999999999996,0.38749999999998863,0.1625,0.11249999999999982,-0.4249999999999998,-0.2124999999999999,0.2375,0.0
20614.550000000003,476553.6625,-52838.5625,415176.175,-12136.174999999988,14561.75,615669.6875,-16695.8125,504774.525,142893.95,-0.3624999999999998,-0.19999999999999996,-0.42499999999999716,0.4375,-0.34999999999999964,0.38749999999998863,0.1625,0.11249999999999982,-0.4249999999999998,0.7875000000000001,-0.7625,-1.0
20386.550000000003,477673.6625,-52894.5625,414505.175,-12385.174999999988,14493.75,612732.6875,-16785.8125,503780.525,141504.95,0.6375000000000002,-0.19999999999999996,-0.42499999999999716,-0.5625,-0.34999999999999964,-0.6125000000000114,0.1625,-0.8875000000000002,0.5750000000000002,-1.2125,0.2375,-1.0
19093.550000000003,477712.6625,-52735.5625,417151.175,-12201.174999999988,14411.75,610237.6875,-16874.8125,504112.525,140684.95,0.6375000000000002,-0.19999999999999996,-0.42499999999999716,0.4375,-0.34999999999999964,0.38749999999998863,0.1625,-0.8875000000000002,-0.4249999999999998,-0.2124999999999999,0.2375,0.0
18457.550000000003,475192.6625,-52580.5625,419313.175,-12332.174999999988,12818.75,609074.6875,-16974.8125,506585.525,140898.95,1.6375000000000002,-0.19999999999999996,0.5750000000000028,0.4375,-0.34999999999999964,-0.6125000000000114,-0.8375,0.11249999999999982,0.5750000000000002,-1.2125,0.2375,1.0
18055.550000000003,471792.6625,-52610.5625,421785.175,-11952.174999999988,11962.75,608050.6875,-16802.8125,509662.525,142787.95,0.6375000000000002,-0.19999999999999996,0.5750000000000028,0.4375,-0.34999999999999964,0.38749999999998863,-0.8375,0.11249999999999982,0.5750000000000002,-0.2124999999999999,0.2375,-1.0
17529.550000000003,468997.6625,-52560.5625,424562.175,-11866.174999999988,11085.75,608900.6875,-16701.8125,511852.525,143103.95,-0.3624999999999998,-0.19999999999999996,0.5750000000000028,0.4375,0.6500000000000004,0.38749999999998863,0.1625,0.11249999999999982,-0.4249999999999998,-1.2125,0.2375,0.0
17158.550000000003,466335.6625,-52523.5625,427043.175,-11205.174999999988,10542.75,609607.6875,-16423.8125,515456.525,143825.95,0.6375000000000002,-0.19999999999999996,0.5750000000000028,0.4375,-0.34999999999999964,0.38749999999998863,0.1625,0.11249999999999982,0.5750000000000002,-0.2124999999999999,0.2375,1.0
16519.550000000003,464704.6625,-52753.5625,429402.175,-10595.174999999988,10038.75,609781.6875,-16440.8125,516292.525,144248.95,-0.3624999999999998,-0.19999999999999996,-0.42499999999999716,0.4375,-0.34999999999999964,-0.6125000000000114,0.1625,0.11249999999999982,-0.4249999999999998,-0.2124999999999999,0.2375,0.0
16027.550000000003,464034.6625,-52708.5625,430664.175,-10613.174999999988,9718.75,607594.6875,-16381.8125,515714.525,144083.95,0.6375000000000002,-0.19999999999999996,-0.42499999999999716,0.4375,-1.3499999999999996,-0.6125000000000114,0.1625,-0.8875000000000002,0.5750000000000002,-0.2124999999999999,0.2375,0.0
15792.550000000003,464354.6625,-52674.5625,428713.175,-10952.174999999988,9923.75,604889.6875,-16519.8125,513710.525,142783.95,-0.3624999999999998,-0.19999999999999996,-0.42499999999999716,-0.5625,-1.3499999999999996,-0.6125000000000114,0.1625,-0.8875000000000002,-0.4249999999999998,-0.2124999999999999,0.2375,1.0
16202.550000000003,466079.6625,-52722.5625,427385.175,-11302.174999999988,10914.75,604828.6875,-16498.8125,511473.525,141009.95,0.6375000000000002,-0.19999999999999996,-0.42499999999999716,0.4375,-1.3499999999999996,0.38749999999998863,0.1625,0.11249999999999982,0.5750000000000002,-0.2124999999999999,0.2375,0.0
16727.550000000003,470010.6625,-52733.5625,426015.175,-10826.174999999988,11552.75,605257.6875,-16598.8125,510261.525,141490.95,0.6375000000000002,-1.2,0.5750000000000028,0.4375,-0.34999999999999964,0.38749999999998863,0.1625,0.11249999999999982,-0.4249999999999998,-0.2124999999999999,0.2375,0.0
17215.550000000003,472290.6625,-52658.5625,424043.175,-11622.174999999988,11977.75,608611.6875,-16630.8125,509801.525,142717.95,0.6375000000000002,-1.2,-0.42499999999999716,0.4375,-0.34999999999999964,0.38749999999998863,0.1625,0.11249999999999982,-0.4249999999999998,-0.2124999999999999,-0.7625,0.0
17942.550000000003,473199.6625,-52483.5625,421687.175,-11724.174999999988,12697.75,611639.6875,-16531.8125,509662.525,143334.95,-0.3624999999999998,-1.2,1.5750000000000028,0.4375,-0.34999999999999964,1.3874999999999886,-0.8375,1.1124999999999998,-0.4249999999999998,-0.2124999999999999,0.2375,0.0
18553.550000000003,472757.6625,-52749.5625,420153.175,-11490.174999999988,13165.75,612616.6875,-16405.8125,509639.525,143881.95,-0.3624999999999998,-0.19999999999999996,0.5750000000000028,0.4375,-0.34999999999999964,0.38749999999998863,0.1625,0.11249999999999982,0.5750000000000002,0.7875000000000001,0.2375,-1.0
18973.550000000003,471919.6625,-52759.5625,419362.175,-11554.174999999988,13357.75,611884.6875,-16505.8125,509773.525,143801.95,-0.3624999999999998,-0.19999999999999996,-0.42499999999999716,0.4375,-1.3499999999999996,-0.6125000000000114,0.1625,0.11249999999999982,0.5750000000000002,-0.2124999999999999,0.2375,1.0
18878.550000000003,471406.6625,-52689.5625,418958.175,-11736.174999999988,13189.75,610564.6875,-16547.8125,510441.525,143718.95,0.6375000000000002,-1.2,0.5750000000000028,0.4375,-0.34999999999999964,-0.6125000000000114,0.1625,0.11249999999999982,-0.4249999999999998,-0.2124999999999999,-0.7625,0.0
16755.550000000003,471695.6625,-52662.5625,420005.175,-11828.174999999988,12090.75,607992.6875,-16704.8125,514346.525,144106.95,0.6375000000000002,-0.19999999999999996,0.5750000000000028,1.4375,-1.3499999999999996,-0.6125000000000114,0.1625,0.11249999999999982,-0.4249999999999998,-0.2124999999999999,0.2375,1.0
16072.550000000003,470697.6625,-52758.5625,422869.175,-11459.174999999988,11520.75,604564.6875,-16730.8125,514678.525,143751.95,0.6375000000000002,-0.19999999999999996,-0.42499999999999716,-0.5625,0.6500000000000004,0.38749999999998863,0.1625,0.11249999999999982,-0.4249999999999998,-0.2124999999999999,0.2375,1.0
15544.550000000003,469416.6625,-52768.5625,425764.175,-10993.174999999988,10835.75,602501.6875,-16557.8125,514710.525,143245.95,-0.3624999999999998,0.8,0.5750000000000028,1.4375,-1.3499999999999996,-0.6125000000000114,0.1625,0.11249999999999982,-0.4249999999999998,-0.2124999999999999,0.2375,0.0
15353.550000000003,468829.6625,-52792.5625,427787.175,-10626.174999999988,10589.75,603575.6875,-16676.8125,514557.525,142649.95,-0.3624999999999998,-0.19999999999999996,0.5750000000000028,0.4375,-0.34999999999999964,-0.6125000000000114,0.1625,0.11249999999999982,0.5750000000000002,-0.2124999999999999,0.2375,0.0
15590.550000000003,466798.6625,-52939.5625,428107.175,-10389.174999999988,10663.75,604127.6875,-16730.8125,514805.525,142830.95,0.6375000000000002,-1.2,-0.42499999999999716,0.4375,-0.34999999999999964,-0.6125000000000114,-0.8375,0.11249999999999982,0.5750000000000002,-0.2124999999999999,0.2375,0.0
16454.550000000003,465783.6625,-52634.5625,427202.175,-10685.174999999988,10851.75,605248.6875,-16663.8125,514717.525,143513.95,-0.3624999999999998,-0.19999999999999996,-0.42499999999999716,-0.5625,-0.34999999999999964,-0.6125000000000114,0.1625,0.11249999999999982,-0.4249999999999998,-0.2124999999999999,-0.7625,-1.0
17293.550000000003,466306.6625,-52571.5625,423116.175,-11303.174999999988,11363.75,607579.6875,-16534.8125,514021.525,144065.95,-0.3624999999999998,-0.19999999999999996,0.5750000000000028,0.4375,-0.34999999999999964,0.38749999999998863,0.1625,0.11249999999999982,0.5750000000000002,-0.2124999999999999,0.2375,1.0
17718.550000000003,468291.6625,-52846.5625,422005.175,-11059.174999999988,12424.75,609153.6875,-16461.8125,512617.525,143272.95,1.6375000000000002,-0.19999999999999996,0.5750000000000028,0.4375,-1.3499999999999996,-0.6125000000000114,0.1625,-0.8875000000000002,0.5750000000000002,-0.2124999999999999,0.2375,0.0
18089.550000000003,470567.6625,-52881.5625,421963.175,-10411.174999999988,12889.75,610219.6875,-16367.8125,511366.525,143057.95,0.6375000000000002,-0.19999999999999996,0.5750000000000028,-0.5625,-1.3499999999999996,0.38749999999998863,0.1625,-0.8875000000000002,-0.4249999999999998,-0.2124999999999999,0.2375,0.0
17855.550000000003,472546.6625,-52805.5625,421581.175,-10225.174999999988,12964.75,610648.6875,-16520.8125,510776.525,142944.95,0.6375000000000002,-0.19999999999999996,0.5750000000000028,0.4375,-1.3499999999999996,-0.6125000000000114,-0.8375,0.11249999999999982,-0.4249999999999998,-0.2124999999999999,-0.7625,0.0
17737.550000000003,474102.6625,-52550.5625,420832.175,-10570.174999999988,13076.75,609775.6875,-16651.8125,510626.525,142803.95,-2.3625,-1.2,-0.42499999999999716,0.4375,-1.3499999999999996,0.38749999999998863,0.1625,0.11249999999999982,0.5750000000000002,-0.2124999999999999,0.2375,0.0
17970.550000000003,474195.6625,-52695.5625,419957.175,-11056.174999999988,13062.75,608202.6875,-16489.8125,509756.525,142132.95,-0.3624999999999998,-3.2,-0.42499999999999716,3.4375,0.6500000000000004,2.3874999999999886,0.1625,0.11249999999999982,-0.4249999999999998,-1.2125,0.2375,-1.0
18440.550000000003,471027.6625,-52424.5625,420617.175,-12276.174999999988,12547.75,609140.6875,-14938.8125,513012.525,143966.95,0.6375000000000002,-2.2,-2.424999999999997,0.4375,-2.3499999999999996,-0.6125000000000114,0.1625,-0.8875000000000002,0.5750000000000002,1.7875,1.2375,1.0
18101.550000000003,470294.6625,-52375.5625,422223.175,-12400.174999999988,12202.75,609586.6875,-14798.8125,514681.525,144852.95,-0.3624999999999998,-1.2,4.575000000000003,0.4375,-2.3499999999999996,-1.6125000000000114,0.1625,-0.8875000000000002,0.5750000000000002,-0.2124999999999999,-1.7625,-1.0
17079.550000000003,470380.6625,-52168.5625,423589.175,-12299.174999999988,11906.75,608279.6875,-14840.8125,515173.525,144380.95,2.6375,1.8,-0.42499999999999716,-0.5625,-0.34999999999999964,0.38749999999998863,0.1625,0.11249999999999982,-0.4249999999999998,-1.2125,-0.7625,-2.0
16684.550000000003,470938.6625,-52295.5625,424481.175,-12275.174999999988,11599.75,607406.6875,-15044.8125,514097.525,143480.95,0.6375000000000002,3.8,-2.424999999999997,1.4375,-1.3499999999999996,-1.6125000000000114,0.1625,0.11249999999999982,-0.4249999999999998,-0.2124999999999999,-0.7625,0.0
16437.550000000003,471673.6625,-52205.5625,425045.175,-12374.174999999988,11802.75,606284.6875,-14980.8125,513170.525,142640.95,-2.3625,-1.2,4.575000000000003,-1.5625,-2.3499999999999996,0.38749999999998863,-0.8375,-0.8875000000000002,0.5750000000000002,1.7875,0.2375,0.0
16256.550000000003,472161.6625,-52058.5625,425072.175,-12400.174999999988,12031.75,605051.6875,-15016.8125,512055.525,142191.95,-0.3624999999999998,0.8,-1.4249999999999972,1.4375,-1.3499999999999996,-0.6125000000000114,0.1625,-0.8875000000000002,-0.4249999999999998,-0.2124999999999999,0.2375,0.0
16291.550000000003,472102.6625,-51878.5625,423516.175,-12396.174999999988,12171.75,604632.6875,-15017.8125,511254.525,142096.95,1.6375000000000002,1.8,-2.424999999999997,-1.5625,-0.34999999999999964,0.38749999999998863,0.1625,0.11249999999999982,-0.4249999999999998,0.7875000000000001,-0.7625,0.0
16657.550000000003,472566.6625,-51953.5625,423338.175,-12213.174999999988,12346.75,607032.6875,-15008.8125,511751.525,143125.95,-0.3624999999999998,-0.19999999999999996,-1.4249999999999972,2.4375,0.6500000000000004,0.38749999999998863,-0.8375,0.11249999999999982,0.5750000000000002,-1.2125,0.2375,-1.0
17013.550000000003,472807.6625,-52081.5625,423100.175,-12338.174999999988,12661.75,608419.6875,-15135.8125,512444.525,143765.95,0.6375000000000002,-2.2,-1.4249999999999972,-0.5625,-0.34999999999999964,0.38749999999998863,0.1625,-0.8875000000000002,0.5750000000000002,-0.2124999999999999,1.2375,2.0
17191.550000000003,471915.6625,-52231.5625,422530.175,-12499.174999999988,12730.75,608958.6875,-15025.8125,512877.525,144058.95,1.6375000000000002,-1.2,-1.4249999999999972,1.4375,-1.3499999999999996,-1.6125000000000114,0.1625,0.11249999999999982,-0.4249999999999998,-0.2124999999999999,1.2375,0.0
17249.550000000003,471575.6625,-52463.5625,422524.175,-12506.174999999988,12604.75,608746.6875,-15126.8125,513508.525,143986.95,0.6375000000000002,0.8,0.5750000000000028,1.4375,0.6500000000000004,-0.6125000000000114,0.1625,-0.8875000000000002,0.5750000000000002,-0.2124999999999999,0.2375,0.0
17361.550000000003,471010.6625,-52512.5625,423269.175,-12596.174999999988,12329.75,607476.6875,-15097.8125,514200.525,143989.95,-0.3624999999999998,-1.2,0.5750000000000028,1.4375,-1.3499999999999996,-2.6125000000000114,-0.8375,0.11249999999999982,0.5750000000000002,-0.2124999999999999,-0.7625,1.0
17021.550000000003,468844.6625,-52395.5625,424242.175,-11976.174999999988,12199.75,605658.6875,-15045.8125,514405.525,143710.95,0.6375000000000002,-5.2,1.5750000000000028,-2.5625,1.6500000000000004,-4.612500000000011,0.1625,-0.8875000000000002,-0.4249999999999998,1.7875,1.2375,3.0
16643.550000000003,467055.6625,-52319.5625,425117.175,-12282.174999999988,11701.75,605408.6875,-14810.8125,515386.525,143872.95,0.6375000000000002,-4.2,-0.42499999999999716,1.4375,-0.34999999999999964,1.3874999999999886,0.1625,0.11249999999999982,-1.4249999999999998,-1.2125,0.2375,-1.0
17215.550000000003,467119.6625,-52519.5625,424798.175,-11869.174999999988,12029.75,607544.6875,-14823.8125,515674.525,144129.95,0.6375000000000002,-0.19999999999999996,4.575000000000003,2.4375,-1.3499999999999996,0.38749999999998863,0.1625,0.11249999999999982,-0.4249999999999998,-1.2125,-3.7625,0.0
17541.550000000003,467990.6625,-52276.5625,423645.175,-12055.174999999988,12171.75,608695.6875,-14724.8125,515280.525,144444.95,1.6375000000000002,1.8,1.5750000000000028,-0.5625,-3.3499999999999996,-1.6125000000000114,-0.8375,1.1124999999999998,-0.4249999999999998,-0.2124999999999999,-1.7625,-1.0
17951.550000000003,468865.6625,-52309.5625,422787.175,-11946.174999999988,12633.75,608851.6875,-14377.8125,514343.525,144347.95,1.6375000000000002,2.8,-2.424999999999997,0.4375,-1.3499999999999996,-0.6125000000000114,0.1625,-0.8875000000000002,-0.4249999999999998,-0.2124999999999999,-0.7625,-3.0
18321.550000000003,469790.6625,-52326.5625,422073.175,-11895.174999999988,12753.75,608726.6875,-14282.8125,513033.525,144113.95,-0.3624999999999998,-2.2,1.5750000000000028,-0.5625,0.6500000000000004,-3.6125000000000114,-0.8375,0.11249999999999982,0.5750000000000002,-0.2124999999999999,-0.7625,-2.0
18128.550000000003,471355.6625,-52208.5625,420928.175,-11722.174999999988,12905.75,608555.6875,-14392.8125,511148.525,143382.95,-0.3624999999999998,-1.2,1.5750000000000028,0.4375,0.6500000000000004,-1.6125000000000114,-0.8375,0.11249999999999982,0.5750000000000002,-0.2124999999999999,-0.7625,0.0
17809.550000000003,473183.6625,-52055.5625,421079.175,-12064.174999999988,13214.75,608328.6875,-14472.8125,510823.525,142958.95,0.6375000000000002,0.8,-0.42499999999999716,-0.5625,-0.34999999999999964,-1.6125000000000114,-0.8375,0.11249999999999982,-0.4249999999999998,-0.2124999999999999,0.2375,0.0
17621.550000000003,473985.6625,-51973.5625,421063.175,-12355.174999999988,13064.75,607208.6875,-14563.8125,510993.525,142936.95,-0.3624999999999998,0.8,-1.4249999999999972,-0.5625,-0.34999999999999964,-0.6125000000000114,0.1625,0.11249999999999982,-0.4249999999999998,-0.2124999999999999,1.2375,2.0
17478.550000000003,473597.6625,-51984.5625,421376.175,-12002.174999999988,13060.75,607037.6875,-14536.8125,511324.525,143270.95,-0.3624999999999998,-2.2,0.5750000000000028,0.4375,0.6500000000000004,1.3874999999999886,-0.8375,0.11249999999999982,-0.4249999999999998,-0.2124999999999999,0.2375,1.0
17256.550000000003,472710.6625,-51990.5625,421986.175,-12198.174999999988,12915.75,606928.6875,-14497.8125,511855.525,143243.95,0.6375000000000002,-0.19999999999999996,-0.42499999999999716,-0.5625,-0.34999999999999964,2.3874999999999886,-0.8375,0.11249999999999982,0.5750000000000002,-0.2124999999999999,0.2375,2.0
17200.550000000003,472020.6625,-51768.5625,422637.175,-12222.174999999988,12594.75,606728.6875,-14424.8125,512591.525,143250.95,-0.3624999999999998,-0.19999999999999996,-0.42499999999999716,0.4375,0.6500000000000004,-0.6125000000000114,0.1625,-0.8875000000000002,-0.4249999999999998,-0.2124999999999999,0.2375,0.0
16763.550000000003,471832.6625,-51793.5625,423424.175,-12596.174999999988,12376.75,606191.6875,-14428.8125,514021.525,143368.95,-0.3624999999999998,-0.19999999999999996,0.5750000000000028,0.4375,-0.34999999999999964,-0.6125000000000114,-0.8375,-0.8875000000000002,0.5750000000000002,-1.2125,0.2375,0.0
16392.550000000003,471664.6625,-52058.5625,424477.175,-12595.174999999988,12373.75,605911.6875,-14381.8125,514472.525,143565.95,-0.3624999999999998,-0.19999999999999996,1.5750000000000028,0.4375,-0.34999999999999964,-0.6125000000000114,0.1625,-0.8875000000000002,0.5750000000000002,-0.2124999999999999,0.2375,1.0
16493.550000000003,471215.6625,-52112.5625,424083.175,-12632.174999999988,12457.75,605148.6875,-14475.8125,513978.525,143078.95,-0.3624999999999998,-0.19999999999999996,0.5750000000000028,0.4375,-0.34999999999999964,-0.6125000000000114,0.1625,0.11249999999999982,0.5750000000000002,-0.2124999999999999,-0.7625,-1.0
16606.550000000003,471135.6625,-52207.5625,423281.175,-12501.174999999988,12678.75,605272.6875,-14354.8125,513677.525,143202.95,-0.3624999999999998,-0.19999999999999996,-0.42499999999999716,0.4375,-0.34999999999999964,1.3874999999999886,0.1625,-0.8875000000000002,-0.4249999999999998,-0.2124999999999999,-0.7625,-1.0
17138.550000000003,471057.6625,-52191.5625,422868.175,-12604.174999999988,12888.75,606371.6875,-14408.8125,513923.525,143624.95,-0.3624999999999998,-0.19999999999999996,-0.42499999999999716,1.4375,-1.3499999999999996,0.38749999999998863,0.1625,0.11249999999999982,-0.4249999999999998,-0.2124999999999999,-0.7625,0.0
17460.550000000003,471224.6625,-52149.5625,422446.175,-12137.174999999988,13054.75,607047.6875,-14400.8125,514327.525,143960.95,-0.3624999999999998,-1.2,-0.42499999999999716,0.4375,-0.34999999999999964,0.38749999999998863,0.1625,0.11249999999999982,-0.4249999999999998,-1.2125,0.2375,-2.0
17778.550000000003,471453.6625,-52220.5625,422321.175,-11976.174999999988,12997.75,607603.6875,-14435.8125,514632.525,144808.95,-0.3624999999999998,-0.19999999999999996,-1.4249999999999972,0.4375,-0.34999999999999964,-0.6125000000000114,-0.8375,-0.8875000000000002,-0.4249999999999998,-0.2124999999999999,-0.7625,-1.0
17644.550000000003,471391.6625,-52032.5625,422592.175,-12125.174999999988,12985.75,608440.6875,-14482.8125,514776.525,144962.95,-0.3624999999999998,-0.19999999999999996,-0.42499999999999716,0.4375,-1.3499999999999996,0.38749999999998863,0.1625,0.11249999999999982,-0.4249999999999998,-1.2125,0.2375,-1.0
17455.550000000003,470608.6625,-52108.5625,423023.175,-12361.174999999988,12814.75,607727.6875,-14327.8125,514728.525,144664.95,0.6375000000000002,-1.2,0.5750000000000028,0.4375,-2.3499999999999996,-0.6125000000000114,0.1625,0.11249999999999982,-0.4249999999999998,-0.2124999999999999,0.2375,0.0
17202.550000000003,470127.6625,-52269.5625,423335.175,-12469.174999999988,12628.75,606367.6875,-14230.8125,514684.525,143707.95,0.6375000000000002,-0.19999999999999996,-0.42499999999999716,0.4375,-0.34999999999999964,-0.6125000000000114,0.1625,0.11249999999999982,0.5750000000000002,-1.2125,0.2375,0.0
17201.550000000003,469638.6625,-52232.5625,423546.175,-12525.174999999988,12400.75,605748.6875,-14440.8125,514609.525,143620.95,-0.3624999999999998,-1.2,0.5750000000000028,0.4375,-0.34999999999999964,-0.6125000000000114,0.1625,0.11249999999999982,0.5750000000000002,-1.2125,0.2375,0.0
17088.550000000003,469529.6625,-52103.5625,423728.175,-12815.174999999988,12311.75,606104.6875,-14554.8125,514899.525,143819.95,-0.3624999999999998,-1.2,-0.42499999999999716,0.4375,-0.34999999999999964,-0.6125000000000114,0.1625,-0.8875000000000002,-0.4249999999999998,-0.2124999999999999,-0.7625,1.0
17030.550000000003,469717.6625,-52142.5625,423922.175,-12773.174999999988,12351.75,606256.6875,-14543.8125,515286.525,144055.95,-0.3624999999999998,-0.19999999999999996,0.5750000000000028,0.4375,-0.34999999999999964,0.38749999999998863,-0.8375,0.11249999999999982,0.5750000000000002,-0.2124999999999999,0.2375,-1.0
17284.550000000003,469720.6625,-52294.5625,423566.175,-12483.174999999988,12492.75,607032.6875,-14585.8125,515030.525,144348.95,0.6375000000000002,-0.19999999999999996,-0.42499999999999716,0.4375,-0.34999999999999964,0.38749999999998863,0.1625,0.11249999999999982,-0.4249999999999998,-0.2124999999999999,0.2375,0.0
17446.550000000003,469677.6625,-52160.5625,422729.175,-12253.174999999988,12691.75,607458.6875,-14617.8125,514905.525,144391.95,0.6375000000000002,-0.19999999999999996,-0.42499999999999716,0.4375,-0.34999999999999964,-0.6125000000000114,0.1625,0.11249999999999982,-0.4249999999999998,-1.2125,0.2375,-1.0
17509.550000000003,471615.6625,-52117.5625,422384.175,-12665.174999999988,12871.75,607134.6875,-14346.8125,513970.525,144230.95,0.6375000000000002,-0.19999999999999996,-0.42499999999999716,0.4375,-1.3499999999999996,-0.6125000000000114,0.1625,0.11249999999999982,-0.4249999999999998,-1.2125,0.2375,0.0
17399.550000000003,472393.6625,-51962.5625,422457.175,-12839.174999999988,13018.75,607091.6875,-14538.8125,513403.525,143699.95,0.6375000000000002,-1.2,-0.42499999999999716,0.4375,-0.34999999999999964,-1.6125000000000114,-0.8375,0.11249999999999982,-0.4249999999999998,-0.2124999999999999,-0.7625,1.0
17299.550000000003,472905.6625,-51960.5625,422526.175,-12269.174999999988,13381.75,607104.6875,-14279.8125,512739.525,143505.95,-0.3624999999999998,-0.19999999999999996,0.5750000000000028,0.4375,-0.34999999999999964,-0.6125000000000114,0.1625,0.11249999999999982,0.5750000000000002,-0.2124999999999999,0.2375,2.0
17312.550000000003,473316.6625,-52022.5625,422391.175,-11967.174999999988,13197.75,606471.6875,-14352.8125,512250.525,143335.95,-1.3624999999999998,-0.19999999999999996,0.5750000000000028,-0.5625,-0.34999999999999964,-0.6125000000000114,0.1625,0.11249999999999982,-0.4249999999999998,-0.2124999999999999,-0.7625,1.0
17389.550000000003,473465.6625,-52072.5625,422508.175,-12365.174999999988,13128.75,606455.6875,-14286.8125,512229.525,143301.95,-0.3624999999999998,0.8,-0.42499999999999716,-0.5625,0.6500000000000004,-0.6125000000000114,0.1625,0.11249999999999982,0.5750000000000002,-0.2124999999999999,-0.7625,0.0
17322.550000000003,473125.6625,-52006.5625,422822.175,-12261.174999999988,13046.75,606489.6875,-14256.8125,512357.525,142960.95,-0.3624999999999998,-0.19999999999999996,0.5750000000000028,-0.5625,-0.34999999999999964,1.3874999999999886,0.1625,0.11249999999999982,-0.4249999999999998,-0.2124999999999999,-0.7625,0.0
17252.550000000003,472909.6625,-51990.5625,422964.175,-12330.174999999988,13006.75,606750.6875,-14231.8125,512482.525,143364.95,0.6375000000000002,-0.19999999999999996,0.5750000000000028,0.4375,-0.34999999999999964,0.38749999999998863,-0.8375,0.11249999999999982,0.5750000000000002,-0.2124999999999999,0.2375,0.0
17191.550000000003,472757.6625,-52123.5625,422978.175,-12413.174999999988,13070.75,606273.6875,-14334.8125,512236.525,143704.95,-0.3624999999999998,-0.19999999999999996,-0.42499999999999716,-0.5625,-0.34999999999999964,0.38749999999998863,-0.8375,0.11249999999999982,0.5750000000000002,-1.2125,0.2375,0.0
17280.550000000003,472701.6625,-52097.5625,422880.175,-12416.174999999988,13089.75,605795.6875,-14314.8125,511975.525,143390.95,-0.3624999999999998,-0.19999999999999996,0.5750000000000028,0.4375,-0.34999999999999964,-0.6125000000000114,-0.8375,0.11249999999999982,0.5750000000000002,-1.2125,0.2375,0.0
17246.550000000003,472605.6625,-52100.5625,422720.175,-12425.174999999988,12944.75,605329.6875,-14433.8125,511696.525,142901.95,-0.3624999999999998,-0.19999999999999996,1.5750000000000028,0.4375,-1.3499999999999996,0.38749999999998863,0.1625,0.11249999999999982,-0.4249999999999998,-0.2124999999999999,0.2375,0.0
17392.550000000003,472021.6625,-52136.5625,422455.175,-12890.174999999988,13137.75,604859.6875,-14556.8125,511662.525,143593.95,-0.3624999999999998,-0.19999999999999996,-0.42499999999999716,0.4375,-0.34999999999999964,-0.6125000000000114,0.1625,0.11249999999999982,-0.4249999999999998,-0.2124999999999999,0.2375,-1.0
17471.550000000003,471526.6625,-52196.5625,422242.175,-12798.174999999988,13150.75,606648.6875,-14469.8125,513012.525,143781.95,-0.3624999999999998,-0.19999999999999996,0.5750000000000028,0.4375,-0.34999999999999964,0.38749999999998863,0.1625,0.11249999999999982,-0.4249999999999998,-0.2124999999999999,-0.7625,-1.0
17594.550000000003,471062.6625,-52357.5625,422361.175,-12722.174999999988,13018.75,606616.6875,-14565.8125,513649.525,144192.95,1.6375000000000002,-0.19999999999999996,1.5750000000000028,0.4375,-0.34999999999999964,0.38749999999998863,-0.8375,0.11249999999999982,0.5750000000000002,-1.2125,-0.7625,0.0
17615.550000000003,470454.6625,-52463.5625,422478.175,-12757.174999999988,12778.75,606676.6875,-14599.8125,513955.525,144487.95,0.6375000000000002,-0.19999999999999996,-0.42499999999999716,-0.5625,-0.34999999999999964,0.38749999999998863,-0.8375,0.11249999999999982,-0.4249999999999998,-0.2124999999999999,-0.7625,0.0
17418.550000000003,469981.6625,-52651.5625,422517.175,-12918.174999999988,12738.75,606142.6875,-14607.8125,513876.525,144635.95,0.6375000000000002,-1.2,1.5750000000000028,0.4375,-0.34999999999999964,-0.6125000000000114,0.1625,0.11249999999999982,-0.4249999999999998,-0.2124999999999999,0.2375,1.0
17312.550000000003,469842.6625,-52365.5625,422812.175,-12751.174999999988,12687.75,605777.6875,-14399.8125,513826.525,144244.95,0.6375000000000002,-0.19999999999999996,0.5750000000000028,0.4375,-0.34999999999999964,-1.6125000000000114,-0.8375,0.11249999999999982,-0.4249999999999998,-0.2124999999999999,0.2375,1.0
17154.550000000003,471051.6625,-52314.5625,423199.175,-12830.174999999988,12850.75,606119.6875,-14382.8125,513713.525,143722.95,-0.3624999999999998,-0.19999999999999996,0.5750000000000028,0.4375,-0.34999999999999964,-0.6125000000000114,0.1625,-0.8875000000000002,-0.4249999999999998,-1.2125,0.2375,0.0
17217.550000000003,471046.6625,-52400.5625,422771.175,-12938.174999999988,12799.75,606156.6875,-14325.8125,513376.525,143721.95,-0.3624999999999998,-0.19999999999999996,-0.42499999999999716,1.4375,-0.34999999999999964,-1.6125000000000114,0.1625,-0.8875000000000002,-0.4249999999999998,-1.2125,0.2375,0.0
17363.550000000003,471497.6625,-52189.5625,422428.175,-12813.174999999988,13085.75,605828.6875,-14382.8125,513314.525,143593.95,0.6375000000000002,-0.19999999999999996,0.5750000000000028,0.4375,-0.34999999999999964,0.38749999999998863,0.1625,0.11249999999999982,-0.4249999999999998,-0.2124999999999999,-0.7625,0.0
17637.550000000003,471951.6625,-52071.5625,422166.175,-12409.174999999988,13335.75,606698.6875,-14396.8125,512753.525,143671.95,-0.3624999999999998,-0.19999999999999996,-0.42499999999999716,0.4375,-0.34999999999999964,0.38749999999998863,0.1625,0.11249999999999982,0.5750000000000002,-0.2124999999999999,0.2375,0.0
17705.550000000003,472256.6625,-51992.5625,422013.175,-12492.174999999988,13391.75,606214.6875,-14624.8125,512516.525,143764.95,-0.3624999999999998,-1.2,1.5750000000000028,-0.5625,-0.34999999999999964,0.38749999999998863,0.1625,-0.8875000000000002,0.5750000000000002,-0.2124999999999999,0.2375,2.0
17549.550000000003,472361.6625,-52147.5625,422011.175,-12849.174999999988,13275.75,605997.6875,-14585.8125,512133.525,143553.95,-0.3624999999999998,-0.19999999999999996,-0.42499999999999716,0.4375,-0.34999999999999964,-0.6125000000000114,-0.8375,0.11249999999999982,0.5750000000000002,-1.2125,0.2375,1.0
17332.550000000003,472933.6625,-52046.5625,422269.175,-12388.174999999988,13358.75,606701.6875,-14632.8125,511465.525,143204.95,-0.3624999999999998,-0.19999999999999996,0.5750000000000028,-0.5625,-0.34999999999999964,-0.6125000000000114,0.1625,-0.8875000000000002,0.5750000000000002,-1.2125,0.2375,1.0
17540.550000000003,472923.6625,-51917.5625,422938.175,-12340.174999999988,13358.75,605638.6875,-14550.8125,511445.525,143175.95,-0.3624999999999998,-0.19999999999999996,0.5750000000000028,0.4375,-0.34999999999999964,-0.6125000000000114,0.1625,0.11249999999999982,-0.4249999999999998,-0.2124999999999999,-0.7625,-1.0
17466.550000000003,472622.6625,-51989.5625,422878.175,-12613.174999999988,13362.75,605764.6875,-14491.8125,511862.525,143202.95,-0.3624999999999998,-0.19999999999999996,0.5750000000000028,0.4375,-0.34999999999999964,-0.6125000000000114,0.1625,-0.8875000000000002,0.5750000000000002,-0.2124999999999999,0.2375,1.0
17225.550000000003,472470.6625,-52023.5625,422531.175,-13020.174999999988,13015.75,604937.6875,-14351.8125,512185.525,143081.95,-0.3624999999999998,-0.19999999999999996,-0.42499999999999716,0.4375,-0.34999999999999964,0.38749999999998863,0.1625,0.11249999999999982,-0.4249999999999998,-0.2124999999999999,0.2375,0.0
17448.550000000003,472061.6625,-52104.5625,422355.175,-12873.174999999988,12962.75,604658.6875,-14195.8125,512417.525,143258.95,-0.3624999999999998,-0.19999999999999996,0.5750000000000028,0.4375,-0.34999999999999964,0.38749999999998863,0.1625,-0.8875000000000002,-0.4249999999999998,0.7875000000000001,0.2375,1.0
17424.550000000003,471959.6625,-52280.5625,422337.175,-12808.174999999988,13151.75,604999.6875,-14362.8125,512540.525,143135.95,-0.3624999999999998,-0.19999999999999996,0.5750000000000028,0.4375,-0.34999999999999964,0.38749999999998863,0.1625,0.11249999999999982,0.5750000000000002,-0.2124999999999999,0.2375,-1.0
17427.550000000003,472491.6625,-52138.5625,422142.175,-12602.174999999988,13148.75,606247.6875,-14561.8125,512648.525,143772.95,-0.3624999999999998,-0.19999999999999996,-0.42499999999999716,0.4375,-0.34999999999999964,0.38749999999998863,0.1625,0.11249999999999982,0.5750000000000002,-0.2124999999999999,0.2375,0.0
17518.550000000003,472546.6625,-52198.5625,421863.175,-12909.174999999988,13249.75,606588.6875,-14442.8125,512741.525,143917.95,-0.3624999999999998,-0.19999999999999996,0.5750000000000028,0.4375,-1.3499999999999996,0.38749999999998863,0.1625,0.11249999999999982,0.5750000000000002,-0.2124999999999999,-0.7625,0.0
17595.550000000003,472419.6625,-52276.5625,421445.175,-12871.174999999988,13498.75,606528.6875,-14462.8125,513000.525,143828.95,0.6375000000000002,-0.19999999999999996,-1.4249999999999972,-0.5625,-0.34999999999999964,-0.6125000000000114,-0.8375,0.11249999999999982,0.5750000000000002,-0.2124999999999999,-0.7625,0.0
17782.550000000003,472237.6625,-52259.5625,421398.175,-12633.174999999988,13494.75,607108.6875,-14287.8125,513067.525,143862.95,-0.3624999999999998,0.8,-0.42499999999999716,0.4375,-0.34999999999999964,-0.6125000000000114,0.1625,0.11249999999999982,-0.4249999999999998,-0.2124999999999999,0.2375,-1.0
17798.550000000003,472287.6625,-52227.5625,421263.175,-12567.174999999988,13483.75,606666.6875,-14162.8125,513312.525,143935.95,0.6375000000000002,-0.19999999999999996,-0.42499999999999716,-0.5625,-0.34999999999999964,-0.6125000000000114,0.1625,0.11249999999999982,0.5750000000000002,-0.2124999999999999,0.2375,1.0
17550.550000000003,471739.6625,-52162.5625,421622.175,-12592.174999999988,13339.75,606730.6875,-14259.8125,513922.525,144343.95,-0.3624999999999998,-0.19999999999999996,-0.42499999999999716,0.4375,-1.3499999999999996,0.38749999999998863,0.1625,0.11249999999999982,0.5750000000000002,-0.2124999999999999,0.2375,1.0
17538.550000000003,471079.6625,-52186.5625,422118.175,-12898.174999999988,13284.75,606300.6875,-14346.8125,514500.525,144732.95,-0.3624999999999998,-1.2,-0.42499999999999716,0.4375,-0.34999999999999964,0.38749999999998863,0.1625,0.11249999999999982,-0.4249999999999998,-0.2124999999999999,0.2375,0.0
17383.550000000003,470430.6625,-52246.5625,422562.175,-13247.174999999988,13255.75,605886.6875,-14408.8125,514817.525,144355.95,0.6375000000000002,-1.2,0.5750000000000028,1.4375,-1.3499999999999996,0.38749999999998863,0.1625,0.11249999999999982,-0.4249999999999998,-0.2124999999999999,-0.7625,1.0
17145.550000000003,470110.6625,-52420.5625,422781.175,-13208.174999999988,13104.75,606535.6875,-14413.8125,514697.525,144220.95,0.6375000000000002,-0.19999999999999996,0.5750000000000028,0.4375,-0.34999999999999964,0.38749999999998863,0.1625,-0.8875000000000002,-0.4249999999999998,-0.2124999999999999,0.2375,0.0
17162.550000000003,470113.6625,-52396.5625,423319.175,-13093.174999999988,13018.75,605986.6875,-14368.8125,514268.525,144073.95,-0.3624999999999998,-0.19999999999999996,0.5750000000000028,0.4375,-0.34999999999999964,-0.6125000000000114,0.1625,0.11249999999999982,0.5750000000000002,-0.2124999999999999,-0.7625,-1.0
17316.550000000003,470877.6625,-52069.5625,423317.175,-13023.174999999988,13197.75,604963.6875,-14387.8125,514211.525,144005.95,-0.3624999999999998,-0.19999999999999996,0.5750000000000028,0.4375,-0.34999999999999964,-0.6125000000000114,-0.8375,0.11249999999999982,-0.4249999999999998,-0.2124999999999999,-0.7625,-1.0
17455.550000000003,471474.6625,-52141.5625,423184.175,-13249.174999999988,13260.75,604770.6875,-14536.8125,513743.525,143766.95,0.6375000000000002,-1.2,-0.42499999999999716,0.4375,-1.3499999999999996,0.38749999999998863,0.1625,0.11249999999999982,-0.4249999999999998,-0.2124999999999999,0.2375,-1.0
17326.550000000003,472079.6625,-52263.5625,423030.175,-12968.174999999988,13446.75,606187.6875,-14482.8125,513309.525,143686.95,0.6375000000000002,-0.19999999999999996,-0.42499999999999716,0.4375,-1.3499999999999996,-0.6125000000000114,-0.8375,-0.8875000000000002,-0.4249999999999998,-0.2124999999999999,0.2375,0.0
17419.550000000003,472371.6625,-52064.5625,422490.175,-13012.174999999988,13409.75,605747.6875,-14437.8125,513178.525,144062.95,0.6375000000000002,-0.19999999999999996,0.5750000000000028,0.4375,-1.3499999999999996,0.38749999999998863,0.1625,-0.8875000000000002,-0.4249999999999998,-0.2124999999999999,0.2375,0.0
17551.550000000003,472813.6625,-52041.5625,422335.175,-12969.174999999988,13512.75,606355.6875,-14305.8125,513096.525,143578.95,-0.3624999999999998,-0.19999999999999996,-0.42499999999999716,0.4375,-0.34999999999999964,-0.6125000000000114,0.1625,0.11249999999999982,0.5750000000000002,-0.2124999999999999,0.2375,0.0
17505.550000000003,472919.6625,-52028.5625,422267.175,-12838.174999999988,13599.75,605616.6875,-14684.8125,513151.525,143599.95,-0.3624999999999998,-0.19999999999999996,0.5750000000000028,0.4375,-1.3499999999999996,-0.6125000000000114,0.1625,0.11249999999999982,-0.4249999999999998,-0.2124999999999999,0.2375,1.0
17342.550000000003,472669.6625,-52034.5625,422434.175,-12689.174999999988,13600.75,605495.6875,-14656.8125,513238.525,143823.95,-0.3624999999999998,-0.19999999999999996,-0.42499999999999716,-0.5625,-0.34999999999999964,0.38749999999998863,0.1625,0.11249999999999982,0.5750000000000002,-0.2124999999999999,-0.7625,-1.0
17253.550000000003,472633.6625,-51991.5625,422413.175,-12698.174999999988,13387.75,605336.6875,-14362.8125,513323.525,143754.95,-0.3624999999999998,-0.19999999999999996,-0.42499999999999716,0.4375,-0.34999999999999964,-0.6125000000000114,-0.8375,0.11249999999999982,-0.4249999999999998,-0.2124999999999999,0.2375,0.0
17412.550000000003,472462.6625,-51999.5625,422526.175,-12588.174999999988,13268.75,605495.6875,-14475.8125,513613.525,143710.95,0.6375000000000002,0.8,0.5750000000000028,0.4375,-0.34999999999999964,-0.6125000000000114,-0.8375,0.11249999999999982,0.5750000000000002,-0.2124999999999999,0.2375,1.0
17475.550000000003,472379.6625,-52018.5625,422582.175,-12483.174999999988,13336.75,605614.6875,-14424.8125,513693.525,143933.95,-1.3624999999999998,-0.19999999999999996,0.5750000000000028,0.4375,-0.34999999999999964,0.38749999999998863,-0.8375,0.11249999999999982,-0.4249999999999998,-0.2124999999999999,0.2375,1.0
17447.550000000003,472584.6625,-52283.5625,422567.175,-12555.174999999988,13289.75,605925.6875,-14611.8125,513685.525,144105.95,-0.3624999999999998,0.8,0.5750000000000028,0.4375,-0.34999999999999964,-0.6125000000000114,-0.8375,-0.8875000000000002,-0.4249999999999998,-1.2125,-0.7625,0.0
17449.550000000003,472592.6625,-52255.5625,422423.175,-12506.174999999988,13394.75,605408.6875,-14386.8125,513346.525,143987.95,-0.3624999999999998,-0.19999999999999996,-0.42499999999999716,-0.5625,-0.34999999999999964,0.38749999999998863,0.1625,0.11249999999999982,0.5750000000000002,-0.2124999999999999,0.2375,0.0
17651.550000000003,472703.6625,-52031.5625,421619.175,-12427.174999999988,13551.75,606123.6875,-14534.8125,513006.525,144136.95,-0.3624999999999998,0.8,-0.42499999999999716,0.4375,-0.34999999999999964,-0.6125000000000114,0.1625,-0.8875000000000002,-0.4249999999999998,-0.2124999999999999,-0.7625,-1.0
17747.550000000003,472600.6625,-52171.5625,421348.175,-12855.174999999988,13604.75,606301.6875,-14553.8125,513142.525,144323.95,0.6375000000000002,-0.19999999999999996,-0.42499999999999716,-0.5625,-1.3499999999999996,0.38749999999998863,-0.8375,0.11249999999999982,0.5750000000000002,-0.2124999999999999,0.2375,0.0
17710.550000000003,472462.6625,-52210.5625,421344.175,-12792.174999999988,13742.75,606498.6875,-14594.8125,513178.525,144533.95,0.6375000000000002,-0.19999999999999996,0.5750000000000028,0.4375,-1.3499999999999996,-1.6125000000000114,0.1625,0.11249999999999982,0.5750000000000002,-0.2124999999999999,0.2375,0.0
17673.550000000003,472227.6625,-52267.5625,421522.175,-12980.174999999988,13552.75,607115.6875,-14532.8125,513355.525,144488.95,-0.3624999999999998,-0.19999999999999996,0.5750000000000028,0.4375,-1.3499999999999996,-0.6125000000000114,0.1625,0.11249999999999982,0.5750000000000002,-0.2124999999999999,0.2375,0.0
17672.550000000003,471961.6625,-52361.5625,421742.175,-12926.174999999988,13571.75,606782.6875,-14474.8125,513622.525,144574.95,1.6375000000000002,-0.19999999999999996,1.5750000000000028,1.4375,-0.34999999999999964,0.38749999999998863,0.1625,0.11249999999999982,-0.4249999999999998,-0.2124999999999999,-0.7625,0.0
17864.550000000003,471590.6625,-52254.5625,421935.175,-12803.174999999988,13471.75,606306.6875,-14350.8125,513977.525,144549.95,0.6375000000000002,-0.19999999999999996,-0.42499999999999716,0.4375,-0.34999999999999964,0.38749999999998863,0.1625,-0.8875000000000002,-0.4249999999999998,-1.2125,0.2375,-2.0
17843.550000000003,470787.6625,-52037.5625,422597.175,-12989.174999999988,13301.75,605964.6875,-14330.8125,514556.525,144545.95,0.6375000000000002,-0.19999999999999996,-0.42499999999999716,0.4375,-0.34999999999999964,1.3874999999999886,0.1625,0.11249999999999982,0.5750000000000002,-0.2124999999999999,0.2375,1.0
17417.550000000003,470154.6625,-52142.5625,423028.175,-12962.174999999988,13353.75,605190.6875,-14255.8125,514619.525,144435.95,-0.3624999999999998,-0.19999999999999996,-0.42499999999999716,-0.5625,-0.34999999999999964,0.38749999999998863,0.1625,1.1124999999999998,-0.4249999999999998,-0.2124999999999999,-0.7625,0.0
17232.550000000003,470350.6625,-52160.5625,423126.175,-13065.174999999988,13308.75,604745.6875,-14392.8125,514627.525,144608.95,-0.3624999999999998,-0.19999999999999996,0.5750000000000028,0.4375,-0.34999999999999964,-0.6125000000000114,0.1625,0.11249999999999982,0.5750000000000002,-0.2124999999999999,0.2375,-1.0
17338.550000000003,470730.6625,-52188.5625,422991.175,-13003.174999999988,13343.75,605395.6875,-14634.8125,514544.525,144140.95,0.6375000000000002,-0.19999999999999996,-0.42499999999999716,0.4375,-0.34999999999999964,-0.6125000000000114,0.1625,0.11249999999999982,0.5750000000000002,-0.2124999999999999,-0.7625,0.0
17401.550000000003,471721.6625,-52341.5625,422516.175,-13474.174999999988,13662.75,605629.6875,-14470.8125,514079.525,144336.95,0.6375000000000002,-0.19999999999999996,0.5750000000000028,0.4375,-1.3499999999999996,-0.6125000000000114,0.1625,-0.8875000000000002,0.5750000000000002,-0.2124999999999999,0.2375,0.0
17385.550000000003,472375.6625,-52289.5625,422300.175,-13117.174999999988,13705.75,605358.6875,-14482.8125,513805.525,143915.95,-0.3624999999999998,-0.19999999999999996,-0.42499999999999716,0.4375,-0.34999999999999964,-0.6125000000000114,0.1625,0.11249999999999982,-0.4249999999999998,-0.2124999999999999,0.2375,1.0
17500.550000000003,473075.6625,-52237.5625,422013.175,-13146.174999999988,13812.75,605655.6875,-14422.8125,513558.525,143725.95,-0.3624999999999998,-0.19999999999999996,-0.42499999999999716,1.4375,0.6500000000000004,-0.6125000000000114,0.1625,0.11249999999999982,-0.4249999999999998,-0.2124999999999999,0.2375,-1.0
17615.550000000003,473411.6625,-52149.5625,421973.175,-12822.174999999988,13846.75,605387.6875,-14366.8125,513396.525,143855.95,-0.3624999999999998,-0.19999999999999996,0.5750000000000028,0.4375,0.6500000000000004,0.38749999999998863,0.1625,0.11249999999999982,0.5750000000000002,-0.2124999999999999,0.2375,0.0
17731.550000000003,473350.6625,-52059.5625,422008.175,-12547.174999999988,13965.75,605348.6875,-14606.8125,513511.525,143572.95,0.6375000000000002,-0.19999999999999996,-0.42499999999999716,0.4375,-0.34999999999999964,1.3874999999999886,-0.8375,0.11249999999999982,0.5750000000000002,-0.2124999999999999,-0.7625,-1.0
17792.550000000003,473097.6625,-52119.5625,422258.175,-12877.174999999988,13796.75,605482.6875,-14573.8125,513488.525,143692.95,0.6375000000000002,0.8,-0.42499999999999716,0.4375,-0.34999999999999964,0.38749999999998863,0.1625,0.11249999999999982,0.5750000000000002,-0.2124999999999999,0.2375,0.0
17648.550000000003,472678.6625,-51840.5625,422577.175,-13015.174999999988,13719.75,605344.6875,-14474.8125,513789.525,143915.95,-0.3624999999999998,-0.19999999999999996,0.5750000000000028,-0.5625,-1.3499999999999996,0.38749999999998863,0.1625,0.11249999999999982,0.5750000000000002,-0.2124999999999999,0.2375,1.0
17389.550000000003,472188.6625,-51968.5625,422377.175,-13165.174999999988,13612.75,605020.6875,-14279.8125,514099.525,143939.95,-0.3624999999999998,-0.19999999999999996,-0.42499999999999716,0.4375,-0.34999999999999964,-0.6125000000000114,-0.8375,0.11249999999999982,-0.4249999999999998,-0.2124999999999999,0.2375,0.0
17579.550000000003,472051.6625,-52094.5625,422815.175,-13172.174999999988,13618.75,604812.6875,-14351.8125,514280.525,144153.95,-0.3624999999999998,-0.19999999999999996,0.5750000000000028,0.4375,-0.34999999999999964,-0.6125000000000114,0.1625,0.11249999999999982,0.5750000000000002,-0.2124999999999999,0.2375,2.0
17441.550000000003,472606.6625,-52133.5625,422481.175,-13214.174999999988,13651.75,605405.6875,-14465.8125,514325.525,144454.95,0.6375000000000002,-0.19999999999999996,-0.42499999999999716,0.4375,0.6500000000000004,-0.6125000000000114,0.1625,0.11249999999999982,-0.4249999999999998,-1.2125,0.2375,0.0
17780.550000000003,472538.6625,-52228.5625,422296.175,-13012.174999999988,13669.75,605026.6875,-14309.8125,514219.525,144425.95,0.6375000000000002,-0.19999999999999996,0.5750000000000028,-0.5625,-0.34999999999999964,1.3874999999999886,0.1625,0.11249999999999982,0.5750000000000002,-0.2124999999999999,0.2375,0.0
17847.550000000003,472463.6625,-52122.5625,422036.175,-12786.174999999988,13776.75,605437.6875,-14389.8125,513988.525,144385.95,0.6375000000000002,-0.19999999999999996,-0.42499999999999716,0.4375,0.6500000000000004,0.38749999999998863,0.1625,0.11249999999999982,-0.4249999999999998,-1.2125,0.2375,-1.0
17882.550000000003,472326.6625,-52117.5625,421677.175,-12896.174999999988,14031.75,606428.6875,-14332.8125,513524.525,144289.95,-0.3624999999999998,-0.19999999999999996,0.5750000000000028,0.4375,-0.34999999999999964,0.38749999999998863,0.1625,0.11249999999999982,0.5750000000000002,-0.2124999999999999,0.2375,0.0
17866.550000000003,472529.6625,-52258.5625,421508.175,-13058.174999999988,14087.75,606612.6875,-14372.8125,513508.525,144436.95,0.6375000000000002,-0.19999999999999996,-0.42499999999999716,0.4375,-0.34999999999999964,0.38749999999998863,0.1625,0.11249999999999982,0.5750000000000002,-0.2124999999999999,0.2375,0.0
17887.550000000003,472897.6625,-52271.5625,421555.175,-13148.174999999988,14058.75,605928.6875,-14679.8125,513783.525,144515.95,0.6375000000000002,-0.19999999999999996,-1.4249999999999972,0.4375,-2.3499999999999996,0.38749999999998863,-0.8375,0.11249999999999982,0.5750000000000002,-0.2124999999999999,0.2375,1.0
17844.550000000003,472695.6625,-52296.5625,421897.175,-12853.174999999988,13905.75,605908.6875,-14533.8125,514049.525,144628.95,0.6375000000000002,-0.19999999999999996,-0.42499999999999716,0.4375,-1.3499999999999996,-0.6125000000000114,-0.8375,0.11249999999999982,-0.4249999999999998,-0.2124999999999999,-0.7625,-1.0
17608.550000000003,472012.6625,-52437.5625,422066.175,-12778.174999999988,13865.75,606295.6875,-14420.8125,514335.525,144581.95,-0.3624999999999998,0.8,0.5750000000000028,0.4375,-0.34999999999999964,-0.6125000000000114,0.1625,-0.8875000000000002,-0.4249999999999998,-0.2124999999999999,0.2375,0.0
17867.550000000003,471490.6625,-52275.5625,422239.175,-13117.174999999988,13715.75,606209.6875,-14355.8125,514654.525,144576.95,0.6375000000000002,-1.2,-0.42499999999999716,0.4375,-0.34999999999999964,-0.6125000000000114,0.1625,-0.8875000000000002,-0.4249999999999998,-0.2124999999999999,0.2375,-1.0
17666.550000000003,470632.6625,-52250.5625,422330.175,-13287.174999999988,13385.75,605226.6875,-14421.8125,514849.525,144657.95,-0.3624999999999998,-0.19999999999999996,0.5750000000000028,0.4375,-1.3499999999999996,0.38749999999998863,0.1625,0.11249999999999982,0.5750000000000002,-0.2124999999999999,-0.7625,-1.0
17459.550000000003,470781.6625,-52358.5625,422791.175,-13493.174999999988,13135.75,604445.6875,-14571.8125,514566.525,144652.95,-0.3624999999999998,-0.19999999999999996,-0.42499999999999716,0.4375,-0.34999999999999964,-0.6125000000000114,-0.8375,0.11249999999999982,0.5750000000000002,-0.2124999999999999,0.2375,1.0
17264.550000000003,471410.6625,-52299.5625,423191.175,-13188.174999999988,13342.75,604630.6875,-14579.8125,514501.525,144479.95,-0.3624999999999998,-0.19999999999999996,0.5750000000000028,1.4375,-1.3499999999999996,-0.6125000000000114,0.1625,1.1124999999999998,-0.4249999999999998,-0.2124999999999999,0.2375,1.0
17351.550000000003,471791.6625,-51982.5625,423306.175,-13038.174999999988,13396.75,605038.6875,-14613.8125,514473.525,144545.95,-0.3624999999999998,-0.19999999999999996,0.5750000000000028,1.4375,-1.3499999999999996,-0.6125000000000114,0.1625,0.11249999999999982,0.5750000000000002,-0.2124999999999999,0.2375,0.0
17313.550000000003,471997.6625,-51955.5625,423037.175,-12950.174999999988,13521.75,605418.6875,-14497.8125,514334.525,144625.95,0.6375000000000002,-0.19999999999999996,-0.42499999999999716,1.4375,-0.34999999999999964,-0.6125000000000114,0.1625,0.11249999999999982,-0.4249999999999998,-0.2124999999999999,0.2375,1.0
17440.550000000003,472428.6625,-52083.5625,422720.175,-13082.174999999988,13660.75,605442.6875,-14399.8125,513742.525,144395.95,-0.3624999999999998,-0.19999999999999996,0.5750000000000028,0.4375,-0.34999999999999964,-0.6125000000000114,-0.8375,0.11249999999999982,0.5750000000000002,-0.2124999999999999,0.2375,-1.0
17796.550000000003,472560.6625,-52070.5625,422316.175,-13266.174999999988,13839.75,605378.6875,-14385.8125,513236.525,144413.95,0.6375000000000002,-1.2,-0.42499999999999716,0.4375,-0.34999999999999964,-0.6125000000000114,-0.8375,-0.8875000000000002,0.5750000000000002,-0.2124999999999999,0.2375,0.0
17577.550000000003,472674.6625,-52211.5625,422024.175,-12869.174999999988,13916.75,605772.6875,-14452.8125,512859.525,143795.95,-0.3624999999999998,-0.19999999999999996,-0.42499999999999716,0.4375,-0.34999999999999964,-0.6125000000000114,-0.8375,0.11249999999999982,0.5750000000000002,-0.2124999999999999,0.2375,0.0
17314.550000000003,472589.6625,-52097.5625,422190.175,-13042.174999999988,13814.75,605128.6875,-14456.8125,512770.525,143861.95,-0.3624999999999998,-0.19999999999999996,-0.42499999999999716,0.4375,-0.34999999999999964,0.38749999999998863,0.1625,0.11249999999999982,-0.4249999999999998,-0.2124999999999999,0.2375,0.0
17398.550000000003,472528.6625,-52136.5625,422251.175,-13037.174999999988,13720.75,604830.6875,-14572.8125,513214.525,143955.95,1.6375000000000002,-0.19999999999999996,-1.4249999999999972,0.4375,-0.34999999999999964,-0.6125000000000114,0.1625,0.11249999999999982,0.5750000000000002,-0.2124999999999999,0.2375,1.0
17452.550000000003,472332.6625,-51947.5625,422739.175,-13000.174999999988,13757.75,605165.6875,-14411.8125,513397.525,144110.95,0.6375000000000002,0.8,-0.42499999999999716,0.4375,-0.34999999999999964,-0.6125000000000114,-0.8375,0.11249999999999982,0.5750000000000002,-0.2124999999999999,0.2375,-1.0
17273.550000000003,472215.6625,-51904.5625,422471.175,-13187.174999999988,13808.75,604895.6875,-14546.8125,513622.525,143893.95,-0.3624999999999998,-0.19999999999999996,-0.42499999999999716,0.4375,-1.3499999999999996,-0.6125000000000114,0.1625,0.11249999999999982,-0.4249999999999998,-1.2125,-0.7625,0.0
17388.550000000003,472193.6625,-51960.5625,422163.175,-13192.174999999988,13634.75,604698.6875,-14526.8125,513596.525,143668.95,0.6375000000000002,-0.19999999999999996,-0.42499999999999716,0.4375,-0.34999999999999964,-1.6125000000000114,0.1625,0.11249999999999982,-0.4249999999999998,-0.2124999999999999,-0.7625,0.0
17637.550000000003,472022.6625,-52228.5625,421854.175,-13311.174999999988,13595.75,604600.6875,-14555.8125,513527.525,143990.95,-0.3624999999999998,-0.19999999999999996,-0.42499999999999716,0.4375,-0.34999999999999964,-0.6125000000000114,-0.8375,-0.8875000000000002,0.5750000000000002,-0.2124999999999999,0.2375,0.0
17917.550000000003,471886.6625,-52319.5625,421659.175,-13109.174999999988,13713.75,605038.6875,-14769.8125,513303.525,143943.95,0.6375000000000002,-0.19999999999999996,-0.42499999999999716,0.4375,-0.34999999999999964,0.38749999999998863,0.1625,0.11249999999999982,0.5750000000000002,-0.2124999999999999,0.2375,1.0
17918.550000000003,472122.6625,-52210.5625,421611.175,-13239.174999999988,13987.75,605311.6875,-14653.8125,513128.525,144125.95,-0.3624999999999998,-0.19999999999999996,-1.4249999999999972,1.4375,0.6500000000000004,-0.6125000000000114,0.1625,0.11249999999999982,-0.4249999999999998,-0.2124999999999999,0.2375,0.0
17914.550000000003,472644.6625,-52267.5625,421156.175,-13335.174999999988,14068.75,605482.6875,-14595.8125,513421.525,144243.95,-0.3624999999999998,0.8,0.5750000000000028,0.4375,-0.34999999999999964,0.38749999999998863,0.1625,0.11249999999999982,-0.4249999999999998,-1.2125,0.2375,0.0
17822.550000000003,472801.6625,-52243.5625,421064.175,-13115.174999999988,14050.75,605998.6875,-14526.8125,513508.525,144363.95,-0.3624999999999998,-0.19999999999999996,0.5750000000000028,1.4375,-1.3499999999999996,0.38749999999998863,0.1625,-0.8875000000000002,-0.4249999999999998,-0.2124999999999999,0.2375,0.0
17893.550000000003,472531.6625,-52289.5625,421001.175,-13073.174999999988,14017.75,606064.6875,-14484.8125,513619.525,144294.95,-0.3624999999999998,-0.19999999999999996,0.5750000000000028,0.4375,-0.34999999999999964,0.38749999999998863,0.1625,-0.8875000000000002,-0.4249999999999998,-0.2124999999999999,-0.7625,-1.0
18055.550000000003,472533.6625,-51886.5625,421061.175,-13282.174999999988,13929.75,605774.6875,-14272.8125,513653.525,144660.95,-0.3624999999999998,0.8,-0.42499999999999716,0.4375,-1.3499999999999996,-0.6125000000000114,-0.8375,-0.8875000000000002,-0.4249999999999998,-0.2124999999999999,-0.7625,0.0
17958.550000000003,471838.6625,-52198.5625,421416.175,-13383.174999999988,13841.75,605858.6875,-14243.8125,513807.525,144581.95,0.6375000000000002,-0.19999999999999996,-0.42499999999999716,0.4375,-1.3499999999999996,-0.6125000000000114,-0.8375,0.11249999999999982,-0.4249999999999998,-0.2124999999999999,0.2375,0.0
17664.550000000003,471626.6625,-52332.5625,421857.175,-13378.174999999988,13914.75,605001.6875,-14422.8125,514048.525,144580.95,-0.3624999999999998,-0.19999999999999996,-0.42499999999999716,1.4375,-0.34999999999999964,-0.6125000000000114,-0.8375,0.11249999999999982,-0.4249999999999998,-1.2125,0.2375,0.0
17561.550000000003,471701.6625,-52236.5625,422321.175,-13087.174999999988,13919.75,604876.6875,-14455.8125,514241.525,144546.95,-0.3624999999999998,-0.19999999999999996,-0.42499999999999716,0.4375,-0.34999999999999964,0.38749999999998863,-0.8375,0.11249999999999982,0.5750000000000002,-0.2124999999999999,0.2375,0.0
17496.550000000003,471505.6625,-52213.5625,422911.175,-13060.174999999988,13738.75,604765.6875,-14484.8125,514521.525,144701.95,0.6375000000000002,-0.19999999999999996,-0.42499999999999716,0.4375,-1.3499999999999996,0.38749999999998863,-0.8375,-0.8875000000000002,0.5750000000000002,-0.2124999999999999,0.2375,1.0
17331.550000000003,471530.6625,-52251.5625,422665.175,-13469.174999999988,13738.75,604813.6875,-14289.8125,514325.525,144755.95,0.6375000000000002,-0.19999999999999996,-0.42499999999999716,0.4375,-0.34999999999999964,0.38749999999998863,0.1625,0.11249999999999982,-0.4249999999999998,-0.2124999999999999,0.2375,0.0
17430.550000000003,471995.6625,-52180.5625,422629.175,-13349.174999999988,13780.75,605144.6875,-14414.8125,513787.525,144010.95,0.6375000000000002,-0.19999999999999996,-0.42499999999999716,0.4375,-1.3499999999999996,0.38749999999998863,0.1625,-0.8875000000000002,-1.4249999999999998,-0.2124999999999999,0.2375,0.0
17466.550000000003,472168.6625,-52184.5625,422294.175,-13400.174999999988,13956.75,604577.6875,-14569.8125,513551.525,144026.95,-0.3624999999999998,-0.19999999999999996,0.5750000000000028,-0.5625,-0.34999999999999964,-0.6125000000000114,0.1625,0.11249999999999982,-0.4249999999999998,-0.2124999999999999,0.2375,0.0
17684.550000000003,473045.6625,-52088.5625,421917.175,-13478.174999999988,14132.75,604176.6875,-14527.8125,513264.525,144118.95,-0.3624999999999998,-0.19999999999999996,0.5750000000000028,1.4375,-1.3499999999999996,-0.6125000000000114,-0.8375,0.11249999999999982,0.5750000000000002,-0.2124999999999999,0.2375,0.0
17512.550000000003,473069.6625,-52105.5625,421729.175,-13078.174999999988,14185.75,605072.6875,-14479.8125,513159.525,143914.95,-0.3624999999999998,-0.19999999999999996,-0.42499999999999716,0.4375,-0.34999999999999964,-0.6125000000000114,0.1625,-0.8875000000000002,-0.4249999999999998,-0.2124999999999999,0.2375,1.0
17508.550000000003,473455.6625,-52293.5625,421558.175,-12851.174999999988,14071.75,605455.6875,-14446.8125,512953.525,143896.95,-0.3624999999999998,0.8,-0.42499999999999716,-0.5625,-0.34999999999999964,-0.6125000000000114,0.1625,0.11249999999999982,-0.4249999999999998,-0.2124999999999999,0.2375,1.0
17456.550000000003,473104.6625,-52068.5625,421903.175,-13058.174999999988,13889.75,604466.6875,-14610.8125,513144.525,144091.95,0.6375000000000002,-1.2,-0.42499999999999716,0.4375,-0.34999999999999964,0.38749999999998863,-0.8375,-0.8875000000000002,-0.4249999999999998,-0.2124999999999999,-0.7625,0.0
17394.550000000003,472972.6625,-51935.5625,422151.175,-13001.174999999988,13950.75,604038.6875,-14626.8125,513584.525,144378.95,-0.3624999999999998,-0.19999999999999996,0.5750000000000028,0.4375,-1.3499999999999996,0.38749999999998863,-0.8375,-0.8875000000000002,-0.4249999999999998,-0.2124999999999999,-0.7625,0.0
17367.550000000003,472455.6625,-52045.5625,422033.175,-12986.174999999988,13883.75,604347.6875,-14526.8125,513981.525,144354.95,-0.3624999999999998,-0.19999999999999996,0.5750000000000028,0.4375,-0.34999999999999964,-0.6125000000000114,0.1625,0.11249999999999982,-0.4249999999999998,-1.2125,0.2375,0.0
