FPI,SPI,AI,SFI,FFI,FPD,SPD,AD,SFD,FFD,API_X,API_Y,API_Z,APD_X,APD_Y,APD_Z,AFD_X,AFD_Y,AFD_Z,AFI_X,AFI_Y,AFI_Z
29502.850000000006,-355.73750000004657,9398.212499999994,63.72500000000582,-2479.5999999999767,12916.424999999988,193.53750000000582,-5192.737499999988,652.6500000000015,-3005.625,0.6000000000000001,0.825,-1.6124999999999972,1.0,0.6375000000000002,-0.7874999999999943,0.3625,0.04999999999999982,-0.3624999999999998,-0.1499999999999999,0.1625,-0.15000000000000568
29547.850000000006,-330.73750000004657,9399.212499999994,5.725000000005821,-2520.5999999999767,13085.424999999988,-495.4624999999942,-5279.737499999988,648.6500000000015,-2892.625,0.6000000000000001,0.825,-0.6124999999999972,1.0,0.6375000000000002,-0.7874999999999943,0.3625,0.04999999999999982,0.6375000000000002,0.8500000000000001,0.1625,-1.1500000000000057
29388.850000000006,-33.737500000046566,9323.212499999994,116.72500000000582,-2365.5999999999767,12967.424999999988,-974.4624999999942,-5208.737499999988,662.6500000000015,-2934.625,0.6000000000000001,0.825,-0.6124999999999972,1.0,0.6375000000000002,-0.7874999999999943,0.3625,0.04999999999999982,-0.3624999999999998,0.8500000000000001,1.1625,-0.15000000000000568
29014.850000000006,205.26249999995343,9322.212499999994,327.7250000000058,-2335.5999999999767,12920.424999999988,-180.46249999999418,-5618.737499999988,724.6500000000015,-3018.625,0.6000000000000001,-0.17500000000000004,1.3875000000000028,0.0,0.6375000000000002,-2.7874999999999943,0.3625,0.04999999999999982,0.6375000000000002,0.8500000000000001,0.1625,0.8499999999999943
29124.850000000006,-90.73750000004657,9435.212499999994,139.72500000000582,-2339.5999999999767,12909.424999999988,101.53750000000582,-5552.737499999988,534.6500000000015,-3068.625,0.6000000000000001,0.825,-0.6124999999999972,0.0,0.6375000000000002,0.21250000000000568,0.3625,-0.9500000000000002,-0.3624999999999998,0.8500000000000001,0.1625,-0.15000000000000568
29399.850000000006,-636.7375000000466,9429.212499999994,163.72500000000582,-2489.5999999999767,12789.424999999988,33.53750000000582,-5541.737499999988,333.65000000000146,-2993.625,0.6000000000000001,-0.17500000000000004,0.38750000000000284,0.0,-0.3624999999999998,0.21250000000000568,0.3625,0.04999999999999982,-0.3624999999999998,-1.15,-0.8375,-1.1500000000000057
29516.850000000006,-506.73750000004657,9363.212499999994,72.72500000000582,-2355.5999999999767,12952.424999999988,267.5375000000058,-5676.737499999988,490.65000000000146,-2731.625,-0.3999999999999999,-0.17500000000000004,1.3875000000000028,0.0,-0.3624999999999998,0.21250000000000568,0.3625,1.0499999999999998,0.6375000000000002,-0.1499999999999999,-0.8375,-0.15000000000000568
29046.850000000006,615.2624999999534,9079.212499999994,-60.27499999999418,-1944.5999999999767,12551.424999999988,967.5375000000058,-5672.737499999988,568.6500000000015,-2744.625,-0.3999999999999999,0.825,-1.6124999999999972,1.0,-0.3624999999999998,-0.7874999999999943,-0.6375,0.04999999999999982,-0.3624999999999998,-1.15,-0.8375,-2.1500000000000057
29437.850000000006,305.26249999995343,8888.212499999994,147.72500000000582,-2041.5999999999767,12745.424999999988,-538.4624999999942,-5408.737499999988,583.6500000000015,-2935.625,0.6000000000000001,-0.17500000000000004,-0.6124999999999972,-1.0,-0.3624999999999998,-0.7874999999999943,0.3625,0.04999999999999982,-0.3624999999999998,-0.1499999999999999,-0.8375,-1.1500000000000057
29379.850000000006,-140.73750000004657,8858.212499999994,-75.27499999999418,-1521.5999999999767,12513.424999999988,-430.4624999999942,-5433.737499999988,409.65000000000146,-3399.625,-0.3999999999999999,0.825,1.3875000000000028,-1.0,-0.3624999999999998,0.21250000000000568,0.3625,-0.9500000000000002,-0.3624999999999998,-0.1499999999999999,0.1625,0.8499999999999943
29258.850000000006,-427.73750000004657,8812.212499999994,183.72500000000582,-1276.5999999999767,12485.424999999988,-416.4624999999942,-5305.737499999988,600.6500000000015,-2932.625,-0.3999999999999999,-0.17500000000000004,-0.6124999999999972,-1.0,-0.3624999999999998,-0.7874999999999943,0.3625,0.04999999999999982,-0.3624999999999998,0.8500000000000001,0.1625,-1.1500000000000057
29321.850000000006,-356.73750000004657,8751.212499999994,139.72500000000582,-1498.5999999999767,12539.424999999988,-932.4624999999942,-5479.737499999988,348.65000000000146,-2660.625,0.6000000000000001,-1.175,0.38750000000000284,0.0,-1.3624999999999998,1.2125000000000057,0.3625,-0.9500000000000002,-0.3624999999999998,0.8500000000000001,0.1625,-0.15000000000000568
29440.850000000006,-424.73750000004657,8714.212499999994,232.72500000000582,-1533.5999999999767,12704.424999999988,-523.4624999999942,-5672.737499999988,376.65000000000146,-2798.625,-0.3999999999999999,-1.175,1.3875000000000028,0.0,-0.3624999999999998,1.2125000000000057,0.3625,0.04999999999999982,-0.3624999999999998,-0.1499999999999999,-0.8375,-0.15000000000000568
29434.850000000006,-450.73750000004657,8814.212499999994,236.72500000000582,-1402.5999999999767,12565.424999999988,444.5375000000058,-5571.737499999988,601.6500000000015,-2668.625,0.6000000000000001,-0.17500000000000004,-0.6124999999999972,-1.0,0.6375000000000002,1.2125000000000057,0.3625,0.04999999999999982,-0.3624999999999998,-0.1499999999999999,-0.8375,-0.15000000000000568
29400.850000000006,-382.73750000004657,8813.212499999994,127.72500000000582,-1372.5999999999767,12388.424999999988,514.5375000000058,-5247.737499999988,493.65000000000146,-2839.625,-1.4,-0.17500000000000004,-1.6124999999999972,-1.0,-1.3624999999999998,1.2125000000000057,0.3625,0.04999999999999982,0.6375000000000002,-0.1499999999999999,-0.8375,-0.15000000000000568
29368.850000000006,-650.7375000000466,8811.212499999994,153.72500000000582,-1830.5999999999767,12465.424999999988,-1028.4624999999942,-5019.737499999988,435.65000000000146,-3002.625,-0.3999999999999999,-0.17500000000000004,-0.6124999999999972,-1.0,-0.3624999999999998,1.2125000000000057,0.3625,0.04999999999999982,0.6375000000000002,-0.1499999999999999,-0.8375,-0.15000000000000568
29434.850000000006,-378.73750000004657,8952.212499999994,20.72500000000582,-1809.5999999999767,12451.424999999988,466.5375000000058,-5378.737499999988,520.6500000000015,-2999.625,-0.3999999999999999,-0.17500000000000004,0.38750000000000284,0.0,0.6375000000000002,0.21250000000000568,0.3625,0.04999999999999982,-0.3624999999999998,-0.1499999999999999,1.1625,0.8499999999999943
29319.850000000006,126.26249999995343,9034.212499999994,71.72500000000582,-1911.5999999999767,12487.424999999988,628.5375000000058,-5664.737499999988,423.65000000000146,-2930.625,-0.3999999999999999,-0.17500000000000004,1.3875000000000028,0.0,-0.3624999999999998,-0.7874999999999943,-0.6375,-0.9500000000000002,0.6375000000000002,-0.1499999999999999,0.1625,0.8499999999999943
29490.850000000006,-234.73750000004657,8977.212499999994,-11.27499999999418,-2356.5999999999767,12471.424999999988,595.5375000000058,-5518.737499999988,537.6500000000015,-3175.625,-0.3999999999999999,-0.17500000000000004,1.3875000000000028,-1.0,0.6375000000000002,0.21250000000000568,-0.6375,0.04999999999999982,-0.3624999999999998,-0.1499999999999999,0.1625,-0.15000000000000568
29642.850000000006,99.26249999995343,9003.212499999994,127.72500000000582,-2483.5999999999767,12597.424999999988,-352.4624999999942,-5526.737499999988,599.6500000000015,-3544.625,-0.3999999999999999,-0.17500000000000004,0.38750000000000284,0.0,-0.3624999999999998,1.2125000000000057,-0.6375,0.04999999999999982,-1.3624999999999998,-0.1499999999999999,0.1625,-0.15000000000000568
29509.850000000006,-187.73750000004657,9111.212499999994,197.72500000000582,-2367.5999999999767,12649.424999999988,-630.4624999999942,-5388.737499999988,734.6500000000015,-3305.625,-0.3999999999999999,0.825,0.38750000000000284,0.0,0.6375000000000002,0.21250000000000568,0.3625,0.04999999999999982,-0.3624999999999998,-0.1499999999999999,0.1625,-1.1500000000000057
29204.850000000006,-230.73750000004657,9360.212499999994,230.72500000000582,-2052.5999999999767,12588.424999999988,50.53750000000582,-5325.737499999988,713.6500000000015,-2962.625,-0.3999999999999999,-0.17500000000000004,0.38750000000000284,0.0,0.6375000000000002,1.2125000000000057,0.3625,0.04999999999999982,0.6375000000000002,-0.1499999999999999,0.1625,-1.1500000000000057
29228.850000000006,87.26249999995343,9266.212499999994,106.72500000000582,-2220.5999999999767,12732.424999999988,128.53750000000582,-5212.737499999988,643.6500000000015,-2943.625,0.6000000000000001,-0.17500000000000004,-0.6124999999999972,0.0,0.6375000000000002,1.2125000000000057,0.3625,0.04999999999999982,-0.3624999999999998,0.8500000000000001,0.1625,-0.15000000000000568
29467.850000000006,354.26249999995343,9125.212499999994,144.72500000000582,-2335.5999999999767,12925.424999999988,-1483.4624999999942,-5223.737499999988,827.6500000000015,-2871.625,-0.3999999999999999,0.825,-1.6124999999999972,1.0,0.6375000000000002,-1.7874999999999943,-0.6375,0.04999999999999982,-0.3624999999999998,-0.1499999999999999,0.1625,-0.15000000000000568
29383.850000000006,-38.737500000046566,9238.212499999994,236.72500000000582,-2431.5999999999767,13008.424999999988,397.5375000000058,-5418.737499999988,705.6500000000015,-2717.625,-0.3999999999999999,0.825,0.38750000000000284,0.0,0.6375000000000002,0.21250000000000568,0.3625,0.04999999999999982,0.6375000000000002,0.8500000000000001,0.1625,-0.15000000000000568
29446.850000000006,-288.73750000004657,9412.212499999994,7.725000000005821,-2336.5999999999767,12972.424999999988,695.5375000000058,-5463.737499999988,638.6500000000015,-2610.625,-0.3999999999999999,-0.17500000000000004,1.3875000000000028,0.0,-0.3624999999999998,-0.7874999999999943,0.3625,0.04999999999999982,0.6375000000000002,-0.1499999999999999,0.1625,0.8499999999999943
29332.850000000006,-196.73750000004657,9395.212499999994,-2.2749999999941792,-2119.5999999999767,12954.424999999988,-565.4624999999942,-5361.737499999988,570.6500000000015,-2652.625,-0.3999999999999999,0.825,0.38750000000000284,1.0,0.6375000000000002,0.21250000000000568,0.3625,0.04999999999999982,0.6375000000000002,-0.1499999999999999,0.1625,-0.15000000000000568
29326.850000000006,-401.73750000004657,9454.212499999994,104.72500000000582,-2109.5999999999767,12948.424999999988,-71.46249999999418,-5457.737499999988,545.6500000000015,-2865.625,0.6000000000000001,0.825,-0.6124999999999972,1.0,0.6375000000000002,0.21250000000000568,0.3625,1.0499999999999998,0.6375000000000002,0.8500000000000001,0.1625,0.8499999999999943
29624.850000000006,-441.73750000004657,9398.212499999994,158.72500000000582,-2051.5999999999767,12999.424999999988,50.53750000000582,-5378.737499999988,707.6500000000015,-3160.625,-0.3999999999999999,0.825,-0.6124999999999972,0.0,0.6375000000000002,0.21250000000000568,0.3625,0.04999999999999982,-0.3624999999999998,-0.1499999999999999,0.1625,-1.1500000000000057
29641.850000000006,-170.73750000004657,9148.212499999994,-94.27499999999418,-2269.5999999999767,13224.424999999988,451.5375000000058,-5522.737499999988,751.6500000000015,-2606.625,0.6000000000000001,-0.17500000000000004,-0.6124999999999972,0.0,-0.3624999999999998,0.21250000000000568,0.3625,0.04999999999999982,-0.3624999999999998,-0.1499999999999999,-0.8375,-0.15000000000000568
29464.850000000006,-55.737500000046566,9189.212499999994,-311.2749999999942,-2568.5999999999767,13067.424999999988,526.5375000000058,-5550.737499999988,666.6500000000015,-2619.625,-0.3999999999999999,-0.17500000000000004,0.38750000000000284,0.0,-0.3624999999999998,0.21250000000000568,0.3625,1.0499999999999998,-0.3624999999999998,0.8500000000000001,0.1625,-0.15000000000000568
29431.850000000006,53.262499999953434,9039.212499999994,101.72500000000582,-2248.5999999999767,12865.424999999988,-107.46249999999418,-5437.737499999988,631.6500000000015,-2308.625,-0.3999999999999999,-0.17500000000000004,0.38750000000000284,-1.0,-1.3624999999999998,0.21250000000000568,0.3625,-0.9500000000000002,0.6375000000000002,-0.1499999999999999,0.1625,-1.1500000000000057
29440.850000000006,113.26249999995343,8891.212499999994,115.72500000000582,-1994.5999999999767,12800.424999999988,103.53750000000582,-5443.737499999988,488.65000000000146,-2302.625,-0.3999999999999999,-1.175,0.38750000000000284,0.0,-1.3624999999999998,-0.7874999999999943,0.3625,0.04999999999999982,-0.3624999999999998,-0.1499999999999999,-0.8375,-0.15000000000000568
29356.850000000006,-339.73750000004657,8816.212499999994,87.72500000000582,-2121.5999999999767,12788.424999999988,-17.46249999999418,-5449.737499999988,649.6500000000015,-2647.625,-0.3999999999999999,-1.175,-0.6124999999999972,0.0,-1.3624999999999998,-0.7874999999999943,0.3625,-0.9500000000000002,0.6375000000000002,0.8500000000000001,-1.8375,-0.15000000000000568
29278.850000000006,-259.73750000004657,8804.212499999994,136.72500000000582,-1865.5999999999767,12589.424999999988,-46.46249999999418,-5620.737499999988,691.6500000000015,-2591.625,-0.3999999999999999,-0.17500000000000004,0.38750000000000284,0.0,-1.3624999999999998,-0.7874999999999943,0.3625,0.04999999999999982,-0.3624999999999998,-0.1499999999999999,-1.8375,0.8499999999999943
29455.850000000006,-146.73750000004657,8721.212499999994,125.72500000000582,-1772.5999999999767,12739.424999999988,-205.46249999999418,-5579.737499999988,491.65000000000146,-2795.625,0.6000000000000001,-0.17500000000000004,-1.6124999999999972,0.0,-0.3624999999999998,0.21250000000000568,-0.6375,0.04999999999999982,-0.3624999999999998,-0.1499999999999999,0.1625,-0.15000000000000568
29611.850000000006,-40.737500000046566,8764.212499999994,56.72500000000582,-1891.5999999999767,12712.424999999988,18.53750000000582,-5351.737499999988,188.65000000000146,-3018.625,-0.3999999999999999,-0.17500000000000004,0.38750000000000284,0.0,-0.3624999999999998,0.21250000000000568,0.3625,-0.9500000000000002,0.6375000000000002,-0.1499999999999999,-0.8375,-1.1500000000000057
29445.850000000006,-3.737500000046566,8870.212499999994,73.72500000000582,-1574.5999999999767,12499.424999999988,-805.4624999999942,-5293.737499999988,340.65000000000146,-3128.625,-0.3999999999999999,-0.17500000000000004,0.38750000000000284,0.0,-0.3624999999999998,0.21250000000000568,0.3625,0.04999999999999982,-0.3624999999999998,-0.1499999999999999,0.1625,-0.15000000000000568
29293.850000000006,-371.73750000004657,8960.212499999994,236.72500000000582,-1739.5999999999767,12451.424999999988,-131.46249999999418,-5309.737499999988,491.65000000000146,-3154.625,-0.3999999999999999,-0.17500000000000004,0.38750000000000284,0.0,0.6375000000000002,0.21250000000000568,-0.6375,0.04999999999999982,-0.3624999999999998,0.8500000000000001,0.1625,-0.15000000000000568
29125.850000000006,-471.73750000004657,9070.212499999994,179.72500000000582,-2016.5999999999767,12400.424999999988,-2361.462499999994,-5382.737499999988,615.6500000000015,-2977.625,0.6000000000000001,-0.17500000000000004,0.38750000000000284,0.0,-0.3624999999999998,-0.7874999999999943,0.3625,0.04999999999999982,-0.3624999999999998,-0.1499999999999999,0.1625,-0.15000000000000568
29260.850000000006,-190.73750000004657,9049.212499999994,130.72500000000582,-2120.5999999999767,12571.424999999988,-289.4624999999942,-5455.737499999988,597.6500000000015,-2761.625,-0.3999999999999999,0.825,0.38750000000000284,-1.0,-0.3624999999999998,-0.7874999999999943,0.3625,0.04999999999999982,0.6375000000000002,-0.1499999999999999,-0.8375,0.8499999999999943
29292.850000000006,-547.7375000000466,9101.212499999994,105.72500000000582,-2384.5999999999767,12547.424999999988,240.53750000000582,-5505.737499999988,438.65000000000146,-2836.625,-0.3999999999999999,0.825,-0.6124999999999972,0.0,-0.3624999999999998,-0.7874999999999943,0.3625,0.04999999999999982,-1.3624999999999998,-0.1499999999999999,-0.8375,0.8499999999999943
29333.850000000006,-180.73750000004657,9067.212499999994,228.72500000000582,-2274.5999999999767,12579.424999999988,219.53750000000582,-5459.737499999988,474.65000000000146,-2990.625,0.6000000000000001,0.825,-1.6124999999999972,-1.0,0.6375000000000002,-0.7874999999999943,-0.6375,1.0499999999999998,-0.3624999999999998,-1.15,0.1625,0.8499999999999943
29402.850000000006,66.26249999995343,9424.212499999994,61.72500000000582,-1829.5999999999767,12483.424999999988,165.53750000000582,-5426.737499999988,521.6500000000015,-2894.625,-0.3999999999999999,0.825,0.38750000000000284,0.0,1.6375000000000002,0.21250000000000568,0.3625,0.04999999999999982,0.6375000000000002,0.8500000000000001,0.1625,0.8499999999999943
29301.850000000006,-479.73750000004657,9357.212499999994,-11.27499999999418,-2038.5999999999767,12407.424999999988,-1389.4624999999942,-5450.737499999988,583.6500000000015,-2883.625,0.6000000000000001,-0.17500000000000004,0.38750000000000284,1.0,0.6375000000000002,0.21250000000000568,0.3625,0.04999999999999982,-0.3624999999999998,-0.1499999999999999,1.1625,-0.15000000000000568
29275.850000000006,-290.73750000004657,9277.212499999994,125.72500000000582,430555.4,12640.424999999988,-966.4624999999942,-5338.737499999988,681.6500000000015,-2751.625,-0.3999999999999999,-0.17500000000000004,0.38750000000000284,0.0,0.6375000000000002,0.21250000000000568,0.3625,0.04999999999999982,-0.3624999999999998,-0.1499999999999999,2.1625,0.8499999999999943
29374.850000000006,-150.73750000004657,9297.212499999994,223.72500000000582,-2199.5999999999767,12827.424999999988,-885.4624999999942,-5429.737499999988,592.6500000000015,-3062.625,-0.3999999999999999,-0.17500000000000004,1.3875000000000028,0.0,-0.3624999999999998,1.2125000000000057,0.3625,-0.9500000000000002,0.6375000000000002,-0.1499999999999999,0.1625,-0.15000000000000568
29288.850000000006,-151.73750000004657,9191.212499999994,270.7250000000058,-2307.5999999999767,12734.424999999988,-171.46249999999418,-5396.737499999988,670.6500000000015,-2493.625,-0.3999999999999999,-0.17500000000000004,0.38750000000000284,0.0,-0.3624999999999998,0.21250000000000568,0.3625,0.04999999999999982,-0.3624999999999998,-0.1499999999999999,0.1625,0.8499999999999943
29160.850000000006,-83.73750000004657,8828.212499999994,462.7250000000058,-2109.5999999999767,12501.424999999988,-587.4624999999942,-5274.737499999988,629.6500000000015,-1897.625,0.6000000000000001,-0.17500000000000004,-0.6124999999999972,1.0,-0.3624999999999998,-0.7874999999999943,-0.6375,0.04999999999999982,-0.3624999999999998,-0.1499999999999999,-0.8375,-0.15000000000000568
29355.850000000006,-117.73750000004657,9124.212499999994,259.7250000000058,-1765.5999999999767,12668.424999999988,-618.4624999999942,-5618.737499999988,678.6500000000015,-2562.625,0.6000000000000001,0.825,0.38750000000000284,1.0,-0.3624999999999998,0.21250000000000568,-0.6375,0.04999999999999982,-0.3624999999999998,0.8500000000000001,0.1625,0.8499999999999943
29428.850000000006,105.26249999995343,9086.212499999994,233.72500000000582,-1803.5999999999767,12896.424999999988,-656.4624999999942,-5538.737499999988,710.6500000000015,-2684.625,0.6000000000000001,-0.17500000000000004,0.38750000000000284,1.0,-0.3624999999999998,-0.7874999999999943,0.3625,0.04999999999999982,-0.3624999999999998,0.8500000000000001,0.1625,-0.15000000000000568
29445.850000000006,-2.737500000046566,8919.212499999994,333.7250000000058,-2138.5999999999767,12899.424999999988,33.53750000000582,-5524.737499999988,553.6500000000015,-2752.625,0.6000000000000001,-0.17500000000000004,0.38750000000000284,1.0,-0.3624999999999998,1.2125000000000057,0.3625,-0.9500000000000002,0.6375000000000002,-0.1499999999999999,1.1625,-0.15000000000000568
28720.850000000006,712.2624999999534,8968.212499999994,252.72500000000582,-2151.5999999999767,12715.424999999988,842.5375000000058,-5643.737499999988,859.6500000000015,-2745.625,0.6000000000000001,-0.17500000000000004,-1.6124999999999972,1.0,-0.3624999999999998,1.2125000000000057,-0.6375,0.04999999999999982,-0.3624999999999998,-0.1499999999999999,0.1625,-0.15000000000000568
29151.850000000006,956.2624999999534,9026.212499999994,68.72500000000582,-1708.5999999999767,12726.424999999988,-309.4624999999942,-5376.737499999988,637.6500000000015,-2840.625,0.6000000000000001,-0.17500000000000004,-0.6124999999999972,0.0,-0.3624999999999998,0.21250000000000568,-0.6375,0.04999999999999982,-0.3624999999999998,-0.1499999999999999,-0.8375,0.8499999999999943
29293.850000000006,518.2624999999534,8869.212499999994,217.72500000000582,-1383.5999999999767,12796.424999999988,880.5375000000058,-5414.737499999988,631.6500000000015,-2872.625,0.6000000000000001,-0.17500000000000004,-0.6124999999999972,0.0,-1.3624999999999998,-1.7874999999999943,-0.6375,0.04999999999999982,-0.3624999999999998,0.8500000000000001,-0.8375,-0.15000000000000568
29353.850000000006,158.26249999995343,8903.212499999994,288.7250000000058,-1605.5999999999767,12779.424999999988,825.5375000000058,-5431.737499999988,615.6500000000015,-2990.625,0.6000000000000001,-0.17500000000000004,-1.6124999999999972,0.0,-0.3624999999999998,-0.7874999999999943,0.3625,0.04999999999999982,0.6375000000000002,-0.1499999999999999,0.1625,-1.1500000000000057
29310.850000000006,-59.737500000046566,8970.212499999994,221.72500000000582,-1661.5999999999767,12823.424999999988,-217.46249999999418,-5483.737499999988,501.65000000000146,-2934.625,0.6000000000000001,-0.17500000000000004,1.3875000000000028,0.0,-0.3624999999999998,-0.7874999999999943,0.3625,0.04999999999999982,0.6375000000000002,-0.1499999999999999,0.1625,-1.1500000000000057
29439.850000000006,266.26249999995343,9028.212499999994,168.72500000000582,-1792.5999999999767,12746.424999999988,-955.4624999999942,-5486.737499999988,557.6500000000015,-3202.625,0.6000000000000001,-1.175,0.38750000000000284,0.0,-0.3624999999999998,0.21250000000000568,-0.6375,0.04999999999999982,0.6375000000000002,-0.1499999999999999,1.1625,-0.15000000000000568
29363.850000000006,82.26249999995343,8960.212499999994,141.72500000000582,-1659.5999999999767,12722.424999999988,-1321.4624999999942,-5398.737499999988,539.6500000000015,-3162.625,-0.3999999999999999,-0.17500000000000004,0.38750000000000284,-1.0,1.6375000000000002,0.21250000000000568,0.3625,-0.9500000000000002,-0.3624999999999998,-0.1499999999999999,0.1625,-0.15000000000000568
29366.850000000006,-184.73750000004657,8934.212499999994,387.7250000000058,-1588.5999999999767,12791.424999999988,82.53750000000582,-5307.737499999988,565.6500000000015,-3114.625,-0.3999999999999999,-1.175,0.38750000000000284,0.0,0.6375000000000002,1.2125000000000057,0.3625,-0.9500000000000002,-1.3624999999999998,0.8500000000000001,0.1625,-0.15000000000000568
29391.850000000006,44.262499999953434,9012.212499999994,336.7250000000058,-1710.5999999999767,12679.424999999988,397.5375000000058,-5448.737499999988,533.6500000000015,-3156.625,-0.3999999999999999,0.825,-1.6124999999999972,0.0,0.6375000000000002,0.21250000000000568,-0.6375,0.04999999999999982,-0.3624999999999998,-0.1499999999999999,0.1625,0.8499999999999943
29464.850000000006,-44.737500000046566,9087.212499999994,262.7250000000058,-1913.5999999999767,12421.424999999988,488.5375000000058,-5647.737499999988,497.65000000000146,-3132.625,-0.3999999999999999,0.825,-0.6124999999999972,-1.0,0.6375000000000002,0.21250000000000568,0.3625,0.04999999999999982,-0.3624999999999998,-0.1499999999999999,0.1625,-0.15000000000000568
29396.850000000006,-284.73750000004657,8998.212499999994,333.7250000000058,-2247.5999999999767,12514.424999999988,593.5375000000058,-5425.737499999988,326.65000000000146,-3333.625,-0.3999999999999999,-0.17500000000000004,-0.6124999999999972,0.0,-0.3624999999999998,-0.7874999999999943,-0.6375,0.04999999999999982,0.6375000000000002,-1.15,0.1625,-0.15000000000000568
29332.850000000006,-304.73750000004657,9089.212499999994,51.72500000000582,-2197.5999999999767,12488.424999999988,-423.4624999999942,-5514.737499999988,408.65000000000146,-3279.625,-0.3999999999999999,-0.17500000000000004,0.38750000000000284,-1.0,-0.3624999999999998,-0.7874999999999943,-0.6375,0.04999999999999982,0.6375000000000002,-0.1499999999999999,0.1625,-0.15000000000000568
29358.850000000006,-259.73750000004657,9118.212499999994,-8.27499999999418,-2359.5999999999767,12304.424999999988,-1595.4624999999942,-5597.737499999988,282.65000000000146,-3382.625,0.6000000000000001,-1.175,0.38750000000000284,-1.0,-0.3624999999999998,0.21250000000000568,0.3625,0.04999999999999982,0.6375000000000002,-1.15,0.1625,-1.1500000000000057
29424.850000000006,-442.73750000004657,9050.212499999994,70.72500000000582,-2325.5999999999767,12282.424999999988,-750.4624999999942,-5372.737499999988,201.65000000000146,-3417.625,-1.4,-1.175,0.38750000000000284,0.0,-0.3624999999999998,0.21250000000000568,0.3625,0.04999999999999982,-0.3624999999999998,-0.1499999999999999,1.1625,0.8499999999999943
29403.850000000006,-403.73750000004657,9103.212499999994,23.72500000000582,-2399.5999999999767,12492.424999999988,58.53750000000582,-5311.737499999988,74.65000000000146,-3596.625,-0.3999999999999999,0.825,0.38750000000000284,0.0,-0.3624999999999998,1.2125000000000057,-0.6375,0.04999999999999982,-0.3624999999999998,-0.1499999999999999,0.1625,0.8499999999999943
29322.850000000006,-336.73750000004657,9057.212499999994,-38.27499999999418,-2537.5999999999767,12253.424999999988,-361.4624999999942,-5532.737499999988,18.650000000001455,-3799.625,-0.3999999999999999,-0.17500000000000004,-0.6124999999999972,0.0,0.6375000000000002,0.21250000000000568,-0.6375,0.04999999999999982,0.6375000000000002,0.8500000000000001,-0.8375,-1.1500000000000057
29195.850000000006,-585.7375000000466,9183.212499999994,-131.27499999999418,-3876.5999999999767,11966.424999999988,-256.4624999999942,-5642.737499999988,42.650000000001455,-4320.625,0.6000000000000001,-0.17500000000000004,-0.6124999999999972,-1.0,-1.3624999999999998,0.21250000000000568,0.3625,0.04999999999999982,0.6375000000000002,0.8500000000000001,0.1625,-0.15000000000000568
28762.850000000006,-487.73750000004657,9720.212499999994,96.72500000000582,-4542.599999999977,11770.424999999988,-2056.462499999994,-5766.737499999988,-16.349999999998545,-5264.625,0.6000000000000001,0.825,2.387500000000003,-1.0,0.6375000000000002,0.21250000000000568,0.3625,0.04999999999999982,0.6375000000000002,-0.1499999999999999,0.1625,2.8499999999999943
28406.850000000006,-48.737500000046566,10032.212499999994,210.72500000000582,-4425.599999999977,11829.424999999988,389.5375000000058,-5597.737499999988,192.65000000000146,-5222.625,-0.3999999999999999,-1.175,2.387500000000003,1.0,-0.3624999999999998,0.21250000000000568,-0.6375,0.04999999999999982,-0.3624999999999998,0.8500000000000001,2.1625,-0.15000000000000568
28680.850000000006,-318.73750000004657,9985.212499999994,-120.27499999999418,-4329.599999999977,12341.424999999988,-390.4624999999942,-5605.737499999988,361.65000000000146,-4292.625,0.6000000000000001,0.825,0.38750000000000284,0.0,-0.3624999999999998,-0.7874999999999943,0.3625,0.04999999999999982,0.6375000000000002,0.8500000000000001,2.1625,-0.15000000000000568
29000.850000000006,-357.73750000004657,10085.212499999994,0.7250000000058208,-4605.599999999977,12764.424999999988,-1039.4624999999942,-5490.737499999988,-117.34999999999854,-4049.625,1.6,-1.175,-0.6124999999999972,-1.0,0.6375000000000002,1.2125000000000057,0.3625,0.04999999999999982,0.6375000000000002,1.85,0.1625,-1.1500000000000057
28909.850000000006,-248.73750000004657,10091.212499999994,161.72500000000582,-4567.599999999977,13290.424999999988,-394.4624999999942,-5643.737499999988,388.65000000000146,-2473.625,-1.4,0.825,2.387500000000003,0.0,-0.3624999999999998,-0.7874999999999943,0.3625,0.04999999999999982,-0.3624999999999998,0.8500000000000001,0.1625,-1.1500000000000057
28867.850000000006,319.26249999995343,9954.212499999994,470.7250000000058,-3899.5999999999767,13791.424999999988,1599.5375000000058,-5865.737499999988,843.6500000000015,-955.625,0.6000000000000001,0.825,-1.6124999999999972,0.0,0.6375000000000002,0.21250000000000568,-0.6375,0.04999999999999982,0.6375000000000002,0.8500000000000001,0.1625,-0.15000000000000568
29586.850000000006,-870.7375000000466,10064.212499999994,-0.27499999999417923,-3895.5999999999767,14692.424999999988,-781.4624999999942,-5825.737499999988,251.65000000000146,-421.625,-0.3999999999999999,-1.175,-0.6124999999999972,0.0,0.6375000000000002,2.2125000000000057,-0.6375,-0.9500000000000002,0.6375000000000002,-1.15,0.1625,0.8499999999999943
29346.850000000006,-119.73750000004657,9989.212499999994,264.7250000000058,-4031.5999999999767,14320.424999999988,116.53750000000582,-5907.737499999988,447.65000000000146,-202.625,-0.3999999999999999,0.825,1.3875000000000028,0.0,-0.3624999999999998,0.21250000000000568,-0.6375,-0.9500000000000002,0.6375000000000002,-0.1499999999999999,0.1625,-0.15000000000000568
29459.850000000006,-193.73750000004657,10024.212499999994,-82.27499999999418,-4059.5999999999767,14277.424999999988,-1720.4624999999942,-5736.737499999988,319.65000000000146,-615.625,-0.3999999999999999,-0.17500000000000004,1.3875000000000028,0.0,-0.3624999999999998,-1.7874999999999943,0.3625,-0.9500000000000002,0.6375000000000002,-0.1499999999999999,0.1625,-0.15000000000000568
29502.850000000006,-147.73750000004657,9974.212499999994,49.72500000000582,-4192.599999999977,14056.424999999988,-592.4624999999942,-5707.737499999988,207.65000000000146,-1028.625,0.6000000000000001,-1.175,-0.6124999999999972,0.0,0.6375000000000002,-0.7874999999999943,-0.6375,0.04999999999999982,-0.3624999999999998,-0.1499999999999999,0.1625,0.8499999999999943
29396.850000000006,-353.73750000004657,9800.212499999994,150.72500000000582,-2995.5999999999767,13647.424999999988,881.5375000000058,-5778.737499999988,540.6500000000015,-1136.625,-0.3999999999999999,-2.175,-1.6124999999999972,0.0,-1.3624999999999998,0.21250000000000568,0.3625,1.0499999999999998,-0.3624999999999998,0.8500000000000001,-0.8375,0.8499999999999943
29278.850000000006,-418.73750000004657,9454.212499999994,-8.27499999999418,-2987.5999999999767,13278.424999999988,572.5375000000058,-5936.737499999988,87.65000000000146,-2117.625,0.6000000000000001,-1.175,-0.6124999999999972,-1.0,-0.3624999999999998,0.21250000000000568,0.3625,0.04999999999999982,-0.3624999999999998,-0.1499999999999999,0.1625,1.8499999999999943
29563.850000000006,-373.73750000004657,9033.212499999994,-117.27499999999418,-3074.5999999999767,12855.424999999988,280.5375000000058,-5669.737499999988,94.65000000000146,-2525.625,-0.3999999999999999,-0.17500000000000004,-0.6124999999999972,0.0,-0.3624999999999998,1.2125000000000057,-0.6375,-0.9500000000000002,-0.3624999999999998,-0.1499999999999999,0.1625,1.8499999999999943
29370.850000000006,-388.73750000004657,8941.212499999994,180.72500000000582,-2993.5999999999767,12714.424999999988,-1074.4624999999942,-5767.737499999988,239.65000000000146,-2748.625,-0.3999999999999999,-0.17500000000000004,-0.6124999999999972,0.0,-0.3624999999999998,2.2125000000000057,-0.6375,0.04999999999999982,-0.3624999999999998,-0.1499999999999999,-0.8375,-0.15000000000000568
29177.850000000006,-383.73750000004657,9014.212499999994,174.72500000000582,-2898.5999999999767,12716.424999999988,-2066.462499999994,-5771.737499999988,396.65000000000146,-2922.625,-0.3999999999999999,-1.175,-0.6124999999999972,0.0,0.6375000000000002,1.2125000000000057,0.3625,-0.9500000000000002,-0.3624999999999998,-1.15,0.1625,-1.1500000000000057
29224.850000000006,-325.73750000004657,9068.212499999994,-296.2749999999942,-2839.5999999999767,12634.424999999988,-1942.4624999999942,-5680.737499999988,342.65000000000146,-3335.625,-0.3999999999999999,-1.175,0.38750000000000284,0.0,-0.3624999999999998,0.21250000000000568,-0.6375,0.04999999999999982,-0.3624999999999998,-1.15,0.1625,-0.15000000000000568
29377.850000000006,-511.73750000004657,9076.212499999994,-351.2749999999942,-2202.5999999999767,12740.424999999988,-1049.4624999999942,-5660.737499999988,250.65000000000146,-3120.625,-0.3999999999999999,0.825,0.38750000000000284,0.0,-0.3624999999999998,0.21250000000000568,0.3625,0.04999999999999982,-0.3624999999999998,-0.1499999999999999,0.1625,-0.15000000000000568
29383.850000000006,-18.737500000046566,9043.212499999994,-118.27499999999418,-2307.5999999999767,12809.424999999988,145.53750000000582,-5757.737499999988,870.6500000000015,-2966.625,0.6000000000000001,-0.17500000000000004,-1.6124999999999972,0.0,-0.3624999999999998,-0.7874999999999943,0.3625,0.04999999999999982,-0.3624999999999998,-1.15,0.1625,-0.15000000000000568
29423.850000000006,-12.737500000046566,9034.212499999994,-5.274999999994179,-2626.5999999999767,12536.424999999988,-9.46249999999418,-5636.737499999988,771.6500000000015,-3101.625,-0.3999999999999999,-0.17500000000000004,-0.6124999999999972,0.0,0.6375000000000002,-0.7874999999999943,-0.6375,0.04999999999999982,-0.3624999999999998,-1.15,0.1625,-1.1500000000000057
29467.850000000006,-232.73750000004657,9019.212499999994,138.72500000000582,-2358.5999999999767,12904.424999999988,-1538.4624999999942,-5486.737499999988,725.6500000000015,-3064.625,-0.3999999999999999,0.825,0.38750000000000284,0.0,-0.3624999999999998,-0.7874999999999943,0.3625,0.04999999999999982,-0.3624999999999998,-0.1499999999999999,0.1625,-0.15000000000000568
29444.850000000006,-246.73750000004657,9155.212499999994,290.7250000000058,-2112.5999999999767,13049.424999999988,-709.4624999999942,-5305.737499999988,593.6500000000015,-2955.625,-0.3999999999999999,-0.17500000000000004,0.38750000000000284,0.0,-0.3624999999999998,0.21250000000000568,0.3625,0.04999999999999982,0.6375000000000002,-0.1499999999999999,0.1625,-0.15000000000000568
29453.850000000006,-120.73750000004657,9318.212499999994,334.7250000000058,-2182.5999999999767,13191.424999999988,-574.4624999999942,-5430.737499999988,637.6500000000015,-2315.625,-0.3999999999999999,-0.17500000000000004,0.38750000000000284,0.0,0.6375000000000002,0.21250000000000568,0.3625,1.0499999999999998,-0.3624999999999998,-0.1499999999999999,0.1625,-0.15000000000000568
29196.850000000006,156.26249999995343,9505.212499999994,309.7250000000058,-3042.5999999999767,13130.424999999988,-599.4624999999942,-5572.737499999988,530.6500000000015,-1779.625,0.6000000000000001,-0.17500000000000004,1.3875000000000028,1.0,1.6375000000000002,0.21250000000000568,-0.6375,0.04999999999999982,0.6375000000000002,-1.15,1.1625,-1.1500000000000057
29121.850000000006,39.262499999953434,9505.212499999994,253.72500000000582,-3259.5999999999767,13134.424999999988,-1203.4624999999942,-5649.737499999988,476.65000000000146,-2159.625,0.6000000000000001,0.825,0.38750000000000284,0.0,0.6375000000000002,-0.7874999999999943,-0.6375,0.04999999999999982,0.6375000000000002,-0.1499999999999999,1.1625,-0.15000000000000568
29175.850000000006,-76.73750000004657,9329.212499999994,260.7250000000058,-3051.5999999999767,13139.424999999988,-60.46249999999418,-5680.737499999988,234.65000000000146,-2551.625,-0.3999999999999999,0.825,-0.6124999999999972,-1.0,0.6375000000000002,-0.7874999999999943,0.3625,0.04999999999999982,-0.3624999999999998,-0.1499999999999999,-0.8375,0.8499999999999943
29194.850000000006,382.26249999995343,9331.212499999994,508.7250000000058,-3569.5999999999767,13029.424999999988,58.53750000000582,-5685.737499999988,202.65000000000146,-2554.625,0.6000000000000001,-0.17500000000000004,-1.6124999999999972,-1.0,-0.3624999999999998,-1.7874999999999943,0.3625,0.04999999999999982,0.6375000000000002,0.8500000000000001,0.1625,-1.1500000000000057
29175.850000000006,134.26249999995343,9252.212499999994,485.7250000000058,-3407.5999999999767,13202.424999999988,-918.4624999999942,-5825.737499999988,290.65000000000146,-2405.625,1.6,0.825,0.38750000000000284,1.0,-0.3624999999999998,-0.7874999999999943,0.3625,0.04999999999999982,-0.3624999999999998,0.8500000000000001,0.1625,0.8499999999999943
29382.850000000006,-522.7375000000466,9071.212499999994,88.72500000000582,-3633.5999999999767,13334.424999999988,-1130.4624999999942,-5875.737499999988,26.650000000001455,-2090.625,0.6000000000000001,0.825,2.387500000000003,1.0,1.6375000000000002,0.21250000000000568,0.3625,0.04999999999999982,-0.3624999999999998,-0.1499999999999999,-0.8375,-0.15000000000000568
29123.850000000006,-378.73750000004657,8959.212499999994,134.72500000000582,-3357.5999999999767,13295.424999999988,-575.4624999999942,-5915.737499999988,168.65000000000146,-2057.625,0.6000000000000001,-0.17500000000000004,1.3875000000000028,0.0,-0.3624999999999998,1.2125000000000057,0.3625,0.04999999999999982,-0.3624999999999998,-0.1499999999999999,0.1625,-0.15000000000000568
29045.850000000006,10.262499999953434,8918.212499999994,136.72500000000582,-3288.5999999999767,13135.424999999988,-271.4624999999942,-5971.737499999988,89.65000000000146,-1946.625,-0.3999999999999999,-0.17500000000000004,1.3875000000000028,1.0,0.6375000000000002,1.2125000000000057,0.3625,0.04999999999999982,-0.3624999999999998,0.8500000000000001,0.1625,0.8499999999999943
29345.850000000006,-363.73750000004657,8591.212499999994,-26.27499999999418,-3431.5999999999767,13246.424999999988,125.53750000000582,-5821.737499999988,-149.34999999999854,-2065.625,0.6000000000000001,0.825,-0.6124999999999972,0.0,-0.3624999999999998,1.2125000000000057,0.3625,0.04999999999999982,-0.3624999999999998,-0.1499999999999999,0.1625,0.8499999999999943
29600.850000000006,-232.73750000004657,8662.212499999994,-170.27499999999418,-3351.5999999999767,12904.424999999988,-1031.4624999999942,-5709.737499999988,-282.34999999999854,-2131.625,0.6000000000000001,-0.17500000000000004,-1.6124999999999972,1.0,-0.3624999999999998,0.21250000000000568,0.3625,0.04999999999999982,-0.3624999999999998,-0.1499999999999999,-0.8375,0.8499999999999943
29477.850000000006,-117.73750000004657,8662.212499999994,53.72500000000582,-3076.5999999999767,13020.424999999988,-1876.4624999999942,-5864.737499999988,-13.349999999998545,-1848.625,0.6000000000000001,-0.17500000000000004,0.38750000000000284,0.0,-0.3624999999999998,0.21250000000000568,0.3625,-0.9500000000000002,-0.3624999999999998,0.8500000000000001,0.1625,-0.15000000000000568
29329.850000000006,-329.73750000004657,8290.212499999994,-11.27499999999418,-3740.5999999999767,13122.424999999988,-504.4624999999942,-6143.737499999988,-334.34999999999854,-2104.625,0.6000000000000001,-0.17500000000000004,-0.6124999999999972,1.0,-0.3624999999999998,0.21250000000000568,0.3625,0.04999999999999982,-0.3624999999999998,-0.1499999999999999,0.1625,0.8499999999999943
29278.850000000006,-378.73750000004657,8135.212499999994,-324.2749999999942,-4162.599999999977,12854.424999999988,-198.46249999999418,-6280.737499999988,-328.34999999999854,-2068.625,0.6000000000000001,-0.17500000000000004,-0.6124999999999972,0.0,-0.3624999999999998,1.2125000000000057,-0.6375,-0.9500000000000002,-0.3624999999999998,-0.1499999999999999,0.1625,-0.15000000000000568
29084.850000000006,-267.73750000004657,8231.212499999994,-387.2749999999942,-4183.599999999977,12462.424999999988,912.5375000000058,-6119.737499999988,-201.34999999999854,-2209.625,-0.3999999999999999,-0.17500000000000004,1.3875000000000028,0.0,-0.3624999999999998,0.21250000000000568,0.3625,0.04999999999999982,0.6375000000000002,-0.1499999999999999,0.1625,-1.1500000000000057
29236.850000000006,-374.73750000004657,8040.212499999994,-282.2749999999942,-4609.599999999977,12275.424999999988,1362.5375000000058,-6170.737499999988,-303.34999999999854,-2391.625,-0.3999999999999999,-0.17500000000000004,-0.6124999999999972,0.0,-0.3624999999999998,1.2125000000000057,0.3625,0.04999999999999982,-0.3624999999999998,-0.1499999999999999,0.1625,0.8499999999999943
29024.850000000006,-376.73750000004657,8026.212499999994,-432.2749999999942,-4896.599999999977,12318.424999999988,229.53750000000582,-6275.737499999988,-717.3499999999985,-2641.625,-0.3999999999999999,-0.17500000000000004,0.38750000000000284,0.0,-0.3624999999999998,1.2125000000000057,0.3625,0.04999999999999982,-0.3624999999999998,-0.1499999999999999,0.1625,-0.15000000000000568
28820.850000000006,115.26249999995343,7983.212499999994,-358.2749999999942,-4930.599999999977,12114.424999999988,78.53750000000582,-6432.737499999988,-507.34999999999854,-3067.625,0.6000000000000001,-0.17500000000000004,0.38750000000000284,0.0,-0.3624999999999998,0.21250000000000568,0.3625,0.04999999999999982,0.6375000000000002,0.8500000000000001,0.1625,-0.15000000000000568
28723.850000000006,-182.73750000004657,7769.212499999994,-122.27499999999418,-6208.599999999977,12049.424999999988,989.5375000000058,-6454.737499999988,-381.34999999999854,-2737.625,-0.3999999999999999,-0.17500000000000004,-0.6124999999999972,0.0,-0.3624999999999998,-0.7874999999999943,-0.6375,0.04999999999999982,0.6375000000000002,-0.1499999999999999,-0.8375,-0.15000000000000568
28456.850000000006,-25.737500000046566,7772.212499999994,-12.27499999999418,-6538.599999999977,11845.424999999988,-884.4624999999942,-6636.737499999988,70.65000000000146,-2679.625,-0.3999999999999999,-1.175,0.38750000000000284,0.0,0.6375000000000002,-0.7874999999999943,0.3625,0.04999999999999982,-0.3624999999999998,-0.1499999999999999,0.1625,-1.1500000000000057
28365.850000000006,95.26249999995343,8036.212499999994,-161.27499999999418,-6765.599999999977,12092.424999999988,-135.46249999999418,-6436.737499999988,190.65000000000146,-2358.625,-0.3999999999999999,-0.17500000000000004,1.3875000000000028,0.0,-0.3624999999999998,0.21250000000000568,0.3625,0.04999999999999982,0.6375000000000002,-0.1499999999999999,0.1625,-0.15000000000000568
28449.850000000006,183.26249999995343,7881.212499999994,-457.2749999999942,-6594.599999999977,12310.424999999988,-73.46249999999418,-6553.737499999988,322.65000000000146,-1955.625,-0.3999999999999999,-0.17500000000000004,-0.6124999999999972,0.0,0.6375000000000002,0.21250000000000568,0.3625,-0.9500000000000002,-0.3624999999999998,-0.1499999999999999,0.1625,-0.15000000000000568
28467.850000000006,-174.73750000004657,8144.212499999994,-224.27499999999418,-7095.599999999977,12849.424999999988,79.53750000000582,-6743.737499999988,627.6500000000015,-835.625,-0.3999999999999999,0.825,-0.6124999999999972,0.0,-1.3624999999999998,0.21250000000000568,-0.6375,0.04999999999999982,-0.3624999999999998,-1.15,-0.8375,0.8499999999999943
28452.850000000006,-197.73750000004657,8483.212499999994,-300.2749999999942,-7499.599999999977,13094.424999999988,-662.4624999999942,-6561.737499999988,485.65000000000146,-664.625,-0.3999999999999999,-0.17500000000000004,1.3875000000000028,-1.0,-0.3624999999999998,-0.7874999999999943,0.3625,0.04999999999999982,-0.3624999999999998,-0.1499999999999999,0.1625,0.8499999999999943
28281.850000000006,256.26249999995343,8631.212499999994,-124.27499999999418,-7373.599999999977,13339.424999999988,-1484.4624999999942,-6503.737499999988,458.65000000000146,-225.625,-0.3999999999999999,-0.17500000000000004,-0.6124999999999972,0.0,-0.3624999999999998,0.21250000000000568,0.3625,0.04999999999999982,-0.3624999999999998,-0.1499999999999999,0.1625,-0.15000000000000568
28298.850000000006,487.26249999995343,8791.212499999994,-260.2749999999942,-7555.599999999977,13477.424999999988,-665.4624999999942,-6593.737499999988,110.65000000000146,-88.625,0.6000000000000001,-1.175,0.38750000000000284,-1.0,-0.3624999999999998,0.21250000000000568,0.3625,0.04999999999999982,0.6375000000000002,-0.1499999999999999,0.1625,0.8499999999999943
28483.850000000006,212.26249999995343,8936.212499999994,-16.27499999999418,-7593.599999999977,13645.424999999988,4.537500000005821,-6709.737499999988,47.650000000001455,182.375,0.6000000000000001,-0.17500000000000004,0.38750000000000284,0.0,-0.3624999999999998,0.21250000000000568,0.3625,0.04999999999999982,-0.3624999999999998,-0.1499999999999999,1.1625,-0.15000000000000568
28496.850000000006,235.26249999995343,8900.212499999994,260.7250000000058,-7752.599999999977,13785.424999999988,-512.4624999999942,-6747.737499999988,129.65000000000146,323.375,1.6,0.825,-1.6124999999999972,2.0,1.6375000000000002,0.21250000000000568,0.3625,0.04999999999999982,-0.3624999999999998,0.8500000000000001,0.1625,-1.1500000000000057
28354.850000000006,614.2624999999534,8801.212499999994,415.7250000000058,-7523.599999999977,13853.424999999988,562.5375000000058,-6664.737499999988,378.65000000000146,740.375,-0.3999999999999999,-1.175,-6.612499999999997,0.0,-0.3624999999999998,-2.7874999999999943,0.3625,1.0499999999999998,-0.3624999999999998,3.85,0.1625,-3.1500000000000057
30224.850000000006,-969.7375000000466,8500.212499999994,-777.2749999999942,-8357.599999999977,14675.424999999988,-554.4624999999942,-6415.737499999988,-167.34999999999854,695.375,0.6000000000000001,-2.175,4.387500000000003,-1.0,-1.3624999999999998,2.2125000000000057,0.3625,0.04999999999999982,1.6375000000000002,-0.1499999999999999,-0.8375,1.8499999999999943
28160.850000000006,853.2624999999534,8552.212499999994,790.7250000000058,-6500.599999999977,13295.424999999988,-130.46249999999418,-6697.737499999988,1258.6500000000015,2345.375,-0.3999999999999999,0.825,-3.612499999999997,0.0,-0.3624999999999998,-4.787499999999994,0.3625,0.04999999999999982,-0.3624999999999998,0.8500000000000001,0.1625,-2.1500000000000057
27514.850000000006,817.2624999999534,8596.212499999994,273.7250000000058,-6954.599999999977,13833.424999999988,-89.46249999999418,-7316.737499999988,416.65000000000146,2378.375,-1.4,-2.175,-2.612499999999997,-1.0,-2.3625,-3.7874999999999943,-0.6375,0.04999999999999982,0.6375000000000002,-0.1499999999999999,0.1625,-1.1500000000000057
30121.850000000006,-838.7375000000466,8326.212499999994,-917.2749999999942,-8285.599999999977,14796.424999999988,-1249.4624999999942,-7137.737499999988,-762.3499999999985,1213.375,0.6000000000000001,-0.17500000000000004,8.387500000000003,1.0,-0.3624999999999998,3.2125000000000057,0.3625,0.04999999999999982,0.6375000000000002,-0.1499999999999999,0.1625,3.8499999999999943
27647.850000000006,-1034.7375000000466,8563.212499999994,31.72500000000582,-6987.599999999977,14795.424999999988,-278.4624999999942,-7466.737499999988,-197.34999999999854,1358.375,-0.3999999999999999,-1.175,-1.6124999999999972,-2.0,0.6375000000000002,-3.7874999999999943,0.3625,0.04999999999999982,-0.3624999999999998,-0.1499999999999999,-0.8375,-2.1500000000000057
28258.850000000006,1213.2624999999534,8913.212499999994,789.7250000000058,-7611.599999999977,14256.424999999988,1281.5375000000058,-7358.737499999988,977.6500000000015,3388.375,0.6000000000000001,0.825,-2.612499999999997,0.0,0.6375000000000002,0.21250000000000568,0.3625,0.04999999999999982,-0.3624999999999998,-0.1499999999999999,-0.8375,0.8499999999999943
29628.850000000006,-610.7375000000466,8572.212499999994,-650.2749999999942,-8798.599999999977,14716.424999999988,-931.4624999999942,-6999.737499999988,-541.3499999999985,1209.375,0.6000000000000001,-0.17500000000000004,3.387500000000003,1.0,-0.3624999999999998,4.212500000000006,0.3625,0.04999999999999982,0.6375000000000002,-0.1499999999999999,-0.8375,1.8499999999999943
28695.850000000006,105.26249999995343,8389.212499999994,-378.2749999999942,-8041.599999999977,13965.424999999988,103.53750000000582,-7012.737499999988,639.6500000000015,2503.375,-0.3999999999999999,0.825,2.387500000000003,0.0,2.6375,-0.7874999999999943,0.3625,-0.9500000000000002,-0.3624999999999998,-0.1499999999999999,1.1625,-1.1500000000000057
28109.850000000006,312.26249999995343,8805.212499999994,-32.27499999999418,-7774.599999999977,13925.424999999988,230.53750000000582,-6939.737499999988,222.65000000000146,2506.375,2.6,-1.175,0.38750000000000284,2.0,0.6375000000000002,1.2125000000000057,0.3625,1.0499999999999998,-0.3624999999999998,0.8500000000000001,0.1625,3.8499999999999943
29129.850000000006,-963.7375000000466,8607.212499999994,-591.2749999999942,-8877.599999999977,14615.424999999988,-474.4624999999942,-6908.737499999988,-436.34999999999854,1751.375,0.6000000000000001,0.825,-0.6124999999999972,0.0,0.6375000000000002,-2.7874999999999943,0.3625,0.04999999999999982,-0.3624999999999998,-0.1499999999999999,1.1625,-2.1500000000000057
28918.850000000006,-320.73750000004657,8717.212499999994,312.7250000000058,-7558.599999999977,14020.424999999988,102.53750000000582,-6760.737499999988,186.65000000000146,2184.375,-0.3999999999999999,-0.17500000000000004,-2.612499999999997,-3.0,-1.3624999999999998,-1.7874999999999943,0.3625,-0.9500000000000002,-0.3624999999999998,0.8500000000000001,1.1625,-0.15000000000000568
29104.850000000006,-670.7375000000466,8668.212499999994,-238.27499999999418,-8613.599999999977,13987.424999999988,-890.4624999999942,-6908.737499999988,138.65000000000146,1984.375,1.6,-0.17500000000000004,2.387500000000003,2.0,1.6375000000000002,0.21250000000000568,-0.6375,0.04999999999999982,-0.3624999999999998,-0.1499999999999999,1.1625,0.8499999999999943
27982.850000000006,-415.73750000004657,8628.212499999994,-52.27499999999418,-8081.599999999977,13708.424999999988,52.53750000000582,-7072.737499999988,538.6500000000015,2369.375,0.6000000000000001,-0.17500000000000004,0.38750000000000284,-1.0,0.6375000000000002,-0.7874999999999943,0.3625,0.04999999999999982,-0.3624999999999998,-0.1499999999999999,0.1625,0.8499999999999943
28744.850000000006,-176.73750000004657,8532.212499999994,1.7250000000058208,-8205.599999999977,14259.424999999988,-257.4624999999942,-7311.737499999988,152.65000000000146,1716.375,1.6,0.825,1.3875000000000028,2.0,0.6375000000000002,-0.7874999999999943,0.3625,0.04999999999999982,-0.3624999999999998,-1.15,-1.8375,-4.150000000000006
27977.850000000006,-392.73750000004657,8460.212499999994,-369.2749999999942,-8500.599999999977,13745.424999999988,-865.4624999999942,-7269.737499999988,309.65000000000146,2304.375,-1.4,-1.175,-0.6124999999999972,-3.0,-1.3624999999999998,0.21250000000000568,0.3625,0.04999999999999982,-0.3624999999999998,0.8500000000000001,0.1625,2.8499999999999943
28208.850000000006,184.26249999995343,8399.212499999994,-509.2749999999942,-7896.599999999977,13891.424999999988,-435.4624999999942,-7167.737499999988,489.65000000000146,2396.375,1.6,2.825,4.387500000000003,2.0,1.6375000000000002,-0.7874999999999943,0.3625,0.04999999999999982,-0.3624999999999998,-0.1499999999999999,-0.8375,-0.15000000000000568
28459.850000000006,-77.73750000004657,8541.212499999994,-151.27499999999418,-8465.599999999977,14134.424999999988,-145.46249999999418,-7153.737499999988,207.65000000000146,2166.375,1.6,3.825,4.387500000000003,4.0,2.6375,-4.787499999999994,0.3625,0.04999999999999982,0.6375000000000002,-2.15,1.1625,0.8499999999999943
29112.850000000006,-439.73750000004657,8339.212499999994,-926.2749999999942,-8505.599999999977,14296.424999999988,309.5375000000058,-7093.737499999988,435.65000000000146,1773.375,-0.3999999999999999,-2.175,-2.612499999999997,-3.0,-2.3625,3.2125000000000057,0.3625,-0.9500000000000002,-0.3624999999999998,1.85,-0.8375,-1.1500000000000057
28285.850000000006,1215.2624999999534,9203.212499999994,222.72500000000582,-7769.599999999977,13515.424999999988,1827.5375000000058,-7224.737499999988,917.6500000000015,2271.375,0.6000000000000001,-0.17500000000000004,-0.6124999999999972,2.0,-1.3624999999999998,-2.7874999999999943,-0.6375,0.04999999999999982,-0.3624999999999998,-0.1499999999999999,-0.8375,1.8499999999999943
28547.850000000006,-21.737500000046566,8555.212499999994,-371.2749999999942,-8469.599999999977,14291.424999999988,1924.5375000000058,-7452.737499999988,713.6500000000015,2106.375,-0.3999999999999999,-0.17500000000000004,-3.612499999999997,-2.0,0.6375000000000002,0.21250000000000568,0.3625,0.04999999999999982,0.6375000000000002,-0.1499999999999999,0.1625,-2.1500000000000057
28531.850000000006,169.26249999995343,8462.212499999994,-289.2749999999942,-8482.599999999977,14433.424999999988,-144.46249999999418,-6904.737499999988,254.65000000000146,2159.375,1.6,1.825,1.3875000000000028,3.0,-0.3624999999999998,-1.7874999999999943,-0.6375,0.04999999999999982,-0.3624999999999998,-0.1499999999999999,-1.8375,-0.15000000000000568
28495.850000000006,106.26249999995343,8600.212499999994,-703.2749999999942,-8756.599999999977,14076.424999999988,-984.4624999999942,-6701.737499999988,471.65000000000146,2632.375,29.6,-28.175,-186.6125,22.0,33.6375,324.2125,0.3625,-0.9500000000000002,0.6375000000000002,6.85,4.1625,-12.150000000000006
31743.850000000006,12400.262499999953,9066.212499999994,-468.2749999999942,-7667.599999999977,29202.42499999999,7931.537500000006,-7318.737499999988,722.6500000000015,2772.375,-7.4,16.825,11.387500000000003,-20.0,-2.3625,-80.7875,0.3625,2.05,1.6375000000000002,1.85,4.1625,-12.150000000000006
57483.850000000006,144661.26249999995,17943.212499999994,-1523.2749999999942,-7595.599999999977,78545.42499999999,206347.5375,-8277.737499999988,396.65000000000146,2144.375,-1.4,10.825,12.387500000000003,37.0,-70.3625,-133.7875,-0.6375,-0.9500000000000002,1.6375000000000002,1.85,-20.8375,-8.150000000000006
90878.85,289021.26249999995,26250.212499999994,2170.725000000006,-5436.599999999977,220959.425,315395.5375,-8520.737499999988,1794.6500000000015,4690.375,-4.4,2.825,0.38750000000000284,-37.0,28.6375,7.212500000000006,-0.6375,-0.9500000000000002,-0.3624999999999998,-11.15,-2.8375,-4.150000000000006
123441.85,326358.26249999995,22822.212499999994,-10.27499999999418,-5552.599999999977,425182.425,355493.5375,-9562.737499999988,1925.6500000000015,8013.375,-2.4,1.825,16.387500000000003,-11.0,-17.3625,-13.787499999999994,0.3625,-0.9500000000000002,1.6375000000000002,2.85,1.1625,1.8499999999999943
146207.85,345735.26249999995,21348.212499999994,-664.2749999999942,-5000.599999999977,524130.425,460901.5375,-7775.737499999988,-1432.3499999999985,4920.375,-3.4,4.825,21.387500000000003,12.0,-3.3625,-12.787499999999994,-0.6375,1.0499999999999998,-0.3624999999999998,-7.15,15.1625,4.849999999999994
145622.85,366896.26249999995,20573.212499999994,-945.2749999999942,-3730.5999999999767,556427.425,555873.5375,-4429.737499999988,467.65000000000146,7962.375,1.6,-6.175,11.387500000000003,26.0,-7.3625,-28.787499999999994,0.3625,0.04999999999999982,-0.3624999999999998,4.85,-0.8375,4.849999999999994
103449.85,215589.26249999995,12432.212499999994,-1222.2749999999942,-3377.5999999999767,323696.425,374863.5375,-5394.737499999988,-292.34999999999854,6938.375,0.6000000000000001,-0.17500000000000004,-11.612499999999997,7.0,-4.3625,-5.787499999999994,0.3625,0.04999999999999982,-0.3624999999999998,3.85,-3.8375,-5.150000000000006
82690.85,147149.26249999995,12475.212499999994,-2401.274999999994,-5464.599999999977,204067.425,308104.5375,-2530.7374999999884,-3323.3499999999985,460.375,-12.4,11.825,0.38750000000000284,-3.0,-0.3624999999999998,1.2125000000000057,0.3625,0.04999999999999982,0.6375000000000002,-0.1499999999999999,-3.8375,-0.15000000000000568
67859.85,104595.26249999995,12451.212499999994,1486.7250000000058,-692.5999999999767,143691.425,246369.5375,-5123.737499999988,1674.6500000000015,4856.375,-3.4,-27.175,-5.612499999999997,-2.0,4.6375,-3.7874999999999943,0.3625,-0.9500000000000002,1.6375000000000002,8.85,4.1625,-6.150000000000006
58904.850000000006,69247.26249999995,8397.212499999994,-30.27499999999418,-1574.5999999999767,121083.42499999999,220465.5375,-4103.737499999988,828.6500000000015,4087.375,3.6,-1.175,3.387500000000003,1.0,-2.3625,-4.787499999999994,-0.6375,-0.9500000000000002,-1.3624999999999998,0.8500000000000001,-2.8375,-8.150000000000006
45549.850000000006,48263.26249999995,6388.212499999994,-1339.2749999999942,-2396.5999999999767,105211.42499999999,198291.5375,-3366.7374999999884,-1440.3499999999985,1440.375,9.6,-12.175,-21.612499999999997,-2.0,-1.3624999999999998,9.212500000000006,-0.6375,0.04999999999999982,-0.3624999999999998,0.8500000000000001,-0.8375,-0.15000000000000568
41095.850000000006,49752.26249999995,6581.212499999994,1205.7250000000058,-993.5999999999767,95309.42499999999,202204.5375,-3734.7374999999884,1568.6500000000015,4288.375,5.6,3.825,3.387500000000003,-5.0,-6.3625,-3.7874999999999943,0.3625,0.04999999999999982,0.6375000000000002,3.85,4.1625,0.8499999999999943
41063.850000000006,46563.26249999995,8321.212499999994,1001.7250000000058,-1686.5999999999767,85027.42499999999,214899.5375,-4438.737499999988,1965.6500000000015,5835.375,-4.4,-2.175,8.387500000000003,1.0,3.6375,-9.787499999999994,0.3625,0.04999999999999982,1.6375000000000002,1.85,4.1625,-0.15000000000000568
53773.850000000006,117767.26249999995,8989.212499999994,-1701.2749999999942,-4817.599999999977,81883.42499999999,206218.5375,-4417.737499999988,-301.34999999999854,3202.375,2.6,-4.175,3.387500000000003,18.0,15.6375,-0.7874999999999943,0.3625,0.04999999999999982,-0.3624999999999998,-1.15,-3.8375,6.849999999999994
53186.850000000006,124724.26249999995,10332.212499999994,-719.2749999999942,-5348.599999999977,79908.42499999999,191555.5375,-5141.737499999988,-1050.3499999999985,806.375,-6.4,-1.175,4.387500000000003,-12.0,2.6375,15.212500000000006,0.3625,0.04999999999999982,1.6375000000000002,-2.15,-1.8375,-1.1500000000000057
44491.850000000006,136622.26249999995,11167.212499999994,1161.7250000000058,-3351.5999999999767,77615.42499999999,267583.5375,-5558.737499999988,787.6500000000015,3433.375,-13.4,2.825,16.387500000000003,4.0,5.6375,-31.787499999999994,0.3625,0.04999999999999982,0.6375000000000002,-1.15,-0.8375,2.8499999999999943
47014.850000000006,145987.26249999995,11844.212499999994,159.72500000000582,-6146.599999999977,23590.42499999999,268611.5375,-4676.737499999988,291.65000000000146,2171.375,1.6,-14.175,-7.612499999999997,-10.0,-6.3625,-58.787499999999994,-0.6375,-0.9500000000000002,0.6375000000000002,2.85,1.1625,5.849999999999994
37617.850000000006,130529.26249999995,12559.212499999994,82.72500000000582,-5734.599999999977,17490.42499999999,290283.5375,-3553.7374999999884,-209.34999999999854,2387.375,12.6,0.825,4.387500000000003,-9.0,-10.3625,-58.787499999999994,-0.6375,0.04999999999999982,-0.3624999999999998,0.8500000000000001,7.1625,0.8499999999999943
21736.850000000006,122120.26249999995,11244.212499999994,-261.2749999999942,-6344.599999999977,8002.424999999988,324813.5375,-2686.7374999999884,839.6500000000015,2150.375,-6.4,10.825,42.3875,-27.0,-3.3625,-4.787499999999994,0.3625,0.04999999999999982,-0.3624999999999998,-1.15,6.1625,-6.150000000000006
15955.850000000006,128245.26249999995,12218.212499999994,451.7250000000058,-4935.599999999977,-3454.5750000000116,354063.5375,-1994.7374999999884,407.65000000000146,2964.375,6.6,-10.175,25.387500000000003,-20.0,21.6375,-26.787499999999994,0.3625,-0.9500000000000002,0.6375000000000002,-3.15,5.1625,-4.150000000000006
2541.850000000006,126212.26249999995,12830.212499999994,539.7250000000058,-4634.599999999977,-13448.575000000012,367120.5375,-2797.7374999999884,1169.6500000000015,3365.375,-6.4,21.825,16.387500000000003,20.0,10.6375,-90.7875,-0.6375,-0.9500000000000002,-0.3624999999999998,2.85,2.1625,1.8499999999999943
-10436.149999999994,133676.26249999995,13196.212499999994,218.72500000000582,-4103.599999999977,-7559.575000000012,357209.5375,-2893.7374999999884,-188.34999999999854,2113.375,-12.4,7.825,-1.6124999999999972,-43.0,-7.3625,30.212500000000006,-0.6375,-1.9500000000000002,0.6375000000000002,-5.15,-0.8375,-6.150000000000006
-24361.149999999994,151460.26249999995,13196.212499999994,-433.2749999999942,-3422.5999999999767,-16979.57500000001,369315.5375,-4144.737499999988,458.65000000000146,4238.375,-3.4,-18.175,-28.612499999999997,49.0,-12.3625,-35.787499999999994,0.3625,0.04999999999999982,2.6375,-1.15,1.1625,-5.150000000000006
-41198.149999999994,162975.26249999995,14131.212499999994,820.7250000000058,-2942.5999999999767,-18675.57500000001,360720.5375,-6245.737499999988,1945.6500000000015,5460.375,1.6,32.825,-2.612499999999997,4.0,15.6375,0.21250000000000568,-0.6375,1.0499999999999998,-0.3624999999999998,2.85,3.1625,-12.150000000000006
-58813.149999999994,175478.26249999995,14254.212499999994,1314.7250000000058,-2416.5999999999767,-19250.57500000001,354547.5375,-5743.737499999988,628.6500000000015,4955.375,-0.3999999999999999,-24.175,-6.612499999999997,20.0,-1.3624999999999998,-50.787499999999994,0.3625,-0.9500000000000002,1.6375000000000002,-1.15,7.1625,-8.150000000000006
-94356.15,188692.26249999995,12744.212499999994,-388.2749999999942,-2403.5999999999767,-16508.57500000001,360518.5375,-7401.737499999988,515.6500000000015,3729.375,2.6,-29.175,-19.612499999999997,-48.0,-2.3625,46.212500000000006,-0.6375,0.04999999999999982,-1.3624999999999998,0.8500000000000001,-3.8375,-1.1500000000000057
-117230.15,200560.26249999995,13528.212499999994,1389.7250000000058,-692.5999999999767,-16634.57500000001,360261.5375,-8980.737499999988,2163.6500000000015,5004.375,-1.4,9.825,-13.612499999999997,42.0,-30.3625,-7.787499999999994,0.3625,-1.9500000000000002,-0.3624999999999998,-2.15,-1.8375,-5.150000000000006
-125951.15,210532.26249999995,11942.212499999994,599.7250000000058,883.4000000000233,-21922.57500000001,354510.5375,-9442.737499999988,979.6500000000015,7041.375,20.6,21.825,-39.6125,-19.0,4.6375,5.212500000000006,0.3625,1.0499999999999998,0.6375000000000002,6.85,7.1625,1.8499999999999943
-113524.15,197128.26249999995,13133.212499999994,-118.27499999999418,-184.59999999997672,-23803.57500000001,351796.5375,-9544.737499999988,-115.34999999999854,5123.375,-11.4,5.825,14.387500000000003,43.0,8.6375,-24.787499999999994,0.3625,-0.9500000000000002,0.6375000000000002,-5.15,-2.8375,-9.150000000000006
-37927.149999999994,105972.26249999995,13435.212499999994,481.7250000000058,1307.4000000000233,-10314.575000000012,334447.5375,-7231.737499999988,1099.6500000000015,5959.375,3.6,-0.17500000000000004,0.38750000000000284,38.0,-4.3625,-9.787499999999994,-0.6375,0.04999999999999982,-1.3624999999999998,-2.15,6.1625,-4.150000000000006
20821.850000000006,16071.262499999953,9761.212499999994,591.7250000000058,1892.4000000000233,85182.42499999999,247624.5375,1252.2625000000116,990.6500000000015,5683.375,-30.4,-61.175,110.3875,-73.0,-8.3625,156.2125,0.3625,1.0499999999999998,-2.3625,-12.15,-33.8375,82.85
26222.850000000006,-1338.7375000000466,9413.212499999994,-946.2749999999942,4078.4000000000233,34340.42499999999,16654.537500000006,23908.26250000001,-1749.3499999999985,6830.375,133.6,-33.175,-228.6125,-86.0,-103.3625,234.2125,1.3625,5.05,-0.3624999999999998,-21.15,-4.8375,22.849999999999994
24340.850000000006,19251.262499999953,5963.212499999994,3445.725000000006,3049.4000000000233,8584.424999999988,47357.537500000006,6118.262500000012,5288.6500000000015,9849.375,94.6,-15.175,-208.6125,-74.0,3.6375,-54.787499999999994,-0.6375,2.05,2.6375,6.85,-7.8375,25.849999999999994
200881.85,289225.26249999995,-1243.7875000000058,428.7250000000058,-8946.599999999977,163769.425,190071.5375,-1334.7374999999884,-2901.3499999999985,-4311.625,-47.4,77.825,213.3875,112.0,-43.3625,-178.7875,-2.6375,-1.9500000000000002,0.6375000000000002,25.85,6.1625,61.849999999999994
358209.85,351492.26249999995,1306.2124999999942,-2287.274999999994,-5174.599999999977,524602.425,304819.5375,22546.26250000001,-1776.3499999999985,-13550.625,64.6,-72.175,-90.6125,23.0,-3.3625,-54.787499999999994,0.3625,-1.9500000000000002,0.6375000000000002,-29.15,-3.8375,26.849999999999994
185656.85,330744.26249999995,-3580.787500000006,-1928.2749999999942,92.40000000002328,916782.425,338823.5375,-11135.737499999988,-1773.3499999999985,-12956.625,-9.4,-15.175,27.387500000000003,-125.0,12.6375,57.212500000000006,1.3625,0.04999999999999982,1.6375000000000002,34.85,-73.8375,20.849999999999994
130845.85,290774.26249999995,-55669.787500000006,2881.725000000006,3417.4000000000233,763460.425,345275.5375,-163268.7375,327.65000000000146,-3635.625,8.6,66.825,1.3875000000000028,20.0,-30.3625,-56.787499999999994,-1.6375,2.05,-2.3625,1.85,-14.8375,-24.150000000000006
119224.85,325045.26249999995,-73540.7875,1025.7250000000058,28341.400000000023,148174.425,291249.5375,-182100.7375,-7566.3499999999985,-14653.625,10.6,3.825,-23.612499999999997,110.0,-24.3625,-43.787499999999994,-0.6375,-1.9500000000000002,1.6375000000000002,39.85,18.1625,4.849999999999994
92779.85,283382.26249999995,-62633.787500000006,-2565.274999999994,-15630.599999999977,381958.425,256623.5375,-93625.73749999999,1895.6500000000015,-11558.625,-13.4,10.825,35.3875,-74.0,9.6375,45.212500000000006,0.3625,1.0499999999999998,-0.3624999999999998,-9.15,14.1625,5.849999999999994
113404.85,242787.26249999995,-39045.787500000006,-454.2749999999942,6696.400000000023,305574.425,279840.5375,-39938.73749999999,2028.6500000000015,-6772.625,5.6,-27.175,-21.612499999999997,48.0,-0.3624999999999998,27.212500000000006,0.3625,0.04999999999999982,0.6375000000000002,16.85,5.1625,5.849999999999994
115725.85,241352.26249999995,-18149.787500000006,1221.7250000000058,4659.400000000023,103709.42499999999,208903.5375,11196.262500000012,-1711.3499999999985,-13608.625,-8.4,-9.175,8.387500000000003,-53.0,-0.3624999999999998,35.212500000000006,0.3625,0.04999999999999982,-0.3624999999999998,3.85,-1.8375,-28.150000000000006
90404.85,224103.26249999995,-24272.787500000006,-253.27499999999418,3973.4000000000233,188786.425,264618.5375,8082.262500000012,1900.6500000000015,-9572.625,20.6,-6.175,-5.612499999999997,46.0,3.6375,-49.787499999999994,0.3625,1.0499999999999998,-1.3624999999999998,4.85,-1.8375,-7.150000000000006
73268.85,207420.26249999995,-26514.787500000006,-1206.2749999999942,763.4000000000233,128157.42499999999,237092.5375,-7511.737499999988,-217.34999999999854,-14146.625,17.6,19.825,-7.612499999999997,-20.0,1.6375000000000002,9.212500000000006,-0.6375,0.04999999999999982,-1.3624999999999998,3.85,9.1625,1.8499999999999943
81087.85,223108.26249999995,-33032.787500000006,498.7250000000058,2544.4000000000233,113765.42499999999,210394.5375,-16120.737499999988,2303.6500000000015,-11394.625,-4.4,-7.175,4.387500000000003,18.0,23.6375,-7.787499999999994,0.3625,-0.9500000000000002,0.6375000000000002,2.85,16.1625,8.849999999999994
76804.85,242785.26249999995,-31735.787500000006,527.7250000000058,1671.4000000000233,90173.42499999999,252313.5375,-11817.737499999988,762.6500000000015,-12320.625,-4.4,-4.175,1.3875000000000028,-7.0,9.6375,-2.7874999999999943,-0.6375,0.04999999999999982,-0.3624999999999998,3.85,-0.8375,-0.15000000000000568
72994.85,257779.26249999995,-27849.787500000006,139.72500000000582,242.40000000002328,84547.42499999999,272646.5375,8577.262500000012,538.6500000000015,-13204.625,11.6,21.825,-20.612499999999997,17.0,-14.3625,-21.787499999999994,0.3625,0.04999999999999982,-0.3624999999999998,5.85,-16.8375,-8.150000000000006
77321.85,294705.26249999995,-26349.787500000006,27393.725000000006,1600.4000000000233,85037.42499999999,274471.5375,3800.2625000000116,54.650000000001455,-12884.625,-5.4,-3.175,9.387500000000003,-12.0,-11.3625,-1.7874999999999943,0.3625,0.04999999999999982,1.6375000000000002,-2.15,-3.8375,-9.150000000000006
67262.85,282780.26249999995,-16923.787500000006,98527.725,-32658.599999999977,83267.42499999999,306297.5375,-9138.737499999988,23364.65,-1428.625,-3.4,15.825,9.387500000000003,-2.0,8.6375,34.212500000000006,-0.6375,0.04999999999999982,-0.3624999999999998,0.8500000000000001,-4.8375,-0.15000000000000568
40841.850000000006,306261.26249999995,-11285.787500000006,154197.725,-39602.59999999998,77077.42499999999,310617.5375,-26154.73749999999,135966.65,82851.375,5.6,-14.175,-17.612499999999997,11.0,1.6375000000000002,-21.787499999999994,0.3625,0.04999999999999982,0.6375000000000002,5.85,-10.8375,4.849999999999994
26389.850000000006,324064.26249999995,-10295.787500000006,219661.725,-29339.599999999977,83650.42499999999,366772.5375,-30740.73749999999,168373.65,95800.375,-18.4,9.825,53.3875,-14.0,2.6375,10.212500000000006,-0.6375,0.04999999999999982,0.6375000000000002,-0.1499999999999999,-8.8375,-13.150000000000006
31560.850000000006,323406.26249999995,-11593.787500000006,297482.725,-19863.599999999977,84303.42499999999,376935.5375,-38274.73749999999,242614.65,100226.375,3.6,-1.175,-32.6125,7.0,3.6375,3.2125000000000057,-0.6375,-1.9500000000000002,-0.3624999999999998,-16.15,-3.8375,-13.150000000000006
25581.850000000006,373447.26249999995,-12349.787500000006,333897.725,-18231.599999999977,73347.42499999999,401224.5375,-38044.73749999999,286942.65,73095.375,-4.4,-6.175,-0.6124999999999972,-8.0,4.6375,-3.7874999999999943,-0.6375,-0.9500000000000002,0.6375000000000002,6.85,-3.8375,3.8499999999999943
13528.850000000006,372791.26249999995,-14311.787500000006,353728.725,-45594.59999999998,70866.42499999999,435120.5375,-30615.73749999999,340326.65,88280.375,-1.4,5.825,-0.6124999999999972,-4.0,-9.3625,8.212500000000006,0.3625,0.04999999999999982,-0.3624999999999998,20.85,10.1625,9.849999999999994
10311.850000000006,371380.26249999995,-17161.787500000006,355803.725,-18310.599999999977,67812.42499999999,448499.5375,-24944.73749999999,375740.65,108457.375,-2.4,-1.175,2.387500000000003,-2.0,12.6375,5.212500000000006,-0.6375,-0.9500000000000002,-1.3624999999999998,-10.15,-1.8375,-15.150000000000006
-8243.149999999994,327683.26249999995,-17583.787500000006,353567.725,-5260.599999999977,74427.42499999999,393349.5375,-18980.73749999999,392364.65,71409.375,-7.4,1.825,12.387500000000003,-11.0,-1.3624999999999998,8.212500000000006,-0.6375,0.04999999999999982,-1.3624999999999998,-31.15,2.1625,-19.150000000000006
-13079.149999999994,302198.26249999995,-19839.787500000006,349810.725,-4610.599999999977,77770.42499999999,369009.5375,-18082.73749999999,368134.65,39422.375,-1.4,0.825,4.387500000000003,8.0,4.6375,4.212500000000006,-0.6375,1.0499999999999998,0.6375000000000002,27.85,-3.8375,17.849999999999994
-22871.149999999994,276750.26249999995,-20268.787500000006,321658.725,-7038.599999999977,70711.42499999999,327780.5375,-17472.73749999999,338001.65,7562.375,1.6,-3.175,-1.6124999999999972,-8.0,-0.3624999999999998,6.212500000000006,0.3625,0.04999999999999982,0.6375000000000002,-0.1499999999999999,1.1625,10.849999999999994
-17409.149999999994,273958.26249999995,-19729.787500000006,313140.725,-10562.599999999977,63447.42499999999,320134.5375,-17215.73749999999,333178.65,17434.375,5.6,-6.175,2.387500000000003,4.0,2.6375,-2.7874999999999943,0.3625,1.0499999999999998,0.6375000000000002,-10.15,4.1625,-2.1500000000000057
-24557.149999999994,268372.26249999995,-20510.787500000006,301805.725,19264.400000000023,62592.42499999999,322373.5375,-17623.73749999999,326361.65,14573.375,-2.4,1.825,11.387500000000003,-8.0,5.6375,5.212500000000006,-0.6375,0.04999999999999982,-0.3624999999999998,-4.15,3.1625,-4.150000000000006
-14448.149999999994,263793.26249999995,-21303.787500000006,310426.725,955.4000000000233,60217.42499999999,316333.5375,-16667.73749999999,330774.65,16720.375,1.6,3.825,-1.6124999999999972,-2.0,4.6375,9.212500000000006,0.3625,0.04999999999999982,1.6375000000000002,8.85,0.1625,7.849999999999994
-8545.149999999994,275898.26249999995,-20279.787500000006,298936.725,-16373.599999999977,48475.42499999999,320642.5375,-17048.73749999999,324331.65,-3127.625,9.6,-13.175,-17.612499999999997,24.0,-0.3624999999999998,-14.787499999999994,0.3625,0.04999999999999982,0.6375000000000002,3.85,-1.8375,-1.1500000000000057
-35862.149999999994,301168.26249999995,-20908.787500000006,285222.725,-1074.5999999999767,49124.42499999999,343786.5375,-17685.73749999999,312213.65,-15248.625,-2.4,6.825,2.387500000000003,-5.0,-2.3625,-5.787499999999994,-0.6375,-0.9500000000000002,-0.3624999999999998,-16.15,5.1625,-11.150000000000006
-20976.149999999994,305628.26249999995,-20793.787500000006,299364.725,7334.400000000023,36671.42499999999,347844.5375,-17430.73749999999,324540.65,-1515.625,0.6000000000000001,-4.175,3.387500000000003,2.0,-4.3625,-4.787499999999994,-0.6375,0.04999999999999982,0.6375000000000002,26.85,-0.8375,1.8499999999999943
-38310.149999999994,318472.26249999995,-18781.787500000006,313330.725,-12301.599999999977,28431.42499999999,363201.5375,-17001.73749999999,330389.65,-3005.625,5.6,-2.175,-4.612499999999997,10.0,-8.3625,-17.787499999999994,0.3625,0.04999999999999982,-0.3624999999999998,-15.15,3.1625,-12.150000000000006
-52299.149999999994,316627.26249999995,-19336.787500000006,332213.725,9455.400000000023,55161.42499999999,364278.5375,-18222.73749999999,335676.65,-16152.625,-0.3999999999999999,-1.175,4.387500000000003,-5.0,-6.3625,-3.7874999999999943,-1.6375,-0.9500000000000002,-1.3624999999999998,-21.15,4.1625,-11.150000000000006
-41387.149999999994,316090.26249999995,-19813.787500000006,349860.725,1456.4000000000233,61077.42499999999,362970.5375,-17987.73749999999,350220.65,-4925.625,-0.3999999999999999,1.825,4.387500000000003,6.0,-2.3625,-7.787499999999994,0.3625,0.04999999999999982,1.6375000000000002,26.85,0.1625,7.849999999999994
-40498.149999999994,322337.26249999995,-19190.787500000006,347454.725,-7088.599999999977,47020.42499999999,377509.5375,-17560.73749999999,349717.65,1971.375,4.6,-3.175,-6.612499999999997,5.0,-2.3625,-15.787499999999994,0.3625,-0.9500000000000002,-0.3624999999999998,-9.15,2.1625,-12.150000000000006
-62386.149999999994,331432.26249999995,-20260.787500000006,340136.725,14464.400000000023,55837.42499999999,380577.5375,-18064.73749999999,342467.65,-10392.625,1.6,-3.175,-0.6124999999999972,-2.0,-6.3625,1.2125000000000057,0.3625,0.04999999999999982,-0.3624999999999998,9.85,-0.8375,3.8499999999999943
-61276.149999999994,317961.26249999995,-20691.787500000006,347500.725,28198.400000000023,74508.42499999999,379217.5375,-18241.73749999999,346590.65,-8048.625,-0.3999999999999999,0.825,-1.6124999999999972,2.0,0.6375000000000002,-9.787499999999994,0.3625,-0.9500000000000002,-0.3624999999999998,5.85,-3.8375,4.849999999999994
-41826.149999999994,301604.26249999995,-20398.787500000006,350713.725,15173.400000000023,75540.42499999999,359035.5375,-18317.73749999999,354673.65,-12571.625,1.6,-4.175,-4.612499999999997,-10.0,-2.3625,4.212500000000006,-0.6375,-1.9500000000000002,-0.3624999999999998,-18.15,4.1625,-16.150000000000006
-37727.149999999994,295308.26249999995,-19888.787500000006,342630.725,1144.4000000000233,68688.42499999999,360077.5375,-18214.73749999999,349561.65,-8103.625,-0.3999999999999999,-1.175,8.387500000000003,12.0,-1.3624999999999998,-4.787499999999994,-0.6375,0.04999999999999982,0.6375000000000002,19.85,1.1625,10.849999999999994
-51286.149999999994,303866.26249999995,-19410.787500000006,301124.725,-18528.599999999977,58415.42499999999,372822.5375,-18134.73749999999,333368.65,-13621.625,-1.4,-1.175,6.387500000000003,-6.0,-0.3624999999999998,12.212500000000006,-0.6375,0.04999999999999982,-0.3624999999999998,-11.15,-0.8375,-13.150000000000006
-62010.149999999994,322181.26249999995,-19651.787500000006,282252.725,-5495.599999999977,55937.42499999999,383056.5375,-18030.73749999999,315969.65,-33532.625,3.6,-2.175,-7.612499999999997,4.0,3.6375,-0.7874999999999943,-0.6375,0.04999999999999982,-0.3624999999999998,-2.15,1.1625,-1.1500000000000057
-60448.149999999994,313403.26249999995,-20095.787500000006,287741.725,-4685.599999999977,56883.42499999999,372583.5375,-17807.73749999999,313494.65,-42754.625,-2.4,2.825,1.3875000000000028,-2.0,1.6375000000000002,2.2125000000000057,-0.6375,0.04999999999999982,0.6375000000000002,-0.1499999999999999,1.1625,1.8499999999999943
-57647.149999999994,301101.26249999995,-20720.787500000006,300798.725,-5348.599999999977,57685.42499999999,358150.5375,-17934.73749999999,324794.65,-39750.625,-0.3999999999999999,-0.17500000000000004,-1.6124999999999972,1.0,-0.3624999999999998,0.21250000000000568,0.3625,-0.9500000000000002,0.6375000000000002,-2.15,-0.8375,1.8499999999999943
-54763.149999999994,294956.26249999995,-20304.787500000006,317735.725,1365.4000000000233,59225.42499999999,345481.5375,-17993.73749999999,333468.65,-32707.625,-2.4,0.825,1.3875000000000028,-2.0,-0.3624999999999998,1.2125000000000057,-0.6375,0.04999999999999982,0.6375000000000002,-2.15,1.1625,0.8499999999999943
-53225.149999999994,296449.26249999995,-19807.787500000006,325619.725,1534.4000000000233,59314.42499999999,342770.5375,-17972.73749999999,339627.65,-26386.625,-1.4,-0.17500000000000004,2.387500000000003,-2.0,-1.3624999999999998,1.2125000000000057,0.3625,0.04999999999999982,0.6375000000000002,-2.15,0.1625,-0.15000000000000568
-57884.149999999994,309606.26249999995,-19734.787500000006,326562.725,-20.599999999976717,58457.42499999999,364465.5375,-17912.73749999999,337180.65,-25004.625,0.6000000000000001,-1.175,-3.612499999999997,-2.0,-0.3624999999999998,2.2125000000000057,0.3625,0.04999999999999982,-0.3624999999999998,-1.15,-0.8375,0.8499999999999943
-57362.149999999994,321041.26249999995,-19896.787500000006,308839.725,-2589.5999999999767,58583.42499999999,373027.5375,-18030.73749999999,331800.65,-26608.625,-1.4,-0.17500000000000004,0.38750000000000284,-1.0,1.6375000000000002,0.21250000000000568,-0.6375,0.04999999999999982,-0.3624999999999998,-1.15,0.1625,0.8499999999999943
-55780.149999999994,328605.26249999995,-19624.787500000006,302098.725,-4107.599999999977,58571.42499999999,379279.5375,-18045.73749999999,327631.65,-23843.625,-0.3999999999999999,0.825,-1.6124999999999972,0.0,1.6375000000000002,0.21250000000000568,-0.6375,0.04999999999999982,0.6375000000000002,-1.15,-0.8375,0.8499999999999943
-52799.149999999994,330812.26249999995,-19535.787500000006,298007.725,-5146.599999999977,58565.42499999999,383951.5375,-17850.73749999999,326138.65,-21293.625,0.6000000000000001,-0.17500000000000004,-2.612499999999997,-1.0,-0.3624999999999998,1.2125000000000057,0.3625,-0.9500000000000002,0.6375000000000002,-0.1499999999999999,0.1625,0.8499999999999943
-48430.149999999994,330103.26249999995,-19684.787500000006,296867.725,-5494.599999999977,59147.42499999999,383857.5375,-17537.73749999999,326699.65,-17793.625,-0.3999999999999999,-0.17500000000000004,1.3875000000000028,1.0,-1.3624999999999998,-1.7874999999999943,0.3625,-0.9500000000000002,-0.3624999999999998,-0.1499999999999999,0.1625,0.8499999999999943
-42750.149999999994,322285.26249999995,-19535.787500000006,298316.725,-6793.599999999977,59535.42499999999,380872.5375,-17524.73749999999,326720.65,-14479.625,0.6000000000000001,0.825,-2.612499999999997,-1.0,-1.3624999999999998,0.21250000000000568,0.3625,0.04999999999999982,-0.3624999999999998,-0.1499999999999999,-0.8375,-1.1500000000000057
-40710.149999999994,328330.26249999995,-19415.787500000006,298379.725,-8782.599999999977,56516.42499999999,378276.5375,-17543.73749999999,324411.65,-13659.625,0.6000000000000001,0.825,0.38750000000000284,0.0,-0.3624999999999998,0.21250000000000568,-0.6375,0.04999999999999982,-0.3624999999999998,0.8500000000000001,0.1625,-0.15000000000000568
-41848.149999999994,334162.26249999995,-19170.787500000006,297091.725,-9115.599999999977,54396.42499999999,378867.5375,-17783.73749999999,321363.65,-13247.625,0.6000000000000001,-0.17500000000000004,0.38750000000000284,1.0,-0.3624999999999998,0.21250000000000568,0.3625,0.04999999999999982,-0.3624999999999998,-0.1499999999999999,0.1625,1.8499999999999943
-44962.149999999994,338164.26249999995,-18951.787500000006,295169.725,-9600.599999999977,53140.42499999999,380914.5375,-17641.73749999999,315848.65,-14460.625,0.6000000000000001,0.825,0.38750000000000284,1.0,-0.3624999999999998,0.21250000000000568,-0.6375,0.04999999999999982,0.6375000000000002,-0.1499999999999999,0.1625,0.8499999999999943
-46197.149999999994,339383.26249999995,-18923.787500000006,294886.725,-10039.599999999977,52387.42499999999,380131.5375,-17600.73749999999,314931.65,-19221.625,0.6000000000000001,0.825,-0.6124999999999972,1.0,-0.3624999999999998,-0.7874999999999943,-0.6375,0.04999999999999982,-0.3624999999999998,-0.1499999999999999,0.1625,-0.15000000000000568
-46414.149999999994,336793.26249999995,-19215.787500000006,296995.725,-10471.599999999977,51959.42499999999,373949.5375,-17400.73749999999,316009.65,-21127.625,-0.3999999999999999,-0.17500000000000004,0.38750000000000284,1.0,-0.3624999999999998,0.21250000000000568,0.3625,0.04999999999999982,0.6375000000000002,-1.15,0.1625,-0.15000000000000568
-45251.149999999994,328867.26249999995,-19464.787500000006,301733.725,-9509.599999999977,51997.42499999999,366609.5375,-17367.73749999999,319000.65,-21473.625,0.6000000000000001,-0.17500000000000004,0.38750000000000284,0.0,-0.3624999999999998,0.21250000000000568,-0.6375,0.04999999999999982,0.6375000000000002,-1.15,1.1625,-0.15000000000000568
-45010.149999999994,321924.26249999995,-19716.787500000006,305638.725,-9129.599999999977,51700.42499999999,365707.5375,-17044.73749999999,322474.65,-21634.625,0.6000000000000001,0.825,-1.6124999999999972,1.0,0.6375000000000002,-0.7874999999999943,0.3625,0.04999999999999982,0.6375000000000002,0.8500000000000001,0.1625,-0.15000000000000568
-46243.149999999994,319338.26249999995,-20064.787500000006,308216.725,-8478.599999999977,50305.42499999999,368345.5375,-16741.73749999999,325537.65,-22352.625,0.6000000000000001,-0.17500000000000004,-0.6124999999999972,1.0,-0.3624999999999998,0.21250000000000568,0.3625,0.04999999999999982,0.6375000000000002,-0.1499999999999999,0.1625,-1.1500000000000057
-47386.149999999994,317473.26249999995,-20435.787500000006,311125.725,-6620.599999999977,50471.42499999999,369911.5375,-16669.73749999999,331070.65,-22972.625,-0.3999999999999999,0.825,1.3875000000000028,1.0,0.6375000000000002,1.2125000000000057,0.3625,0.04999999999999982,0.6375000000000002,0.8500000000000001,0.1625,-0.15000000000000568
-47092.149999999994,316029.26249999995,-20119.787500000006,313057.725,-4220.599999999977,50916.42499999999,366848.5375,-16346.737499999988,332247.65,-21684.625,1.6,-2.175,-0.6124999999999972,1.0,-1.3624999999999998,2.2125000000000057,0.3625,0.04999999999999982,-0.3624999999999998,0.8500000000000001,-0.8375,-1.1500000000000057
-46939.149999999994,319175.26249999995,-20359.787500000006,310791.725,-4132.599999999977,51165.42499999999,367564.5375,-16496.73749999999,330290.65,-22431.625,-0.3999999999999999,3.825,3.387500000000003,0.0,-1.3624999999999998,0.21250000000000568,-0.6375,-0.9500000000000002,-0.3624999999999998,0.8500000000000001,-0.8375,0.8499999999999943
-46379.149999999994,321194.26249999995,-20239.787500000006,307386.725,-4467.599999999977,51215.42499999999,368937.5375,-15718.737499999988,328569.65,-23194.625,1.6,-0.17500000000000004,-3.612499999999997,0.0,-2.3625,0.21250000000000568,-0.6375,0.04999999999999982,-0.3624999999999998,0.8500000000000001,0.1625,-0.15000000000000568
-45293.149999999994,322762.26249999995,-20179.787500000006,303745.725,-4924.599999999977,51572.42499999999,370017.5375,-15393.737499999988,325114.65,-23210.625,-0.3999999999999999,-0.17500000000000004,-1.6124999999999972,0.0,-1.3624999999999998,-1.7874999999999943,0.3625,0.04999999999999982,-0.3624999999999998,-0.1499999999999999,-0.8375,-1.1500000000000057
-44266.149999999994,324662.26249999995,-20165.787500000006,300337.725,-4898.599999999977,52219.42499999999,373215.5375,-15214.737499999988,323451.65,-22446.625,0.6000000000000001,-1.175,-0.6124999999999972,0.0,-0.3624999999999998,1.2125000000000057,-0.6375,-0.9500000000000002,-0.3624999999999998,0.8500000000000001,-0.8375,-1.1500000000000057
-43959.149999999994,326912.26249999995,-20085.787500000006,298336.725,-5316.599999999977,52099.42499999999,375333.5375,-15381.737499999988,322971.65,-22617.625,-0.3999999999999999,0.825,1.3875000000000028,-1.0,-1.3624999999999998,0.21250000000000568,-0.6375,0.04999999999999982,-0.3624999999999998,-0.1499999999999999,0.1625,-0.15000000000000568
-45374.149999999994,329014.26249999995,-19783.787500000006,300084.725,-4742.599999999977,51788.42499999999,373293.5375,-14919.737499999988,324350.65,-21708.625,-0.3999999999999999,-0.17500000000000004,-0.6124999999999972,-1.0,-0.3624999999999998,-0.7874999999999943,0.3625,-0.9500000000000002,-0.3624999999999998,-1.15,0.1625,-0.15000000000000568
-45772.149999999994,329300.26249999995,-19644.787500000006,301271.725,-5062.599999999977,51448.42499999999,372117.5375,-15036.737499999988,324966.65,-22184.625,-0.3999999999999999,-0.17500000000000004,0.38750000000000284,-1.0,-0.3624999999999998,0.21250000000000568,0.3625,0.04999999999999982,0.6375000000000002,-0.1499999999999999,0.1625,-0.15000000000000568
-45688.149999999994,328125.26249999995,-19615.787500000006,301901.725,-5470.599999999977,51198.42499999999,369448.5375,-15298.737499999988,326009.65,-22981.625,-0.3999999999999999,0.825,0.38750000000000284,-1.0,-1.3624999999999998,-1.7874999999999943,0.3625,0.04999999999999982,0.6375000000000002,-1.15,0.1625,-0.15000000000000568
-45560.149999999994,324195.26249999995,-19780.787500000006,302452.725,-5758.599999999977,51211.42499999999,366978.5375,-15252.737499999988,326625.65,-23188.625,-0.3999999999999999,0.825,-0.6124999999999972,0.0,-0.3624999999999998,-0.7874999999999943,0.3625,0.04999999999999982,-0.3624999999999998,-1.15,0.1625,-0.15000000000000568
-45548.149999999994,322769.26249999995,-19765.787500000006,303201.725,-5787.599999999977,51187.42499999999,368682.5375,-14954.737499999988,327441.65,-23233.625,-1.4,0.825,0.38750000000000284,0.0,-0.3624999999999998,0.21250000000000568,-0.6375,0.04999999999999982,0.6375000000000002,-0.1499999999999999,0.1625,1.8499999999999943
-45694.149999999994,322516.26249999995,-19669.787500000006,303809.725,-5567.599999999977,51180.42499999999,370308.5375,-14956.737499999988,328356.65,-23048.625,0.6000000000000001,0.825,-0.6124999999999972,0.0,-0.3624999999999998,-0.7874999999999943,-0.6375,0.04999999999999982,-0.3624999999999998,-1.15,0.1625,-0.15000000000000568
-46017.149999999994,323605.26249999995,-19646.787500000006,304587.725,-5467.599999999977,51107.42499999999,371973.5375,-14982.737499999988,328561.65,-22241.625,-0.3999999999999999,0.825,-0.6124999999999972,0.0,-0.3624999999999998,-0.7874999999999943,0.3625,1.0499999999999998,-0.3624999999999998,0.8500000000000001,-0.8375,-0.15000000000000568
-46456.149999999994,325517.26249999995,-19565.787500000006,304164.725,-5314.599999999977,51248.42499999999,371912.5375,-14828.737499999988,326714.65,-22472.625,-1.4,0.825,0.38750000000000284,0.0,-0.3624999999999998,0.21250000000000568,-0.6375,0.04999999999999982,0.6375000000000002,-0.1499999999999999,0.1625,1.8499999999999943
-46227.149999999994,326603.26249999995,-19701.787500000006,302999.725,-5032.599999999977,51393.42499999999,370471.5375,-14915.737499999988,325850.65,-22694.625,-0.3999999999999999,-0.17500000000000004,-0.6124999999999972,0.0,1.6375000000000002,1.2125000000000057,-0.6375,0.04999999999999982,-0.3624999999999998,-1.15,0.1625,-0.15000000000000568
-46249.149999999994,327461.26249999995,-19487.787500000006,301450.725,-5407.599999999977,51603.42499999999,370349.5375,-14988.737499999988,324696.65,-22945.625,-0.3999999999999999,-0.17500000000000004,0.38750000000000284,0.0,0.6375000000000002,0.21250000000000568,0.3625,0.04999999999999982,0.6375000000000002,-0.1499999999999999,0.1625,-0.15000000000000568
-46096.149999999994,327929.26249999995,-19458.787500000006,300483.725,-5584.599999999977,51550.42499999999,372699.5375,-14869.737499999988,324148.65,-23046.625,0.6000000000000001,0.825,-0.6124999999999972,0.0,-0.3624999999999998,-0.7874999999999943,-0.6375,0.04999999999999982,0.6375000000000002,-0.1499999999999999,0.1625,-0.15000000000000568
-46056.149999999994,327796.26249999995,-19650.787500000006,300346.725,-5986.599999999977,51613.42499999999,372058.5375,-14952.737499999988,324374.65,-22977.625,0.6000000000000001,0.825,0.38750000000000284,-1.0,-0.3624999999999998,0.21250000000000568,0.3625,0.04999999999999982,-0.3624999999999998,-0.1499999999999999,-0.8375,-1.1500000000000057
-46318.149999999994,327516.26249999995,-19637.787500000006,301669.725,-5482.599999999977,51610.42499999999,369537.5375,-14941.737499999988,325261.65,-22132.625,0.6000000000000001,-0.17500000000000004,0.38750000000000284,0.0,-0.3624999999999998,-0.7874999999999943,-0.6375,0.04999999999999982,0.6375000000000002,-1.15,0.1625,-0.15000000000000568
-46749.149999999994,327933.26249999995,-19454.787500000006,302528.725,-5737.599999999977,51561.42499999999,368526.5375,-14916.737499999988,326781.65,-22685.625,0.6000000000000001,-0.17500000000000004,-0.6124999999999972,0.0,-0.3624999999999998,-0.7874999999999943,0.3625,0.04999999999999982,-0.3624999999999998,-0.1499999999999999,0.1625,0.8499999999999943
-47205.149999999994,327024.26249999995,-19430.787500000006,303516.725,-5391.599999999977,51430.42499999999,370500.5375,-15285.737499999988,327450.65,-22718.625,0.6000000000000001,-0.17500000000000004,0.38750000000000284,0.0,-0.3624999999999998,0.21250000000000568,0.3625,0.04999999999999982,-0.3624999999999998,-0.1499999999999999,0.1625,-0.15000000000000568
-46816.149999999994,325190.26249999995,-19599.787500000006,303680.725,-5461.599999999977,51396.42499999999,371069.5375,-15145.737499999988,328070.65,-22185.625,-0.3999999999999999,-0.17500000000000004,-0.6124999999999972,1.0,-0.3624999999999998,0.21250000000000568,0.3625,0.04999999999999982,0.6375000000000002,-0.1499999999999999,-0.8375,0.8499999999999943
-46485.149999999994,324214.26249999995,-19621.787500000006,303320.725,-5586.599999999977,51527.42499999999,369798.5375,-15102.737499999988,328589.65,-21979.625,0.6000000000000001,-1.175,0.38750000000000284,1.0,-0.3624999999999998,1.2125000000000057,-0.6375,1.0499999999999998,0.6375000000000002,0.8500000000000001,-0.8375,-0.15000000000000568
-46265.149999999994,323659.26249999995,-19712.787500000006,302859.725,-5676.599999999977,51574.42499999999,370553.5375,-15040.737499999988,328791.65,-22105.625,0.6000000000000001,-0.17500000000000004,-0.6124999999999972,0.0,-0.3624999999999998,1.2125000000000057,0.3625,0.04999999999999982,-0.3624999999999998,-0.1499999999999999,-0.8375,-0.15000000000000568
-46197.149999999994,322929.26249999995,-19666.787500000006,303022.725,-5825.599999999977,51638.42499999999,371822.5375,-15300.737499999988,329460.65,-22171.625,0.6000000000000001,0.825,0.38750000000000284,1.0,-1.3624999999999998,0.21250000000000568,0.3625,-0.9500000000000002,-0.3624999999999998,0.8500000000000001,1.1625,-0.15000000000000568
-46532.149999999994,322941.26249999995,-19762.787500000006,303998.725,-5368.599999999977,51718.42499999999,372463.5375,-15165.737499999988,329438.65,-22434.625,0.6000000000000001,-0.17500000000000004,0.38750000000000284,1.0,-0.3624999999999998,0.21250000000000568,0.3625,0.04999999999999982,-0.3624999999999998,0.8500000000000001,0.1625,-0.15000000000000568
-46903.149999999994,324063.26249999995,-19791.787500000006,304014.725,-5477.599999999977,51677.42499999999,372291.5375,-15125.737499999988,329094.65,-22539.625,0.6000000000000001,-0.17500000000000004,0.38750000000000284,-1.0,-0.3624999999999998,0.21250000000000568,0.3625,0.04999999999999982,-0.3624999999999998,-0.1499999999999999,0.1625,0.8499999999999943
-47087.149999999994,324953.26249999995,-19674.787500000006,304124.725,-5344.599999999977,51662.42499999999,370277.5375,-15209.737499999988,328500.65,-22760.625,0.6000000000000001,-0.17500000000000004,-0.6124999999999972,0.0,-0.3624999999999998,-0.7874999999999943,-0.6375,0.04999999999999982,-0.3624999999999998,-0.1499999999999999,0.1625,0.8499999999999943
-47127.149999999994,325399.26249999995,-19521.787500000006,303895.725,-5071.599999999977,51628.42499999999,370411.5375,-15128.737499999988,327984.65,-22658.625,-0.3999999999999999,0.825,0.38750000000000284,0.0,0.6375000000000002,0.21250000000000568,0.3625,0.04999999999999982,-0.3624999999999998,-0.1499999999999999,0.1625,0.8499999999999943
-46850.149999999994,326713.26249999995,-19710.787500000006,303352.725,-5505.599999999977,51528.42499999999,370701.5375,-15034.737499999988,327673.65,-22247.625,-0.3999999999999999,0.825,0.38750000000000284,0.0,-0.3624999999999998,0.21250000000000568,0.3625,0.04999999999999982,0.6375000000000002,-0.1499999999999999,0.1625,-1.1500000000000057
-46873.149999999994,327329.26249999995,-19738.787500000006,302540.725,-5508.599999999977,51760.42499999999,369848.5375,-15170.737499999988,326697.65,-22349.625,0.6000000000000001,0.825,0.38750000000000284,0.0,0.6375000000000002,-0.7874999999999943,-0.6375,-0.9500000000000002,0.6375000000000002,-0.1499999999999999,-0.8375,-1.1500000000000057
-46854.149999999994,327959.26249999995,-19430.787500000006,301837.725,-5432.599999999977,51725.42499999999,372789.5375,-15275.737499999988,326348.65,-22570.625,-0.3999999999999999,-0.17500000000000004,-0.6124999999999972,0.0,-0.3624999999999998,0.21250000000000568,-0.6375,0.04999999999999982,-0.3624999999999998,-1.15,0.1625,-1.1500000000000057
-46886.149999999994,328481.26249999995,-19474.787500000006,301274.725,-5322.599999999977,51751.42499999999,373230.5375,-15103.737499999988,326284.65,-22485.625,-0.3999999999999999,-0.17500000000000004,-0.6124999999999972,-1.0,-0.3624999999999998,0.21250000000000568,0.3625,0.04999999999999982,0.6375000000000002,-1.15,-0.8375,-0.15000000000000568
-46868.149999999994,328932.26249999995,-19509.787500000006,300882.725,-5375.599999999977,51767.42499999999,370643.5375,-14937.737499999988,326192.65,-22120.625,-0.3999999999999999,-0.17500000000000004,-0.6124999999999972,-1.0,-1.3624999999999998,0.21250000000000568,0.3625,0.04999999999999982,-0.3624999999999998,-0.1499999999999999,0.1625,-0.15000000000000568
-46654.149999999994,328508.26249999995,-19645.787500000006,300392.725,-5643.599999999977,51754.42499999999,370975.5375,-15087.737499999988,326375.65,-21933.625,-0.3999999999999999,-0.17500000000000004,-0.6124999999999972,-1.0,-1.3624999999999998,0.21250000000000568,-0.6375,-0.9500000000000002,-0.3624999999999998,-0.1499999999999999,0.1625,-0.15000000000000568
-46665.149999999994,327901.26249999995,-19687.787500000006,300034.725,-5231.599999999977,51697.42499999999,371253.5375,-14855.737499999988,326777.65,-21895.625,-0.3999999999999999,-0.17500000000000004,-0.6124999999999972,0.0,-0.3624999999999998,-0.7874999999999943,0.3625,0.04999999999999982,-0.3624999999999998,-0.1499999999999999,0.1625,-0.15000000000000568
-46361.149999999994,326633.26249999995,-19546.787500000006,300023.725,-6058.599999999977,51726.42499999999,371050.5375,-14912.737499999988,327988.65,-21892.625,0.6000000000000001,-0.17500000000000004,0.38750000000000284,0.0,-1.3624999999999998,0.21250000000000568,0.3625,0.04999999999999982,0.6375000000000002,-1.15,0.1625,0.8499999999999943
-46440.149999999994,325638.26249999995,-19666.787500000006,300308.725,-5993.599999999977,51677.42499999999,370324.5375,-14977.737499999988,328225.65,-21863.625,-0.3999999999999999,-0.17500000000000004,-0.6124999999999972,0.0,-0.3624999999999998,0.21250000000000568,-0.6375,0.04999999999999982,-0.3624999999999998,-1.15,1.1625,2.8499999999999943
-46579.149999999994,325396.26249999995,-19603.787500000006,300863.725,-5981.599999999977,51477.42499999999,369139.5375,-14918.737499999988,328513.65,-22258.625,1.6,0.825,2.387500000000003,0.0,0.6375000000000002,1.2125000000000057,0.3625,0.04999999999999982,-0.3624999999999998,-4.15,0.1625,-3.1500000000000057
-46727.149999999994,325524.26249999995,-19462.787500000006,302341.725,-6039.599999999977,51414.42499999999,368753.5375,-14630.737499999988,328762.65,-22447.625,1.6,-0.17500000000000004,-0.6124999999999972,1.0,-1.3624999999999998,1.2125000000000057,0.3625,0.04999999999999982,-0.3624999999999998,0.8500000000000001,0.1625,3.8499999999999943
-47123.149999999994,326734.26249999995,-19429.787500000006,302597.725,-5790.599999999977,51523.42499999999,368622.5375,-14577.737499999988,328903.65,-22001.625,-0.3999999999999999,0.825,-0.6124999999999972,0.0,1.6375000000000002,1.2125000000000057,-0.6375,0.04999999999999982,-0.3624999999999998,-1.15,-0.8375,-0.15000000000000568
-47611.149999999994,327889.26249999995,-19345.787500000006,302585.725,-5996.599999999977,51522.42499999999,370875.5375,-14436.737499999988,327777.65,-21896.625,0.6000000000000001,-0.17500000000000004,-2.612499999999997,0.0,2.6375,-0.7874999999999943,0.3625,0.04999999999999982,0.6375000000000002,0.8500000000000001,0.1625,4.849999999999994
-47514.149999999994,328435.26249999995,-19376.787500000006,302147.725,-6401.599999999977,51582.42499999999,371066.5375,-14450.737499999988,327116.65,-22176.625,0.6000000000000001,-0.17500000000000004,0.38750000000000284,0.0,1.6375000000000002,0.21250000000000568,0.3625,0.04999999999999982,-0.3624999999999998,0.8500000000000001,1.1625,2.8499999999999943
-47299.149999999994,328758.26249999995,-19168.787500000006,301521.725,-6455.599999999977,51672.42499999999,369711.5375,-14251.737499999988,326743.65,-22448.625,0.6000000000000001,1.825,-0.6124999999999972,0.0,-2.3625,0.21250000000000568,0.3625,-0.9500000000000002,-0.3624999999999998,-0.1499999999999999,1.1625,-1.1500000000000057
-48091.149999999994,329266.26249999995,-19287.787500000006,300971.725,-6374.599999999977,51991.42499999999,370353.5375,-14465.737499999988,326794.65,-21990.625,-0.3999999999999999,-0.17500000000000004,2.387500000000003,-1.0,-0.3624999999999998,0.21250000000000568,-0.6375,0.04999999999999982,-0.3624999999999998,-0.1499999999999999,0.1625,0.8499999999999943
-48050.149999999994,328483.26249999995,-19338.787500000006,301660.725,-5937.599999999977,51979.42499999999,368344.5375,-14547.737499999988,327524.65,-21883.625,0.6000000000000001,0.825,-0.6124999999999972,1.0,0.6375000000000002,0.21250000000000568,-0.6375,-0.9500000000000002,-0.3624999999999998,0.8500000000000001,0.1625,-0.15000000000000568
-47956.149999999994,327614.26249999995,-19303.787500000006,302041.725,-6175.599999999977,51850.42499999999,366962.5375,-14485.737499999988,328636.65,-21832.625,1.6,-0.17500000000000004,-1.6124999999999972,1.0,-0.3624999999999998,-0.7874999999999943,0.3625,0.04999999999999982,-0.3624999999999998,-0.1499999999999999,0.1625,-1.1500000000000057
-47969.149999999994,326684.26249999995,-19376.787500000006,302720.725,-6677.599999999977,51783.42499999999,367877.5375,-14442.737499999988,329255.65,-21954.625,0.6000000000000001,-0.17500000000000004,2.387500000000003,1.0,-1.3624999999999998,-0.7874999999999943,0.3625,0.04999999999999982,-0.3624999999999998,0.8500000000000001,0.1625,-0.15000000000000568
-47770.149999999994,325434.26249999995,-19482.787500000006,303516.725,-6577.599999999977,51753.42499999999,368127.5375,-14449.737499999988,330082.65,-22164.625,0.6000000000000001,-0.17500000000000004,0.38750000000000284,1.0,-1.3624999999999998,-0.7874999999999943,-0.6375,0.04999999999999982,-0.3624999999999998,-0.1499999999999999,0.1625,-2.1500000000000057
-48116.149999999994,324530.26249999995,-19669.787500000006,303830.725,-6778.599999999977,51654.42499999999,367401.5375,-14672.737499999988,330846.65,-22459.625,-0.3999999999999999,0.825,-0.6124999999999972,-1.0,-0.3624999999999998,0.21250000000000568,0.3625,0.04999999999999982,-0.3624999999999998,0.8500000000000001,-0.8375,-0.15000000000000568
-47655.149999999994,324799.26249999995,-19591.787500000006,303640.725,-6400.599999999977,51585.42499999999,367415.5375,151019.2625,329933.65,-22054.625,0.6000000000000001,-0.17500000000000004,-0.6124999999999972,0.0,-1.3624999999999998,-0.7874999999999943,-0.6375,0.04999999999999982,0.6375000000000002,-0.1499999999999999,0.1625,-1.1500000000000057
-47451.149999999994,325273.26249999995,-19519.787500000006,301998.725,-6201.599999999977,51747.42499999999,368650.5375,-634764.7375,329004.65,-22054.625,-0.3999999999999999,-0.17500000000000004,0.38750000000000284,0.0,-0.3624999999999998,0.21250000000000568,-0.6375,-0.9500000000000002,-0.3624999999999998,-0.1499999999999999,0.1625,-0.15000000000000568
-47373.149999999994,327225.26249999995,-19509.787500000006,300604.725,-6048.599999999977,51916.42499999999,370079.5375,-14346.737499999988,328068.65,-22223.625,-0.3999999999999999,0.825,0.38750000000000284,0.0,0.6375000000000002,-0.7874999999999943,0.3625,0.04999999999999982,0.6375000000000002,-0.1499999999999999,0.1625,-1.1500000000000057
-47154.149999999994,328558.26249999995,-19469.787500000006,299189.725,-6065.599999999977,51927.42499999999,372645.5375,-14306.737499999988,327491.65,-21817.625,-0.3999999999999999,-0.17500000000000004,-0.6124999999999972,-1.0,-1.3624999999999998,1.2125000000000057,0.3625,-0.9500000000000002,0.6375000000000002,-0.1499999999999999,0.1625,-0.15000000000000568
-46838.149999999994,328997.26249999995,-19331.787500000006,298383.725,-6557.599999999977,52007.42499999999,371731.5375,-14253.737499999988,327183.65,-21428.625,3.6,-1.175,3.387500000000003,4.0,5.6375,1.2125000000000057,-0.6375,-0.9500000000000002,-0.3624999999999998,-1.15,0.1625,10.849999999999994
-46707.149999999994,329131.26249999995,-19365.787500000006,298111.725,-6670.599999999977,51978.42499999999,371309.5375,-14151.737499999988,326885.65,-21365.625,-1.4,-1.175,-1.6124999999999972,-1.0,4.6375,-10.787499999999994,0.3625,0.04999999999999982,-0.3624999999999998,-1.15,0.1625,4.849999999999994
-46884.149999999994,328907.26249999995,-19192.787500000006,298190.725,-6840.599999999977,51891.42499999999,372349.5375,-13908.737499999988,327502.65,-21581.625,-1.4,1.825,2.387500000000003,0.0,-3.3625,0.21250000000000568,-0.6375,0.04999999999999982,0.6375000000000002,3.85,0.1625,1.8499999999999943
-47378.149999999994,328972.26249999995,-19187.787500000006,298990.725,-6973.599999999977,51661.42499999999,371243.5375,-13573.737499999988,327998.65,-21718.625,2.6,5.825,3.387500000000003,-1.0,-7.3625,-0.7874999999999943,0.3625,1.0499999999999998,0.6375000000000002,-0.1499999999999999,1.1625,0.8499999999999943
-47976.149999999994,328686.26249999995,-19151.787500000006,301217.725,-6928.599999999977,51621.42499999999,370787.5375,-13428.737499999988,328375.65,-22053.625,1.6,3.825,4.387500000000003,-2.0,-2.3625,-5.787499999999994,0.3625,1.0499999999999998,-0.3624999999999998,-1.15,-3.8375,3.8499999999999943
-47991.149999999994,327743.26249999995,-19187.787500000006,301781.725,-6982.599999999977,51577.42499999999,366798.5375,-13398.737499999988,328589.65,-22167.625,-0.3999999999999999,1.825,2.387500000000003,0.0,-0.3624999999999998,-9.787499999999994,0.3625,0.04999999999999982,-0.3624999999999998,-3.15,0.1625,-1.1500000000000057
-48118.149999999994,327181.26249999995,-19199.787500000006,301489.725,-7231.599999999977,51548.42499999999,367770.5375,-13677.737499999988,329004.65,-22317.625,0.6000000000000001,0.825,2.387500000000003,-1.0,-1.3624999999999998,-2.7874999999999943,-0.6375,0.04999999999999982,-0.3624999999999998,-0.1499999999999999,0.1625,0.8499999999999943
-48080.149999999994,326836.26249999995,-19001.787500000006,301367.725,-7060.599999999977,51536.42499999999,368635.5375,-13684.737499999988,329516.65,-22333.625,0.6000000000000001,2.825,0.38750000000000284,-1.0,-3.3625,0.21250000000000568,-0.6375,0.04999999999999982,-0.3624999999999998,0.8500000000000001,0.1625,-3.1500000000000057
-48019.149999999994,327705.26249999995,-19010.787500000006,301544.725,-6898.599999999977,51536.42499999999,369463.5375,-13580.737499999988,329289.65,-21729.625,-0.3999999999999999,0.825,2.387500000000003,-1.0,-1.3624999999999998,2.2125000000000057,-0.6375,0.04999999999999982,-0.3624999999999998,-0.1499999999999999,-1.8375,-2.1500000000000057
-47904.149999999994,328838.26249999995,-19122.787500000006,301585.725,-6761.599999999977,51619.42499999999,371467.5375,-13665.737499999988,328659.65,-21824.625,0.6000000000000001,0.825,1.3875000000000028,0.0,-0.3624999999999998,-0.7874999999999943,-0.6375,0.04999999999999982,-0.3624999999999998,-0.1499999999999999,-0.8375,-0.15000000000000568
-48181.149999999994,329376.26249999995,-19149.787500000006,301378.725,-6730.599999999977,51808.42499999999,370779.5375,-13791.737499999988,328140.65,-21604.625,0.6000000000000001,-1.175,-0.6124999999999972,0.0,0.6375000000000002,-3.7874999999999943,-0.6375,-0.9500000000000002,-0.3624999999999998,-0.1499999999999999,0.1625,-1.1500000000000057
-48372.149999999994,330274.26249999995,-19113.787500000006,300025.725,-6900.599999999977,51983.42499999999,369920.5375,-13685.737499999988,327351.65,-21490.625,-0.3999999999999999,-0.17500000000000004,-3.612499999999997,0.0,-1.3624999999999998,0.21250000000000568,0.3625,0.04999999999999982,-0.3624999999999998,0.8500000000000001,1.1625,-3.1500000000000057
-47833.149999999994,329879.26249999995,-19083.787500000006,299588.725,-7029.599999999977,52037.42499999999,369330.5375,-13579.737499999988,327116.65,-21843.625,1.6,-2.175,0.38750000000000284,0.0,-2.3625,2.2125000000000057,0.3625,0.04999999999999982,-0.3624999999999998,-0.1499999999999999,0.1625,-0.15000000000000568
-47632.149999999994,328686.26249999995,-19236.787500000006,299485.725,-7100.599999999977,52039.42499999999,369470.5375,-13499.737499999988,328542.65,-21684.625,1.6,-0.17500000000000004,1.3875000000000028,1.0,-0.3624999999999998,-0.7874999999999943,0.3625,-0.9500000000000002,-0.3624999999999998,-0.1499999999999999,0.1625,-0.15000000000000568
-47807.149999999994,326897.26249999995,-19352.787500000006,299759.725,-7188.599999999977,51821.42499999999,370033.5375,-13577.737499999988,329235.65,-21460.625,-0.3999999999999999,-0.17500000000000004,-0.6124999999999972,1.0,-0.3624999999999998,-0.7874999999999943,0.3625,0.04999999999999982,0.6375000000000002,-0.1499999999999999,0.1625,1.8499999999999943
-47869.149999999994,326010.26249999995,-19286.787500000006,300251.725,-7016.599999999977,51965.42499999999,369031.5375,-13541.737499999988,330327.65,-21489.625,0.6000000000000001,-0.17500000000000004,-0.6124999999999972,2.0,-0.3624999999999998,1.2125000000000057,0.3625,0.04999999999999982,-0.3624999999999998,0.8500000000000001,-0.8375,0.8499999999999943
-48020.149999999994,324874.26249999995,-19335.787500000006,302656.725,-6700.599999999977,51712.42499999999,369652.5375,-13771.737499999988,331750.65,-21754.625,0.6000000000000001,-0.17500000000000004,0.38750000000000284,0.0,-0.3624999999999998,0.21250000000000568,0.3625,0.04999999999999982,0.6375000000000002,-0.1499999999999999,0.1625,-2.1500000000000057
-48307.149999999994,325411.26249999995,-19311.787500000006,303016.725,-6746.599999999977,51660.42499999999,367376.5375,-13719.737499999988,330853.65,-22057.625,0.6000000000000001,0.825,0.38750000000000284,0.0,-0.3624999999999998,-0.7874999999999943,0.3625,0.04999999999999982,0.6375000000000002,-0.1499999999999999,0.1625,-0.15000000000000568
-48353.149999999994,325622.26249999995,-19453.787500000006,302671.725,-7183.599999999977,51644.42499999999,366583.5375,-13605.737499999988,330213.65,-22080.625,0.6000000000000001,0.825,0.38750000000000284,0.0,-0.3624999999999998,-0.7874999999999943,-0.6375,0.04999999999999982,0.6375000000000002,-0.1499999999999999,0.1625,0.8499999999999943
-48135.149999999994,326194.26249999995,-19254.787500000006,302087.725,-7194.599999999977,51896.42499999999,366203.5375,-13594.737499999988,329551.65,-22146.625,-0.3999999999999999,-0.17500000000000004,-0.6124999999999972,-1.0,-0.3624999999999998,0.21250000000000568,-0.6375,0.04999999999999982,-0.3624999999999998,-0.1499999999999999,0.1625,-0.15000000000000568
-48265.149999999994,327493.26249999995,-19106.787500000006,301025.725,-6726.599999999977,51860.42499999999,365180.5375,-13697.737499999988,328630.65,-22213.625,-0.3999999999999999,0.825,-1.6124999999999972,0.0,-0.3624999999999998,0.21250000000000568,0.3625,-0.9500000000000002,-0.3624999999999998,0.8500000000000001,-0.8375,-1.1500000000000057
-48343.149999999994,329289.26249999995,-19199.787500000006,299941.725,-6754.599999999977,51848.42499999999,370323.5375,-13623.737499999988,327725.65,-21898.625,-0.3999999999999999,0.825,0.38750000000000284,0.0,0.6375000000000002,0.21250000000000568,0.3625,0.04999999999999982,0.6375000000000002,0.8500000000000001,0.1625,-1.1500000000000057
-48006.149999999994,330415.26249999995,-18921.787500000006,299339.725,-6693.599999999977,52266.42499999999,368472.5375,-13637.737499999988,327270.65,-21646.625,0.6000000000000001,0.825,0.38750000000000284,0.0,0.6375000000000002,0.21250000000000568,0.3625,0.04999999999999982,-0.3624999999999998,-0.1499999999999999,0.1625,-0.15000000000000568
-47804.149999999994,330275.26249999995,-18985.787500000006,298674.725,-6948.599999999977,52337.42499999999,367839.5375,-13741.737499999988,326725.65,-21910.625,0.6000000000000001,-0.17500000000000004,0.38750000000000284,-1.0,-0.3624999999999998,1.2125000000000057,0.3625,0.04999999999999982,0.6375000000000002,-1.15,-0.8375,-1.1500000000000057
-47970.149999999994,330644.26249999995,-19036.787500000006,298679.725,-7182.599999999977,52102.42499999999,368536.5375,-13618.737499999988,327178.65,-22059.625,-0.3999999999999999,-0.17500000000000004,0.38750000000000284,0.0,-0.3624999999999998,0.21250000000000568,0.3625,-0.9500000000000002,-0.3624999999999998,-0.1499999999999999,0.1625,-1.1500000000000057
-48260.149999999994,329986.26249999995,-19070.787500000006,299095.725,-7482.599999999977,51967.42499999999,368568.5375,-13619.737499999988,328011.65,-21846.625,-1.4,0.825,-0.6124999999999972,-1.0,-0.3624999999999998,0.21250000000000568,0.3625,0.04999999999999982,-0.3624999999999998,-0.1499999999999999,-0.8375,-0.15000000000000568
-48086.149999999994,328556.26249999995,-19119.787500000006,299557.725,-7481.599999999977,51967.42499999999,368710.5375,-13565.737499999988,328724.65,-21678.625,-0.3999999999999999,-0.17500000000000004,0.38750000000000284,-1.0,-0.3624999999999998,-0.7874999999999943,-0.6375,0.04999999999999982,-0.3624999999999998,-0.1499999999999999,0.1625,-0.15000000000000568
-47840.149999999994,327298.26249999995,-19212.787500000006,300088.725,-7143.599999999977,51744.42499999999,368040.5375,-13612.737499999988,329527.65,-21442.625,0.6000000000000001,-0.17500000000000004,1.3875000000000028,0.0,0.6375000000000002,-0.7874999999999943,0.3625,0.04999999999999982,-0.3624999999999998,-0.1499999999999999,0.1625,0.8499999999999943
-48429.149999999994,327170.26249999995,-19178.787500000006,300482.725,-7604.599999999977,51563.42499999999,367970.5375,-13720.737499999988,330358.65,-21655.625,-0.3999999999999999,-0.17500000000000004,0.38750000000000284,0.0,0.6375000000000002,0.21250000000000568,0.3625,0.04999999999999982,0.6375000000000002,-0.1499999999999999,-0.8375,-0.15000000000000568
-48504.149999999994,326815.26249999995,-19200.787500000006,300825.725,-7381.599999999977,51790.42499999999,367722.5375,-13518.737499999988,330541.65,-21488.625,-0.3999999999999999,-0.17500000000000004,0.38750000000000284,0.0,0.6375000000000002,0.21250000000000568,-0.6375,0.04999999999999982,0.6375000000000002,-0.1499999999999999,0.1625,-0.15000000000000568
-48469.149999999994,327274.26249999995,-19114.787500000006,300708.725,-6950.599999999977,51828.42499999999,369016.5375,-13544.737499999988,329664.65,-21959.625,-0.3999999999999999,0.825,0.38750000000000284,0.0,-0.3624999999999998,0.21250000000000568,-0.6375,0.04999999999999982,-0.3624999999999998,-0.1499999999999999,-0.8375,-0.15000000000000568
-48379.149999999994,328555.26249999995,-19128.787500000006,300118.725,-6851.599999999977,51762.42499999999,369784.5375,-13707.737499999988,328837.65,-21690.625,-0.3999999999999999,-1.175,0.38750000000000284,-1.0,-0.3624999999999998,0.21250000000000568,0.3625,0.04999999999999982,-0.3624999999999998,-1.15,0.1625,-0.15000000000000568
-48338.149999999994,329690.26249999995,-19052.787500000006,299861.725,-6537.599999999977,51913.42499999999,370004.5375,-13867.737499999988,328561.65,-21484.625,-0.3999999999999999,-0.17500000000000004,0.38750000000000284,0.0,-0.3624999999999998,-0.7874999999999943,0.3625,0.04999999999999982,-0.3624999999999998,-1.15,0.1625,-1.1500000000000057
-48277.149999999994,329946.26249999995,-18966.787500000006,299113.725,-6874.599999999977,52019.42499999999,369377.5375,-13548.737499999988,328408.65,-21307.625,0.6000000000000001,-0.17500000000000004,-0.6124999999999972,0.0,-0.3624999999999998,-0.7874999999999943,0.3625,0.04999999999999982,0.6375000000000002,-1.15,0.1625,0.8499999999999943
-48091.149999999994,329918.26249999995,-18992.787500000006,298420.725,-7115.599999999977,52089.42499999999,370061.5375,-13548.737499999988,328121.65,-21023.625,-0.3999999999999999,-0.17500000000000004,-0.6124999999999972,0.0,-1.3624999999999998,-0.7874999999999943,0.3625,0.04999999999999982,-0.3624999999999998,-0.1499999999999999,0.1625,-1.1500000000000057
-48167.149999999994,329453.26249999995,-19084.787500000006,298518.725,-7259.599999999977,52288.42499999999,368386.5375,-13595.737499999988,328827.65,-21256.625,0.6000000000000001,-0.17500000000000004,-1.6124999999999972,0.0,-0.3624999999999998,0.21250000000000568,-0.6375,0.04999999999999982,0.6375000000000002,-0.1499999999999999,0.1625,-0.15000000000000568
-48275.149999999994,328908.26249999995,-19147.787500000006,299176.725,-7512.599999999977,52063.42499999999,368179.5375,-13622.737499999988,329471.65,-21202.625,0.6000000000000001,0.825,-0.6124999999999972,0.0,-0.3624999999999998,-0.7874999999999943,-0.6375,-0.9500000000000002,-0.3624999999999998,-0.1499999999999999,0.1625,0.8499999999999943
-48206.149999999994,328154.26249999995,-19207.787500000006,300590.725,-7739.599999999977,51933.42499999999,366886.5375,-13620.737499999988,330093.65,-21358.625,0.6000000000000001,-0.17500000000000004,-0.6124999999999972,0.0,-0.3624999999999998,1.2125000000000057,-0.6375,0.04999999999999982,0.6375000000000002,-0.1499999999999999,0.1625,1.8499999999999943
-48502.149999999994,327040.26249999995,-19496.787500000006,301259.725,-7532.599999999977,52004.42499999999,367053.5375,-13572.737499999988,330647.65,-21338.625,-0.3999999999999999,-0.17500000000000004,0.38750000000000284,0.0,-0.3624999999999998,0.21250000000000568,0.3625,0.04999999999999982,0.6375000000000002,-0.1499999999999999,0.1625,0.8499999999999943
-48524.149999999994,326207.26249999995,-19450.787500000006,301678.725,-7204.599999999977,51944.42499999999,365663.5375,-13620.737499999988,331323.65,-21181.625,0.6000000000000001,-0.17500000000000004,0.38750000000000284,1.0,-0.3624999999999998,0.21250000000000568,0.3625,0.04999999999999982,-0.3624999999999998,0.8500000000000001,0.1625,-0.15000000000000568
-48595.149999999994,325847.26249999995,-19395.787500000006,301897.725,-7391.599999999977,51826.42499999999,365499.5375,-13747.737499999988,332131.65,-21308.625,0.6000000000000001,-0.17500000000000004,0.38750000000000284,0.0,-0.3624999999999998,0.21250000000000568,0.3625,0.04999999999999982,-0.3624999999999998,-0.1499999999999999,0.1625,0.8499999999999943
-48912.149999999994,325924.26249999995,-19235.787500000006,301912.725,-7296.599999999977,51920.42499999999,368711.5375,-13801.737499999988,331601.65,-21518.625,-0.3999999999999999,0.825,-0.6124999999999972,0.0,-1.3624999999999998,0.21250000000000568,0.3625,-0.9500000000000002,-0.3624999999999998,0.8500000000000001,0.1625,0.8499999999999943
-49040.149999999994,326306.26249999995,-10025.787500000006,301657.725,-7207.599999999977,51949.42499999999,368000.5375,-13656.737499999988,330837.65,-21755.625,-0.3999999999999999,-0.17500000000000004,-0.6124999999999972,0.0,-1.3624999999999998,0.21250000000000568,-0.6375,0.04999999999999982,0.6375000000000002,-1.15,0.1625,1.8499999999999943
-48816.149999999994,327740.26249999995,-19012.787500000006,301131.725,-7003.599999999977,52128.42499999999,367887.5375,-13620.737499999988,330023.65,-21864.625,0.6000000000000001,0.825,0.38750000000000284,0.0,-0.3624999999999998,0.21250000000000568,0.3625,0.04999999999999982,0.6375000000000002,-0.1499999999999999,0.1625,0.8499999999999943
-48939.149999999994,330389.26249999995,-18966.787500000006,299333.725,-6949.599999999977,52224.42499999999,366796.5375,-13846.737499999988,329131.65,-21977.625,-0.3999999999999999,0.825,-0.6124999999999972,0.0,0.6375000000000002,0.21250000000000568,0.3625,0.04999999999999982,1.6375000000000002,-0.1499999999999999,0.1625,-1.1500000000000057
-49024.149999999994,330399.26249999995,-19035.787500000006,298853.725,-7220.599999999977,52156.42499999999,367362.5375,-13713.737499999988,328050.65,-21756.625,0.6000000000000001,0.825,-0.6124999999999972,0.0,-0.3624999999999998,1.2125000000000057,0.3625,0.04999999999999982,0.6375000000000002,-0.1499999999999999,0.1625,-0.15000000000000568
-48474.149999999994,329926.26249999995,-18995.787500000006,298492.725,-7030.599999999977,52138.42499999999,367597.5375,-13658.737499999988,327707.65,-21660.625,-0.3999999999999999,0.825,0.38750000000000284,0.0,0.6375000000000002,1.2125000000000057,0.3625,0.04999999999999982,-0.3624999999999998,-0.1499999999999999,0.1625,-0.15000000000000568
-48247.149999999994,330153.26249999995,-18802.787500000006,298271.725,-7133.599999999977,52249.42499999999,368300.5375,-13623.737499999988,327826.65,-21859.625,-0.3999999999999999,-0.17500000000000004,-0.6124999999999972,0.0,-0.3624999999999998,0.21250000000000568,-0.6375,-0.9500000000000002,0.6375000000000002,-0.1499999999999999,0.1625,0.8499999999999943
-48538.149999999994,329870.26249999995,-18901.787500000006,298626.725,-7121.599999999977,52078.42499999999,367579.5375,-13774.737499999988,328512.65,-21570.625,-0.3999999999999999,-0.17500000000000004,-1.6124999999999972,0.0,-1.3624999999999998,1.2125000000000057,-0.6375,0.04999999999999982,-0.3624999999999998,-0.1499999999999999,0.1625,-1.1500000000000057
-48686.149999999994,329289.26249999995,-19023.787500000006,299122.725,-7130.599999999977,51929.42499999999,366697.5375,-13600.737499999988,329271.65,-21641.625,-0.3999999999999999,0.825,-0.6124999999999972,0.0,-1.3624999999999998,-0.7874999999999943,0.3625,0.04999999999999982,0.6375000000000002,-1.15,0.1625,0.8499999999999943
-48804.149999999994,328615.26249999995,-19037.787500000006,299693.725,-7293.599999999977,51757.42499999999,367168.5375,-13566.737499999988,329763.65,-21475.625,-0.3999999999999999,0.825,0.38750000000000284,-1.0,-0.3624999999999998,-0.7874999999999943,0.3625,0.04999999999999982,0.6375000000000002,-0.1499999999999999,0.1625,-0.15000000000000568
-48733.149999999994,328439.26249999995,-19059.787500000006,300213.725,-7229.599999999977,51798.42499999999,367364.5375,-13533.737499999988,330496.65,-21339.625,-0.3999999999999999,-0.17500000000000004,0.38750000000000284,0.0,-0.3624999999999998,0.21250000000000568,0.3625,0.04999999999999982,0.6375000000000002,-0.1499999999999999,0.1625,-1.1500000000000057
-48808.149999999994,328346.26249999995,-19158.787500000006,299915.725,-7582.599999999977,52012.42499999999,366075.5375,-13613.737499999988,330252.65,-21590.625,-0.3999999999999999,-0.17500000000000004,0.38750000000000284,0.0,-0.3624999999999998,1.2125000000000057,0.3625,0.04999999999999982,-0.3624999999999998,-0.1499999999999999,1.1625,-0.15000000000000568
-48708.149999999994,328164.26249999995,-19173.787500000006,299653.725,-7317.599999999977,51965.42499999999,367340.5375,-13642.737499999988,329840.65,-21759.625,-0.3999999999999999,-0.17500000000000004,1.3875000000000028,0.0,-0.3624999999999998,0.21250000000000568,-0.6375,0.04999999999999982,-0.3624999999999998,-0.1499999999999999,0.1625,0.8499999999999943
-48701.149999999994,330418.26249999995,-19312.787500000006,299028.725,-7295.599999999977,52038.42499999999,367674.5375,-13601.737499999988,328771.65,-21238.625,-0.3999999999999999,0.825,0.38750000000000284,0.0,-0.3624999999999998,-0.7874999999999943,0.3625,0.04999999999999982,-0.3624999999999998,-0.1499999999999999,-0.8375,-0.15000000000000568
-48584.149999999994,330897.26249999995,-19184.787500000006,298408.725,-6956.599999999977,52128.42499999999,369325.5375,-13558.737499999988,328441.65,-21315.625,-0.3999999999999999,-0.17500000000000004,0.38750000000000284,0.0,-0.3624999999999998,0.21250000000000568,-0.6375,0.04999999999999982,-0.3624999999999998,-0.1499999999999999,0.1625,-0.15000000000000568
-48423.149999999994,330670.26249999995,-19049.787500000006,297888.725,-6981.599999999977,52235.42499999999,370666.5375,-13672.737499999988,328467.65,-21440.625,0.6000000000000001,-0.17500000000000004,0.38750000000000284,0.0,-0.3624999999999998,-0.7874999999999943,-0.6375,0.04999999999999982,0.6375000000000002,-0.1499999999999999,-0.8375,-0.15000000000000568
-48541.149999999994,329979.26249999995,-19215.787500000006,298286.725,-6948.599999999977,52304.42499999999,370061.5375,-13816.737499999988,328744.65,-21184.625,0.6000000000000001,-1.175,-0.6124999999999972,1.0,-1.3624999999999998,-0.7874999999999943,-0.6375,0.04999999999999982,-0.3624999999999998,-0.1499999999999999,-0.8375,-0.15000000000000568
-48703.149999999994,329202.26249999995,-19341.787500000006,298573.725,-7210.599999999977,52054.42499999999,368989.5375,-13645.737499999988,329238.65,-20987.625,-0.3999999999999999,-0.17500000000000004,0.38750000000000284,0.0,-0.3624999999999998,0.21250000000000568,-0.6375,0.04999999999999982,-0.3624999999999998,0.8500000000000001,0.1625,-1.1500000000000057
-48890.149999999994,328657.26249999995,-19388.787500000006,299235.725,-7532.599999999977,51875.42499999999,369399.5375,-13443.737499999988,329702.65,-21534.625,-0.3999999999999999,-0.17500000000000004,-1.6124999999999972,0.0,-0.3624999999999998,0.21250000000000568,0.3625,0.04999999999999982,0.6375000000000002,-0.1499999999999999,0.1625,-1.1500000000000057
-48962.149999999994,327832.26249999995,-19276.787500000006,299836.725,-7452.599999999977,51994.42499999999,366059.5375,-13773.737499999988,330102.65,-21141.625,0.6000000000000001,-0.17500000000000004,-0.6124999999999972,0.0,-0.3624999999999998,-0.7874999999999943,0.3625,0.04999999999999982,-0.3624999999999998,-0.1499999999999999,1.1625,-0.15000000000000568
-48724.149999999994,326750.26249999995,-19329.787500000006,300456.725,-7746.599999999977,51997.42499999999,365554.5375,-13730.737499999988,331489.65,-21246.625,0.6000000000000001,-0.17500000000000004,-0.6124999999999972,0.0,-0.3624999999999998,0.21250000000000568,0.3625,0.04999999999999982,-0.3624999999999998,-0.1499999999999999,0.1625,0.8499999999999943
-49105.149999999994,326890.26249999995,-19263.787500000006,300693.725,-7667.599999999977,52012.42499999999,366586.5375,-13780.737499999988,331541.65,-21329.625,0.6000000000000001,-0.17500000000000004,0.38750000000000284,0.0,-0.3624999999999998,0.21250000000000568,0.3625,0.04999999999999982,-0.3624999999999998,-0.1499999999999999,-0.8375,0.8499999999999943
-49214.149999999994,327356.26249999995,-19145.787500000006,300808.725,-7435.599999999977,52246.42499999999,366314.5375,-13552.737499999988,331188.65,-21357.625,0.6000000000000001,-0.17500000000000004,0.38750000000000284,0.0,0.6375000000000002,0.21250000000000568,0.3625,-0.9500000000000002,-0.3624999999999998,0.8500000000000001,0.1625,-1.1500000000000057
-49377.149999999994,328323.26249999995,-19034.787500000006,300605.725,-7412.599999999977,52313.42499999999,366062.5375,-13538.737499999988,330197.65,-21706.625,0.6000000000000001,-0.17500000000000004,1.3875000000000028,0.0,-0.3624999999999998,0.21250000000000568,0.3625,0.04999999999999982,-0.3624999999999998,-0.1499999999999999,0.1625,-0.15000000000000568
-49455.149999999994,329551.26249999995,-18997.787500000006,300081.725,-7236.599999999977,52136.42499999999,367739.5375,-13941.737499999988,329566.65,-21772.625,0.6000000000000001,0.825,0.38750000000000284,0.0,-0.3624999999999998,0.21250000000000568,-0.6375,0.04999999999999982,0.6375000000000002,-0.1499999999999999,0.1625,-1.1500000000000057
-49370.149999999994,330481.26249999995,-18919.787500000006,299320.725,-7105.599999999977,52196.42499999999,370274.5375,-13795.737499999988,328583.65,-21633.625,-0.3999999999999999,-0.17500000000000004,0.38750000000000284,0.0,-0.3624999999999998,-0.7874999999999943,0.3625,0.04999999999999982,-0.3624999999999998,-0.1499999999999999,0.1625,-0.15000000000000568
-48970.149999999994,331107.26249999995,-18845.787500000006,298382.725,-7435.599999999977,52271.42499999999,368807.5375,-13761.737499999988,328303.65,-21215.625,-0.3999999999999999,0.825,0.38750000000000284,1.0,-0.3624999999999998,1.2125000000000057,0.3625,-0.9500000000000002,0.6375000000000002,0.8500000000000001,-0.8375,-0.15000000000000568
-49049.149999999994,330538.26249999995,-18798.787500000006,298455.725,-7442.599999999977,52218.42499999999,368383.5375,-13824.737499999988,328585.65,-21243.625,0.6000000000000001,-0.17500000000000004,-1.6124999999999972,0.0,-0.3624999999999998,0.21250000000000568,0.3625,0.04999999999999982,-0.3624999999999998,-0.1499999999999999,0.1625,-0.15000000000000568
-49230.149999999994,330107.26249999995,-19219.787500000006,298460.725,-7534.599999999977,52194.42499999999,367382.5375,-13671.737499999988,329056.65,-21405.625,0.6000000000000001,-0.17500000000000004,0.38750000000000284,1.0,-0.3624999999999998,-0.7874999999999943,-0.6375,0.04999999999999982,0.6375000000000002,-0.1499999999999999,0.1625,0.8499999999999943
-48911.149999999994,330017.26249999995,-19167.787500000006,298802.725,-7676.599999999977,52161.42499999999,366411.5375,-13598.737499999988,329546.65,-21392.625,-0.3999999999999999,-0.17500000000000004,0.38750000000000284,0.0,-0.3624999999999998,-0.7874999999999943,0.3625,1.0499999999999998,-0.3624999999999998,-0.1499999999999999,0.1625,-0.15000000000000568
-48867.149999999994,329244.26249999995,-19035.787500000006,299251.725,-7620.599999999977,52128.42499999999,367599.5375,-13732.737499999988,330340.65,-21376.625,0.6000000000000001,-1.175,0.38750000000000284,0.0,-1.3624999999999998,-0.7874999999999943,0.3625,0.04999999999999982,0.6375000000000002,-0.1499999999999999,-0.8375,-1.1500000000000057
-49100.149999999994,328986.26249999995,-19097.787500000006,299203.725,-7249.599999999977,52144.42499999999,366102.5375,-13766.737499999988,330296.65,-21560.625,-0.3999999999999999,0.825,0.38750000000000284,0.0,-0.3624999999999998,0.21250000000000568,0.3625,0.04999999999999982,-0.3624999999999998,-1.15,0.1625,1.8499999999999943
-49159.149999999994,329430.26249999995,-19202.787500000006,299226.725,-7170.599999999977,52114.42499999999,368864.5375,-13745.737499999988,329749.65,-21437.625,-0.3999999999999999,0.825,-0.6124999999999972,0.0,0.6375000000000002,1.2125000000000057,0.3625,-0.9500000000000002,0.6375000000000002,-0.1499999999999999,0.1625,0.8499999999999943
-49019.149999999994,330442.26249999995,-19212.787500000006,298381.725,-7112.599999999977,52200.42499999999,369733.5375,-13645.737499999988,329351.65,-21000.625,0.6000000000000001,-0.17500000000000004,0.38750000000000284,0.0,0.6375000000000002,0.21250000000000568,0.3625,0.04999999999999982,-0.3624999999999998,-0.1499999999999999,0.1625,0.8499999999999943
-49153.149999999994,331191.26249999995,-19183.787500000006,298018.725,-6965.599999999977,52352.42499999999,368208.5375,-13651.737499999988,329155.65,-20909.625,-0.3999999999999999,-0.17500000000000004,-0.6124999999999972,0.0,-0.3624999999999998,0.21250000000000568,0.3625,0.04999999999999982,0.6375000000000002,-0.1499999999999999,0.1625,-1.1500000000000057
-49003.149999999994,331104.26249999995,-19196.787500000006,298122.725,-7172.599999999977,52354.42499999999,368727.5375,-13716.737499999988,329141.65,-20810.625,-0.3999999999999999,0.825,-0.6124999999999972,0.0,-0.3624999999999998,-0.7874999999999943,-0.6375,0.04999999999999982,0.6375000000000002,-0.1499999999999999,-0.8375,-0.15000000000000568
-48960.149999999994,330547.26249999995,-19095.787500000006,298296.725,-7212.599999999977,52449.42499999999,370170.5375,-13694.737499999988,329207.65,-20985.625,0.6000000000000001,0.825,-0.6124999999999972,0.0,-1.3624999999999998,0.21250000000000568,-0.6375,0.04999999999999982,-0.3624999999999998,-0.1499999999999999,0.1625,-1.1500000000000057
-48977.149999999994,330267.26249999995,-19120.787500000006,298421.725,-7245.599999999977,52356.42499999999,370262.5375,-13699.737499999988,329629.65,-20866.625,-0.3999999999999999,-0.17500000000000004,-0.6124999999999972,-1.0,-0.3624999999999998,0.21250000000000568,0.3625,0.04999999999999982,0.6375000000000002,-0.1499999999999999,0.1625,-0.15000000000000568
-49071.149999999994,330002.26249999995,-19074.787500000006,298664.725,-7607.599999999977,52166.42499999999,372069.5375,-13739.737499999988,330285.65,-20874.625,0.6000000000000001,-0.17500000000000004,-0.6124999999999972,0.0,-1.3624999999999998,-0.7874999999999943,0.3625,0.04999999999999982,-0.3624999999999998,-0.1499999999999999,0.1625,-0.15000000000000568
-49175.149999999994,329125.26249999995,-18998.787500000006,299074.725,-7484.599999999977,52012.42499999999,366914.5375,-13762.737499999988,331350.65,-20785.625,-0.3999999999999999,-0.17500000000000004,-0.6124999999999972,0.0,-0.3624999999999998,0.21250000000000568,-0.6375,0.04999999999999982,-0.3624999999999998,-0.1499999999999999,-0.8375,-0.15000000000000568
-49169.149999999994,327959.26249999995,-18996.787500000006,300057.725,-7307.599999999977,52072.42499999999,366528.5375,-13673.737499999988,331793.65,-20932.625,-0.3999999999999999,-0.17500000000000004,-1.6124999999999972,0.0,-0.3624999999999998,1.2125000000000057,-0.6375,0.04999999999999982,0.6375000000000002,0.8500000000000001,0.1625,-0.15000000000000568
-49316.149999999994,328342.26249999995,-19254.787500000006,300342.725,-7400.599999999977,52065.42499999999,366221.5375,-13535.737499999988,331869.65,-21020.625,0.6000000000000001,-0.17500000000000004,0.38750000000000284,0.0,-0.3624999999999998,1.2125000000000057,-0.6375,0.04999999999999982,-0.3624999999999998,-1.15,0.1625,-0.15000000000000568
-49855.149999999994,328993.26249999995,-19224.787500000006,300215.725,-7362.599999999977,51932.42499999999,365969.5375,-13618.737499999988,331765.65,-20889.625,0.6000000000000001,-0.17500000000000004,0.38750000000000284,1.0,-0.3624999999999998,0.21250000000000568,-0.6375,0.04999999999999982,-0.3624999999999998,-0.1499999999999999,0.1625,-0.15000000000000568
-49658.149999999994,329025.26249999995,-19006.787500000006,300110.725,-7429.599999999977,51918.42499999999,367295.5375,-13919.737499999988,331392.65,-20756.625,-0.3999999999999999,-0.17500000000000004,0.38750000000000284,0.0,-0.3624999999999998,-0.7874999999999943,0.3625,0.04999999999999982,-0.3624999999999998,-1.15,0.1625,-0.15000000000000568
-49574.149999999994,329707.26249999995,-18911.787500000006,299741.725,-7370.599999999977,52150.42499999999,367229.5375,-13802.737499999988,330079.65,-20779.625,0.6000000000000001,-0.17500000000000004,-0.6124999999999972,0.0,-0.3624999999999998,0.21250000000000568,0.3625,0.04999999999999982,-0.3624999999999998,-0.1499999999999999,0.1625,0.8499999999999943
-49574.149999999994,330393.26249999995,-18913.787500000006,299367.725,-7097.599999999977,52227.42499999999,366963.5375,-13589.737499999988,329650.65,-20808.625,0.6000000000000001,0.825,0.38750000000000284,0.0,-0.3624999999999998,0.21250000000000568,0.3625,0.04999999999999982,0.6375000000000002,-0.1499999999999999,0.1625,-0.15000000000000568
-49619.149999999994,330723.26249999995,-18865.787500000006,298920.725,-7248.599999999977,52148.42499999999,366689.5375,-13573.737499999988,329271.65,-20765.625,-0.3999999999999999,0.825,-1.6124999999999972,0.0,-0.3624999999999998,-0.7874999999999943,-0.6375,0.04999999999999982,-0.3624999999999998,-1.15,0.1625,0.8499999999999943
-49836.149999999994,330639.26249999995,-18915.787500000006,298533.725,-7523.599999999977,52343.42499999999,366784.5375,-13555.737499999988,329204.65,-20766.625,-0.3999999999999999,-0.17500000000000004,-0.6124999999999972,0.0,-0.3624999999999998,-0.7874999999999943,0.3625,0.04999999999999982,-0.3624999999999998,-0.1499999999999999,0.1625,-0.15000000000000568
-49817.149999999994,330427.26249999995,-18939.787500000006,298476.725,-7595.599999999977,52337.42499999999,366046.5375,-13670.737499999988,329241.65,-20863.625,0.6000000000000001,-0.17500000000000004,0.38750000000000284,0.0,0.6375000000000002,0.21250000000000568,-0.6375,0.04999999999999982,-0.3624999999999998,-0.1499999999999999,0.1625,0.8499999999999943
-49525.149999999994,330905.26249999995,-18953.787500000006,298663.725,-7549.599999999977,52181.42499999999,366138.5375,-13623.737499999988,329542.65,-21106.625,-0.3999999999999999,-0.17500000000000004,0.38750000000000284,0.0,-0.3624999999999998,0.21250000000000568,0.3625,-0.9500000000000002,-0.3624999999999998,-0.1499999999999999,1.1625,0.8499999999999943
-49730.149999999994,329730.26249999995,-18921.787500000006,298755.725,-7495.599999999977,52214.42499999999,366705.5375,-13564.737499999988,330575.65,-20783.625,-0.3999999999999999,-0.17500000000000004,-0.6124999999999972,0.0,-0.3624999999999998,1.2125000000000057,-0.6375,0.04999999999999982,-0.3624999999999998,-0.1499999999999999,0.1625,-1.1500000000000057
-49569.149999999994,329117.26249999995,-18936.787500000006,298852.725,-7638.599999999977,52220.42499999999,367486.5375,-13527.737499999988,330780.65,-20657.625,-0.3999999999999999,-0.17500000000000004,0.38750000000000284,0.0,-0.3624999999999998,-0.7874999999999943,0.3625,-0.9500000000000002,-0.3624999999999998,-0.1499999999999999,0.1625,-1.1500000000000057
-49356.149999999994,329151.26249999995,-18909.787500000006,298836.725,-7792.599999999977,52289.42499999999,367867.5375,-13689.737499999988,331001.65,-21110.625,0.6000000000000001,0.825,-0.6124999999999972,0.0,-0.3624999999999998,-0.7874999999999943,0.3625,0.04999999999999982,-0.3624999999999998,-1.15,0.1625,-0.15000000000000568
-49487.149999999994,329373.26249999995,-18995.787500000006,298869.725,-7609.599999999977,52403.42499999999,366057.5375,-13780.737499999988,330997.65,-21313.625,0.6000000000000001,-0.17500000000000004,1.3875000000000028,0.0,-0.3624999999999998,-0.7874999999999943,0.3625,0.04999999999999982,-0.3624999999999998,-0.1499999999999999,0.1625,-1.1500000000000057
-49419.149999999994,329034.26249999995,-19009.787500000006,298459.725,-7445.599999999977,52253.42499999999,367171.5375,-13690.737499999988,330899.65,-21335.625,-0.3999999999999999,0.825,0.38750000000000284,-1.0,-0.3624999999999998,0.21250000000000568,0.3625,0.04999999999999982,-0.3624999999999998,-0.1499999999999999,0.1625,0.8499999999999943
-49174.149999999994,329579.26249999995,-19042.787500000006,298290.725,-7364.599999999977,52356.42499999999,368309.5375,-13791.737499999988,330207.65,-21148.625,-0.3999999999999999,-0.17500000000000004,1.3875000000000028,0.0,0.6375000000000002,-0.7874999999999943,-0.6375,0.04999999999999982,-0.3624999999999998,-0.1499999999999999,0.1625,-0.15000000000000568
-49120.149999999994,330053.26249999995,-19089.787500000006,298043.725,-7258.599999999977,52384.42499999999,366914.5375,-13543.737499999988,329813.65,-20876.625,0.6000000000000001,-0.17500000000000004,-0.6124999999999972,0.0,-0.3624999999999998,0.21250000000000568,0.3625,0.04999999999999982,-0.3624999999999998,-0.1499999999999999,0.1625,-0.15000000000000568
-49118.149999999994,330558.26249999995,-19006.787500000006,297709.725,-7156.599999999977,52217.42499999999,366699.5375,-13629.737499999988,329505.65,-20886.625,-0.3999999999999999,-0.17500000000000004,-0.6124999999999972,0.0,0.6375000000000002,0.21250000000000568,-0.6375,-0.9500000000000002,-0.3624999999999998,-0.1499999999999999,-0.8375,-1.1500000000000057
-49137.149999999994,330570.26249999995,-19002.787500000006,297367.725,-7372.599999999977,52246.42499999999,367383.5375,-13697.737499999988,329272.65,-21251.625,-0.3999999999999999,-0.17500000000000004,0.38750000000000284,-1.0,-0.3624999999999998,0.21250000000000568,0.3625,-0.9500000000000002,-0.3624999999999998,-0.1499999999999999,0.1625,-0.15000000000000568
-49088.149999999994,330156.26249999995,-19167.787500000006,297485.725,-7372.599999999977,52333.42499999999,366552.5375,-13588.737499999988,329204.65,-21202.625,0.6000000000000001,-0.17500000000000004,0.38750000000000284,-1.0,-0.3624999999999998,1.2125000000000057,0.3625,0.04999999999999982,-0.3624999999999998,-1.15,0.1625,-1.1500000000000057
-49145.149999999994,330190.26249999995,-18996.787500000006,297840.725,-7617.599999999977,52331.42499999999,366191.5375,-13584.737499999988,329400.65,-20725.625,1.6,-0.17500000000000004,0.38750000000000284,-1.0,-0.3624999999999998,0.21250000000000568,0.3625,-0.9500000000000002,-0.3624999999999998,-0.1499999999999999,0.1625,0.8499999999999943
-49197.149999999994,329603.26249999995,-18969.787500000006,298661.725,-7840.599999999977,52357.42499999999,366841.5375,-13495.737499999988,330450.65,-21082.625,-0.3999999999999999,-0.17500000000000004,-0.6124999999999972,0.0,-1.3624999999999998,0.21250000000000568,0.3625,0.04999999999999982,0.6375000000000002,-0.1499999999999999,0.1625,-0.15000000000000568
-49577.149999999994,329608.26249999995,-18952.787500000006,298958.725,-7610.599999999977,52336.42499999999,367485.5375,-13283.737499999988,330928.65,-21139.625,-0.3999999999999999,-0.17500000000000004,0.38750000000000284,0.0,-1.3624999999999998,0.21250000000000568,0.3625,0.04999999999999982,-0.3624999999999998,0.8500000000000001,0.1625,-0.15000000000000568
-49836.149999999994,329418.26249999995,-19018.787500000006,299173.725,-7293.599999999977,52326.42499999999,365382.5375,-13663.737499999988,331196.65,-21142.625,-0.3999999999999999,-0.17500000000000004,-0.6124999999999972,1.0,-0.3624999999999998,0.21250000000000568,0.3625,0.04999999999999982,0.6375000000000002,-0.1499999999999999,0.1625,-2.1500000000000057
-49763.149999999994,329362.26249999995,-19039.787500000006,299426.725,-7624.599999999977,52422.42499999999,364555.5375,-13750.737499999988,331397.65,-21009.625,0.6000000000000001,-0.17500000000000004,1.3875000000000028,0.0,0.6375000000000002,0.21250000000000568,-0.6375,-0.9500000000000002,0.6375000000000002,-0.1499999999999999,0.1625,-0.15000000000000568
-49476.149999999994,329615.26249999995,-19035.787500000006,299469.725,-7837.599999999977,52380.42499999999,367059.5375,-14024.737499999988,331350.65,-20631.625,-0.3999999999999999,0.825,-1.6124999999999972,0.0,0.6375000000000002,0.21250000000000568,0.3625,0.04999999999999982,0.6375000000000002,-0.1499999999999999,0.1625,-1.1500000000000057
-49597.149999999994,330189.26249999995,-19034.787500000006,299228.725,-7717.599999999977,52303.42499999999,366404.5375,-13897.737499999988,331012.65,-20765.625,0.6000000000000001,0.825,-0.6124999999999972,0.0,0.6375000000000002,0.21250000000000568,-0.6375,0.04999999999999982,-0.3624999999999998,-0.1499999999999999,0.1625,1.8499999999999943
-49883.149999999994,330361.26249999995,-19022.787500000006,299190.725,-7676.599999999977,52328.42499999999,365579.5375,-13761.737499999988,330467.65,-21158.625,-0.3999999999999999,0.825,0.38750000000000284,0.0,-0.3624999999999998,0.21250000000000568,0.3625,0.04999999999999982,-0.3624999999999998,-0.1499999999999999,0.1625,-0.15000000000000568
-49799.149999999994,330264.26249999995,-19000.787500000006,298761.725,-7177.599999999977,52422.42499999999,365848.5375,-13612.737499999988,330225.65,-21022.625,0.6000000000000001,-0.17500000000000004,-0.6124999999999972,0.0,-0.3624999999999998,-0.7874999999999943,0.3625,0.04999999999999982,0.6375000000000002,-0.1499999999999999,0.1625,0.8499999999999943
-49734.149999999994,330619.26249999995,-18902.787500000006,298509.725,-7464.599999999977,52303.42499999999,367468.5375,-13630.737499999988,330104.65,-20965.625,0.6000000000000001,-0.17500000000000004,0.38750000000000284,0.0,-0.3624999999999998,0.21250000000000568,0.3625,0.04999999999999982,0.6375000000000002,-0.1499999999999999,0.1625,0.8499999999999943
-49669.149999999994,330567.26249999995,-18952.787500000006,298746.725,-7469.599999999977,52378.42499999999,367198.5375,-13509.737499999988,329953.65,-20916.625,0.6000000000000001,-0.17500000000000004,-0.6124999999999972,0.0,0.6375000000000002,-0.7874999999999943,-0.6375,1.0499999999999998,0.6375000000000002,-0.1499999999999999,0.1625,0.8499999999999943
-49574.149999999994,330511.26249999995,-19095.787500000006,298809.725,-7414.599999999977,52362.42499999999,364996.5375,-13487.737499999988,329940.65,-20753.625,-0.3999999999999999,-0.17500000000000004,-0.6124999999999972,1.0,-0.3624999999999998,0.21250000000000568,-0.6375,0.04999999999999982,0.6375000000000002,-1.15,0.1625,-1.1500000000000057
