FPI,SPI,AI,SFI,FFI,FPD,SPD,AD,SFD,FFD,API_X,API_Y,API_Z,APD_X,APD_Y,APD_Z,AFD_X,AFD_Y,AFD_Z,AFI_X,AFI_Y,AFI_Z
155663.2375,-54.91249999997672,-3021.375,-384.6000000000058,-7578.224999999977,-16340.974999999977,-205.10000000000582,-2379.5625,471.8125,-60554.712499999994,0.6000000000000001,-0.275,-0.6124999999999972,0.4125000000000001,-0.3875000000000002,0.21250000000000568,-0.625,0.012500000000000178,0.7124999999999999,0.8125,1.1375,-0.025000000000005684
155614.2375,-71.91249999997672,-3034.375,-395.6000000000058,-7534.224999999977,-16172.974999999977,-788.1000000000058,-2157.5625,488.8125,-60771.712499999994,0.6000000000000001,-0.275,1.3875000000000028,0.4125000000000001,-0.3875000000000002,1.2125000000000057,-0.625,-0.9874999999999998,-0.2875000000000001,-0.1875,0.1375,0.9749999999999943
155553.2375,-101.91249999997672,-2895.375,-361.6000000000058,-7640.224999999977,-16397.974999999977,702.8999999999942,-2197.5625,636.8125,-60681.712499999994,-0.3999999999999999,-0.275,1.3875000000000028,0.4125000000000001,0.6124999999999998,0.21250000000000568,0.375,0.012500000000000178,-0.2875000000000001,-0.1875,0.1375,1.9749999999999943
155226.2375,200.08750000002328,-2788.375,-333.6000000000058,-7494.224999999977,-16302.974999999977,546.8999999999942,-2148.5625,899.8125,-60646.712499999994,0.6000000000000001,-0.275,1.3875000000000028,-0.5874999999999999,0.6124999999999998,0.21250000000000568,0.375,0.012500000000000178,-0.2875000000000001,-0.1875,0.1375,-0.025000000000005684
155198.2375,154.08750000002328,-2729.375,-270.6000000000058,-7744.224999999977,-16527.974999999977,370.8999999999942,-2212.5625,776.8125,-60921.712499999994,-0.3999999999999999,-0.275,0.38750000000000284,-0.5874999999999999,0.6124999999999998,0.21250000000000568,0.375,0.012500000000000178,0.7124999999999999,-0.1875,0.1375,-1.0250000000000057
155352.2375,-341.9124999999767,-2738.375,-339.6000000000058,-7902.224999999977,-16624.974999999977,417.8999999999942,-2281.5625,678.8125,-60975.712499999994,-0.3999999999999999,0.725,0.38750000000000284,0.4125000000000001,0.6124999999999998,1.2125000000000057,0.375,-0.9874999999999998,-0.2875000000000001,-0.1875,0.1375,-0.025000000000005684
155285.2375,-286.9124999999767,-2892.375,-339.6000000000058,-7693.224999999977,-16572.974999999977,129.89999999999418,-2334.5625,688.8125,-61065.712499999994,-0.3999999999999999,0.725,-0.6124999999999972,0.4125000000000001,-0.3875000000000002,1.2125000000000057,0.375,0.012500000000000178,0.7124999999999999,-1.1875,0.1375,-0.025000000000005684
155142.2375,177.08750000002328,-2710.375,-213.60000000000582,-7713.224999999977,-16628.974999999977,291.8999999999942,-2410.5625,701.8125,-60666.712499999994,-1.4,0.725,-0.6124999999999972,0.4125000000000001,-0.3875000000000002,0.21250000000000568,0.375,1.0125000000000002,-0.2875000000000001,-0.1875,-0.8625,-0.025000000000005684
155523.2375,109.08750000002328,-2788.375,-150.60000000000582,-7773.224999999977,-16613.974999999977,14.89999999999418,-2302.5625,516.8125,-61027.712499999994,-0.3999999999999999,-0.275,0.38750000000000284,-0.5874999999999999,-0.3875000000000002,0.21250000000000568,-0.625,0.012500000000000178,0.7124999999999999,-0.1875,0.1375,0.9749999999999943
155414.2375,15.087500000023283,-2837.375,-305.6000000000058,-7639.224999999977,-16342.974999999977,-852.1000000000058,-2270.5625,619.8125,-60916.712499999994,0.6000000000000001,-0.275,0.38750000000000284,0.4125000000000001,-0.3875000000000002,0.21250000000000568,0.375,0.012500000000000178,-0.2875000000000001,-0.1875,0.1375,0.9749999999999943
155107.2375,236.08750000002328,-2788.375,-321.6000000000058,-7710.224999999977,-16353.974999999977,205.89999999999418,-2362.5625,561.8125,-60813.712499999994,-0.3999999999999999,-1.275,0.38750000000000284,-0.5874999999999999,0.6124999999999998,-1.7874999999999943,-0.625,0.012500000000000178,-0.2875000000000001,-0.1875,0.1375,-0.025000000000005684
155149.2375,176.08750000002328,-2839.375,-192.60000000000582,-7593.224999999977,-16304.974999999977,82.89999999999418,-2289.5625,455.8125,-61123.712499999994,0.6000000000000001,-0.275,-0.6124999999999972,1.4125,0.6124999999999998,-0.7874999999999943,-0.625,0.012500000000000178,-0.2875000000000001,-0.1875,0.1375,0.9749999999999943
155382.2375,-126.91249999997672,-2979.375,-398.6000000000058,-7566.224999999977,-16210.974999999977,-394.1000000000058,-2471.5625,479.8125,-60763.712499999994,-0.3999999999999999,0.725,0.38750000000000284,0.4125000000000001,0.6124999999999998,0.21250000000000568,0.375,0.012500000000000178,-0.2875000000000001,0.8125,0.1375,0.9749999999999943
155374.2375,-100.91249999997672,-2915.375,-425.6000000000058,-7642.224999999977,-16328.974999999977,-37.10000000000582,-2424.5625,493.8125,-60733.712499999994,-0.3999999999999999,-0.275,0.38750000000000284,0.4125000000000001,0.6124999999999998,1.2125000000000057,0.375,-0.9874999999999998,0.7124999999999999,-0.1875,2.1375,-1.0250000000000057
155450.2375,356.0875000000233,-2726.375,-351.6000000000058,-7309.224999999977,-16295.974999999977,13.89999999999418,-2424.5625,376.8125,-60812.712499999994,-0.3999999999999999,0.725,-0.6124999999999972,0.4125000000000001,-0.3875000000000002,1.2125000000000057,0.375,-0.9874999999999998,0.7124999999999999,-0.1875,1.1375,-1.0250000000000057
155589.2375,-275.9124999999767,-2760.375,-221.60000000000582,-7296.224999999977,-16246.974999999977,38.89999999999418,-2656.5625,-62.1875,-60749.712499999994,0.6000000000000001,-0.275,1.3875000000000028,0.4125000000000001,-0.3875000000000002,1.2125000000000057,0.375,0.012500000000000178,1.7125,-0.1875,0.1375,-0.025000000000005684
155188.2375,90.08750000002328,-2720.375,-267.6000000000058,-6945.224999999977,-16262.974999999977,-213.10000000000582,-2502.5625,106.8125,-60058.712499999994,-0.3999999999999999,-0.275,1.3875000000000028,0.4125000000000001,-0.3875000000000002,0.21250000000000568,-0.625,0.012500000000000178,-0.2875000000000001,-0.1875,0.1375,-0.025000000000005684
155190.2375,603.0875000000233,-2826.375,-281.6000000000058,-7490.224999999977,-16268.974999999977,-1007.1000000000058,-2565.5625,245.8125,-60438.712499999994,-0.3999999999999999,-0.275,0.38750000000000284,0.4125000000000001,-1.3875000000000002,-1.7874999999999943,-0.625,0.012500000000000178,-0.2875000000000001,-0.1875,0.1375,-1.0250000000000057
155380.2375,153.08750000002328,-2920.375,-417.6000000000058,-7799.224999999977,-16137.974999999977,394.8999999999942,-2352.5625,434.8125,-60626.712499999994,0.6000000000000001,-0.275,-1.6124999999999972,0.4125000000000001,-0.3875000000000002,-0.7874999999999943,-0.625,-0.9874999999999998,0.7124999999999999,-0.1875,0.1375,-0.025000000000005684
155583.2375,-363.9124999999767,-2947.375,-472.6000000000058,-7678.224999999977,-16091.974999999977,613.8999999999942,-2382.5625,403.8125,-60413.712499999994,-0.3999999999999999,0.725,-0.6124999999999972,1.4125,0.6124999999999998,0.21250000000000568,0.375,-0.9874999999999998,0.7124999999999999,-0.1875,0.1375,-0.025000000000005684
155346.2375,-200.91249999997672,-2935.375,-439.6000000000058,-7523.224999999977,-16171.974999999977,339.8999999999942,-2498.5625,494.8125,-60632.712499999994,0.6000000000000001,0.725,0.38750000000000284,0.4125000000000001,-0.3875000000000002,0.21250000000000568,0.375,0.012500000000000178,0.7124999999999999,-0.1875,1.1375,0.9749999999999943
155374.2375,73.08750000002328,-3023.375,-729.6000000000058,-7820.224999999977,-16048.974999999977,658.8999999999942,-2343.5625,471.8125,-60763.712499999994,0.6000000000000001,-0.275,0.38750000000000284,1.4125,-0.3875000000000002,1.2125000000000057,0.375,0.012500000000000178,-0.2875000000000001,-0.1875,0.1375,-0.025000000000005684
155308.2375,20.087500000023283,-2780.375,-635.6000000000058,-7860.224999999977,-15845.974999999977,759.8999999999942,-2253.5625,655.8125,-60594.712499999994,0.6000000000000001,-0.275,0.38750000000000284,0.4125000000000001,-0.3875000000000002,0.21250000000000568,-0.625,0.012500000000000178,-0.2875000000000001,-0.1875,-0.8625,0.9749999999999943
155323.2375,146.08750000002328,-2783.375,-478.6000000000058,-7749.224999999977,-15931.974999999977,342.8999999999942,-2342.5625,865.8125,-60424.712499999994,-0.3999999999999999,-0.275,-0.6124999999999972,1.4125,-0.3875000000000002,0.21250000000000568,-0.625,0.012500000000000178,-0.2875000000000001,-0.1875,-0.8625,0.9749999999999943
155407.2375,47.08750000002328,-2915.375,-86.60000000000582,-7626.224999999977,-16095.974999999977,307.8999999999942,-2496.5625,1124.8125,-60512.712499999994,-0.3999999999999999,-0.275,0.38750000000000284,0.4125000000000001,-0.3875000000000002,-0.7874999999999943,0.375,0.012500000000000178,-0.2875000000000001,-0.1875,0.1375,-0.025000000000005684
155202.2375,-70.91249999997672,-2738.375,-117.60000000000582,-7498.224999999977,-16252.974999999977,1101.8999999999942,-2120.5625,1259.8125,-60694.712499999994,-0.3999999999999999,0.725,0.38750000000000284,0.4125000000000001,0.6124999999999998,-0.7874999999999943,-0.625,0.012500000000000178,0.7124999999999999,-1.1875,0.1375,-1.0250000000000057
155142.2375,28.087500000023283,-2846.375,-209.60000000000582,-7804.224999999977,-16168.974999999977,731.8999999999942,-2251.5625,1210.8125,-60738.712499999994,-0.3999999999999999,-0.275,-0.6124999999999972,0.4125000000000001,0.6124999999999998,0.21250000000000568,0.375,0.012500000000000178,0.7124999999999999,0.8125,0.1375,-1.0250000000000057
155261.2375,-173.91249999997672,-137757.375,-273.6000000000058,-7833.224999999977,-16161.974999999977,196.89999999999418,-2335.5625,965.8125,-60664.712499999994,-0.3999999999999999,0.725,0.38750000000000284,0.4125000000000001,0.6124999999999998,1.2125000000000057,0.375,0.012500000000000178,0.7124999999999999,-1.1875,1.1375,0.9749999999999943
155312.2375,-308.9124999999767,7726033.625,-183.60000000000582,-7767.224999999977,-16243.974999999977,142.89999999999418,-2378.5625,906.8125,-60648.712499999994,-0.3999999999999999,-0.275,0.38750000000000284,0.4125000000000001,-0.3875000000000002,1.2125000000000057,0.375,-0.9874999999999998,0.7124999999999999,-1.1875,0.1375,-1.0250000000000057
155305.2375,-170.91249999997672,-2486.375,-140.60000000000582,-7725.224999999977,-16497.974999999977,84.89999999999418,-2385.5625,745.8125,-60619.712499999994,-0.3999999999999999,-0.275,0.38750000000000284,-0.5874999999999999,0.6124999999999998,0.21250000000000568,0.375,-0.9874999999999998,0.7124999999999999,-0.1875,-0.8625,0.9749999999999943
155355.2375,-28.912499999976717,-2517.375,-111.60000000000582,-7799.224999999977,-16406.974999999977,87.89999999999418,-2335.5625,413.8125,-60675.712499999994,0.6000000000000001,-1.275,0.38750000000000284,-0.5874999999999999,0.6124999999999998,0.21250000000000568,0.375,-0.9874999999999998,-0.2875000000000001,-1.1875,-0.8625,1.9749999999999943
155346.2375,-103.91249999997672,-2727.375,-177.60000000000582,-7777.224999999977,-16307.974999999977,206.89999999999418,-2491.5625,138.8125,-60896.712499999994,-0.3999999999999999,-0.275,0.38750000000000284,-0.5874999999999999,0.6124999999999998,0.21250000000000568,0.375,0.012500000000000178,-0.2875000000000001,-0.1875,-0.8625,-0.025000000000005684
155397.2375,110.08750000002328,-2845.375,-16.60000000000582,-7890.224999999977,-16292.974999999977,459.8999999999942,-2600.5625,113.8125,-60690.712499999994,0.6000000000000001,-0.275,-0.6124999999999972,0.4125000000000001,-0.3875000000000002,-1.7874999999999943,-0.625,0.012500000000000178,-0.2875000000000001,-0.1875,0.1375,-0.025000000000005684
155311.2375,287.0875000000233,-2910.375,-103.60000000000582,-7615.224999999977,-16272.974999999977,143.89999999999418,-2585.5625,109.8125,-61015.712499999994,0.6000000000000001,-0.275,0.38750000000000284,0.4125000000000001,-0.3875000000000002,0.21250000000000568,0.375,0.012500000000000178,0.7124999999999999,0.8125,-0.8625,-0.025000000000005684
155386.2375,1.087500000023283,-2902.375,-9.60000000000582,-7748.224999999977,-16474.974999999977,-686.1000000000058,-2571.5625,71.8125,-60930.712499999994,0.6000000000000001,-0.275,0.38750000000000284,0.4125000000000001,-0.3875000000000002,-0.7874999999999943,0.375,1.0125000000000002,-0.2875000000000001,-0.1875,0.1375,-0.025000000000005684
155520.2375,-432.9124999999767,-3123.375,-83.60000000000582,-7653.224999999977,-16804.974999999977,-1107.1000000000058,-2446.5625,-25.1875,-61009.712499999994,0.6000000000000001,-0.275,-0.6124999999999972,1.4125,-0.3875000000000002,0.21250000000000568,0.375,0.012500000000000178,-0.2875000000000001,-0.1875,0.1375,-0.025000000000005684
155268.2375,12.087500000023283,-3019.375,-314.6000000000058,-7322.224999999977,-16310.974999999977,-264.1000000000058,-2343.5625,214.8125,-60826.712499999994,0.6000000000000001,-0.275,0.38750000000000284,-0.5874999999999999,-0.3875000000000002,1.2125000000000057,0.375,0.012500000000000178,0.7124999999999999,-0.1875,-0.8625,0.9749999999999943
155437.2375,0.08750000002328306,-3055.375,-231.60000000000582,-7612.224999999977,-16344.974999999977,696.8999999999942,-2394.5625,374.8125,-60793.712499999994,0.6000000000000001,-1.275,1.3875000000000028,0.4125000000000001,-0.3875000000000002,1.2125000000000057,-0.625,0.012500000000000178,-0.2875000000000001,-0.1875,0.1375,0.9749999999999943
155263.2375,24.087500000023283,-3036.375,-302.6000000000058,-7714.224999999977,-16385.974999999977,121.89999999999418,-2386.5625,397.8125,-60764.712499999994,-0.3999999999999999,-0.275,0.38750000000000284,0.4125000000000001,-0.3875000000000002,0.21250000000000568,0.375,0.012500000000000178,-0.2875000000000001,-0.1875,0.1375,-0.025000000000005684
155219.2375,25.087500000023283,-2955.375,-317.6000000000058,-7712.224999999977,-16423.974999999977,207.89999999999418,-2393.5625,342.8125,-60971.712499999994,0.6000000000000001,-0.275,0.38750000000000284,0.4125000000000001,-0.3875000000000002,-0.7874999999999943,-0.625,0.012500000000000178,-0.2875000000000001,-0.1875,0.1375,-0.025000000000005684
155507.2375,-342.9124999999767,-2899.375,-411.6000000000058,-7654.224999999977,-16328.974999999977,-31.10000000000582,-2563.5625,181.8125,-60667.712499999994,0.6000000000000001,0.725,0.38750000000000284,0.4125000000000001,0.6124999999999998,-0.7874999999999943,-0.625,1.0125000000000002,0.7124999999999999,-0.1875,0.1375,-0.025000000000005684
155446.2375,-287.9124999999767,-2730.375,-356.6000000000058,-7563.224999999977,-16142.974999999977,-259.1000000000058,-2401.5625,374.8125,-60260.712499999994,0.6000000000000001,0.725,0.38750000000000284,-0.5874999999999999,0.6124999999999998,-0.7874999999999943,0.375,0.012500000000000178,-0.2875000000000001,0.8125,1.1375,0.9749999999999943
155153.2375,-91.91249999997672,-2827.375,-504.6000000000058,-7772.224999999977,-16119.974999999977,332.8999999999942,-2526.5625,16.8125,-60645.712499999994,0.6000000000000001,-0.275,0.38750000000000284,0.4125000000000001,0.6124999999999998,0.21250000000000568,0.375,1.0125000000000002,-0.2875000000000001,-0.1875,0.1375,-0.025000000000005684
155428.2375,45.08750000002328,-2771.375,-469.6000000000058,-7845.224999999977,-15994.974999999977,332.8999999999942,-2312.5625,-232.1875,-60672.712499999994,-0.3999999999999999,-0.275,0.38750000000000284,0.4125000000000001,0.6124999999999998,1.2125000000000057,0.375,0.012500000000000178,-0.2875000000000001,-0.1875,-0.8625,-0.025000000000005684
155285.2375,-88.91249999997672,-2779.375,-387.6000000000058,-7615.224999999977,-15860.974999999977,72.89999999999418,-2200.5625,-374.1875,-60697.712499999994,0.6000000000000001,-0.275,-0.6124999999999972,0.4125000000000001,-0.3875000000000002,0.21250000000000568,0.375,-0.9874999999999998,0.7124999999999999,-0.1875,0.1375,-0.025000000000005684
155293.2375,-118.91249999997672,-2703.375,-341.6000000000058,-7647.224999999977,-15855.974999999977,7.899999999994179,-2268.5625,-302.1875,-60645.712499999994,0.6000000000000001,-0.275,-1.6124999999999972,0.4125000000000001,0.6124999999999998,0.21250000000000568,0.375,-0.9874999999999998,-0.2875000000000001,-0.1875,0.1375,-1.0250000000000057
155457.2375,-118.91249999997672,-2603.375,-315.6000000000058,-7567.224999999977,-15894.974999999977,258.8999999999942,-2514.5625,-352.1875,-60607.712499999994,0.6000000000000001,-0.275,0.38750000000000284,0.4125000000000001,-0.3875000000000002,-0.7874999999999943,0.375,-0.9874999999999998,-0.2875000000000001,0.8125,0.1375,-0.025000000000005684
155385.2375,-488.9124999999767,-2602.375,-303.6000000000058,-7516.224999999977,-16043.974999999977,425.8999999999942,-2526.5625,-118.1875,-60875.712499999994,-0.3999999999999999,-0.275,-0.6124999999999972,0.4125000000000001,0.6124999999999998,-0.7874999999999943,0.375,0.012500000000000178,-1.2875,-0.1875,0.1375,-1.0250000000000057
155129.2375,-689.9124999999767,-2861.375,-242.60000000000582,-7567.224999999977,-16189.974999999977,640.8999999999942,-2292.5625,-51.1875,-60798.712499999994,-0.3999999999999999,0.725,1.3875000000000028,0.4125000000000001,-0.3875000000000002,-0.7874999999999943,0.375,0.012500000000000178,-0.2875000000000001,-0.1875,0.1375,0.9749999999999943
155261.2375,-432.9124999999767,-2901.375,-291.6000000000058,-7741.224999999977,-16160.974999999977,160.89999999999418,-2265.5625,-61.1875,-60835.712499999994,-0.3999999999999999,-0.275,1.3875000000000028,0.4125000000000001,0.6124999999999998,-1.7874999999999943,0.375,0.012500000000000178,-0.2875000000000001,0.8125,-0.8625,0.9749999999999943
155374.2375,84.08750000002328,-2847.375,-247.60000000000582,-7969.224999999977,-16324.974999999977,-277.1000000000058,-2337.5625,-23.1875,-60899.712499999994,-0.3999999999999999,0.725,0.38750000000000284,0.4125000000000001,0.6124999999999998,1.2125000000000057,0.375,0.012500000000000178,-0.2875000000000001,-0.1875,-0.8625,-0.025000000000005684
155342.2375,-247.91249999997672,-2807.375,-223.60000000000582,-7790.224999999977,-16247.974999999977,-253.10000000000582,-2421.5625,112.8125,-61038.712499999994,-0.3999999999999999,-0.275,-0.6124999999999972,0.4125000000000001,-0.3875000000000002,1.2125000000000057,0.375,0.012500000000000178,0.7124999999999999,-0.1875,0.1375,-1.0250000000000057
155257.2375,-412.9124999999767,-2849.375,-176.60000000000582,-7693.224999999977,-16167.974999999977,-281.1000000000058,-2209.5625,132.8125,-61011.712499999994,0.6000000000000001,0.725,-0.6124999999999972,0.4125000000000001,-0.3875000000000002,0.21250000000000568,0.375,-0.9874999999999998,-0.2875000000000001,-0.1875,-0.8625,-0.025000000000005684
155295.2375,-161.91249999997672,-2939.375,-417.6000000000058,-7661.224999999977,-16228.974999999977,205.89999999999418,-2147.5625,123.8125,-61095.712499999994,0.6000000000000001,-0.275,0.38750000000000284,0.4125000000000001,-1.3875000000000002,0.21250000000000568,-0.625,0.012500000000000178,-0.2875000000000001,-0.1875,0.1375,-1.0250000000000057
155425.2375,-212.91249999997672,-2764.375,-408.6000000000058,-7737.224999999977,-16275.974999999977,67.89999999999418,-2369.5625,83.8125,-61079.712499999994,0.6000000000000001,-0.275,0.38750000000000284,-0.5874999999999999,-0.3875000000000002,-1.7874999999999943,-0.625,0.012500000000000178,-0.2875000000000001,-0.1875,0.1375,-0.025000000000005684
155370.2375,-238.91249999997672,-2816.375,-585.6000000000058,-7696.224999999977,-16238.974999999977,-680.1000000000058,-2371.5625,78.8125,-60581.712499999994,0.6000000000000001,-0.275,0.38750000000000284,0.4125000000000001,-0.3875000000000002,-0.7874999999999943,0.375,0.012500000000000178,-0.2875000000000001,-0.1875,0.1375,0.9749999999999943
155211.2375,-194.91249999997672,-3008.375,-511.6000000000058,-7839.224999999977,-16335.974999999977,740.8999999999942,-2280.5625,161.8125,-60830.712499999994,-0.3999999999999999,-0.275,-0.6124999999999972,0.4125000000000001,0.6124999999999998,-0.7874999999999943,0.375,-0.9874999999999998,-0.2875000000000001,-0.1875,-0.8625,0.9749999999999943
155351.2375,-95.91249999997672,-2934.375,-264.6000000000058,-7848.224999999977,-16244.974999999977,585.8999999999942,-2334.5625,446.8125,-60881.712499999994,-0.3999999999999999,-0.275,-0.6124999999999972,0.4125000000000001,0.6124999999999998,0.21250000000000568,0.375,0.012500000000000178,-0.2875000000000001,0.8125,-0.8625,0.9749999999999943
155359.2375,-288.9124999999767,-2788.375,-284.6000000000058,-7722.224999999977,-16168.974999999977,158.89999999999418,-2309.5625,303.8125,-60838.712499999994,-0.3999999999999999,0.725,-0.6124999999999972,-0.5874999999999999,0.6124999999999998,0.21250000000000568,0.375,0.012500000000000178,-0.2875000000000001,-0.1875,0.1375,-1.0250000000000057
155308.2375,4.087500000023283,-2850.375,-306.6000000000058,-7716.224999999977,-16099.974999999977,-467.1000000000058,-2330.5625,227.8125,-60806.712499999994,-0.3999999999999999,-0.275,-0.6124999999999972,0.4125000000000001,0.6124999999999998,0.21250000000000568,0.375,0.012500000000000178,-0.2875000000000001,-0.1875,-0.8625,0.9749999999999943
155302.2375,150.08750000002328,-2816.375,-428.6000000000058,-7760.224999999977,-16173.974999999977,-351.1000000000058,-2360.5625,407.8125,-60802.712499999994,0.6000000000000001,0.725,0.38750000000000284,0.4125000000000001,-0.3875000000000002,0.21250000000000568,-0.625,0.012500000000000178,0.7124999999999999,-0.1875,0.1375,-0.025000000000005684
155235.2375,-182.91249999997672,-3091.375,-367.6000000000058,-7933.224999999977,-16099.974999999977,-1086.1000000000058,-2539.5625,891.8125,-60788.712499999994,-0.3999999999999999,-0.275,0.38750000000000284,-0.5874999999999999,-0.3875000000000002,0.21250000000000568,0.375,0.012500000000000178,-0.2875000000000001,0.8125,0.1375,-0.025000000000005684
155360.2375,-58.91249999997672,-2741.375,-158.60000000000582,-8008.224999999977,-16080.974999999977,-1393.1000000000058,-2601.5625,800.8125,-60830.712499999994,1.6,-0.275,0.38750000000000284,0.4125000000000001,-0.3875000000000002,0.21250000000000568,0.375,0.012500000000000178,-0.2875000000000001,-0.1875,0.1375,0.9749999999999943
155175.2375,-294.9124999999767,-2798.375,-165.60000000000582,-7986.224999999977,-16028.974999999977,287.8999999999942,-2351.5625,975.8125,-60540.712499999994,-0.3999999999999999,0.725,-1.6124999999999972,0.4125000000000001,-0.3875000000000002,-0.7874999999999943,-0.625,0.012500000000000178,0.7124999999999999,-0.1875,0.1375,-0.025000000000005684
155329.2375,-431.9124999999767,-2786.375,-24.60000000000582,-7867.224999999977,-15995.974999999977,36.89999999999418,-2328.5625,1080.8125,-60527.712499999994,0.6000000000000001,-0.275,-0.6124999999999972,0.4125000000000001,-0.3875000000000002,0.21250000000000568,0.375,0.012500000000000178,-0.2875000000000001,-0.1875,0.1375,-0.025000000000005684
155665.2375,-442.9124999999767,-2784.375,0.39999999999417923,-7887.224999999977,-16088.974999999977,284.8999999999942,-2317.5625,1130.8125,-60295.712499999994,0.6000000000000001,-0.275,-1.6124999999999972,1.4125,-0.3875000000000002,0.21250000000000568,0.375,0.012500000000000178,-0.2875000000000001,0.8125,0.1375,-0.025000000000005684
155491.2375,-119.91249999997672,-2806.375,-64.60000000000582,-7797.224999999977,-15959.974999999977,446.8999999999942,-2316.5625,1088.8125,-60230.712499999994,-0.3999999999999999,-0.275,-0.6124999999999972,0.4125000000000001,-0.3875000000000002,1.2125000000000057,-0.625,0.012500000000000178,0.7124999999999999,-0.1875,0.1375,-0.025000000000005684
155306.2375,-173.91249999997672,-2730.375,-65.60000000000582,-7764.224999999977,-16094.974999999977,22.89999999999418,-2232.5625,967.8125,-60364.712499999994,0.6000000000000001,-0.275,-0.6124999999999972,0.4125000000000001,0.6124999999999998,1.2125000000000057,0.375,-0.9874999999999998,-0.2875000000000001,0.8125,0.1375,-1.0250000000000057
155174.2375,-79.91249999997672,-2788.375,96.39999999999418,-7606.224999999977,-16155.974999999977,-182.10000000000582,-2240.5625,1006.8125,-60868.712499999994,0.6000000000000001,-0.275,-0.6124999999999972,0.4125000000000001,0.6124999999999998,-1.7874999999999943,0.375,-0.9874999999999998,0.7124999999999999,-0.1875,0.1375,1.9749999999999943
155261.2375,-109.91249999997672,-2687.375,-67.60000000000582,-7592.224999999977,-16261.974999999977,246.89999999999418,-2546.5625,920.8125,-60300.712499999994,-0.3999999999999999,-0.275,-0.6124999999999972,0.4125000000000001,-0.3875000000000002,-0.7874999999999943,0.375,0.012500000000000178,-0.2875000000000001,-0.1875,0.1375,0.9749999999999943
155577.2375,20.087500000023283,-2648.375,-173.60000000000582,-7762.224999999977,-16177.974999999977,-284.1000000000058,-2688.5625,750.8125,-60340.712499999994,-0.3999999999999999,-0.275,-0.6124999999999972,0.4125000000000001,0.6124999999999998,-0.7874999999999943,0.375,0.012500000000000178,0.7124999999999999,-0.1875,0.1375,0.9749999999999943
155303.2375,18.087500000023283,-2883.375,-64.60000000000582,-7704.224999999977,-15930.974999999977,465.8999999999942,-2500.5625,927.8125,-60325.712499999994,-0.3999999999999999,-0.275,0.38750000000000284,0.4125000000000001,-0.3875000000000002,-0.7874999999999943,-0.625,0.012500000000000178,-0.2875000000000001,-0.1875,-0.8625,-0.025000000000005684
155303.2375,-0.9124999999767169,-2790.375,27.39999999999418,-7573.224999999977,-16163.974999999977,618.8999999999942,-2454.5625,514.8125,-60552.712499999994,-0.3999999999999999,0.725,-0.6124999999999972,0.4125000000000001,0.6124999999999998,-0.7874999999999943,-0.625,0.012500000000000178,-0.2875000000000001,-0.1875,0.1375,-1.0250000000000057
155238.2375,-233.91249999997672,-2702.375,91.39999999999418,-7377.224999999977,-16201.974999999977,342.8999999999942,-2502.5625,303.8125,-60697.712499999994,-0.3999999999999999,-0.275,0.38750000000000284,0.4125000000000001,-0.3875000000000002,0.21250000000000568,0.375,0.012500000000000178,0.7124999999999999,-0.1875,0.1375,-1.0250000000000057
155351.2375,-503.9124999999767,-2739.375,80.39999999999418,-7390.224999999977,-16176.974999999977,287.8999999999942,-2473.5625,300.8125,-60469.712499999994,0.6000000000000001,-0.275,0.38750000000000284,0.4125000000000001,-0.3875000000000002,1.2125000000000057,-0.625,0.012500000000000178,-0.2875000000000001,-0.1875,1.1375,0.9749999999999943
155375.2375,-316.9124999999767,-2719.375,125.39999999999418,-7442.224999999977,-16090.974999999977,821.8999999999942,-2284.5625,391.8125,-60486.712499999994,0.6000000000000001,-0.275,0.38750000000000284,0.4125000000000001,-0.3875000000000002,0.21250000000000568,0.375,0.012500000000000178,0.7124999999999999,-0.1875,0.1375,-0.025000000000005684
155194.2375,-251.91249999997672,-2798.375,85.39999999999418,-7395.224999999977,-16263.974999999977,372.8999999999942,-2244.5625,231.8125,-60872.712499999994,0.6000000000000001,-0.275,0.38750000000000284,0.4125000000000001,-0.3875000000000002,0.21250000000000568,0.375,0.012500000000000178,-0.2875000000000001,-0.1875,-0.8625,-0.025000000000005684
155197.2375,-366.9124999999767,-2948.375,53.39999999999418,-7552.224999999977,-16365.974999999977,530.8999999999942,-2341.5625,352.8125,-60848.712499999994,0.6000000000000001,-0.275,-1.6124999999999972,0.4125000000000001,-0.3875000000000002,-0.7874999999999943,0.375,0.012500000000000178,-0.2875000000000001,-0.1875,0.1375,-1.0250000000000057
155302.2375,-199.91249999997672,-2968.375,139.39999999999418,-7700.224999999977,-16404.974999999977,2.8999999999941792,-2484.5625,521.8125,-60665.712499999994,0.6000000000000001,0.725,-1.6124999999999972,0.4125000000000001,-0.3875000000000002,0.21250000000000568,-0.625,0.012500000000000178,-0.2875000000000001,-0.1875,-0.8625,-1.0250000000000057
155383.2375,-306.9124999999767,-2990.375,15.39999999999418,-7832.224999999977,-16239.974999999977,359.8999999999942,-2560.5625,368.8125,-60539.712499999994,0.6000000000000001,0.725,-0.6124999999999972,0.4125000000000001,-0.3875000000000002,-0.7874999999999943,0.375,0.012500000000000178,0.7124999999999999,-1.1875,0.1375,-1.0250000000000057
155479.2375,-505.9124999999767,-2958.375,-93.60000000000582,-8171.224999999977,-16264.974999999977,-158.10000000000582,-2622.5625,74.8125,-60655.712499999994,0.6000000000000001,-0.275,0.38750000000000284,1.4125,0.6124999999999998,-1.7874999999999943,-0.625,0.012500000000000178,0.7124999999999999,0.8125,0.1375,0.9749999999999943
155314.2375,-233.91249999997672,-2845.375,-136.60000000000582,-8372.224999999977,-16546.974999999977,-486.1000000000058,-2477.5625,154.8125,-61290.712499999994,1.6,-0.275,1.3875000000000028,1.4125,0.6124999999999998,3.2125000000000057,0.375,0.012500000000000178,-1.2875,-1.1875,0.1375,1.9749999999999943
155011.2375,-228.91249999997672,-2604.375,-422.6000000000058,-8515.224999999977,-16853.974999999977,327.8999999999942,-2455.5625,393.8125,-61867.712499999994,3.6,-2.275,-0.6124999999999972,4.4125,1.6124999999999998,-2.7874999999999943,0.375,0.012500000000000178,0.7124999999999999,1.8125,0.1375,5.974999999999994
155374.2375,-1519.9124999999767,-2858.375,-1176.6000000000058,-9742.224999999977,-15994.974999999977,-61.10000000000582,-1452.5625,-327.1875,-62538.712499999994,1.6,-2.275,-0.6124999999999972,3.4125,-1.3875000000000002,-0.7874999999999943,-0.625,0.012500000000000178,-0.2875000000000001,-0.1875,-2.8625,-5.025000000000006
154235.2375,1375.0875000000233,-2715.375,800.3999999999942,-6841.224999999977,-16750.974999999977,1167.8999999999942,-2278.5625,1795.8125,-58855.712499999994,0.6000000000000001,-0.275,-7.612499999999997,-0.5874999999999999,1.6124999999999998,-2.7874999999999943,-0.625,1.0125000000000002,-0.2875000000000001,1.8125,-0.8625,-7.025000000000006
155981.2375,181.08750000002328,-2715.375,309.3999999999942,-7521.224999999977,-16134.974999999977,-1214.1000000000058,-2105.5625,-383.1875,-59615.712499999994,1.6,0.725,-5.612499999999997,0.4125000000000001,2.6125,-0.7874999999999943,-0.625,0.012500000000000178,0.7124999999999999,-2.1875,-1.8625,-0.025000000000005684
156649.2375,-1925.9124999999767,-3905.375,-1817.6000000000058,-9458.224999999977,-15662.974999999977,-1546.1000000000058,-1701.5625,-172.1875,-62442.712499999994,-2.4,-1.275,8.387500000000003,1.4125,0.6124999999999998,6.212500000000006,0.375,0.012500000000000178,0.7124999999999999,0.8125,0.1375,2.9749999999999943
154224.2375,206.08750000002328,-3331.375,-241.60000000000582,-8118.224999999977,-17004.974999999977,1128.8999999999942,-2361.5625,1915.8125,-59017.712499999994,2.6,0.725,-5.612499999999997,0.4125000000000001,-1.3875000000000002,1.2125000000000057,0.375,0.012500000000000178,-0.2875000000000001,-1.1875,2.1375,-2.0250000000000057
154133.2375,738.0875000000233,-3128.375,29.39999999999418,-8708.224999999977,-17013.974999999977,1488.8999999999942,-2441.5625,1866.8125,-60753.712499999994,1.6,-0.275,-7.612499999999997,0.4125000000000001,-1.3875000000000002,1.2125000000000057,-0.625,0.012500000000000178,-0.2875000000000001,1.8125,1.1375,-0.025000000000005684
155061.2375,-207.91249999997672,-3391.375,-1075.6000000000058,-9740.224999999977,-16254.974999999977,-10.10000000000582,-1873.5625,257.8125,-62528.712499999994,-1.4,-3.275,1.3875000000000028,0.4125000000000001,1.6124999999999998,3.2125000000000057,-0.625,0.012500000000000178,-0.2875000000000001,0.8125,1.1375,2.9749999999999943
155602.2375,-1267.9124999999767,-3476.375,-506.6000000000058,-9255.224999999977,-16415.974999999977,-764.1000000000058,-1804.5625,365.8125,-62068.712499999994,0.6000000000000001,-2.275,-0.6124999999999972,0.4125000000000001,1.6124999999999998,5.212500000000006,-0.625,0.012500000000000178,-0.2875000000000001,-0.1875,1.1375,-0.025000000000005684
154284.2375,612.0875000000233,-2998.375,38.39999999999418,-9163.224999999977,-17153.974999999977,234.89999999999418,-2085.5625,830.8125,-61748.712499999994,-0.3999999999999999,-0.275,1.3875000000000028,0.4125000000000001,0.6124999999999998,1.2125000000000057,0.375,0.012500000000000178,-0.2875000000000001,-0.1875,0.1375,-0.025000000000005684
154468.2375,255.08750000002328,-3044.375,25.39999999999418,-9200.224999999977,-17020.974999999977,-562.1000000000058,-2247.5625,893.8125,-61595.712499999994,1.6,-2.275,-2.612499999999997,2.4125,-0.3875000000000002,0.21250000000000568,0.375,0.012500000000000178,0.7124999999999999,-1.1875,0.1375,-3.0250000000000057
154814.2375,-114.91249999997672,-3137.375,-602.6000000000058,-9470.224999999977,-16310.974999999977,-1806.1000000000058,-2178.5625,392.8125,-62282.712499999994,-2.4,0.725,3.387500000000003,-1.5875,0.6124999999999998,0.21250000000000568,0.375,0.012500000000000178,-0.2875000000000001,-0.1875,1.1375,-0.025000000000005684
154787.2375,-679.9124999999767,-3031.375,-348.6000000000058,-10211.224999999977,-16427.974999999977,-1144.1000000000058,-1785.5625,460.8125,-62644.712499999994,2.6,-4.275,0.38750000000000284,2.4125,1.6124999999999998,1.2125000000000057,-0.625,0.012500000000000178,-0.2875000000000001,-0.1875,0.1375,0.9749999999999943
154432.2375,157.08750000002328,-2953.375,186.39999999999418,-9539.224999999977,-16685.974999999977,-162.10000000000582,-1996.5625,567.8125,-61940.712499999994,-0.3999999999999999,0.725,0.38750000000000284,2.4125,2.6125,-2.7874999999999943,-0.625,0.012500000000000178,-0.2875000000000001,1.8125,0.1375,1.9749999999999943
153770.2375,807.0875000000233,-3149.375,64.39999999999418,-9335.224999999977,-16774.974999999977,654.8999999999942,-2102.5625,680.8125,-61410.712499999994,-0.3999999999999999,0.725,-3.612499999999997,-2.5875,-1.3875000000000002,-1.7874999999999943,0.375,0.012500000000000178,-0.2875000000000001,0.8125,0.1375,-0.025000000000005684
154575.2375,-281.9124999999767,-3252.375,-743.6000000000058,-10134.224999999977,-16372.974999999977,-203.10000000000582,-1885.5625,-383.1875,-62121.712499999994,4.6,-1.275,-0.6124999999999972,1.4125,-1.3875000000000002,2.2125000000000057,0.375,0.012500000000000178,-0.2875000000000001,-0.1875,-0.8625,2.9749999999999943
155180.2375,-949.9124999999767,-3329.375,-739.6000000000058,-10328.224999999977,-16087.974999999977,-381.1000000000058,-2228.5625,358.8125,-62204.712499999994,-1.4,0.725,0.38750000000000284,1.4125,-1.3875000000000002,2.2125000000000057,-0.625,0.012500000000000178,-0.2875000000000001,-0.1875,-0.8625,-2.0250000000000057
153538.2375,758.0875000000233,-3019.375,934.3999999999942,-8599.224999999977,-16971.974999999977,339.8999999999942,-2500.5625,1386.8125,-60021.712499999994,-0.3999999999999999,-0.275,-3.612499999999997,0.4125000000000001,1.6124999999999998,-4.787499999999994,-0.625,0.012500000000000178,0.7124999999999999,1.8125,0.1375,-2.0250000000000057
155533.2375,178.08750000002328,-3539.375,-248.60000000000582,-10165.224999999977,-15746.974999999977,-785.1000000000058,-1821.5625,136.8125,-60941.712499999994,1.6,-1.275,-2.612499999999997,3.4125,-1.3875000000000002,0.21250000000000568,-0.625,0.012500000000000178,-0.2875000000000001,-0.1875,0.1375,0.9749999999999943
154552.2375,-1151.9124999999767,-3533.375,-774.6000000000058,-9140.224999999977,-16106.974999999977,33.89999999999418,-2038.5625,-427.1875,-61390.712499999994,-2.4,0.725,3.387500000000003,-2.5875,-1.3875000000000002,4.212500000000006,-0.625,0.012500000000000178,-0.2875000000000001,0.8125,-0.8625,1.9749999999999943
154177.2375,64.08750000002328,-3318.375,49.39999999999418,-8840.224999999977,-16506.974999999977,555.8999999999942,-2223.5625,388.8125,-60755.712499999994,3.6,-2.275,-2.612499999999997,5.4125,2.6125,-3.7874999999999943,-0.625,-0.9874999999999998,0.7124999999999999,-1.1875,1.1375,0.9749999999999943
154070.2375,578.0875000000233,-2876.375,150.39999999999418,-9526.224999999977,-16539.974999999977,344.8999999999942,-2348.5625,164.8125,-61236.712499999994,-1.4,0.725,0.38750000000000284,3.4125,1.6124999999999998,-0.7874999999999943,0.375,-0.9874999999999998,0.7124999999999999,-1.1875,2.1375,1.9749999999999943
154804.2375,16.087500000023283,-3186.375,-454.6000000000058,-9747.224999999977,-16239.974999999977,480.8999999999942,-2147.5625,70.8125,-61516.712499999994,-30.4,-6.275,108.3875,11.4125,12.6125,-66.7875,-0.625,0.012500000000000178,1.7125,5.8125,-0.8625,-3.0250000000000057
155017.2375,12664.087500000023,-3145.375,60.39999999999418,-9876.224999999977,-14939.974999999977,3376.899999999994,-2443.5625,51.8125,-61333.712499999994,-14.4,14.725,21.387500000000003,-38.5875,5.6125,-12.787499999999994,0.375,0.012500000000000178,0.7124999999999999,-2.1875,2.1375,1.9749999999999943
159656.2375,73592.08750000002,-2697.375,-663.6000000000058,-8600.224999999977,11646.025000000023,60435.899999999994,-2964.5625,-416.1875,-61585.712499999994,39.6,39.725,-35.6125,-15.5875,29.6125,-52.787499999999994,-0.625,1.0125000000000002,-0.2875000000000001,-0.1875,-2.8625,-9.025000000000006
241287.2375,272223.0875,7588.625,-506.6000000000058,-6182.224999999977,383275.025,344588.9,-5571.5625,1215.8125,-56366.712499999994,0.6000000000000001,6.725,-2.612499999999997,2.4125,-14.3875,-36.787499999999994,-0.625,0.012500000000000178,-0.2875000000000001,-3.1875,-4.8625,11.974999999999994
243559.2375,320507.0875,9232.625,-229.60000000000582,-6253.224999999977,391315.025,356617.9,-5847.5625,1090.8125,-56771.712499999994,-8.4,-4.275,38.3875,-3.5875,-0.3875000000000002,3.2125000000000057,-0.625,0.012500000000000178,-1.2875,-1.1875,-2.8625,9.974999999999994
235691.2375,313405.0875,8246.625,-46.60000000000582,-6395.224999999977,364379.025,335763.9,-4935.5625,157.8125,-57183.712499999994,14.6,8.725,-20.612499999999997,-1.5875,-7.3875,-8.787499999999994,-0.625,0.012500000000000178,-0.2875000000000001,0.8125,0.1375,15.974999999999994
244349.2375,326149.0875,7915.625,-672.6000000000058,-6493.224999999977,362486.025,359332.9,-4858.5625,433.8125,-56659.712499999994,2.6,-6.275,-8.612499999999997,-16.5875,2.6125,12.212500000000006,0.375,0.012500000000000178,1.7125,1.8125,1.1375,12.974999999999994
227521.2375,243903.08750000002,7017.625,600.3999999999942,-5387.224999999977,339637.025,335047.9,-4728.5625,672.8125,-56055.712499999994,-1.4,4.725,13.387500000000003,17.4125,-7.3875,-18.787499999999994,0.375,0.012500000000000178,-1.2875,1.8125,1.1375,10.974999999999994
220074.2375,212897.08750000002,6341.625,275.3999999999942,-6985.224999999977,279300.025,311455.9,-3981.5625,-24.1875,-55356.712499999994,3.6,-5.275,2.387500000000003,-0.5874999999999999,0.6124999999999998,7.212500000000006,-0.625,0.012500000000000178,-0.2875000000000001,-0.1875,3.1375,10.974999999999994
192658.2375,124854.08750000002,-74.375,-545.6000000000058,-6339.224999999977,159883.02500000002,256762.9,-2197.5625,1101.8125,-56878.712499999994,1.6,-16.275,-3.612499999999997,0.4125000000000001,-1.3875000000000002,-6.787499999999994,-0.625,0.012500000000000178,0.7124999999999999,1.8125,-1.8625,-3.0250000000000057
181776.2375,100354.08750000002,-688.375,750.3999999999942,-5756.224999999977,140857.02500000002,240081.9,-2743.5625,1646.8125,-55810.712499999994,5.6,8.725,-8.612499999999997,-5.5875,-4.3875,-16.787499999999994,0.375,-0.9874999999999998,-0.2875000000000001,1.8125,1.1375,-3.0250000000000057
173303.2375,76510.08750000002,-2332.375,-969.6000000000058,-5484.224999999977,114433.02500000002,214574.9,-2631.5625,1260.8125,-56762.712499999994,4.6,-1.275,-21.612499999999997,3.4125,-6.3875,4.212500000000006,-0.625,0.012500000000000178,-0.2875000000000001,1.8125,-2.8625,-6.025000000000006
167697.2375,57457.08750000002,-2991.375,-1028.6000000000058,-7348.224999999977,85721.02500000002,201688.9,-1999.5625,-485.1875,-58850.712499999994,-2.4,-6.275,13.387500000000003,16.4125,-11.3875,-17.787499999999994,-0.625,1.0125000000000002,-0.2875000000000001,0.8125,-0.8625,-7.025000000000006
170348.2375,71809.08750000002,-2886.375,261.3999999999942,-6012.224999999977,66468.02500000002,213191.9,-2460.5625,2021.8125,-57265.712499999994,3.6,5.725,-4.612499999999997,11.4125,-8.3875,-18.787499999999994,0.375,0.012500000000000178,-0.2875000000000001,2.8125,2.1375,-3.0250000000000057
167532.2375,90012.08750000002,-1639.375,950.3999999999942,-7510.224999999977,54877.02500000002,239138.9,-2140.5625,696.8125,-55827.712499999994,-8.4,1.725,40.3875,-0.5874999999999999,-2.3875,-10.787499999999994,0.375,0.012500000000000178,-0.2875000000000001,0.8125,3.1375,-4.025000000000006
168944.2375,98127.08750000002,-1811.375,-572.6000000000058,-9024.224999999977,40306.02500000002,230146.9,-2481.5625,124.8125,-58260.712499999994,-0.3999999999999999,5.725,-28.612499999999997,7.4125,20.6125,-28.787499999999994,-0.625,0.012500000000000178,-0.2875000000000001,0.8125,2.1375,1.9749999999999943
168197.2375,166257.08750000002,2614.625,-413.6000000000058,-10028.224999999977,42951.02500000002,214259.9,-3111.5625,43.8125,-58508.712499999994,-4.4,-11.275,-14.612499999999997,-8.5875,-2.3875,-6.787499999999994,0.375,-0.9874999999999998,0.7124999999999999,-3.1875,-5.8625,10.974999999999994
141401.2375,175604.08750000002,2057.625,460.3999999999942,-8858.224999999977,44364.02500000002,314410.9,-2950.5625,565.8125,-56154.712499999994,11.6,-2.275,-43.6125,15.4125,16.6125,-13.787499999999994,-0.625,1.0125000000000002,-1.2875,-1.1875,-1.8625,3.9749999999999943
135498.2375,195411.08750000002,4139.625,153.39999999999418,-9102.224999999977,32748.025000000023,281756.9,-3465.5625,182.8125,-56359.712499999994,-0.3999999999999999,-2.275,37.3875,2.4125,-29.3875,23.212500000000006,0.375,0.012500000000000178,2.7125,-0.1875,0.1375,5.974999999999994
125361.2375,198728.08750000002,3883.625,-600.6000000000058,-8332.224999999977,26026.025000000023,315051.9,-3394.5625,436.8125,-57828.712499999994,-4.4,11.725,4.387500000000003,-24.5875,-16.3875,86.2125,-0.625,1.0125000000000002,-0.2875000000000001,2.8125,6.1375,-0.025000000000005684
116967.2375,206868.08750000002,4401.625,-49.60000000000582,-7988.224999999977,20612.025000000023,368041.9,-2805.5625,898.8125,-56109.712499999994,2.6,12.725,-10.612499999999997,4.4125,23.6125,1.2125000000000057,-0.625,0.012500000000000178,0.7124999999999999,-3.1875,-3.8625,0.9749999999999943
103456.2375,180232.08750000002,4067.625,147.39999999999418,-6008.224999999977,9762.025000000023,359007.9,-2660.5625,714.8125,-52854.712499999994,-0.3999999999999999,12.725,-8.612499999999997,-16.5875,4.6125,-1.7874999999999943,-0.625,-0.9874999999999998,-1.2875,0.8125,-8.8625,-0.025000000000005684
95046.2375,176940.08750000002,3743.625,1228.3999999999942,-4689.224999999977,8405.025000000023,334081.9,-3228.5625,1863.8125,-56512.712499999994,10.6,12.725,15.387500000000003,-2.5875,2.6125,1.2125000000000057,-0.625,0.012500000000000178,-0.2875000000000001,-2.1875,1.1375,7.974999999999994
91038.2375,162519.08750000002,2046.625,47.39999999999418,-7253.224999999977,-2689.9749999999767,361707.9,-2652.5625,-1612.1875,-56283.712499999994,-4.4,1.725,8.387500000000003,-4.5875,-0.3875000000000002,-12.787499999999994,0.375,0.012500000000000178,-0.2875000000000001,-1.1875,8.1375,-0.025000000000005684
72212.2375,169283.08750000002,2753.625,353.3999999999942,-4094.2249999999767,-9071.974999999977,369189.9,-2721.5625,561.8125,-54552.712499999994,10.6,15.725,-16.612499999999997,7.4125,13.6125,-52.787499999999994,0.375,-0.9874999999999998,0.7124999999999999,2.8125,6.1375,-4.025000000000006
65407.2375,161652.08750000002,1723.625,894.3999999999942,-2817.2249999999767,-7800.974999999977,365750.9,-3852.5625,1005.8125,-54006.712499999994,4.6,-2.275,30.387500000000003,-28.5875,16.6125,-0.7874999999999943,0.375,0.012500000000000178,-0.2875000000000001,-0.1875,5.1375,-4.025000000000006
50330.2375,161023.08750000002,510.625,-933.6000000000058,-3351.2249999999767,-10749.974999999977,351331.9,-4520.5625,268.8125,-54516.712499999994,-1.4,7.725,19.387500000000003,12.4125,-4.3875,-68.7875,-0.625,0.012500000000000178,-0.2875000000000001,1.8125,3.1375,-0.025000000000005684
27501.237500000003,198826.08750000002,1303.625,-236.60000000000582,-2384.2249999999767,-18302.974999999977,355172.9,-6401.5625,212.8125,-54746.712499999994,8.6,-9.275,-18.612499999999997,-25.5875,5.6125,-3.7874999999999943,0.375,0.012500000000000178,0.7124999999999999,-3.1875,-1.8625,1.9749999999999943
8767.237500000003,210375.08750000002,1563.625,-112.60000000000582,-1260.2249999999767,-15951.974999999977,348587.9,-7365.5625,1205.8125,-52618.712499999994,9.6,-8.275,-14.612499999999997,-40.5875,9.6125,22.212500000000006,0.375,0.012500000000000178,0.7124999999999999,-0.1875,-0.8625,9.974999999999994
-6097.762499999997,221200.08750000002,1957.625,562.3999999999942,-1083.2249999999767,-8187.974999999977,336381.9,-7826.5625,510.8125,-52886.712499999994,-0.3999999999999999,-4.275,10.387500000000003,46.4125,-14.3875,-20.787499999999994,-0.625,0.012500000000000178,-0.2875000000000001,-1.1875,-2.8625,2.9749999999999943
-15704.762499999997,217187.08750000002,2026.625,202.39999999999418,-1268.2249999999767,-11377.974999999977,319778.9,-7887.5625,568.8125,-52902.712499999994,-5.4,-0.275,6.387500000000003,-23.5875,-7.3875,33.212500000000006,0.375,0.012500000000000178,-0.2875000000000001,-1.1875,0.1375,3.9749999999999943
-18649.762499999997,206546.08750000002,858.625,-413.6000000000058,-1256.2249999999767,-8339.974999999977,318567.9,-8217.5625,165.8125,-52843.712499999994,6.6,-4.275,-20.612499999999997,9.4125,3.6125,3.2125000000000057,-0.625,0.012500000000000178,0.7124999999999999,-0.1875,3.1375,6.974999999999994
33050.2375,171463.08750000002,1053.625,503.3999999999942,-343.2249999999767,-12417.974999999977,307687.9,-7380.5625,766.8125,-52173.712499999994,8.6,-4.275,-16.612499999999997,-9.5875,0.6124999999999998,3.2125000000000057,0.375,0.012500000000000178,0.7124999999999999,-0.1875,-0.8625,2.9749999999999943
102692.2375,93301.08750000002,-926.375,-33.60000000000582,-237.22499999997672,18860.025000000023,200565.9,-626.5625,888.8125,-51508.712499999994,-8.4,11.725,42.3875,14.4125,-18.3875,9.212500000000006,0.375,0.012500000000000178,-1.2875,7.8125,3.1375,-1.0250000000000057
121577.2375,14379.087500000023,-4114.375,-318.6000000000058,97.77500000002328,70248.02500000002,109541.9,8172.4375,-142.1875,-51199.712499999994,-55.4,-64.275,-119.6125,-208.5875,62.6125,256.2125,1.375,-5.9875,5.7125,-117.1875,95.1375,-70.025
91839.2375,-1197.9124999999767,-2371.375,-2305.600000000006,-9488.224999999977,56428.02500000002,17859.899999999994,6821.4375,-646.1875,-18611.712499999994,-81.4,-11.275,-26.612499999999997,237.4125,153.6125,-249.7875,-3.625,-3.9875,17.7125,-18.1875,38.1375,-199.025
88949.2375,13519.087500000023,-11102.375,599.3999999999942,34645.77500000002,76959.02500000002,48244.899999999994,-39882.5625,4804.8125,63464.287500000006,29.6,-88.275,19.387500000000003,42.4125,136.6125,114.2125,-2.625,19.0125,20.7125,12.8125,2.1375,-201.025
176803.2375,233564.08750000002,25960.625,2188.399999999994,-10451.224999999977,221025.02500000002,179552.9,-5601.5625,321.8125,27957.287500000006,37.6,115.725,26.387500000000003,129.4125,-46.3875,-108.7875,2.375,-4.9875,10.7125,28.8125,141.1375,-53.025000000000006
242101.2375,315416.0875,12621.625,-5907.600000000006,-3950.2249999999767,506152.025,289944.9,-8039.5625,326.8125,12068.287500000006,-39.4,-27.275,-53.6125,20.4125,-2.3875,57.212500000000006,0.375,-0.9874999999999998,1.7125,24.8125,81.1375,34.974999999999994
266617.2375,304654.0875,-74.375,-346.6000000000058,9130.775000000023,607568.025,331434.9,-50123.5625,-6556.1875,13500.287500000006,-25.4,8.725,38.3875,-88.5875,19.6125,52.212500000000006,0.375,1.0125000000000002,0.7124999999999999,-19.1875,-1.8625,-39.025000000000006
183826.2375,263751.0875,-38047.375,3399.399999999994,23059.775000000023,267588.025,333661.9,-77546.5625,7006.8125,45591.287500000006,10.6,0.725,8.387500000000003,-26.5875,-27.3875,18.212500000000006,1.375,0.012500000000000178,-0.2875000000000001,16.8125,46.1375,-22.025000000000006
196949.2375,319303.0875,-49313.375,1674.3999999999942,2232.7750000000233,160398.02500000002,373200.9,-57926.5625,-4472.1875,37270.287500000006,1.6,-16.275,-36.6125,2.4125,-39.3875,-38.787499999999994,-0.625,0.012500000000000178,-2.2875,6.8125,-25.8625,-21.025000000000006
195550.2375,313669.0875,-49320.375,-2508.600000000006,433758.775,271976.025,377952.9,-38309.5625,-119.1875,38556.287500000006,13.6,13.725,1.3875000000000028,-30.5875,-1.3875000000000002,-16.787499999999994,0.375,0.012500000000000178,1.7125,-5.1875,-16.8625,-18.025000000000006
138446.2375,268167.0875,-37023.375,1885.3999999999942,4340.775000000023,110930.02500000002,307882.9,-25548.5625,3195.8125,43220.287500000006,-27.4,3.725,32.3875,-14.5875,6.6125,19.212500000000006,0.375,0.012500000000000178,-1.2875,1.8125,7.1375,-10.025000000000006
119355.2375,249548.08750000002,-40698.375,-1290.6000000000058,2518.7750000000233,126233.02500000002,318921.9,-25981.5625,1330.8125,41243.287500000006,-3.4,10.725,20.387500000000003,17.4125,8.6125,2.2125000000000057,0.375,0.012500000000000178,-0.2875000000000001,0.8125,5.1375,3.9749999999999943
123003.2375,223921.08750000002,-36269.375,-2092.600000000006,2001.7750000000233,95151.02500000002,251112.9,-19927.5625,-1430.1875,37986.287500000006,2.6,1.725,-14.612499999999997,-7.5875,-2.3875,80.2125,0.375,0.012500000000000178,0.7124999999999999,-6.1875,-11.8625,-4.025000000000006
93809.2375,232160.08750000002,-26420.375,1464.3999999999942,2576.7750000000233,79356.02500000002,244484.9,-19018.5625,2921.8125,39934.287500000006,-2.4,6.725,0.38750000000000284,-1.5875,15.6125,4.212500000000006,0.375,0.012500000000000178,0.7124999999999999,25.8125,10.1375,-5.025000000000006
80114.2375,216140.08750000002,-21658.375,6063.399999999994,4421.775000000023,84319.02500000002,294318.9,-16281.5625,2722.8125,42903.287500000006,-12.4,-13.275,10.387500000000003,-22.5875,-2.3875,-8.787499999999994,-0.625,-0.9874999999999998,-0.2875000000000001,-9.1875,-5.8625,-21.025000000000006
85707.2375,246412.08750000002,-20219.375,44855.399999999994,-15835.224999999977,80403.02500000002,253523.9,-16076.5625,-1483.1875,42171.287500000006,1.6,4.725,-29.612499999999997,-19.5875,14.6125,10.212500000000006,0.375,1.0125000000000002,1.7125,5.8125,6.1375,1.9749999999999943
84802.2375,256580.08750000002,-20923.375,106421.4,-33829.22499999998,101876.02500000002,309816.9,-20239.5625,3239.8125,52108.287500000006,-25.4,-17.275,71.3875,39.4125,0.6124999999999998,-61.787499999999994,-0.625,0.012500000000000178,1.7125,-14.1875,9.1375,-2.0250000000000057
73113.2375,261057.08750000002,-9089.375,223124.4,-26852.224999999977,89318.02500000002,300655.9,-24294.5625,136419.8125,95498.2875,21.6,-8.275,-52.6125,-17.5875,-12.3875,1.2125000000000057,0.375,0.012500000000000178,-0.2875000000000001,15.8125,0.1375,8.974999999999994
71513.2375,286796.0875,-10985.375,303471.4,-6761.224999999977,83580.02500000002,306735.9,-25159.5625,175401.8125,114782.2875,-4.4,10.725,-9.612499999999997,29.4125,7.6125,-15.787499999999994,-0.625,0.012500000000000178,0.7124999999999999,-2.1875,8.1375,-6.025000000000006
66557.2375,268875.0875,-15267.375,331516.4,19520.775000000023,81451.02500000002,361933.9,-26849.5625,217410.8125,116934.2875,18.6,1.725,-11.612499999999997,-5.5875,-1.3875000000000002,7.212500000000006,0.375,-0.9874999999999998,0.7124999999999999,5.8125,2.1375,-1.0250000000000057
66199.2375,294039.0875,-14322.375,337037.4,28379.775000000023,79256.02500000002,366805.9,-34817.5625,277261.8125,143292.2875,-2.4,-6.275,5.387500000000003,-24.5875,0.6124999999999998,26.212500000000006,-0.625,0.012500000000000178,0.7124999999999999,-7.1875,-4.8625,-9.025000000000006
54262.2375,317487.0875,-13697.375,348151.4,8484.775000000023,77460.02500000002,388653.9,-26610.5625,324694.8125,151152.2875,-6.4,11.725,15.387500000000003,36.4125,0.6124999999999998,-29.787499999999994,-0.625,0.012500000000000178,-1.2875,15.8125,3.1375,5.974999999999994
44057.2375,317736.0875,-15735.375,355367.4,10588.775000000023,66719.02500000002,434177.9,-16703.5625,378052.8125,160513.2875,-11.4,11.725,30.387500000000003,-25.5875,-2.3875,32.212500000000006,0.375,-0.9874999999999998,0.7124999999999999,-9.1875,2.1375,-1.0250000000000057
35278.2375,332844.0875,-15132.375,360786.4,6963.775000000023,77898.02500000002,417096.9,-16944.5625,377307.8125,158213.2875,3.6,-3.275,-5.612499999999997,13.4125,3.6125,-10.787499999999994,0.375,-0.9874999999999998,-0.2875000000000001,5.8125,0.1375,6.974999999999994
26968.237500000003,323062.0875,-15555.375,353509.4,-3471.2249999999767,80043.02500000002,396291.9,-17052.5625,373888.8125,156858.2875,6.6,-4.275,-9.612499999999997,10.4125,2.6125,-9.787499999999994,0.375,-0.9874999999999998,-1.2875,-0.1875,0.1375,-3.0250000000000057
28918.237500000003,304410.0875,-18124.375,359191.4,-3900.2249999999767,88506.02500000002,365627.9,-15915.5625,355393.8125,132014.2875,-2.4,1.725,-0.6124999999999972,4.4125,8.6125,1.2125000000000057,0.375,1.0125000000000002,0.7124999999999999,-11.1875,-4.8625,-7.025000000000006
49135.2375,290204.0875,-18751.375,352433.4,-5833.224999999977,79633.02500000002,343853.9,-15536.5625,348646.8125,106687.2875,6.6,-5.275,-5.612499999999997,8.4125,9.6125,-6.787499999999994,-0.625,0.012500000000000178,0.7124999999999999,-4.1875,1.1375,-9.025000000000006
47945.2375,280888.0875,-19370.375,324213.4,27453.775000000023,74331.02500000002,321351.9,-15764.5625,331559.8125,96642.2875,-1.4,1.725,0.38750000000000284,-17.5875,-7.3875,11.212500000000006,-0.625,0.012500000000000178,0.7124999999999999,-11.1875,4.1375,-11.025000000000006
62218.2375,274206.0875,-20358.375,321483.4,15391.775000000023,45918.02500000002,323399.9,-15187.5625,322143.8125,94689.2875,3.6,-4.275,0.38750000000000284,1.4125,-6.3875,0.21250000000000568,0.375,0.012500000000000178,0.7124999999999999,10.8125,-1.8625,5.974999999999994
44655.2375,280054.0875,-19400.375,300929.4,3303.7750000000233,52906.02500000002,350290.9,-13846.5625,319632.8125,90588.2875,-1.4,-2.275,8.387500000000003,11.4125,2.6125,-10.787499999999994,-0.625,0.012500000000000178,0.7124999999999999,9.8125,-2.8625,7.974999999999994
36072.2375,291018.0875,-19581.375,312671.4,11572.775000000023,66158.02500000002,353354.9,-13934.5625,327685.8125,96030.2875,0.6000000000000001,-4.275,-0.6124999999999972,-7.5875,7.6125,7.212500000000006,-0.625,0.012500000000000178,-0.2875000000000001,-8.1875,1.1375,-5.025000000000006
48050.2375,289075.0875,-19381.375,323556.4,6111.775000000023,64305.02500000002,356218.9,-13843.5625,336175.8125,100398.2875,-0.3999999999999999,5.725,-2.612499999999997,0.4125000000000001,-1.3875000000000002,-0.7874999999999943,0.375,0.012500000000000178,-0.2875000000000001,-0.1875,0.1375,3.9749999999999943
51991.2375,299936.0875,-18493.375,326564.4,-5438.224999999977,53807.02500000002,362010.9,-13599.5625,343784.8125,96722.2875,1.6,-3.275,1.3875000000000028,-2.5875,-1.3875000000000002,9.212500000000006,0.375,0.012500000000000178,-0.2875000000000001,0.8125,0.1375,-1.0250000000000057
36130.2375,309494.0875,-18231.375,326829.4,-4538.224999999977,50893.02500000002,372305.9,-13695.5625,338487.8125,85537.2875,-1.4,0.725,6.387500000000003,6.4125,-1.3875000000000002,-3.7874999999999943,-0.625,0.012500000000000178,-0.2875000000000001,0.8125,0.1375,-1.0250000000000057
26338.237500000003,309421.0875,-18298.375,328844.4,-192.22499999997672,54585.02500000002,375937.9,-13845.5625,344921.8125,85934.2875,0.6000000000000001,0.725,-2.612499999999997,-1.5875,-0.3875000000000002,1.2125000000000057,0.375,0.012500000000000178,0.7124999999999999,-0.1875,0.1375,-0.025000000000005684
29510.237500000003,303359.0875,-18220.375,338149.4,798.7750000000233,55200.02500000002,368436.9,-13922.5625,347653.8125,85338.2875,2.6,0.725,-6.612499999999997,0.4125000000000001,-0.3875000000000002,2.2125000000000057,0.375,0.012500000000000178,-0.2875000000000001,-0.1875,1.1375,0.9749999999999943
32351.237500000003,291767.0875,-18064.375,352815.4,2524.7750000000233,55511.02500000002,352181.9,-13938.5625,352082.8125,87214.2875,-0.3999999999999999,-0.275,1.3875000000000028,-0.5874999999999999,0.6124999999999998,2.2125000000000057,-0.625,0.012500000000000178,-0.2875000000000001,-0.1875,0.1375,-1.0250000000000057
33803.2375,289557.0875,-18350.375,344330.4,108.77500000002328,56434.02500000002,345342.9,-14001.5625,351509.8125,87275.2875,0.6000000000000001,0.725,-2.612499999999997,2.4125,1.6124999999999998,-0.7874999999999943,0.375,0.012500000000000178,0.7124999999999999,-0.1875,1.1375,-0.025000000000005684
37215.2375,291854.0875,-18649.375,328977.4,-3132.2249999999767,57613.02500000002,355440.9,-13271.5625,340254.8125,85337.2875,1.6,-0.275,-3.612499999999997,0.4125000000000001,-0.3875000000000002,0.21250000000000568,0.375,0.012500000000000178,-0.2875000000000001,0.8125,0.1375,0.9749999999999943
41964.2375,296131.0875,-18350.375,319884.4,-3402.2249999999767,57987.02500000002,365036.9,-13358.5625,335817.8125,86418.2875,-0.3999999999999999,-0.275,2.387500000000003,-0.5874999999999999,-0.3875000000000002,1.2125000000000057,0.375,0.012500000000000178,-0.2875000000000001,-0.1875,-1.8625,0.9749999999999943
46452.2375,301204.0875,-18091.375,313472.4,-2815.2249999999767,57249.02500000002,368439.9,-13500.5625,332849.8125,88904.2875,-0.3999999999999999,-0.275,-0.6124999999999972,-0.5874999999999999,1.6124999999999998,2.2125000000000057,0.375,1.0125000000000002,-0.2875000000000001,-0.1875,0.1375,0.9749999999999943
49112.2375,307698.0875,-17847.375,308983.4,-2889.2249999999767,53179.02500000002,373645.9,-13361.5625,329358.8125,90153.2875,-0.3999999999999999,0.725,-0.6124999999999972,0.4125000000000001,-0.3875000000000002,-0.7874999999999943,0.375,0.012500000000000178,-0.2875000000000001,-0.1875,0.1375,-1.0250000000000057
54275.2375,318729.0875,-17643.375,304297.4,-4068.2249999999767,52753.02500000002,376728.9,-13479.5625,321489.8125,91394.2875,-1.4,-0.275,0.38750000000000284,0.4125000000000001,-0.3875000000000002,1.2125000000000057,0.375,0.012500000000000178,0.7124999999999999,-1.1875,0.1375,-1.0250000000000057
55187.2375,322395.0875,-17236.375,304929.4,-5566.224999999977,50403.02500000002,377551.9,-13432.5625,321265.8125,94198.2875,-0.3999999999999999,0.725,-1.6124999999999972,-0.5874999999999999,0.6124999999999998,0.21250000000000568,0.375,0.012500000000000178,-0.2875000000000001,-0.1875,0.1375,1.9749999999999943
56044.2375,325090.0875,-17139.375,303718.4,-7992.224999999977,47493.02500000002,381807.9,-13161.5625,319885.8125,98186.2875,-1.4,0.725,-1.6124999999999972,-0.5874999999999999,-1.3875000000000002,-0.7874999999999943,-0.625,0.012500000000000178,-0.2875000000000001,-1.1875,0.1375,-1.0250000000000057
56858.2375,327012.0875,-17242.375,301177.4,-10528.224999999977,45345.02500000002,383918.9,-13113.5625,318003.8125,97857.2875,-0.3999999999999999,-1.275,1.3875000000000028,-0.5874999999999999,-2.3875,0.21250000000000568,-0.625,0.012500000000000178,-0.2875000000000001,-0.1875,0.1375,-0.025000000000005684
57062.2375,329093.0875,-17448.375,298669.4,-11458.224999999977,44766.02500000002,385915.9,-13197.5625,315967.8125,97627.2875,-0.3999999999999999,0.725,0.38750000000000284,-0.5874999999999999,-0.3875000000000002,0.21250000000000568,-0.625,0.012500000000000178,0.7124999999999999,-1.1875,0.1375,-0.025000000000005684
56804.2375,330567.0875,-17440.375,297863.4,-11293.224999999977,44078.02500000002,387503.9,-13087.5625,315905.8125,98503.2875,-0.3999999999999999,-0.275,-0.6124999999999972,0.4125000000000001,-0.3875000000000002,-0.7874999999999943,-0.625,0.012500000000000178,-0.2875000000000001,-0.1875,-0.8625,-1.0250000000000057
56730.2375,331233.0875,-17215.375,300394.4,-9911.224999999977,43996.02500000002,386398.9,-12971.5625,317562.8125,99593.2875,0.6000000000000001,-0.275,-0.6124999999999972,0.4125000000000001,-1.3875000000000002,1.2125000000000057,-0.625,0.012500000000000178,0.7124999999999999,-1.1875,-0.8625,-0.025000000000005684
56202.2375,329747.0875,-17721.375,302754.4,-9195.224999999977,43595.02500000002,385753.9,-13002.5625,318949.8125,100345.2875,-0.3999999999999999,-0.275,-0.6124999999999972,0.4125000000000001,-1.3875000000000002,2.2125000000000057,-0.625,0.012500000000000178,-0.2875000000000001,-0.1875,0.1375,-0.025000000000005684
54488.2375,311990.0875,-18147.375,310785.4,-8174.224999999977,42715.02500000002,375105.9,-12709.5625,324991.8125,98161.2875,0.6000000000000001,-1.275,1.3875000000000028,0.4125000000000001,-0.3875000000000002,0.21250000000000568,0.375,0.012500000000000178,-0.2875000000000001,-0.1875,0.1375,0.9749999999999943
53443.2375,309273.0875,-18173.375,312838.4,-7598.224999999977,42505.02500000002,372213.9,-12600.5625,329020.8125,97675.2875,0.6000000000000001,2.725,2.387500000000003,1.4125,0.6124999999999998,-0.7874999999999943,-0.625,0.012500000000000178,-1.2875,-0.1875,-0.8625,1.9749999999999943
52387.2375,307757.0875,-18245.375,313614.4,-8419.224999999977,41284.02500000002,372078.9,-12529.5625,330334.8125,96886.2875,1.6,-0.275,-1.6124999999999972,0.4125000000000001,0.6124999999999998,0.21250000000000568,-0.625,-0.9874999999999998,-0.2875000000000001,0.8125,-0.8625,-0.025000000000005684
50968.2375,306774.0875,-18177.375,315178.4,-8440.224999999977,41068.02500000002,371285.9,-12444.5625,330148.8125,94547.2875,-0.3999999999999999,0.725,1.3875000000000028,0.4125000000000001,-0.3875000000000002,-0.7874999999999943,0.375,-0.9874999999999998,-0.2875000000000001,-0.1875,1.1375,-0.025000000000005684
50304.2375,305254.0875,-17955.375,317272.4,-7375.224999999977,41337.02500000002,368086.9,-12328.5625,331128.8125,93463.2875,-0.3999999999999999,0.725,1.3875000000000028,-0.5874999999999999,0.6124999999999998,1.2125000000000057,0.375,-0.9874999999999998,-0.2875000000000001,0.8125,0.1375,0.9749999999999943
50095.2375,305552.0875,-17684.375,318754.4,-6197.224999999977,41440.02500000002,365587.9,-12278.5625,331358.8125,94153.2875,0.6000000000000001,0.725,-0.6124999999999972,1.4125,-1.3875000000000002,-0.7874999999999943,-0.625,1.0125000000000002,0.7124999999999999,-0.1875,-0.8625,0.9749999999999943
50091.2375,308132.0875,-17706.375,318139.4,-5583.224999999977,41553.02500000002,367658.9,-12429.5625,330939.8125,94484.2875,0.6000000000000001,-0.275,0.38750000000000284,1.4125,-0.3875000000000002,-0.7874999999999943,0.375,0.012500000000000178,0.7124999999999999,0.8125,0.1375,0.9749999999999943
50171.2375,312876.0875,-17680.375,315846.4,-5829.224999999977,41945.02500000002,372027.9,-12354.5625,327850.8125,94832.2875,0.6000000000000001,0.725,0.38750000000000284,1.4125,0.6124999999999998,0.21250000000000568,0.375,0.012500000000000178,-0.2875000000000001,-0.1875,0.1375,-0.025000000000005684
50815.2375,316358.0875,-17487.375,312354.4,-6912.224999999977,42562.02500000002,375555.9,-12326.5625,326652.8125,95436.2875,0.6000000000000001,-0.275,0.38750000000000284,1.4125,-0.3875000000000002,0.21250000000000568,-0.625,0.012500000000000178,-0.2875000000000001,0.8125,0.1375,0.9749999999999943
51799.2375,317846.0875,-17342.375,308812.4,-7336.224999999977,43095.02500000002,375610.9,-12420.5625,325093.8125,95733.2875,1.6,-0.275,-1.6124999999999972,1.4125,-0.3875000000000002,-0.7874999999999943,-0.625,0.012500000000000178,-0.2875000000000001,-0.1875,1.1375,0.9749999999999943
52659.2375,319908.0875,-17437.375,305044.4,-7773.224999999977,43153.02500000002,375837.9,-12454.5625,323616.8125,95684.2875,0.6000000000000001,-0.275,1.3875000000000028,1.4125,0.6124999999999998,0.21250000000000568,-0.625,0.012500000000000178,0.7124999999999999,-0.1875,1.1375,-0.025000000000005684
52933.2375,320702.0875,-17616.375,305518.4,-7865.224999999977,42787.02500000002,376333.9,-12511.5625,322444.8125,95090.2875,0.6000000000000001,-0.275,1.3875000000000028,0.4125000000000001,-0.3875000000000002,1.2125000000000057,0.375,0.012500000000000178,0.7124999999999999,-0.1875,0.1375,-0.025000000000005684
51177.2375,320836.0875,-17343.375,307186.4,-7451.224999999977,42591.02500000002,376147.9,-12383.5625,324093.8125,94596.2875,-0.3999999999999999,0.725,-0.6124999999999972,0.4125000000000001,0.6124999999999998,0.21250000000000568,0.375,0.012500000000000178,0.7124999999999999,-0.1875,0.1375,-0.025000000000005684
50786.2375,319326.0875,-17330.375,309993.4,-6762.224999999977,42306.02500000002,375143.9,-12266.5625,325639.8125,94366.2875,-0.3999999999999999,0.725,-1.6124999999999972,0.4125000000000001,0.6124999999999998,-0.7874999999999943,0.375,0.012500000000000178,-0.2875000000000001,-0.1875,0.1375,0.9749999999999943
50848.2375,316781.0875,-17404.375,312543.4,-6461.224999999977,41942.02500000002,374335.9,-12222.5625,326900.8125,94448.2875,-0.3999999999999999,-0.275,0.38750000000000284,0.4125000000000001,0.6124999999999998,0.21250000000000568,0.375,-0.9874999999999998,0.7124999999999999,-1.1875,0.1375,-0.025000000000005684
51024.2375,314082.0875,-17378.375,313318.4,-6804.224999999977,41770.02500000002,372793.9,-12280.5625,328022.8125,94845.2875,0.6000000000000001,-0.275,0.38750000000000284,-0.5874999999999999,-0.3875000000000002,-0.7874999999999943,0.375,0.012500000000000178,-0.2875000000000001,-1.1875,0.1375,-0.025000000000005684
51141.2375,312251.0875,-17194.375,312871.4,-7144.224999999977,41697.02500000002,372007.9,-12051.5625,328426.8125,94967.2875,-1.4,-0.275,0.38750000000000284,-0.5874999999999999,-0.3875000000000002,-0.7874999999999943,0.375,0.012500000000000178,-0.2875000000000001,-1.1875,0.1375,-0.025000000000005684
51604.2375,311890.0875,-17462.375,311235.4,-7298.224999999977,41854.02500000002,372700.9,-12090.5625,328127.8125,94618.2875,-1.4,0.725,-0.6124999999999972,-0.5874999999999999,-0.3875000000000002,-0.7874999999999943,0.375,0.012500000000000178,-0.2875000000000001,-1.1875,0.1375,-0.025000000000005684
52057.2375,312733.0875,-17475.375,310195.4,-7093.224999999977,41992.02500000002,372978.9,-11980.5625,326097.8125,94728.2875,-0.3999999999999999,-0.275,-0.6124999999999972,-0.5874999999999999,-0.3875000000000002,0.21250000000000568,0.375,0.012500000000000178,-0.2875000000000001,-0.1875,0.1375,-0.025000000000005684
52146.2375,315216.0875,-17570.375,308884.4,-6845.224999999977,42148.02500000002,374878.9,-12088.5625,325030.8125,95056.2875,-0.3999999999999999,-0.275,-0.6124999999999972,-0.5874999999999999,-0.3875000000000002,0.21250000000000568,0.375,0.012500000000000178,-0.2875000000000001,-0.1875,0.1375,-1.0250000000000057
52754.2375,321780.0875,-17626.375,305808.4,-7002.224999999977,42405.02500000002,378286.9,-12228.5625,323541.8125,95510.2875,-0.3999999999999999,-0.275,0.38750000000000284,-0.5874999999999999,-0.3875000000000002,1.2125000000000057,0.375,0.012500000000000178,-0.2875000000000001,-1.1875,-0.8625,-0.025000000000005684
53371.2375,320731.0875,-17548.375,304750.4,-7285.224999999977,42602.02500000002,378282.9,-12085.5625,323240.8125,96047.2875,-0.3999999999999999,-0.275,-0.6124999999999972,-0.5874999999999999,-1.3875000000000002,1.2125000000000057,0.375,1.0125000000000002,0.7124999999999999,-0.1875,-0.8625,0.9749999999999943
53298.2375,319897.0875,-17671.375,304008.4,-7541.224999999977,42763.02500000002,377823.9,-12265.5625,323797.8125,96093.2875,-0.3999999999999999,-0.275,-0.6124999999999972,0.4125000000000001,-1.3875000000000002,-0.7874999999999943,0.375,0.012500000000000178,-0.2875000000000001,-1.1875,0.1375,0.9749999999999943
52867.2375,319171.0875,-17650.375,305485.4,-7749.224999999977,42603.02500000002,376667.9,-12221.5625,324592.8125,95897.2875,0.6000000000000001,-0.275,0.38750000000000284,-0.5874999999999999,-0.3875000000000002,-0.7874999999999943,-0.625,0.012500000000000178,0.7124999999999999,-0.1875,0.1375,-1.0250000000000057
51809.2375,315734.0875,-17584.375,310960.4,-7568.224999999977,41955.02500000002,373412.9,-12355.5625,326780.8125,94610.2875,-0.3999999999999999,0.725,0.38750000000000284,0.4125000000000001,0.6124999999999998,0.21250000000000568,0.375,0.012500000000000178,0.7124999999999999,-0.1875,0.1375,0.9749999999999943
50520.2375,315033.0875,-17465.375,312922.4,-6755.224999999977,41846.02500000002,372644.9,-12251.5625,327667.8125,94258.2875,0.6000000000000001,0.725,0.38750000000000284,0.4125000000000001,0.6124999999999998,0.21250000000000568,0.375,0.012500000000000178,-0.2875000000000001,-0.1875,0.1375,-0.025000000000005684
50158.2375,314671.0875,-17448.375,313956.4,-7036.224999999977,41745.02500000002,372417.9,-12153.5625,327976.8125,94116.2875,0.6000000000000001,0.725,0.38750000000000284,1.4125,-0.3875000000000002,0.21250000000000568,0.375,0.012500000000000178,0.7124999999999999,-0.1875,0.1375,-0.025000000000005684
50411.2375,314235.0875,-17623.375,314013.4,-7005.224999999977,41933.02500000002,372454.9,-12222.5625,327761.8125,94370.2875,-0.3999999999999999,-0.275,0.38750000000000284,1.4125,-0.3875000000000002,0.21250000000000568,0.375,0.012500000000000178,0.7124999999999999,0.8125,0.1375,0.9749999999999943
50776.2375,313993.0875,-17598.375,313284.4,-7060.224999999977,42084.02500000002,371657.9,-12212.5625,326933.8125,94785.2875,0.6000000000000001,-0.275,-0.6124999999999972,1.4125,0.6124999999999998,0.21250000000000568,-0.625,0.012500000000000178,-0.2875000000000001,-0.1875,0.1375,-0.025000000000005684
51027.2375,315069.0875,-17569.375,310813.4,-7094.224999999977,42323.02500000002,372444.9,-12160.5625,326121.8125,94589.2875,0.6000000000000001,-0.275,0.38750000000000284,0.4125000000000001,-0.3875000000000002,0.21250000000000568,-0.625,0.012500000000000178,0.7124999999999999,-0.1875,0.1375,-0.025000000000005684
51091.2375,316766.0875,-17569.375,310126.4,-7154.224999999977,42476.02500000002,374956.9,-12281.5625,325600.8125,94715.2875,0.6000000000000001,-0.275,1.3875000000000028,0.4125000000000001,-1.3875000000000002,-1.7874999999999943,-0.625,1.0125000000000002,0.7124999999999999,-0.1875,-0.8625,-0.025000000000005684
51143.2375,317894.0875,-17596.375,310118.4,-7146.224999999977,42526.02500000002,375626.9,-12224.5625,325078.8125,94938.2875,0.6000000000000001,0.725,-1.6124999999999972,0.4125000000000001,-0.3875000000000002,0.21250000000000568,-0.625,1.0125000000000002,-0.2875000000000001,-0.1875,0.1375,-0.025000000000005684
50941.2375,318449.0875,-17476.375,310220.4,-7119.224999999977,42487.02500000002,375328.9,-12219.5625,325057.8125,95045.2875,0.6000000000000001,-1.275,0.38750000000000284,1.4125,0.6124999999999998,-0.7874999999999943,0.375,0.012500000000000178,-0.2875000000000001,0.8125,0.1375,-0.025000000000005684
50966.2375,317975.0875,-17404.375,310281.4,-6832.224999999977,42441.02500000002,374932.9,-12289.5625,325457.8125,95057.2875,-0.3999999999999999,0.725,0.38750000000000284,0.4125000000000001,0.6124999999999998,0.21250000000000568,0.375,0.012500000000000178,-1.2875,-0.1875,0.1375,-1.0250000000000057
50988.2375,316962.0875,-17382.375,310358.4,-7007.224999999977,42392.02500000002,374873.9,-12249.5625,326081.8125,94886.2875,-0.3999999999999999,-0.275,1.3875000000000028,0.4125000000000001,0.6124999999999998,1.2125000000000057,-0.625,0.012500000000000178,0.7124999999999999,-0.1875,0.1375,0.9749999999999943
50861.2375,315895.0875,-17344.375,310624.4,-7397.224999999977,42083.02500000002,374238.9,-12135.5625,326498.8125,94919.2875,0.6000000000000001,0.725,-0.6124999999999972,0.4125000000000001,-0.3875000000000002,1.2125000000000057,-0.625,0.012500000000000178,-0.2875000000000001,-0.1875,0.1375,-0.025000000000005684
50980.2375,314905.0875,-17428.375,311077.4,-7630.224999999977,42019.02500000002,373476.9,-12009.5625,326687.8125,94395.2875,-0.3999999999999999,-0.275,-0.6124999999999972,0.4125000000000001,1.6124999999999998,0.21250000000000568,0.375,0.012500000000000178,-0.2875000000000001,-0.1875,0.1375,-1.0250000000000057
50898.2375,314773.0875,-17529.375,311240.4,-7239.224999999977,42052.02500000002,372411.9,-12058.5625,326588.8125,94336.2875,-1.4,0.725,-0.6124999999999972,0.4125000000000001,-0.3875000000000002,0.21250000000000568,0.375,0.012500000000000178,0.7124999999999999,-0.1875,0.1375,-0.025000000000005684
50877.2375,315802.0875,-17520.375,310900.4,-7162.224999999977,41870.02500000002,373362.9,-12284.5625,325527.8125,94187.2875,-1.4,-0.275,-0.6124999999999972,-0.5874999999999999,-0.3875000000000002,0.21250000000000568,-0.625,0.012500000000000178,-0.2875000000000001,-0.1875,0.1375,-0.025000000000005684
50930.2375,318219.0875,-17439.375,310407.4,-6938.224999999977,41871.02500000002,374439.9,-12350.5625,325297.8125,94560.2875,-0.3999999999999999,-0.275,1.3875000000000028,-0.5874999999999999,-0.3875000000000002,-0.7874999999999943,-0.625,0.012500000000000178,-0.2875000000000001,-0.1875,0.1375,-1.0250000000000057
51625.2375,319097.0875,-17468.375,309380.4,-6982.224999999977,42078.02500000002,375702.9,-12169.5625,324858.8125,94884.2875,-0.3999999999999999,-0.275,0.38750000000000284,-0.5874999999999999,-1.3875000000000002,0.21250000000000568,-0.625,0.012500000000000178,-0.2875000000000001,-0.1875,0.1375,0.9749999999999943
52069.2375,319338.0875,-17550.375,307851.4,-7047.224999999977,42301.02500000002,376811.9,-12223.5625,324571.8125,95121.2875,-0.3999999999999999,-0.275,0.38750000000000284,0.4125000000000001,-0.3875000000000002,0.21250000000000568,-0.625,0.012500000000000178,-0.2875000000000001,-1.1875,0.1375,-0.025000000000005684
52344.2375,319495.0875,-17555.375,306427.4,-7250.224999999977,42391.02500000002,376625.9,-12116.5625,324280.8125,95460.2875,-0.3999999999999999,-0.275,0.38750000000000284,0.4125000000000001,0.6124999999999998,0.21250000000000568,0.375,0.012500000000000178,-0.2875000000000001,-0.1875,0.1375,-0.025000000000005684
52415.2375,319483.0875,-17591.375,305555.4,-7565.224999999977,42500.02500000002,375935.9,-12043.5625,323956.8125,94970.2875,-0.3999999999999999,-0.275,0.38750000000000284,-0.5874999999999999,0.6124999999999998,1.2125000000000057,0.375,0.012500000000000178,-0.2875000000000001,-1.1875,0.1375,-1.0250000000000057
52148.2375,318905.0875,-17727.375,306418.4,-7337.224999999977,42359.02500000002,375758.9,-12180.5625,325034.8125,95255.2875,-1.4,-0.275,1.3875000000000028,0.4125000000000001,-0.3875000000000002,1.2125000000000057,0.375,0.012500000000000178,0.7124999999999999,-0.1875,0.1375,-0.025000000000005684
51724.2375,318183.0875,-17705.375,307406.4,-7391.224999999977,42275.02500000002,375528.9,-12074.5625,325335.8125,95120.2875,0.6000000000000001,-0.275,-0.6124999999999972,-0.5874999999999999,-1.3875000000000002,-0.7874999999999943,-0.625,0.012500000000000178,-0.2875000000000001,-1.1875,0.1375,-0.025000000000005684
51340.2375,317632.0875,-17690.375,308673.4,-7375.224999999977,42081.02500000002,375004.9,-12196.5625,325797.8125,94725.2875,-0.3999999999999999,-0.275,-0.6124999999999972,0.4125000000000001,-0.3875000000000002,-0.7874999999999943,-0.625,1.0125000000000002,-0.2875000000000001,-1.1875,0.1375,0.9749999999999943
51060.2375,316815.0875,-17706.375,309987.4,-7095.224999999977,41916.02500000002,374829.9,-12338.5625,326448.8125,94597.2875,0.6000000000000001,0.725,0.38750000000000284,0.4125000000000001,-0.3875000000000002,-0.7874999999999943,0.375,0.012500000000000178,0.7124999999999999,-1.1875,0.1375,-0.025000000000005684
50828.2375,315678.0875,-17521.375,310954.4,-7284.224999999977,41788.02500000002,374745.9,-12283.5625,326958.8125,94618.2875,-0.3999999999999999,-0.275,0.38750000000000284,0.4125000000000001,0.6124999999999998,0.21250000000000568,0.375,0.012500000000000178,-0.2875000000000001,-0.1875,0.1375,-1.0250000000000057
50791.2375,316986.0875,-17533.375,310336.4,-7231.224999999977,42033.02500000002,373758.9,-12115.5625,325270.8125,94542.2875,-0.3999999999999999,0.725,-0.6124999999999972,0.4125000000000001,0.6124999999999998,0.21250000000000568,0.375,0.012500000000000178,-0.2875000000000001,-0.1875,0.1375,-0.025000000000005684
50789.2375,317729.0875,-17480.375,310022.4,-7093.224999999977,42446.02500000002,373599.9,-12134.5625,324844.8125,94629.2875,0.6000000000000001,0.725,-0.6124999999999972,0.4125000000000001,0.6124999999999998,0.21250000000000568,-0.625,0.012500000000000178,0.7124999999999999,-0.1875,0.1375,-1.0250000000000057
50838.2375,318535.0875,-17335.375,309428.4,-6775.224999999977,42456.02500000002,374110.9,-12209.5625,324520.8125,94785.2875,0.6000000000000001,-0.275,0.38750000000000284,0.4125000000000001,-0.3875000000000002,0.21250000000000568,-0.625,0.012500000000000178,-0.2875000000000001,-0.1875,0.1375,-0.025000000000005684
50790.2375,319289.0875,-17488.375,309123.4,-6862.224999999977,42602.02500000002,374726.9,-12344.5625,324306.8125,94780.2875,0.6000000000000001,-0.275,0.38750000000000284,0.4125000000000001,-0.3875000000000002,-0.7874999999999943,0.375,0.012500000000000178,0.7124999999999999,-0.1875,0.1375,0.9749999999999943
50703.2375,318954.0875,-17501.375,309200.4,-7086.224999999977,42565.02500000002,374523.9,-12335.5625,324521.8125,95060.2875,-0.3999999999999999,-0.275,0.38750000000000284,0.4125000000000001,-0.3875000000000002,0.21250000000000568,0.375,1.0125000000000002,-0.2875000000000001,-0.1875,0.1375,-0.025000000000005684
50548.2375,317888.0875,-17432.375,309351.4,-7292.224999999977,42423.02500000002,374089.9,-12219.5625,325632.8125,95202.2875,0.6000000000000001,-0.275,0.38750000000000284,1.4125,-0.3875000000000002,-0.7874999999999943,0.375,0.012500000000000178,0.7124999999999999,-0.1875,0.1375,0.9749999999999943
50422.2375,316748.0875,-17409.375,309757.4,-7496.224999999977,42304.02500000002,373655.9,-12207.5625,325874.8125,94599.2875,0.6000000000000001,-0.275,-1.6124999999999972,1.4125,-0.3875000000000002,0.21250000000000568,0.375,0.012500000000000178,0.7124999999999999,0.8125,0.1375,-0.025000000000005684
50264.2375,315624.0875,-17524.375,310858.4,-7478.224999999977,42168.02500000002,372990.9,-12222.5625,326417.8125,94520.2875,0.6000000000000001,0.725,1.3875000000000028,1.4125,-0.3875000000000002,0.21250000000000568,-0.625,0.012500000000000178,-0.2875000000000001,0.8125,0.1375,-0.025000000000005684
50188.2375,314567.0875,-17564.375,311907.4,-7395.224999999977,42195.02500000002,372678.9,-12255.5625,327115.8125,94518.2875,-0.3999999999999999,0.725,-0.6124999999999972,0.4125000000000001,0.6124999999999998,0.21250000000000568,-0.625,0.012500000000000178,0.7124999999999999,-0.1875,0.1375,-0.025000000000005684
50108.2375,314660.0875,-17437.375,312418.4,-7180.224999999977,42117.02500000002,372028.9,-12221.5625,327243.8125,94746.2875,-0.3999999999999999,-0.275,0.38750000000000284,0.4125000000000001,0.6124999999999998,-0.7874999999999943,0.375,0.012500000000000178,0.7124999999999999,-1.1875,0.1375,0.9749999999999943
50023.2375,315601.0875,-17504.375,312090.4,-7133.224999999977,42052.02500000002,371870.9,-12275.5625,326307.8125,94467.2875,-0.3999999999999999,-0.275,-0.6124999999999972,0.4125000000000001,-0.3875000000000002,0.21250000000000568,0.375,0.012500000000000178,0.7124999999999999,-0.1875,-0.8625,0.9749999999999943
50647.2375,317516.0875,-17306.375,310414.4,-6968.224999999977,42091.02500000002,374268.9,-12051.5625,325147.8125,94678.2875,-0.3999999999999999,-0.275,0.38750000000000284,0.4125000000000001,-0.3875000000000002,-0.7874999999999943,0.375,0.012500000000000178,0.7124999999999999,-0.1875,0.1375,-0.025000000000005684
51308.2375,318847.0875,-17511.375,307540.4,-7303.224999999977,42412.02500000002,375083.9,-12118.5625,324438.8125,94991.2875,-0.3999999999999999,-0.275,0.38750000000000284,-0.5874999999999999,-0.3875000000000002,0.21250000000000568,0.375,0.012500000000000178,0.7124999999999999,-0.1875,0.1375,-0.025000000000005684
51475.2375,320113.0875,-17587.375,306440.4,-7386.224999999977,42481.02500000002,375937.9,-11967.5625,323789.8125,95096.2875,-0.3999999999999999,0.725,0.38750000000000284,0.4125000000000001,0.6124999999999998,0.21250000000000568,0.375,0.012500000000000178,-0.2875000000000001,-0.1875,-0.8625,-1.0250000000000057
51625.2375,320381.0875,-17568.375,306108.4,-7288.224999999977,42647.02500000002,376066.9,-12061.5625,323493.8125,95030.2875,-0.3999999999999999,-0.275,0.38750000000000284,0.4125000000000001,0.6124999999999998,1.2125000000000057,0.375,0.012500000000000178,0.7124999999999999,-0.1875,0.1375,-1.0250000000000057
51556.2375,320234.0875,-17595.375,306417.4,-7387.224999999977,42635.02500000002,375862.9,-12158.5625,324390.8125,95043.2875,-0.3999999999999999,-0.275,-0.6124999999999972,-0.5874999999999999,-0.3875000000000002,0.21250000000000568,0.375,0.012500000000000178,-0.2875000000000001,-0.1875,0.1375,-0.025000000000005684
51357.2375,320065.0875,-17679.375,306948.4,-7375.224999999977,42347.02500000002,375025.9,-12034.5625,325015.8125,95144.2875,0.6000000000000001,-0.275,-0.6124999999999972,0.4125000000000001,0.6124999999999998,0.21250000000000568,0.375,0.012500000000000178,-0.2875000000000001,-0.1875,0.1375,0.9749999999999943
50976.2375,319254.0875,-17653.375,307507.4,-7419.224999999977,42306.02500000002,375087.9,-12079.5625,325387.8125,95053.2875,-0.3999999999999999,-0.275,0.38750000000000284,-0.5874999999999999,-1.3875000000000002,0.21250000000000568,-0.625,0.012500000000000178,0.7124999999999999,-0.1875,0.1375,-0.025000000000005684
50972.2375,317869.0875,-17631.375,308566.4,-7602.224999999977,42267.02500000002,373759.9,-12115.5625,325838.8125,94923.2875,-0.3999999999999999,-0.275,0.38750000000000284,-0.5874999999999999,-0.3875000000000002,-0.7874999999999943,0.375,0.012500000000000178,-0.2875000000000001,-1.1875,0.1375,0.9749999999999943
51008.2375,315340.0875,-17618.375,310240.4,-7404.224999999977,42017.02500000002,372917.9,-12263.5625,326280.8125,94669.2875,-0.3999999999999999,0.725,-0.6124999999999972,-0.5874999999999999,-0.3875000000000002,-0.7874999999999943,-0.625,0.012500000000000178,0.7124999999999999,-1.1875,0.1375,-1.0250000000000057
50290.2375,315827.0875,-17605.375,310323.4,-7469.224999999977,42011.02500000002,371870.9,-12233.5625,326368.8125,94290.2875,-0.3999999999999999,0.725,0.38750000000000284,0.4125000000000001,-0.3875000000000002,-0.7874999999999943,-0.625,0.012500000000000178,0.7124999999999999,-0.1875,0.1375,-1.0250000000000057
50370.2375,316633.0875,-17505.375,310419.4,-7497.224999999977,41943.02500000002,372456.9,-12044.5625,325787.8125,94207.2875,-0.3999999999999999,0.725,-0.6124999999999972,0.4125000000000001,0.6124999999999998,0.21250000000000568,0.375,0.012500000000000178,0.7124999999999999,-0.1875,0.1375,-0.025000000000005684
50659.2375,317275.0875,-17352.375,310105.4,-7195.224999999977,42017.02500000002,372840.9,-12206.5625,325301.8125,94402.2875,-0.3999999999999999,-0.275,-0.6124999999999972,1.4125,0.6124999999999998,0.21250000000000568,0.375,0.012500000000000178,-0.2875000000000001,-1.1875,1.1375,-0.025000000000005684
50748.2375,318280.0875,-17406.375,309451.4,-7258.224999999977,42245.02500000002,373676.9,-12262.5625,324807.8125,94587.2875,0.6000000000000001,-0.275,0.38750000000000284,0.4125000000000001,0.6124999999999998,0.21250000000000568,0.375,0.012500000000000178,1.7125,-0.1875,0.1375,0.9749999999999943
50848.2375,319349.0875,-17446.375,308544.4,-7506.224999999977,42377.02500000002,375060.9,-12333.5625,324298.8125,94844.2875,0.6000000000000001,-0.275,0.38750000000000284,0.4125000000000001,-1.3875000000000002,0.21250000000000568,0.375,0.012500000000000178,0.7124999999999999,4.8125,0.1375,5.974999999999994
50998.2375,320154.0875,-17261.375,308060.4,-8040.224999999977,42398.02500000002,375814.9,-12297.5625,323698.8125,94694.2875,-0.3999999999999999,-0.275,1.3875000000000028,0.4125000000000001,0.6124999999999998,-0.7874999999999943,-0.625,0.012500000000000178,0.7124999999999999,-2.1875,0.1375,-1.0250000000000057
50931.2375,320023.0875,-17342.375,307677.4,-7836.224999999977,42559.02500000002,376020.9,-11786.5625,324591.8125,94925.2875,0.6000000000000001,-2.275,-1.6124999999999972,0.4125000000000001,-0.3875000000000002,-2.7874999999999943,-0.625,0.012500000000000178,-0.2875000000000001,0.8125,0.1375,-0.025000000000005684
50557.2375,319260.0875,-17288.375,308291.4,-7577.224999999977,42547.02500000002,374881.9,-11802.5625,325083.8125,94735.2875,-0.3999999999999999,1.725,0.38750000000000284,-0.5874999999999999,-1.3875000000000002,-3.7874999999999943,0.375,0.012500000000000178,-0.2875000000000001,-1.1875,-0.8625,-3.0250000000000057
50105.2375,315565.0875,-17324.375,310394.4,-7573.224999999977,42320.02500000002,373058.9,-11886.5625,326128.8125,94397.2875,-1.4,0.725,1.3875000000000028,-0.5874999999999999,-1.3875000000000002,-2.7874999999999943,0.375,0.012500000000000178,0.7124999999999999,1.8125,-1.8625,0.9749999999999943
49910.2375,315268.0875,-17262.375,311589.4,-7358.224999999977,42190.02500000002,371862.9,-11947.5625,327008.8125,94244.2875,0.6000000000000001,-0.275,0.38750000000000284,1.4125,-0.3875000000000002,-0.7874999999999943,-0.625,0.012500000000000178,-0.2875000000000001,-2.1875,0.1375,-1.0250000000000057
49664.2375,315175.0875,-17291.375,312419.4,-7432.224999999977,42240.02500000002,371029.9,-11954.5625,326918.8125,94175.2875,0.6000000000000001,1.725,-0.6124999999999972,0.4125000000000001,0.6124999999999998,1.2125000000000057,0.375,0.012500000000000178,-0.2875000000000001,-1.1875,0.1375,0.9749999999999943
49703.2375,314876.0875,-17295.375,312310.4,-7326.224999999977,42106.02500000002,371551.9,-11914.5625,326631.8125,94007.2875,-0.3999999999999999,-1.275,0.38750000000000284,0.4125000000000001,0.6124999999999998,0.21250000000000568,0.375,1.0125000000000002,-0.2875000000000001,-1.1875,0.1375,-0.025000000000005684
49973.2375,315609.0875,-17235.375,311581.4,-7036.224999999977,42319.02500000002,371642.9,-11802.5625,326124.8125,94170.2875,-1.4,0.725,1.3875000000000028,0.4125000000000001,0.6124999999999998,1.2125000000000057,0.375,1.0125000000000002,-0.2875000000000001,0.8125,0.1375,1.9749999999999943
50036.2375,317100.0875,-17230.375,310268.4,-7033.224999999977,42414.02500000002,374216.9,-11740.5625,325708.8125,94417.2875,0.6000000000000001,-0.275,-1.6124999999999972,0.4125000000000001,0.6124999999999998,1.2125000000000057,0.375,-0.9874999999999998,-0.2875000000000001,0.8125,1.1375,0.9749999999999943
50447.2375,318788.0875,-17379.375,308983.4,-6912.224999999977,42472.02500000002,374701.9,-11842.5625,324741.8125,94377.2875,-0.3999999999999999,0.725,-1.6124999999999972,0.4125000000000001,-0.3875000000000002,0.21250000000000568,-0.625,0.012500000000000178,-0.2875000000000001,0.8125,-0.8625,0.9749999999999943
50710.2375,319741.0875,-16853.375,307809.4,-7032.224999999977,42528.02500000002,375312.9,-11725.5625,324348.8125,94921.2875,-0.3999999999999999,-1.275,-1.6124999999999972,0.4125000000000001,0.6124999999999998,0.21250000000000568,0.375,0.012500000000000178,-0.2875000000000001,-1.1875,0.1375,-2.0250000000000057
50888.2375,320321.0875,-17208.375,306882.4,-7572.224999999977,42819.02500000002,375322.9,-11704.5625,323684.8125,95146.2875,0.6000000000000001,-1.275,0.38750000000000284,1.4125,0.6124999999999998,-0.7874999999999943,0.375,0.012500000000000178,-0.2875000000000001,-0.1875,0.1375,-0.025000000000005684
50874.2375,319224.0875,-17387.375,306404.4,-7682.224999999977,42610.02500000002,375827.9,-11789.5625,324801.8125,94951.2875,-0.3999999999999999,-0.275,-0.6124999999999972,0.4125000000000001,0.6124999999999998,0.21250000000000568,0.375,0.012500000000000178,-0.2875000000000001,-1.1875,-0.8625,-0.025000000000005684
50879.2375,318219.0875,-17528.375,307516.4,-7683.224999999977,42064.02500000002,375499.9,-11807.5625,325343.8125,95000.2875,-1.4,-1.275,0.38750000000000284,-0.5874999999999999,-0.3875000000000002,1.2125000000000057,-0.625,0.012500000000000178,0.7124999999999999,-1.1875,0.1375,-0.025000000000005684
50634.2375,317290.0875,-17405.375,308457.4,-7378.224999999977,42059.02500000002,374243.9,-11601.5625,325834.8125,95127.2875,-0.3999999999999999,-0.275,-1.6124999999999972,0.4125000000000001,-0.3875000000000002,-0.7874999999999943,0.375,-0.9874999999999998,0.7124999999999999,-1.1875,0.1375,-0.025000000000005684
50599.2375,316140.0875,-17377.375,309244.4,-7404.224999999977,42076.02500000002,373859.9,-11582.5625,326794.8125,94969.2875,-0.3999999999999999,0.725,-0.6124999999999972,-0.5874999999999999,-0.3875000000000002,-0.7874999999999943,0.375,0.012500000000000178,-0.2875000000000001,-1.1875,0.1375,-1.0250000000000057
50558.2375,315951.0875,-17547.375,309777.4,-7396.224999999977,41981.02500000002,373777.9,-11825.5625,326833.8125,94864.2875,0.6000000000000001,-0.275,0.38750000000000284,-0.5874999999999999,-1.3875000000000002,-0.7874999999999943,0.375,0.012500000000000178,0.7124999999999999,-0.1875,-0.8625,-0.025000000000005684
50459.2375,316555.0875,-17371.375,309999.4,-7341.224999999977,41943.02500000002,373722.9,-11810.5625,326239.8125,94463.2875,-0.3999999999999999,0.725,1.3875000000000028,0.4125000000000001,-0.3875000000000002,-0.7874999999999943,-0.625,-0.9874999999999998,-0.2875000000000001,-1.1875,0.1375,-1.0250000000000057
50498.2375,317207.0875,-17269.375,309804.4,-7395.224999999977,42061.02500000002,373481.9,-11683.5625,325424.8125,94350.2875,0.6000000000000001,-0.275,-0.6124999999999972,0.4125000000000001,0.6124999999999998,-0.7874999999999943,-0.625,0.012500000000000178,-0.2875000000000001,-1.1875,0.1375,-0.025000000000005684
50550.2375,318324.0875,-17310.375,309719.4,-7240.224999999977,42342.02500000002,373916.9,-11735.5625,325064.8125,94456.2875,-0.3999999999999999,0.725,0.38750000000000284,-0.5874999999999999,0.6124999999999998,0.21250000000000568,-0.625,0.012500000000000178,0.7124999999999999,-1.1875,0.1375,-1.0250000000000057
50375.2375,319731.0875,-17175.375,308459.4,-7460.224999999977,42452.02500000002,374837.9,-11749.5625,324536.8125,94703.2875,-0.3999999999999999,0.725,0.38750000000000284,0.4125000000000001,0.6124999999999998,1.2125000000000057,-0.625,0.012500000000000178,-0.2875000000000001,-1.1875,1.1375,-0.025000000000005684
50225.2375,320929.0875,-17043.375,307896.4,-7408.224999999977,42447.02500000002,375404.9,-11733.5625,323709.8125,94684.2875,-0.3999999999999999,-0.275,1.3875000000000028,1.4125,-0.3875000000000002,0.21250000000000568,0.375,0.012500000000000178,0.7124999999999999,0.8125,0.1375,-0.025000000000005684
50209.2375,320957.0875,-17030.375,308272.4,-7308.224999999977,42424.02500000002,375502.9,-11761.5625,324073.8125,95028.2875,0.6000000000000001,0.725,1.3875000000000028,-0.5874999999999999,0.6124999999999998,-0.7874999999999943,0.375,1.0125000000000002,-0.2875000000000001,-0.1875,1.1375,0.9749999999999943
50084.2375,319839.0875,-17139.375,308657.4,-7309.224999999977,42483.02500000002,373878.9,-11539.5625,324501.8125,94975.2875,1.6,-0.275,2.387500000000003,1.4125,-1.3875000000000002,-0.7874999999999943,0.375,0.012500000000000178,-0.2875000000000001,-0.1875,-0.8625,-0.025000000000005684
49851.2375,318880.0875,-17139.375,308770.4,-7591.224999999977,42387.02500000002,372954.9,-11543.5625,324952.8125,94687.2875,1.6,-0.275,1.3875000000000028,-0.5874999999999999,0.6124999999999998,-1.7874999999999943,0.375,0.012500000000000178,0.7124999999999999,0.8125,1.1375,0.9749999999999943
49626.2375,317509.0875,-17224.375,309178.4,-7542.224999999977,42311.02500000002,372635.9,-11634.5625,325680.8125,94254.2875,0.6000000000000001,0.725,0.38750000000000284,0.4125000000000001,-2.3875,0.21250000000000568,0.375,0.012500000000000178,-0.2875000000000001,-0.1875,-0.8625,0.9749999999999943
49713.2375,316042.0875,-17442.375,310207.4,-7407.224999999977,42076.02500000002,372326.9,-11718.5625,326405.8125,94476.2875,0.6000000000000001,-1.275,-0.6124999999999972,0.4125000000000001,-0.3875000000000002,0.21250000000000568,-1.625,0.012500000000000178,-0.2875000000000001,-0.1875,0.1375,-0.025000000000005684
49924.2375,315132.0875,-17445.375,312040.4,-7220.224999999977,41972.02500000002,372400.9,-11770.5625,327582.8125,94622.2875,0.6000000000000001,-0.275,1.3875000000000028,1.4125,1.6124999999999998,1.2125000000000057,-0.625,0.012500000000000178,0.7124999999999999,-0.1875,-0.8625,-1.0250000000000057
49868.2375,315213.0875,-17300.375,311838.4,-7082.224999999977,42133.02500000002,373309.9,-11699.5625,327746.8125,94962.2875,0.6000000000000001,-0.275,-0.6124999999999972,0.4125000000000001,0.6124999999999998,-0.7874999999999943,-0.625,0.012500000000000178,-0.2875000000000001,-0.1875,0.1375,0.9749999999999943
49873.2375,315817.0875,-17435.375,311275.4,-7068.224999999977,42207.02500000002,373494.9,-11624.5625,327363.8125,94878.2875,-0.3999999999999999,-0.275,-1.6124999999999972,-0.5874999999999999,-2.3875,0.21250000000000568,0.375,0.012500000000000178,-0.2875000000000001,-0.1875,-0.8625,1.9749999999999943
50661.2375,316358.0875,-17549.375,309406.4,-7101.224999999977,42440.02500000002,374287.9,-11734.5625,326005.8125,94843.2875,0.6000000000000001,-0.275,1.3875000000000028,0.4125000000000001,1.6124999999999998,-2.7874999999999943,0.375,-0.9874999999999998,0.7124999999999999,0.8125,0.1375,0.9749999999999943
50728.2375,317605.0875,-17393.375,308278.4,-7246.224999999977,42418.02500000002,375152.9,-11956.5625,324808.8125,94937.2875,-0.3999999999999999,-0.275,0.38750000000000284,0.4125000000000001,-1.3875000000000002,-0.7874999999999943,0.375,0.012500000000000178,-0.2875000000000001,-1.1875,0.1375,0.9749999999999943
50738.2375,319490.0875,-17315.375,307575.4,-7331.224999999977,42370.02500000002,375826.9,-11842.5625,324662.8125,94926.2875,-0.3999999999999999,-0.275,-0.6124999999999972,0.4125000000000001,-1.3875000000000002,1.2125000000000057,-0.625,0.012500000000000178,-0.2875000000000001,-0.1875,-0.8625,0.9749999999999943
50728.2375,319692.0875,-17329.375,307556.4,-7183.224999999977,42353.02500000002,375917.9,-11578.5625,324689.8125,95074.2875,-0.3999999999999999,-0.275,-0.6124999999999972,0.4125000000000001,0.6124999999999998,-0.7874999999999943,-0.625,-0.9874999999999998,-0.2875000000000001,-0.1875,0.1375,0.9749999999999943
50742.2375,319440.0875,-17454.375,307563.4,-7174.224999999977,42519.02500000002,375636.9,-11568.5625,324760.8125,95033.2875,0.6000000000000001,-0.275,-0.6124999999999972,0.4125000000000001,-0.3875000000000002,0.21250000000000568,0.375,0.012500000000000178,-0.2875000000000001,-0.1875,0.1375,-0.025000000000005684
50595.2375,319086.0875,-17492.375,307899.4,-7266.224999999977,42538.02500000002,375370.9,-11690.5625,324845.8125,94622.2875,-0.3999999999999999,-0.275,1.3875000000000028,-0.5874999999999999,-0.3875000000000002,0.21250000000000568,-0.625,0.012500000000000178,0.7124999999999999,-1.1875,-0.8625,-0.025000000000005684
50294.2375,318797.0875,-17364.375,308548.4,-7430.224999999977,42248.02500000002,373975.9,-11588.5625,325301.8125,94638.2875,-0.3999999999999999,-0.275,0.38750000000000284,0.4125000000000001,-0.3875000000000002,0.21250000000000568,-0.625,0.012500000000000178,-0.2875000000000001,-0.1875,0.1375,-1.0250000000000057
50138.2375,318362.0875,-17408.375,309224.4,-7295.224999999977,42088.02500000002,372935.9,-11573.5625,325968.8125,94295.2875,0.6000000000000001,-0.275,0.38750000000000284,0.4125000000000001,-0.3875000000000002,0.21250000000000568,0.375,0.012500000000000178,0.7124999999999999,-0.1875,0.1375,-0.025000000000005684
49729.2375,318024.0875,-17218.375,309616.4,-7322.224999999977,42079.02500000002,371970.9,-11676.5625,325709.8125,94205.2875,-0.3999999999999999,-0.275,-0.6124999999999972,0.4125000000000001,-0.3875000000000002,0.21250000000000568,0.375,0.012500000000000178,-0.2875000000000001,-1.1875,0.1375,-0.025000000000005684
49639.2375,318426.0875,-17222.375,310086.4,-7417.224999999977,42305.02500000002,372585.9,-11782.5625,325414.8125,94151.2875,-0.3999999999999999,0.725,-0.6124999999999972,-0.5874999999999999,-0.3875000000000002,-0.7874999999999943,0.375,-0.9874999999999998,-0.2875000000000001,-0.1875,0.1375,-0.025000000000005684
49647.2375,318895.0875,-17232.375,309823.4,-7455.224999999977,42346.02500000002,372728.9,-11769.5625,325141.8125,94179.2875,-0.3999999999999999,0.725,-0.6124999999999972,0.4125000000000001,-0.3875000000000002,-0.7874999999999943,0.375,0.012500000000000178,-0.2875000000000001,-0.1875,0.1375,-0.025000000000005684
49920.2375,319143.0875,-17176.375,309388.4,-7228.224999999977,42378.02500000002,373889.9,-11742.5625,324831.8125,94198.2875,-0.3999999999999999,0.725,1.3875000000000028,0.4125000000000001,-0.3875000000000002,0.21250000000000568,0.375,1.0125000000000002,0.7124999999999999,-0.1875,0.1375,0.9749999999999943
50076.2375,319992.0875,-17067.375,308702.4,-7072.224999999977,42374.02500000002,374934.9,-11753.5625,324583.8125,94361.2875,-0.3999999999999999,-0.275,0.38750000000000284,-0.5874999999999999,0.6124999999999998,1.2125000000000057,-0.625,0.012500000000000178,0.7124999999999999,-0.1875,0.1375,-1.0250000000000057
50034.2375,320143.0875,-17096.375,308315.4,-7501.224999999977,42380.02500000002,375236.9,-11686.5625,324461.8125,94501.2875,0.6000000000000001,-0.275,0.38750000000000284,0.4125000000000001,0.6124999999999998,1.2125000000000057,-0.625,0.012500000000000178,0.7124999999999999,-0.1875,0.1375,-0.025000000000005684
50188.2375,319723.0875,-17362.375,308105.4,-7469.224999999977,42495.02500000002,374828.9,-11603.5625,324532.8125,94805.2875,-0.3999999999999999,-0.275,-0.6124999999999972,0.4125000000000001,0.6124999999999998,0.21250000000000568,0.375,-0.9874999999999998,-1.2875,0.8125,0.1375,-1.0250000000000057
50099.2375,319119.0875,-17366.375,308148.4,-7525.224999999977,42503.02500000002,374411.9,-11797.5625,324959.8125,94813.2875,0.6000000000000001,-0.275,-0.6124999999999972,0.4125000000000001,-1.3875000000000002,1.2125000000000057,-0.625,-0.9874999999999998,0.7124999999999999,-0.1875,0.1375,-0.025000000000005684
49994.2375,318288.0875,-17444.375,308642.4,-7649.224999999977,42563.02500000002,372506.9,-11568.5625,325449.8125,94366.2875,1.6,-0.275,-0.6124999999999972,0.4125000000000001,-0.3875000000000002,0.21250000000000568,0.375,0.012500000000000178,0.7124999999999999,-0.1875,0.1375,-0.025000000000005684
49948.2375,317527.0875,-17463.375,309377.4,-7403.224999999977,42380.02500000002,372633.9,-11661.5625,325882.8125,94560.2875,-0.3999999999999999,-0.275,0.38750000000000284,0.4125000000000001,-0.3875000000000002,-0.7874999999999943,0.375,0.012500000000000178,-0.2875000000000001,-0.1875,0.1375,-0.025000000000005684
49869.2375,316868.0875,-17448.375,310076.4,-7205.224999999977,42204.02500000002,372579.9,-11746.5625,326923.8125,94654.2875,0.6000000000000001,0.725,-1.6124999999999972,0.4125000000000001,-0.3875000000000002,-0.7874999999999943,-0.625,0.012500000000000178,0.7124999999999999,-0.1875,-0.8625,-0.025000000000005684
49873.2375,316393.0875,-17554.375,310296.4,-7356.224999999977,42102.02500000002,373025.9,-11745.5625,327043.8125,94661.2875,0.6000000000000001,-0.275,-0.6124999999999972,0.4125000000000001,-1.3875000000000002,0.21250000000000568,0.375,0.012500000000000178,-0.2875000000000001,-0.1875,0.1375,-0.025000000000005684
49804.2375,316305.0875,-17457.375,310492.4,-7355.224999999977,42183.02500000002,373310.9,-11707.5625,327117.8125,94384.2875,-0.3999999999999999,-0.275,0.38750000000000284,0.4125000000000001,0.6124999999999998,0.21250000000000568,0.375,0.012500000000000178,-0.2875000000000001,-0.1875,0.1375,-0.025000000000005684
49699.2375,316740.0875,-17235.375,310492.4,-7159.224999999977,42155.02500000002,373613.9,-11811.5625,326674.8125,94317.2875,0.6000000000000001,-0.275,0.38750000000000284,0.4125000000000001,-0.3875000000000002,1.2125000000000057,0.375,0.012500000000000178,0.7124999999999999,-0.1875,0.1375,-1.0250000000000057
49803.2375,317146.0875,-17403.375,310247.4,-7237.224999999977,42205.02500000002,373109.9,-11620.5625,325979.8125,94397.2875,-0.3999999999999999,-0.275,0.38750000000000284,0.4125000000000001,-0.3875000000000002,1.2125000000000057,0.375,0.012500000000000178,0.7124999999999999,-1.1875,0.1375,-2.0250000000000057
49859.2375,318292.0875,-17413.375,309556.4,-7169.224999999977,42311.02500000002,373444.9,-11659.5625,325200.8125,94456.2875,0.6000000000000001,0.725,-0.6124999999999972,0.4125000000000001,-0.3875000000000002,0.21250000000000568,0.375,-0.9874999999999998,0.7124999999999999,-1.1875,0.1375,-1.0250000000000057
49882.2375,319035.0875,-17430.375,309040.4,-7017.224999999977,42432.02500000002,374486.9,-11723.5625,324830.8125,94456.2875,0.6000000000000001,0.725,0.38750000000000284,0.4125000000000001,-1.3875000000000002,0.21250000000000568,-0.625,-0.9874999999999998,0.7124999999999999,-0.1875,-0.8625,0.9749999999999943
50035.2375,319344.0875,-17478.375,308656.4,-7170.224999999977,42485.02500000002,374045.9,-11786.5625,324645.8125,94557.2875,-0.3999999999999999,0.725,-0.6124999999999972,-0.5874999999999999,-1.3875000000000002,-0.7874999999999943,-0.625,0.012500000000000178,-0.2875000000000001,-0.1875,0.1375,-0.025000000000005684
50040.2375,319361.0875,-17391.375,308604.4,-7134.224999999977,42496.02500000002,374160.9,-11759.5625,324937.8125,94671.2875,-0.3999999999999999,-0.275,0.38750000000000284,0.4125000000000001,-0.3875000000000002,-1.7874999999999943,0.375,0.012500000000000178,-0.2875000000000001,-0.1875,0.1375,-0.025000000000005684
50045.2375,319175.0875,-17353.375,308663.4,-7317.224999999977,42484.02500000002,374115.9,-11740.5625,325157.8125,94539.2875,-0.3999999999999999,-0.275,0.38750000000000284,0.4125000000000001,-0.3875000000000002,-0.7874999999999943,0.375,0.012500000000000178,-0.2875000000000001,-0.1875,0.1375,-1.0250000000000057
49975.2375,318947.0875,-17335.375,308837.4,-7446.224999999977,42428.02500000002,373857.9,-11727.5625,325376.8125,94445.2875,-0.3999999999999999,0.725,-0.6124999999999972,-0.5874999999999999,0.6124999999999998,0.21250000000000568,0.375,0.012500000000000178,-0.2875000000000001,-0.1875,-0.8625,-1.0250000000000057
49972.2375,318267.0875,-17325.375,309238.4,-7579.224999999977,42371.02500000002,373251.9,-11573.5625,325841.8125,94346.2875,-0.3999999999999999,0.725,1.3875000000000028,0.4125000000000001,-0.3875000000000002,1.2125000000000057,0.375,-0.9874999999999998,-0.2875000000000001,-1.1875,0.1375,-0.025000000000005684
49975.2375,318165.0875,-17146.375,309186.4,-7615.224999999977,42087.02500000002,372986.9,-11661.5625,325629.8125,94124.2875,-0.3999999999999999,0.725,0.38750000000000284,0.4125000000000001,-0.3875000000000002,-0.7874999999999943,-0.625,0.012500000000000178,-0.2875000000000001,-0.1875,0.1375,-0.025000000000005684
49985.2375,318205.0875,-17131.375,309101.4,-7631.224999999977,42164.02500000002,373776.9,-11652.5625,325275.8125,94258.2875,0.6000000000000001,-0.275,0.38750000000000284,-0.5874999999999999,0.6124999999999998,0.21250000000000568,0.375,0.012500000000000178,0.7124999999999999,-0.1875,1.1375,0.9749999999999943
50155.2375,319371.0875,-17263.375,308746.4,-7343.224999999977,42274.02500000002,374554.9,-11767.5625,325004.8125,94263.2875,0.6000000000000001,0.725,0.38750000000000284,0.4125000000000001,-0.3875000000000002,-0.7874999999999943,-0.625,0.012500000000000178,-0.2875000000000001,-1.1875,0.1375,-0.025000000000005684
50159.2375,319673.0875,-17254.375,308553.4,-7389.224999999977,42254.02500000002,375157.9,-11872.5625,324607.8125,94577.2875,0.6000000000000001,-0.275,-0.6124999999999972,-0.5874999999999999,-0.3875000000000002,0.21250000000000568,-0.625,0.012500000000000178,-0.2875000000000001,-1.1875,-0.8625,-0.025000000000005684
50290.2375,320333.0875,-17425.375,308387.4,-7463.224999999977,42219.02500000002,376054.9,-11767.5625,324369.8125,94618.2875,0.6000000000000001,0.725,-0.6124999999999972,0.4125000000000001,-0.3875000000000002,-0.7874999999999943,0.375,0.012500000000000178,-0.2875000000000001,-0.1875,0.1375,-0.025000000000005684
50135.2375,320642.0875,-17364.375,308215.4,-7298.224999999977,42368.02500000002,375036.9,-11835.5625,324523.8125,94493.2875,-0.3999999999999999,-0.275,0.38750000000000284,0.4125000000000001,-0.3875000000000002,0.21250000000000568,0.375,0.012500000000000178,0.7124999999999999,-0.1875,0.1375,-0.025000000000005684
50009.2375,320168.0875,-17208.375,308152.4,-7493.224999999977,42301.02500000002,374771.9,-11727.5625,324680.8125,94679.2875,-0.3999999999999999,-0.275,0.38750000000000284,0.4125000000000001,-0.3875000000000002,1.2125000000000057,0.375,0.012500000000000178,0.7124999999999999,-0.1875,0.1375,-0.025000000000005684
49833.2375,319476.0875,-17412.375,308445.4,-7331.224999999977,42346.02500000002,374688.9,-11719.5625,325038.8125,94712.2875,0.6000000000000001,-0.275,-0.6124999999999972,0.4125000000000001,0.6124999999999998,1.2125000000000057,0.375,0.012500000000000178,-0.2875000000000001,-0.1875,0.1375,-0.025000000000005684
49610.2375,318925.0875,-17431.375,308779.4,-7574.224999999977,42297.02500000002,374208.9,-11865.5625,325446.8125,94357.2875,-0.3999999999999999,0.725,-0.6124999999999972,0.4125000000000001,-0.3875000000000002,0.21250000000000568,0.375,0.012500000000000178,0.7124999999999999,-0.1875,0.1375,-1.0250000000000057
49438.2375,318215.0875,-17453.375,309527.4,-7590.224999999977,42351.02500000002,374394.9,-11840.5625,326430.8125,94152.2875,0.6000000000000001,-0.275,-0.6124999999999972,0.4125000000000001,-0.3875000000000002,0.21250000000000568,0.375,0.012500000000000178,-0.2875000000000001,0.8125,-0.8625,-0.025000000000005684
49374.2375,317706.0875,-17557.375,310062.4,-7437.224999999977,42298.02500000002,373195.9,-11765.5625,326809.8125,94469.2875,0.6000000000000001,0.725,0.38750000000000284,0.4125000000000001,-0.3875000000000002,-0.7874999999999943,0.375,0.012500000000000178,-0.2875000000000001,0.8125,0.1375,-1.0250000000000057
49375.2375,317367.0875,-17286.375,310387.4,-7437.224999999977,42172.02500000002,372876.9,-11646.5625,326884.8125,94469.2875,-0.3999999999999999,0.725,0.38750000000000284,0.4125000000000001,-1.3875000000000002,-1.7874999999999943,0.375,-0.9874999999999998,-0.2875000000000001,-0.1875,1.1375,-0.025000000000005684
49285.2375,317689.0875,-17376.375,310430.4,-7305.224999999977,42240.02500000002,373586.9,-11698.5625,326565.8125,94217.2875,0.6000000000000001,-0.275,0.38750000000000284,0.4125000000000001,-0.3875000000000002,0.21250000000000568,-0.625,0.012500000000000178,-0.2875000000000001,-0.1875,-0.8625,-1.0250000000000057
49350.2375,317996.0875,-17331.375,310077.4,-7002.224999999977,42311.02500000002,373752.9,-11856.5625,326153.8125,94202.2875,0.6000000000000001,0.725,-0.6124999999999972,0.4125000000000001,0.6124999999999998,0.21250000000000568,0.375,-0.9874999999999998,-0.2875000000000001,-0.1875,0.1375,-0.025000000000005684
49445.2375,318302.0875,-17129.375,309879.4,-7039.224999999977,42361.02500000002,373546.9,-11781.5625,325426.8125,94459.2875,0.6000000000000001,-0.275,-0.6124999999999972,1.4125,-0.3875000000000002,0.21250000000000568,0.375,1.0125000000000002,-0.2875000000000001,-0.1875,0.1375,-0.025000000000005684
49545.2375,318812.0875,-17218.375,309399.4,-7354.224999999977,42451.02500000002,373526.9,-11713.5625,325207.8125,94478.2875,0.6000000000000001,0.725,0.38750000000000284,0.4125000000000001,-0.3875000000000002,1.2125000000000057,-0.625,0.012500000000000178,0.7124999999999999,0.8125,0.1375,-0.025000000000005684
49549.2375,319558.0875,-17255.375,308864.4,-7198.224999999977,42414.02500000002,374354.9,-11819.5625,324975.8125,94364.2875,0.6000000000000001,0.725,-0.6124999999999972,0.4125000000000001,0.6124999999999998,0.21250000000000568,0.375,-0.9874999999999998,-0.2875000000000001,0.8125,0.1375,0.9749999999999943
49805.2375,320058.0875,-17288.375,308908.4,-7125.224999999977,42298.02500000002,374208.9,-11812.5625,325092.8125,94670.2875,0.6000000000000001,-0.275,0.38750000000000284,0.4125000000000001,-0.3875000000000002,0.21250000000000568,0.375,0.012500000000000178,-0.2875000000000001,-0.1875,0.1375,-0.025000000000005684
49825.2375,319463.0875,-17664.375,309013.4,-7005.224999999977,42203.02500000002,374103.9,-11760.5625,325169.8125,94885.2875,-0.3999999999999999,0.725,-0.6124999999999972,0.4125000000000001,-0.3875000000000002,0.21250000000000568,0.375,0.012500000000000178,0.7124999999999999,-0.1875,0.1375,-0.025000000000005684
49711.2375,318981.0875,-17331.375,309112.4,-7361.224999999977,42431.02500000002,374182.9,-11587.5625,325266.8125,94777.2875,-0.3999999999999999,-0.275,1.3875000000000028,0.4125000000000001,-0.3875000000000002,0.21250000000000568,0.375,-0.9874999999999998,-0.2875000000000001,-1.1875,0.1375,-0.025000000000005684
49533.2375,318640.0875,-17284.375,309081.4,-7354.224999999977,42253.02500000002,373692.9,-11630.5625,325709.8125,94349.2875,0.6000000000000001,0.725,-0.6124999999999972,-0.5874999999999999,0.6124999999999998,0.21250000000000568,0.375,0.012500000000000178,-0.2875000000000001,-1.1875,0.1375,-0.025000000000005684
49533.2375,318279.0875,-17390.375,309187.4,-7304.224999999977,42137.02500000002,373174.9,-11637.5625,325870.8125,94344.2875,-0.3999999999999999,0.725,0.38750000000000284,0.4125000000000001,0.6124999999999998,0.21250000000000568,0.375,0.012500000000000178,0.7124999999999999,-1.1875,0.1375,0.9749999999999943
49545.2375,318697.0875,-17313.375,309136.4,-7372.224999999977,42021.02500000002,373018.9,-11570.5625,325557.8125,93808.2875,-0.3999999999999999,0.725,-0.6124999999999972,-0.5874999999999999,0.6124999999999998,0.21250000000000568,0.375,0.012500000000000178,-0.2875000000000001,-0.1875,0.1375,-1.0250000000000057
49751.2375,319064.0875,-17281.375,308883.4,-7356.224999999977,42130.02500000002,374190.9,-11623.5625,325050.8125,93881.2875,-0.3999999999999999,0.725,0.38750000000000284,0.4125000000000001,-1.3875000000000002,0.21250000000000568,0.375,0.012500000000000178,-0.2875000000000001,-1.1875,0.1375,-0.025000000000005684
49862.2375,319180.0875,-17265.375,308834.4,-7308.224999999977,42121.02500000002,374797.9,-11827.5625,324635.8125,94301.2875,-0.3999999999999999,0.725,-0.6124999999999972,-0.5874999999999999,-0.3875000000000002,-0.7874999999999943,-0.625,0.012500000000000178,-0.2875000000000001,-1.1875,1.1375,-0.025000000000005684
49790.2375,319790.0875,-17158.375,308390.4,-7352.224999999977,42145.02500000002,374815.9,-11766.5625,324259.8125,94230.2875,0.6000000000000001,0.725,0.38750000000000284,0.4125000000000001,-0.3875000000000002,-0.7874999999999943,0.375,0.012500000000000178,-0.2875000000000001,-0.1875,0.1375,0.9749999999999943
49754.2375,320339.0875,-17061.375,307971.4,-7531.224999999977,42135.02500000002,375204.9,-11787.5625,324006.8125,94142.2875,-0.3999999999999999,0.725,1.3875000000000028,0.4125000000000001,-1.3875000000000002,-0.7874999999999943,0.375,0.012500000000000178,-0.2875000000000001,-0.1875,0.1375,0.9749999999999943
50019.2375,320280.0875,-17171.375,308057.4,-7533.224999999977,42208.02500000002,374491.9,-11691.5625,323859.8125,94266.2875,0.6000000000000001,-0.275,-0.6124999999999972,0.4125000000000001,-0.3875000000000002,0.21250000000000568,-0.625,0.012500000000000178,-0.2875000000000001,-0.1875,0.1375,0.9749999999999943
49962.2375,320127.0875,-17236.375,308006.4,-7333.224999999977,42313.02500000002,373769.9,-11692.5625,324103.8125,94329.2875,-0.3999999999999999,-0.275,-0.6124999999999972,0.4125000000000001,0.6124999999999998,0.21250000000000568,0.375,0.012500000000000178,0.7124999999999999,-0.1875,0.1375,-1.0250000000000057
49366.2375,319980.0875,-17239.375,308354.4,-7370.224999999977,42303.02500000002,374371.9,-11701.5625,324588.8125,94562.2875,0.6000000000000001,0.725,0.38750000000000284,0.4125000000000001,0.6124999999999998,0.21250000000000568,0.375,0.012500000000000178,-0.2875000000000001,-0.1875,0.1375,-0.025000000000005684
49263.2375,319675.0875,-17205.375,308761.4,-7426.224999999977,42228.02500000002,373934.9,-11691.5625,325453.8125,94361.2875,0.6000000000000001,-0.275,-0.6124999999999972,0.4125000000000001,1.6124999999999998,0.21250000000000568,0.375,-0.9874999999999998,0.7124999999999999,-0.1875,0.1375,-0.025000000000005684
49279.2375,319031.0875,-17569.375,309334.4,-7686.224999999977,42095.02500000002,373156.9,-11807.5625,325788.8125,94429.2875,0.6000000000000001,0.725,-0.6124999999999972,0.4125000000000001,-0.3875000000000002,0.21250000000000568,0.375,0.012500000000000178,-0.2875000000000001,-1.1875,0.1375,-0.025000000000005684
49246.2375,318061.0875,-17512.375,310196.4,-7753.224999999977,41812.02500000002,372076.9,-11514.5625,326144.8125,94495.2875,-0.3999999999999999,0.725,-0.6124999999999972,0.4125000000000001,-0.3875000000000002,0.21250000000000568,-0.625,0.012500000000000178,-0.2875000000000001,-0.1875,0.1375,0.9749999999999943
49008.2375,317963.0875,-17242.375,310129.4,-7468.224999999977,42457.02500000002,371943.9,-11556.5625,326191.8125,94611.2875,0.6000000000000001,-0.275,-0.6124999999999972,0.4125000000000001,-0.3875000000000002,0.21250000000000568,-0.625,0.012500000000000178,-0.2875000000000001,-0.1875,0.1375,-0.025000000000005684
49326.2375,317991.0875,-17350.375,309868.4,-7498.224999999977,42418.02500000002,373230.9,-11491.5625,326006.8125,94366.2875,0.6000000000000001,-0.275,-0.6124999999999972,0.4125000000000001,-0.3875000000000002,-0.7874999999999943,0.375,0.012500000000000178,-0.2875000000000001,-0.1875,0.1375,0.9749999999999943
49479.2375,318062.0875,-17329.375,309654.4,-7293.224999999977,42397.02500000002,373229.9,-11781.5625,325828.8125,94337.2875,0.6000000000000001,-0.275,0.38750000000000284,0.4125000000000001,-0.3875000000000002,0.21250000000000568,-0.625,0.012500000000000178,0.7124999999999999,-0.1875,0.1375,-0.025000000000005684
49461.2375,318191.0875,-17207.375,309321.4,-7546.224999999977,42251.02500000002,372811.9,-11735.5625,325115.8125,94433.2875,0.6000000000000001,-0.275,0.38750000000000284,1.4125,0.6124999999999998,0.21250000000000568,0.375,-0.9874999999999998,-0.2875000000000001,-0.1875,0.1375,-1.0250000000000057
49484.2375,318808.0875,-17395.375,309152.4,-7460.224999999977,42507.02500000002,373173.9,-11716.5625,325008.8125,94329.2875,0.6000000000000001,-0.275,0.38750000000000284,0.4125000000000001,-0.3875000000000002,1.2125000000000057,0.375,0.012500000000000178,-1.2875,-0.1875,0.1375,-1.0250000000000057
49491.2375,319664.0875,-17251.375,309128.4,-7240.224999999977,42560.02500000002,374768.9,-11653.5625,325037.8125,94397.2875,-0.3999999999999999,0.725,0.38750000000000284,-0.5874999999999999,-0.3875000000000002,1.2125000000000057,0.375,0.012500000000000178,-0.2875000000000001,-0.1875,0.1375,-0.025000000000005684
49448.2375,319985.0875,-17227.375,308731.4,-7210.224999999977,42432.02500000002,375147.9,-11635.5625,324892.8125,94537.2875,0.6000000000000001,-0.275,0.38750000000000284,0.4125000000000001,-0.3875000000000002,0.21250000000000568,0.375,0.012500000000000178,0.7124999999999999,-1.1875,0.1375,0.9749999999999943
49582.2375,319670.0875,-17296.375,309023.4,-7140.224999999977,42129.02500000002,374009.9,-11637.5625,324939.8125,94516.2875,0.6000000000000001,-0.275,-0.6124999999999972,0.4125000000000001,-1.3875000000000002,-0.7874999999999943,-0.625,0.012500000000000178,0.7124999999999999,-0.1875,0.1375,-0.025000000000005684
49594.2375,319150.0875,-17287.375,309319.4,-7373.224999999977,42303.02500000002,373977.9,-11766.5625,325025.8125,94353.2875,0.6000000000000001,-0.275,-0.6124999999999972,-0.5874999999999999,-0.3875000000000002,-0.7874999999999943,-0.625,0.012500000000000178,-0.2875000000000001,-0.1875,0.1375,-1.0250000000000057
49421.2375,318556.0875,-17338.375,309009.4,-7794.224999999977,42200.02500000002,375119.9,-11703.5625,325397.8125,94126.2875,-0.3999999999999999,-0.275,0.38750000000000284,-0.5874999999999999,-0.3875000000000002,0.21250000000000568,0.375,0.012500000000000178,0.7124999999999999,-0.1875,0.1375,-0.025000000000005684
49451.2375,318481.0875,-17375.375,309334.4,-7557.224999999977,42080.02500000002,374338.9,-11655.5625,325579.8125,94120.2875,0.6000000000000001,-0.275,0.38750000000000284,0.4125000000000001,-0.3875000000000002,-0.7874999999999943,-0.625,0.012500000000000178,0.7124999999999999,-0.1875,0.1375,-1.0250000000000057
49325.2375,318589.0875,-17262.375,309468.4,-7445.224999999977,42175.02500000002,373354.9,-11592.5625,325556.8125,93937.2875,0.6000000000000001,-0.275,0.38750000000000284,0.4125000000000001,-0.3875000000000002,0.21250000000000568,0.375,0.012500000000000178,0.7124999999999999,-0.1875,0.1375,-1.0250000000000057
49293.2375,318805.0875,-17277.375,309373.4,-7485.224999999977,42134.02500000002,373560.9,-11745.5625,325368.8125,94017.2875,-0.3999999999999999,0.725,-1.6124999999999972,0.4125000000000001,0.6124999999999998,0.21250000000000568,-0.625,-0.9874999999999998,-0.2875000000000001,-1.1875,0.1375,-1.0250000000000057
49256.2375,319070.0875,-17142.375,309203.4,-7342.224999999977,42126.02500000002,373574.9,-11546.5625,324791.8125,93939.2875,-0.3999999999999999,-0.275,1.3875000000000028,0.4125000000000001,-0.3875000000000002,1.2125000000000057,-0.625,0.012500000000000178,-0.2875000000000001,-0.1875,0.1375,-0.025000000000005684
49380.2375,319710.0875,-17198.375,308962.4,-7327.224999999977,42219.02500000002,372941.9,-11569.5625,324058.8125,93986.2875,-1.4,0.725,1.3875000000000028,-0.5874999999999999,0.6124999999999998,0.21250000000000568,0.375,0.012500000000000178,-0.2875000000000001,-0.1875,0.1375,-0.025000000000005684
49455.2375,320283.0875,-16997.375,308659.4,-7208.224999999977,42221.02500000002,374093.9,-11631.5625,323773.8125,93958.2875,-0.3999999999999999,0.725,-0.6124999999999972,0.4125000000000001,0.6124999999999998,0.21250000000000568,0.375,0.012500000000000178,-0.2875000000000001,-1.1875,0.1375,0.9749999999999943
49401.2375,320783.0875,-16956.375,308433.4,-7376.224999999977,42322.02500000002,373888.9,-11655.5625,323551.8125,94388.2875,-0.3999999999999999,-0.275,0.38750000000000284,-0.5874999999999999,-0.3875000000000002,0.21250000000000568,-0.625,-0.9874999999999998,0.7124999999999999,-0.1875,-0.8625,-0.025000000000005684
49312.2375,320790.0875,-17076.375,308151.4,-7292.224999999977,42322.02500000002,374013.9,-11697.5625,323420.8125,94226.2875,0.6000000000000001,-0.275,0.38750000000000284,-0.5874999999999999,-1.3875000000000002,0.21250000000000568,-0.625,0.012500000000000178,0.7124999999999999,0.8125,0.1375,-0.025000000000005684
49527.2375,320640.0875,-17113.375,308200.4,-7194.224999999977,42223.02500000002,374652.9,-11742.5625,323595.8125,94248.2875,-0.3999999999999999,-0.275,0.38750000000000284,0.4125000000000001,-0.3875000000000002,0.21250000000000568,0.375,0.012500000000000178,-0.2875000000000001,-0.1875,0.1375,-0.025000000000005684
49581.2375,319423.0875,-17294.375,308548.4,-7423.224999999977,42367.02500000002,373438.9,-11625.5625,324876.8125,94397.2875,-0.3999999999999999,-0.275,0.38750000000000284,0.4125000000000001,0.6124999999999998,0.21250000000000568,0.375,0.012500000000000178,-0.2875000000000001,-0.1875,0.1375,-0.025000000000005684
49553.2375,319108.0875,-17324.375,309052.4,-7535.224999999977,42388.02500000002,373348.9,-11741.5625,325316.8125,94318.2875,0.6000000000000001,-0.275,-0.6124999999999972,0.4125000000000001,-0.3875000000000002,1.2125000000000057,0.375,0.012500000000000178,-0.2875000000000001,-0.1875,0.1375,-0.025000000000005684
49474.2375,318208.0875,-17381.375,309409.4,-7579.224999999977,42119.02500000002,373152.9,-11681.5625,325791.8125,94502.2875,0.6000000000000001,0.725,-0.6124999999999972,0.4125000000000001,-1.3875000000000002,-0.7874999999999943,0.375,0.012500000000000178,-0.2875000000000001,-0.1875,-0.8625,0.9749999999999943
49379.2375,318083.0875,-17417.375,309425.4,-7408.224999999977,42155.02500000002,374421.9,-11577.5625,325801.8125,94385.2875,-0.3999999999999999,-0.275,0.38750000000000284,0.4125000000000001,-0.3875000000000002,0.21250000000000568,-0.625,0.012500000000000178,-0.2875000000000001,-0.1875,0.1375,-0.025000000000005684
49211.2375,317938.0875,-17202.375,309689.4,-7440.224999999977,42247.02500000002,374151.9,-11740.5625,325851.8125,94052.2875,-0.3999999999999999,-0.275,0.38750000000000284,-0.5874999999999999,-0.3875000000000002,-0.7874999999999943,-0.625,0.012500000000000178,-0.2875000000000001,-0.1875,0.1375,0.9749999999999943
49215.2375,318126.0875,-17250.375,309492.4,-7259.224999999977,42194.02500000002,373814.9,-11577.5625,325497.8125,94055.2875,-0.3999999999999999,0.725,0.38750000000000284,0.4125000000000001,-0.3875000000000002,-0.7874999999999943,0.375,0.012500000000000178,-0.2875000000000001,-1.1875,1.1375,-0.025000000000005684
49384.2375,319005.0875,-17553.375,308835.4,-7254.224999999977,42413.02500000002,372310.9,-11717.5625,324506.8125,93788.2875,-0.3999999999999999,0.725,-0.6124999999999972,0.4125000000000001,-0.3875000000000002,1.2125000000000057,-0.625,0.012500000000000178,0.7124999999999999,-0.1875,0.1375,0.9749999999999943
49374.2375,319223.0875,-17351.375,308860.4,-7528.224999999977,42387.02500000002,373010.9,-11683.5625,324293.8125,94304.2875,-0.3999999999999999,-0.275,-0.6124999999999972,-0.5874999999999999,0.6124999999999998,0.21250000000000568,0.375,0.012500000000000178,0.7124999999999999,-0.1875,0.1375,0.9749999999999943
49214.2375,319687.0875,-17257.375,308995.4,-7490.224999999977,42445.02500000002,373129.9,-11681.5625,324339.8125,94136.2875,0.6000000000000001,0.725,0.38750000000000284,1.4125,-0.3875000000000002,0.21250000000000568,0.375,0.012500000000000178,-0.2875000000000001,0.8125,0.1375,-0.025000000000005684
49228.2375,319567.0875,-17253.375,309191.4,-7281.224999999977,42327.02500000002,373655.9,-11633.5625,324619.8125,94119.2875,0.6000000000000001,-0.275,0.38750000000000284,-0.5874999999999999,-0.3875000000000002,0.21250000000000568,0.375,-0.9874999999999998,0.7124999999999999,-0.1875,0.1375,-0.025000000000005684
49117.2375,319210.0875,-17304.375,309523.4,-7275.224999999977,42224.02500000002,374138.9,-11449.5625,324767.8125,94257.2875,0.6000000000000001,0.725,-0.6124999999999972,-0.5874999999999999,-0.3875000000000002,0.21250000000000568,0.375,0.012500000000000178,-0.2875000000000001,-0.1875,0.1375,-0.025000000000005684
48975.2375,319058.0875,-17116.375,309489.4,-7303.224999999977,42202.02500000002,373193.9,-11607.5625,324902.8125,94088.2875,-0.3999999999999999,0.725,0.38750000000000284,0.4125000000000001,-0.3875000000000002,-0.7874999999999943,-0.625,0.012500000000000178,0.7124999999999999,-0.1875,0.1375,-1.0250000000000057
48988.2375,318891.0875,-17061.375,309475.4,-7307.224999999977,42432.02500000002,372492.9,-11523.5625,325112.8125,94155.2875,0.6000000000000001,-0.275,-0.6124999999999972,-0.5874999999999999,-1.3875000000000002,0.21250000000000568,0.375,0.012500000000000178,-0.2875000000000001,-0.1875,0.1375,-1.0250000000000057
49118.2375,318568.0875,-17133.375,309675.4,-7389.224999999977,42350.02500000002,373038.9,-11528.5625,325297.8125,94282.2875,-0.3999999999999999,0.725,-0.6124999999999972,0.4125000000000001,-0.3875000000000002,-0.7874999999999943,-0.625,-0.9874999999999998,0.7124999999999999,-0.1875,0.1375,-0.025000000000005684
49279.2375,318673.0875,-17218.375,309612.4,-7431.224999999977,42016.02500000002,373315.9,-11741.5625,325250.8125,94201.2875,0.6000000000000001,-0.275,-0.6124999999999972,0.4125000000000001,-0.3875000000000002,0.21250000000000568,0.375,0.012500000000000178,0.7124999999999999,-0.1875,0.1375,0.9749999999999943
49143.2375,319303.0875,-17296.375,309455.4,-7396.224999999977,42170.02500000002,373854.9,-11687.5625,325034.8125,94167.2875,0.6000000000000001,0.725,0.38750000000000284,0.4125000000000001,0.6124999999999998,-0.7874999999999943,0.375,0.012500000000000178,-0.2875000000000001,-0.1875,0.1375,-1.0250000000000057
49114.2375,319417.0875,-17129.375,309113.4,-7209.224999999977,42101.02500000002,373856.9,-11707.5625,324893.8125,94419.2875,0.6000000000000001,0.725,-0.6124999999999972,0.4125000000000001,0.6124999999999998,0.21250000000000568,0.375,-0.9874999999999998,-0.2875000000000001,-1.1875,0.1375,-0.025000000000005684
49299.2375,319787.0875,-16995.375,308808.4,-7138.224999999977,42179.02500000002,374255.9,-11679.5625,324841.8125,94330.2875,-0.3999999999999999,-0.275,1.3875000000000028,0.4125000000000001,-0.3875000000000002,0.21250000000000568,-0.625,-0.9874999999999998,-0.2875000000000001,-0.1875,0.1375,-1.0250000000000057
49545.2375,320317.0875,-17245.375,308311.4,-7394.224999999977,42275.02500000002,375061.9,-11567.5625,324629.8125,94324.2875,-0.3999999999999999,-0.275,0.38750000000000284,-0.5874999999999999,-0.3875000000000002,-1.7874999999999943,0.375,-0.9874999999999998,-0.2875000000000001,-1.1875,0.1375,-1.0250000000000057
49677.2375,320477.0875,-17247.375,308292.4,-7351.224999999977,42293.02500000002,375117.9,-11490.5625,324767.8125,94441.2875,-0.3999999999999999,-0.275,-0.6124999999999972,0.4125000000000001,0.6124999999999998,-0.7874999999999943,0.375,0.012500000000000178,0.7124999999999999,-0.1875,0.1375,-0.025000000000005684
49334.2375,319982.0875,-17303.375,308348.4,-7224.224999999977,42150.02500000002,374803.9,-11493.5625,324921.8125,94303.2875,0.6000000000000001,0.725,-0.6124999999999972,0.4125000000000001,-0.3875000000000002,-0.7874999999999943,-0.625,0.012500000000000178,-0.2875000000000001,-0.1875,-0.8625,-1.0250000000000057
49322.2375,319475.0875,-17352.375,308579.4,-7248.224999999977,42034.02500000002,374652.9,-11591.5625,325221.8125,94220.2875,0.6000000000000001,0.725,-0.6124999999999972,0.4125000000000001,0.6124999999999998,0.21250000000000568,0.375,0.012500000000000178,-0.2875000000000001,-0.1875,0.1375,-0.025000000000005684
49334.2375,318913.0875,-17308.375,309068.4,-7576.224999999977,42238.02500000002,373650.9,-11616.5625,325782.8125,94466.2875,-0.3999999999999999,0.725,-0.6124999999999972,0.4125000000000001,0.6124999999999998,-0.7874999999999943,-0.625,0.012500000000000178,0.7124999999999999,-0.1875,0.1375,-1.0250000000000057
49332.2375,318873.0875,-17480.375,309195.4,-7362.224999999977,42371.02500000002,373447.9,-11553.5625,325958.8125,94286.2875,0.6000000000000001,-0.275,1.3875000000000028,0.4125000000000001,0.6124999999999998,-0.7874999999999943,0.375,0.012500000000000178,0.7124999999999999,-0.1875,0.1375,-1.0250000000000057
49217.2375,318805.0875,-17404.375,309351.4,-7369.224999999977,42526.02500000002,373739.9,-11541.5625,325764.8125,94250.2875,-0.3999999999999999,0.725,-0.6124999999999972,0.4125000000000001,-0.3875000000000002,0.21250000000000568,0.375,0.012500000000000178,0.7124999999999999,-0.1875,0.1375,-1.0250000000000057
49130.2375,319027.0875,-17219.375,309772.4,-7283.224999999977,42397.02500000002,373486.9,-11673.5625,325646.8125,94605.2875,0.6000000000000001,0.725,-0.6124999999999972,0.4125000000000001,-0.3875000000000002,-0.7874999999999943,0.375,-0.9874999999999998,-0.2875000000000001,-0.1875,0.1375,-1.0250000000000057
48993.2375,319148.0875,-17267.375,309771.4,-7267.224999999977,42441.02500000002,374314.9,-11701.5625,325359.8125,94620.2875,0.6000000000000001,0.725,0.38750000000000284,-0.5874999999999999,-0.3875000000000002,-0.7874999999999943,-0.625,0.012500000000000178,-0.2875000000000001,-0.1875,0.1375,0.9749999999999943
