FPI,SPI,AI,SFI,FFI,FPD,SPD,AD,SFD,FFD,API_X,API_Y,API_Z,APD_X,APD_Y,APD_Z,AFD_X,AFD_Y,AFD_Z,AFI_X,AFI_Y,AFI_Z
35547.850000000006,46.262499999953434,-21036.787500000006,394.7250000000058,-11732.599999999977,9476.424999999988,-6.462499999994179,-7205.737499999988,-120.34999999999854,-153404.625,0.6000000000000001,-0.17500000000000004,-0.6124999999999972,0.0,-0.3624999999999998,1.2125000000000057,0.3625,0.04999999999999982,-0.3624999999999998,-0.1499999999999999,-0.8375,-0.15000000000000568
35409.850000000006,-244.73750000004657,-21031.787500000006,10.72500000000582,-11909.599999999977,9559.424999999988,-984.4624999999942,-7400.737499999988,-123.34999999999854,-153362.625,0.6000000000000001,-0.17500000000000004,0.38750000000000284,0.0,0.6375000000000002,1.2125000000000057,0.3625,0.04999999999999982,-0.3624999999999998,-0.1499999999999999,0.1625,-0.15000000000000568
35345.850000000006,-354.73750000004657,-21101.787500000006,94.72500000000582,-11718.599999999977,9503.424999999988,-506.4624999999942,-7358.737499999988,-328.34999999999854,-153428.625,-0.3999999999999999,-0.17500000000000004,-0.6124999999999972,-1.0,-0.3624999999999998,-0.7874999999999943,-0.6375,0.04999999999999982,-0.3624999999999998,-0.1499999999999999,0.1625,-0.15000000000000568
35420.850000000006,-122.73750000004657,-21016.787500000006,-258.2749999999942,-12262.599999999977,9945.424999999988,-724.4624999999942,-7387.737499999988,-653.3499999999985,-153476.625,0.6000000000000001,0.825,0.38750000000000284,-1.0,0.6375000000000002,-0.7874999999999943,0.3625,0.04999999999999982,0.6375000000000002,0.8500000000000001,1.1625,-0.15000000000000568
35549.850000000006,-46.737500000046566,-21210.787500000006,-207.27499999999418,-11942.599999999977,9927.424999999988,-629.4624999999942,-7559.737499999988,-587.3499999999985,-153411.625,-0.3999999999999999,0.825,0.38750000000000284,0.0,0.6375000000000002,0.21250000000000568,0.3625,0.04999999999999982,0.6375000000000002,-0.1499999999999999,0.1625,-0.15000000000000568
35346.850000000006,39.262499999953434,-21159.787500000006,-303.2749999999942,-11644.599999999977,9844.424999999988,399.5375000000058,-7652.737499999988,-451.34999999999854,-153400.625,-0.3999999999999999,0.825,1.3875000000000028,0.0,1.6375000000000002,-0.7874999999999943,0.3625,-0.9500000000000002,-0.3624999999999998,-0.1499999999999999,0.1625,-0.15000000000000568
35484.850000000006,-220.73750000004657,-21172.787500000006,-285.2749999999942,-11350.599999999977,9980.424999999988,232.53750000000582,-7623.737499999988,-492.34999999999854,-153704.625,0.6000000000000001,-0.17500000000000004,0.38750000000000284,0.0,-0.3624999999999998,1.2125000000000057,-0.6375,0.04999999999999982,-0.3624999999999998,-0.1499999999999999,0.1625,0.8499999999999943
35415.850000000006,118.26249999995343,-21006.787500000006,-140.27499999999418,-11459.599999999977,10031.424999999988,340.5375000000058,-7563.737499999988,-578.3499999999985,-153579.625,-0.3999999999999999,0.825,-0.6124999999999972,0.0,-0.3624999999999998,0.21250000000000568,0.3625,0.04999999999999982,0.6375000000000002,0.8500000000000001,0.1625,-0.15000000000000568
35300.850000000006,-54.737500000046566,-21011.787500000006,-84.27499999999418,-11319.599999999977,9875.424999999988,561.5375000000058,-7548.737499999988,-405.34999999999854,-153067.625,0.6000000000000001,-0.17500000000000004,0.38750000000000284,1.0,-0.3624999999999998,0.21250000000000568,0.3625,0.04999999999999982,0.6375000000000002,0.8500000000000001,0.1625,-0.15000000000000568
35249.850000000006,27.262499999953434,-20987.787500000006,-381.2749999999942,-11362.599999999977,9906.424999999988,3328.537500000006,-7567.737499999988,-361.34999999999854,-152992.625,1.6,-0.17500000000000004,-0.6124999999999972,1.0,-0.3624999999999998,1.2125000000000057,0.3625,0.04999999999999982,-0.3624999999999998,-0.1499999999999999,0.1625,-0.15000000000000568
35343.850000000006,-53.737500000046566,-21339.787500000006,-452.2749999999942,-11424.599999999977,10033.424999999988,2288.537500000006,-7469.737499999988,-213.34999999999854,-153130.625,-0.3999999999999999,0.825,1.3875000000000028,1.0,-1.3624999999999998,-0.7874999999999943,0.3625,0.04999999999999982,-0.3624999999999998,-0.1499999999999999,0.1625,-0.15000000000000568
35290.850000000006,74.26249999995343,-21355.787500000006,-410.2749999999942,-11257.599999999977,10014.424999999988,434.5375000000058,-7716.737499999988,47.650000000001455,-152894.625,0.6000000000000001,0.825,0.38750000000000284,-1.0,0.6375000000000002,-0.7874999999999943,-0.6375,0.04999999999999982,-0.3624999999999998,-0.1499999999999999,0.1625,0.8499999999999943
35492.850000000006,306.26249999995343,-21275.787500000006,-244.27499999999418,-11261.599999999977,9916.424999999988,234.53750000000582,-7225.737499999988,555.6500000000015,-152973.625,0.6000000000000001,-0.17500000000000004,0.38750000000000284,0.0,-0.3624999999999998,-0.7874999999999943,-0.6375,0.04999999999999982,0.6375000000000002,-0.1499999999999999,0.1625,1.8499999999999943
35514.850000000006,346.26249999995343,-21193.787500000006,-85.27499999999418,-11315.599999999977,10049.424999999988,270.5375000000058,-7275.737499999988,868.6500000000015,-152851.625,-0.3999999999999999,-0.17500000000000004,0.38750000000000284,0.0,-0.3624999999999998,0.21250000000000568,0.3625,-0.9500000000000002,-0.3624999999999998,-0.1499999999999999,-0.8375,-0.15000000000000568
35525.850000000006,347.26249999995343,-21051.787500000006,-131.27499999999418,-11334.599999999977,10112.424999999988,-713.4624999999942,-7578.737499999988,904.6500000000015,-152688.625,0.6000000000000001,-0.17500000000000004,0.38750000000000284,0.0,0.6375000000000002,-0.7874999999999943,0.3625,0.04999999999999982,1.6375000000000002,0.8500000000000001,-0.8375,-0.15000000000000568
35317.850000000006,75.26249999995343,-21064.787500000006,-269.2749999999942,-11473.599999999977,10044.424999999988,-537.4624999999942,-7636.737499999988,988.6500000000015,-152722.625,-0.3999999999999999,-1.175,0.38750000000000284,0.0,-0.3624999999999998,0.21250000000000568,0.3625,0.04999999999999982,-0.3624999999999998,-0.1499999999999999,0.1625,-0.15000000000000568
35350.850000000006,-160.73750000004657,-21136.787500000006,-292.2749999999942,-11867.599999999977,9694.424999999988,399.5375000000058,-7498.737499999988,825.6500000000015,-152990.625,0.6000000000000001,0.825,0.38750000000000284,0.0,0.6375000000000002,1.2125000000000057,-0.6375,0.04999999999999982,0.6375000000000002,0.8500000000000001,1.1625,-0.15000000000000568
34994.850000000006,-378.73750000004657,-21224.787500000006,-135.27499999999418,-11711.599999999977,9592.424999999988,1069.5375000000058,-7548.737499999988,455.65000000000146,-153348.625,0.6000000000000001,-0.17500000000000004,-0.6124999999999972,1.0,-0.3624999999999998,0.21250000000000568,0.3625,0.04999999999999982,-0.3624999999999998,-0.1499999999999999,1.1625,0.8499999999999943
35364.850000000006,-25.737500000046566,-21024.787500000006,-90.27499999999418,-11674.599999999977,9651.424999999988,-408.4624999999942,-7406.737499999988,485.65000000000146,-153476.625,0.6000000000000001,-0.17500000000000004,-1.6124999999999972,0.0,0.6375000000000002,0.21250000000000568,-0.6375,0.04999999999999982,-0.3624999999999998,-0.1499999999999999,0.1625,-0.15000000000000568
35405.850000000006,73.26249999995343,-20984.787500000006,-172.27499999999418,-11771.599999999977,9718.424999999988,-491.4624999999942,-7509.737499999988,282.65000000000146,-153119.625,0.6000000000000001,0.825,-0.6124999999999972,-1.0,-0.3624999999999998,-0.7874999999999943,-0.6375,0.04999999999999982,-0.3624999999999998,-0.1499999999999999,-0.8375,-0.15000000000000568
35414.850000000006,-141.73750000004657,-21008.787500000006,-113.27499999999418,-11621.599999999977,9756.424999999988,1011.5375000000058,-7521.737499999988,249.65000000000146,-153175.625,0.6000000000000001,-0.17500000000000004,1.3875000000000028,0.0,-0.3624999999999998,-0.7874999999999943,0.3625,0.04999999999999982,0.6375000000000002,-1.15,-0.8375,-0.15000000000000568
35493.850000000006,-198.73750000004657,-21031.787500000006,87.72500000000582,-11348.599999999977,9880.424999999988,-159.46249999999418,-7337.737499999988,26.650000000001455,-153187.625,0.6000000000000001,0.825,1.3875000000000028,0.0,0.6375000000000002,-0.7874999999999943,0.3625,0.04999999999999982,-0.3624999999999998,-0.1499999999999999,-0.8375,-0.15000000000000568
35338.850000000006,119.26249999995343,-21017.787500000006,302.7250000000058,-11699.599999999977,9877.424999999988,560.5375000000058,-7530.737499999988,-89.34999999999854,-153111.625,-0.3999999999999999,-0.17500000000000004,-0.6124999999999972,0.0,0.6375000000000002,-0.7874999999999943,0.3625,-0.9500000000000002,-0.3624999999999998,-0.1499999999999999,0.1625,-0.15000000000000568
35294.850000000006,494.26249999995343,-21143.787500000006,297.7250000000058,-11402.599999999977,9734.424999999988,-354.4624999999942,-7715.737499999988,-202.34999999999854,-153074.625,0.6000000000000001,-0.17500000000000004,1.3875000000000028,0.0,-0.3624999999999998,1.2125000000000057,-1.6375,0.04999999999999982,0.6375000000000002,-0.1499999999999999,1.1625,-1.1500000000000057
35414.850000000006,386.26249999995343,-21028.787500000006,260.7250000000058,-11493.599999999977,9717.424999999988,398.5375000000058,-7642.737499999988,-209.34999999999854,-153207.625,0.6000000000000001,-0.17500000000000004,-0.6124999999999972,-1.0,-0.3624999999999998,0.21250000000000568,-0.6375,0.04999999999999982,-0.3624999999999998,-0.1499999999999999,1.1625,-1.1500000000000057
35277.850000000006,160.26249999995343,-21109.787500000006,264.7250000000058,-11617.599999999977,9565.424999999988,564.5375000000058,-7447.737499999988,-284.34999999999854,-153763.625,-0.3999999999999999,0.825,-0.6124999999999972,0.0,-0.3624999999999998,-0.7874999999999943,-0.6375,0.04999999999999982,-0.3624999999999998,-1.15,0.1625,-0.15000000000000568
35425.850000000006,-1.7375000000465661,-21212.787500000006,330.7250000000058,-11451.599999999977,9593.424999999988,463.5375000000058,-7388.737499999988,-437.34999999999854,-153602.625,-0.3999999999999999,0.825,-0.6124999999999972,0.0,-0.3624999999999998,0.21250000000000568,-0.6375,0.04999999999999982,-0.3624999999999998,-0.1499999999999999,0.1625,-1.1500000000000057
35414.850000000006,-242.73750000004657,-21091.787500000006,161.72500000000582,-11724.599999999977,9617.424999999988,720.5375000000058,-7510.737499999988,-295.34999999999854,-153379.625,-0.3999999999999999,-0.17500000000000004,0.38750000000000284,0.0,-0.3624999999999998,-0.7874999999999943,0.3625,-0.9500000000000002,-0.3624999999999998,-0.1499999999999999,-0.8375,0.8499999999999943
35504.850000000006,42.262499999953434,-21056.787500000006,360.7250000000058,-11190.599999999977,9673.424999999988,421.5375000000058,-7611.737499999988,-234.34999999999854,-153327.625,0.6000000000000001,0.825,2.387500000000003,0.0,-0.3624999999999998,-1.7874999999999943,-0.6375,0.04999999999999982,0.6375000000000002,-1.15,0.1625,-0.15000000000000568
35849.850000000006,370.26249999995343,-21131.787500000006,621.7250000000058,-11916.599999999977,9840.424999999988,251.53750000000582,-7783.737499999988,-229.34999999999854,-152801.625,-0.3999999999999999,-0.17500000000000004,0.38750000000000284,0.0,-0.3624999999999998,-0.7874999999999943,0.3625,-0.9500000000000002,0.6375000000000002,0.8500000000000001,0.1625,-0.15000000000000568
35728.850000000006,-30.737500000046566,-21172.787500000006,408.7250000000058,-11709.599999999977,9983.424999999988,834.5375000000058,-7524.737499999988,-55.349999999998545,-152834.625,0.6000000000000001,-0.17500000000000004,-0.6124999999999972,0.0,0.6375000000000002,0.21250000000000568,0.3625,0.04999999999999982,-0.3624999999999998,-0.1499999999999999,1.1625,-0.15000000000000568
35523.850000000006,37.262499999953434,-21215.787500000006,203.72500000000582,-11444.599999999977,9881.424999999988,148.53750000000582,-7422.737499999988,-238.34999999999854,-152976.625,-0.3999999999999999,-0.17500000000000004,0.38750000000000284,0.0,-0.3624999999999998,0.21250000000000568,0.3625,0.04999999999999982,-0.3624999999999998,-1.15,0.1625,-0.15000000000000568
35541.850000000006,-34.737500000046566,-21134.787500000006,261.7250000000058,-11364.599999999977,10005.424999999988,-337.4624999999942,-7495.737499999988,-196.34999999999854,-152983.625,-0.3999999999999999,-0.17500000000000004,0.38750000000000284,0.0,-0.3624999999999998,1.2125000000000057,-0.6375,0.04999999999999982,-0.3624999999999998,0.8500000000000001,-0.8375,0.8499999999999943
35448.850000000006,-221.73750000004657,-21176.787500000006,224.72500000000582,-11573.599999999977,9954.424999999988,1096.5375000000058,-7557.737499999988,-26.349999999998545,-153042.625,0.6000000000000001,-0.17500000000000004,1.3875000000000028,1.0,-0.3624999999999998,0.21250000000000568,-0.6375,0.04999999999999982,0.6375000000000002,-0.1499999999999999,0.1625,0.8499999999999943
35436.850000000006,-50.737500000046566,-21021.787500000006,29.72500000000582,-11519.599999999977,10007.424999999988,2155.537500000006,-7254.737499999988,761.6500000000015,-152910.625,-0.3999999999999999,-0.17500000000000004,0.38750000000000284,0.0,-0.3624999999999998,-0.7874999999999943,0.3625,0.04999999999999982,1.6375000000000002,-0.1499999999999999,0.1625,-0.15000000000000568
35333.850000000006,453.26249999995343,-21056.787500000006,226.72500000000582,-11329.599999999977,10039.424999999988,863.5375000000058,-7455.737499999988,564.6500000000015,-152803.625,-0.3999999999999999,0.825,0.38750000000000284,0.0,0.6375000000000002,-0.7874999999999943,0.3625,-0.9500000000000002,1.6375000000000002,-0.1499999999999999,0.1625,-0.15000000000000568
35414.850000000006,217.26249999995343,-21160.787500000006,206.72500000000582,-11328.599999999977,10072.424999999988,472.5375000000058,-7654.737499999988,404.65000000000146,-153143.625,-0.3999999999999999,-0.17500000000000004,0.38750000000000284,0.0,-0.3624999999999998,0.21250000000000568,-0.6375,0.04999999999999982,-0.3624999999999998,-0.1499999999999999,0.1625,0.8499999999999943
35328.850000000006,-125.73750000004657,-21038.787500000006,82.72500000000582,-11304.599999999977,10096.424999999988,8.53750000000582,-7666.737499999988,238.65000000000146,-153148.625,0.6000000000000001,-0.17500000000000004,0.38750000000000284,0.0,0.6375000000000002,0.21250000000000568,0.3625,0.04999999999999982,0.6375000000000002,-0.1499999999999999,0.1625,-0.15000000000000568
35339.850000000006,-357.73750000004657,-20888.787500000006,0.7250000000058208,-11460.599999999977,10105.424999999988,111.53750000000582,-7482.737499999988,296.65000000000146,-153122.625,0.6000000000000001,0.825,0.38750000000000284,0.0,0.6375000000000002,-0.7874999999999943,-0.6375,0.04999999999999982,-0.3624999999999998,-0.1499999999999999,0.1625,-0.15000000000000568
35393.850000000006,-475.73750000004657,-20912.787500000006,293.7250000000058,-11988.599999999977,10014.424999999988,-203.46249999999418,-7387.737499999988,458.65000000000146,-152933.625,0.6000000000000001,0.825,-1.6124999999999972,0.0,0.6375000000000002,1.2125000000000057,0.3625,0.04999999999999982,-0.3624999999999998,-0.1499999999999999,0.1625,-0.15000000000000568
35399.850000000006,34.262499999953434,-21022.787500000006,262.7250000000058,-11786.599999999977,9879.424999999988,-177.46249999999418,-7392.737499999988,686.6500000000015,-152976.625,0.6000000000000001,-0.17500000000000004,-1.6124999999999972,0.0,1.6375000000000002,1.2125000000000057,0.3625,0.04999999999999982,0.6375000000000002,-0.1499999999999999,-0.8375,-0.15000000000000568
35400.850000000006,-231.73750000004657,-21014.787500000006,220.72500000000582,-12157.599999999977,9817.424999999988,-46.46249999999418,-7476.737499999988,742.6500000000015,-153134.625,-0.3999999999999999,0.825,0.38750000000000284,0.0,-0.3624999999999998,0.21250000000000568,0.3625,0.04999999999999982,-0.3624999999999998,-0.1499999999999999,-1.8375,-1.1500000000000057
35542.850000000006,-197.73750000004657,-20983.787500000006,367.7250000000058,-12016.599999999977,9945.424999999988,-512.4624999999942,-7608.737499999988,698.6500000000015,-153109.625,0.6000000000000001,-0.17500000000000004,0.38750000000000284,0.0,-0.3624999999999998,0.21250000000000568,-0.6375,0.04999999999999982,-0.3624999999999998,-0.1499999999999999,0.1625,-0.15000000000000568
35553.850000000006,-153.73750000004657,-20935.787500000006,547.7250000000058,-11616.599999999977,9943.424999999988,-1063.4624999999942,-7481.737499999988,660.6500000000015,-152862.625,0.6000000000000001,-0.17500000000000004,0.38750000000000284,0.0,-0.3624999999999998,-0.7874999999999943,0.3625,0.04999999999999982,-0.3624999999999998,-0.1499999999999999,0.1625,-0.15000000000000568
35432.850000000006,40.262499999953434,-20910.787500000006,373.7250000000058,-11454.599999999977,9980.424999999988,-1319.4624999999942,-7494.737499999988,601.6500000000015,-152998.625,-0.3999999999999999,-0.17500000000000004,-0.6124999999999972,0.0,-0.3624999999999998,-0.7874999999999943,0.3625,0.04999999999999982,-0.3624999999999998,-0.1499999999999999,0.1625,-1.1500000000000057
35388.850000000006,85.26249999995343,-20891.787500000006,298.7250000000058,-11272.599999999977,9922.424999999988,226.53750000000582,-7396.737499999988,599.6500000000015,-152962.625,0.6000000000000001,-0.17500000000000004,-1.6124999999999972,0.0,0.6375000000000002,0.21250000000000568,-0.6375,0.04999999999999982,-1.3624999999999998,-0.1499999999999999,0.1625,-1.1500000000000057
35337.850000000006,-85.73750000004657,-20959.787500000006,493.7250000000058,-11676.599999999977,9881.424999999988,214.53750000000582,-7477.737499999988,503.65000000000146,-153033.625,-0.3999999999999999,-0.17500000000000004,0.38750000000000284,0.0,0.6375000000000002,0.21250000000000568,0.3625,0.04999999999999982,-0.3624999999999998,0.8500000000000001,-0.8375,-0.15000000000000568
35456.850000000006,-241.73750000004657,-21067.787500000006,399.7250000000058,-11576.599999999977,9890.424999999988,1151.5375000000058,-7443.737499999988,410.65000000000146,-153087.625,-0.3999999999999999,-0.17500000000000004,-1.6124999999999972,0.0,0.6375000000000002,0.21250000000000568,0.3625,0.04999999999999982,-0.3624999999999998,-0.1499999999999999,-0.8375,-0.15000000000000568
35498.850000000006,-479.73750000004657,-21157.787500000006,460.7250000000058,-11312.599999999977,9869.424999999988,430.5375000000058,-7644.737499999988,246.65000000000146,-153211.625,0.6000000000000001,-0.17500000000000004,1.3875000000000028,0.0,-0.3624999999999998,1.2125000000000057,-0.6375,0.04999999999999982,0.6375000000000002,-0.1499999999999999,-0.8375,-0.15000000000000568
35366.850000000006,-239.73750000004657,-21221.787500000006,373.7250000000058,-11285.599999999977,9856.424999999988,-453.4624999999942,-7414.737499999988,118.65000000000146,-153248.625,-0.3999999999999999,-0.17500000000000004,-0.6124999999999972,0.0,-0.3624999999999998,0.21250000000000568,0.3625,0.04999999999999982,0.6375000000000002,-0.1499999999999999,0.1625,-0.15000000000000568
35260.850000000006,41.262499999953434,-21100.787500000006,559.7250000000058,-11284.599999999977,9678.424999999988,-596.4624999999942,-7535.737499999988,181.65000000000146,-152836.625,-0.3999999999999999,-1.175,0.38750000000000284,0.0,-0.3624999999999998,0.21250000000000568,0.3625,0.04999999999999982,-0.3624999999999998,-0.1499999999999999,0.1625,-0.15000000000000568
35380.850000000006,-267.73750000004657,-21139.787500000006,436.7250000000058,-11354.599999999977,9758.424999999988,16.53750000000582,-7573.737499999988,-0.3499999999985448,-152991.625,-0.3999999999999999,-0.17500000000000004,-0.6124999999999972,0.0,-0.3624999999999998,-0.7874999999999943,0.3625,0.04999999999999982,0.6375000000000002,-0.1499999999999999,1.1625,-0.15000000000000568
35462.850000000006,-413.73750000004657,-21047.787500000006,263.7250000000058,-11240.599999999977,9884.424999999988,53.53750000000582,-7505.737499999988,-145.34999999999854,-153226.625,0.6000000000000001,-0.17500000000000004,-0.6124999999999972,0.0,-0.3624999999999998,-0.7874999999999943,0.3625,0.04999999999999982,0.6375000000000002,0.8500000000000001,1.1625,-0.15000000000000568
35496.850000000006,-497.73750000004657,-21202.787500000006,239.72500000000582,-11204.599999999977,10030.424999999988,-1101.4624999999942,-7459.737499999988,-44.349999999998545,-153273.625,0.6000000000000001,-0.17500000000000004,-0.6124999999999972,0.0,-0.3624999999999998,0.21250000000000568,-0.6375,0.04999999999999982,-0.3624999999999998,-1.15,1.1625,0.8499999999999943
35515.850000000006,-225.73750000004657,-21259.787500000006,200.72500000000582,-11457.599999999977,10104.424999999988,51.53750000000582,-7627.737499999988,-144.34999999999854,-153291.625,0.6000000000000001,0.825,0.38750000000000284,1.0,-0.3624999999999998,0.21250000000000568,0.3625,0.04999999999999982,-0.3624999999999998,-0.1499999999999999,0.1625,-0.15000000000000568
35586.850000000006,69.26249999995343,-21195.787500000006,215.72500000000582,-11188.599999999977,10098.424999999988,589.5375000000058,-7592.737499999988,-292.34999999999854,-153208.625,0.6000000000000001,-1.175,0.38750000000000284,0.0,0.6375000000000002,0.21250000000000568,0.3625,0.04999999999999982,0.6375000000000002,-0.1499999999999999,-0.8375,0.8499999999999943
35254.850000000006,-166.73750000004657,-21149.787500000006,219.72500000000582,-11105.599999999977,9991.424999999988,515.5375000000058,-7610.737499999988,-266.34999999999854,-153176.625,0.6000000000000001,-0.17500000000000004,0.38750000000000284,1.0,-0.3624999999999998,1.2125000000000057,-0.6375,0.04999999999999982,0.6375000000000002,-1.15,-0.8375,-0.15000000000000568
35305.850000000006,-212.73750000004657,-21123.787500000006,32.72500000000582,-11678.599999999977,9951.424999999988,160.53750000000582,-7654.737499999988,-579.3499999999985,-153180.625,-0.3999999999999999,-0.17500000000000004,0.38750000000000284,0.0,0.6375000000000002,0.21250000000000568,-0.6375,0.04999999999999982,0.6375000000000002,-0.1499999999999999,0.1625,-0.15000000000000568
35158.850000000006,-176.73750000004657,-21256.787500000006,5.725000000005821,-11527.599999999977,10273.424999999988,189.53750000000582,-7508.737499999988,-763.3499999999985,-153003.625,-0.3999999999999999,-0.17500000000000004,-0.6124999999999972,0.0,0.6375000000000002,-0.7874999999999943,-0.6375,0.04999999999999982,0.6375000000000002,-0.1499999999999999,0.1625,-1.1500000000000057
35227.850000000006,-20.737500000046566,-21096.787500000006,-19.27499999999418,-11418.599999999977,10136.424999999988,-370.4624999999942,-7528.737499999988,-673.3499999999985,-152884.625,-0.3999999999999999,-0.17500000000000004,-0.6124999999999972,0.0,-0.3624999999999998,0.21250000000000568,-0.6375,0.04999999999999982,0.6375000000000002,0.8500000000000001,0.1625,-0.15000000000000568
35445.850000000006,-71.73750000004657,-21012.787500000006,-221.27499999999418,-11679.599999999977,10085.424999999988,-457.4624999999942,-7636.737499999988,-643.3499999999985,-153183.625,-0.3999999999999999,-0.17500000000000004,0.38750000000000284,0.0,0.6375000000000002,-0.7874999999999943,0.3625,0.04999999999999982,-0.3624999999999998,-0.1499999999999999,0.1625,-0.15000000000000568
35620.850000000006,-201.73750000004657,-20994.787500000006,-169.27499999999418,-11335.599999999977,10011.424999999988,313.5375000000058,-7730.737499999988,-636.3499999999985,-152994.625,0.6000000000000001,-0.17500000000000004,0.38750000000000284,0.0,-0.3624999999999998,0.21250000000000568,-0.6375,0.04999999999999982,0.6375000000000002,-0.1499999999999999,-0.8375,-0.15000000000000568
35225.850000000006,-579.7375000000466,-21178.787500000006,-244.27499999999418,-11556.599999999977,9851.424999999988,1021.5375000000058,-7844.737499999988,-509.34999999999854,-153205.625,0.6000000000000001,-0.17500000000000004,0.38750000000000284,0.0,-0.3624999999999998,1.2125000000000057,0.3625,-0.9500000000000002,-0.3624999999999998,-0.1499999999999999,0.1625,-0.15000000000000568
35355.850000000006,-325.73750000004657,-21102.787500000006,-698.2749999999942,-11478.599999999977,10111.424999999988,-524.4624999999942,-7787.737499999988,-220.34999999999854,-153132.625,-0.3999999999999999,-0.17500000000000004,-0.6124999999999972,0.0,-0.3624999999999998,0.21250000000000568,0.3625,-0.9500000000000002,0.6375000000000002,-0.1499999999999999,1.1625,-1.1500000000000057
35310.850000000006,-286.73750000004657,-20981.787500000006,-550.2749999999942,-11351.599999999977,10229.424999999988,-798.4624999999942,-7554.737499999988,-117.34999999999854,-152996.625,0.6000000000000001,-0.17500000000000004,1.3875000000000028,0.0,-0.3624999999999998,0.21250000000000568,0.3625,-0.9500000000000002,-0.3624999999999998,0.8500000000000001,0.1625,-0.15000000000000568
35462.850000000006,-275.73750000004657,-21202.787500000006,-484.2749999999942,-11658.599999999977,9981.424999999988,-284.4624999999942,-7403.737499999988,33.650000000001455,-152960.625,0.6000000000000001,-0.17500000000000004,-0.6124999999999972,0.0,-0.3624999999999998,-0.7874999999999943,-0.6375,0.04999999999999982,-0.3624999999999998,-0.1499999999999999,0.1625,0.8499999999999943
35545.850000000006,17.262499999953434,-21347.787500000006,-470.2749999999942,-11683.599999999977,9984.424999999988,37.53750000000582,-7439.737499999988,-100.34999999999854,-153024.625,0.6000000000000001,-0.17500000000000004,0.38750000000000284,-1.0,-0.3624999999999998,0.21250000000000568,-0.6375,0.04999999999999982,-0.3624999999999998,-0.1499999999999999,0.1625,0.8499999999999943
35504.850000000006,-62.737500000046566,-21183.787500000006,-368.2749999999942,-11650.599999999977,9991.424999999988,-36.46249999999418,-7491.737499999988,137.65000000000146,-153141.625,-0.3999999999999999,-0.17500000000000004,0.38750000000000284,-1.0,0.6375000000000002,0.21250000000000568,0.3625,0.04999999999999982,0.6375000000000002,-0.1499999999999999,0.1625,-1.1500000000000057
35502.850000000006,-289.73750000004657,-21065.787500000006,-331.2749999999942,-11485.599999999977,9948.424999999988,744.5375000000058,-7661.737499999988,179.65000000000146,-153075.625,-0.3999999999999999,-0.17500000000000004,0.38750000000000284,0.0,0.6375000000000002,0.21250000000000568,0.3625,0.04999999999999982,-0.3624999999999998,-1.15,0.1625,0.8499999999999943
35459.850000000006,-147.73750000004657,-21073.787500000006,-289.2749999999942,-11680.599999999977,9969.424999999988,495.5375000000058,-7547.737499999988,130.65000000000146,-153155.625,-0.3999999999999999,-0.17500000000000004,-0.6124999999999972,0.0,0.6375000000000002,0.21250000000000568,-0.6375,0.04999999999999982,-1.3624999999999998,-0.1499999999999999,-0.8375,-0.15000000000000568
35454.850000000006,-406.73750000004657,-21124.787500000006,-259.2749999999942,-11583.599999999977,9918.424999999988,742.5375000000058,-7542.737499999988,126.65000000000146,-153338.625,0.6000000000000001,-0.17500000000000004,0.38750000000000284,0.0,-0.3624999999999998,1.2125000000000057,-0.6375,0.04999999999999982,0.6375000000000002,-0.1499999999999999,0.1625,-1.1500000000000057
35413.850000000006,-317.73750000004657,-21175.787500000006,-360.2749999999942,-11383.599999999977,9838.424999999988,492.5375000000058,-7643.737499999988,-18.349999999998545,-153152.625,-0.3999999999999999,0.825,-0.6124999999999972,0.0,-0.3624999999999998,0.21250000000000568,0.3625,0.04999999999999982,-0.3624999999999998,-0.1499999999999999,1.1625,0.8499999999999943
35325.850000000006,97.26249999995343,-21071.787500000006,-164.27499999999418,-11265.599999999977,9804.424999999988,-907.4624999999942,-7539.737499999988,165.65000000000146,-153222.625,-0.3999999999999999,-0.17500000000000004,-1.6124999999999972,0.0,-0.3624999999999998,0.21250000000000568,0.3625,-0.9500000000000002,-0.3624999999999998,0.8500000000000001,0.1625,-0.15000000000000568
35481.850000000006,38.262499999953434,-21094.787500000006,261.7250000000058,-11458.599999999977,9874.424999999988,-655.4624999999942,-7580.737499999988,280.65000000000146,-153563.625,-0.3999999999999999,-0.17500000000000004,-0.6124999999999972,0.0,-0.3624999999999998,-1.7874999999999943,0.3625,0.04999999999999982,-0.3624999999999998,-1.15,0.1625,-0.15000000000000568
35485.850000000006,166.26249999995343,-20982.787500000006,430.7250000000058,-11747.599999999977,9959.424999999988,661.5375000000058,-7528.737499999988,260.65000000000146,-153498.625,-0.3999999999999999,-0.17500000000000004,0.38750000000000284,0.0,-0.3624999999999998,-0.7874999999999943,0.3625,0.04999999999999982,0.6375000000000002,-0.1499999999999999,-0.8375,-0.15000000000000568
35721.850000000006,157.26249999995343,-21031.787500000006,287.7250000000058,-11650.599999999977,9883.424999999988,295.5375000000058,-7481.737499999988,120.65000000000146,-153164.625,-0.3999999999999999,-0.17500000000000004,-0.6124999999999972,0.0,0.6375000000000002,-0.7874999999999943,0.3625,0.04999999999999982,0.6375000000000002,-0.1499999999999999,-0.8375,-0.15000000000000568
35444.850000000006,-92.73750000004657,-21213.787500000006,209.72500000000582,-11236.599999999977,9759.424999999988,132.53750000000582,-7660.737499999988,458.65000000000146,-153067.625,-0.3999999999999999,-0.17500000000000004,-0.6124999999999972,0.0,0.6375000000000002,0.21250000000000568,0.3625,0.04999999999999982,0.6375000000000002,-0.1499999999999999,0.1625,-0.15000000000000568
35468.850000000006,-193.73750000004657,-21090.787500000006,207.72500000000582,-11360.599999999977,9860.424999999988,443.5375000000058,-7624.737499999988,561.6500000000015,-153008.625,0.6000000000000001,0.825,-0.6124999999999972,-1.0,0.6375000000000002,1.2125000000000057,0.3625,-0.9500000000000002,0.6375000000000002,0.8500000000000001,-0.8375,-0.15000000000000568
35608.850000000006,25.262499999953434,-21256.787500000006,92.72500000000582,-11672.599999999977,9957.424999999988,307.5375000000058,-7682.737499999988,498.65000000000146,-152798.625,1.6,-2.175,-1.6124999999999972,1.0,0.6375000000000002,-3.7874999999999943,0.3625,0.04999999999999982,-0.3624999999999998,-2.15,-0.8375,-4.150000000000006
35649.850000000006,-134.73750000004657,-21027.787500000006,86.72500000000582,-11997.599999999977,9537.424999999988,-302.4624999999942,-7518.737499999988,414.65000000000146,-153567.625,1.6,0.825,1.3875000000000028,1.0,-3.3625,-2.7874999999999943,0.3625,0.04999999999999982,0.6375000000000002,5.85,1.1625,3.8499999999999943
35136.850000000006,-58.737500000046566,-20829.787500000006,-43.27499999999418,-13220.599999999977,9101.424999999988,-928.4624999999942,-8062.737499999988,120.65000000000146,-154733.625,-2.4,-9.175,-3.612499999999997,-1.0,-1.3624999999999998,5.212500000000006,-0.6375,0.04999999999999982,-0.3624999999999998,-2.15,1.1625,-4.150000000000006
33521.850000000006,-309.73750000004657,-20036.787500000006,506.7250000000058,-11014.599999999977,9089.424999999988,128.53750000000582,-7927.737499999988,652.6500000000015,-154333.625,0.6000000000000001,-2.175,3.387500000000003,3.0,0.6375000000000002,2.2125000000000057,0.3625,0.04999999999999982,-0.3624999999999998,2.85,2.1625,-5.150000000000006
34855.850000000006,-340.73750000004657,-21030.787500000006,17.72500000000582,-11403.599999999977,9560.424999999988,-1038.4624999999942,-7867.737499999988,-605.3499999999985,-154872.625,0.6000000000000001,1.825,-0.6124999999999972,2.0,3.6375,8.212500000000006,0.3625,0.04999999999999982,0.6375000000000002,-0.1499999999999999,-1.8375,-3.1500000000000057
35033.850000000006,-343.73750000004657,-21139.787500000006,176.72500000000582,-10407.599999999977,10078.424999999988,-201.46249999999418,-7978.737499999988,324.65000000000146,-152419.625,0.6000000000000001,7.825,1.3875000000000028,-2.0,5.6375,8.212500000000006,-0.6375,0.04999999999999982,0.6375000000000002,-0.1499999999999999,1.1625,-4.150000000000006
34875.850000000006,-18.737500000046566,-21139.787500000006,612.7250000000058,-9482.599999999977,9851.424999999988,205.53750000000582,-7995.737499999988,847.6500000000015,-151430.625,1.6,-3.175,-5.612499999999997,4.0,2.6375,5.212500000000006,0.3625,0.04999999999999982,0.6375000000000002,2.85,3.1625,3.8499999999999943
35276.850000000006,323.26249999995343,-21544.787500000006,-214.27499999999418,-10067.599999999977,10106.424999999988,-502.4624999999942,-7890.737499999988,16.650000000001455,-152243.625,-0.3999999999999999,2.825,1.3875000000000028,0.0,0.6375000000000002,5.212500000000006,0.3625,0.04999999999999982,0.6375000000000002,0.8500000000000001,0.1625,1.8499999999999943
35322.850000000006,-410.73750000004657,-21624.787500000006,-79.27499999999418,-10308.599999999977,9995.424999999988,-1197.4624999999942,-7986.737499999988,192.65000000000146,-152542.625,0.6000000000000001,-0.17500000000000004,-0.6124999999999972,1.0,-0.3624999999999998,2.2125000000000057,0.3625,0.04999999999999982,0.6375000000000002,-1.15,-1.8375,-0.15000000000000568
34712.850000000006,587.2624999999534,-21547.787500000006,198.72500000000582,-10414.599999999977,9549.424999999988,386.5375000000058,-7921.737499999988,580.6500000000015,-153268.625,-0.3999999999999999,0.825,0.38750000000000284,-1.0,-1.3624999999999998,2.2125000000000057,-0.6375,0.04999999999999982,0.6375000000000002,-0.1499999999999999,-0.8375,1.8499999999999943
34860.850000000006,348.26249999995343,-21614.787500000006,-85.27499999999418,-11470.599999999977,9425.424999999988,156.53750000000582,-7936.737499999988,-5.349999999998545,-153630.625,-0.3999999999999999,0.825,-1.6124999999999972,-2.0,-1.3624999999999998,1.2125000000000057,0.3625,0.04999999999999982,0.6375000000000002,-1.15,0.1625,0.8499999999999943
35231.850000000006,146.26249999995343,-21201.787500000006,313.7250000000058,-11127.599999999977,9497.424999999988,574.5375000000058,-7948.737499999988,209.65000000000146,-152846.625,-0.3999999999999999,-1.175,1.3875000000000028,-1.0,1.6375000000000002,0.21250000000000568,0.3625,0.04999999999999982,0.6375000000000002,-0.1499999999999999,0.1625,-0.15000000000000568
35125.850000000006,-55.737500000046566,-21013.787500000006,297.7250000000058,-10986.599999999977,9915.424999999988,262.5375000000058,-8077.737499999988,438.65000000000146,-152286.625,0.6000000000000001,0.825,-3.612499999999997,-2.0,-0.3624999999999998,0.21250000000000568,0.3625,1.0499999999999998,-0.3624999999999998,-0.1499999999999999,0.1625,0.8499999999999943
35294.850000000006,-459.73750000004657,-21374.787500000006,-23.27499999999418,-11075.599999999977,9809.424999999988,512.5375000000058,-7543.737499999988,138.65000000000146,-152388.625,-0.3999999999999999,-2.175,-0.6124999999999972,-1.0,-0.3624999999999998,0.21250000000000568,0.3625,0.04999999999999982,0.6375000000000002,-0.1499999999999999,1.1625,1.8499999999999943
35425.850000000006,-602.7375000000466,-21254.787500000006,-136.27499999999418,-11769.599999999977,9969.424999999988,-472.4624999999942,-7354.737499999988,-177.34999999999854,-152481.625,-0.3999999999999999,0.825,3.387500000000003,3.0,0.6375000000000002,-0.7874999999999943,-0.6375,0.04999999999999982,-0.3624999999999998,-1.15,1.1625,-1.1500000000000057
34869.850000000006,217.26249999995343,-20844.787500000006,518.7250000000058,-11435.599999999977,9418.424999999988,28.53750000000582,-7676.737499999988,289.65000000000146,-151807.625,1.6,-0.17500000000000004,-1.6124999999999972,-3.0,-0.3624999999999998,1.2125000000000057,0.3625,0.04999999999999982,0.6375000000000002,-0.1499999999999999,1.1625,-0.15000000000000568
34859.850000000006,-183.73750000004657,-20839.787500000006,-65.27499999999418,-12039.599999999977,10273.424999999988,155.53750000000582,-8216.737499999988,42.650000000001455,-152293.625,-0.3999999999999999,-1.175,1.3875000000000028,-1.0,0.6375000000000002,1.2125000000000057,-0.6375,1.0499999999999998,-0.3624999999999998,-0.1499999999999999,0.1625,0.8499999999999943
34706.850000000006,274.26249999995343,-20945.787500000006,224.72500000000582,-11630.599999999977,10146.424999999988,712.5375000000058,-8309.737499999988,400.65000000000146,-152113.625,-0.3999999999999999,1.825,2.387500000000003,2.0,1.6375000000000002,-1.7874999999999943,0.3625,0.04999999999999982,-0.3624999999999998,-0.1499999999999999,1.1625,-0.15000000000000568
34459.850000000006,195.26249999995343,-20844.787500000006,487.7250000000058,-11360.599999999977,9873.424999999988,548.5375000000058,-8257.737499999988,353.65000000000146,-151975.625,0.6000000000000001,1.825,0.38750000000000284,-1.0,1.6375000000000002,1.2125000000000057,0.3625,-0.9500000000000002,-0.3624999999999998,0.8500000000000001,1.1625,-2.1500000000000057
35245.850000000006,54.262499999953434,-21068.787500000006,56.72500000000582,-11717.599999999977,9817.424999999988,-17.46249999999418,-8193.737499999988,59.650000000001455,-152890.625,2.6,-0.17500000000000004,0.38750000000000284,1.0,0.6375000000000002,0.21250000000000568,0.3625,0.04999999999999982,0.6375000000000002,0.8500000000000001,0.1625,1.8499999999999943
35230.850000000006,851.2624999999534,-21229.787500000006,126.72500000000582,-12314.599999999977,9667.424999999988,-229.46249999999418,-8245.737499999988,196.65000000000146,-152934.625,-0.3999999999999999,0.825,1.3875000000000028,-1.0,1.6375000000000002,1.2125000000000057,0.3625,-0.9500000000000002,-0.3624999999999998,-1.15,1.1625,-1.1500000000000057
34263.850000000006,703.2624999999534,-21190.787500000006,461.7250000000058,-12033.599999999977,9594.424999999988,-13.46249999999418,-8169.737499999988,178.65000000000146,-152219.625,0.6000000000000001,-0.17500000000000004,-0.6124999999999972,1.0,-0.3624999999999998,-1.7874999999999943,0.3625,0.04999999999999982,-0.3624999999999998,-0.1499999999999999,0.1625,-0.15000000000000568
34676.850000000006,-139.73750000004657,-21169.787500000006,-45.27499999999418,-12225.599999999977,9780.424999999988,-439.4624999999942,-8078.737499999988,-386.34999999999854,-152869.625,0.6000000000000001,-1.175,-1.6124999999999972,1.0,0.6375000000000002,0.21250000000000568,0.3625,0.04999999999999982,-0.3624999999999998,-0.1499999999999999,0.1625,0.8499999999999943
35190.850000000006,-597.7375000000466,-21795.787500000006,-410.2749999999942,-12127.599999999977,9754.424999999988,-615.4624999999942,-8024.737499999988,-394.34999999999854,-153108.625,-0.3999999999999999,0.825,2.387500000000003,0.0,0.6375000000000002,-0.7874999999999943,0.3625,0.04999999999999982,0.6375000000000002,-0.1499999999999999,0.1625,-0.15000000000000568
34541.850000000006,-69.73750000004657,-21774.787500000006,250.72500000000582,-11903.599999999977,9571.424999999988,-111.46249999999418,-8355.737499999988,-107.34999999999854,-152964.625,-1.4,-2.175,-2.612499999999997,-2.0,-2.3625,1.2125000000000057,0.3625,0.04999999999999982,-0.3624999999999998,-0.1499999999999999,-0.8375,-0.15000000000000568
34884.850000000006,164.26249999995343,-22081.787500000006,92.72500000000582,-12044.599999999977,8999.424999999988,-445.4624999999942,-8305.737499999988,242.65000000000146,-152882.625,0.6000000000000001,-3.175,-2.612499999999997,1.0,-0.3624999999999998,0.21250000000000568,0.3625,-0.9500000000000002,-0.3624999999999998,-0.1499999999999999,-1.8375,0.8499999999999943
34848.850000000006,7.262499999953434,-21909.787500000006,348.7250000000058,-12529.599999999977,9416.424999999988,-1275.4624999999942,-8288.737499999988,350.65000000000146,-152776.625,-1.4,0.825,0.38750000000000284,-1.0,-1.3624999999999998,-0.7874999999999943,0.3625,0.04999999999999982,0.6375000000000002,-0.1499999999999999,-0.8375,-2.1500000000000057
35118.850000000006,-320.73750000004657,-21927.787500000006,135.72500000000582,-13035.599999999977,9781.424999999988,-1372.4624999999942,-8263.737499999988,342.65000000000146,-152692.625,1.6,-0.17500000000000004,4.387500000000003,5.0,-0.3624999999999998,-1.7874999999999943,0.3625,1.0499999999999998,-0.3624999999999998,-1.15,0.1625,-3.1500000000000057
34928.850000000006,-418.73750000004657,-21474.787500000006,224.72500000000582,-12399.599999999977,9133.424999999988,-452.4624999999942,-8337.737499999988,620.6500000000015,-152338.625,-0.3999999999999999,-3.175,-6.612499999999997,-4.0,-1.3624999999999998,0.21250000000000568,0.3625,0.04999999999999982,-0.3624999999999998,0.8500000000000001,1.1625,-0.15000000000000568
34386.850000000006,-761.7375000000466,-21307.787500000006,491.7250000000058,-12965.599999999977,9932.424999999988,-144.46249999999418,-8159.737499999988,893.6500000000015,-151574.625,3.6,-6.175,-2.612499999999997,5.0,1.6375000000000002,1.2125000000000057,0.3625,0.04999999999999982,-0.3624999999999998,-2.15,-1.8375,2.8499999999999943
35889.850000000006,828.2624999999534,-20836.787500000006,-843.2749999999942,-13134.599999999977,10156.424999999988,658.5375000000058,-8209.737499999988,-252.34999999999854,-152895.625,-4.4,-0.17500000000000004,4.387500000000003,-1.0,1.6375000000000002,-3.7874999999999943,0.3625,0.04999999999999982,-0.3624999999999998,2.85,1.1625,-4.150000000000006
35500.850000000006,-47.737500000046566,-21114.787500000006,-202.27499999999418,-11814.599999999977,9638.424999999988,-5.462499999994179,-8387.737499999988,175.65000000000146,-150144.625,3.6,1.825,1.3875000000000028,1.0,-1.3624999999999998,-1.7874999999999943,0.3625,0.04999999999999982,-0.3624999999999998,2.85,-0.8375,-3.1500000000000057
34628.850000000006,310.26249999995343,-20573.787500000006,80.72500000000582,-13417.599999999977,10892.424999999988,-143.46249999999418,-8289.737499999988,5.650000000001455,-150899.625,-1.4,-3.175,-2.612499999999997,1.0,-0.3624999999999998,-3.7874999999999943,0.3625,0.04999999999999982,-0.3624999999999998,-1.15,-0.8375,0.8499999999999943
35484.850000000006,-300.73750000004657,-20764.787500000006,-308.2749999999942,-12864.599999999977,10283.424999999988,484.5375000000058,-8212.737499999988,265.65000000000146,-150490.625,-1.4,1.825,0.38750000000000284,-2.0,-0.3624999999999998,0.21250000000000568,0.3625,0.04999999999999982,-0.3624999999999998,0.8500000000000001,-0.8375,-0.15000000000000568
34535.850000000006,542.2624999999534,-20486.787500000006,192.72500000000582,-12735.599999999977,10465.424999999988,1409.5375000000058,-8687.737499999988,240.65000000000146,-149898.625,1.6,-0.17500000000000004,-2.612499999999997,4.0,1.6375000000000002,-4.787499999999994,0.3625,0.04999999999999982,-0.3624999999999998,-0.1499999999999999,0.1625,0.8499999999999943
34917.850000000006,119.26249999995343,-20277.787500000006,16.72500000000582,-13092.599999999977,10829.424999999988,734.5375000000058,-8724.737499999988,233.65000000000146,-150544.625,-7.4,-1.175,-105.6125,9.0,1.6375000000000002,-130.7875,0.3625,0.04999999999999982,-0.3624999999999998,3.85,-1.8375,-2.1500000000000057
35977.850000000006,4809.262499999953,-20365.787500000006,105.72500000000582,-12841.599999999977,12775.424999999988,363.5375000000058,-8532.737499999988,238.65000000000146,-150077.625,-1.4,-8.175,-93.6125,-58.0,-28.3625,-53.787499999999994,0.3625,-0.9500000000000002,-0.3624999999999998,-4.15,6.1625,10.849999999999994
54328.850000000006,78607.26249999995,-13030.787500000006,-258.2749999999942,-14639.599999999977,45397.42499999999,32134.537500000006,-9382.737499999988,-749.3499999999985,-150870.625,-7.4,-1.175,79.3875,35.0,-22.3625,26.212500000000006,0.3625,0.04999999999999982,0.6375000000000002,-6.15,-10.8375,15.849999999999994
75266.85,194851.26249999995,-7391.787500000006,1895.7250000000058,-14714.599999999977,146116.425,258218.5375,-10658.737499999988,1635.6500000000015,-149775.625,-8.4,-9.175,-5.612499999999997,-17.0,6.6375,12.212500000000006,-0.6375,1.0499999999999998,-1.3624999999999998,-3.15,7.1625,14.849999999999994
98962.85,319566.26249999995,-5627.787500000006,686.7250000000058,-14303.599999999977,314299.425,355094.5375,-10494.737499999988,996.6500000000015,-146085.625,-8.4,-12.175,-11.612499999999997,10.0,-7.3625,-55.787499999999994,0.3625,0.04999999999999982,1.6375000000000002,-0.1499999999999999,0.1625,22.849999999999994
122631.85,396531.26249999995,-6958.787500000006,-149.27499999999418,-12556.599999999977,311039.425,398601.5375,-8113.737499999988,438.65000000000146,-145547.625,2.6,0.825,6.387500000000003,5.0,6.6375,9.212500000000006,0.3625,0.04999999999999982,-0.3624999999999998,-4.15,-14.8375,10.849999999999994
123756.85,353157.26249999995,-7297.787500000006,157.72500000000582,-10415.599999999977,341080.425,471611.5375,-7355.737499999988,-926.3499999999985,-144039.625,-2.4,4.825,1.3875000000000028,2.0,0.6375000000000002,-14.787499999999994,0.3625,1.0499999999999998,-0.3624999999999998,2.85,-2.8375,3.8499999999999943
105110.85,291868.26249999995,-9308.787500000006,1638.7250000000058,-8242.599999999977,316220.425,437635.5375,-7057.737499999988,938.6500000000015,-140763.625,-2.4,-10.175,-9.612499999999997,-11.0,-7.3625,10.212500000000006,0.3625,1.0499999999999998,-0.3624999999999998,0.8500000000000001,4.1625,6.849999999999994
81950.85,225347.26249999995,-12568.787500000006,-1103.2749999999942,-11091.599999999977,250866.425,352621.5375,-5430.737499999988,-778.3499999999985,-144806.625,1.6,-0.17500000000000004,1.3875000000000028,3.0,-7.3625,0.21250000000000568,0.3625,0.04999999999999982,0.6375000000000002,4.85,4.1625,9.849999999999994
29353.850000000006,129098.26249999995,-14478.787500000006,656.7250000000058,-7563.599999999977,169283.425,261598.5375,-5962.737499999988,585.6500000000015,-143011.625,1.6,5.825,-2.612499999999997,-8.0,0.6375000000000002,8.212500000000006,0.3625,0.04999999999999982,0.6375000000000002,0.8500000000000001,0.1625,1.8499999999999943
21502.850000000006,98662.26249999995,-16122.787500000006,553.7250000000058,-7229.599999999977,108220.42499999999,244343.5375,-6262.737499999988,1610.6500000000015,-142771.625,-6.4,-5.175,15.387500000000003,6.0,-1.3624999999999998,-18.787499999999994,0.3625,0.04999999999999982,0.6375000000000002,3.85,-0.8375,0.8499999999999943
11232.850000000006,62664.26249999995,-18294.787500000006,-157.27499999999418,-7805.599999999977,77730.42499999999,219335.5375,-5570.737499999988,-493.34999999999854,-144693.625,1.6,-8.175,8.387500000000003,-7.0,0.6375000000000002,7.212500000000006,-0.6375,0.04999999999999982,-0.3624999999999998,0.8500000000000001,-1.8375,2.8499999999999943
639.8500000000058,33901.26249999995,-20215.787500000006,-1151.2749999999942,-7876.599999999977,65807.42499999999,200020.5375,-6164.737499999988,-25.349999999998545,-145819.625,1.6,-8.175,17.387500000000003,18.0,-9.3625,-37.787499999999994,0.3625,0.04999999999999982,0.6375000000000002,-2.15,-2.8375,1.8499999999999943
-3741.149999999994,28755.262499999953,-20478.787500000006,216.72500000000582,-6428.599999999977,55883.42499999999,192986.5375,-6856.737499999988,1528.6500000000015,-143997.625,4.6,17.825,-30.612499999999997,0.0,0.6375000000000002,-4.787499999999994,0.3625,0.04999999999999982,0.6375000000000002,1.85,-2.8375,-4.150000000000006
11799.850000000006,81380.26249999995,-18999.787500000006,-1030.2749999999942,-6136.599999999977,50097.42499999999,204765.5375,-6862.737499999988,647.6500000000015,-143696.625,-1.4,-7.175,30.387500000000003,14.0,-4.3625,-19.787499999999994,0.3625,0.04999999999999982,-0.3624999999999998,-2.15,3.1625,3.8499999999999943
13307.850000000006,122219.26249999995,-17110.787500000006,83.72500000000582,-8439.599999999977,34631.42499999999,189181.5375,-7119.737499999988,-665.3499999999985,-145333.625,19.6,15.825,-37.6125,-14.0,-10.3625,53.212500000000006,0.3625,-0.9500000000000002,-0.3624999999999998,-2.15,5.1625,3.8499999999999943
12456.850000000006,156513.26249999995,-15608.787500000006,230.72500000000582,-8330.599999999977,29500.42499999999,162231.5375,-9547.737499999988,643.6500000000015,-144572.625,-11.4,-12.175,52.3875,-2.0,-16.3625,-1.7874999999999943,0.3625,0.04999999999999982,0.6375000000000002,0.8500000000000001,-2.8375,4.849999999999994
658.8500000000058,189906.26249999995,-14092.787500000006,-275.2749999999942,-10566.599999999977,24850.42499999999,253160.5375,-8557.737499999988,-411.34999999999854,-146062.625,-11.4,17.825,56.3875,-3.0,-3.3625,3.2125000000000057,-0.6375,1.0499999999999998,-1.3624999999999998,-7.15,-2.8375,-5.150000000000006
-10960.149999999994,224691.26249999995,-10173.787500000006,-436.2749999999942,-11988.599999999977,16794.42499999999,282817.5375,-9063.737499999988,139.65000000000146,-146787.625,-13.4,39.825,13.387500000000003,0.0,-2.3625,45.212500000000006,-0.6375,-0.9500000000000002,0.6375000000000002,7.85,4.1625,-3.1500000000000057
-19586.149999999994,194052.26249999995,-10638.787500000006,948.7250000000058,-9199.599999999977,9409.424999999988,280779.5375,-8285.737499999988,968.6500000000015,-143286.625,-6.4,-25.175,-12.612499999999997,4.0,37.6375,11.212500000000006,0.3625,-1.9500000000000002,0.6375000000000002,-5.15,3.1625,1.8499999999999943
-27359.149999999994,187154.26249999995,-11351.787500000006,-212.27499999999418,-9928.599999999977,403.42499999998836,329683.5375,-8326.737499999988,-75.34999999999854,-145276.625,-7.4,25.825,7.387500000000003,-4.0,-4.3625,-27.787499999999994,-0.6375,0.04999999999999982,-1.3624999999999998,-10.15,1.1625,15.849999999999994
-35536.149999999994,183397.26249999995,-11455.787500000006,-306.2749999999942,-7976.599999999977,-10563.575000000012,373930.5375,-6767.737499999988,-768.3499999999985,-145018.625,-10.4,12.825,0.38750000000000284,-6.0,4.6375,-53.787499999999994,-0.6375,0.04999999999999982,-0.3624999999999998,5.85,3.1625,9.849999999999994
-41062.149999999994,172580.26249999995,-11375.787500000006,1029.7250000000058,-7441.599999999977,-14355.575000000012,355902.5375,-4480.737499999988,79.65000000000146,-143828.625,-0.3999999999999999,-19.175,8.387500000000003,-19.0,16.6375,-21.787499999999994,-0.6375,1.0499999999999998,0.6375000000000002,-7.15,7.1625,9.849999999999994
-46492.149999999994,166373.26249999995,-12147.787500000006,-701.2749999999942,-8386.599999999977,-23227.57500000001,381212.5375,-5594.737499999988,702.6500000000015,-144710.625,-5.4,7.825,18.387500000000003,11.0,7.6375,-39.787499999999994,0.3625,1.0499999999999998,0.6375000000000002,4.85,6.1625,10.849999999999994
-72219.15,175456.26249999995,-12702.787500000006,-362.2749999999942,-6354.599999999977,-44272.57500000001,398945.5375,-4722.737499999988,-553.3499999999985,-144457.625,4.6,1.825,-18.612499999999997,-29.0,-2.3625,28.212500000000006,0.3625,0.04999999999999982,1.6375000000000002,4.85,0.1625,-6.150000000000006
-89712.15,185291.26249999995,-12335.787500000006,-32.27499999999418,-6213.599999999977,-53040.57500000001,387939.5375,-6704.737499999988,572.6500000000015,-143953.625,4.6,-11.175,-22.612499999999997,-13.0,-18.3625,0.21250000000000568,-0.6375,0.04999999999999982,0.6375000000000002,-2.15,-2.8375,-1.1500000000000057
-110942.15,198617.26249999995,-13127.787500000006,-289.2749999999942,-4632.599999999977,-31536.57500000001,367891.5375,-8297.737499999988,261.65000000000146,-143100.625,-8.4,-14.175,10.387500000000003,-18.0,-4.3625,2.2125000000000057,0.3625,0.04999999999999982,-0.3624999999999998,-1.15,-6.8375,-0.15000000000000568
-119400.15,204014.26249999995,-12858.787500000006,-111.27499999999418,-3778.5999999999767,-23100.57500000001,352476.5375,-9410.737499999988,192.65000000000146,-142414.625,-9.4,3.825,20.387500000000003,13.0,0.6375000000000002,-33.787499999999994,0.3625,0.04999999999999982,0.6375000000000002,0.8500000000000001,2.1625,-5.150000000000006
-125751.15,193463.26249999995,-14086.787500000006,1153.7250000000058,555.4000000000233,-41385.57500000001,343703.5375,-11726.737499999988,638.6500000000015,-139692.625,15.6,1.825,-25.612499999999997,30.0,17.6375,-15.787499999999994,0.3625,0.04999999999999982,0.6375000000000002,1.85,7.1625,-5.150000000000006
-41350.149999999994,85832.26249999995,-15284.787500000006,100.72500000000582,-1021.5999999999767,-12514.575000000012,277369.5375,-5754.737499999988,165.65000000000146,-142058.625,-0.3999999999999999,4.825,5.387500000000003,-21.0,11.6375,-5.787499999999994,0.3625,0.04999999999999982,0.6375000000000002,0.8500000000000001,-1.8375,-5.150000000000006
12733.850000000006,8032.262499999953,-14391.787500000006,-17.27499999999418,-392.5999999999767,43972.42499999999,168884.5375,1106.2625000000116,-2.349999999998545,-141050.625,-89.4,-67.175,-117.6125,-158.0,90.6375,60.212500000000006,3.3625,-1.9500000000000002,0.6375000000000002,-7.15,-207.8375,73.85
-16411.149999999994,-1635.7375000000466,-11020.787500000006,-2416.274999999994,-5196.599999999977,-11360.575000000012,63893.537500000006,-6171.737499999988,-1569.3499999999985,-134700.625,65.6,-65.175,34.3875,94.0,221.6375,-152.7875,-5.6375,-2.95,11.6375,-90.15,10.1625,-23.150000000000006
58830.850000000006,201496.26249999995,-10608.787500000006,-479.2749999999942,25966.400000000023,8395.424999999988,65228.537500000006,-60793.73749999999,4300.6500000000015,-49023.625,47.6,-47.175,32.3875,-34.0,142.6375,12.212500000000006,-2.6375,20.05,15.6375,-93.15,-95.8375,23.849999999999994
170166.85,270880.26249999995,10827.212499999994,3580.725000000006,-10497.599999999977,188553.425,175820.5375,-49183.73749999999,2039.6500000000015,3935.375,-46.4,68.825,58.3875,76.0,-26.3625,-238.7875,3.3625,-1.9500000000000002,6.6375,37.85,38.1625,90.85
243378.85,320969.26249999995,47230.212499999994,-6529.274999999994,-14028.599999999977,377899.425,283757.5375,27750.26250000001,-1527.3499999999985,-21091.625,4.6,-24.175,-130.6125,80.0,-18.3625,65.2125,-1.6375,0.04999999999999982,2.6375,8.85,44.1625,11.849999999999994
115762.85,264449.26249999995,22931.212499999994,-837.2749999999942,20047.400000000023,664591.425,331542.5375,-47925.73749999999,-8120.3499999999985,-5835.625,26.6,-32.175,41.3875,-155.0,4.6375,77.2125,0.3625,0.04999999999999982,5.6375,12.85,-63.8375,19.849999999999994
38605.850000000006,278384.26249999995,-44563.787500000006,2739.725000000006,1326.4000000000233,514531.425,320892.5375,-136509.7375,6223.6500000000015,7152.375,4.6,0.825,54.3875,-24.0,-13.3625,13.212500000000006,0.3625,3.05,-2.3625,-16.15,12.1625,-20.150000000000006
35778.850000000006,326834.26249999995,-97866.7875,3845.725000000006,21739.400000000023,292453.425,297238.5375,-154378.7375,5383.6500000000015,2611.375,31.6,18.825,-70.6125,22.0,17.6375,1.2125000000000057,0.3625,4.05,-0.3624999999999998,31.85,-40.8375,15.849999999999994
50337.850000000006,286239.26249999995,-92049.7875,-3290.274999999994,17100.400000000023,291276.425,372841.5375,-89370.73749999999,-32.349999999998545,-656.625,3.6,2.825,20.387500000000003,9.0,9.6375,4.212500000000006,0.3625,-0.9500000000000002,2.6375,24.85,-21.8375,37.849999999999994
34206.850000000006,244781.26249999995,-79220.7875,-982.2749999999942,-6610.599999999977,221670.425,352072.5375,-64433.73749999999,-482.34999999999854,1710.375,1.6,-4.175,5.387500000000003,-25.0,14.6375,37.212500000000006,-0.6375,0.04999999999999982,0.6375000000000002,-14.15,17.1625,-5.150000000000006
25756.850000000006,275867.26249999995,-67329.7875,1415.7250000000058,7560.400000000023,168975.425,311901.5375,-48165.73749999999,2105.6500000000015,1721.375,28.6,1.825,-69.6125,17.0,3.6375,-7.787499999999994,0.3625,0.04999999999999982,-0.3624999999999998,8.85,-10.8375,16.849999999999994
3320.850000000006,259583.26249999995,-61862.787500000006,-473.2749999999942,-1143.5999999999767,137337.425,278662.5375,-36951.73749999999,768.6500000000015,2892.375,-20.4,-10.175,7.387500000000003,-1.0,-1.3624999999999998,-24.787499999999994,0.3625,-0.9500000000000002,0.6375000000000002,2.85,12.1625,12.849999999999994
3587.850000000006,257841.26249999995,-43787.787500000006,14380.725000000006,2127.4000000000233,136057.425,283315.5375,-9607.737499999988,445.65000000000146,-47.625,3.6,12.825,16.387500000000003,32.0,4.6375,-1.7874999999999943,0.3625,0.04999999999999982,1.6375000000000002,2.85,-24.8375,17.849999999999994
-10807.149999999994,276017.26249999995,-37082.787500000006,74813.725,-47945.59999999998,109781.42499999999,263140.5375,-4016.7374999999884,3680.6500000000015,7426.375,8.6,0.825,-9.612499999999997,3.0,-2.3625,50.212500000000006,-0.6375,0.04999999999999982,-0.3624999999999998,8.85,-11.8375,10.849999999999994
-34367.149999999994,280359.26249999995,-36140.787500000006,127631.725,-52902.59999999998,114384.42499999999,251970.5375,-492.73749999998836,-843.3499999999985,5222.375,-9.4,-22.175,-3.612499999999997,14.0,1.6375000000000002,-25.787499999999994,0.3625,-0.9500000000000002,-0.3624999999999998,15.85,-11.8375,27.849999999999994
-33339.149999999994,297217.26249999995,-36232.787500000006,196451.725,-28447.599999999977,121957.42499999999,281378.5375,7854.262500000012,15774.650000000001,9879.375,4.6,-12.175,-13.612499999999997,-25.0,5.6375,16.212500000000006,0.3625,0.04999999999999982,-0.3624999999999998,-0.1499999999999999,-0.8375,15.849999999999994
-48497.149999999994,294866.26249999995,-34031.787500000006,283014.725,2141.4000000000233,105109.42499999999,294884.5375,1900.2625000000116,63211.65,73988.375,7.6,0.825,-14.612499999999997,3.0,-5.3625,35.212500000000006,-0.6375,0.04999999999999982,-0.3624999999999998,-24.15,-0.8375,7.849999999999994
-50912.149999999994,279735.26249999995,-34153.787500000006,386523.725,21661.400000000023,105292.42499999999,351810.5375,-22166.73749999999,137299.65,81790.375,-23.4,4.825,51.3875,-21.0,1.6375000000000002,13.212500000000006,-0.6375,0.04999999999999982,-0.3624999999999998,9.85,4.1625,16.849999999999994
-53161.149999999994,290508.26249999995,-33324.787500000006,371746.725,-1547.5999999999767,100630.42499999999,333015.5375,-28730.73749999999,245554.65,77378.375,21.6,1.825,-36.6125,-15.0,3.6375,24.212500000000006,-0.6375,1.0499999999999998,1.6375000000000002,-16.15,-1.8375,-5.150000000000006
-61477.149999999994,310113.26249999995,-33821.787500000006,346687.725,9278.400000000023,93710.42499999999,364705.5375,-33363.73749999999,295542.65,79276.375,1.6,3.825,5.387500000000003,25.0,-2.3625,-42.787499999999994,-0.6375,1.0499999999999998,0.6375000000000002,7.85,4.1625,18.849999999999994
-57403.149999999994,291545.26249999995,-35163.787500000006,372306.725,-1366.5999999999767,89877.42499999999,385832.5375,-36975.73749999999,339153.65,76611.375,0.6000000000000001,12.825,-11.612499999999997,-46.0,5.6375,37.212500000000006,0.3625,0.04999999999999982,0.6375000000000002,-17.15,-2.8375,0.8499999999999943
-63494.149999999994,320255.26249999995,-36052.787500000006,357064.725,-10313.599999999977,108478.42499999999,411182.5375,-19634.73749999999,412781.65,90386.375,10.6,-3.175,-13.612499999999997,33.0,13.6375,-32.787499999999994,0.3625,0.04999999999999982,0.6375000000000002,23.85,-7.8375,25.849999999999994
-77040.15,319817.26249999995,-36988.787500000006,343509.725,488.4000000000233,102389.42499999999,396073.5375,-19228.73749999999,387860.65,70733.375,-3.4,6.825,2.387500000000003,-27.0,3.6375,32.212500000000006,0.3625,-0.9500000000000002,0.6375000000000002,-30.15,11.1625,-24.150000000000006
-76722.15,297875.26249999995,-37388.787500000006,325465.725,-5519.599999999977,91745.42499999999,387806.5375,-19043.73749999999,378525.65,55099.375,1.6,2.825,-0.6124999999999972,17.0,4.6375,-20.787499999999994,0.3625,-0.9500000000000002,-0.3624999999999998,24.85,-5.8375,13.849999999999994
-84038.15,294427.26249999995,-37916.787500000006,322584.725,-11865.599999999977,86989.42499999999,360320.5375,-19062.73749999999,364271.65,29658.375,-4.4,-3.175,5.387500000000003,-6.0,-3.3625,5.212500000000006,-0.6375,0.04999999999999982,-1.3624999999999998,-2.15,2.1625,17.849999999999994
-85908.15,294723.26249999995,-39040.787500000006,318715.725,-14251.599999999977,87267.42499999999,357611.5375,-18726.73749999999,339357.65,3224.375,-3.4,-1.175,15.387500000000003,9.0,3.6375,6.212500000000006,0.3625,0.04999999999999982,0.6375000000000002,8.85,-4.8375,14.849999999999994
-88261.15,297859.26249999995,-37869.787500000006,323479.725,-22498.599999999977,81693.42499999999,343661.5375,-18925.73749999999,346411.65,2803.375,-6.4,-3.175,6.387500000000003,6.0,3.6375,3.2125000000000057,0.3625,0.04999999999999982,0.6375000000000002,-3.15,-2.8375,5.849999999999994
-95247.15,299335.26249999995,-38601.787500000006,320912.725,4062.4000000000233,83021.42499999999,334713.5375,-19521.73749999999,333629.65,-13809.625,10.6,2.825,-19.612499999999997,-7.0,-1.3624999999999998,9.212500000000006,0.3625,0.04999999999999982,-0.3624999999999998,-5.15,3.1625,-1.1500000000000057
-79818.15,293631.26249999995,-38389.787500000006,326533.725,-13203.599999999977,76550.42499999999,327883.5375,-18346.73749999999,328442.65,-9147.625,0.6000000000000001,6.825,-1.6124999999999972,8.0,-1.3624999999999998,-8.787499999999994,0.3625,0.04999999999999982,0.6375000000000002,0.8500000000000001,-0.8375,-2.1500000000000057
-86236.15,300530.26249999995,-38361.787500000006,307112.725,-29619.599999999977,70978.42499999999,329642.5375,-18445.73749999999,315830.65,-19520.625,1.6,-8.175,-3.612499999999997,2.0,1.6375000000000002,2.2125000000000057,0.3625,0.04999999999999982,-0.3624999999999998,4.85,-3.8375,-4.150000000000006
-92564.15,307131.26249999995,-38997.787500000006,317974.725,5244.400000000023,72263.42499999999,329964.5375,-18630.73749999999,318360.65,-14596.625,2.6,4.825,1.3875000000000028,0.0,-1.3624999999999998,5.212500000000006,0.3625,0.04999999999999982,-0.3624999999999998,-6.15,0.1625,-11.150000000000006
-81873.15,292382.26249999995,-38205.787500000006,318890.725,-18914.599999999977,73490.42499999999,325294.5375,-18410.73749999999,341465.65,5052.375,-1.4,6.825,11.387500000000003,-4.0,-0.3624999999999998,9.212500000000006,0.3625,1.0499999999999998,0.6375000000000002,2.85,-0.8375,-5.150000000000006
-93345.15,310909.26249999995,-38126.787500000006,310479.725,-29310.599999999977,70437.42499999999,350285.5375,-18397.73749999999,341554.65,-1042.625,-0.3999999999999999,0.825,6.387500000000003,-6.0,1.6375000000000002,11.212500000000006,0.3625,0.04999999999999982,-0.3624999999999998,-0.1499999999999999,-0.8375,-4.150000000000006
-104940.15,317524.26249999995,-38313.787500000006,315348.725,-17055.599999999977,68100.42499999999,355520.5375,-18343.73749999999,340944.65,-8951.625,4.6,2.825,-3.612499999999997,10.0,1.6375000000000002,-8.787499999999994,-0.6375,0.04999999999999982,0.6375000000000002,5.85,0.1625,7.849999999999994
-103020.15,309395.26249999995,-38208.787500000006,328262.725,-9830.599999999977,66801.42499999999,360927.5375,-18527.73749999999,356380.65,-6161.625,-2.4,-0.17500000000000004,5.387500000000003,-3.0,0.6375000000000002,5.212500000000006,-0.6375,0.04999999999999982,0.6375000000000002,-0.1499999999999999,-1.8375,-1.1500000000000057
-101591.15,303877.26249999995,-37911.787500000006,334821.725,-10081.599999999977,64802.42499999999,363753.5375,-18048.73749999999,357237.65,-3560.625,1.6,1.825,-1.6124999999999972,-2.0,-1.3624999999999998,2.2125000000000057,0.3625,0.04999999999999982,0.6375000000000002,-3.15,1.1625,-0.15000000000000568
-93890.15,307652.26249999995,-37310.787500000006,326522.725,-32658.599999999977,61093.42499999999,366837.5375,-18057.73749999999,351485.65,-9847.625,2.6,-0.17500000000000004,-4.612499999999997,2.0,-1.3624999999999998,-3.7874999999999943,0.3625,0.04999999999999982,-0.3624999999999998,-0.1499999999999999,0.1625,2.8499999999999943
-107521.15,321421.26249999995,-37289.787500000006,314472.725,-32554.599999999977,56116.42499999999,373948.5375,-18485.73749999999,332470.65,-26819.625,-1.4,0.825,2.387500000000003,-2.0,-0.3624999999999998,-0.7874999999999943,-0.6375,0.04999999999999982,-0.3624999999999998,-1.15,0.1625,-1.1500000000000057
-111088.15,326943.26249999995,-38083.787500000006,323233.725,-25153.599999999977,53521.42499999999,375336.5375,-18620.73749999999,322794.65,-34443.625,0.6000000000000001,2.825,-2.612499999999997,2.0,2.6375,-5.787499999999994,0.3625,0.04999999999999982,0.6375000000000002,1.85,1.1625,1.8499999999999943
-109213.15,321818.26249999995,-38199.787500000006,333622.725,-18236.599999999977,53358.42499999999,364044.5375,-18571.73749999999,324867.65,-36911.625,-0.3999999999999999,-0.17500000000000004,-0.6124999999999972,-2.0,-1.3624999999999998,0.21250000000000568,-0.6375,0.04999999999999982,-0.3624999999999998,-0.1499999999999999,1.1625,2.8499999999999943
-105263.15,305032.26249999995,-38450.787500000006,341710.725,-15018.599999999977,54591.42499999999,345131.5375,-18414.73749999999,332723.65,-34644.625,-0.3999999999999999,0.825,0.38750000000000284,0.0,-1.3624999999999998,-0.7874999999999943,-0.6375,0.04999999999999982,-0.3624999999999998,-1.15,0.1625,-0.15000000000000568
-100365.15,288413.26249999995,-38474.787500000006,348131.725,-11062.599999999977,56578.42499999999,342076.5375,-17961.73749999999,339181.65,-30464.625,-0.3999999999999999,0.825,-2.612499999999997,-3.0,-0.3624999999999998,0.21250000000000568,-0.6375,0.04999999999999982,-0.3624999999999998,-0.1499999999999999,0.1625,1.8499999999999943
-95737.15,303255.26249999995,-38425.787500000006,313965.725,-14445.599999999977,58524.42499999999,359549.5375,-17808.73749999999,337122.65,-19759.625,-0.3999999999999999,0.825,0.38750000000000284,-1.0,0.6375000000000002,1.2125000000000057,-0.6375,0.04999999999999982,0.6375000000000002,-0.1499999999999999,-0.8375,-0.15000000000000568
-96551.15,312724.26249999995,-38279.787500000006,306290.725,-15095.599999999977,59160.42499999999,368379.5375,-18105.73749999999,332314.65,-17695.625,-0.3999999999999999,-0.17500000000000004,-0.6124999999999972,-1.0,-0.3624999999999998,1.2125000000000057,0.3625,-0.9500000000000002,0.6375000000000002,-2.15,0.1625,-1.1500000000000057
-94863.15,320156.26249999995,-37935.787500000006,303342.725,-15422.599999999977,59325.42499999999,375350.5375,-18059.73749999999,324102.65,-17247.625,-2.4,-0.17500000000000004,2.387500000000003,-2.0,-0.3624999999999998,0.21250000000000568,0.3625,0.04999999999999982,-0.3624999999999998,-1.15,0.1625,-1.1500000000000057
-91085.15,326003.26249999995,-37766.787500000006,303935.725,-18582.599999999977,60103.42499999999,376899.5375,-18030.73749999999,322833.65,-15353.625,-1.4,0.825,0.38750000000000284,0.0,-0.3624999999999998,-0.7874999999999943,-0.6375,1.0499999999999998,0.6375000000000002,-0.1499999999999999,-0.8375,-0.15000000000000568
-87716.15,328062.26249999995,-37558.787500000006,305206.725,-21726.599999999977,61776.42499999999,375789.5375,-18123.73749999999,321381.65,-13809.625,-0.3999999999999999,0.825,1.3875000000000028,-2.0,0.6375000000000002,0.21250000000000568,-0.6375,0.04999999999999982,0.6375000000000002,-1.15,-0.8375,-1.1500000000000057
-85189.15,329945.26249999995,-37344.787500000006,307188.725,-22798.599999999977,62298.42499999999,374034.5375,-18251.73749999999,319381.65,-12900.625,-1.4,0.825,1.3875000000000028,-2.0,-0.3624999999999998,2.2125000000000057,0.3625,0.04999999999999982,0.6375000000000002,-1.15,0.1625,-1.1500000000000057
-83642.15,332417.26249999995,-37148.787500000006,306264.725,-30287.599999999977,62046.42499999999,376381.5375,-17939.73749999999,317860.65,-11395.625,-1.4,0.825,0.38750000000000284,-1.0,-0.3624999999999998,-0.7874999999999943,0.3625,0.04999999999999982,-1.3624999999999998,-1.15,0.1625,-1.1500000000000057
-82697.15,335058.26249999995,-37348.787500000006,300044.725,-30793.599999999977,62155.42499999999,378643.5375,-17793.73749999999,313535.65,-12324.625,-0.3999999999999999,-1.175,0.38750000000000284,0.0,0.6375000000000002,-0.7874999999999943,0.3625,0.04999999999999982,-0.3624999999999998,-0.1499999999999999,0.1625,-0.15000000000000568
-81954.15,335962.26249999995,-37622.787500000006,299099.725,-31025.599999999977,62393.42499999999,379051.5375,-17765.73749999999,313013.65,-13310.625,0.6000000000000001,-0.17500000000000004,-0.6124999999999972,-1.0,0.6375000000000002,1.2125000000000057,0.3625,-0.9500000000000002,-0.3624999999999998,-0.1499999999999999,0.1625,-0.15000000000000568
-82479.15,334641.26249999995,-37937.787500000006,302697.725,-30858.599999999977,61937.42499999999,379146.5375,-17826.73749999999,315493.65,-13432.625,-0.3999999999999999,1.825,1.3875000000000028,-1.0,-1.3624999999999998,-0.7874999999999943,0.3625,0.04999999999999982,-0.3624999999999998,-0.1499999999999999,-1.8375,-1.1500000000000057
-84413.15,327550.26249999995,-37890.787500000006,310150.725,-30236.599999999977,61252.42499999999,375719.5375,-17241.73749999999,319850.65,-13428.625,1.6,-2.175,-1.6124999999999972,1.0,-1.3624999999999998,-1.7874999999999943,0.3625,0.04999999999999982,0.6375000000000002,0.8500000000000001,-0.8375,-0.15000000000000568
-85182.15,319856.26249999995,-37995.787500000006,314538.725,-30479.599999999977,59968.42499999999,371735.5375,-17048.73749999999,322379.65,-15000.625,0.6000000000000001,0.825,-1.6124999999999972,0.0,-0.3624999999999998,2.2125000000000057,0.3625,0.04999999999999982,-0.3624999999999998,-0.1499999999999999,-0.8375,-1.1500000000000057
-86246.15,315282.26249999995,-37994.787500000006,313751.725,-32586.599999999977,59237.42499999999,369677.5375,-17056.73749999999,324061.65,-17271.625,1.6,-0.17500000000000004,-1.6124999999999972,1.0,-1.3624999999999998,2.2125000000000057,0.3625,-0.9500000000000002,-0.3624999999999998,0.8500000000000001,-0.8375,-0.15000000000000568
-88578.15,312147.26249999995,-38082.787500000006,311602.725,-32946.59999999998,58488.42499999999,369816.5375,-17095.73749999999,325415.65,-19166.625,0.6000000000000001,-1.175,0.38750000000000284,1.0,-0.3624999999999998,0.21250000000000568,0.3625,0.04999999999999982,-0.3624999999999998,0.8500000000000001,0.1625,-0.15000000000000568
-90848.15,309088.26249999995,-38315.787500000006,319873.725,-31722.599999999977,58208.42499999999,368304.5375,-16896.73749999999,327711.65,-19280.625,0.6000000000000001,-0.17500000000000004,-0.6124999999999972,2.0,-0.3624999999999998,-0.7874999999999943,-0.6375,0.04999999999999982,-0.3624999999999998,-0.1499999999999999,1.1625,-1.1500000000000057
-91889.15,306640.26249999995,-38083.787500000006,322792.725,-31163.599999999977,57850.42499999999,367338.5375,-17050.73749999999,329376.65,-19322.625,0.6000000000000001,-0.17500000000000004,-0.6124999999999972,1.0,-0.3624999999999998,1.2125000000000057,-0.6375,0.04999999999999982,-0.3624999999999998,1.85,0.1625,0.8499999999999943
-92961.15,306157.26249999995,-37844.787500000006,325185.725,-31066.599999999977,57487.42499999999,366283.5375,-17186.73749999999,329105.65,-20263.625,0.6000000000000001,-0.17500000000000004,0.38750000000000284,0.0,0.6375000000000002,1.2125000000000057,0.3625,0.04999999999999982,0.6375000000000002,0.8500000000000001,1.1625,-0.15000000000000568
-93519.15,307596.26249999995,-37875.787500000006,326353.725,-30153.599999999977,57408.42499999999,364723.5375,-17057.73749999999,327791.65,-21088.625,0.6000000000000001,0.825,0.38750000000000284,1.0,1.6375000000000002,-0.7874999999999943,0.3625,0.04999999999999982,-0.3624999999999998,0.8500000000000001,1.1625,0.8499999999999943
-93115.15,310478.26249999995,-37466.787500000006,325302.725,-29011.599999999977,57826.42499999999,365370.5375,-17068.73749999999,324352.65,-21479.625,1.6,0.825,-0.6124999999999972,1.0,0.6375000000000002,0.21250000000000568,0.3625,0.04999999999999982,-0.3624999999999998,0.8500000000000001,0.1625,1.8499999999999943
-92187.15,319275.26249999995,-37041.787500000006,321760.725,-29086.599999999977,58539.42499999999,367372.5375,-17055.73749999999,322335.65,-20738.625,1.6,0.825,0.38750000000000284,1.0,0.6375000000000002,-0.7874999999999943,0.3625,0.04999999999999982,-0.3624999999999998,0.8500000000000001,0.1625,-0.15000000000000568
-90669.15,322313.26249999995,-37114.787500000006,315899.725,-29291.599999999977,59141.42499999999,369869.5375,-17105.73749999999,320911.65,-20034.625,0.6000000000000001,0.825,-0.6124999999999972,1.0,0.6375000000000002,-0.7874999999999943,-0.6375,1.0499999999999998,1.6375000000000002,-0.1499999999999999,1.1625,-0.15000000000000568
-88949.15,324238.26249999995,-37202.787500000006,308428.725,-28967.599999999977,59468.42499999999,371365.5375,-17064.73749999999,320340.65,-19002.625,-0.3999999999999999,0.825,-0.6124999999999972,0.0,-0.3624999999999998,-0.7874999999999943,-0.6375,0.04999999999999982,0.6375000000000002,-1.15,1.1625,-1.1500000000000057
-88686.15,325653.26249999995,-37357.787500000006,307931.725,-29130.599999999977,59322.42499999999,373357.5375,-16957.73749999999,320358.65,-17944.625,0.6000000000000001,-0.17500000000000004,0.38750000000000284,0.0,-0.3624999999999998,-0.7874999999999943,0.3625,0.04999999999999982,-0.3624999999999998,-0.1499999999999999,0.1625,-0.15000000000000568
-89014.15,326600.26249999995,-36972.787500000006,310000.725,-29086.599999999977,59145.42499999999,373788.5375,-16999.73749999999,320322.65,-17855.625,-0.3999999999999999,-0.17500000000000004,-0.6124999999999972,1.0,0.6375000000000002,-0.7874999999999943,-0.6375,-0.9500000000000002,0.6375000000000002,-0.1499999999999999,0.1625,-1.1500000000000057
-89444.15,326171.26249999995,-37077.787500000006,312769.725,-28830.599999999977,58738.42499999999,373510.5375,-16998.73749999999,321568.65,-18397.625,-0.3999999999999999,-0.17500000000000004,-0.6124999999999972,1.0,-0.3624999999999998,0.21250000000000568,-0.6375,-0.9500000000000002,-0.3624999999999998,-0.1499999999999999,-0.8375,-1.1500000000000057
-89576.15,322810.26249999995,-37410.787500000006,315098.725,-29296.599999999977,58159.42499999999,371856.5375,-16727.73749999999,322121.65,-19054.625,-0.3999999999999999,-0.17500000000000004,-0.6124999999999972,0.0,0.6375000000000002,-0.7874999999999943,0.3625,0.04999999999999982,-0.3624999999999998,-0.1499999999999999,0.1625,0.8499999999999943
-89585.15,318538.26249999995,-37536.787500000006,315979.725,-29945.599999999977,58077.42499999999,368690.5375,-16626.73749999999,322548.65,-20555.625,-0.3999999999999999,-0.17500000000000004,-0.6124999999999972,-1.0,-0.3624999999999998,-0.7874999999999943,0.3625,-0.9500000000000002,0.6375000000000002,-1.15,0.1625,-0.15000000000000568
-89592.15,314606.26249999995,-37756.787500000006,315689.725,-30377.599999999977,58272.42499999999,368223.5375,-16680.73749999999,323127.65,-20390.625,-0.3999999999999999,-0.17500000000000004,0.38750000000000284,-1.0,-0.3624999999999998,0.21250000000000568,0.3625,-0.9500000000000002,-0.3624999999999998,-0.1499999999999999,0.1625,-0.15000000000000568
-89299.15,313055.26249999995,-37852.787500000006,314594.725,-30481.599999999977,58148.42499999999,366703.5375,-16713.73749999999,323958.65,-19645.625,-1.4,-0.17500000000000004,-1.6124999999999972,-1.0,-1.3624999999999998,0.21250000000000568,-0.6375,0.04999999999999982,0.6375000000000002,-0.1499999999999999,0.1625,-0.15000000000000568
-88711.15,316475.26249999995,-37852.787500000006,314171.725,-29847.599999999977,58157.42499999999,371718.5375,-16673.73749999999,325421.65,-18339.625,-0.3999999999999999,-0.17500000000000004,1.3875000000000028,-1.0,-0.3624999999999998,0.21250000000000568,0.3625,-0.9500000000000002,-0.3624999999999998,-0.1499999999999999,0.1625,0.8499999999999943
-88120.15,320495.26249999995,-37753.787500000006,312770.725,-28717.599999999977,58352.42499999999,374046.5375,-16617.73749999999,324168.65,-17539.625,-1.4,-1.175,0.38750000000000284,-1.0,-0.3624999999999998,-0.7874999999999943,0.3625,0.04999999999999982,0.6375000000000002,-0.1499999999999999,0.1625,-1.1500000000000057
-87934.15,323622.26249999995,-37593.787500000006,310013.725,-28659.599999999977,58715.42499999999,375041.5375,-16648.73749999999,322478.65,-17401.625,-0.3999999999999999,-0.17500000000000004,1.3875000000000028,-1.0,-1.3624999999999998,0.21250000000000568,0.3625,-0.9500000000000002,-0.3624999999999998,-1.15,0.1625,-0.15000000000000568
-87501.15,324993.26249999995,-37541.787500000006,307443.725,-28357.599999999977,59352.42499999999,375680.5375,-16778.73749999999,321260.65,-17059.625,0.6000000000000001,-0.17500000000000004,-0.6124999999999972,0.0,-0.3624999999999998,-0.7874999999999943,0.3625,0.04999999999999982,-0.3624999999999998,-0.1499999999999999,-0.8375,-0.15000000000000568
-86770.15,324478.26249999995,-37503.787500000006,305991.725,-28484.599999999977,59464.42499999999,372641.5375,-16862.73749999999,320398.65,-17211.625,-0.3999999999999999,-1.175,1.3875000000000028,0.0,-0.3624999999999998,0.21250000000000568,0.3625,0.04999999999999982,-0.3624999999999998,-1.15,0.1625,-0.15000000000000568
-87125.15,323351.26249999995,-37502.787500000006,305895.725,-29040.599999999977,59341.42499999999,370163.5375,-16804.73749999999,320347.65,-17221.625,0.6000000000000001,-0.17500000000000004,-0.6124999999999972,0.0,-0.3624999999999998,0.21250000000000568,0.3625,0.04999999999999982,-0.3624999999999998,0.8500000000000001,0.1625,0.8499999999999943
-88035.15,321816.26249999995,-37470.787500000006,310846.725,-29499.599999999977,58958.42499999999,373243.5375,-17129.73749999999,323042.65,-17151.625,0.6000000000000001,0.825,0.38750000000000284,0.0,-0.3624999999999998,0.21250000000000568,0.3625,0.04999999999999982,0.6375000000000002,-0.1499999999999999,0.1625,-0.15000000000000568
-89045.15,319739.26249999995,-37529.787500000006,314394.725,-29868.599999999977,58529.42499999999,371738.5375,-17056.73749999999,324111.65,-17922.625,0.6000000000000001,-0.17500000000000004,0.38750000000000284,0.0,-0.3624999999999998,0.21250000000000568,0.3625,0.04999999999999982,-0.3624999999999998,-0.1499999999999999,0.1625,0.8499999999999943
-89666.15,317001.26249999995,-37606.787500000006,317242.725,-30100.599999999977,58330.42499999999,370028.5375,-16958.73749999999,324652.65,-18591.625,1.6,0.825,-0.6124999999999972,0.0,0.6375000000000002,-0.7874999999999943,-0.6375,0.04999999999999982,-0.3624999999999998,-0.1499999999999999,1.1625,0.8499999999999943
-90132.15,314730.26249999995,-37521.787500000006,319087.725,-30298.599999999977,58295.42499999999,367572.5375,-16826.73749999999,324493.65,-19379.625,0.6000000000000001,0.825,-1.6124999999999972,1.0,0.6375000000000002,-0.7874999999999943,0.3625,0.04999999999999982,-0.3624999999999998,1.85,0.1625,1.8499999999999943
-90373.15,314342.26249999995,-37495.787500000006,319557.725,-30387.599999999977,58201.42499999999,367323.5375,-16978.73749999999,324245.65,-20181.625,0.6000000000000001,-0.17500000000000004,1.3875000000000028,1.0,0.6375000000000002,-0.7874999999999943,0.3625,0.04999999999999982,0.6375000000000002,-0.1499999999999999,0.1625,0.8499999999999943
-90483.15,316499.26249999995,-37389.787500000006,319049.725,-30093.599999999977,58344.42499999999,369513.5375,-16854.73749999999,323673.65,-19679.625,0.6000000000000001,0.825,0.38750000000000284,0.0,1.6375000000000002,-0.7874999999999943,0.3625,0.04999999999999982,-0.3624999999999998,0.8500000000000001,0.1625,-0.15000000000000568
-89860.15,318110.26249999995,-37127.787500000006,316113.725,-30036.599999999977,58501.42499999999,368384.5375,-16831.73749999999,322446.65,-19314.625,0.6000000000000001,0.825,1.3875000000000028,1.0,-0.3624999999999998,0.21250000000000568,0.3625,0.04999999999999982,-0.3624999999999998,-0.1499999999999999,0.1625,-1.1500000000000057
-89272.15,320329.26249999995,-37140.787500000006,314392.725,-29385.599999999977,58732.42499999999,369650.5375,-16904.73749999999,322248.65,-19023.625,0.6000000000000001,0.825,0.38750000000000284,1.0,0.6375000000000002,0.21250000000000568,0.3625,0.04999999999999982,0.6375000000000002,-0.1499999999999999,0.1625,0.8499999999999943
-88919.15,322286.26249999995,-37244.787500000006,312777.725,-29221.599999999977,59072.42499999999,370151.5375,-17025.73749999999,322059.65,-18250.625,0.6000000000000001,0.825,0.38750000000000284,1.0,0.6375000000000002,-0.7874999999999943,0.3625,0.04999999999999982,0.6375000000000002,0.8500000000000001,-0.8375,0.8499999999999943
-88597.15,322936.26249999995,-37081.787500000006,311967.725,-29519.599999999977,59126.42499999999,369233.5375,-17138.73749999999,322060.65,-17839.625,0.6000000000000001,-0.17500000000000004,0.38750000000000284,1.0,-0.3624999999999998,0.21250000000000568,-0.6375,0.04999999999999982,0.6375000000000002,0.8500000000000001,-0.8375,-0.15000000000000568
-88619.15,321807.26249999995,-37272.787500000006,311975.725,-29789.599999999977,59123.42499999999,371147.5375,-17024.73749999999,322137.65,-17985.625,0.6000000000000001,0.825,-0.6124999999999972,0.0,-0.3624999999999998,-0.7874999999999943,0.3625,-0.9500000000000002,-0.3624999999999998,-0.1499999999999999,0.1625,-0.15000000000000568
-88659.15,319823.26249999995,-37652.787500000006,312778.725,-29481.599999999977,58748.42499999999,370129.5375,-16822.73749999999,323474.65,-18738.625,0.6000000000000001,-0.17500000000000004,-0.6124999999999972,0.0,-0.3624999999999998,0.21250000000000568,0.3625,-0.9500000000000002,0.6375000000000002,0.8500000000000001,0.1625,-0.15000000000000568
-89131.15,317794.26249999995,-37721.787500000006,314073.725,-29923.599999999977,58551.42499999999,368898.5375,-16810.73749999999,324221.65,-18931.625,0.6000000000000001,-0.17500000000000004,0.38750000000000284,0.0,0.6375000000000002,0.21250000000000568,0.3625,0.04999999999999982,-0.3624999999999998,-0.1499999999999999,0.1625,-0.15000000000000568
-89362.15,316395.26249999995,-37603.787500000006,316604.725,-30213.599999999977,58431.42499999999,369760.5375,-16994.73749999999,324894.65,-19105.625,0.6000000000000001,-0.17500000000000004,0.38750000000000284,0.0,0.6375000000000002,-0.7874999999999943,0.3625,0.04999999999999982,-0.3624999999999998,-1.15,0.1625,-0.15000000000000568
-89251.15,315508.26249999995,-37520.787500000006,316744.725,-30233.599999999977,58279.42499999999,370912.5375,-16757.73749999999,325263.65,-18998.625,-0.3999999999999999,-0.17500000000000004,-0.6124999999999972,0.0,0.6375000000000002,0.21250000000000568,0.3625,1.0499999999999998,-0.3624999999999998,-0.1499999999999999,0.1625,-1.1500000000000057
-88787.15,316569.26249999995,-37441.787500000006,316013.725,-30118.599999999977,58312.42499999999,371334.5375,-16833.73749999999,324990.65,-19016.625,-0.3999999999999999,-0.17500000000000004,-0.6124999999999972,-1.0,-0.3624999999999998,1.2125000000000057,0.3625,-0.9500000000000002,-0.3624999999999998,-0.1499999999999999,0.1625,-1.1500000000000057
-88374.15,318224.26249999995,-37555.787500000006,314211.725,-29829.599999999977,58650.42499999999,371059.5375,-16805.73749999999,324044.65,-19080.625,-0.3999999999999999,-0.17500000000000004,0.38750000000000284,-1.0,0.6375000000000002,1.2125000000000057,0.3625,0.04999999999999982,-0.3624999999999998,-0.1499999999999999,0.1625,-0.15000000000000568
-87929.15,320770.26249999995,-37504.787500000006,312253.725,-29360.599999999977,58919.42499999999,371817.5375,-16729.73749999999,322428.65,-18237.625,-0.3999999999999999,-0.17500000000000004,0.38750000000000284,0.0,-1.3624999999999998,-1.7874999999999943,0.3625,0.04999999999999982,-0.3624999999999998,-0.1499999999999999,0.1625,-0.15000000000000568
-87639.15,323014.26249999995,-37274.787500000006,310628.725,-29371.599999999977,59158.42499999999,371377.5375,-16984.73749999999,321972.65,-17620.625,-0.3999999999999999,-0.17500000000000004,1.3875000000000028,-1.0,-1.3624999999999998,-0.7874999999999943,0.3625,-0.9500000000000002,0.6375000000000002,-1.15,-0.8375,0.8499999999999943
-87480.15,324620.26249999995,-131920.7875,309581.725,-29154.599999999977,59354.42499999999,372530.5375,-17050.73749999999,321734.65,-17305.625,0.6000000000000001,0.825,1.3875000000000028,-1.0,-0.3624999999999998,-0.7874999999999943,0.3625,0.04999999999999982,-0.3624999999999998,-0.1499999999999999,-0.8375,0.8499999999999943
-87645.15,323245.26249999995,-37272.787500000006,309781.725,-29763.599999999977,59115.42499999999,372037.5375,-16835.73749999999,322366.65,-17711.625,-0.3999999999999999,-0.17500000000000004,0.38750000000000284,-1.0,-0.3624999999999998,0.21250000000000568,0.3625,-0.9500000000000002,-0.3624999999999998,-0.1499999999999999,0.1625,-0.15000000000000568
-88304.15,319279.26249999995,-37720.787500000006,312477.725,-29958.599999999977,58768.42499999999,369386.5375,-16739.73749999999,324676.65,-18077.625,0.6000000000000001,-0.17500000000000004,-0.6124999999999972,0.0,-0.3624999999999998,0.21250000000000568,0.3625,0.04999999999999982,0.6375000000000002,-0.1499999999999999,-0.8375,-0.15000000000000568
-88629.15,318001.26249999995,-37894.787500000006,314197.725,-29792.599999999977,58263.42499999999,368907.5375,-16676.73749999999,325110.65,-18743.625,2.6,-0.17500000000000004,-2.612499999999997,-1.0,0.6375000000000002,0.21250000000000568,-0.6375,0.04999999999999982,0.6375000000000002,0.8500000000000001,-1.8375,-4.150000000000006
-88894.15,317255.26249999995,-37620.787500000006,315454.725,-29847.599999999977,58439.42499999999,369269.5375,-16579.73749999999,324223.65,-18587.625,0.6000000000000001,-0.17500000000000004,-2.612499999999997,0.0,-1.3624999999999998,0.21250000000000568,-0.6375,0.04999999999999982,-0.3624999999999998,-2.15,0.1625,-2.1500000000000057
-88874.15,318844.26249999995,-37374.787500000006,314449.725,-29505.599999999977,58691.42499999999,370473.5375,-16355.737499999988,324024.65,-18169.625,-1.4,2.825,1.3875000000000028,1.0,-1.3624999999999998,-0.7874999999999943,-0.6375,0.04999999999999982,-0.3624999999999998,-0.1499999999999999,-0.8375,1.8499999999999943
-88113.15,320542.26249999995,-37028.787500000006,313051.725,-29687.599999999977,58895.42499999999,371520.5375,-16459.73749999999,322671.65,-18002.625,0.6000000000000001,-2.175,-1.6124999999999972,-1.0,-2.3625,-0.7874999999999943,0.3625,0.04999999999999982,0.6375000000000002,-1.15,2.1625,-2.1500000000000057
-88197.15,321102.26249999995,-37091.787500000006,311991.725,-29641.599999999977,59035.42499999999,370662.5375,-16336.737499999988,321799.65,-18214.625,-0.3999999999999999,-0.17500000000000004,0.38750000000000284,0.0,-0.3624999999999998,0.21250000000000568,-0.6375,0.04999999999999982,0.6375000000000002,0.8500000000000001,0.1625,0.8499999999999943
-88542.15,322340.26249999995,-37130.787500000006,312374.725,431221.4,58976.42499999999,371949.5375,-16547.73749999999,321991.65,-18466.625,0.6000000000000001,0.825,1.3875000000000028,1.0,0.6375000000000002,1.2125000000000057,-0.6375,-0.9500000000000002,-0.3624999999999998,-1.15,1.1625,-1.1500000000000057
-89205.15,319622.26249999995,-37278.787500000006,314657.725,-30273.599999999977,58979.42499999999,366895.5375,-16406.73749999999,323727.65,-19041.625,0.6000000000000001,-0.17500000000000004,0.38750000000000284,1.0,-0.3624999999999998,-1.7874999999999943,-0.6375,0.04999999999999982,0.6375000000000002,-0.1499999999999999,0.1625,0.8499999999999943
-89197.15,317494.26249999995,-37211.787500000006,316455.725,-30088.599999999977,59029.42499999999,367494.5375,-16397.73749999999,323981.65,-19222.625,-0.3999999999999999,0.825,0.38750000000000284,0.0,-0.3624999999999998,-0.7874999999999943,0.3625,0.04999999999999982,0.6375000000000002,0.8500000000000001,-0.8375,1.8499999999999943
-89307.15,315868.26249999995,-37245.787500000006,316886.725,-29926.599999999977,58598.42499999999,368122.5375,-16252.737499999988,324522.65,-19481.625,-0.3999999999999999,-0.17500000000000004,1.3875000000000028,0.0,-0.3624999999999998,-1.7874999999999943,0.3625,0.04999999999999982,0.6375000000000002,-0.1499999999999999,0.1625,-0.15000000000000568
-89354.15,315413.26249999995,-37333.787500000006,316813.725,-30184.599999999977,58421.42499999999,366388.5375,-16275.737499999988,324651.65,-19350.625,0.6000000000000001,-0.17500000000000004,-0.6124999999999972,1.0,-0.3624999999999998,-0.7874999999999943,0.3625,0.04999999999999982,0.6375000000000002,0.8500000000000001,-0.8375,-0.15000000000000568
-89276.15,317090.26249999995,-37240.787500000006,316334.725,-30124.599999999977,58496.42499999999,368167.5375,-16183.737499999988,324315.65,-19102.625,0.6000000000000001,0.825,0.38750000000000284,1.0,0.6375000000000002,-0.7874999999999943,0.3625,0.04999999999999982,1.6375000000000002,-0.1499999999999999,0.1625,-0.15000000000000568
-88829.15,319156.26249999995,-37267.787500000006,315432.725,-29720.599999999977,58857.42499999999,370735.5375,-16164.737499999988,324040.65,-18676.625,-0.3999999999999999,0.825,-0.6124999999999972,0.0,0.6375000000000002,0.21250000000000568,-0.6375,0.04999999999999982,-0.3624999999999998,-0.1499999999999999,0.1625,-0.15000000000000568
-88408.15,320849.26249999995,-37378.787500000006,313952.725,-29040.599999999977,58947.42499999999,368761.5375,-16136.737499999988,323198.65,-18116.625,0.6000000000000001,-0.17500000000000004,-1.6124999999999972,0.0,0.6375000000000002,1.2125000000000057,-0.6375,0.04999999999999982,-0.3624999999999998,-0.1499999999999999,-0.8375,-1.1500000000000057
-87974.15,321899.26249999995,-37279.787500000006,312342.725,-28921.599999999977,59063.42499999999,368295.5375,-16175.737499999988,322553.65,-17818.625,-0.3999999999999999,-0.17500000000000004,0.38750000000000284,1.0,-0.3624999999999998,-0.7874999999999943,-0.6375,0.04999999999999982,0.6375000000000002,0.8500000000000001,0.1625,0.8499999999999943
-87524.15,322517.26249999995,-37312.787500000006,310196.725,-29303.599999999977,59182.42499999999,370650.5375,-16061.737499999988,322467.65,-17763.625,-3.4,-1.175,-0.6124999999999972,10.0,12.6375,3.2125000000000057,0.3625,-0.9500000000000002,-2.3625,6.85,0.1625,-0.15000000000000568
-87246.15,322780.26249999995,-37372.787500000006,310196.725,-29446.599999999977,59121.42499999999,371064.5375,-15354.737499999988,322408.65,-17504.625,-1.4,-9.175,14.387500000000003,-2.0,-4.3625,-6.787499999999994,0.3625,0.04999999999999982,-0.3624999999999998,-4.15,-1.8375,1.8499999999999943
-87270.15,322339.26249999995,-37321.787500000006,310766.725,-29537.599999999977,58971.42499999999,369262.5375,-14381.737499999988,322935.65,-17280.625,-4.4,0.825,-0.6124999999999972,-4.0,-4.3625,-8.787499999999994,0.3625,0.04999999999999982,1.6375000000000002,4.85,5.1625,7.849999999999994
-87849.15,320887.26249999995,-37081.787500000006,311522.725,-29324.599999999977,58865.42499999999,369061.5375,-13794.737499999988,324089.65,-16993.625,-1.4,-5.175,3.387500000000003,-1.0,0.6375000000000002,-2.7874999999999943,0.3625,0.04999999999999982,-1.3624999999999998,1.85,-3.8375,2.8499999999999943
-88078.15,318404.26249999995,-37153.787500000006,312423.725,-29712.599999999977,58728.42499999999,368786.5375,-13509.737499999988,324436.65,-17576.625,0.6000000000000001,2.825,-1.6124999999999972,0.0,-0.3624999999999998,-6.787499999999994,0.3625,-0.9500000000000002,0.6375000000000002,-1.15,5.1625,-6.150000000000006
-88428.15,318375.26249999995,-37018.787500000006,313336.725,-29454.599999999977,58661.42499999999,368708.5375,-13291.737499999988,324583.65,-17899.625,-1.4,1.825,4.387500000000003,-3.0,-3.3625,-6.787499999999994,-0.6375,0.04999999999999982,0.6375000000000002,0.8500000000000001,-2.8375,3.8499999999999943
-88235.15,318501.26249999995,-37099.787500000006,314145.725,-29283.599999999977,58531.42499999999,369204.5375,-13390.737499999988,324833.65,-17929.625,0.6000000000000001,-0.17500000000000004,0.38750000000000284,-1.0,-2.3625,-5.787499999999994,0.3625,0.04999999999999982,-1.3624999999999998,-2.15,2.1625,-2.1500000000000057
-88305.15,318998.26249999995,-36916.787500000006,313745.725,-29181.599999999977,58562.42499999999,369070.5375,-13408.737499999988,324588.65,-17858.625,-1.4,0.825,-1.6124999999999972,1.0,-1.3624999999999998,-1.7874999999999943,-0.6375,-0.9500000000000002,0.6375000000000002,-1.15,-0.8375,-3.1500000000000057
-88189.15,319510.26249999995,-36842.787500000006,312861.725,-29117.599999999977,58813.42499999999,368472.5375,-13519.737499999988,324052.65,-17700.625,1.6,0.825,-2.612499999999997,-2.0,-3.3625,-0.7874999999999943,-0.6375,0.04999999999999982,0.6375000000000002,0.8500000000000001,4.1625,-2.1500000000000057
-87773.15,321845.26249999995,-36686.787500000006,311389.725,-28879.599999999977,59042.42499999999,367843.5375,-13173.737499999988,322123.65,-18007.625,-0.3999999999999999,0.825,0.38750000000000284,-1.0,-1.3624999999999998,0.21250000000000568,-0.6375,0.04999999999999982,0.6375000000000002,-0.1499999999999999,-3.8375,-3.1500000000000057
-87904.15,322518.26249999995,-36634.787500000006,311451.725,-28952.599999999977,59124.42499999999,369627.5375,-13232.737499999988,321962.65,-18059.625,1.6,0.825,-2.612499999999997,1.0,0.6375000000000002,-3.7874999999999943,0.3625,0.04999999999999982,0.6375000000000002,-0.1499999999999999,1.1625,-4.150000000000006
-88164.15,323014.26249999995,-36589.787500000006,312016.725,-29023.599999999977,59132.42499999999,370012.5375,-12995.737499999988,322080.65,-18020.625,-0.3999999999999999,0.825,3.387500000000003,0.0,-0.3624999999999998,2.2125000000000057,0.3625,0.04999999999999982,-0.3624999999999998,-0.1499999999999999,0.1625,-3.1500000000000057
-88360.15,322184.26249999995,-36471.787500000006,312436.725,-29236.599999999977,59014.42499999999,368920.5375,-13069.737499999988,322441.65,-18033.625,0.6000000000000001,-1.175,-1.6124999999999972,1.0,1.6375000000000002,1.2125000000000057,0.3625,0.04999999999999982,-0.3624999999999998,-1.15,-1.8375,-2.1500000000000057
-88647.15,320775.26249999995,-36540.787500000006,314253.725,-29547.599999999977,58899.42499999999,370313.5375,-13385.737499999988,323879.65,-18259.625,1.6,-0.17500000000000004,1.3875000000000028,1.0,1.6375000000000002,-0.7874999999999943,0.3625,0.04999999999999982,-0.3624999999999998,-0.1499999999999999,-1.8375,-0.15000000000000568
-88673.15,318243.26249999995,-36567.787500000006,315398.725,-29606.599999999977,58852.42499999999,367684.5375,-13266.737499999988,324391.65,-18814.625,0.6000000000000001,0.825,2.387500000000003,0.0,2.6375,-0.7874999999999943,-0.6375,0.04999999999999982,0.6375000000000002,0.8500000000000001,2.1625,0.8499999999999943
-88725.15,317097.26249999995,-36678.787500000006,315957.725,-29645.599999999977,58942.42499999999,366107.5375,-13338.737499999988,324768.65,-18292.625,-0.3999999999999999,0.825,0.38750000000000284,0.0,-1.3624999999999998,2.2125000000000057,0.3625,0.04999999999999982,0.6375000000000002,0.8500000000000001,-0.8375,-0.15000000000000568
-89097.15,316550.26249999995,-36902.787500000006,316169.725,-29222.599999999977,58796.42499999999,365848.5375,-13495.737499999988,324710.65,-18625.625,0.6000000000000001,0.825,-0.6124999999999972,1.0,0.6375000000000002,-0.7874999999999943,-0.6375,0.04999999999999982,-0.3624999999999998,-1.15,2.1625,1.8499999999999943
-88854.15,317060.26249999995,-36963.787500000006,315947.725,-29196.599999999977,58945.42499999999,367978.5375,-13447.737499999988,324725.65,-18647.625,0.6000000000000001,0.825,-0.6124999999999972,0.0,0.6375000000000002,-0.7874999999999943,0.3625,0.04999999999999982,0.6375000000000002,-0.1499999999999999,1.1625,2.8499999999999943
-88552.15,317737.26249999995,-36789.787500000006,315328.725,-29241.599999999977,58879.42499999999,370388.5375,-13382.737499999988,324468.65,-18307.625,-0.3999999999999999,0.825,-0.6124999999999972,1.0,-0.3624999999999998,1.2125000000000057,0.3625,0.04999999999999982,-0.3624999999999998,0.8500000000000001,1.1625,-0.15000000000000568
-88114.15,318790.26249999995,-36807.787500000006,313309.725,-29116.599999999977,59003.42499999999,370597.5375,-13428.737499999988,323768.65,-17741.625,-0.3999999999999999,-0.17500000000000004,-0.6124999999999972,0.0,-0.3624999999999998,1.2125000000000057,0.3625,0.04999999999999982,0.6375000000000002,-0.1499999999999999,0.1625,0.8499999999999943
-87905.15,320113.26249999995,-36787.787500000006,312559.725,-28983.599999999977,59167.42499999999,370237.5375,-13397.737499999988,323078.65,-17694.625,-0.3999999999999999,-0.17500000000000004,-0.6124999999999972,0.0,1.6375000000000002,0.21250000000000568,0.3625,0.04999999999999982,-0.3624999999999998,-0.1499999999999999,0.1625,1.8499999999999943
-87779.15,321075.26249999995,-36784.787500000006,312105.725,-28714.599999999977,59224.42499999999,370572.5375,-13238.737499999988,322736.65,-17595.625,-0.3999999999999999,-0.17500000000000004,0.38750000000000284,0.0,0.6375000000000002,-0.7874999999999943,0.3625,0.04999999999999982,-0.3624999999999998,-1.15,-0.8375,-0.15000000000000568
-87922.15,321612.26249999995,-36869.787500000006,312060.725,-28950.599999999977,59173.42499999999,369858.5375,-13118.737499999988,322572.65,-17721.625,0.6000000000000001,-0.17500000000000004,-0.6124999999999972,-1.0,-0.3624999999999998,1.2125000000000057,0.3625,0.04999999999999982,0.6375000000000002,-0.1499999999999999,-0.8375,-1.1500000000000057
-88036.15,321736.26249999995,-36728.787500000006,312276.725,-28855.599999999977,59046.42499999999,367919.5375,-13253.737499999988,322590.65,-18129.625,0.6000000000000001,-0.17500000000000004,-1.6124999999999972,0.0,0.6375000000000002,0.21250000000000568,-0.6375,0.04999999999999982,0.6375000000000002,-0.1499999999999999,0.1625,-1.1500000000000057
-88070.15,319540.26249999995,-36883.787500000006,312972.725,-28936.599999999977,58790.42499999999,367164.5375,-13238.737499999988,324424.65,-17782.625,0.6000000000000001,-0.17500000000000004,-0.6124999999999972,0.0,-0.3624999999999998,0.21250000000000568,0.3625,0.04999999999999982,0.6375000000000002,-0.1499999999999999,-0.8375,-1.1500000000000057
-87999.15,319083.26249999995,-36931.787500000006,312975.725,-29321.599999999977,58712.42499999999,368681.5375,-13259.737499999988,324803.65,-17597.625,-1.4,-0.17500000000000004,-0.6124999999999972,0.0,-0.3624999999999998,0.21250000000000568,0.3625,0.04999999999999982,-0.3624999999999998,-1.15,0.1625,-1.1500000000000057
-87739.15,319771.26249999995,-36822.787500000006,312505.725,-29096.599999999977,58810.42499999999,368562.5375,-13131.737499999988,324674.65,-17259.625,-0.3999999999999999,-0.17500000000000004,0.38750000000000284,0.0,-0.3624999999999998,1.2125000000000057,0.3625,-0.9500000000000002,0.6375000000000002,-0.1499999999999999,0.1625,-1.1500000000000057
-87545.15,320787.26249999995,-36682.787500000006,312228.725,-29027.599999999977,59141.42499999999,369704.5375,-13111.737499999988,324222.65,-17408.625,-1.4,0.825,-0.6124999999999972,0.0,0.6375000000000002,1.2125000000000057,0.3625,0.04999999999999982,0.6375000000000002,-1.15,0.1625,-1.1500000000000057
-87392.15,321320.26249999995,-36792.787500000006,311628.725,-28877.599999999977,59064.42499999999,369641.5375,-13249.737499999988,323446.65,-17614.625,-0.3999999999999999,-0.17500000000000004,-0.6124999999999972,0.0,-0.3624999999999998,0.21250000000000568,0.3625,-0.9500000000000002,0.6375000000000002,-0.1499999999999999,0.1625,0.8499999999999943
-87491.15,321594.26249999995,-36652.787500000006,311233.725,-28395.599999999977,59060.42499999999,368921.5375,-13080.737499999988,323427.65,-17437.625,-0.3999999999999999,0.825,0.38750000000000284,0.0,-0.3624999999999998,1.2125000000000057,0.3625,0.04999999999999982,-0.3624999999999998,-0.1499999999999999,0.1625,-0.15000000000000568
-87437.15,321735.26249999995,-36612.787500000006,311260.725,-29058.599999999977,58955.42499999999,369708.5375,-13254.737499999988,323473.65,-17588.625,-0.3999999999999999,0.825,-0.6124999999999972,0.0,-0.3624999999999998,-0.7874999999999943,0.3625,0.04999999999999982,0.6375000000000002,-0.1499999999999999,0.1625,0.8499999999999943
-87469.15,321990.26249999995,-36598.787500000006,312201.725,-29196.599999999977,58901.42499999999,370355.5375,-13222.737499999988,323387.65,-17596.625,0.6000000000000001,0.825,0.38750000000000284,0.0,-0.3624999999999998,-0.7874999999999943,-0.6375,1.0499999999999998,0.6375000000000002,-0.1499999999999999,0.1625,0.8499999999999943
-87797.15,321310.26249999995,-36655.787500000006,313423.725,-29040.599999999977,58888.42499999999,368437.5375,-13282.737499999988,323555.65,-17733.625,-0.3999999999999999,-0.17500000000000004,0.38750000000000284,0.0,0.6375000000000002,0.21250000000000568,0.3625,-0.9500000000000002,1.6375000000000002,0.8500000000000001,0.1625,0.8499999999999943
-88195.15,321003.26249999995,-36540.787500000006,314215.725,-28713.599999999977,58818.42499999999,367379.5375,-13340.737499999988,324014.65,-17938.625,-0.3999999999999999,-0.17500000000000004,1.3875000000000028,0.0,-0.3624999999999998,0.21250000000000568,-0.6375,0.04999999999999982,-0.3624999999999998,0.8500000000000001,0.1625,-0.15000000000000568
-88392.15,320391.26249999995,-36599.787500000006,314556.725,-29250.599999999977,58815.42499999999,368354.5375,-13246.737499999988,324058.65,-18228.625,0.6000000000000001,-0.17500000000000004,-0.6124999999999972,1.0,-0.3624999999999998,0.21250000000000568,-0.6375,-0.9500000000000002,0.6375000000000002,0.8500000000000001,0.1625,-1.1500000000000057
-88404.15,319402.26249999995,-36651.787500000006,314654.725,-29590.599999999977,58889.42499999999,368730.5375,-13040.737499999988,324340.65,-18094.625,-0.3999999999999999,0.825,-0.6124999999999972,1.0,-0.3624999999999998,0.21250000000000568,0.3625,-0.9500000000000002,-0.3624999999999998,-0.1499999999999999,1.1625,0.8499999999999943
-88466.15,318973.26249999995,-36741.787500000006,314506.725,-29433.599999999977,59071.42499999999,367417.5375,-12994.737499999988,324520.65,-17862.625,0.6000000000000001,-0.17500000000000004,0.38750000000000284,1.0,-0.3624999999999998,0.21250000000000568,0.3625,0.04999999999999982,-0.3624999999999998,-0.1499999999999999,-0.8375,-0.15000000000000568
-88635.15,319089.26249999995,-36733.787500000006,314383.725,-29332.599999999977,59182.42499999999,368024.5375,-13165.737499999988,324756.65,-17743.625,0.6000000000000001,-0.17500000000000004,-0.6124999999999972,0.0,-0.3624999999999998,-0.7874999999999943,0.3625,0.04999999999999982,-0.3624999999999998,-0.1499999999999999,0.1625,-0.15000000000000568
-88378.15,319538.26249999995,-36821.787500000006,313951.725,-29288.599999999977,59080.42499999999,367449.5375,-13289.737499999988,324937.65,-17552.625,0.6000000000000001,0.825,-0.6124999999999972,0.0,0.6375000000000002,0.21250000000000568,0.3625,0.04999999999999982,-0.3624999999999998,-0.1499999999999999,-0.8375,-0.15000000000000568
-88280.15,320089.26249999995,-36829.787500000006,313901.725,-29135.599999999977,58998.42499999999,369216.5375,-13419.737499999988,324961.65,-17467.625,-0.3999999999999999,-0.17500000000000004,0.38750000000000284,1.0,-0.3624999999999998,-0.7874999999999943,0.3625,-0.9500000000000002,-0.3624999999999998,-0.1499999999999999,0.1625,-0.15000000000000568
-88187.15,320108.26249999995,-36876.787500000006,313718.725,-28970.599999999977,59166.42499999999,371423.5375,-13429.737499999988,324731.65,-17583.625,-0.3999999999999999,-0.17500000000000004,0.38750000000000284,1.0,-0.3624999999999998,0.21250000000000568,0.3625,0.04999999999999982,-0.3624999999999998,-0.1499999999999999,-0.8375,-0.15000000000000568
-88310.15,320051.26249999995,-36901.787500000006,313665.725,-29165.599999999977,59143.42499999999,369605.5375,-13372.737499999988,324551.65,-17651.625,-0.3999999999999999,-0.17500000000000004,0.38750000000000284,0.0,0.6375000000000002,-0.7874999999999943,0.3625,0.04999999999999982,-0.3624999999999998,-0.1499999999999999,0.1625,-1.1500000000000057
-88279.15,319744.26249999995,-36793.787500000006,313589.725,-29090.599999999977,59261.42499999999,368685.5375,-13075.737499999988,324606.65,-17974.625,-0.3999999999999999,-0.17500000000000004,-0.6124999999999972,0.0,-0.3624999999999998,0.21250000000000568,0.3625,0.04999999999999982,0.6375000000000002,-0.1499999999999999,0.1625,-1.1500000000000057
-88038.15,319489.26249999995,-36899.787500000006,313776.725,-29276.599999999977,59096.42499999999,368331.5375,-13149.737499999988,324879.65,-17589.625,-0.3999999999999999,-0.17500000000000004,-0.6124999999999972,1.0,0.6375000000000002,0.21250000000000568,0.3625,0.04999999999999982,0.6375000000000002,-1.15,0.1625,-0.15000000000000568
-87914.15,319704.26249999995,-36857.787500000006,313701.725,-29179.599999999977,58957.42499999999,369773.5375,-13266.737499999988,325189.65,-17318.625,0.6000000000000001,-0.17500000000000004,-0.6124999999999972,0.0,0.6375000000000002,0.21250000000000568,0.3625,0.04999999999999982,0.6375000000000002,-0.1499999999999999,-0.8375,-0.15000000000000568
-87666.15,319609.26249999995,-36983.787500000006,312902.725,-29189.599999999977,59168.42499999999,369810.5375,-13236.737499999988,325055.65,-17176.625,-0.3999999999999999,-0.17500000000000004,0.38750000000000284,0.0,-1.3624999999999998,-0.7874999999999943,0.3625,-0.9500000000000002,-0.3624999999999998,-0.1499999999999999,-0.8375,-0.15000000000000568
-87819.15,320350.26249999995,-36925.787500000006,312551.725,-29188.599999999977,59606.42499999999,368019.5375,-13117.737499999988,324788.65,-17307.625,0.6000000000000001,-0.17500000000000004,0.38750000000000284,-1.0,-0.3624999999999998,-0.7874999999999943,-0.6375,0.04999999999999982,-0.3624999999999998,-0.1499999999999999,-0.8375,-1.1500000000000057
-87599.15,320788.26249999995,-36746.787500000006,312329.725,-29107.599999999977,59266.42499999999,368914.5375,-13212.737499999988,324354.65,-17277.625,-0.3999999999999999,-0.17500000000000004,-0.6124999999999972,0.0,-0.3624999999999998,-0.7874999999999943,0.3625,0.04999999999999982,-0.3624999999999998,-0.1499999999999999,0.1625,0.8499999999999943
-87395.15,321047.26249999995,-36782.787500000006,312272.725,-29037.599999999977,59235.42499999999,369988.5375,-13280.737499999988,323953.65,-17332.625,-0.3999999999999999,0.825,1.3875000000000028,-1.0,-0.3624999999999998,1.2125000000000057,0.3625,0.04999999999999982,0.6375000000000002,-0.1499999999999999,0.1625,-1.1500000000000057
-87484.15,321858.26249999995,-36819.787500000006,312530.725,-29148.599999999977,59205.42499999999,370148.5375,-13461.737499999988,324080.65,-17369.625,-0.3999999999999999,0.825,-0.6124999999999972,0.0,0.6375000000000002,0.21250000000000568,0.3625,0.04999999999999982,-0.3624999999999998,-0.1499999999999999,1.1625,-0.15000000000000568
-87448.15,322099.26249999995,-36557.787500000006,312841.725,-28949.599999999977,59086.42499999999,369706.5375,-13319.737499999988,324038.65,-17509.625,-0.3999999999999999,-0.17500000000000004,-0.6124999999999972,0.0,0.6375000000000002,0.21250000000000568,0.3625,0.04999999999999982,-0.3624999999999998,-0.1499999999999999,0.1625,-0.15000000000000568
-87471.15,321584.26249999995,-36598.787500000006,312657.725,-28921.599999999977,59155.42499999999,370014.5375,-13510.737499999988,324177.65,-17503.625,-0.3999999999999999,-0.17500000000000004,0.38750000000000284,0.0,0.6375000000000002,-0.7874999999999943,-0.6375,0.04999999999999982,-0.3624999999999998,-0.1499999999999999,0.1625,-0.15000000000000568
-87744.15,321103.26249999995,-36662.787500000006,312818.725,-29094.599999999977,59168.42499999999,370177.5375,-13351.737499999988,324294.65,-17384.625,-0.3999999999999999,-0.17500000000000004,0.38750000000000284,0.0,0.6375000000000002,0.21250000000000568,-0.6375,0.04999999999999982,-0.3624999999999998,-0.1499999999999999,0.1625,-0.15000000000000568
-87886.15,320892.26249999995,-36663.787500000006,313023.725,-29202.599999999977,59177.42499999999,367899.5375,-13225.737499999988,324245.65,-17665.625,-0.3999999999999999,-0.17500000000000004,-0.6124999999999972,-1.0,-0.3624999999999998,0.21250000000000568,-0.6375,0.04999999999999982,-0.3624999999999998,-0.1499999999999999,0.1625,-0.15000000000000568
-87878.15,321313.26249999995,-36621.787500000006,313466.725,-29006.599999999977,59074.42499999999,367351.5375,-13204.737499999988,324124.65,-17791.625,-0.3999999999999999,-0.17500000000000004,0.38750000000000284,0.0,-0.3624999999999998,0.21250000000000568,0.3625,0.04999999999999982,-0.3624999999999998,-0.1499999999999999,0.1625,-2.1500000000000057
-87896.15,321321.26249999995,-36680.787500000006,313720.725,-29102.599999999977,59034.42499999999,368835.5375,-13231.737499999988,323994.65,-17823.625,0.6000000000000001,0.825,1.3875000000000028,0.0,-0.3624999999999998,-0.7874999999999943,0.3625,-0.9500000000000002,0.6375000000000002,-0.1499999999999999,0.1625,-0.15000000000000568
-87898.15,321149.26249999995,-36723.787500000006,313574.725,-29366.599999999977,59075.42499999999,371790.5375,-13169.737499999988,324127.65,-17633.625,0.6000000000000001,-0.17500000000000004,0.38750000000000284,0.0,-0.3624999999999998,0.21250000000000568,0.3625,0.04999999999999982,0.6375000000000002,-1.15,0.1625,-0.15000000000000568
-87827.15,321260.26249999995,-36764.787500000006,313175.725,-29356.599999999977,59059.42499999999,368416.5375,-13070.737499999988,324238.65,-17721.625,0.6000000000000001,-0.17500000000000004,-1.6124999999999972,0.0,-0.3624999999999998,-0.7874999999999943,-0.6375,0.04999999999999982,-0.3624999999999998,-0.1499999999999999,0.1625,-0.15000000000000568
-87824.15,321120.26249999995,-36899.787500000006,313040.725,-29357.599999999977,59132.42499999999,367813.5375,-13159.737499999988,324717.65,-17475.625,-0.3999999999999999,-0.17500000000000004,-0.6124999999999972,0.0,0.6375000000000002,0.21250000000000568,-0.6375,0.04999999999999982,0.6375000000000002,-0.1499999999999999,0.1625,-0.15000000000000568
-87700.15,320496.26249999995,-36938.787500000006,312873.725,-29272.599999999977,59235.42499999999,368245.5375,-13314.737499999988,324866.65,-17104.625,-0.3999999999999999,0.825,0.38750000000000284,0.0,-0.3624999999999998,0.21250000000000568,0.3625,0.04999999999999982,-0.3624999999999998,-0.1499999999999999,0.1625,0.8499999999999943
-87893.15,320074.26249999995,-37068.787500000006,313448.725,430448.4,59190.42499999999,369585.5375,-13419.737499999988,325071.65,-17148.625,0.6000000000000001,-0.17500000000000004,0.38750000000000284,1.0,-0.3624999999999998,0.21250000000000568,0.3625,0.04999999999999982,0.6375000000000002,-0.1499999999999999,0.1625,0.8499999999999943
-88168.15,319387.26249999995,-36934.787500000006,314340.725,-29282.599999999977,58926.42499999999,367668.5375,-13131.737499999988,325539.65,-17884.625,-0.3999999999999999,0.825,-0.6124999999999972,0.0,-0.3624999999999998,0.21250000000000568,-0.6375,0.04999999999999982,0.6375000000000002,-0.1499999999999999,0.1625,-0.15000000000000568
-88107.15,318572.26249999995,-36989.787500000006,314255.725,-29508.599999999977,58959.42499999999,366406.5375,-13175.737499999988,325600.65,-17826.625,0.6000000000000001,-0.17500000000000004,0.38750000000000284,0.0,-0.3624999999999998,-0.7874999999999943,-0.6375,-0.9500000000000002,0.6375000000000002,-0.1499999999999999,0.1625,-1.1500000000000057
-88139.15,318443.26249999995,-36989.787500000006,314059.725,-29543.599999999977,58839.42499999999,367290.5375,-13197.737499999988,325589.65,-17296.625,0.6000000000000001,-0.17500000000000004,-0.6124999999999972,1.0,-0.3624999999999998,0.21250000000000568,0.3625,0.04999999999999982,-0.3624999999999998,-0.1499999999999999,0.1625,0.8499999999999943
-87972.15,319159.26249999995,-37057.787500000006,313996.725,-29854.599999999977,58806.42499999999,367441.5375,-13166.737499999988,325429.65,-17175.625,-0.3999999999999999,0.825,0.38750000000000284,0.0,-0.3624999999999998,-0.7874999999999943,1.3625,-0.9500000000000002,0.6375000000000002,-0.1499999999999999,1.1625,-1.1500000000000057
-87998.15,320158.26249999995,-36976.787500000006,314212.725,-29828.599999999977,58767.42499999999,368193.5375,-13417.737499999988,325346.65,-17452.625,-0.3999999999999999,-0.17500000000000004,0.38750000000000284,1.0,-0.3624999999999998,0.21250000000000568,0.3625,0.04999999999999982,-0.3624999999999998,-0.1499999999999999,0.1625,-0.15000000000000568
-87950.15,321021.26249999995,-36828.787500000006,313658.725,-29056.599999999977,59057.42499999999,368815.5375,-13121.737499999988,324516.65,-17382.625,-0.3999999999999999,-0.17500000000000004,1.3875000000000028,0.0,0.6375000000000002,1.2125000000000057,-0.6375,-0.9500000000000002,0.6375000000000002,-0.1499999999999999,0.1625,-0.15000000000000568
-87877.15,321073.26249999995,-36796.787500000006,313052.725,-28778.599999999977,59145.42499999999,368716.5375,-13316.737499999988,324284.65,-17546.625,0.6000000000000001,-0.17500000000000004,-0.6124999999999972,0.0,0.6375000000000002,0.21250000000000568,0.3625,0.04999999999999982,-0.3624999999999998,-0.1499999999999999,0.1625,0.8499999999999943
-87710.15,320836.26249999995,-36681.787500000006,312639.725,-29006.599999999977,59203.42499999999,369125.5375,-13309.737499999988,324263.65,-17562.625,-0.3999999999999999,0.825,-0.6124999999999972,0.0,-0.3624999999999998,-0.7874999999999943,0.3625,0.04999999999999982,-0.3624999999999998,-0.1499999999999999,0.1625,-1.1500000000000057
-87510.15,320604.26249999995,-36624.787500000006,312661.725,-29389.599999999977,59264.42499999999,372075.5375,-13274.737499999988,324373.65,-17351.625,0.6000000000000001,0.825,-1.6124999999999972,0.0,-1.3624999999999998,0.21250000000000568,-0.6375,0.04999999999999982,1.6375000000000002,-0.1499999999999999,0.1625,-0.15000000000000568
-87542.15,320482.26249999995,-36523.787500000006,312811.725,-29511.599999999977,59043.42499999999,371685.5375,-13477.737499999988,324729.65,-17171.625,0.6000000000000001,0.825,-1.6124999999999972,0.0,-0.3624999999999998,-0.7874999999999943,0.3625,0.04999999999999982,-0.3624999999999998,-0.1499999999999999,0.1625,-0.15000000000000568
-87712.15,316687.26249999995,-36621.787500000006,313152.725,-29956.599999999977,59354.42499999999,369720.5375,-13526.737499999988,324911.65,-17051.625,0.6000000000000001,-0.17500000000000004,1.3875000000000028,1.0,-1.3624999999999998,-0.7874999999999943,0.3625,0.04999999999999982,0.6375000000000002,-0.1499999999999999,0.1625,-0.15000000000000568
-87484.15,320652.26249999995,-36639.787500000006,312623.725,-29358.599999999977,59102.42499999999,368774.5375,-13212.737499999988,325076.65,-17630.625,-0.3999999999999999,-0.17500000000000004,-0.6124999999999972,0.0,0.6375000000000002,0.21250000000000568,0.3625,0.04999999999999982,-0.3624999999999998,0.8500000000000001,-0.8375,-0.15000000000000568
-87474.15,321134.26249999995,-36636.787500000006,312815.725,-29740.599999999977,59159.42499999999,367911.5375,-13240.737499999988,324778.65,-18001.625,0.6000000000000001,-0.17500000000000004,0.38750000000000284,0.0,-0.3624999999999998,1.2125000000000057,-0.6375,0.04999999999999982,0.6375000000000002,-1.15,-0.8375,-0.15000000000000568
-87791.15,321544.26249999995,-36642.787500000006,313049.725,-29396.599999999977,59214.42499999999,369028.5375,-13308.737499999988,324646.65,-17647.625,-0.3999999999999999,-0.17500000000000004,0.38750000000000284,0.0,-0.3624999999999998,0.21250000000000568,0.3625,0.04999999999999982,0.6375000000000002,-0.1499999999999999,0.1625,-0.15000000000000568
-87599.15,322286.26249999995,-36636.787500000006,312684.725,-29011.599999999977,59112.42499999999,368434.5375,-13171.737499999988,324242.65,-17085.625,0.6000000000000001,0.825,-0.6124999999999972,-1.0,-0.3624999999999998,0.21250000000000568,0.3625,0.04999999999999982,0.6375000000000002,-0.1499999999999999,0.1625,-1.1500000000000057
-87975.15,321896.26249999995,-36787.787500000006,312608.725,-29068.599999999977,59144.42499999999,369176.5375,-13284.737499999988,324379.65,-17254.625,-0.3999999999999999,-0.17500000000000004,0.38750000000000284,0.0,-0.3624999999999998,-0.7874999999999943,0.3625,0.04999999999999982,0.6375000000000002,-0.1499999999999999,-0.8375,-1.1500000000000057
-87642.15,321621.26249999995,-36828.787500000006,312921.725,-29381.599999999977,59071.42499999999,370274.5375,-13188.737499999988,324556.65,-17347.625,-0.3999999999999999,-0.17500000000000004,0.38750000000000284,0.0,0.6375000000000002,-0.7874999999999943,0.3625,0.04999999999999982,-0.3624999999999998,-0.1499999999999999,0.1625,0.8499999999999943
-87800.15,321410.26249999995,-36966.787500000006,313240.725,-29444.599999999977,59088.42499999999,368938.5375,-12906.737499999988,324775.65,-17339.625,-0.3999999999999999,-0.17500000000000004,0.38750000000000284,0.0,0.6375000000000002,1.2125000000000057,-0.6375,0.04999999999999982,0.6375000000000002,-0.1499999999999999,0.1625,-0.15000000000000568
-190748.15,319687.26249999995,-36840.787500000006,313804.725,-29404.599999999977,59345.42499999999,368133.5375,-13047.737499999988,325390.65,-17339.625,-0.3999999999999999,0.825,-0.6124999999999972,1.0,0.6375000000000002,0.21250000000000568,-0.6375,0.04999999999999982,-0.3624999999999998,-0.1499999999999999,0.1625,1.8499999999999943
-88069.15,319146.26249999995,-36842.787500000006,313936.725,-29359.599999999977,59251.42499999999,367753.5375,-13178.737499999988,325930.65,-17615.625,0.6000000000000001,-0.17500000000000004,0.38750000000000284,0.0,-0.3624999999999998,-0.7874999999999943,-0.6375,0.04999999999999982,-0.3624999999999998,-0.1499999999999999,0.1625,-0.15000000000000568
-88160.15,319750.26249999995,-36774.787500000006,313821.725,-29492.599999999977,59309.42499999999,367846.5375,-13407.737499999988,325760.65,-17260.625,0.6000000000000001,0.825,-0.6124999999999972,0.0,-0.3624999999999998,-0.7874999999999943,0.3625,0.04999999999999982,-0.3624999999999998,-0.1499999999999999,0.1625,-0.15000000000000568
-87950.15,319955.26249999995,-36811.787500000006,313546.725,-29298.599999999977,59256.42499999999,369614.5375,-13483.737499999988,325471.65,-16818.625,0.6000000000000001,0.825,-0.6124999999999972,1.0,-0.3624999999999998,0.21250000000000568,-0.6375,0.04999999999999982,-0.3624999999999998,-0.1499999999999999,-0.8375,-0.15000000000000568
-87956.15,320268.26249999995,-36723.787500000006,313308.725,-29321.599999999977,59291.42499999999,369827.5375,-13352.737499999988,325110.65,-17173.625,-0.3999999999999999,-0.17500000000000004,-0.6124999999999972,0.0,-0.3624999999999998,0.21250000000000568,0.3625,0.04999999999999982,0.6375000000000002,-0.1499999999999999,0.1625,-0.15000000000000568
-87695.15,320834.26249999995,-36750.787500000006,313393.725,-28977.599999999977,59320.42499999999,369369.5375,-13245.737499999988,325247.65,-17245.625,-0.3999999999999999,-0.17500000000000004,0.38750000000000284,0.0,-0.3624999999999998,0.21250000000000568,-0.6375,0.04999999999999982,-0.3624999999999998,0.8500000000000001,0.1625,-0.15000000000000568
-87647.15,320947.26249999995,-36815.787500000006,313227.725,-29120.599999999977,59404.42499999999,368277.5375,-13254.737499999988,325225.65,-17123.625,0.6000000000000001,-0.17500000000000004,0.38750000000000284,0.0,-0.3624999999999998,0.21250000000000568,0.3625,1.0499999999999998,-0.3624999999999998,-0.1499999999999999,0.1625,-1.1500000000000057
-87775.15,320757.26249999995,-36776.787500000006,313087.725,-29953.599999999977,59370.42499999999,367459.5375,-13271.737499999988,324959.65,-17110.625,0.6000000000000001,-0.17500000000000004,-0.6124999999999972,0.0,-1.3624999999999998,1.2125000000000057,0.3625,0.04999999999999982,-0.3624999999999998,-0.1499999999999999,0.1625,-0.15000000000000568
-87787.15,321186.26249999995,-36791.787500000006,313652.725,-29738.599999999977,59267.42499999999,367817.5375,-13161.737499999988,324845.65,-17405.625,0.6000000000000001,-0.17500000000000004,0.38750000000000284,0.0,-0.3624999999999998,-0.7874999999999943,-0.6375,0.04999999999999982,-0.3624999999999998,-0.1499999999999999,0.1625,-0.15000000000000568
-87884.15,321103.26249999995,-36809.787500000006,313728.725,-29671.599999999977,59115.42499999999,369979.5375,-13282.737499999988,325080.65,-17353.625,-0.3999999999999999,-0.17500000000000004,-0.6124999999999972,0.0,-0.3624999999999998,-0.7874999999999943,0.3625,0.04999999999999982,-0.3624999999999998,-0.1499999999999999,0.1625,-0.15000000000000568
-87882.15,320887.26249999995,-36774.787500000006,313759.725,-29310.599999999977,59181.42499999999,370146.5375,-13360.737499999988,324994.65,-17429.625,-0.3999999999999999,-0.17500000000000004,0.38750000000000284,0.0,-0.3624999999999998,-0.7874999999999943,0.3625,0.04999999999999982,0.6375000000000002,-0.1499999999999999,0.1625,0.8499999999999943
-87670.15,320933.26249999995,-36766.787500000006,313499.725,-29387.599999999977,59124.42499999999,368032.5375,-13225.737499999988,325043.65,-17466.625,-0.3999999999999999,0.825,-0.6124999999999972,0.0,-0.3624999999999998,1.2125000000000057,0.3625,0.04999999999999982,-0.3624999999999998,-0.1499999999999999,0.1625,-0.15000000000000568
-87406.15,320819.26249999995,-36725.787500000006,313144.725,-29433.599999999977,59095.42499999999,367722.5375,-13099.737499999988,324922.65,-17468.625,0.6000000000000001,0.825,-0.6124999999999972,0.0,-0.3624999999999998,0.21250000000000568,-0.6375,0.04999999999999982,0.6375000000000002,-1.15,0.1625,-0.15000000000000568
-87522.15,321369.26249999995,-36757.787500000006,313064.725,-29402.599999999977,59264.42499999999,367335.5375,-13288.737499999988,324639.65,-17315.625,-0.3999999999999999,-0.17500000000000004,0.38750000000000284,0.0,-0.3624999999999998,0.21250000000000568,0.3625,0.04999999999999982,0.6375000000000002,-1.15,0.1625,0.8499999999999943
-87322.15,321611.26249999995,-36610.787500000006,312423.725,-29128.599999999977,59289.42499999999,368864.5375,-13311.737499999988,324341.65,-17209.625,0.6000000000000001,-0.17500000000000004,0.38750000000000284,1.0,-0.3624999999999998,-0.7874999999999943,-0.6375,-0.9500000000000002,-0.3624999999999998,-1.15,1.1625,-0.15000000000000568
-87235.15,321737.26249999995,-36587.787500000006,312387.725,-28819.599999999977,59295.42499999999,367886.5375,-13275.737499999988,324418.65,-17100.625,-0.3999999999999999,-0.17500000000000004,-0.6124999999999972,0.0,-0.3624999999999998,-0.7874999999999943,-0.6375,0.04999999999999982,-0.3624999999999998,-0.1499999999999999,0.1625,-0.15000000000000568
-87139.15,321803.26249999995,-36683.787500000006,312265.725,-28891.599999999977,59337.42499999999,369136.5375,-13118.737499999988,324329.65,-17205.625,-0.3999999999999999,0.825,0.38750000000000284,0.0,-0.3624999999999998,-0.7874999999999943,0.3625,0.04999999999999982,-0.3624999999999998,-0.1499999999999999,0.1625,-0.15000000000000568
-87262.15,321664.26249999995,-36676.787500000006,312580.725,-29070.599999999977,59410.42499999999,370189.5375,-13371.737499999988,324550.65,-17046.625,-0.3999999999999999,-0.17500000000000004,-0.6124999999999972,-1.0,-0.3624999999999998,-0.7874999999999943,0.3625,0.04999999999999982,-0.3624999999999998,-0.1499999999999999,0.1625,-0.15000000000000568
-87339.15,321242.26249999995,-36800.787500000006,312754.725,-29100.599999999977,59521.42499999999,367541.5375,-13367.737499999988,324778.65,-17303.625,0.6000000000000001,0.825,-0.6124999999999972,-1.0,-0.3624999999999998,0.21250000000000568,0.3625,0.04999999999999982,-1.3624999999999998,-0.1499999999999999,0.1625,-0.15000000000000568
-87462.15,320466.26249999995,-36739.787500000006,312871.725,-29130.599999999977,59365.42499999999,369136.5375,-13234.737499999988,325133.65,-17246.625,1.6,-0.17500000000000004,-0.6124999999999972,1.0,-0.3624999999999998,0.21250000000000568,0.3625,0.04999999999999982,0.6375000000000002,-0.1499999999999999,0.1625,-1.1500000000000057
-87574.15,320036.26249999995,-36662.787500000006,313140.725,-29120.599999999977,59392.42499999999,367908.5375,-13146.737499999988,325331.65,-17291.625,-0.3999999999999999,-0.17500000000000004,0.38750000000000284,0.0,-0.3624999999999998,0.21250000000000568,-0.6375,0.04999999999999982,-0.3624999999999998,0.8500000000000001,0.1625,-1.1500000000000057
-87640.15,319839.26249999995,-36755.787500000006,313517.725,-29132.599999999977,59241.42499999999,366782.5375,-13152.737499999988,325269.65,-17095.625,0.6000000000000001,-0.17500000000000004,1.3875000000000028,1.0,0.6375000000000002,0.21250000000000568,0.3625,0.04999999999999982,-0.3624999999999998,-0.1499999999999999,0.1625,-0.15000000000000568
-87820.15,320081.26249999995,-36754.787500000006,313617.725,-29519.599999999977,59215.42499999999,368792.5375,-13200.737499999988,325348.65,-17265.625,-0.3999999999999999,-0.17500000000000004,1.3875000000000028,0.0,-0.3624999999999998,0.21250000000000568,-0.6375,0.04999999999999982,0.6375000000000002,-0.1499999999999999,0.1625,-0.15000000000000568
-88073.15,319790.26249999995,-36749.787500000006,313473.725,-29487.599999999977,59364.42499999999,367672.5375,-13232.737499999988,325328.65,-17229.625,0.6000000000000001,0.825,-0.6124999999999972,0.0,-0.3624999999999998,-0.7874999999999943,0.3625,0.04999999999999982,0.6375000000000002,-0.1499999999999999,0.1625,0.8499999999999943
-87842.15,319985.26249999995,-36802.787500000006,313367.725,-29214.599999999977,59434.42499999999,367016.5375,-13355.737499999988,325376.65,-17026.625,0.6000000000000001,-0.17500000000000004,0.38750000000000284,0.0,-0.3624999999999998,-0.7874999999999943,0.3625,0.04999999999999982,0.6375000000000002,-0.1499999999999999,0.1625,0.8499999999999943
-87873.15,320177.26249999995,-36837.787500000006,313225.725,-28937.599999999977,59307.42499999999,368240.5375,-13357.737499999988,325089.65,-17294.625,-0.3999999999999999,0.825,-0.6124999999999972,0.0,-0.3624999999999998,-0.7874999999999943,-0.6375,0.04999999999999982,-0.3624999999999998,0.8500000000000001,0.1625,-0.15000000000000568
-87895.15,320599.26249999995,-36756.787500000006,313488.725,-29314.599999999977,59389.42499999999,368914.5375,-13303.737499999988,325003.65,-17350.625,0.6000000000000001,-0.17500000000000004,-0.6124999999999972,-1.0,-0.3624999999999998,0.21250000000000568,-0.6375,0.04999999999999982,-0.3624999999999998,-0.1499999999999999,-0.8375,-1.1500000000000057
-87773.15,320787.26249999995,-36631.787500000006,313457.725,-29259.599999999977,59283.42499999999,366511.5375,-13375.737499999988,324969.65,-17359.625,-0.3999999999999999,-0.17500000000000004,1.3875000000000028,0.0,0.6375000000000002,0.21250000000000568,-0.6375,0.04999999999999982,-0.3624999999999998,-0.1499999999999999,0.1625,-0.15000000000000568
-87724.15,320921.26249999995,-36766.787500000006,313463.725,-29171.599999999977,59328.42499999999,366833.5375,-13389.737499999988,325029.65,-17374.625,-0.3999999999999999,-0.17500000000000004,0.38750000000000284,0.0,0.6375000000000002,0.21250000000000568,-0.6375,0.04999999999999982,-0.3624999999999998,-0.1499999999999999,0.1625,-1.1500000000000057
-87740.15,321799.26249999995,-36694.787500000006,313496.725,-29347.599999999977,59427.42499999999,367170.5375,-13381.737499999988,325011.65,-17313.625,-0.3999999999999999,-0.17500000000000004,0.38750000000000284,0.0,-0.3624999999999998,1.2125000000000057,-0.6375,0.04999999999999982,-0.3624999999999998,-0.1499999999999999,0.1625,-0.15000000000000568
-87625.15,321138.26249999995,-36693.787500000006,313503.725,-29274.599999999977,59465.42499999999,367930.5375,-13249.737499999988,325044.65,-17338.625,-0.3999999999999999,-0.17500000000000004,-0.6124999999999972,-1.0,-0.3624999999999998,0.21250000000000568,0.3625,0.04999999999999982,-0.3624999999999998,-0.1499999999999999,0.1625,-0.15000000000000568
-87633.15,320528.26249999995,-36719.787500000006,313297.725,-29230.599999999977,59337.42499999999,368847.5375,-13203.737499999988,325076.65,-17393.625,-0.3999999999999999,-0.17500000000000004,-1.6124999999999972,0.0,-0.3624999999999998,-0.7874999999999943,0.3625,0.04999999999999982,0.6375000000000002,-0.1499999999999999,0.1625,-0.15000000000000568
-87602.15,320516.26249999995,-36659.787500000006,313163.725,-29133.599999999977,59403.42499999999,369677.5375,-13231.737499999988,325252.65,-17370.625,-0.3999999999999999,0.825,-0.6124999999999972,0.0,-0.3624999999999998,-0.7874999999999943,0.3625,-0.9500000000000002,-0.3624999999999998,-0.1499999999999999,0.1625,0.8499999999999943
-87491.15,320825.26249999995,-36561.787500000006,313136.725,-29263.599999999977,59358.42499999999,370795.5375,-13220.737499999988,325231.65,-17296.625,-0.3999999999999999,-0.17500000000000004,0.38750000000000284,0.0,-1.3624999999999998,0.21250000000000568,0.3625,0.04999999999999982,-0.3624999999999998,-0.1499999999999999,0.1625,-0.15000000000000568
-87366.15,320730.26249999995,-36718.787500000006,312960.725,-29443.599999999977,59339.42499999999,369314.5375,-13395.737499999988,325241.65,-17115.625,-0.3999999999999999,0.825,-0.6124999999999972,-1.0,-0.3624999999999998,0.21250000000000568,0.3625,0.04999999999999982,-0.3624999999999998,-0.1499999999999999,0.1625,-1.1500000000000057
-87416.15,321014.26249999995,-36662.787500000006,312686.725,-29580.599999999977,59245.42499999999,368401.5375,-13350.737499999988,325011.65,-17148.625,-0.3999999999999999,-0.17500000000000004,0.38750000000000284,-1.0,-0.3624999999999998,1.2125000000000057,0.3625,0.04999999999999982,0.6375000000000002,-0.1499999999999999,-0.8375,-0.15000000000000568
-87484.15,321206.26249999995,-36536.787500000006,312575.725,-29863.599999999977,59217.42499999999,367624.5375,-13363.737499999988,324881.65,-17294.625,-0.3999999999999999,-0.17500000000000004,0.38750000000000284,0.0,0.6375000000000002,0.21250000000000568,0.3625,0.04999999999999982,-0.3624999999999998,-0.1499999999999999,0.1625,-0.15000000000000568
-87472.15,321129.26249999995,-36542.787500000006,312737.725,-29676.599999999977,59206.42499999999,367374.5375,-13280.737499999988,324874.65,-17470.625,-0.3999999999999999,-0.17500000000000004,-0.6124999999999972,0.0,0.6375000000000002,0.21250000000000568,-0.6375,0.04999999999999982,-0.3624999999999998,-0.1499999999999999,0.1625,-0.15000000000000568
-87597.15,321655.26249999995,-36623.787500000006,312379.725,-29257.599999999977,59181.42499999999,368166.5375,-13351.737499999988,324883.65,-17182.625,-0.3999999999999999,-0.17500000000000004,0.38750000000000284,0.0,-0.3624999999999998,0.21250000000000568,0.3625,0.04999999999999982,0.6375000000000002,-0.1499999999999999,0.1625,-0.15000000000000568
-87395.15,321478.26249999995,-36645.787500000006,312349.725,-29172.599999999977,59327.42499999999,367951.5375,-13264.737499999988,324825.65,-17164.625,0.6000000000000001,-0.17500000000000004,0.38750000000000284,-1.0,0.6375000000000002,-0.7874999999999943,-0.6375,0.04999999999999982,-0.3624999999999998,-0.1499999999999999,0.1625,-0.15000000000000568
-87127.15,321401.26249999995,-36682.787500000006,312498.725,-29252.599999999977,59433.42499999999,368380.5375,-13319.737499999988,324829.65,-16841.625,-0.3999999999999999,-0.17500000000000004,-0.6124999999999972,0.0,-0.3624999999999998,0.21250000000000568,-0.6375,0.04999999999999982,-0.3624999999999998,-0.1499999999999999,0.1625,-0.15000000000000568
-87374.15,320968.26249999995,-36850.787500000006,312863.725,-29411.599999999977,59263.42499999999,368730.5375,-13170.737499999988,325039.65,-16994.625,-0.3999999999999999,-1.175,0.38750000000000284,0.0,-0.3624999999999998,0.21250000000000568,-0.6375,0.04999999999999982,0.6375000000000002,-0.1499999999999999,0.1625,-1.1500000000000057
-87545.15,320632.26249999995,-36806.787500000006,312939.725,-29407.599999999977,59442.42499999999,369448.5375,-13185.737499999988,325366.65,-17136.625,0.6000000000000001,-0.17500000000000004,0.38750000000000284,0.0,0.6375000000000002,1.2125000000000057,-0.6375,0.04999999999999982,0.6375000000000002,-0.1499999999999999,0.1625,-0.15000000000000568
-87571.15,320397.26249999995,-36809.787500000006,313147.725,-29655.599999999977,59407.42499999999,369236.5375,-13142.737499999988,325506.65,-17217.625,0.6000000000000001,-0.17500000000000004,0.38750000000000284,0.0,-0.3624999999999998,0.21250000000000568,0.3625,0.04999999999999982,-1.3624999999999998,-0.1499999999999999,0.1625,-0.15000000000000568
-87661.15,320879.26249999995,-36759.787500000006,313350.725,-29695.599999999977,59506.42499999999,366904.5375,-13055.737499999988,325563.65,-17231.625,-0.3999999999999999,-0.17500000000000004,0.38750000000000284,1.0,-0.3624999999999998,-0.7874999999999943,-0.6375,0.04999999999999982,0.6375000000000002,-0.1499999999999999,0.1625,0.8499999999999943
-87622.15,320366.26249999995,-36851.787500000006,313366.725,-29611.599999999977,59494.42499999999,366709.5375,-13056.737499999988,325359.65,-17199.625,-0.3999999999999999,-0.17500000000000004,0.38750000000000284,0.0,-0.3624999999999998,0.21250000000000568,0.3625,0.04999999999999982,-0.3624999999999998,-0.1499999999999999,1.1625,-0.15000000000000568
-87518.15,321000.26249999995,-36598.787500000006,313282.725,-29634.599999999977,59453.42499999999,368445.5375,-13311.737499999988,325379.65,-16938.625,0.6000000000000001,-0.17500000000000004,1.3875000000000028,0.0,-0.3624999999999998,-1.7874999999999943,0.3625,-0.9500000000000002,0.6375000000000002,-0.1499999999999999,0.1625,0.8499999999999943
-87454.15,320865.26249999995,-36607.787500000006,313378.725,-29523.599999999977,59541.42499999999,370033.5375,-13323.737499999988,325229.65,-17039.625,0.6000000000000001,-0.17500000000000004,0.38750000000000284,0.0,0.6375000000000002,0.21250000000000568,-0.6375,0.04999999999999982,-0.3624999999999998,-0.1499999999999999,0.1625,-0.15000000000000568
-87563.15,320958.26249999995,-36648.787500000006,313511.725,-29426.599999999977,59612.42499999999,369051.5375,-13252.737499999988,325166.65,-17016.625,0.6000000000000001,0.825,0.38750000000000284,1.0,-0.3624999999999998,0.21250000000000568,0.3625,0.04999999999999982,-0.3624999999999998,-0.1499999999999999,0.1625,-0.15000000000000568
-87681.15,321169.26249999995,-36814.787500000006,313260.725,-29384.599999999977,59498.42499999999,369803.5375,-13493.737499999988,325305.65,-16833.625,0.6000000000000001,-0.17500000000000004,-0.6124999999999972,1.0,0.6375000000000002,0.21250000000000568,-0.6375,0.04999999999999982,0.6375000000000002,0.8500000000000001,0.1625,0.8499999999999943
-87636.15,321448.26249999995,-36939.787500000006,313081.725,-29325.599999999977,59442.42499999999,368619.5375,-13193.737499999988,325125.65,-17427.625,-0.3999999999999999,0.825,-0.6124999999999972,0.0,-0.3624999999999998,0.21250000000000568,0.3625,0.04999999999999982,0.6375000000000002,-0.1499999999999999,0.1625,-1.1500000000000057
-87706.15,321656.26249999995,-36715.787500000006,312955.725,-29547.599999999977,59627.42499999999,368275.5375,-13072.737499999988,325156.65,-17387.625,-0.3999999999999999,0.825,-0.6124999999999972,0.0,-0.3624999999999998,1.2125000000000057,-0.6375,0.04999999999999982,0.6375000000000002,-0.1499999999999999,0.1625,-1.1500000000000057
-87475.15,321210.26249999995,-36565.787500000006,313161.725,-29559.599999999977,59527.42499999999,367931.5375,-13114.737499999988,325332.65,-17170.625,0.6000000000000001,0.825,-0.6124999999999972,0.0,0.6375000000000002,0.21250000000000568,-0.6375,1.0499999999999998,0.6375000000000002,-0.1499999999999999,0.1625,-0.15000000000000568
-87444.15,320745.26249999995,-36740.787500000006,313181.725,-29428.599999999977,59352.42499999999,368489.5375,-13373.737499999988,325459.65,-17109.625,-0.3999999999999999,-0.17500000000000004,-0.6124999999999972,0.0,-0.3624999999999998,0.21250000000000568,0.3625,0.04999999999999982,-0.3624999999999998,-1.15,0.1625,-0.15000000000000568
-87566.15,320721.26249999995,-36804.787500000006,313194.725,-29599.599999999977,59259.42499999999,367281.5375,-13266.737499999988,325347.65,-17151.625,0.6000000000000001,-0.17500000000000004,-0.6124999999999972,0.0,-0.3624999999999998,-0.7874999999999943,0.3625,0.04999999999999982,0.6375000000000002,-0.1499999999999999,0.1625,0.8499999999999943
-87336.15,321562.26249999995,-36762.787500000006,312883.725,-29281.599999999977,59281.42499999999,368572.5375,-13252.737499999988,325066.65,-17308.625,-0.3999999999999999,-0.17500000000000004,-0.6124999999999972,0.0,-0.3624999999999998,0.21250000000000568,-0.6375,1.0499999999999998,-0.3624999999999998,-0.1499999999999999,0.1625,0.8499999999999943
-87354.15,321544.26249999995,-36783.787500000006,312798.725,-29365.599999999977,59304.42499999999,367891.5375,-13345.737499999988,325125.65,-16958.625,-0.3999999999999999,-0.17500000000000004,-0.6124999999999972,0.0,0.6375000000000002,1.2125000000000057,-0.6375,-0.9500000000000002,0.6375000000000002,-0.1499999999999999,0.1625,1.8499999999999943
-87287.15,321487.26249999995,-36695.787500000006,312631.725,-29791.599999999977,59513.42499999999,367257.5375,-13447.737499999988,325012.65,-17004.625,0.6000000000000001,-0.17500000000000004,-0.6124999999999972,0.0,0.6375000000000002,0.21250000000000568,0.3625,0.04999999999999982,0.6375000000000002,-0.1499999999999999,0.1625,-1.1500000000000057
-87377.15,322284.26249999995,-36615.787500000006,312568.725,-29742.599999999977,59653.42499999999,368415.5375,-13256.737499999988,324953.65,-16602.625,0.6000000000000001,-0.17500000000000004,0.38750000000000284,-1.0,-0.3624999999999998,0.21250000000000568,0.3625,0.04999999999999982,-0.3624999999999998,-1.15,0.1625,-1.1500000000000057
-87436.15,322076.26249999995,-36729.787500000006,312466.725,-29333.599999999977,59443.42499999999,368481.5375,-13314.737499999988,324955.65,-16740.625,-0.3999999999999999,-0.17500000000000004,1.3875000000000028,0.0,-0.3624999999999998,-0.7874999999999943,0.3625,0.04999999999999982,0.6375000000000002,-0.1499999999999999,0.1625,-1.1500000000000057
-87308.15,321574.26249999995,-36821.787500000006,312450.725,-29542.599999999977,59421.42499999999,368671.5375,-13469.737499999988,325190.65,-16856.625,-0.3999999999999999,-0.17500000000000004,0.38750000000000284,0.0,-0.3624999999999998,0.21250000000000568,-0.6375,0.04999999999999982,-0.3624999999999998,-0.1499999999999999,0.1625,-0.15000000000000568
-87210.15,321454.26249999995,-36867.787500000006,312532.725,-29397.599999999977,59506.42499999999,369583.5375,-13230.737499999988,325378.65,-17049.625,-0.3999999999999999,-1.175,1.3875000000000028,0.0,-0.3624999999999998,0.21250000000000568,-0.6375,1.0499999999999998,0.6375000000000002,-0.1499999999999999,0.1625,-0.15000000000000568
-87381.15,321308.26249999995,-36671.787500000006,312559.725,-29793.599999999977,59423.42499999999,370344.5375,-13366.737499999988,325521.65,-16801.625,0.6000000000000001,-0.17500000000000004,-0.6124999999999972,0.0,-0.3624999999999998,0.21250000000000568,-0.6375,1.0499999999999998,0.6375000000000002,0.8500000000000001,0.1625,-1.1500000000000057
-87513.15,321148.26249999995,-36611.787500000006,312729.725,-29636.599999999977,59483.42499999999,368157.5375,-13181.737499999988,325564.65,-16813.625,0.6000000000000001,0.825,-0.6124999999999972,0.0,-0.3624999999999998,0.21250000000000568,0.3625,0.04999999999999982,0.6375000000000002,-0.1499999999999999,-0.8375,-0.15000000000000568
-87424.15,320667.26249999995,-36712.787500000006,312895.725,-29729.599999999977,59418.42499999999,368176.5375,-13173.737499999988,325590.65,-17013.625,-0.3999999999999999,-0.17500000000000004,0.38750000000000284,0.0,0.6375000000000002,0.21250000000000568,-0.6375,1.0499999999999998,-0.3624999999999998,-0.1499999999999999,0.1625,-0.15000000000000568
