FPI,SPI,AI,SFI,FFI,FPD,SPD,AD,SFD,FFD,API_X,API_Y,API_Z,APD_X,APD_Y,APD_Z,AFD_X,AFD_Y,AFD_Z,AFI_X,AFI_Y,AFI_Z
84025.55,-340.3375000000233,-54488.5625,-304.82500000001164,-11438.174999999988,-22173.25,-72.3125,-9386.8125,-747.4749999999985,-87451.04999999999,-0.3624999999999998,-0.19999999999999996,1.5750000000000028,0.4375,-0.34999999999999964,0.38749999999998863,0.1625,0.11249999999999982,0.5750000000000002,-0.2124999999999999,0.2375,1.0
83469.55,513.6624999999767,-54267.5625,145.17499999998836,-11477.174999999988,-21923.25,931.6875,-9758.8125,-547.4749999999985,-86766.04999999999,0.6375000000000002,-0.19999999999999996,-0.42499999999999716,0.4375,0.6500000000000004,-1.6125000000000114,0.1625,0.11249999999999982,-0.4249999999999998,-0.2124999999999999,0.2375,-2.0
83697.55,203.66249999997672,-54235.5625,-66.82500000001164,-10849.174999999988,-21862.25,286.6875,-9434.8125,-688.4749999999985,-86939.04999999999,-0.3624999999999998,-0.19999999999999996,1.5750000000000028,-0.5625,-0.34999999999999964,-0.6125000000000114,0.1625,1.1124999999999998,-0.4249999999999998,-0.2124999999999999,0.2375,1.0
83832.55,246.66249999997672,-54378.5625,-154.82500000001164,-10150.174999999988,-22411.25,-437.3125,-9526.8125,-860.4749999999985,-87628.04999999999,-0.3624999999999998,0.8,-0.42499999999999716,0.4375,-0.34999999999999964,0.38749999999998863,0.1625,0.11249999999999982,-0.4249999999999998,-0.2124999999999999,0.2375,1.0
83666.55,472.6624999999767,-54650.5625,-84.82500000001164,-9626.174999999988,-23101.25,-510.3125,-9430.8125,-1254.4749999999985,-88791.04999999999,-0.3624999999999998,-0.19999999999999996,-0.42499999999999716,0.4375,-1.3499999999999996,0.38749999999998863,0.1625,0.11249999999999982,0.5750000000000002,-0.2124999999999999,-0.7625,0.0
83738.55,-104.33750000002328,-54926.5625,-271.82500000001164,-9337.174999999988,-23339.25,-108.3125,-9445.8125,-1532.4749999999985,-91067.04999999999,-0.3624999999999998,0.8,0.5750000000000028,-0.5625,-0.34999999999999964,1.3874999999999886,0.1625,-0.8875000000000002,-0.4249999999999998,-0.2124999999999999,-0.7625,0.0
83456.55,257.6624999999767,-54998.5625,-246.82500000001164,-9139.174999999988,-23618.25,755.6875,-9357.8125,-1577.4749999999985,-91340.04999999999,1.6375000000000002,-0.19999999999999996,-0.42499999999999716,-0.5625,-0.34999999999999964,-0.6125000000000114,0.1625,0.11249999999999982,-0.4249999999999998,-0.2124999999999999,0.2375,-1.0
83388.55,465.6624999999767,-55157.5625,-235.82500000001164,-8649.174999999988,-24031.25,-810.3125,-9581.8125,-1712.4749999999985,-91452.04999999999,0.6375000000000002,-0.19999999999999996,-0.42499999999999716,1.4375,0.6500000000000004,-1.6125000000000114,0.1625,0.11249999999999982,-0.4249999999999998,-0.2124999999999999,0.2375,-1.0
83711.55,247.66249999997672,-55323.5625,-436.82500000001164,-8439.174999999988,-23742.25,-184.3125,-9318.8125,-1927.4749999999985,-91453.04999999999,-0.3624999999999998,-0.19999999999999996,0.5750000000000028,0.4375,-0.34999999999999964,-1.6125000000000114,0.1625,0.11249999999999982,0.5750000000000002,-0.2124999999999999,0.2375,1.0
83629.55,-193.33750000002328,-55235.5625,-497.82500000001164,-8627.174999999988,-23683.25,599.6875,-9219.8125,-1581.4749999999985,-91381.04999999999,-0.3624999999999998,-1.2,-0.42499999999999716,-0.5625,0.6500000000000004,-1.6125000000000114,0.1625,-0.8875000000000002,0.5750000000000002,-0.2124999999999999,0.2375,1.0
83512.55,242.66249999997672,-54942.5625,-291.82500000001164,-8458.174999999988,-23810.25,-562.3125,-9284.8125,-1309.4749999999985,-91534.04999999999,-0.3624999999999998,-0.19999999999999996,0.5750000000000028,-0.5625,-0.34999999999999964,-0.6125000000000114,0.1625,0.11249999999999982,1.5750000000000002,-0.2124999999999999,0.2375,2.0
83457.55,478.6624999999767,-54853.5625,-419.82500000001164,-8444.174999999988,-23863.25,-655.3125,-9235.8125,-1356.4749999999985,-91457.04999999999,-0.3624999999999998,-0.19999999999999996,-0.42499999999999716,0.4375,-1.3499999999999996,-0.6125000000000114,0.1625,0.11249999999999982,0.5750000000000002,-0.2124999999999999,-0.7625,2.0
84115.55,-26.337500000023283,-54882.5625,-406.82500000001164,-8757.174999999988,-23796.25,-120.3125,-8947.8125,-1402.4749999999985,-91282.04999999999,0.6375000000000002,-0.19999999999999996,-1.4249999999999972,0.4375,0.6500000000000004,1.3874999999999886,0.1625,1.1124999999999998,-0.4249999999999998,-0.2124999999999999,0.2375,1.0
83824.55,181.66249999997672,-54871.5625,-366.82500000001164,-8606.174999999988,-23561.25,1321.6875,-8988.8125,-1121.4749999999985,-91425.04999999999,-1.3624999999999998,-0.19999999999999996,0.5750000000000028,1.4375,-1.3499999999999996,1.3874999999999886,-0.8375,0.11249999999999982,-0.4249999999999998,0.7875000000000001,-0.7625,1.0
83669.55,322.6624999999767,-54854.5625,-415.82500000001164,-8384.174999999988,-23242.25,1712.6875,-9131.8125,-955.4749999999985,-91408.04999999999,-0.3624999999999998,-0.19999999999999996,0.5750000000000028,1.4375,-0.34999999999999964,0.38749999999998863,0.1625,0.11249999999999982,-0.4249999999999998,0.7875000000000001,-0.7625,0.0
83732.55,-240.33750000002328,-54948.5625,-492.82500000001164,-8537.174999999988,-23248.25,482.6875,-9241.8125,-963.4749999999985,-91164.04999999999,0.6375000000000002,-0.19999999999999996,0.5750000000000028,1.4375,-0.34999999999999964,-0.6125000000000114,0.1625,0.11249999999999982,-0.4249999999999998,-0.2124999999999999,0.2375,0.0
83733.55,-256.3375000000233,-55024.5625,-418.82500000001164,-8534.174999999988,-23385.25,448.6875,-9283.8125,-807.4749999999985,-90897.04999999999,0.6375000000000002,-0.19999999999999996,-0.42499999999999716,0.4375,-0.34999999999999964,-0.6125000000000114,0.1625,0.11249999999999982,0.5750000000000002,0.7875000000000001,0.2375,0.0
83712.55,-250.33750000002328,-54941.5625,-264.82500000001164,-8456.174999999988,-23408.25,-79.3125,-9159.8125,-762.4749999999985,-90865.04999999999,-0.3624999999999998,-0.19999999999999996,0.5750000000000028,1.4375,-0.34999999999999964,-0.6125000000000114,-0.8375,0.11249999999999982,0.5750000000000002,-0.2124999999999999,0.2375,0.0
83727.55,247.66249999997672,-54878.5625,-674.8250000000116,-8268.174999999988,-23320.25,1353.6875,-9123.8125,-479.47499999999854,-90511.04999999999,0.6375000000000002,-0.19999999999999996,-1.4249999999999972,1.4375,0.6500000000000004,0.38749999999998863,-0.8375,0.11249999999999982,-0.4249999999999998,-0.2124999999999999,0.2375,0.0
83597.55,318.6624999999767,-54945.5625,-388.82500000001164,-8222.174999999988,-23375.25,1119.6875,-9262.8125,-417.47499999999854,-90700.04999999999,0.6375000000000002,-0.19999999999999996,-0.42499999999999716,0.4375,-0.34999999999999964,1.3874999999999886,0.1625,-0.8875000000000002,-0.4249999999999998,-0.2124999999999999,0.2375,0.0
83674.55,378.6624999999767,-55031.5625,-272.82500000001164,-8395.174999999988,-23362.25,76.6875,-9335.8125,-702.4749999999985,-90816.04999999999,-0.3624999999999998,-0.19999999999999996,0.5750000000000028,0.4375,-0.34999999999999964,1.3874999999999886,-0.8375,0.11249999999999982,-0.4249999999999998,-0.2124999999999999,0.2375,0.0
83677.55,-13.337500000023283,-54893.5625,-319.82500000001164,-8558.174999999988,-23421.25,-179.3125,-9179.8125,-691.4749999999985,-90891.04999999999,-0.3624999999999998,-0.19999999999999996,0.5750000000000028,-0.5625,-0.34999999999999964,0.38749999999998863,0.1625,0.11249999999999982,-0.4249999999999998,-0.2124999999999999,0.2375,2.0
83765.55,89.66249999997672,-54908.5625,-427.82500000001164,-8551.174999999988,-23553.25,218.6875,-9190.8125,-621.4749999999985,-90941.04999999999,-0.3624999999999998,0.8,0.5750000000000028,0.4375,-0.34999999999999964,0.38749999999998863,0.1625,-0.8875000000000002,-0.4249999999999998,-0.2124999999999999,0.2375,1.0
83717.55,368.6624999999767,-55125.5625,-386.82500000001164,-8653.174999999988,-23539.25,80.6875,-9226.8125,-604.4749999999985,-91229.04999999999,0.6375000000000002,-0.19999999999999996,-1.4249999999999972,0.4375,-0.34999999999999964,-0.6125000000000114,0.1625,0.11249999999999982,-0.4249999999999998,-0.2124999999999999,0.2375,1.0
83606.55,166.66249999997672,-55098.5625,-404.82500000001164,-8304.174999999988,-23632.25,650.6875,-9232.8125,-670.4749999999985,-90800.04999999999,-0.3624999999999998,-0.19999999999999996,-0.42499999999999716,1.4375,-0.34999999999999964,0.38749999999998863,0.1625,0.11249999999999982,0.5750000000000002,-1.2125,0.2375,1.0
83629.55,195.66249999997672,-54969.5625,-341.82500000001164,-8351.174999999988,-23664.25,204.6875,-9160.8125,-608.4749999999985,-90746.04999999999,-0.3624999999999998,-0.19999999999999996,0.5750000000000028,0.4375,-0.34999999999999964,-0.6125000000000114,0.1625,0.11249999999999982,-0.4249999999999998,-1.2125,0.2375,-1.0
83591.55,360.6624999999767,-54915.5625,-211.82500000001164,-8466.174999999988,-23616.25,-137.3125,-9192.8125,-585.4749999999985,-90888.04999999999,0.6375000000000002,-0.19999999999999996,-0.42499999999999716,0.4375,0.6500000000000004,-1.6125000000000114,0.1625,0.11249999999999982,-0.4249999999999998,0.7875000000000001,0.2375,0.0
83494.55,30.662499999976717,-54701.5625,-190.82500000001164,-8187.174999999988,-23941.25,-663.3125,-9303.8125,-698.4749999999985,-91000.04999999999,-0.3624999999999998,-0.19999999999999996,0.5750000000000028,0.4375,-0.34999999999999964,0.38749999999998863,0.1625,0.11249999999999982,0.5750000000000002,-0.2124999999999999,0.2375,0.0
83498.55,154.66249999997672,-54829.5625,-290.82500000001164,-8309.174999999988,-23756.25,-778.3125,-9517.8125,-566.4749999999985,-90925.04999999999,-0.3624999999999998,-0.19999999999999996,-0.42499999999999716,0.4375,-0.34999999999999964,0.38749999999998863,0.1625,0.11249999999999982,0.5750000000000002,-0.2124999999999999,0.2375,0.0
83620.55,74.66249999997672,-55003.5625,-191.82500000001164,-8508.174999999988,-23603.25,-70.3125,-9267.8125,-371.47499999999854,-90838.04999999999,-0.3624999999999998,0.8,-1.4249999999999972,0.4375,-0.34999999999999964,-0.6125000000000114,0.1625,0.11249999999999982,-0.4249999999999998,-0.2124999999999999,0.2375,1.0
83542.55,372.6624999999767,-54963.5625,-205.82500000001164,-8542.174999999988,-23728.25,-511.3125,-8995.8125,-360.47499999999854,-90968.04999999999,-0.3624999999999998,-0.19999999999999996,-0.42499999999999716,-0.5625,-0.34999999999999964,0.38749999999998863,0.1625,0.11249999999999982,0.5750000000000002,-1.2125,0.2375,0.0
83545.55,452.6624999999767,-54951.5625,-217.82500000001164,-8710.174999999988,-23813.25,-35.3125,-9050.8125,-374.47499999999854,-91120.04999999999,0.6375000000000002,-1.2,0.5750000000000028,-0.5625,-0.34999999999999964,-0.6125000000000114,-0.8375,0.11249999999999982,-0.4249999999999998,-0.2124999999999999,0.2375,1.0
83409.55,187.66249999997672,-54846.5625,-248.82500000001164,-8526.174999999988,-24006.25,-590.3125,-9327.8125,-305.47499999999854,-90946.04999999999,-0.3624999999999998,0.8,0.5750000000000028,0.4375,-0.34999999999999964,-0.6125000000000114,0.1625,0.11249999999999982,-0.4249999999999998,-0.2124999999999999,0.2375,0.0
83134.55,161.66249999997672,-55155.5625,48.17499999998836,-8452.174999999988,-24146.25,738.6875,-9416.8125,-330.47499999999854,-90799.04999999999,0.6375000000000002,-0.19999999999999996,0.5750000000000028,-0.5625,-0.34999999999999964,-0.6125000000000114,0.1625,0.11249999999999982,0.5750000000000002,0.7875000000000001,0.2375,0.0
83616.55,158.66249999997672,-55090.5625,-28.82500000001164,-8393.174999999988,-23732.25,885.6875,-9358.8125,-323.47499999999854,-90948.04999999999,0.6375000000000002,-0.19999999999999996,0.5750000000000028,0.4375,0.6500000000000004,-0.6125000000000114,0.1625,0.11249999999999982,0.5750000000000002,-0.2124999999999999,0.2375,-1.0
83519.55,249.66249999997672,-55032.5625,-168.82500000001164,-8541.174999999988,-23739.25,-37.3125,-9399.8125,-427.47499999999854,-91270.04999999999,0.6375000000000002,-0.19999999999999996,-0.42499999999999716,0.4375,-0.34999999999999964,-0.6125000000000114,0.1625,0.11249999999999982,0.5750000000000002,-0.2124999999999999,0.2375,-1.0
83451.55,353.6624999999767,-54831.5625,-54.82500000001164,-8419.174999999988,-23589.25,-1157.3125,-9339.8125,-319.47499999999854,-91305.04999999999,0.6375000000000002,-0.19999999999999996,0.5750000000000028,0.4375,-0.34999999999999964,0.38749999999998863,0.1625,-0.8875000000000002,0.5750000000000002,0.7875000000000001,0.2375,-1.0
83632.55,141.66249999997672,-54847.5625,134.17499999998836,-8452.174999999988,-23531.25,-407.3125,-9400.8125,-641.4749999999985,-90527.04999999999,0.6375000000000002,-0.19999999999999996,1.5750000000000028,0.4375,-0.34999999999999964,0.38749999999998863,0.1625,0.11249999999999982,0.5750000000000002,0.7875000000000001,0.2375,1.0
83648.55,61.66249999997672,-54827.5625,-108.82500000001164,-8855.174999999988,-23498.25,-609.3125,-9371.8125,-477.47499999999854,-90634.04999999999,0.6375000000000002,0.8,-1.4249999999999972,0.4375,0.6500000000000004,-0.6125000000000114,0.1625,0.11249999999999982,-0.4249999999999998,-0.2124999999999999,0.2375,-1.0
83559.55,88.66249999997672,-54817.5625,-106.82500000001164,-8640.174999999988,-23558.25,-713.3125,-9470.8125,-419.47499999999854,-90498.04999999999,0.6375000000000002,-0.19999999999999996,-0.42499999999999716,1.4375,-0.34999999999999964,-0.6125000000000114,-0.8375,0.11249999999999982,1.5750000000000002,0.7875000000000001,0.2375,1.0
83650.55,-152.33750000002328,-54866.5625,39.17499999998836,-8550.174999999988,-23309.25,-205.3125,-9400.8125,-426.47499999999854,-90590.04999999999,0.6375000000000002,-0.19999999999999996,-0.42499999999999716,0.4375,0.6500000000000004,-0.6125000000000114,0.1625,-0.8875000000000002,0.5750000000000002,0.7875000000000001,0.2375,1.0
83702.55,-38.33750000002328,-54854.5625,-20.82500000001164,-8580.174999999988,-23296.25,-192.3125,-9321.8125,-473.47499999999854,-90924.04999999999,1.6375000000000002,-1.2,-0.42499999999999716,1.4375,0.6500000000000004,0.38749999999998863,-0.8375,0.11249999999999982,0.5750000000000002,-0.2124999999999999,0.2375,0.0
83304.55,113.66249999997672,-54829.5625,193.17499999998836,-9012.174999999988,-23296.25,-449.3125,-8941.8125,-691.4749999999985,-90704.04999999999,0.6375000000000002,-0.19999999999999996,-0.42499999999999716,0.4375,-1.3499999999999996,1.3874999999999886,-0.8375,0.11249999999999982,-0.4249999999999998,0.7875000000000001,1.2375,1.0
83521.55,-491.3375000000233,-55063.5625,-39.82500000001164,-9241.174999999988,-23161.25,-564.3125,-8982.8125,-829.4749999999985,-91201.04999999999,0.6375000000000002,0.8,-0.42499999999999716,-0.5625,-0.34999999999999964,0.38749999999998863,0.1625,0.11249999999999982,0.5750000000000002,-0.2124999999999999,0.2375,0.0
83485.55,-394.3375000000233,-54951.5625,-142.82500000001164,-9263.174999999988,-23231.25,-680.3125,-8923.8125,-689.4749999999985,-91753.04999999999,-0.3624999999999998,0.8,1.5750000000000028,0.4375,-0.34999999999999964,1.3874999999999886,0.1625,0.11249999999999982,0.5750000000000002,-0.2124999999999999,1.2375,4.0
83576.55,-288.3375000000233,-54948.5625,59.17499999998836,-9293.174999999988,-23495.25,-771.3125,-9122.8125,-688.4749999999985,-91795.04999999999,0.6375000000000002,-0.19999999999999996,-0.42499999999999716,1.4375,0.6500000000000004,-0.6125000000000114,0.1625,-0.8875000000000002,-0.4249999999999998,0.7875000000000001,0.2375,1.0
83842.55,-371.3375000000233,-55052.5625,46.17499999998836,-9390.174999999988,-23596.25,-679.3125,-9191.8125,-707.4749999999985,-92066.04999999999,-0.3624999999999998,0.8,0.5750000000000028,0.4375,-0.34999999999999964,0.38749999999998863,0.1625,-0.8875000000000002,-0.4249999999999998,-1.2125,-0.7625,-1.0
83762.55,-119.33750000002328,-54917.5625,-136.82500000001164,-10092.174999999988,-23839.25,156.6875,-9270.8125,-831.4749999999985,-91845.04999999999,0.6375000000000002,-0.19999999999999996,-0.42499999999999716,0.4375,-0.34999999999999964,0.38749999999998863,0.1625,0.11249999999999982,0.5750000000000002,-0.2124999999999999,-0.7625,-1.0
83430.55,-201.33750000002328,-54861.5625,-113.82500000001164,-10448.174999999988,-23881.25,354.6875,-9232.8125,-681.4749999999985,-91544.04999999999,0.6375000000000002,-0.19999999999999996,0.5750000000000028,0.4375,-1.3499999999999996,-0.6125000000000114,-0.8375,0.11249999999999982,-0.4249999999999998,-0.2124999999999999,1.2375,0.0
83474.55,-71.33750000002328,-54791.5625,-151.82500000001164,-10828.174999999988,-23803.25,176.6875,-9341.8125,-696.4749999999985,-91236.04999999999,-0.3624999999999998,-0.19999999999999996,0.5750000000000028,0.4375,1.6500000000000004,1.3874999999999886,-0.8375,0.11249999999999982,0.5750000000000002,0.7875000000000001,0.2375,0.0
83286.55,-204.33750000002328,-55114.5625,-160.82500000001164,-11049.174999999988,-23822.25,-481.3125,-9603.8125,-864.4749999999985,-91784.04999999999,0.6375000000000002,-0.19999999999999996,0.5750000000000028,1.4375,-0.34999999999999964,0.38749999999998863,0.1625,0.11249999999999982,0.5750000000000002,0.7875000000000001,-0.7625,2.0
82916.55,-124.33750000002328,-55109.5625,-361.82500000001164,-11588.174999999988,-24016.25,-633.3125,-9645.8125,-649.4749999999985,-90633.04999999999,-0.3624999999999998,-1.2,-0.42499999999999716,1.4375,-1.3499999999999996,0.38749999999998863,0.1625,0.11249999999999982,-0.4249999999999998,0.7875000000000001,-0.7625,0.0
82965.55,155.66249999997672,-55227.5625,-322.82500000001164,-11697.174999999988,-23890.25,258.6875,-9300.8125,-790.4749999999985,-90510.04999999999,-0.3624999999999998,0.8,0.5750000000000028,0.4375,-3.3499999999999996,0.38749999999998863,-0.8375,0.11249999999999982,-0.4249999999999998,-0.2124999999999999,-0.7625,-2.0
82924.55,-92.33750000002328,-55172.5625,-162.82500000001164,-12046.174999999988,-24213.25,-198.3125,-9469.8125,-707.4749999999985,-90685.04999999999,0.6375000000000002,-0.19999999999999996,1.5750000000000028,1.4375,-1.3499999999999996,0.38749999999998863,0.1625,-0.8875000000000002,0.5750000000000002,-0.2124999999999999,-0.7625,0.0
82844.55,-254.33750000002328,-55277.5625,-30.82500000001164,-12051.174999999988,-24216.25,293.6875,-9577.8125,-719.4749999999985,-91022.04999999999,-0.3624999999999998,-0.19999999999999996,0.5750000000000028,0.4375,0.6500000000000004,-0.6125000000000114,-0.8375,0.11249999999999982,0.5750000000000002,-0.2124999999999999,-1.7625,0.0
82832.55,-235.33750000002328,-55290.5625,-203.82500000001164,-11985.174999999988,-24103.25,545.6875,-9729.8125,-688.4749999999985,-91050.04999999999,-0.3624999999999998,-0.19999999999999996,0.5750000000000028,1.4375,-0.34999999999999964,1.3874999999999886,0.1625,0.11249999999999982,-0.4249999999999998,-0.2124999999999999,-0.7625,0.0
82687.55,-350.3375000000233,-55264.5625,-256.82500000001164,-12232.174999999988,-24229.25,471.6875,-9682.8125,-695.4749999999985,-90860.04999999999,-0.3624999999999998,-0.19999999999999996,-1.4249999999999972,1.4375,0.6500000000000004,0.38749999999998863,-0.8375,0.11249999999999982,0.5750000000000002,-0.2124999999999999,-0.7625,1.0
82698.55,-234.33750000002328,-55323.5625,-207.82500000001164,-12661.174999999988,-24314.25,-185.3125,-9663.8125,-766.4749999999985,-90768.04999999999,0.6375000000000002,-0.19999999999999996,-1.4249999999999972,-0.5625,0.6500000000000004,0.38749999999998863,0.1625,-0.8875000000000002,-0.4249999999999998,-0.2124999999999999,0.2375,0.0
82637.55,-229.33750000002328,-55355.5625,-52.82500000001164,-12825.174999999988,-24244.25,-482.3125,-9497.8125,-943.4749999999985,-90482.04999999999,-0.3624999999999998,-0.19999999999999996,0.5750000000000028,0.4375,-1.3499999999999996,1.3874999999999886,0.1625,-0.8875000000000002,0.5750000000000002,-0.2124999999999999,0.2375,2.0
82478.55,-50.33750000002328,-55410.5625,269.17499999998836,-12936.174999999988,-23741.25,-604.3125,-9554.8125,-802.4749999999985,-90563.04999999999,-0.3624999999999998,-0.19999999999999996,-0.42499999999999716,-0.5625,0.6500000000000004,0.38749999999998863,0.1625,-0.8875000000000002,-0.4249999999999998,-0.2124999999999999,0.2375,1.0
82598.55,15.662499999976717,-55209.5625,71.17499999998836,-13095.174999999988,-23572.25,759.6875,-9715.8125,-749.4749999999985,-90300.04999999999,-0.3624999999999998,-0.19999999999999996,0.5750000000000028,0.4375,-0.34999999999999964,0.38749999999998863,-0.8375,0.11249999999999982,0.5750000000000002,-0.2124999999999999,0.2375,1.0
82679.55,-247.33750000002328,-55189.5625,68.17499999998836,-13107.174999999988,-23356.25,117.6875,-9664.8125,-675.4749999999985,-89767.04999999999,0.6375000000000002,-0.19999999999999996,0.5750000000000028,0.4375,-0.34999999999999964,-0.6125000000000114,0.1625,0.11249999999999982,-0.4249999999999998,-0.2124999999999999,0.2375,0.0
82659.55,191.66249999997672,-55113.5625,69.17499999998836,-13448.174999999988,-23130.25,-839.3125,-9539.8125,-662.4749999999985,-89211.04999999999,-0.3624999999999998,0.8,0.5750000000000028,0.4375,0.6500000000000004,-0.6125000000000114,-0.8375,0.11249999999999982,0.5750000000000002,0.7875000000000001,1.2375,-1.0
82662.55,-136.33750000002328,-54815.5625,68.17499999998836,-13690.174999999988,-22997.25,-497.3125,-9570.8125,-640.4749999999985,-88712.04999999999,-0.3624999999999998,0.8,-0.42499999999999716,0.4375,0.6500000000000004,-0.6125000000000114,-0.8375,0.11249999999999982,-0.4249999999999998,-0.2124999999999999,1.2375,0.0
82614.55,-456.3375000000233,-54909.5625,308.17499999998836,-13811.174999999988,-22788.25,-73.3125,-9389.8125,-536.4749999999985,-88352.04999999999,-0.3624999999999998,-0.19999999999999996,-1.4249999999999972,1.4375,0.6500000000000004,1.3874999999999886,-0.8375,0.11249999999999982,0.5750000000000002,-0.2124999999999999,0.2375,0.0
82851.55,-319.3375000000233,-54709.5625,117.17499999998836,-14250.174999999988,-22617.25,35.6875,-9386.8125,-558.4749999999985,-88119.04999999999,0.6375000000000002,0.8,0.5750000000000028,1.4375,-0.34999999999999964,0.38749999999998863,0.1625,0.11249999999999982,0.5750000000000002,-0.2124999999999999,0.2375,-1.0
82737.55,-269.3375000000233,-54539.5625,325.17499999998836,-14028.174999999988,-22701.25,319.6875,-9408.8125,-590.4749999999985,-87802.04999999999,-0.3624999999999998,0.8,0.5750000000000028,0.4375,0.6500000000000004,0.38749999999998863,0.1625,0.11249999999999982,-0.4249999999999998,-0.2124999999999999,0.2375,0.0
82599.55,-165.33750000002328,-54596.5625,121.17499999998836,-13986.174999999988,-22232.25,375.6875,-9471.8125,-439.47499999999854,-87202.04999999999,0.6375000000000002,0.8,1.5750000000000028,0.4375,-0.34999999999999964,-0.6125000000000114,0.1625,0.11249999999999982,0.5750000000000002,-0.2124999999999999,0.2375,-1.0
82782.55,-339.3375000000233,-54708.5625,8.174999999988358,-14061.174999999988,-22045.25,198.6875,-9427.8125,-528.4749999999985,-86699.04999999999,0.6375000000000002,-0.19999999999999996,0.5750000000000028,0.4375,-0.34999999999999964,0.38749999999998863,0.1625,0.11249999999999982,0.5750000000000002,-0.2124999999999999,0.2375,0.0
83075.55,-352.3375000000233,-54832.5625,-132.82500000001164,-14109.174999999988,-21867.25,51.6875,-9505.8125,-517.4749999999985,-85830.04999999999,0.6375000000000002,0.8,-0.42499999999999716,0.4375,-0.34999999999999964,0.38749999999998863,0.1625,-0.8875000000000002,-0.4249999999999998,-0.2124999999999999,0.2375,-1.0
82961.55,-181.33750000002328,-55056.5625,-22.82500000001164,-13965.174999999988,-21642.25,-196.3125,-9571.8125,-448.47499999999854,-85662.04999999999,-0.3624999999999998,-0.19999999999999996,-0.42499999999999716,0.4375,-0.34999999999999964,-0.6125000000000114,0.1625,0.11249999999999982,0.5750000000000002,0.7875000000000001,0.2375,0.0
83021.55,27.662499999976717,-55012.5625,-66.82500000001164,-13833.174999999988,-21483.25,-311.3125,-9581.8125,-545.4749999999985,-85500.04999999999,0.6375000000000002,0.8,-0.42499999999999716,1.4375,-1.3499999999999996,-0.6125000000000114,0.1625,0.11249999999999982,0.5750000000000002,-0.2124999999999999,0.2375,1.0
83182.55,-151.33750000002328,-55016.5625,-42.82500000001164,-13970.174999999988,-21496.25,517.6875,-9870.8125,-586.4749999999985,-85123.04999999999,1.6375000000000002,-1.2,-0.42499999999999716,0.4375,-0.34999999999999964,0.38749999999998863,0.1625,0.11249999999999982,0.5750000000000002,-0.2124999999999999,-0.7625,0.0
83145.55,542.6624999999767,-55241.5625,213.17499999998836,-14154.174999999988,-21917.25,-70.3125,-9758.8125,-422.47499999999854,-85249.04999999999,-0.3624999999999998,-1.2,-0.42499999999999716,0.4375,-0.34999999999999964,0.38749999999998863,0.1625,1.1124999999999998,-0.4249999999999998,-0.2124999999999999,-1.7625,-2.0
83196.55,177.66249999997672,-55346.5625,286.17499999998836,-14435.174999999988,-21678.25,737.6875,-9838.8125,-676.4749999999985,-85328.04999999999,-0.3624999999999998,-0.19999999999999996,0.5750000000000028,0.4375,-0.34999999999999964,0.38749999999998863,0.1625,0.11249999999999982,0.5750000000000002,-1.2125,0.2375,0.0
83232.55,-14.337500000023283,-55182.5625,157.17499999998836,-14520.174999999988,-21763.25,437.6875,-9780.8125,-921.4749999999985,-85134.04999999999,-0.3624999999999998,-0.19999999999999996,-0.42499999999999716,0.4375,-0.34999999999999964,0.38749999999998863,0.1625,0.11249999999999982,-0.4249999999999998,-0.2124999999999999,0.2375,-1.0
83242.55,184.66249999997672,-55319.5625,-60.82500000001164,-14420.174999999988,-21793.25,206.6875,-9790.8125,-858.4749999999985,-84684.04999999999,-0.3624999999999998,-0.19999999999999996,-0.42499999999999716,0.4375,-1.3499999999999996,-0.6125000000000114,0.1625,0.11249999999999982,-0.4249999999999998,-0.2124999999999999,0.2375,0.0
83156.55,283.6624999999767,-55319.5625,70.17499999998836,-14563.174999999988,-21640.25,25.6875,-9831.8125,-776.4749999999985,-84200.04999999999,-0.3624999999999998,-0.19999999999999996,-0.42499999999999716,0.4375,-0.34999999999999964,-0.6125000000000114,0.1625,0.11249999999999982,-0.4249999999999998,-0.2124999999999999,0.2375,0.0
83142.55,265.6624999999767,-55274.5625,109.17499999998836,-14700.174999999988,-21534.25,488.6875,-9669.8125,-804.4749999999985,-84327.04999999999,-0.3624999999999998,-0.19999999999999996,-0.42499999999999716,0.4375,0.6500000000000004,-0.6125000000000114,0.1625,0.11249999999999982,-0.4249999999999998,-0.2124999999999999,0.2375,1.0
83159.55,98.66249999997672,-55193.5625,-70.82500000001164,-14904.174999999988,-21193.25,-110.3125,-10016.8125,-854.4749999999985,-84276.04999999999,0.6375000000000002,-1.2,2.575000000000003,3.4375,-0.34999999999999964,7.387499999999989,-0.8375,0.11249999999999982,0.5750000000000002,4.7875,0.2375,2.0
83059.55,29.662499999976717,-55159.5625,112.17499999998836,-14985.174999999988,-21036.25,-256.3125,-9929.8125,-834.4749999999985,-83980.04999999999,8.6375,1.8,2.575000000000003,11.4375,0.6500000000000004,-9.612500000000011,0.1625,0.11249999999999982,-0.4249999999999998,1.7875,-3.7625,-3.0
82166.55,1159.6624999999767,-54763.5625,1087.1749999999884,-14315.174999999988,-20790.25,1154.6875,-9935.8125,-97.47499999999854,-80687.04999999999,-1.3624999999999998,-4.2,-12.424999999999997,-10.5625,-1.3499999999999996,5.387499999999989,-0.8375,-0.8875000000000002,-0.4249999999999998,8.7875,6.2375,-10.0
84501.55,-2739.3375000000233,-55101.5625,-1330.8250000000116,-13419.174999999988,-18506.25,-2518.3125,-9267.8125,-326.47499999999854,-84394.04999999999,4.6375,-8.2,0.5750000000000028,13.4375,9.65,-5.612500000000011,0.1625,0.11249999999999982,-0.4249999999999998,-3.2125,3.2375,-2.0
86595.55,-650.3375000000233,-52062.5625,-1927.8250000000116,-5553.174999999988,-19831.25,-1862.3125,-7832.8125,-324.47499999999854,-83031.04999999999,1.6375000000000002,3.8,5.575000000000003,3.4375,4.65,2.3874999999999886,-0.8375,0.11249999999999982,0.5750000000000002,-4.2125,3.2375,1.0
81854.55,1193.6624999999767,-51443.5625,1415.1749999999884,-3902.1749999999884,-21592.25,1462.6875,-9343.8125,1254.5250000000015,-79380.04999999999,1.6375000000000002,-2.2,-7.424999999999997,0.4375,-3.3499999999999996,-4.612500000000011,0.1625,0.11249999999999982,0.5750000000000002,-0.2124999999999999,-1.7625,-6.0
82836.55,1384.6624999999767,-51191.5625,1381.1749999999884,-5168.174999999988,-21690.25,1198.6875,-8944.8125,313.52500000000146,-79201.04999999999,-5.3625,-3.2,-0.42499999999999716,-0.5625,-4.35,3.3874999999999886,-0.8375,0.11249999999999982,-0.4249999999999998,-0.2124999999999999,-4.7625,-1.0
86248.55,-1079.3375000000233,-52580.5625,-1083.8250000000116,-8020.174999999988,-19829.25,-1055.3125,-9890.8125,-1789.4749999999985,-81199.04999999999,-5.3625,-6.2,-4.424999999999997,3.4375,-5.35,-5.612500000000011,-0.8375,0.11249999999999982,-0.4249999999999998,0.7875000000000001,2.2375,-1.0
84949.55,-1049.3375000000233,-53067.5625,175.17499999998836,-7112.174999999988,-20733.25,-683.3125,-10334.8125,-748.4749999999985,-79026.04999999999,0.6375000000000002,2.8,2.575000000000003,4.4375,-0.34999999999999964,8.387499999999989,0.1625,0.11249999999999982,0.5750000000000002,-2.2125,-0.7625,2.0
85227.55,-377.3375000000233,-52607.5625,-398.82500000001164,-8668.174999999988,-20924.25,-253.3125,-10351.8125,-513.4749999999985,-79383.04999999999,0.6375000000000002,-3.2,-2.424999999999997,-0.5625,-1.3499999999999996,2.3874999999999886,0.1625,-0.8875000000000002,0.5750000000000002,-0.2124999999999999,0.2375,-4.0
82556.55,943.6624999999767,-51897.5625,1142.1749999999884,-7603.174999999988,-22205.25,-78.3125,-10169.8125,489.52500000000146,-77309.04999999999,-4.3625,-1.2,4.575000000000003,0.4375,-1.3499999999999996,2.3874999999999886,0.1625,0.11249999999999982,0.5750000000000002,-1.2125,-1.7625,1.0
84163.55,37.66249999997672,-51871.5625,-164.82500000001164,-9613.174999999988,-20336.25,3016.6875,-10161.8125,-923.4749999999985,-78776.04999999999,-3.3625,13.8,-1.4249999999999972,43.4375,43.65,-195.6125,0.1625,0.11249999999999982,-0.4249999999999998,2.7875,3.2375,-5.0
83861.55,-839.3375000000233,-51691.5625,-13.825000000011642,-9218.174999999988,-10717.25,87114.6875,-9829.8125,-1043.4749999999985,-78112.04999999999,39.6375,9.8,-155.425,-12.5625,-63.35,-64.61250000000001,-0.8375,0.11249999999999982,1.5750000000000002,-1.2125,18.2375,-8.0
102754.55,55342.66249999998,-50457.5625,-1086.8250000000116,-9657.174999999988,47477.75,221243.6875,-9271.8125,-1717.4749999999985,-78996.04999999999,7.6375,28.8,19.575000000000003,50.4375,-25.35,-54.61250000000001,-0.8375,0.11249999999999982,-1.4249999999999998,-0.2124999999999999,22.2375,-25.0
153277.55,270000.6625,-42670.5625,625.1749999999884,-7608.174999999988,388560.75,346189.6875,-10908.8125,1515.5250000000015,-73385.04999999999,-4.3625,-12.2,-11.424999999999997,15.4375,19.65,-80.61250000000001,0.1625,0.11249999999999982,0.5750000000000002,-0.2124999999999999,10.2375,-24.0
197664.55,382215.6625,-33037.5625,1016.1749999999884,-11223.174999999988,434368.75,479355.6875,-9539.8125,415.52500000000146,-72718.04999999999,-3.3625,35.8,-11.424999999999997,-72.5625,67.65,255.3875,0.1625,1.1124999999999998,1.5750000000000002,-1.2125,-27.7625,-15.0
236801.55,451251.6625,-33130.5625,-2232.8250000000116,-14076.174999999988,442315.75,624134.6875,-7908.8125,-3947.4749999999985,-77824.04999999999,-15.3625,20.8,19.575000000000003,-7.5625,-47.35,177.3875,-1.8375,0.11249999999999982,-0.4249999999999998,-16.2125,-11.7625,-34.0
263152.55,526256.6625,-35532.5625,-1733.8250000000116,-9173.174999999988,670160.75,1010139.6875,-5400.8125,-1934.4749999999985,-70709.04999999999,25.6375,-19.2,9.575000000000003,-58.5625,-14.35,32.38749999999999,-0.8375,1.1124999999999998,-0.4249999999999998,4.7875,-1.7625,2.0
255204.55,511893.6625,-37707.5625,4214.174999999988,-9213.174999999988,582304.75,1078440.6875,-3593.8125,4269.5250000000015,-60554.04999999999,2.6375,1.8,-12.424999999999997,15.4375,-11.35,-62.61250000000001,0.1625,0.11249999999999982,-1.4249999999999998,-0.2124999999999999,19.2375,-19.0
213936.55,392358.6625,-38306.5625,5306.174999999988,-6361.174999999988,213346.75,493978.6875,-2945.8125,5927.5250000000015,-61190.04999999999,-5.3625,7.8,3.575000000000003,8.4375,6.65,-42.61250000000001,0.1625,0.11249999999999982,1.5750000000000002,17.7875,3.2375,7.0
170897.55,282629.6625,-43388.5625,-2890.8250000000116,-7553.174999999988,81853.75,360921.6875,-279.8125,-6503.4749999999985,-73023.04999999999,27.6375,-10.2,-34.425,-1.5625,8.65,24.38749999999999,-0.8375,-0.8875000000000002,0.5750000000000002,-6.2125,-4.7625,-14.0
104147.55,217772.66249999998,-43379.5625,363.17499999998836,628.8250000000116,45540.75,397316.6875,-3273.8125,970.5250000000015,-74200.04999999999,-25.3625,-7.2,37.575,28.4375,-60.35,34.38749999999999,-0.8375,-0.8875000000000002,0.5750000000000002,8.7875,-5.7625,-5.0
88194.55,127917.66249999998,-46137.5625,1050.1749999999884,-739.1749999999884,20432.75,341766.6875,-4380.8125,802.5250000000015,-65790.04999999999,25.6375,20.8,-50.425,6.4375,4.65,-39.61250000000001,0.1625,-0.8875000000000002,-1.4249999999999998,9.7875,17.2375,-18.0
61268.55,-443.3375000000233,-51575.5625,-2440.8250000000116,-3447.1749999999884,-5084.25,182527.6875,-5388.8125,-1869.4749999999985,-69823.04999999999,-3.3625,-22.2,21.575000000000003,23.4375,9.65,14.387499999999989,0.1625,0.11249999999999982,1.5750000000000002,5.7875,-9.7625,12.0
55844.55,3067.6624999999767,-46765.5625,1548.1749999999884,3870.8250000000116,-60957.25,193420.6875,-6310.8125,3263.5250000000015,-64895.04999999999,-0.3624999999999998,7.8,0.5750000000000028,-3.5625,-0.34999999999999964,7.387499999999989,-0.8375,-0.8875000000000002,-1.4249999999999998,-2.2125,0.2375,-6.0
54252.55,2411.6624999999767,-47490.5625,2578.1749999999884,-6273.174999999988,-69504.25,153783.6875,-5357.8125,-1332.4749999999985,-64711.04999999999,-10.3625,-13.2,6.575000000000003,5.4375,-14.35,-6.612500000000011,0.1625,0.11249999999999982,-0.4249999999999998,5.7875,-1.7625,8.0
53893.55,-2009.3375000000233,-48013.5625,867.1749999999884,-1952.1749999999884,-55025.25,265098.6875,-5188.8125,-502.47499999999854,-66151.04999999999,-28.3625,-14.2,28.575000000000003,33.4375,15.65,6.387499999999989,0.1625,-0.8875000000000002,0.5750000000000002,2.7875,-0.7625,6.0
30735.550000000003,16067.662499999977,-46125.5625,1458.1749999999884,-1809.1749999999884,-60950.25,342640.6875,-5134.8125,651.5250000000015,-65385.04999999999,-43.3625,-10.2,72.575,-9.5625,1.6500000000000004,23.38749999999999,-0.8375,0.11249999999999982,-0.4249999999999998,-1.2125,-0.7625,-21.0
-21160.449999999997,128586.66249999998,-41774.5625,-399.82500000001164,-3765.1749999999884,-45310.25,348909.6875,-5864.8125,-2848.4749999999985,-68081.04999999999,21.6375,-2.2,-28.424999999999997,-29.5625,-28.35,30.38749999999999,0.1625,0.11249999999999982,1.5750000000000002,6.7875,11.2375,-16.0
-45151.45,283938.6625,-31725.5625,-1256.8250000000116,-6534.174999999988,-55464.25,395461.6875,-5018.8125,-2613.4749999999985,-72302.04999999999,8.6375,22.8,-58.425,-33.5625,0.6500000000000004,20.38749999999999,0.1625,-0.8875000000000002,2.575,-0.2124999999999999,8.2375,5.0
-76809.45,357454.6625,-29102.5625,-1150.8250000000116,1303.8250000000116,-59167.25,482165.6875,-10168.8125,2079.5250000000015,-67875.04999999999,98.6375,176.8,-199.425,126.4375,155.65,180.3875,-4.8375,-2.8875,-5.425,-54.2125,39.2375,-164.0
-65088.45,318910.6625,-30146.5625,-5990.825000000012,-9098.174999999988,-41691.25,541236.6875,-5439.8125,-1272.4749999999985,-64150.04999999999,8.6375,18.8,161.575,-334.5625,-334.35,302.3875,4.1625,9.1125,19.575,74.7875,139.2375,284.0
-16683.449999999997,213998.66249999998,-35042.5625,-7418.825000000012,-13251.174999999988,-35782.25,911066.6875,-6802.8125,-14038.474999999999,-27499.04999999999,16.6375,47.8,357.575,351.4375,-6.35,-127.61250000000001,0.1625,1.1124999999999998,19.575,-58.2125,96.2375,201.0
50959.55,93899.66249999998,-12462.5625,22876.17499999999,8831.825000000012,61469.75,668660.6875,-8313.8125,11185.525000000001,27739.95000000001,-1.3624999999999998,-28.2,-4.424999999999997,-81.5625,8.65,-156.6125,1.1625,-6.8875,8.575,67.7875,-0.7625,157.0
39384.55,17374.662499999977,-54265.5625,4635.174999999988,-22422.17499999999,94062.75,290884.6875,-20951.8125,-4822.4749999999985,13934.950000000012,27.6375,-139.2,-124.425,-72.5625,41.65,-312.6125,-1.8375,-1.8875000000000002,-11.425,43.7875,-20.7625,88.0
47796.55,-5907.337500000023,-92685.5625,-11673.825000000012,16090.825000000012,-14599.25,76035.6875,-5691.8125,-15428.474999999999,20784.95000000001,-38.3625,-5.2,122.575,-515.5625,82.65,-28.61250000000001,3.1625,0.11249999999999982,-2.425,-64.2125,-94.7625,102.0
114404.55,141659.66249999998,-59402.5625,-14584.825000000012,6254.825000000012,138075.75,196344.6875,36067.1875,-11842.474999999999,27865.95000000001,86.6375,73.8,-207.425,417.4375,39.65,35.38749999999999,-6.8375,-3.8875,-2.425,-54.2125,-82.7625,53.0
231263.55,336550.6625,-9658.5625,3642.1749999999884,-41901.17499999999,602653.75,336774.6875,-20533.8125,11772.525000000001,42199.95000000001,-18.3625,14.8,-90.425,-103.5625,-63.35,76.38749999999999,1.1625,1.1124999999999998,-0.4249999999999998,33.7875,-48.7625,45.0
315087.55,375167.6625,-47433.5625,-887.8250000000116,-7224.174999999988,987020.75,507053.6875,-62556.8125,11770.525000000001,39604.95000000001,6.6375,11.8,-21.424999999999997,-27.5625,-46.35,-5.612500000000011,-0.8375,-2.8875,-0.4249999999999998,-19.2125,-24.7625,15.0
163335.55,394925.6625,-104757.5625,-8660.825000000012,27520.82500000001,276688.75,508832.6875,-129293.8125,-9882.474999999999,23764.95000000001,-13.3625,22.8,52.575,4.4375,-31.35,-32.61250000000001,1.1625,2.1125,1.5750000000000002,31.7875,-7.7625,80.0
139291.55,401616.6625,-126693.5625,-6069.825000000012,-3893.1749999999884,187661.75,488550.6875,-121784.8125,-4311.4749999999985,26695.95000000001,21.6375,-10.2,9.575000000000003,-0.5625,0.6500000000000004,30.38749999999999,-0.8375,-1.8875000000000002,3.575,-53.2125,-36.7625,47.0
63118.55,339455.6625,-106239.5625,5460.174999999988,16299.825000000012,157212.75,484827.6875,-92573.8125,5630.5250000000015,38879.95000000001,-15.3625,6.8,10.575000000000003,33.4375,-1.3499999999999996,-29.61250000000001,0.1625,1.1124999999999998,-2.425,35.7875,2.2375,59.0
84756.55,317560.6625,-63576.5625,-2935.8250000000116,2131.8250000000116,199842.75,423313.6875,42761.1875,-6938.4749999999985,31084.95000000001,-8.3625,-9.2,3.575000000000003,18.4375,13.65,-34.61250000000001,0.1625,0.11249999999999982,-0.4249999999999998,-5.2125,-9.7625,4.0
79889.55,272969.6625,-58736.5625,-5000.825000000012,4152.825000000012,192639.75,393287.6875,49721.1875,-4404.4749999999985,32825.95000000001,2.6375,-2.2,15.575000000000003,-10.5625,-1.3499999999999996,56.38749999999999,0.1625,0.11249999999999982,-0.4249999999999998,-2.2125,4.2375,25.0
61405.55,291395.6625,-48954.5625,3842.1749999999884,4833.825000000012,165448.75,402017.6875,36614.1875,2625.5250000000015,40864.95000000001,0.6375000000000002,-6.2,2.575000000000003,-26.5625,-5.35,-1.6125000000000114,1.1625,1.1124999999999998,0.5750000000000002,42.7875,12.2375,14.0
34938.55,315735.6625,-47533.5625,4995.174999999988,3798.8250000000116,137802.75,445527.6875,29970.1875,9752.525000000001,44179.95000000001,-5.3625,8.8,55.575,-12.5625,-26.35,26.38749999999999,0.1625,0.11249999999999982,1.5750000000000002,-15.2125,11.2375,8.0
29588.550000000003,328764.6625,-48059.5625,49931.17499999999,5271.825000000012,134638.75,453501.6875,23902.1875,58928.525,79146.95000000001,16.6375,0.8,-37.425,28.4375,4.65,-44.61250000000001,-0.8375,0.11249999999999982,-0.4249999999999998,-5.2125,11.2375,16.0
23612.550000000003,363851.6625,-51572.5625,162705.175,-4779.174999999988,119974.75,508523.6875,17616.1875,155937.525,145115.95,-17.3625,14.8,42.575,-30.5625,-3.3499999999999996,32.38749999999999,-0.8375,0.11249999999999982,-0.4249999999999998,-0.2124999999999999,0.2375,-3.0
21636.550000000003,357115.6625,-57287.5625,272074.175,-32528.17499999999,108824.75,548531.6875,1465.1875,239914.525,184429.95,25.6375,-22.2,-73.425,19.4375,13.65,-10.612500000000011,0.1625,0.11249999999999982,0.5750000000000002,29.7875,-12.7625,6.0
7974.550000000003,414350.6625,-53744.5625,343864.175,-5417.174999999988,96794.75,597135.6875,-4116.8125,312782.525,199995.95,-8.3625,13.8,16.575000000000003,-7.5625,0.6500000000000004,14.387499999999989,0.1625,0.11249999999999982,-0.4249999999999998,-13.2125,9.2375,-26.0
-2857.449999999997,426807.6625,-45033.5625,416044.175,40301.82500000001,82809.75,606739.6875,-7943.8125,463025.525,211033.95,-4.3625,-1.2,38.575,21.4375,4.65,-31.61250000000001,0.1625,0.11249999999999982,-0.4249999999999998,-8.2125,14.2375,-2.0
-18311.449999999997,479768.6625,-38982.5625,521057.175,11853.825000000012,79322.75,638897.6875,-8657.8125,530191.525,263381.95,-7.3625,1.8,15.575000000000003,-21.5625,-0.34999999999999964,30.38749999999999,0.1625,0.11249999999999982,1.5750000000000002,25.7875,-0.7625,15.0
-31205.449999999997,470473.6625,-40369.5625,504318.175,-3776.1749999999884,43322.75,663155.6875,-8485.8125,584768.525,258219.95,-0.3624999999999998,-5.2,-5.424999999999997,3.4375,-10.35,-12.612500000000011,-0.8375,1.1124999999999998,-0.4249999999999998,2.7875,-1.7625,1.0
-32529.449999999997,489409.6625,-39789.5625,511421.175,27397.82500000001,45216.75,671146.6875,-7828.8125,583223.525,221446.95,6.6375,-6.2,-8.424999999999997,-18.5625,2.6500000000000004,-2.6125000000000114,-0.8375,0.11249999999999982,-0.4249999999999998,-9.2125,1.2375,-13.0
-46361.45,485230.6625,-40759.5625,527030.175,6984.825000000012,46976.75,654668.6875,-7592.8125,574074.525,217514.95,-16.3625,-7.2,26.575000000000003,1.4375,-17.35,11.387499999999989,0.1625,-0.8875000000000002,-0.4249999999999998,10.7875,-6.7625,-1.0
-46058.45,464224.6625,-41470.5625,504884.175,8999.825000000012,38198.75,601850.6875,-7268.8125,563357.525,204371.95,7.6375,-4.2,-11.424999999999997,-5.5625,-0.34999999999999964,14.387499999999989,0.1625,0.11249999999999982,0.5750000000000002,-3.2125,-5.7625,-1.0
-49991.45,441124.6625,-42227.5625,482403.175,23963.82500000001,23269.75,589370.6875,-7884.8125,541319.525,166221.95,-3.3625,2.8,2.575000000000003,-16.5625,7.65,13.387499999999989,-0.8375,-0.8875000000000002,0.5750000000000002,-9.2125,1.2375,-17.0
-57791.45,426178.6625,-42878.5625,468248.175,19438.82500000001,31343.75,564743.6875,-7228.8125,517460.525,136533.95,0.6375000000000002,3.8,-1.4249999999999972,11.4375,6.65,-8.612500000000011,-0.8375,0.11249999999999982,-0.4249999999999998,-1.2125,1.2375,-9.0
-63770.45,416985.6625,-43276.5625,445740.175,5255.825000000012,48861.75,550261.6875,-7269.8125,508420.525,119120.95000000001,2.6375,4.8,-16.424999999999997,-17.5625,1.6500000000000004,6.387499999999989,0.1625,0.11249999999999982,1.5750000000000002,3.7875,5.2375,4.0
-64336.45,409864.6625,-44145.5625,424128.175,-4601.174999999988,40986.75,545688.6875,-7822.8125,508917.525,104817.95000000001,-4.3625,-0.19999999999999996,10.575000000000003,15.4375,0.6500000000000004,-11.612500000000011,-0.8375,0.11249999999999982,-0.4249999999999998,-8.2125,0.2375,3.0
-69762.45,420380.6625,-44998.5625,424226.175,12396.825000000012,29582.75,554060.6875,-7657.8125,508006.525,85516.95000000001,-5.3625,6.8,10.575000000000003,1.4375,-4.35,-0.6125000000000114,-0.8375,0.11249999999999982,-0.4249999999999998,4.7875,-3.7625,4.0
-79064.45,431816.6625,-45081.5625,435070.175,13450.825000000012,21709.75,563985.6875,-7017.8125,518149.525,80664.95000000001,10.6375,-1.2,-12.424999999999997,8.4375,2.6500000000000004,0.38749999999998863,0.1625,0.11249999999999982,0.5750000000000002,-7.2125,-2.7625,-1.0
-86956.45,428165.6625,-44854.5625,444866.175,12244.825000000012,19307.75,571319.6875,-7549.8125,525813.525,80827.95000000001,-5.3625,2.8,-3.424999999999997,-13.5625,-0.34999999999999964,12.387499999999989,0.1625,0.11249999999999982,-0.4249999999999998,3.7875,2.2375,7.0
-81961.45,430331.6625,-44765.5625,453934.175,3593.8250000000116,19975.75,592730.6875,-7865.8125,536859.525,87795.95000000001,10.6375,-3.2,-15.424999999999997,6.4375,0.6500000000000004,5.387499999999989,-0.8375,0.11249999999999982,0.5750000000000002,-0.2124999999999999,-1.7625,5.0
-78385.45,445499.6625,-44625.5625,461365.175,-3574.1749999999884,19592.75,600808.6875,-8063.8125,532405.525,82887.95000000001,-5.3625,-2.2,12.575000000000003,-18.5625,-5.35,11.387499999999989,0.1625,-0.8875000000000002,-0.4249999999999998,0.7875000000000001,2.2375,-1.0
-26825.449999999997,445073.6625,-45637.5625,470728.175,-3556.1749999999884,30870.75,596823.6875,-8101.8125,544948.525,74374.95000000001,4.6375,6.8,-3.424999999999997,3.4375,6.65,-0.6125000000000114,0.1625,-0.8875000000000002,0.5750000000000002,0.7875000000000001,-1.7625,-2.0
-299.4499999999971,444257.6625,-45733.5625,463077.175,-323.17499999998836,21655.75,591572.6875,-8076.8125,550241.525,58673.95000000001,-1.3624999999999998,-4.2,8.575000000000003,3.4375,-0.34999999999999964,-3.6125000000000114,-0.8375,0.11249999999999982,-0.4249999999999998,0.7875000000000001,1.2375,5.0
-19836.449999999997,451963.6625,-45982.5625,456233.175,692.8250000000116,16184.75,598704.6875,-8174.8125,545318.525,50339.95000000001,4.6375,-9.2,-5.424999999999997,15.4375,3.6500000000000004,-15.612500000000011,-0.8375,1.1124999999999998,0.5750000000000002,1.7875,-1.7625,1.0
-31004.449999999997,452250.6625,-46136.5625,459452.175,-77.17499999998836,26328.75,594619.6875,-8619.8125,545842.525,43910.95000000001,0.6375000000000002,9.8,-0.42499999999999716,1.4375,5.65,2.3874999999999886,0.1625,0.11249999999999982,0.5750000000000002,2.7875,0.2375,0.0
-13795.449999999997,439133.6625,-44555.5625,445096.175,-6636.174999999988,20113.75,586423.6875,-8225.8125,531236.525,34369.95000000001,3.6375,0.8,-2.424999999999997,1.4375,-3.3499999999999996,1.3874999999999886,0.1625,0.11249999999999982,0.5750000000000002,0.7875000000000001,-1.7625,0.0
-27868.449999999997,445230.6625,-44738.5625,439405.175,-5815.174999999988,13326.75,599472.6875,-8858.8125,518062.525,29426.95000000001,6.6375,0.8,-6.424999999999997,6.4375,-2.3499999999999996,0.38749999999998863,0.1625,0.11249999999999982,0.5750000000000002,2.7875,-1.7625,2.0
-28169.449999999997,437842.6625,-45100.5625,445060.175,-5824.174999999988,15170.75,587899.6875,-8708.8125,514597.525,31370.95000000001,-0.3624999999999998,-0.19999999999999996,7.575000000000003,-3.5625,0.6500000000000004,1.3874999999999886,-0.8375,-0.8875000000000002,-0.4249999999999998,2.7875,3.2375,-5.0
-10385.449999999997,427437.6625,-45006.5625,456985.175,-6987.174999999988,28020.75,576006.6875,-8223.8125,523105.525,34413.95000000001,6.6375,-1.2,-7.424999999999997,7.4375,-0.34999999999999964,-7.612500000000011,0.1625,0.11249999999999982,-0.4249999999999998,3.7875,-0.7625,1.0
-3994.449999999997,435399.6625,-44720.5625,452314.175,-11988.174999999988,24788.75,581607.6875,-8008.8125,516331.525,31277.95000000001,5.6375,4.8,-8.424999999999997,-0.5625,-1.3499999999999996,1.3874999999999886,1.1625,-0.8875000000000002,-0.4249999999999998,2.7875,-0.7625,-1.0
-23555.449999999997,450677.6625,-45039.5625,441640.175,-14971.174999999988,15545.75,600799.6875,-8173.8125,505375.525,29509.95000000001,3.6375,-3.2,-0.42499999999999716,9.4375,1.6500000000000004,-3.6125000000000114,0.1625,-0.8875000000000002,-0.4249999999999998,1.7875,0.2375,6.0
-46725.45,465483.6625,-44955.5625,439981.175,-15496.174999999988,9528.75,614934.6875,-8905.8125,503663.525,31270.95000000001,-0.3624999999999998,-1.2,0.5750000000000028,1.4375,-1.3499999999999996,-1.6125000000000114,-0.8375,0.11249999999999982,0.5750000000000002,-0.2124999999999999,3.2375,-4.0
-54929.45,464640.6625,-44859.5625,450913.175,-13529.174999999988,9088.75,614488.6875,-8655.8125,521468.525,35358.95000000001,2.6375,-0.19999999999999996,-3.424999999999997,2.4375,-1.3499999999999996,-3.6125000000000114,0.1625,0.11249999999999982,-0.4249999999999998,2.7875,-0.7625,3.0
-42924.45,438913.6625,-45126.5625,475011.175,-8133.174999999988,18415.75,572608.6875,-8417.8125,541156.525,40261.95000000001,-0.3624999999999998,-1.2,2.575000000000003,2.4375,1.6500000000000004,-2.6125000000000114,0.1625,0.11249999999999982,0.5750000000000002,-0.2124999999999999,1.2375,3.0
-43648.45,435462.6625,-45009.5625,466168.175,-8897.174999999988,19568.75,580370.6875,-8225.8125,542245.525,41815.95000000001,1.6375000000000002,0.8,-5.424999999999997,-1.5625,-1.3499999999999996,-0.6125000000000114,0.1625,-0.8875000000000002,-0.4249999999999998,-1.2125,-0.7625,-4.0
-46029.45,443399.6625,-44961.5625,457358.175,-9612.174999999988,19152.75,593116.6875,-7765.8125,535423.525,41245.95000000001,0.6375000000000002,0.8,-0.42499999999999716,0.4375,-1.3499999999999996,-2.6125000000000114,-0.8375,0.11249999999999982,-0.4249999999999998,0.7875000000000001,0.2375,2.0
-43749.45,447782.6625,-44897.5625,450633.175,-9022.174999999988,19987.75,600864.6875,-7751.8125,528037.525,41520.95000000001,-2.3625,-0.19999999999999996,4.575000000000003,-1.5625,-0.34999999999999964,1.3874999999999886,0.1625,1.1124999999999998,0.5750000000000002,-0.2124999999999999,0.2375,1.0
-35995.45,449711.6625,-44733.5625,446071.175,-7678.174999999988,22080.75,602423.6875,-7912.8125,516864.525,42001.95000000001,-0.3624999999999998,0.8,0.5750000000000028,-0.5625,0.6500000000000004,0.38749999999998863,0.1625,0.11249999999999982,0.5750000000000002,-2.2125,0.2375,-1.0
-29858.449999999997,455745.6625,-44378.5625,442069.175,-4243.174999999988,24152.75,602930.6875,-7754.8125,511482.525,41205.95000000001,-1.3624999999999998,-0.19999999999999996,-0.42499999999999716,-0.5625,-0.34999999999999964,0.38749999999998863,-0.8375,0.11249999999999982,-0.4249999999999998,-0.2124999999999999,-0.7625,-1.0
-25252.449999999997,461249.6625,-44207.5625,438006.175,-3271.1749999999884,25710.75,605415.6875,-7248.8125,506059.525,40793.95000000001,-0.3624999999999998,-1.2,1.5750000000000028,-0.5625,-0.34999999999999964,0.38749999999998863,0.1625,0.11249999999999982,1.5750000000000002,-2.2125,0.2375,-1.0
-12226.449999999997,465208.6625,-44036.5625,432097.175,-2296.1749999999884,26804.75,608039.6875,-7278.8125,502073.525,41327.95000000001,-0.3624999999999998,-0.19999999999999996,1.5750000000000028,0.4375,0.6500000000000004,-0.6125000000000114,0.1625,-0.8875000000000002,0.5750000000000002,-1.2125,-0.7625,0.0
-8179.449999999997,469325.6625,-43775.5625,430423.175,-2533.1749999999884,26183.75,613598.6875,-7028.8125,499568.525,42268.95000000001,-1.3624999999999998,-1.2,2.575000000000003,-0.5625,0.6500000000000004,0.38749999999998863,-0.8375,0.11249999999999982,0.5750000000000002,-1.2125,0.2375,-1.0
-3769.449999999997,474157.6625,-43518.5625,428199.175,-3008.1749999999884,25531.75,617762.6875,-7055.8125,495900.525,43338.95000000001,0.6375000000000002,-1.2,-0.42499999999999716,-0.5625,-1.3499999999999996,0.38749999999998863,0.1625,0.11249999999999982,-0.4249999999999998,-1.2125,-0.7625,0.0
-1261.449999999997,477462.6625,-43569.5625,424824.175,-3256.1749999999884,23372.75,621561.6875,-6599.8125,492856.525,44251.95000000001,-1.3624999999999998,-2.2,1.5750000000000028,-0.5625,-1.3499999999999996,0.38749999999998863,-0.8375,0.11249999999999982,-0.4249999999999998,-1.2125,-0.7625,-2.0
-130.4499999999971,480533.6625,-43288.5625,421505.175,-3735.1749999999884,20735.75,624421.6875,-6401.8125,490200.525,42107.95000000001,0.6375000000000002,-1.2,0.5750000000000028,0.4375,-1.3499999999999996,-0.6125000000000114,0.1625,0.11249999999999982,-0.4249999999999998,-0.2124999999999999,0.2375,1.0
1254.550000000003,480157.6625,-43160.5625,417751.175,-4702.174999999988,19711.75,624550.6875,-6344.8125,490415.525,42219.95000000001,-0.3624999999999998,-0.19999999999999996,-0.42499999999999716,-0.5625,-1.3499999999999996,0.38749999999998863,0.1625,0.11249999999999982,0.5750000000000002,-0.2124999999999999,-0.7625,1.0
2354.550000000003,477235.6625,-42993.5625,415086.175,-4802.174999999988,19560.75,622256.6875,-6244.8125,490222.525,42270.95000000001,-0.3624999999999998,-1.2,1.5750000000000028,1.4375,-0.34999999999999964,-0.6125000000000114,-0.8375,0.11249999999999982,0.5750000000000002,-0.2124999999999999,-0.7625,0.0
3553.550000000003,473871.6625,-42865.5625,415116.175,-5188.174999999988,19373.75,619319.6875,-6299.8125,490494.525,42579.95000000001,0.6375000000000002,-1.2,0.5750000000000028,1.4375,-0.34999999999999964,-0.6125000000000114,0.1625,-0.8875000000000002,-0.4249999999999998,0.7875000000000001,-0.7625,-1.0
-1474.449999999997,472481.6625,-43129.5625,423462.175,-4544.174999999988,15971.75,616037.6875,-6374.8125,496885.525,41801.95000000001,0.6375000000000002,-0.19999999999999996,0.5750000000000028,2.4375,-0.34999999999999964,-0.6125000000000114,0.1625,-0.8875000000000002,-0.4249999999999998,0.7875000000000001,-0.7625,0.0
-3135.449999999997,468342.6625,-43159.5625,430995.175,-3701.1749999999884,14204.75,613765.6875,-6571.8125,500180.525,41315.95000000001,1.6375000000000002,-0.19999999999999996,-1.4249999999999972,3.4375,0.6500000000000004,-0.6125000000000114,0.1625,0.11249999999999982,0.5750000000000002,1.7875,0.2375,-1.0
-4650.449999999997,463748.6625,-43079.5625,436098.175,-3677.1749999999884,12577.75,610961.6875,-6441.8125,502236.525,40462.95000000001,0.6375000000000002,-0.19999999999999996,-0.42499999999999716,2.4375,-0.34999999999999964,0.38749999999998863,0.1625,0.11249999999999982,0.5750000000000002,1.7875,0.2375,0.0
-8737.449999999997,462514.6625,-42984.5625,437630.175,-4260.174999999988,10801.75,610570.6875,-6272.8125,502615.525,39745.95000000001,0.6375000000000002,-0.19999999999999996,1.5750000000000028,3.4375,0.6500000000000004,-0.6125000000000114,0.1625,0.11249999999999982,-0.4249999999999998,1.7875,0.2375,0.0
-14783.449999999997,462856.6625,-42804.5625,441968.175,-5570.174999999988,8820.75,608974.6875,-6429.8125,505298.525,39350.95000000001,0.6375000000000002,-0.19999999999999996,0.5750000000000028,2.4375,0.6500000000000004,0.38749999999998863,0.1625,0.11249999999999982,-0.4249999999999998,-0.2124999999999999,0.2375,-1.0
-20944.449999999997,454489.6625,-43018.5625,445608.175,-6726.174999999988,7373.75,603734.6875,-6528.8125,508895.525,39630.95000000001,0.6375000000000002,0.8,0.5750000000000028,2.4375,0.6500000000000004,-0.6125000000000114,0.1625,0.11249999999999982,0.5750000000000002,0.7875000000000001,0.2375,0.0
-26826.449999999997,451456.6625,-43107.5625,449445.175,-7252.174999999988,8140.75,595462.6875,-6646.8125,512319.525,39418.95000000001,0.6375000000000002,0.8,-0.42499999999999716,2.4375,0.6500000000000004,0.38749999999998863,0.1625,0.11249999999999982,0.5750000000000002,0.7875000000000001,1.2375,0.0
-29974.449999999997,450862.6625,-43239.5625,453475.175,-7203.174999999988,7429.75,590707.6875,-6593.8125,515956.525,38806.95000000001,0.6375000000000002,0.8,-1.4249999999999972,1.4375,0.6500000000000004,1.3874999999999886,0.1625,0.11249999999999982,0.5750000000000002,0.7875000000000001,1.2375,1.0
-33380.45,452541.6625,-43246.5625,456145.175,-7411.174999999988,5728.75,594779.6875,-6502.8125,518530.525,39296.95000000001,-0.3624999999999998,0.8,0.5750000000000028,1.4375,0.6500000000000004,-0.6125000000000114,0.1625,0.11249999999999982,-0.4249999999999998,0.7875000000000001,0.2375,0.0
-36215.45,456512.6625,-43030.5625,457350.175,-7646.174999999988,4725.75,599287.6875,-6711.8125,519476.525,41062.95000000001,0.6375000000000002,0.8,-0.42499999999999716,0.4375,0.6500000000000004,-0.6125000000000114,-0.8375,-0.8875000000000002,-0.4249999999999998,-0.2124999999999999,0.2375,0.0
-35560.45,457570.6625,-42979.5625,456197.175,-7750.174999999988,4937.75,600227.6875,-6723.8125,516659.525,40725.95000000001,-0.3624999999999998,-0.19999999999999996,-0.42499999999999716,1.4375,-0.34999999999999964,-0.6125000000000114,0.1625,-0.8875000000000002,0.5750000000000002,-0.2124999999999999,-0.7625,-1.0
-30302.449999999997,454931.6625,-43334.5625,446357.175,-7604.174999999988,6646.75,597716.6875,-6566.8125,512971.525,39805.95000000001,0.6375000000000002,-0.19999999999999996,-1.4249999999999972,0.4375,-0.34999999999999964,-0.6125000000000114,-0.8375,0.11249999999999982,-0.4249999999999998,-0.2124999999999999,0.2375,-1.0
-24372.449999999997,455332.6625,-43432.5625,440477.175,-6895.174999999988,8944.75,596576.6875,-6552.8125,510646.525,39761.95000000001,0.6375000000000002,-0.19999999999999996,-0.42499999999999716,0.4375,-0.34999999999999964,0.38749999999998863,-0.8375,0.11249999999999982,-0.4249999999999998,-0.2124999999999999,0.2375,1.0
-20619.449999999997,459626.6625,-43459.5625,437235.175,-5387.174999999988,10751.75,600848.6875,-6581.8125,508289.525,40180.95000000001,-0.3624999999999998,-0.19999999999999996,0.5750000000000028,0.4375,-0.34999999999999964,0.38749999999998863,0.1625,-0.8875000000000002,-0.4249999999999998,-0.2124999999999999,-0.7625,0.0
-15579.449999999997,463757.6625,-43354.5625,434932.175,-4309.174999999988,10709.75,606803.6875,-6611.8125,506152.525,40878.95000000001,0.6375000000000002,-0.19999999999999996,-0.42499999999999716,0.4375,-0.34999999999999964,0.38749999999998863,0.1625,0.11249999999999982,0.5750000000000002,-0.2124999999999999,-0.7625,1.0
-12220.449999999997,467002.6625,-43201.5625,432898.175,-3716.1749999999884,11396.75,612712.6875,-6664.8125,504324.525,41423.95000000001,-0.3624999999999998,-0.19999999999999996,-0.42499999999999716,0.4375,-1.3499999999999996,0.38749999999998863,-0.8375,0.11249999999999982,-0.4249999999999998,-0.2124999999999999,0.2375,-1.0
-7810.449999999997,467391.6625,-43225.5625,430873.175,-3329.1749999999884,12566.75,613839.6875,-6700.8125,501868.525,41275.95000000001,-0.3624999999999998,-1.2,-0.42499999999999716,0.4375,-1.3499999999999996,0.38749999999998863,0.1625,0.11249999999999982,-0.4249999999999998,-1.2125,-0.7625,0.0
-3429.449999999997,466144.6625,-43347.5625,428473.175,-3167.1749999999884,13799.75,614298.6875,-6506.8125,500932.525,41237.95000000001,-0.3624999999999998,-0.19999999999999996,-0.42499999999999716,-0.5625,-1.3499999999999996,0.38749999999998863,-0.8375,0.11249999999999982,-0.4249999999999998,-1.2125,-0.7625,0.0
-1963.449999999997,466869.6625,-43308.5625,425296.175,-3428.1749999999884,14276.75,616496.6875,-6318.8125,499797.525,41184.95000000001,-0.3624999999999998,-1.2,-0.42499999999999716,-0.5625,-0.34999999999999964,-0.6125000000000114,0.1625,0.11249999999999982,-0.4249999999999998,-0.2124999999999999,0.2375,0.0
-3281.449999999997,468824.6625,-43157.5625,425177.175,-3536.1749999999884,13189.75,619020.6875,-6341.8125,498129.525,40358.95000000001,0.6375000000000002,-0.19999999999999996,1.5750000000000028,-0.5625,-0.34999999999999964,0.38749999999998863,0.1625,0.11249999999999982,0.5750000000000002,-1.2125,0.2375,0.0
-5034.449999999997,467718.6625,-43154.5625,429039.175,-3308.1749999999884,13390.75,616075.6875,-6315.8125,499375.525,39890.95000000001,-0.3624999999999998,-0.19999999999999996,-0.42499999999999716,0.4375,-0.34999999999999964,-0.6125000000000114,0.1625,0.11249999999999982,-0.4249999999999998,-0.2124999999999999,-0.7625,1.0
-7502.449999999997,466512.6625,-43144.5625,432859.175,-3380.1749999999884,12792.75,612929.6875,-6181.8125,500455.525,39197.95000000001,-0.3624999999999998,-0.19999999999999996,0.5750000000000028,1.4375,-0.34999999999999964,0.38749999999998863,-0.8375,-0.8875000000000002,-0.4249999999999998,-0.2124999999999999,-0.7625,1.0
-11150.449999999997,466641.6625,-43027.5625,436183.175,-3925.1749999999884,11762.75,609284.6875,-6504.8125,500890.525,39007.95000000001,-0.3624999999999998,-0.19999999999999996,-0.42499999999999716,0.4375,-0.34999999999999964,-0.6125000000000114,0.1625,-0.8875000000000002,-0.4249999999999998,-0.2124999999999999,0.2375,0.0
-13941.449999999997,466164.6625,-42922.5625,438758.175,-4659.174999999988,10921.75,607828.6875,-6263.8125,502089.525,39834.95000000001,0.6375000000000002,-0.19999999999999996,0.5750000000000028,0.4375,-1.3499999999999996,0.38749999999998863,-0.8375,-0.8875000000000002,-0.4249999999999998,-0.2124999999999999,0.2375,-1.0
-16494.449999999997,457502.6625,-43136.5625,442150.175,-6027.174999999988,10450.75,603881.6875,-6559.8125,505546.525,40428.95000000001,0.6375000000000002,-0.19999999999999996,0.5750000000000028,1.4375,-0.34999999999999964,-0.6125000000000114,0.1625,0.11249999999999982,0.5750000000000002,0.7875000000000001,-0.7625,0.0
-17167.449999999997,456352.6625,-43253.5625,443339.175,-6332.174999999988,10443.75,603387.6875,-6500.8125,508260.525,40722.95000000001,2.6375,0.8,-2.424999999999997,1.4375,-2.3499999999999996,0.38749999999998863,0.1625,0.11249999999999982,-0.4249999999999998,6.7875,0.2375,8.0
-18481.449999999997,457181.6625,-43076.5625,444657.175,-6261.174999999988,9949.75,602592.6875,-6051.8125,509249.525,40477.95000000001,0.6375000000000002,2.8,2.575000000000003,1.4375,1.6500000000000004,-2.6125000000000114,0.1625,-0.8875000000000002,-0.4249999999999998,1.7875,2.2375,2.0
-22489.449999999997,459804.6625,-42794.5625,445698.175,-5601.174999999988,9498.75,602411.6875,-6133.8125,509634.525,41157.95000000001,0.6375000000000002,1.8,3.575000000000003,2.4375,0.6500000000000004,-1.6125000000000114,0.1625,0.11249999999999982,-0.4249999999999998,0.7875000000000001,0.2375,-2.0
-22562.449999999997,461189.6625,-42759.5625,445673.175,-5709.174999999988,9436.75,602888.6875,-6047.8125,509786.525,41179.95000000001,5.6375,1.8,-3.424999999999997,2.4375,4.65,0.38749999999998863,0.1625,-0.8875000000000002,0.5750000000000002,0.7875000000000001,-3.7625,-1.0
-21212.449999999997,461484.6625,-42537.5625,446393.175,-5227.174999999988,10025.75,600205.6875,-6066.8125,509274.525,40599.95000000001,0.6375000000000002,-0.19999999999999996,-1.4249999999999972,2.4375,3.6500000000000004,4.387499999999989,0.1625,0.11249999999999982,0.5750000000000002,2.7875,-0.7625,3.0
-19873.449999999997,461326.6625,-42400.5625,442270.175,-5498.174999999988,10818.75,599275.6875,-5924.8125,506094.525,39993.95000000001,-0.3624999999999998,-2.2,-1.4249999999999972,1.4375,2.6500000000000004,-0.6125000000000114,0.1625,0.11249999999999982,-0.4249999999999998,0.7875000000000001,-1.7625,-3.0
-19188.449999999997,462675.6625,-42560.5625,439608.175,-5949.174999999988,11359.75,601934.6875,-6082.8125,505061.525,39733.95000000001,1.6375000000000002,-0.19999999999999996,-0.42499999999999716,0.4375,0.6500000000000004,1.3874999999999886,0.1625,0.11249999999999982,-0.4249999999999998,-0.2124999999999999,2.2375,0.0
-18312.449999999997,464815.6625,-42721.5625,437877.175,-5439.174999999988,11593.75,604853.6875,-6116.8125,505418.525,40312.95000000001,-0.3624999999999998,0.8,0.5750000000000028,2.4375,-2.3499999999999996,0.38749999999998863,0.1625,0.11249999999999982,0.5750000000000002,0.7875000000000001,0.2375,2.0
-16358.449999999997,465242.6625,-42724.5625,436844.175,-4993.174999999988,12160.75,605847.6875,-6100.8125,506200.525,41189.95000000001,0.6375000000000002,-1.2,-1.4249999999999972,2.4375,-1.3499999999999996,2.3874999999999886,-0.8375,-0.8875000000000002,0.5750000000000002,-0.2124999999999999,1.2375,0.0
-14526.449999999997,464743.6625,-42675.5625,435558.175,-5085.174999999988,12240.75,607469.6875,-6244.8125,506235.525,41990.95000000001,0.6375000000000002,-1.2,-0.42499999999999716,2.4375,-1.3499999999999996,0.38749999999998863,0.1625,0.11249999999999982,-1.4249999999999998,-0.2124999999999999,0.2375,1.0
-13664.449999999997,465413.6625,-42858.5625,434026.175,-5318.174999999988,12158.75,609728.6875,-6080.8125,505945.525,42093.95000000001,-0.3624999999999998,-2.2,0.5750000000000028,0.4375,-0.34999999999999964,1.3874999999999886,0.1625,0.11249999999999982,0.5750000000000002,1.7875,0.2375,2.0
-13289.449999999997,464028.6625,-43100.5625,433506.175,-4536.174999999988,12087.75,609399.6875,-6178.8125,506335.525,42155.95000000001,-0.3624999999999998,-1.2,1.5750000000000028,0.4375,-1.3499999999999996,0.38749999999998863,0.1625,0.11249999999999982,-0.4249999999999998,0.7875000000000001,0.2375,-1.0
-13492.449999999997,462858.6625,-43000.5625,434433.175,-4720.174999999988,12158.75,607222.6875,-6159.8125,506217.525,42212.95000000001,0.6375000000000002,-0.19999999999999996,-0.42499999999999716,2.4375,-2.3499999999999996,-1.6125000000000114,0.1625,0.11249999999999982,-0.4249999999999998,2.7875,-0.7625,-1.0
-14248.449999999997,463290.6625,-43172.5625,434551.175,-5101.174999999988,11501.75,607786.6875,-6069.8125,505922.525,41867.95000000001,0.6375000000000002,-2.2,6.575000000000003,0.4375,-1.3499999999999996,-1.6125000000000114,-0.8375,0.11249999999999982,0.5750000000000002,0.7875000000000001,-1.7625,-5.0
-14714.449999999997,462837.6625,-43156.5625,435330.175,-5177.174999999988,11482.75,606973.6875,-6027.8125,506612.525,41238.95000000001,-0.3624999999999998,-0.19999999999999996,4.575000000000003,-2.5625,-5.35,-0.6125000000000114,0.1625,0.11249999999999982,-0.4249999999999998,-0.2124999999999999,-3.7625,-1.0
-14848.449999999997,461697.6625,-43010.5625,435955.175,-5351.174999999988,11506.75,605885.6875,-5879.8125,507682.525,42217.95000000001,0.6375000000000002,2.8,-1.4249999999999972,0.4375,2.6500000000000004,0.38749999999998863,-0.8375,-0.8875000000000002,0.5750000000000002,-0.2124999999999999,-0.7625,-3.0
-15308.449999999997,461685.6625,-42887.5625,436508.175,-5594.174999999988,11331.75,607357.6875,-5686.8125,507584.525,41938.95000000001,0.6375000000000002,0.8,1.5750000000000028,1.4375,3.6500000000000004,-0.6125000000000114,0.1625,0.11249999999999982,0.5750000000000002,-0.2124999999999999,2.2375,-3.0
-16162.449999999997,463592.6625,-42646.5625,436799.175,-5672.174999999988,11113.75,607051.6875,-5722.8125,506389.525,41490.95000000001,-0.3624999999999998,1.8,3.575000000000003,1.4375,1.6500000000000004,-0.6125000000000114,0.1625,0.11249999999999982,0.5750000000000002,-0.2124999999999999,2.2375,2.0
-15485.449999999997,465310.6625,-42521.5625,436702.175,-5508.174999999988,11106.75,605579.6875,-5601.8125,505022.525,41106.95000000001,-0.3624999999999998,0.8,1.5750000000000028,0.4375,0.6500000000000004,-0.6125000000000114,0.1625,0.11249999999999982,0.5750000000000002,-0.2124999999999999,-1.7625,5.0
-14247.449999999997,468537.6625,-42489.5625,433455.175,-5467.174999999988,12557.75,605118.6875,-5615.8125,503163.525,40591.95000000001,-0.3624999999999998,0.8,1.5750000000000028,0.4375,-0.34999999999999964,-0.6125000000000114,0.1625,-0.8875000000000002,-0.4249999999999998,-0.2124999999999999,-0.7625,0.0
-13888.449999999997,468801.6625,-42533.5625,431934.175,-5523.174999999988,12787.75,606634.6875,-5539.8125,502763.525,40787.95000000001,-0.3624999999999998,-1.2,1.5750000000000028,0.4375,-0.34999999999999964,-0.6125000000000114,0.1625,-0.8875000000000002,0.5750000000000002,-0.2124999999999999,0.2375,1.0
-13223.449999999997,468081.6625,-42471.5625,432083.175,-5748.174999999988,12958.75,606518.6875,-5476.8125,504202.525,41759.95000000001,-0.3624999999999998,-0.19999999999999996,-2.424999999999997,1.4375,0.6500000000000004,-2.6125000000000114,0.1625,0.11249999999999982,-0.4249999999999998,1.7875,-1.7625,-1.0
-12845.449999999997,467392.6625,-42590.5625,432920.175,-5671.174999999988,12771.75,606090.6875,-5296.8125,505292.525,42038.95000000001,0.6375000000000002,-1.2,-1.4249999999999972,1.4375,-1.3499999999999996,1.3874999999999886,0.1625,0.11249999999999982,-0.4249999999999998,-0.2124999999999999,-0.7625,1.0
-13341.449999999997,467181.6625,-42561.5625,433960.175,-5809.174999999988,12620.75,606958.6875,-5682.8125,505708.525,41744.95000000001,0.6375000000000002,-1.2,-0.42499999999999716,1.4375,-1.3499999999999996,1.3874999999999886,0.1625,-0.8875000000000002,0.5750000000000002,-0.2124999999999999,0.2375,1.0
-17503.449999999997,465211.6625,-42350.5625,438111.175,-6406.174999999988,11985.75,604176.6875,-5779.8125,507152.525,42065.95000000001,0.6375000000000002,-0.19999999999999996,-0.42499999999999716,1.4375,-0.34999999999999964,0.38749999999998863,-0.8375,0.11249999999999982,-0.4249999999999998,0.7875000000000001,0.2375,-2.0
-18748.449999999997,463936.6625,-42627.5625,439816.175,-6290.174999999988,11218.75,603116.6875,-5620.8125,508572.525,42035.95000000001,0.6375000000000002,0.8,0.5750000000000028,1.4375,-1.3499999999999996,1.3874999999999886,0.1625,0.11249999999999982,-0.4249999999999998,-0.2124999999999999,-0.7625,2.0
-19479.449999999997,462459.6625,-42678.5625,441092.175,-6711.174999999988,10741.75,601554.6875,-5745.8125,509174.525,41793.95000000001,0.6375000000000002,-0.19999999999999996,-0.42499999999999716,0.4375,0.6500000000000004,0.38749999999998863,0.1625,0.11249999999999982,-1.4249999999999998,0.7875000000000001,-0.7625,1.0
-19878.449999999997,461208.6625,-42651.5625,441905.175,-6351.174999999988,10808.75,601357.6875,-5414.8125,509400.525,41900.95000000001,-0.3624999999999998,-0.19999999999999996,0.5750000000000028,1.4375,-0.34999999999999964,0.38749999999998863,0.1625,0.11249999999999982,0.5750000000000002,-0.2124999999999999,0.2375,-1.0
-19995.449999999997,460377.6625,-42677.5625,442008.175,-6335.174999999988,10887.75,602434.6875,-5540.8125,509720.525,41876.95000000001,1.6375000000000002,-0.19999999999999996,-0.42499999999999716,1.4375,-1.3499999999999996,1.3874999999999886,0.1625,0.11249999999999982,-0.4249999999999998,0.7875000000000001,0.2375,0.0
-19669.449999999997,461109.6625,-42845.5625,441425.175,-6349.174999999988,10997.75,604180.6875,-5571.8125,509830.525,42322.95000000001,0.6375000000000002,-1.2,0.5750000000000028,1.4375,-0.34999999999999964,0.38749999999998863,0.1625,0.11249999999999982,0.5750000000000002,0.7875000000000001,0.2375,1.0
-18652.449999999997,461052.6625,-42794.5625,439435.175,-6376.174999999988,11145.75,604346.6875,-5601.8125,509715.525,42782.95000000001,0.6375000000000002,-1.2,0.5750000000000028,1.4375,-0.34999999999999964,-0.6125000000000114,-0.8375,0.11249999999999982,0.5750000000000002,-0.2124999999999999,0.2375,0.0
-16627.449999999997,461467.6625,-42798.5625,438353.175,-6240.174999999988,11409.75,605233.6875,-5584.8125,508224.525,42916.95000000001,-0.3624999999999998,-0.19999999999999996,-0.42499999999999716,1.4375,-1.3499999999999996,-0.6125000000000114,0.1625,-0.8875000000000002,0.5750000000000002,-0.2124999999999999,0.2375,0.0
-16057.449999999997,462961.6625,-42743.5625,437324.175,-6091.174999999988,11883.75,606734.6875,-5537.8125,507336.525,42728.95000000001,0.6375000000000002,-0.19999999999999996,0.5750000000000028,1.4375,-0.34999999999999964,-0.6125000000000114,0.1625,-0.8875000000000002,-0.4249999999999998,-0.2124999999999999,-0.7625,0.0
-15615.449999999997,463718.6625,-42932.5625,436497.175,-5325.174999999988,12288.75,606945.6875,-5575.8125,506642.525,42090.95000000001,0.6375000000000002,-0.19999999999999996,0.5750000000000028,1.4375,-0.34999999999999964,-0.6125000000000114,0.1625,-0.8875000000000002,-0.4249999999999998,-0.2124999999999999,0.2375,0.0
-15225.449999999997,464417.6625,-42946.5625,436112.175,-5554.174999999988,12374.75,607043.6875,-5620.8125,506144.525,41835.95000000001,-0.3624999999999998,0.8,0.5750000000000028,1.4375,-0.34999999999999964,0.38749999999998863,-0.8375,0.11249999999999982,0.5750000000000002,-0.2124999999999999,-0.7625,0.0
-15015.449999999997,465285.6625,-42798.5625,435968.175,-5761.174999999988,12223.75,606978.6875,-5655.8125,505946.525,41810.95000000001,0.6375000000000002,-0.19999999999999996,-0.42499999999999716,0.4375,-0.34999999999999964,-0.6125000000000114,0.1625,-0.8875000000000002,-0.4249999999999998,-1.2125,-0.7625,0.0
-14960.449999999997,465174.6625,-43014.5625,435796.175,-5476.174999999988,12023.75,607346.6875,-5683.8125,506823.525,42316.95000000001,0.6375000000000002,-0.19999999999999996,0.5750000000000028,-0.5625,-0.34999999999999964,-0.6125000000000114,0.1625,0.11249999999999982,-0.4249999999999998,-1.2125,0.2375,0.0
-15001.449999999997,465039.6625,-43048.5625,436100.175,-5262.174999999988,11941.75,607648.6875,-5843.8125,507010.525,42441.95000000001,-0.3624999999999998,-1.2,0.5750000000000028,0.4375,-1.3499999999999996,-0.6125000000000114,0.1625,-0.8875000000000002,-0.4249999999999998,-0.2124999999999999,0.2375,0.0
-15122.449999999997,464940.6625,-42789.5625,436235.175,-5254.174999999988,11840.75,607010.6875,-5911.8125,506781.525,42543.95000000001,-0.3624999999999998,-0.19999999999999996,-1.4249999999999972,0.4375,-1.3499999999999996,-0.6125000000000114,-0.8375,-0.8875000000000002,-0.4249999999999998,-1.2125,0.2375,0.0
-15186.449999999997,465208.6625,-42773.5625,436002.175,-5290.174999999988,12014.75,607337.6875,-5541.8125,506218.525,41579.95000000001,-0.3624999999999998,-0.19999999999999996,0.5750000000000028,0.4375,-0.34999999999999964,-0.6125000000000114,0.1625,0.11249999999999982,-0.4249999999999998,-0.2124999999999999,0.2375,0.0
-14860.449999999997,465661.6625,-42752.5625,435635.175,-5722.174999999988,11955.75,606902.6875,-5668.8125,505716.525,41425.95000000001,-0.3624999999999998,-1.2,0.5750000000000028,0.4375,-0.34999999999999964,0.38749999999998863,0.1625,0.11249999999999982,0.5750000000000002,-0.2124999999999999,0.2375,-1.0
-14749.449999999997,466157.6625,-42696.5625,435643.175,-5561.174999999988,12160.75,606863.6875,-5978.8125,505873.525,41716.95000000001,-0.3624999999999998,-0.19999999999999996,0.5750000000000028,0.4375,-0.34999999999999964,0.38749999999998863,0.1625,0.11249999999999982,0.5750000000000002,-0.2124999999999999,-0.7625,-1.0
-14607.449999999997,466318.6625,-42654.5625,435167.175,-5336.174999999988,12224.75,607619.6875,-5798.8125,505661.525,41891.95000000001,0.6375000000000002,-0.19999999999999996,-0.42499999999999716,0.4375,0.6500000000000004,0.38749999999998863,0.1625,-0.8875000000000002,-0.4249999999999998,-0.2124999999999999,0.2375,1.0
-14366.449999999997,466556.6625,-42639.5625,434566.175,-5208.174999999988,12221.75,608373.6875,-5708.8125,505831.525,41975.95000000001,0.6375000000000002,-0.19999999999999996,0.5750000000000028,1.4375,-0.34999999999999964,0.38749999999998863,0.1625,0.11249999999999982,-0.4249999999999998,-0.2124999999999999,-0.7625,0.0
-14128.449999999997,466314.6625,-42574.5625,434366.175,-5305.174999999988,12299.75,608113.6875,-5526.8125,506068.525,42000.95000000001,-0.3624999999999998,-0.19999999999999996,1.5750000000000028,1.4375,-0.34999999999999964,0.38749999999998863,0.1625,-0.8875000000000002,-0.4249999999999998,-0.2124999999999999,0.2375,-1.0
-14133.449999999997,465434.6625,-42671.5625,434860.175,-6358.174999999988,12369.75,607452.6875,-5524.8125,506120.525,42148.95000000001,0.6375000000000002,-0.19999999999999996,0.5750000000000028,1.4375,-0.34999999999999964,0.38749999999998863,0.1625,0.11249999999999982,-0.4249999999999998,-0.2124999999999999,0.2375,0.0
-15401.449999999997,464566.6625,-42824.5625,435407.175,-6613.174999999988,12639.75,606780.6875,-5703.8125,506222.525,42278.95000000001,0.6375000000000002,0.8,-0.42499999999999716,1.4375,0.6500000000000004,-0.6125000000000114,0.1625,0.11249999999999982,-0.4249999999999998,-0.2124999999999999,0.2375,1.0
-17287.449999999997,464345.6625,-42591.5625,438035.175,-6165.174999999988,11987.75,604529.6875,-5603.8125,507776.525,42358.95000000001,0.6375000000000002,-0.19999999999999996,0.5750000000000028,1.4375,-0.34999999999999964,-1.6125000000000114,-0.8375,0.11249999999999982,-0.4249999999999998,-0.2124999999999999,0.2375,0.0
-18118.449999999997,463897.6625,-42641.5625,439249.175,-6648.174999999988,11589.75,603834.6875,-5646.8125,508197.525,42174.95000000001,0.6375000000000002,-0.19999999999999996,0.5750000000000028,1.4375,-0.34999999999999964,0.38749999999998863,0.1625,0.11249999999999982,-0.4249999999999998,0.7875000000000001,0.2375,0.0
-18303.449999999997,463030.6625,-42638.5625,440042.175,-6568.174999999988,11585.75,601875.6875,-5789.8125,508266.525,41900.95000000001,0.6375000000000002,-0.19999999999999996,-0.42499999999999716,2.4375,0.6500000000000004,0.38749999999998863,-0.8375,0.11249999999999982,-0.4249999999999998,0.7875000000000001,0.2375,-1.0
-18350.449999999997,461977.6625,-42599.5625,439562.175,-6696.174999999988,11777.75,602433.6875,-5668.8125,508386.525,42126.95000000001,1.6375000000000002,0.8,-0.42499999999999716,1.4375,0.6500000000000004,1.3874999999999886,0.1625,0.11249999999999982,-0.4249999999999998,-0.2124999999999999,0.2375,0.0
-18442.449999999997,461667.6625,-42668.5625,439179.175,-6696.174999999988,11886.75,603397.6875,-5670.8125,508638.525,42408.95000000001,0.6375000000000002,-0.19999999999999996,-1.4249999999999972,1.4375,-1.3499999999999996,0.38749999999998863,0.1625,-0.8875000000000002,0.5750000000000002,-0.2124999999999999,0.2375,1.0
-17453.449999999997,461811.6625,-42625.5625,438585.175,-6765.174999999988,11987.75,604361.6875,-5761.8125,509017.525,43090.95000000001,1.6375000000000002,-0.19999999999999996,-0.42499999999999716,1.4375,-0.34999999999999964,0.38749999999998863,0.1625,0.11249999999999982,0.5750000000000002,0.7875000000000001,-0.7625,1.0
-17314.449999999997,462157.6625,-42741.5625,437948.175,-6798.174999999988,12061.75,605025.6875,-5550.8125,508883.525,43251.95000000001,0.6375000000000002,-0.19999999999999996,0.5750000000000028,1.4375,-0.34999999999999964,-1.6125000000000114,0.1625,0.11249999999999982,0.5750000000000002,0.7875000000000001,-0.7625,0.0
-17023.449999999997,462200.6625,-42841.5625,437604.175,-6667.174999999988,12182.75,605473.6875,-5694.8125,508521.525,43257.95000000001,0.6375000000000002,-0.19999999999999996,0.5750000000000028,1.4375,-1.3499999999999996,-0.6125000000000114,0.1625,0.11249999999999982,0.5750000000000002,0.7875000000000001,0.2375,-1.0
-16333.449999999997,462402.6625,-42913.5625,437044.175,-6428.174999999988,12303.75,605658.6875,-5571.8125,508044.525,42925.95000000001,-0.3624999999999998,-0.19999999999999996,0.5750000000000028,0.4375,-0.34999999999999964,-0.6125000000000114,0.1625,-0.8875000000000002,-0.4249999999999998,-0.2124999999999999,0.2375,0.0
-16006.449999999997,462893.6625,-42970.5625,436590.175,-6142.174999999988,12428.75,605350.6875,-5606.8125,507550.525,42666.95000000001,0.6375000000000002,-0.19999999999999996,0.5750000000000028,1.4375,-0.34999999999999964,0.38749999999998863,0.1625,0.11249999999999982,-0.4249999999999998,0.7875000000000001,0.2375,0.0
-16073.449999999997,463973.6625,-42728.5625,436159.175,-6535.174999999988,12297.75,606339.6875,-5616.8125,507703.525,42519.95000000001,-0.3624999999999998,-0.19999999999999996,-0.42499999999999716,0.4375,-0.34999999999999964,-0.6125000000000114,0.1625,0.11249999999999982,0.5750000000000002,-0.2124999999999999,0.2375,-1.0
-16083.449999999997,464247.6625,-42712.5625,436171.175,-6235.174999999988,12086.75,605397.6875,-5635.8125,507647.525,42779.95000000001,0.6375000000000002,-0.19999999999999996,-0.42499999999999716,0.4375,-0.34999999999999964,-0.6125000000000114,0.1625,0.11249999999999982,0.5750000000000002,-0.2124999999999999,0.2375,0.0
-15827.449999999997,464344.6625,-42679.5625,435926.175,-6095.174999999988,12241.75,605267.6875,-5695.8125,507104.525,42443.95000000001,0.6375000000000002,-0.19999999999999996,-1.4249999999999972,0.4375,-0.34999999999999964,0.38749999999998863,-0.8375,0.11249999999999982,-0.4249999999999998,-0.2124999999999999,0.2375,1.0
-15703.449999999997,464583.6625,-42758.5625,435686.175,-6134.174999999988,12279.75,606333.6875,-5638.8125,506528.525,41872.95000000001,-0.3624999999999998,0.8,0.5750000000000028,1.4375,-0.34999999999999964,-1.6125000000000114,0.1625,0.11249999999999982,0.5750000000000002,-0.2124999999999999,0.2375,0.0
-15338.449999999997,465372.6625,-42829.5625,435566.175,-6072.174999999988,12508.75,605497.6875,-5697.8125,506059.525,41754.95000000001,0.6375000000000002,-0.19999999999999996,-0.42499999999999716,0.4375,-0.34999999999999964,-0.6125000000000114,-0.8375,-0.8875000000000002,-0.4249999999999998,-0.2124999999999999,0.2375,1.0
-14878.449999999997,466364.6625,-42658.5625,435272.175,-5995.174999999988,12681.75,605153.6875,-5642.8125,505468.525,41899.95000000001,0.6375000000000002,-0.19999999999999996,-0.42499999999999716,0.4375,-0.34999999999999964,0.38749999999998863,-0.8375,0.11249999999999982,0.5750000000000002,-1.2125,0.2375,0.0
-14874.449999999997,466895.6625,-42661.5625,434552.175,-5976.174999999988,12678.75,605922.6875,-5624.8125,505230.525,42116.95000000001,0.6375000000000002,-0.19999999999999996,-0.42499999999999716,0.4375,-0.34999999999999964,-0.6125000000000114,-0.8375,0.11249999999999982,0.5750000000000002,-0.2124999999999999,0.2375,1.0
-14809.449999999997,467400.6625,-42591.5625,434250.175,-5992.174999999988,12611.75,606358.6875,-5541.8125,505241.525,41837.95000000001,-1.3624999999999998,-0.19999999999999996,0.5750000000000028,1.4375,-0.34999999999999964,0.38749999999998863,-0.8375,0.11249999999999982,0.5750000000000002,-0.2124999999999999,0.2375,0.0
-14698.449999999997,467532.6625,-42641.5625,434141.175,-6043.174999999988,12758.75,605978.6875,-5648.8125,505109.525,41737.95000000001,-0.3624999999999998,-0.19999999999999996,0.5750000000000028,0.4375,-0.34999999999999964,-0.6125000000000114,-0.8375,0.11249999999999982,-0.4249999999999998,-0.2124999999999999,0.2375,0.0
-14660.449999999997,467238.6625,-42696.5625,434242.175,-6155.174999999988,12782.75,606290.6875,-5664.8125,505003.525,41620.95000000001,0.6375000000000002,-0.19999999999999996,0.5750000000000028,1.4375,-0.34999999999999964,-0.6125000000000114,-0.8375,0.11249999999999982,-0.4249999999999998,-0.2124999999999999,0.2375,0.0
-14848.449999999997,466236.6625,-42447.5625,434533.175,-6327.174999999988,12729.75,605741.6875,-5427.8125,504858.525,41554.95000000001,0.6375000000000002,-0.19999999999999996,-0.42499999999999716,0.4375,-0.34999999999999964,-0.6125000000000114,-0.8375,-0.8875000000000002,0.5750000000000002,-0.2124999999999999,0.2375,0.0
-15436.449999999997,465843.6625,-42346.5625,435051.175,-6530.174999999988,12646.75,605178.6875,-5620.8125,505891.525,41826.95000000001,0.6375000000000002,-0.19999999999999996,0.5750000000000028,0.4375,-0.34999999999999964,-0.6125000000000114,0.1625,0.11249999999999982,0.5750000000000002,-0.2124999999999999,0.2375,-1.0
-16354.449999999997,465350.6625,-42494.5625,435932.175,-6840.174999999988,12429.75,605007.6875,-5741.8125,506789.525,42403.95000000001,0.6375000000000002,-0.19999999999999996,-0.42499999999999716,1.4375,-0.34999999999999964,0.38749999999998863,0.1625,-0.8875000000000002,-0.4249999999999998,-0.2124999999999999,0.2375,1.0
-17162.449999999997,465007.6625,-42530.5625,437496.175,-6710.174999999988,12371.75,603918.6875,-5680.8125,507181.525,42364.95000000001,0.6375000000000002,-0.19999999999999996,-0.42499999999999716,1.4375,-0.34999999999999964,-0.6125000000000114,0.1625,0.11249999999999982,0.5750000000000002,-0.2124999999999999,0.2375,0.0
-17740.449999999997,464501.6625,-42638.5625,438108.175,-6768.174999999988,12285.75,603391.6875,-5758.8125,507253.525,41995.95000000001,1.6375000000000002,0.8,-0.42499999999999716,1.4375,-0.34999999999999964,-0.6125000000000114,0.1625,0.11249999999999982,-0.4249999999999998,-0.2124999999999999,0.2375,0.0
-17996.449999999997,463883.6625,-42963.5625,438281.175,-6739.174999999988,12229.75,603322.6875,-5554.8125,507196.525,42299.95000000001,0.6375000000000002,-0.19999999999999996,0.5750000000000028,0.4375,-0.34999999999999964,0.38749999999998863,0.1625,-0.8875000000000002,0.5750000000000002,-0.2124999999999999,1.2375,0.0
-18068.449999999997,463249.6625,-42890.5625,438034.175,-6754.174999999988,12343.75,603832.6875,-5633.8125,506722.525,42251.95000000001,0.6375000000000002,-0.19999999999999996,-0.42499999999999716,1.4375,-0.34999999999999964,0.38749999999998863,0.1625,0.11249999999999982,-0.4249999999999998,0.7875000000000001,-0.7625,0.0
-17373.449999999997,463126.6625,-42982.5625,437430.175,-7030.174999999988,12487.75,603652.6875,-5696.8125,506973.525,42270.95000000001,0.6375000000000002,0.8,-0.42499999999999716,1.4375,-1.3499999999999996,0.38749999999998863,-0.8375,0.11249999999999982,-0.4249999999999998,0.7875000000000001,-0.7625,-1.0
-16906.449999999997,462945.6625,-42988.5625,436844.175,-6863.174999999988,12522.75,603205.6875,-5738.8125,507593.525,42688.95000000001,0.6375000000000002,-0.19999999999999996,-0.42499999999999716,1.4375,-0.34999999999999964,-0.6125000000000114,0.1625,0.11249999999999982,-0.4249999999999998,0.7875000000000001,-0.7625,0.0
-16844.449999999997,462165.6625,-42902.5625,436386.175,-6997.174999999988,12389.75,603919.6875,-5791.8125,507940.525,42734.95000000001,1.6375000000000002,-0.19999999999999996,-0.42499999999999716,1.4375,-2.3499999999999996,0.38749999999998863,0.1625,-0.8875000000000002,-0.4249999999999998,0.7875000000000001,0.2375,0.0
-16681.449999999997,463050.6625,-42848.5625,436221.175,-7120.174999999988,12340.75,604840.6875,-5746.8125,508001.525,43203.95000000001,0.6375000000000002,-0.19999999999999996,0.5750000000000028,1.4375,-1.3499999999999996,0.38749999999998863,0.1625,-0.8875000000000002,-0.4249999999999998,0.7875000000000001,0.2375,0.0
-16596.449999999997,463537.6625,-42837.5625,436136.175,-6812.174999999988,12473.75,604762.6875,-5565.8125,507876.525,43103.95000000001,0.6375000000000002,-0.19999999999999996,-0.42499999999999716,1.4375,-0.34999999999999964,-0.6125000000000114,-0.8375,0.11249999999999982,1.5750000000000002,0.7875000000000001,0.2375,-1.0
-16716.449999999997,463627.6625,-42769.5625,436173.175,-6569.174999999988,12418.75,604687.6875,-5606.8125,507435.525,42859.95000000001,0.6375000000000002,0.8,0.5750000000000028,1.4375,-0.34999999999999964,-0.6125000000000114,0.1625,0.11249999999999982,0.5750000000000002,-0.2124999999999999,0.2375,0.0
-16797.449999999997,463355.6625,-42884.5625,436366.175,-6900.174999999988,12330.75,604250.6875,-5642.8125,507102.525,42660.95000000001,0.6375000000000002,-0.19999999999999996,1.5750000000000028,1.4375,-0.34999999999999964,-0.6125000000000114,-0.8375,0.11249999999999982,0.5750000000000002,-0.2124999999999999,0.2375,0.0
-16699.449999999997,463255.6625,-42662.5625,436579.175,-6920.174999999988,12540.75,604165.6875,-5602.8125,506901.525,42482.95000000001,0.6375000000000002,-0.19999999999999996,-0.42499999999999716,1.4375,-0.34999999999999964,0.38749999999998863,0.1625,0.11249999999999982,-0.4249999999999998,-0.2124999999999999,0.2375,1.0
-16768.449999999997,463959.6625,-42651.5625,436580.175,-6673.174999999988,12416.75,604311.6875,-5545.8125,506464.525,42021.95000000001,-0.3624999999999998,-0.19999999999999996,-1.4249999999999972,0.4375,-0.34999999999999964,0.38749999999998863,0.1625,-0.8875000000000002,-0.4249999999999998,-0.2124999999999999,0.2375,-1.0
-16893.449999999997,464906.6625,-42540.5625,436543.175,-6629.174999999988,12268.75,603830.6875,-5652.8125,506257.525,42040.95000000001,-0.3624999999999998,-0.19999999999999996,-0.42499999999999716,1.4375,-0.34999999999999964,-0.6125000000000114,0.1625,0.11249999999999982,0.5750000000000002,-0.2124999999999999,0.2375,-1.0
-16910.449999999997,466349.6625,-42585.5625,436602.175,-6620.174999999988,12294.75,604542.6875,-5777.8125,506310.525,42302.95000000001,-0.3624999999999998,0.8,0.5750000000000028,1.4375,-0.34999999999999964,-1.6125000000000114,0.1625,0.11249999999999982,-0.4249999999999998,-0.2124999999999999,0.2375,-1.0
-16250.449999999997,467051.6625,-42631.5625,435964.175,-6510.174999999988,12368.75,604874.6875,-5823.8125,505971.525,42081.95000000001,-0.3624999999999998,-0.19999999999999996,0.5750000000000028,0.4375,-1.3499999999999996,-0.6125000000000114,0.1625,0.11249999999999982,-0.4249999999999998,-0.2124999999999999,0.2375,0.0
-15608.449999999997,467226.6625,-42581.5625,434910.175,-6301.174999999988,12948.75,605016.6875,-5675.8125,505326.525,41884.95000000001,-0.3624999999999998,-0.19999999999999996,0.5750000000000028,0.4375,-0.34999999999999964,-0.6125000000000114,0.1625,1.1124999999999998,0.5750000000000002,-0.2124999999999999,0.2375,-1.0
-15214.449999999997,467036.6625,-42695.5625,434148.175,-6414.174999999988,13094.75,605634.6875,-5636.8125,505018.525,41774.95000000001,0.6375000000000002,-0.19999999999999996,-0.42499999999999716,0.4375,-0.34999999999999964,0.38749999999998863,0.1625,-0.8875000000000002,0.5750000000000002,-0.2124999999999999,0.2375,0.0
-14952.449999999997,467066.6625,-42683.5625,433301.175,-6429.174999999988,13027.75,605877.6875,-5586.8125,505032.525,41945.95000000001,0.6375000000000002,-0.19999999999999996,-0.42499999999999716,1.4375,-0.34999999999999964,0.38749999999998863,-0.8375,-0.8875000000000002,0.5750000000000002,-0.2124999999999999,0.2375,0.0
-14996.449999999997,467154.6625,-42555.5625,433472.175,-6364.174999999988,12865.75,606357.6875,-5651.8125,505356.525,42149.95000000001,-0.3624999999999998,-0.19999999999999996,0.5750000000000028,0.4375,0.6500000000000004,-0.6125000000000114,0.1625,0.11249999999999982,0.5750000000000002,-0.2124999999999999,0.2375,0.0
-15391.449999999997,466716.6625,-42471.5625,434551.175,-6558.174999999988,12945.75,606101.6875,-5501.8125,506358.525,42190.95000000001,-0.3624999999999998,-0.19999999999999996,0.5750000000000028,1.4375,-0.34999999999999964,-0.6125000000000114,-0.8375,0.11249999999999982,0.5750000000000002,0.7875000000000001,0.2375,0.0
-15567.449999999997,466109.6625,-42569.5625,435013.175,-6735.174999999988,12791.75,605409.6875,-5512.8125,506804.525,42616.95000000001,0.6375000000000002,-0.19999999999999996,-0.42499999999999716,0.4375,-0.34999999999999964,-0.6125000000000114,0.1625,0.11249999999999982,0.5750000000000002,0.7875000000000001,0.2375,0.0
-15937.449999999997,465387.6625,-42503.5625,435425.175,-6606.174999999988,12587.75,605268.6875,-5578.8125,507185.525,42777.95000000001,0.6375000000000002,-0.19999999999999996,0.5750000000000028,0.4375,-0.34999999999999964,-0.6125000000000114,0.1625,-0.8875000000000002,0.5750000000000002,-0.2124999999999999,0.2375,0.0
-16571.449999999997,464852.6625,-42785.5625,435787.175,-7011.174999999988,12569.75,604498.6875,-5583.8125,507093.525,42780.95000000001,0.6375000000000002,-0.19999999999999996,-0.42499999999999716,1.4375,-0.34999999999999964,-0.6125000000000114,-0.8375,0.11249999999999982,-0.4249999999999998,-0.2124999999999999,0.2375,0.0
-17130.449999999997,464183.6625,-42823.5625,436150.175,-7134.174999999988,12453.75,603351.6875,-5623.8125,506975.525,42579.95000000001,0.6375000000000002,-0.19999999999999996,-0.42499999999999716,1.4375,-1.3499999999999996,-0.6125000000000114,-0.8375,0.11249999999999982,-0.4249999999999998,0.7875000000000001,0.2375,1.0
-17376.449999999997,464225.6625,-42808.5625,436832.175,-6802.174999999988,12355.75,602947.6875,-5685.8125,507583.525,42423.95000000001,0.6375000000000002,-0.19999999999999996,-0.42499999999999716,1.4375,-1.3499999999999996,0.38749999999998863,-0.8375,0.11249999999999982,-0.4249999999999998,-0.2124999999999999,0.2375,1.0
-17619.449999999997,464442.6625,-42776.5625,437219.175,-6918.174999999988,12231.75,603556.6875,-5843.8125,507936.525,42480.95000000001,-0.3624999999999998,-0.19999999999999996,-0.42499999999999716,1.4375,-0.34999999999999964,0.38749999999998863,0.1625,0.11249999999999982,0.5750000000000002,-0.2124999999999999,0.2375,0.0
-17355.449999999997,463760.6625,-42826.5625,436739.175,-7115.174999999988,12307.75,604177.6875,-5628.8125,508154.525,42930.95000000001,0.6375000000000002,-0.19999999999999996,0.5750000000000028,2.4375,-1.3499999999999996,0.38749999999998863,-0.8375,-0.8875000000000002,-0.4249999999999998,-0.2124999999999999,-0.7625,0.0
-17086.449999999997,463011.6625,-42906.5625,436082.175,-6876.174999999988,12433.75,604540.6875,-5681.8125,508042.525,42964.95000000001,0.6375000000000002,-0.19999999999999996,0.5750000000000028,1.4375,-0.34999999999999964,-0.6125000000000114,0.1625,0.11249999999999982,-0.4249999999999998,-0.2124999999999999,0.2375,0.0
-16914.449999999997,462857.6625,-42839.5625,435729.175,-7152.174999999988,12524.75,604718.6875,-5491.8125,507708.525,43076.95000000001,0.6375000000000002,-0.19999999999999996,-0.42499999999999716,1.4375,-0.34999999999999964,-0.6125000000000114,0.1625,0.11249999999999982,-0.4249999999999998,-0.2124999999999999,0.2375,0.0
-16860.449999999997,463074.6625,-42851.5625,435721.175,-7124.174999999988,12947.75,603994.6875,-5648.8125,507464.525,42878.95000000001,0.6375000000000002,-0.19999999999999996,-0.42499999999999716,1.4375,-0.34999999999999964,0.38749999999998863,0.1625,0.11249999999999982,0.5750000000000002,-0.2124999999999999,0.2375,0.0
-16793.449999999997,463510.6625,-42833.5625,435921.175,-7043.174999999988,12732.75,604512.6875,-5544.8125,507786.525,42929.95000000001,0.6375000000000002,-0.19999999999999996,-0.42499999999999716,1.4375,-0.34999999999999964,-0.6125000000000114,-0.8375,0.11249999999999982,0.5750000000000002,-0.2124999999999999,0.2375,0.0
-17119.449999999997,464175.6625,-42846.5625,436229.175,-7231.174999999988,12513.75,604753.6875,-5562.8125,508106.525,42793.95000000001,0.6375000000000002,0.8,0.5750000000000028,1.4375,-0.34999999999999964,-0.6125000000000114,0.1625,-0.8875000000000002,-0.4249999999999998,-0.2124999999999999,0.2375,-1.0
-17564.449999999997,464700.6625,-42738.5625,436457.175,-6923.174999999988,12278.75,604209.6875,-5733.8125,508193.525,43053.95000000001,0.6375000000000002,-0.19999999999999996,0.5750000000000028,0.4375,-0.34999999999999964,0.38749999999998863,0.1625,-0.8875000000000002,-0.4249999999999998,0.7875000000000001,0.2375,0.0
-17652.449999999997,464577.6625,-42775.5625,436967.175,-7137.174999999988,12282.75,603311.6875,-5553.8125,508105.525,43071.95000000001,-0.3624999999999998,0.8,-0.42499999999999716,0.4375,0.6500000000000004,0.38749999999998863,0.1625,0.11249999999999982,-1.4249999999999998,-0.2124999999999999,-0.7625,-1.0
-17337.449999999997,464542.6625,-42693.5625,436857.175,-7224.174999999988,12487.75,603141.6875,-5466.8125,507852.525,42741.95000000001,0.6375000000000002,-0.19999999999999996,-0.42499999999999716,1.4375,-0.34999999999999964,1.3874999999999886,0.1625,0.11249999999999982,-0.4249999999999998,-0.2124999999999999,0.2375,-1.0
-17100.449999999997,464672.6625,-42550.5625,436500.175,-7236.174999999988,12475.75,603249.6875,-5662.8125,507367.525,42383.95000000001,-0.3624999999999998,-0.19999999999999996,0.5750000000000028,0.4375,-0.34999999999999964,-0.6125000000000114,0.1625,0.11249999999999982,0.5750000000000002,-1.2125,0.2375,0.0
-17087.449999999997,465045.6625,-42518.5625,436143.175,-7434.174999999988,12593.75,603386.6875,-5684.8125,507094.525,42250.95000000001,0.6375000000000002,-0.19999999999999996,-0.42499999999999716,0.4375,-0.34999999999999964,0.38749999999998863,-0.8375,-0.8875000000000002,-0.4249999999999998,-0.2124999999999999,0.2375,0.0
-16868.449999999997,466115.6625,-42541.5625,435847.175,-7157.174999999988,12648.75,603859.6875,-5529.8125,506888.525,42581.95000000001,-0.3624999999999998,-0.19999999999999996,-0.42499999999999716,0.4375,-0.34999999999999964,-0.6125000000000114,0.1625,0.11249999999999982,-0.4249999999999998,-0.2124999999999999,0.2375,1.0
-16625.449999999997,466827.6625,-42490.5625,435545.175,-6913.174999999988,12772.75,605028.6875,-5522.8125,506870.525,42613.95000000001,-0.3624999999999998,-0.19999999999999996,-0.42499999999999716,0.4375,-0.34999999999999964,-0.6125000000000114,0.1625,-0.8875000000000002,0.5750000000000002,-0.2124999999999999,0.2375,0.0
-16245.449999999997,467115.6625,-42461.5625,435348.175,-6625.174999999988,12938.75,605933.6875,-5687.8125,506848.525,42622.95000000001,0.6375000000000002,-0.19999999999999996,-0.42499999999999716,0.4375,-1.3499999999999996,-0.6125000000000114,0.1625,0.11249999999999982,-0.4249999999999998,-0.2124999999999999,-0.7625,0.0
-15723.449999999997,467253.6625,-42548.5625,434514.175,-6782.174999999988,13031.75,605593.6875,-5808.8125,506709.525,42896.95000000001,-0.3624999999999998,-0.19999999999999996,0.5750000000000028,0.4375,-0.34999999999999964,-0.6125000000000114,0.1625,0.11249999999999982,-0.4249999999999998,-1.2125,0.2375,1.0
-15445.449999999997,467069.6625,-42716.5625,433985.175,-7083.174999999988,13155.75,606074.6875,-5661.8125,506577.525,43204.95000000001,0.6375000000000002,-0.19999999999999996,0.5750000000000028,1.4375,-0.34999999999999964,1.3874999999999886,-0.8375,0.11249999999999982,0.5750000000000002,0.7875000000000001,0.2375,0.0
-15154.449999999997,466535.6625,-42550.5625,433913.175,-7063.174999999988,13027.75,605647.6875,-5523.8125,506787.525,42948.95000000001,0.6375000000000002,-0.19999999999999996,0.5750000000000028,1.4375,-1.3499999999999996,0.38749999999998863,0.1625,0.11249999999999982,0.5750000000000002,-0.2124999999999999,0.2375,-1.0
-15367.449999999997,466006.6625,-42659.5625,434290.175,-6963.174999999988,12919.75,605513.6875,-5581.8125,507261.525,42694.95000000001,-0.3624999999999998,-0.19999999999999996,1.5750000000000028,0.4375,-1.3499999999999996,0.38749999999998863,0.1625,0.11249999999999982,0.5750000000000002,-0.2124999999999999,0.2375,0.0
-15771.449999999997,465782.6625,-42733.5625,434671.175,-7137.174999999988,12845.75,605819.6875,-5725.8125,507607.525,42663.95000000001,-0.3624999999999998,0.8,0.5750000000000028,1.4375,-1.3499999999999996,-0.6125000000000114,-0.8375,0.11249999999999982,0.5750000000000002,-0.2124999999999999,-0.7625,-1.0
-16350.449999999997,465668.6625,-42770.5625,434966.175,-7264.174999999988,12692.75,605338.6875,-5873.8125,507776.525,42851.95000000001,0.6375000000000002,0.8,0.5750000000000028,0.4375,-1.3499999999999996,-0.6125000000000114,-0.8375,0.11249999999999982,0.5750000000000002,-0.2124999999999999,0.2375,-1.0
-16744.449999999997,465660.6625,-42741.5625,435368.175,-6849.174999999988,12588.75,604945.6875,-5742.8125,507243.525,42900.95000000001,0.6375000000000002,-0.19999999999999996,0.5750000000000028,0.4375,-0.34999999999999964,-0.6125000000000114,0.1625,0.11249999999999982,0.5750000000000002,-0.2124999999999999,0.2375,0.0
-16779.449999999997,464853.6625,-42759.5625,436163.175,-7015.174999999988,12664.75,604172.6875,-5776.8125,507243.525,42968.95000000001,-0.3624999999999998,-0.19999999999999996,1.5750000000000028,1.4375,-0.34999999999999964,-0.6125000000000114,0.1625,0.11249999999999982,-0.4249999999999998,-1.2125,-0.7625,1.0
-16992.449999999997,464443.6625,-42712.5625,435816.175,-7208.174999999988,12821.75,603159.6875,-5666.8125,507540.525,42771.95000000001,0.6375000000000002,-0.19999999999999996,0.5750000000000028,1.4375,-1.3499999999999996,1.3874999999999886,0.1625,0.11249999999999982,-0.4249999999999998,0.7875000000000001,0.2375,0.0
-17062.449999999997,464019.6625,-42763.5625,435641.175,-6934.174999999988,12760.75,603373.6875,-5491.8125,507930.525,42855.95000000001,0.6375000000000002,0.8,-0.42499999999999716,1.4375,-0.34999999999999964,0.38749999999998863,0.1625,0.11249999999999982,-0.4249999999999998,0.7875000000000001,0.2375,-2.0
-17067.449999999997,463835.6625,-42848.5625,435548.175,-7071.174999999988,12716.75,604540.6875,-5473.8125,508367.525,43190.95000000001,0.6375000000000002,-0.19999999999999996,0.5750000000000028,0.4375,-0.34999999999999964,0.38749999999998863,0.1625,0.11249999999999982,0.5750000000000002,-0.2124999999999999,-0.7625,0.0
-16911.449999999997,464274.6625,-42852.5625,435580.175,-6991.174999999988,12988.75,604627.6875,-5576.8125,508658.525,43408.95000000001,0.6375000000000002,-0.19999999999999996,-1.4249999999999972,1.4375,-0.34999999999999964,0.38749999999998863,0.1625,0.11249999999999982,-0.4249999999999998,-0.2124999999999999,0.2375,1.0
-16872.449999999997,464227.6625,-42791.5625,435684.175,-7039.174999999988,12974.75,604395.6875,-5766.8125,508766.525,43380.95000000001,1.6375000000000002,-0.19999999999999996,-0.42499999999999716,1.4375,-1.3499999999999996,0.38749999999998863,0.1625,0.11249999999999982,-0.4249999999999998,-0.2124999999999999,0.2375,1.0
-17110.449999999997,463840.6625,-42666.5625,435838.175,-7134.174999999988,12910.75,604409.6875,-5780.8125,508965.525,43251.95000000001,0.6375000000000002,-0.19999999999999996,-0.42499999999999716,0.4375,-1.3499999999999996,0.38749999999998863,0.1625,0.11249999999999982,-0.4249999999999998,-0.2124999999999999,0.2375,0.0
-17331.449999999997,464117.6625,-42690.5625,436550.175,-7174.174999999988,12837.75,604243.6875,-5641.8125,509059.525,43281.95000000001,0.6375000000000002,-0.19999999999999996,0.5750000000000028,1.4375,-0.34999999999999964,-0.6125000000000114,-0.8375,0.11249999999999982,-0.4249999999999998,-0.2124999999999999,0.2375,0.0
-17687.449999999997,464262.6625,-42885.5625,436745.175,-7138.174999999988,12835.75,604463.6875,-5757.8125,508992.525,43340.95000000001,0.6375000000000002,-0.19999999999999996,0.5750000000000028,1.4375,-0.34999999999999964,0.38749999999998863,0.1625,0.11249999999999982,0.5750000000000002,-0.2124999999999999,0.2375,0.0
-18028.449999999997,464262.6625,-42797.5625,436880.175,-7198.174999999988,12640.75,603842.6875,-5631.8125,508623.525,43117.95000000001,0.6375000000000002,0.8,-0.42499999999999716,1.4375,-0.34999999999999964,0.38749999999998863,-0.8375,0.11249999999999982,-0.4249999999999998,-0.2124999999999999,0.2375,0.0
-17842.449999999997,464917.6625,-42718.5625,437055.175,-7304.174999999988,12607.75,603891.6875,-5543.8125,508295.525,42945.95000000001,0.6375000000000002,-0.19999999999999996,-0.42499999999999716,0.4375,-0.34999999999999964,0.38749999999998863,0.1625,0.11249999999999982,-0.4249999999999998,-0.2124999999999999,0.2375,-1.0
-17576.449999999997,464991.6625,-42741.5625,436856.175,-7186.174999999988,12710.75,603585.6875,-5591.8125,507642.525,43017.95000000001,0.6375000000000002,0.8,-0.42499999999999716,0.4375,-0.34999999999999964,0.38749999999998863,0.1625,0.11249999999999982,-1.4249999999999998,-0.2124999999999999,0.2375,1.0
-17209.449999999997,465690.6625,-42583.5625,436246.175,-7186.174999999988,12826.75,603616.6875,-5875.8125,507227.525,42800.95000000001,-0.3624999999999998,-0.19999999999999996,-0.42499999999999716,0.4375,0.6500000000000004,0.38749999999998863,0.1625,-0.8875000000000002,-1.4249999999999998,-0.2124999999999999,0.2375,1.0
-16987.449999999997,466169.6625,-42422.5625,435676.175,-7076.174999999988,12932.75,603502.6875,-5702.8125,506828.525,43068.95000000001,-0.3624999999999998,-0.19999999999999996,-0.42499999999999716,0.4375,-0.34999999999999964,-0.6125000000000114,0.1625,0.11249999999999982,0.5750000000000002,-0.2124999999999999,0.2375,-1.0
-16635.449999999997,466377.6625,-42439.5625,435104.175,-6855.174999999988,13021.75,603574.6875,-5554.8125,506752.525,42937.95000000001,-0.3624999999999998,-0.19999999999999996,0.5750000000000028,0.4375,-0.34999999999999964,-1.6125000000000114,0.1625,0.11249999999999982,0.5750000000000002,-0.2124999999999999,-0.7625,0.0
-16290.449999999997,466444.6625,-42544.5625,434480.175,-7015.174999999988,13159.75,604176.6875,-5620.8125,506850.525,42874.95000000001,0.6375000000000002,-0.19999999999999996,0.5750000000000028,0.4375,-0.34999999999999964,0.38749999999998863,0.1625,0.11249999999999982,0.5750000000000002,-0.2124999999999999,0.2375,0.0
-15787.449999999997,466400.6625,-42777.5625,433927.175,-7108.174999999988,13252.75,605255.6875,-5626.8125,506988.525,43149.95000000001,-0.3624999999999998,-0.19999999999999996,-1.4249999999999972,1.4375,-0.34999999999999964,0.38749999999998863,0.1625,0.11249999999999982,-0.4249999999999998,-1.2125,0.2375,1.0
-15713.449999999997,465986.6625,-42660.5625,433901.175,-7056.174999999988,13286.75,605338.6875,-5693.8125,507379.525,43080.95000000001,1.6375000000000002,-0.19999999999999996,-0.42499999999999716,1.4375,0.6500000000000004,0.38749999999998863,0.1625,0.11249999999999982,0.5750000000000002,-0.2124999999999999,0.2375,0.0
-15982.449999999997,465814.6625,-42816.5625,434108.175,-6802.174999999988,13005.75,605251.6875,-5732.8125,507657.525,43018.95000000001,0.6375000000000002,-0.19999999999999996,-0.42499999999999716,0.4375,-0.34999999999999964,0.38749999999998863,-0.8375,-0.8875000000000002,-0.4249999999999998,-0.2124999999999999,0.2375,0.0
-16314.449999999997,465612.6625,-42808.5625,434965.175,-7016.174999999988,12900.75,604509.6875,-5598.8125,507985.525,43111.95000000001,0.6375000000000002,-0.19999999999999996,-0.42499999999999716,1.4375,-1.3499999999999996,0.38749999999998863,0.1625,0.11249999999999982,0.5750000000000002,-0.2124999999999999,-0.7625,0.0
-16541.449999999997,465368.6625,-42728.5625,435392.175,-7237.174999999988,12870.75,604218.6875,-5612.8125,508139.525,43248.95000000001,-0.3624999999999998,0.8,1.5750000000000028,0.4375,-0.34999999999999964,-0.6125000000000114,0.1625,0.11249999999999982,0.5750000000000002,-0.2124999999999999,0.2375,-1.0
-16893.449999999997,465502.6625,-42774.5625,435651.175,-7208.174999999988,12866.75,604157.6875,-5616.8125,508675.525,43315.95000000001,-0.3624999999999998,0.8,-0.42499999999999716,1.4375,-1.3499999999999996,-0.6125000000000114,0.1625,-0.8875000000000002,-0.4249999999999998,-0.2124999999999999,-0.7625,0.0
-17079.449999999997,465406.6625,-42787.5625,435838.175,-7085.174999999988,12926.75,604084.6875,-5615.8125,508536.525,43200.95000000001,-0.3624999999999998,-0.19999999999999996,-0.42499999999999716,1.4375,-1.3499999999999996,-0.6125000000000114,0.1625,0.11249999999999982,0.5750000000000002,-0.2124999999999999,0.2375,0.0
-17149.449999999997,465647.6625,-42707.5625,435786.175,-7068.174999999988,12988.75,604680.6875,-5729.8125,508346.525,43297.95000000001,0.6375000000000002,-0.19999999999999996,0.5750000000000028,1.4375,-0.34999999999999964,-0.6125000000000114,-0.8375,0.11249999999999982,-0.4249999999999998,-0.2124999999999999,0.2375,0.0
-16776.449999999997,465451.6625,-42683.5625,435135.175,-6889.174999999988,13011.75,604360.6875,-5658.8125,508133.525,43259.95000000001,0.6375000000000002,-0.19999999999999996,-0.42499999999999716,1.4375,-0.34999999999999964,0.38749999999998863,0.1625,0.11249999999999982,-0.4249999999999998,-0.2124999999999999,0.2375,1.0
-16857.449999999997,465211.6625,-42783.5625,435008.175,-7064.174999999988,12807.75,605107.6875,-5738.8125,508325.525,43625.95000000001,0.6375000000000002,-0.19999999999999996,-0.42499999999999716,1.4375,-0.34999999999999964,-0.6125000000000114,0.1625,0.11249999999999982,-0.4249999999999998,-0.2124999999999999,0.2375,0.0
-17096.449999999997,465687.6625,-42798.5625,435550.175,-7150.174999999988,12842.75,605419.6875,-5702.8125,509171.525,43765.95000000001,1.6375000000000002,-1.2,-0.42499999999999716,0.4375,-0.34999999999999964,-0.6125000000000114,0.1625,0.11249999999999982,0.5750000000000002,-0.2124999999999999,0.2375,0.0
-16821.449999999997,465635.6625,-42719.5625,435004.175,-7150.174999999988,13091.75,604954.6875,-5512.8125,508703.525,43844.95000000001,0.6375000000000002,-1.2,0.5750000000000028,1.4375,-1.3499999999999996,0.38749999999998863,0.1625,0.11249999999999982,-0.4249999999999998,-0.2124999999999999,0.2375,0.0
-16195.449999999997,464603.6625,-42838.5625,434079.175,-7449.174999999988,13431.75,603618.6875,-5525.8125,507791.525,43534.95000000001,0.6375000000000002,-0.19999999999999996,1.5750000000000028,0.4375,-0.34999999999999964,0.38749999999998863,0.1625,0.11249999999999982,0.5750000000000002,-0.2124999999999999,-0.7625,0.0
-15722.449999999997,463182.6625,-42857.5625,433961.175,-7826.174999999988,13686.75,603182.6875,-5596.8125,507668.525,43207.95000000001,0.6375000000000002,-0.19999999999999996,-0.42499999999999716,1.4375,-0.34999999999999964,-0.6125000000000114,-0.8375,0.11249999999999982,0.5750000000000002,-0.2124999999999999,0.2375,0.0
-16306.449999999997,464407.6625,-42647.5625,434863.175,-7912.174999999988,13068.75,605055.6875,-5418.8125,509091.525,43506.95000000001,0.6375000000000002,-0.19999999999999996,0.5750000000000028,1.4375,-0.34999999999999964,-0.6125000000000114,-0.8375,0.11249999999999982,-0.4249999999999998,-0.2124999999999999,0.2375,0.0
-18625.449999999997,465224.6625,-42685.5625,438040.175,-7214.174999999988,12464.75,604375.6875,-5668.8125,510008.525,43730.95000000001,0.6375000000000002,0.8,0.5750000000000028,1.4375,-0.34999999999999964,-0.6125000000000114,0.1625,0.11249999999999982,-0.4249999999999998,0.7875000000000001,0.2375,-1.0
-19045.449999999997,465186.6625,-42667.5625,438421.175,-7048.174999999988,12600.75,601474.6875,-5551.8125,507893.525,42551.95000000001,0.6375000000000002,0.8,-0.42499999999999716,1.4375,0.6500000000000004,-0.6125000000000114,-0.8375,0.11249999999999982,-0.4249999999999998,-0.2124999999999999,0.2375,0.0
-18974.449999999997,465663.6625,-42535.5625,437907.175,-7958.174999999988,12799.75,599078.6875,-5642.8125,505772.525,41640.95000000001,1.6375000000000002,-0.19999999999999996,0.5750000000000028,0.4375,0.6500000000000004,0.38749999999998863,-0.8375,0.11249999999999982,-0.4249999999999998,-0.2124999999999999,0.2375,0.0
-18558.449999999997,465585.6625,-42415.5625,437417.175,-8186.174999999988,12873.75,597483.6875,-5639.8125,505047.525,41245.95000000001,0.6375000000000002,-1.2,0.5750000000000028,0.4375,-0.34999999999999964,1.3874999999999886,-0.8375,0.11249999999999982,0.5750000000000002,-0.2124999999999999,0.2375,0.0
-18763.449999999997,466527.6625,-42399.5625,437292.175,-7769.174999999988,12771.75,599105.6875,-5533.8125,505612.525,41591.95000000001,0.6375000000000002,0.8,-0.42499999999999716,1.4375,-0.34999999999999964,-0.6125000000000114,0.1625,1.1124999999999998,-0.4249999999999998,-0.2124999999999999,0.2375,0.0
-18930.449999999997,468026.6625,-42428.5625,437377.175,-7420.174999999988,12593.75,603072.6875,-5570.8125,509418.525,42500.95000000001,-0.3624999999999998,-0.19999999999999996,0.5750000000000028,0.4375,-0.34999999999999964,0.38749999999998863,0.1625,0.11249999999999982,-0.4249999999999998,-0.2124999999999999,0.2375,1.0
-18307.449999999997,468321.6625,-42498.5625,437082.175,-7217.174999999988,12773.75,605906.6875,-5562.8125,510098.525,44474.95000000001,-0.3624999999999998,-0.19999999999999996,0.5750000000000028,0.4375,-0.34999999999999964,-0.6125000000000114,-0.8375,0.11249999999999982,0.5750000000000002,-1.2125,0.2375,-1.0
-14661.449999999997,464539.6625,-42717.5625,431865.175,-7325.174999999988,13291.75,605298.6875,-5442.8125,508407.525,43702.95000000001,0.6375000000000002,0.8,-1.4249999999999972,0.4375,-1.3499999999999996,-0.6125000000000114,0.1625,0.11249999999999982,0.5750000000000002,-0.2124999999999999,-0.7625,1.0
-14303.449999999997,464198.6625,-42908.5625,431686.175,-7467.174999999988,13495.75,605296.6875,-5343.8125,508010.525,43737.95000000001,0.6375000000000002,-1.2,0.5750000000000028,1.4375,-1.3499999999999996,-0.6125000000000114,0.1625,0.11249999999999982,0.5750000000000002,-0.2124999999999999,-0.7625,0.0
-14846.449999999997,464803.6625,-42905.5625,432806.175,-7167.174999999988,13662.75,606010.6875,-5465.8125,508537.525,44026.95000000001,-0.3624999999999998,-1.2,0.5750000000000028,1.4375,-0.34999999999999964,0.38749999999998863,0.1625,-0.8875000000000002,0.5750000000000002,-0.2124999999999999,-0.7625,1.0
-15828.449999999997,466895.6625,-42782.5625,434046.175,-6822.174999999988,12757.75,607739.6875,-5610.8125,510008.525,44401.95000000001,-0.3624999999999998,-0.19999999999999996,0.5750000000000028,0.4375,-0.34999999999999964,0.38749999999998863,0.1625,1.1124999999999998,-0.4249999999999998,0.7875000000000001,0.2375,1.0
-16387.449999999997,467853.6625,-42684.5625,434795.175,-6948.174999999988,12599.75,608513.6875,-5622.8125,510604.525,44681.95000000001,0.6375000000000002,-1.2,-0.42499999999999716,1.4375,-1.3499999999999996,0.38749999999998863,0.1625,0.11249999999999982,-0.4249999999999998,-0.2124999999999999,-0.7625,0.0
-16238.449999999997,466526.6625,-42896.5625,434954.175,-6949.174999999988,13091.75,607212.6875,-5441.8125,510395.525,44751.95000000001,0.6375000000000002,-0.19999999999999996,0.5750000000000028,0.4375,-0.34999999999999964,-0.6125000000000114,-0.8375,-1.8875000000000002,-0.4249999999999998,-0.2124999999999999,0.2375,-1.0
-15677.449999999997,464476.6625,-42865.5625,434128.175,-7480.174999999988,13261.75,605358.6875,-5408.8125,509545.525,44273.95000000001,0.6375000000000002,-0.19999999999999996,0.5750000000000028,1.4375,-0.34999999999999964,-0.6125000000000114,-0.8375,-0.8875000000000002,-0.4249999999999998,0.7875000000000001,0.2375,0.0
-15888.449999999997,463487.6625,-42864.5625,433584.175,-7421.174999999988,13118.75,605031.6875,-5256.8125,508966.525,43935.95000000001,-0.3624999999999998,0.8,-0.42499999999999716,0.4375,-0.34999999999999964,0.38749999999998863,0.1625,0.11249999999999982,0.5750000000000002,-0.2124999999999999,0.2375,0.0
-16835.449999999997,463942.6625,-43056.5625,435073.175,-7370.174999999988,13114.75,603396.6875,-5391.8125,509556.525,44062.95000000001,0.6375000000000002,0.8,0.5750000000000028,1.4375,-1.3499999999999996,0.38749999999998863,0.1625,0.11249999999999982,-0.4249999999999998,-1.2125,0.2375,0.0
-17896.449999999997,465036.6625,-42787.5625,436759.175,-7369.174999999988,13028.75,604421.6875,-5610.8125,509819.525,44083.95000000001,0.6375000000000002,0.8,-0.42499999999999716,1.4375,-0.34999999999999964,-0.6125000000000114,0.1625,0.11249999999999982,0.5750000000000002,-0.2124999999999999,0.2375,-1.0
-18849.449999999997,468196.6625,-42741.5625,437530.175,-7118.174999999988,12390.75,604798.6875,-5623.8125,509637.525,43867.95000000001,0.6375000000000002,0.8,0.5750000000000028,0.4375,-0.34999999999999964,-0.6125000000000114,0.1625,0.11249999999999982,-0.4249999999999998,0.7875000000000001,0.2375,0.0
-18702.449999999997,466952.6625,-42737.5625,437299.175,-7353.174999999988,12768.75,603528.6875,-5548.8125,508863.525,43313.95000000001,0.6375000000000002,0.8,-0.42499999999999716,1.4375,-0.34999999999999964,0.38749999999998863,0.1625,0.11249999999999982,-0.4249999999999998,-0.2124999999999999,0.2375,0.0
-17979.449999999997,465306.6625,-42713.5625,436507.175,-7680.174999999988,13180.75,601173.6875,-5453.8125,508135.525,43071.95000000001,-0.3624999999999998,-0.19999999999999996,-0.42499999999999716,1.4375,0.6500000000000004,-0.6125000000000114,0.1625,0.11249999999999982,-0.4249999999999998,0.7875000000000001,0.2375,-1.0
-17423.449999999997,464703.6625,-42659.5625,435578.175,-7802.174999999988,13349.75,600963.6875,-5575.8125,507834.525,42883.95000000001,0.6375000000000002,-0.19999999999999996,0.5750000000000028,1.4375,-0.34999999999999964,0.38749999999998863,-0.8375,0.11249999999999982,-0.4249999999999998,0.7875000000000001,0.2375,1.0
-17377.449999999997,465070.6625,-42574.5625,435693.175,-7866.174999999988,13110.75,602699.6875,-5496.8125,509090.525,43290.95000000001,-0.3624999999999998,-0.19999999999999996,-0.42499999999999716,1.4375,-0.34999999999999964,0.38749999999998863,0.1625,0.11249999999999982,0.5750000000000002,-0.2124999999999999,0.2375,0.0
-17919.449999999997,466176.6625,-42564.5625,436475.175,-7447.174999999988,12796.75,604053.6875,-5474.8125,510012.525,43937.95000000001,0.6375000000000002,0.8,0.5750000000000028,0.4375,-0.34999999999999964,-0.6125000000000114,0.1625,0.11249999999999982,-0.4249999999999998,-0.2124999999999999,1.2375,0.0
-17982.449999999997,467175.6625,-42603.5625,436791.175,-7482.174999999988,12854.75,604567.6875,-5612.8125,510056.525,44423.95000000001,0.6375000000000002,-0.19999999999999996,-0.42499999999999716,0.4375,-0.34999999999999964,0.38749999999998863,0.1625,0.11249999999999982,0.5750000000000002,-0.2124999999999999,0.2375,-1.0
-17801.449999999997,467136.6625,-42611.5625,436447.175,-7366.174999999988,12943.75,603889.6875,-5522.8125,509325.525,44220.95000000001,-0.3624999999999998,0.8,-0.42499999999999716,0.4375,-0.34999999999999964,-0.6125000000000114,-0.8375,0.11249999999999982,-0.4249999999999998,-0.2124999999999999,1.2375,1.0
-17340.449999999997,466258.6625,-42664.5625,435560.175,-7416.174999999988,13369.75,602673.6875,-5748.8125,508425.525,43315.95000000001,0.6375000000000002,-0.19999999999999996,-0.42499999999999716,0.4375,-0.34999999999999964,0.38749999999998863,0.1625,0.11249999999999982,0.5750000000000002,-0.2124999999999999,0.2375,0.0
-16957.449999999997,465351.6625,-42771.5625,434754.175,-7524.174999999988,13593.75,602578.6875,-5863.8125,507556.525,43598.95000000001,-0.3624999999999998,-0.19999999999999996,-0.42499999999999716,1.4375,-1.3499999999999996,-0.6125000000000114,0.1625,-0.8875000000000002,-0.4249999999999998,-0.2124999999999999,0.2375,0.0
-16605.449999999997,465961.6625,-42850.5625,434390.175,-7526.174999999988,13354.75,603384.6875,-5603.8125,508268.525,43895.95000000001,0.6375000000000002,-0.19999999999999996,0.5750000000000028,1.4375,-1.3499999999999996,0.38749999999998863,0.1625,0.11249999999999982,-0.4249999999999998,-0.2124999999999999,0.2375,0.0
-16686.449999999997,466806.6625,-42849.5625,434627.175,-7415.174999999988,13128.75,605180.6875,-5621.8125,509437.525,44365.95000000001,-0.3624999999999998,-0.19999999999999996,-0.42499999999999716,1.4375,-1.3499999999999996,-0.6125000000000114,0.1625,0.11249999999999982,-0.4249999999999998,0.7875000000000001,0.2375,0.0
-16225.449999999997,466582.6625,-42777.5625,434404.175,-7260.174999999988,13224.75,606803.6875,-5540.8125,510383.525,44600.95000000001,0.6375000000000002,-0.19999999999999996,0.5750000000000028,1.4375,-0.34999999999999964,0.38749999999998863,0.1625,-0.8875000000000002,0.5750000000000002,0.7875000000000001,0.2375,0.0
-15978.449999999997,465736.6625,-42747.5625,433951.175,-7134.174999999988,13193.75,607165.6875,-5304.8125,510657.525,45010.95000000001,-0.3624999999999998,-0.19999999999999996,0.5750000000000028,1.4375,-0.34999999999999964,0.38749999999998863,0.1625,0.11249999999999982,-0.4249999999999998,-0.2124999999999999,0.2375,1.0
-15764.449999999997,464681.6625,-42776.5625,433538.175,-7338.174999999988,13353.75,605055.6875,-5464.8125,510160.525,44906.95000000001,0.6375000000000002,-0.19999999999999996,0.5750000000000028,0.4375,-0.34999999999999964,0.38749999999998863,0.1625,0.11249999999999982,0.5750000000000002,-0.2124999999999999,0.2375,0.0
-16090.449999999997,464186.6625,-42838.5625,433631.175,-7059.174999999988,13475.75,604018.6875,-5505.8125,509036.525,44312.95000000001,-0.3624999999999998,-0.19999999999999996,-0.42499999999999716,0.4375,-0.34999999999999964,0.38749999999998863,0.1625,0.11249999999999982,0.5750000000000002,-0.2124999999999999,0.2375,0.0
-16709.449999999997,464739.6625,-42803.5625,434370.175,-7360.174999999988,13228.75,603689.6875,-5453.8125,509478.525,44233.95000000001,0.6375000000000002,-0.19999999999999996,0.5750000000000028,0.4375,-0.34999999999999964,-1.6125000000000114,0.1625,0.11249999999999982,1.5750000000000002,-1.2125,-0.7625,0.0
-17357.449999999997,465574.6625,-42762.5625,435432.175,-7665.174999999988,12898.75,603319.6875,-5498.8125,510137.525,44251.95000000001,0.6375000000000002,-0.19999999999999996,-0.42499999999999716,1.4375,-0.34999999999999964,-0.6125000000000114,0.1625,0.11249999999999982,-0.4249999999999998,-0.2124999999999999,-0.7625,0.0
-17894.449999999997,465658.6625,-42868.5625,436276.175,-7502.174999999988,12510.75,603623.6875,-5199.8125,510698.525,44471.95000000001,0.6375000000000002,-0.19999999999999996,0.5750000000000028,1.4375,-1.3499999999999996,-0.6125000000000114,0.1625,-0.8875000000000002,-0.4249999999999998,-0.2124999999999999,0.2375,1.0
-17912.449999999997,465509.6625,-42925.5625,435686.175,-7177.174999999988,12837.75,603487.6875,-5251.8125,510427.525,44523.95000000001,-0.3624999999999998,-0.19999999999999996,-0.42499999999999716,0.4375,-0.34999999999999964,-1.6125000000000114,0.1625,0.11249999999999982,-0.4249999999999998,-0.2124999999999999,0.2375,0.0
-16511.449999999997,465519.6625,-42681.5625,434432.175,-7542.174999999988,13344.75,604286.6875,-5374.8125,508563.525,43948.95000000001,0.6375000000000002,0.8,-0.42499999999999716,0.4375,-0.34999999999999964,0.38749999999998863,0.1625,0.11249999999999982,0.5750000000000002,-0.2124999999999999,0.2375,0.0
-16354.449999999997,466841.6625,-42634.5625,434432.175,-7741.174999999988,13515.75,603673.6875,-5435.8125,508038.525,43655.95000000001,0.6375000000000002,0.8,-0.42499999999999716,1.4375,-1.3499999999999996,0.38749999999998863,0.1625,0.11249999999999982,-0.4249999999999998,-0.2124999999999999,0.2375,0.0
-16413.449999999997,467869.6625,-42671.5625,434705.175,-7592.174999999988,13477.75,604355.6875,-5364.8125,507944.525,43632.95000000001,-0.3624999999999998,0.8,-1.4249999999999972,0.4375,-0.34999999999999964,0.38749999999998863,-0.8375,1.1124999999999998,0.5750000000000002,-0.2124999999999999,0.2375,0.0
-16701.449999999997,468371.6625,-42616.5625,434841.175,-7141.174999999988,13321.75,604600.6875,-5539.8125,507724.525,43719.95000000001,0.6375000000000002,-0.19999999999999996,1.5750000000000028,1.4375,-0.34999999999999964,0.38749999999998863,0.1625,-0.8875000000000002,-0.4249999999999998,-0.2124999999999999,0.2375,0.0
-16730.449999999997,468508.6625,-42623.5625,434773.175,-7141.174999999988,13391.75,604563.6875,-5577.8125,507542.525,43481.95000000001,0.6375000000000002,-0.19999999999999996,1.5750000000000028,0.4375,-0.34999999999999964,0.38749999999998863,0.1625,0.11249999999999982,0.5750000000000002,0.7875000000000001,0.2375,-1.0
-16586.449999999997,467699.6625,-42776.5625,434982.175,-7908.174999999988,13286.75,603995.6875,-5532.8125,507841.525,43488.95000000001,0.6375000000000002,-0.19999999999999996,1.5750000000000028,0.4375,-0.34999999999999964,0.38749999999998863,-0.8375,-0.8875000000000002,0.5750000000000002,-0.2124999999999999,0.2375,0.0
-16618.449999999997,467064.6625,-42608.5625,434819.175,-8008.174999999988,13469.75,604403.6875,-5577.8125,508437.525,43918.95000000001,0.6375000000000002,0.8,0.5750000000000028,1.4375,-0.34999999999999964,-0.6125000000000114,0.1625,0.11249999999999982,-0.4249999999999998,0.7875000000000001,0.2375,0.0
-17157.449999999997,466024.6625,-42806.5625,434998.175,-7462.174999999988,13200.75,603844.6875,-5579.8125,508984.525,43976.95000000001,-0.3624999999999998,0.8,0.5750000000000028,1.4375,-0.34999999999999964,0.38749999999998863,-0.8375,0.11249999999999982,-0.4249999999999998,-0.2124999999999999,0.2375,-1.0
-18507.449999999997,465275.6625,-42727.5625,436160.175,-7660.174999999988,12726.75,602658.6875,-5377.8125,510185.525,44188.95000000001,-0.3624999999999998,0.8,0.5750000000000028,1.4375,-0.34999999999999964,-0.6125000000000114,0.1625,0.11249999999999982,0.5750000000000002,-0.2124999999999999,0.2375,0.0
-18868.449999999997,464943.6625,-42786.5625,437027.175,-7710.174999999988,12710.75,602125.6875,-5289.8125,510204.525,43934.95000000001,0.6375000000000002,-0.19999999999999996,-0.42499999999999716,1.4375,-0.34999999999999964,0.38749999999998863,0.1625,0.11249999999999982,0.5750000000000002,-0.2124999999999999,0.2375,1.0
-18901.449999999997,464125.6625,-42870.5625,436687.175,-7950.174999999988,12672.75,602219.6875,-5533.8125,509897.525,44047.95000000001,0.6375000000000002,-0.19999999999999996,0.5750000000000028,1.4375,-0.34999999999999964,-0.6125000000000114,0.1625,0.11249999999999982,0.5750000000000002,0.7875000000000001,-0.7625,-1.0
-18687.449999999997,464068.6625,-42797.5625,435888.175,-7633.174999999988,12862.75,602244.6875,-5421.8125,509892.525,44017.95000000001,0.6375000000000002,-0.19999999999999996,0.5750000000000028,1.4375,-0.34999999999999964,0.38749999999998863,0.1625,-0.8875000000000002,-0.4249999999999998,-0.2124999999999999,0.2375,0.0
-17892.449999999997,464028.6625,-42885.5625,435132.175,-7829.174999999988,12902.75,602330.6875,-5370.8125,510002.525,44165.95000000001,0.6375000000000002,-0.19999999999999996,-0.42499999999999716,1.4375,-0.34999999999999964,-0.6125000000000114,0.1625,0.11249999999999982,0.5750000000000002,-0.2124999999999999,0.2375,0.0
-16558.449999999997,464550.6625,-42919.5625,433890.175,-7179.174999999988,13167.75,604451.6875,-5355.8125,510238.525,44463.95000000001,-0.3624999999999998,-0.19999999999999996,-0.42499999999999716,0.4375,-1.3499999999999996,-0.6125000000000114,0.1625,0.11249999999999982,0.5750000000000002,-0.2124999999999999,0.2375,-1.0
-16190.449999999997,464891.6625,-42956.5625,433554.175,-7083.174999999988,13167.75,605084.6875,-5413.8125,509653.525,44664.95000000001,0.6375000000000002,-0.19999999999999996,0.5750000000000028,0.4375,-0.34999999999999964,0.38749999999998863,0.1625,-0.8875000000000002,-0.4249999999999998,-0.2124999999999999,0.2375,0.0
-16069.449999999997,465634.6625,-42840.5625,433394.175,-7295.174999999988,13065.75,605179.6875,-5478.8125,509036.525,44577.95000000001,-0.3624999999999998,0.8,-0.42499999999999716,0.4375,-0.34999999999999964,-0.6125000000000114,0.1625,0.11249999999999982,-0.4249999999999998,-0.2124999999999999,0.2375,-1.0
-16165.449999999997,465842.6625,-42776.5625,433297.175,-7611.174999999988,13148.75,604492.6875,-5311.8125,508529.525,44096.95000000001,-0.3624999999999998,-0.19999999999999996,0.5750000000000028,1.4375,-0.34999999999999964,-0.6125000000000114,-0.8375,0.11249999999999982,-0.4249999999999998,-0.2124999999999999,0.2375,0.0
-16235.449999999997,466103.6625,-42806.5625,433431.175,-7508.174999999988,13469.75,603829.6875,-5481.8125,508255.525,44032.95000000001,-0.3624999999999998,-0.19999999999999996,0.5750000000000028,1.4375,-0.34999999999999964,-0.6125000000000114,0.1625,0.11249999999999982,0.5750000000000002,-0.2124999999999999,-0.7625,1.0
